{"type":"FeatureCollection","features":[{"type":"Feature","geometry":{"type":"Point","coordinates":[10.5865464,52.9668111]},"properties":{"maxheight":"5.78"}},{"type":"Feature","geometry":{"type":"Point","coordinates":[10.5298476,52.2923567]},"properties":{"maxwidth":"0.5"}},{"type":"Feature","geometry":{"type":"Point","coordinates":[10.521684,52.2443753]},"properties":{"maxheight":"2.15"}},{"type":"Feature","geometry":{"type":"Point","coordinates":[10.6877284,52.4253957]},"properties":{"maxheight":"4.42"}},{"type":"Feature","geometry":{"type":"Point","coordinates":[10.6121357,52.4000032]},"properties":{"maxheight":"5.75"}},{"type":"Feature","geometry":{"type":"Point","coordinates":[10.5882371,52.3840388]},"properties":{"maxheight":"7.3"}},{"type":"Feature","geometry":{"type":"Point","coordinates":[10.6576541,52.527612]},"properties":{"maxheight":"5.82"}},{"type":"Feature","geometry":{"type":"Point","coordinates":[10.6672603,52.7442139]},"properties":{"maxheight":"5.75"}},{"type":"Feature","geometry":{"type":"Point","coordinates":[10.5235449,52.2707092]},"properties":{"maxheight":"default"}},{"type":"Feature","geometry":{"type":"Point","coordinates":[10.5387728,52.2531677]},"properties":{"maxheight":"default"}},{"type":"Feature","geometry":{"type":"Point","coordinates":[10.5262857,52.2653296]},"properties":{"maxheight":"default"}},{"type":"Feature","geometry":{"type":"Point","coordinates":[10.5415465,52.2545148]},"properties":{"maxheight":"2"}},{"type":"Feature","geometry":{"type":"Point","coordinates":[10.5161711,52.2789159]},"properties":{"maxheight":"4.8"}},{"type":"Feature","geometry":{"type":"Point","coordinates":[10.5161582,52.2788578]},"properties":{"maxheight":"4.8"}},{"type":"Feature","geometry":{"type":"Point","coordinates":[10.8265161,52.2524491]},"properties":{"maxheight":"default"}},{"type":"Feature","geometry":{"type":"Point","coordinates":[10.5877127,52.2613099]},"properties":{"maxheight":"default"}},{"type":"Feature","geometry":{"type":"Point","coordinates":[10.7834584,52.4420665]},"properties":{"hgv":"no"}},{"type":"Feature","geometry":{"type":"Point","coordinates":[10.4988786,52.277188]},"properties":{"maxwidth":"1.4"}},{"type":"Feature","geometry":{"type":"Point","coordinates":[10.6068069,52.2651402]},"properties":{"maxheight":"default"}},{"type":"Feature","geometry":{"type":"Point","coordinates":[10.5485763,52.3538716]},"properties":{"maxheight":"15.22"}},{"type":"Feature","geometry":{"type":"Point","coordinates":[10.2298443,52.3046277]},"properties":{"maxheight":"5.75"}},{"type":"Feature","geometry":{"type":"Point","coordinates":[10.3033135,52.3089608]},"properties":{"maxheight":"5.75"}},{"type":"Feature","geometry":{"type":"Point","coordinates":[10.4379876,52.3102652]},"properties":{"maxheight":"5.75"}},{"type":"Feature","geometry":{"type":"Point","coordinates":[10.7980021,52.4364587]},"properties":{"maxheight":"2.2"}},{"type":"Feature","geometry":{"type":"Point","coordinates":[10.7975205,52.4370922]},"properties":{"maxheight":"2.1","maxweight":"2.5"}},{"type":"Feature","geometry":{"type":"Point","coordinates":[10.7971191,52.4374316]},"properties":{"maxheight":"2.1","maxweight":"2.5"}},{"type":"Feature","geometry":{"type":"Point","coordinates":[10.5152063,52.2611326]},"properties":{"maxheight":"2"}},{"type":"Feature","geometry":{"type":"Point","coordinates":[10.3295136,52.1506705]},"properties":{"maxheight":"2.3"}},{"type":"Feature","geometry":{"type":"Point","coordinates":[10.2272592,52.8750748]},"properties":{"maxheight":"4"}},{"type":"Feature","geometry":{"type":"Point","coordinates":[10.3542067,52.3048803]},"properties":{"maxwidth":"0.75"}},{"type":"Feature","geometry":{"type":"Point","coordinates":[10.4088135,52.2289154]},"properties":{"maxheight":"default"}},{"type":"Feature","geometry":{"type":"Point","coordinates":[10.3182556,52.1963837]},"properties":{"maxheight":"default"}},{"type":"Feature","geometry":{"type":"Point","coordinates":[10.2772057,52.2008038]},"properties":{"maxheight":"default"}},{"type":"Feature","geometry":{"type":"Point","coordinates":[10.2923378,52.3016096]},"properties":{"maxheight":"default"}},{"type":"Feature","geometry":{"type":"Point","coordinates":[10.5218643,52.2448512]},"properties":{"maxheight":"3.8"}},{"type":"Feature","geometry":{"type":"Point","coordinates":[10.518131,52.2661908]},"properties":{"maxheight":"1.9"}},{"type":"Feature","geometry":{"type":"Point","coordinates":[10.5413433,52.1416981]},"properties":{"maxwidth":"2"}},{"type":"Feature","geometry":{"type":"Point","coordinates":[10.6133163,52.9123463]},"properties":{"maxheight":"5.94"}},{"type":"Feature","geometry":{"type":"Point","coordinates":[10.6480909,52.6425881]},"properties":{"maxheight":"5.84"}},{"type":"Feature","geometry":{"type":"Point","coordinates":[10.5679867,52.9970701]},"properties":{"maxheight":"5.94"}},{"type":"Feature","geometry":{"type":"Point","coordinates":[10.6421484,52.8779866]},"properties":{"maxheight":"5.77"}},{"type":"Feature","geometry":{"type":"Point","coordinates":[10.6662224,52.8395181]},"properties":{"maxheight":"6.56"}},{"type":"Feature","geometry":{"type":"Point","coordinates":[10.6732719,52.5722868]},"properties":{"maxheight":"5.74"}},{"type":"Feature","geometry":{"type":"Point","coordinates":[10.7910745,52.4292728]},"properties":{"maxheight":"2"}},{"type":"Feature","geometry":{"type":"Point","coordinates":[10.6679072,52.4776314]},"properties":{"maxheight":"5.69"}},{"type":"Feature","geometry":{"type":"Point","coordinates":[10.791908,52.4271877]},"properties":{"maxheight":"2"}},{"type":"Feature","geometry":{"type":"Point","coordinates":[10.8264182,52.2524811]},"properties":{"maxheight":"below_default"}},{"type":"Feature","geometry":{"type":"Point","coordinates":[10.5050627,52.2734566]},"properties":{"maxheight":"2.1"}},{"type":"Feature","geometry":{"type":"Point","coordinates":[10.5403615,52.2876999]},"properties":{"maxheight":"1.94"}},{"type":"Feature","geometry":{"type":"Point","coordinates":[10.5288916,52.2631877]},"properties":{"maxheight":"2.1"}},{"type":"Feature","geometry":{"type":"Point","coordinates":[10.5173585,52.2611457]},"properties":{"maxheight":"2.1"}},{"type":"Feature","geometry":{"type":"Point","coordinates":[10.5300574,52.2782666]},"properties":{"maxwidth":"1"}},{"type":"Feature","geometry":{"type":"Point","coordinates":[10.5300651,52.2782085]},"properties":{"maxwidth":"1"}},{"type":"Feature","geometry":{"type":"Point","coordinates":[10.587754,52.2612737]},"properties":{"maxheight":"default"}},{"type":"Feature","geometry":{"type":"Point","coordinates":[10.6067975,52.2650983]},"properties":{"maxheight":"default"}},{"type":"Feature","geometry":{"type":"Point","coordinates":[10.7871503,52.4269946]},"properties":{"maxheight":"2"}},{"type":"Feature","geometry":{"type":"Point","coordinates":[10.514391,52.2992387]},"properties":{"maxheight":"2.1"}},{"type":"Feature","geometry":{"type":"Point","coordinates":[10.0551494,52.5971566]},"properties":{"maxheight":"4.1"}},{"type":"Feature","geometry":{"type":"Point","coordinates":[10.5231191,52.274554]},"properties":{"maxheight":"below_default"}},{"type":"Feature","geometry":{"type":"Point","coordinates":[10.5230463,52.2745398]},"properties":{"maxheight":"below_default"}},{"type":"Feature","geometry":{"type":"Point","coordinates":[10.5236644,52.2746741]},"properties":{"maxheight":"1.8"}},{"type":"Feature","geometry":{"type":"Point","coordinates":[10.5204516,52.2658251]},"properties":{"maxheight":"1.9"}},{"type":"Feature","geometry":{"type":"Point","coordinates":[10.7484308,52.3566577]},"properties":{"maxweight":"16"}},{"type":"Feature","geometry":{"type":"Point","coordinates":[10.4511826,52.234308]},"properties":{"maxheight":"default"}},{"type":"Feature","geometry":{"type":"Point","coordinates":[10.0550896,52.5971614]},"properties":{"maxheight":"4.1"}},{"type":"Feature","geometry":{"type":"Point","coordinates":[10.5703011,52.275424]},"properties":{"maxheight":"default"}},{"type":"Feature","geometry":{"type":"Point","coordinates":[10.7841236,52.4179388]},"properties":{"maxheight":"2"}},{"type":"Feature","geometry":{"type":"Point","coordinates":[10.7840728,52.4179501]},"properties":{"maxheight":"2"}},{"type":"Feature","geometry":{"type":"Point","coordinates":[10.7855644,52.4224031]},"properties":{"maxheight":"2.1"}},{"type":"Feature","geometry":{"type":"Point","coordinates":[10.786933,52.4285352]},"properties":{"maxheight":"2"}},{"type":"Feature","geometry":{"type":"Point","coordinates":[10.7831702,52.4179066]},"properties":{"maxheight":"2"}},{"type":"Feature","geometry":{"type":"Point","coordinates":[10.7836636,52.4179751]},"properties":{"maxheight":"2"}},{"type":"Feature","geometry":{"type":"Point","coordinates":[10.7836754,52.4179263]},"properties":{"maxheight":"2"}},{"type":"Feature","geometry":{"type":"Point","coordinates":[10.7831542,52.4179367]},"properties":{"maxheight":"2"}},{"type":"Feature","geometry":{"type":"Point","coordinates":[10.7416048,52.3973152]},"properties":{"maxheight":"1.9"}},{"type":"Feature","geometry":{"type":"Point","coordinates":[10.7420545,52.3972679]},"properties":{"maxweight":"1.5"}},{"type":"Feature","geometry":{"type":"Point","coordinates":[10.5360043,52.164816]},"properties":{"maxheight":"2"}},{"type":"Feature","geometry":{"type":"Point","coordinates":[10.5310584,52.1592915]},"properties":{"maxheight":"2"}},{"type":"Feature","geometry":{"type":"Point","coordinates":[10.5281784,52.2623933]},"properties":{"maxheight":"1.85"}},{"type":"Feature","geometry":{"type":"Point","coordinates":[10.4724693,52.313199]},"properties":{"maxheight":"5.75"}},{"type":"Feature","geometry":{"type":"Point","coordinates":[10.3870318,52.214343]},"properties":{"maxheight":"default"}},{"type":"Feature","geometry":{"type":"Point","coordinates":[10.3182104,52.1964189]},"properties":{"maxheight":"default"}},{"type":"Feature","geometry":{"type":"Point","coordinates":[10.480018,52.2485209]},"properties":{"maxheight":"1.95"}},{"type":"Feature","geometry":{"type":"Point","coordinates":[10.6760591,52.498575]},"properties":{"maxheight":"5.75"}},{"type":"Feature","geometry":{"type":"Point","coordinates":[10.7967927,52.4277793]},"properties":{"maxheight":"4"}},{"type":"Feature","geometry":{"type":"Point","coordinates":[10.8409428,52.2439804]},"properties":{"maxheight":"default"}},{"type":"Feature","geometry":{"type":"Point","coordinates":[10.8409611,52.2440228]},"properties":{"maxheight":"default"}},{"type":"Feature","geometry":{"type":"Point","coordinates":[10.538897,52.2529325]},"properties":{"maxheight":"default"}},{"type":"Feature","geometry":{"type":"Point","coordinates":[10.7704138,52.4137719]},"properties":{"maxheight":"2.1"}},{"type":"Feature","geometry":{"type":"Point","coordinates":[10.783983,52.4177327]},"properties":{"maxheight":"2"}},{"type":"Feature","geometry":{"type":"Point","coordinates":[10.7839356,52.4177475]},"properties":{"maxheight":"2"}},{"type":"Feature","geometry":{"type":"Point","coordinates":[10.7846947,52.42893]},"properties":{"maxheight":"2"}},{"type":"Feature","geometry":{"type":"Point","coordinates":[10.7861702,52.4290231]},"properties":{"maxheight":"2"}},{"type":"Feature","geometry":{"type":"Point","coordinates":[10.7969191,52.4337094]},"properties":{"maxheight":"2.9"}},{"type":"Feature","geometry":{"type":"Point","coordinates":[10.548349,52.4870212]},"properties":{"maxheight":"2"}},{"type":"Feature","geometry":{"type":"Point","coordinates":[10.7958446,52.5968]},"properties":{"maxheight":"4.5"}},{"type":"Feature","geometry":{"type":"Point","coordinates":[10.7958831,52.5968536]},"properties":{"maxheight":"4.5"}},{"type":"Feature","geometry":{"type":"Point","coordinates":[10.7204507,52.4232942]},"properties":{"maxheight":"1.95"}},{"type":"Feature","geometry":{"type":"Point","coordinates":[10.7814614,52.4257734]},"properties":{"maxheight":"2.05"}},{"type":"Feature","geometry":{"type":"Point","coordinates":[10.7437755,52.3982209]},"properties":{"maxheight":"2.1"}},{"type":"Feature","geometry":{"type":"Point","coordinates":[10.5261794,52.2735795]},"properties":{"hgv":"no"}},{"type":"Feature","geometry":{"type":"Point","coordinates":[10.5603175,52.3157516]},"properties":{"maxheight":"3.2"}},{"type":"Feature","geometry":{"type":"Point","coordinates":[10.6087981,52.4169186]},"properties":{"maxheight":"5.84"}},{"type":"Feature","geometry":{"type":"Point","coordinates":[10.6050496,52.4274895]},"properties":{"maxheight":"5.7"}},{"type":"Feature","geometry":{"type":"Point","coordinates":[10.6615196,52.5566378]},"properties":{"maxheight":"5.77"}},{"type":"Feature","geometry":{"type":"Point","coordinates":[10.6486686,52.6417204]},"properties":{"maxheight":"5.81"}},{"type":"Feature","geometry":{"type":"Point","coordinates":[10.651037,52.6707429]},"properties":{"maxheight":"5.78"}},{"type":"Feature","geometry":{"type":"Point","coordinates":[10.6591661,52.7006034]},"properties":{"maxheight":"5.83"}},{"type":"Feature","geometry":{"type":"Point","coordinates":[10.6640304,52.7230259]},"properties":{"maxheight":"5.8"}},{"type":"Feature","geometry":{"type":"Point","coordinates":[10.6643863,52.7271843]},"properties":{"maxheight":"5.7"}},{"type":"Feature","geometry":{"type":"Point","coordinates":[10.6712327,52.7640217]},"properties":{"maxheight":"5.68"}},{"type":"Feature","geometry":{"type":"Point","coordinates":[10.6755951,52.8033443]},"properties":{"maxheight":"5.7"}},{"type":"Feature","geometry":{"type":"Point","coordinates":[10.6735932,52.8099753]},"properties":{"maxheight":"5.81"}},{"type":"Feature","geometry":{"type":"Point","coordinates":[10.672344,52.8146214]},"properties":{"maxheight":"5.88"}},{"type":"Feature","geometry":{"type":"Point","coordinates":[10.6679315,52.8324441]},"properties":{"maxheight":"5.72"}},{"type":"Feature","geometry":{"type":"Point","coordinates":[10.6641523,52.8503665]},"properties":{"maxheight":"8.35"}},{"type":"Feature","geometry":{"type":"Point","coordinates":[10.6611345,52.8636913]},"properties":{"maxheight":"5.8"}},{"type":"Feature","geometry":{"type":"Point","coordinates":[10.6305177,52.8847898]},"properties":{"maxheight":"5.85"}},{"type":"Feature","geometry":{"type":"Point","coordinates":[10.6142752,52.9126245]},"properties":{"maxheight":"6.23"}},{"type":"Feature","geometry":{"type":"Point","coordinates":[10.6112097,52.9172068]},"properties":{"maxheight":"9.35"}},{"type":"Feature","geometry":{"type":"Point","coordinates":[10.6070468,52.92583]},"properties":{"maxheight":"8.75"}},{"type":"Feature","geometry":{"type":"Point","coordinates":[10.5938841,52.9521779]},"properties":{"maxheight":"5.78"}},{"type":"Feature","geometry":{"type":"Point","coordinates":[10.5903584,52.960738]},"properties":{"maxheight":"5.75"}},{"type":"Feature","geometry":{"type":"Point","coordinates":[10.5768552,52.9808522]},"properties":{"maxheight":"6.01"}},{"type":"Feature","geometry":{"type":"Point","coordinates":[10.5702694,52.9904448]},"properties":{"maxheight":"5.91"}},{"type":"Feature","geometry":{"type":"Point","coordinates":[10.7382975,52.4260122]},"properties":{"maxheight":"5.75 m"}},{"type":"Feature","geometry":{"type":"Point","coordinates":[10.7489383,52.426279]},"properties":{"maxheight":"5.75"}},{"type":"Feature","geometry":{"type":"Point","coordinates":[10.7585372,52.4273645]},"properties":{"maxheight":"5.75 m"}},{"type":"Feature","geometry":{"type":"Point","coordinates":[10.7925542,52.4306617]},"properties":{"maxheight":"9.67"}},{"type":"Feature","geometry":{"type":"Point","coordinates":[10.8129321,52.430886]},"properties":{"maxheight":"6.44"}},{"type":"Feature","geometry":{"type":"Point","coordinates":[10.7992989,52.431014]},"properties":{"maxheight":"10.14"}},{"type":"Feature","geometry":{"type":"Point","coordinates":[10.8467002,52.4351402]},"properties":{"maxheight":"5.91"}},{"type":"Feature","geometry":{"type":"Point","coordinates":[10.8773444,52.4571087]},"properties":{"maxheight":"5.82"}},{"type":"Feature","geometry":{"type":"Point","coordinates":[10.8893337,52.4668519]},"properties":{"maxheight":"5.84"}},{"type":"Feature","geometry":{"type":"Point","coordinates":[10.9106779,52.4791369]},"properties":{"maxheight":"6.05"}},{"type":"Feature","geometry":{"type":"Point","coordinates":[10.2330534,52.3047415]},"properties":{"maxheight":"5.75"}},{"type":"Feature","geometry":{"type":"Point","coordinates":[10.2398487,52.3051285]},"properties":{"maxheight":"5.75"}},{"type":"Feature","geometry":{"type":"Point","coordinates":[10.2537921,52.3059525]},"properties":{"maxheight":"5.75"}},{"type":"Feature","geometry":{"type":"Point","coordinates":[10.3538072,52.3061399]},"properties":{"maxheight":"5.75"}},{"type":"Feature","geometry":{"type":"Point","coordinates":[10.3297986,52.3070714]},"properties":{"maxheight":"5.75"}},{"type":"Feature","geometry":{"type":"Point","coordinates":[10.2766357,52.3073774]},"properties":{"maxheight":"7.35"}},{"type":"Feature","geometry":{"type":"Point","coordinates":[10.2136319,52.3074218]},"properties":{"maxheight":"5.75"}},{"type":"Feature","geometry":{"type":"Point","coordinates":[10.3809797,52.3075204]},"properties":{"maxheight":"5.75"}},{"type":"Feature","geometry":{"type":"Point","coordinates":[10.2813409,52.3076606]},"properties":{"maxheight":"6.94"}},{"type":"Feature","geometry":{"type":"Point","coordinates":[10.2929885,52.3083298]},"properties":{"maxheight":"6.82"}},{"type":"Feature","geometry":{"type":"Point","coordinates":[10.3151784,52.3084391]},"properties":{"maxheight":"5.75"}},{"type":"Feature","geometry":{"type":"Point","coordinates":[10.4052293,52.3086813]},"properties":{"maxheight":"5.75"}},{"type":"Feature","geometry":{"type":"Point","coordinates":[10.4255297,52.3096643]},"properties":{"maxheight":"5.75"}},{"type":"Feature","geometry":{"type":"Point","coordinates":[10.0936509,52.3107464]},"properties":{"maxheight":"5.75"}},{"type":"Feature","geometry":{"type":"Point","coordinates":[10.0592804,52.3108195]},"properties":{"maxheight":"5.75"}},{"type":"Feature","geometry":{"type":"Point","coordinates":[10.1136835,52.3112087]},"properties":{"maxheight":"5.75"}},{"type":"Feature","geometry":{"type":"Point","coordinates":[10.4585183,52.3113388]},"properties":{"maxheight":"5.75"}},{"type":"Feature","geometry":{"type":"Point","coordinates":[10.1458675,52.3134236]},"properties":{"maxheight":"5.75"}},{"type":"Feature","geometry":{"type":"Point","coordinates":[10.1923006,52.313805]},"properties":{"maxheight":"5.75"}},{"type":"Feature","geometry":{"type":"Point","coordinates":[10.1517119,52.315371]},"properties":{"maxheight":"5.75"}},{"type":"Feature","geometry":{"type":"Point","coordinates":[10.1769088,52.3167599]},"properties":{"maxheight":"5.75"}},{"type":"Feature","geometry":{"type":"Point","coordinates":[10.1697918,52.3176227]},"properties":{"maxheight":"5.75"}},{"type":"Feature","geometry":{"type":"Point","coordinates":[10.4844532,52.3176742]},"properties":{"maxheight":"5.75"}},{"type":"Feature","geometry":{"type":"Point","coordinates":[10.4905353,52.3208469]},"properties":{"maxheight":"5.75"}},{"type":"Feature","geometry":{"type":"Point","coordinates":[10.4951519,52.323368]},"properties":{"maxheight":"5.75"}},{"type":"Feature","geometry":{"type":"Point","coordinates":[10.5110904,52.3319688]},"properties":{"maxheight":"5.75"}},{"type":"Feature","geometry":{"type":"Point","coordinates":[10.5165078,52.334895]},"properties":{"maxheight":"5.75"}},{"type":"Feature","geometry":{"type":"Point","coordinates":[10.5236745,52.338762]},"properties":{"maxheight":"5.75"}},{"type":"Feature","geometry":{"type":"Point","coordinates":[10.5248881,52.3394162]},"properties":{"maxheight":"8"}},{"type":"Feature","geometry":{"type":"Point","coordinates":[10.5378774,52.3464009]},"properties":{"maxheight":"5.75"}},{"type":"Feature","geometry":{"type":"Point","coordinates":[10.5537836,52.358466]},"properties":{"maxheight":"14.58"}},{"type":"Feature","geometry":{"type":"Point","coordinates":[10.5584635,52.3624945]},"properties":{"maxheight":"5.75 m"}},{"type":"Feature","geometry":{"type":"Point","coordinates":[10.5655643,52.3687153]},"properties":{"maxheight":"18.4"}},{"type":"Feature","geometry":{"type":"Point","coordinates":[10.5941262,52.3878371]},"properties":{"maxheight":"5.75 m"}},{"type":"Feature","geometry":{"type":"Point","coordinates":[10.625881,52.410577]},"properties":{"maxheight":"5.75 m"}},{"type":"Feature","geometry":{"type":"Point","coordinates":[10.6415374,52.4151849]},"properties":{"maxheight":"5.75 m"}},{"type":"Feature","geometry":{"type":"Point","coordinates":[10.6672637,52.4220284]},"properties":{"maxheight":"5.75"}},{"type":"Feature","geometry":{"type":"Point","coordinates":[10.6650706,52.4222958]},"properties":{"maxheight":"5.75"}},{"type":"Feature","geometry":{"type":"Point","coordinates":[10.7161147,52.4258338]},"properties":{"maxheight":"5.75"}},{"type":"Feature","geometry":{"type":"Point","coordinates":[10.7335482,52.4259634]},"properties":{"maxheight":"5.75"}},{"type":"Feature","geometry":{"type":"Point","coordinates":[10.7323056,52.4259642]},"properties":{"maxheight":"5.75"}},{"type":"Feature","geometry":{"type":"Point","coordinates":[10.0060107,52.3080955]},"properties":{"maxheight":"5.75"}},{"type":"Feature","geometry":{"type":"Point","coordinates":[10.0226543,52.3092093]},"properties":{"maxheight":"5.75"}},{"type":"Feature","geometry":{"type":"Point","coordinates":[10.0342018,52.3099724]},"properties":{"maxheight":"5.75"}},{"type":"Feature","geometry":{"type":"Point","coordinates":[10.0486543,52.3108756]},"properties":{"maxheight":"5.75"}},{"type":"Feature","geometry":{"type":"Point","coordinates":[10.277203,52.2008417]},"properties":{"maxheight":"default"}},{"type":"Feature","geometry":{"type":"Point","coordinates":[10.689508,52.2699151]},"properties":{"maxweight":"7.5"}},{"type":"Feature","geometry":{"type":"Point","coordinates":[10.7371743,52.4025794]},"properties":{"maxheight":"2"}},{"type":"Feature","geometry":{"type":"Point","coordinates":[10.6664049,52.4217728]},"properties":{"maxheight":"6.45"}},{"type":"Feature","geometry":{"type":"Point","coordinates":[10.6642378,52.4220478]},"properties":{"maxheight":"4.54","maxwidth":"12"}},{"type":"Feature","geometry":{"type":"Point","coordinates":[10.7929957,52.4428469]},"properties":{"maxheight":"2.5"}},{"type":"Feature","geometry":{"type":"Point","coordinates":[10.566063,52.3691606]},"properties":{"maxheight":"13.3"}},{"type":"Feature","geometry":{"type":"Point","coordinates":[10.0630451,52.6227303]},"properties":{"maxheight":"4.4"}},{"type":"Feature","geometry":{"type":"Point","coordinates":[10.0453854,52.6231178]},"properties":{"maxheight":"4.5"}},{"type":"Feature","geometry":{"type":"Point","coordinates":[10.7388787,52.3999117]},"properties":{"maxweight":"1.5"}},{"type":"Feature","geometry":{"type":"Point","coordinates":[10.1636559,52.4326505]},"properties":{"hgv":"no"}},{"type":"Feature","geometry":{"type":"Point","coordinates":[10.5387351,52.253142]},"properties":{"maxheight":"default"}},{"type":"Feature","geometry":{"type":"Point","coordinates":[10.5386772,52.2532023]},"properties":{"maxheight":"default"}},{"type":"Feature","geometry":{"type":"Point","coordinates":[10.5387309,52.2532087]},"properties":{"maxheight":"default"}},{"type":"Feature","geometry":{"type":"Point","coordinates":[10.5428084,52.4539806]},"properties":{"maxheight":"2.1"}},{"type":"Feature","geometry":{"type":"Point","coordinates":[10.7829228,52.4166685]},"properties":{"hgv":"no"}},{"type":"Feature","geometry":{"type":"Point","coordinates":[10.5217922,52.245169]},"properties":{"maxheight":"3.8"}},{"type":"Feature","geometry":{"type":"Point","coordinates":[10.1228816,52.9149571]},"properties":{"maxwidth":"3"}},{"type":"Feature","geometry":{"type":"Point","coordinates":[10.2768583,52.6561304]},"properties":{"maxwidth":"5"}},{"type":"Feature","geometry":{"type":"Point","coordinates":[10.7621001,52.3781705]},"properties":{"maxwidth":"0.8"}},{"type":"Feature","geometry":{"type":"Point","coordinates":[10.5460623,52.4971644]},"properties":{"maxwidth":"3"}},{"type":"Feature","geometry":{"type":"Point","coordinates":[10.6241618,52.5056107]},"properties":{"maxwidth":"0.8"}},{"type":"Feature","geometry":{"type":"Point","coordinates":[10.8264785,52.2525012]},"properties":{"maxheight":"default"}},{"type":"Feature","geometry":{"type":"Point","coordinates":[10.8265731,52.2524692]},"properties":{"maxheight":"default"}},{"type":"Feature","geometry":{"type":"Point","coordinates":[10.5363825,52.1417371]},"properties":{"maxwidth":"1.5"}},{"type":"Feature","geometry":{"type":"Point","coordinates":[10.7552488,52.4542116]},"properties":{"maxheight":"2.1"}},{"type":"Feature","geometry":{"type":"Point","coordinates":[10.4798332,52.252943]},"properties":{"maxheight":"1.95"}},{"type":"Feature","geometry":{"type":"Point","coordinates":[10.6559023,52.6858679]},"properties":{"maxwidth":"3"}},{"type":"Feature","geometry":{"type":"Point","coordinates":[10.6155252,52.9107616]},"properties":{"maxwidth":"1.2"}},{"type":"Feature","geometry":{"type":"Point","coordinates":[10.615677,52.9107866]},"properties":{"maxwidth":"1.2"}},{"type":"Feature","geometry":{"type":"Point","coordinates":[10.7290781,52.5012437]},"properties":{"maxwidth":"1"}},{"type":"Feature","geometry":{"type":"Point","coordinates":[10.7350282,52.445955]},"properties":{"maxwidth":"1"}},{"type":"Feature","geometry":{"type":"Point","coordinates":[10.6545424,52.5178368]},"properties":{"maxwidth":"1.2"}},{"type":"Feature","geometry":{"type":"Point","coordinates":[10.6131673,52.9103305]},"properties":{"maxwidth":"3"}},{"type":"Feature","geometry":{"type":"Point","coordinates":[10.5149046,52.2611676]},"properties":{"maxheight":"2"}},{"type":"Feature","geometry":{"type":"Point","coordinates":[10.5150479,52.26134]},"properties":{"maxheight":"2"}},{"type":"Feature","geometry":{"type":"Point","coordinates":[10.5146869,52.2614355]},"properties":{"maxheight":"3.5"}},{"type":"Feature","geometry":{"type":"Point","coordinates":[10.5214401,52.259828]},"properties":{"maxheight":"2"}},{"type":"Feature","geometry":{"type":"Point","coordinates":[10.5213485,52.2598547]},"properties":{"maxheight":"2"}},{"type":"Feature","geometry":{"type":"Point","coordinates":[10.5279439,52.2665342]},"properties":{"maxheight":"1.98"}},{"type":"Feature","geometry":{"type":"Point","coordinates":[10.5278917,52.2666398]},"properties":{"maxheight":"1.98"}},{"type":"Feature","geometry":{"type":"Point","coordinates":[10.6193133,52.4595671]},"properties":{"maxwidth":"1"}},{"type":"Feature","geometry":{"type":"Point","coordinates":[10.5402324,52.2634588]},"properties":{"maxheight":"2"}},{"type":"Feature","geometry":{"type":"Point","coordinates":[10.5170404,52.5176627]},"properties":{"maxwidth":"1.2"}},{"type":"Feature","geometry":{"type":"Point","coordinates":[10.409662,52.8423494]},"properties":{"maxheight":"2"}},{"type":"Feature","geometry":{"type":"Point","coordinates":[10.7878931,52.4284152]},"properties":{"maxheight":"2"}},{"type":"Feature","geometry":{"type":"Point","coordinates":[10.5262345,52.2653224]},"properties":{"maxheight":"default"}},{"type":"Feature","geometry":{"type":"Point","coordinates":[10.7493381,52.4218168]},"properties":{"hgv":"no"}},{"type":"Feature","geometry":{"type":"Point","coordinates":[10.5364703,52.2542909]},"properties":{"maxheight":"2"}},{"type":"Feature","geometry":{"type":"Point","coordinates":[10.5347623,52.2547825]},"properties":{"maxheight":"2"}},{"type":"Feature","geometry":{"type":"Point","coordinates":[10.5347133,52.2548153]},"properties":{"maxheight":"2"}},{"type":"Feature","geometry":{"type":"Point","coordinates":[10.5356686,52.2529361]},"properties":{"maxheight":"2.7"}},{"type":"Feature","geometry":{"type":"Point","coordinates":[10.5277052,52.2648707]},"properties":{"maxheight":"1.95"}},{"type":"Feature","geometry":{"type":"Point","coordinates":[10.5234752,52.2706938]},"properties":{"maxheight":"default"}},{"type":"Feature","geometry":{"type":"Point","coordinates":[10.5245885,52.2736348]},"properties":{"maxheight":"default"}},{"type":"Feature","geometry":{"type":"Point","coordinates":[10.7860046,52.4276187]},"properties":{"maxheight":"2"}},{"type":"Feature","geometry":{"type":"Point","coordinates":[10.5320089,52.2564284]},"properties":{"maxheight":"below_default"}},{"type":"Feature","geometry":{"type":"Point","coordinates":[10.5493091,52.2561205]},"properties":{"maxheight":"default"}},{"type":"Feature","geometry":{"type":"Point","coordinates":[10.5149405,52.2650905]},"properties":{"maxheight":"below_default"}},{"type":"Feature","geometry":{"type":"Point","coordinates":[10.8501819,52.4349373]},"properties":{"hgv":"destination"}},{"type":"Feature","geometry":{"type":"Point","coordinates":[10.8603319,52.4334682]},"properties":{"hgv":"destination"}},{"type":"Feature","geometry":{"type":"Point","coordinates":[10.7221021,52.2650317]},"properties":{"maxwidth":"1"}},{"type":"Feature","geometry":{"type":"Point","coordinates":[10.9050493,52.4364407]},"properties":{"maxweight":"7.5"}},{"type":"Feature","geometry":{"type":"Point","coordinates":[10.6723081,52.8631868]},"properties":{"maxwidth":"1"}},{"type":"Feature","geometry":{"type":"Point","coordinates":[10.6724042,52.8631994]},"properties":{"maxwidth":"1"}},{"type":"Feature","geometry":{"type":"Point","coordinates":[10.545753,52.2576509]},"properties":{"maxheight":"default"}},{"type":"Feature","geometry":{"type":"Point","coordinates":[10.4064369,52.686552]},"properties":{"maxwidth":"3.5"}},{"type":"Feature","geometry":{"type":"Point","coordinates":[10.70976,52.3571604]},"properties":{"maxwidth":"1"}},{"type":"Feature","geometry":{"type":"Point","coordinates":[10.867381,52.194834]},"properties":{"hgv":"agricultural"}},{"type":"Feature","geometry":{"type":"Point","coordinates":[10.5551958,52.1522649]},"properties":{"hgv":"destination"}},{"type":"Feature","geometry":{"type":"Point","coordinates":[10.5236014,52.2746715]},"properties":{"maxheight":"1.8"}},{"type":"Feature","geometry":{"type":"Point","coordinates":[10.5287761,52.2745673]},"properties":{"hgv":"no"}},{"type":"Feature","geometry":{"type":"Point","coordinates":[10.7495863,52.4286227]},"properties":{"maxweight":"25"}},{"type":"Feature","geometry":{"type":"Point","coordinates":[10.4727216,52.4279915]},"properties":{"maxwidth":"1.2"}},{"type":"Feature","geometry":{"type":"Point","coordinates":[10.5872867,52.5254654]},"properties":{"hgv":"no"}},{"type":"Feature","geometry":{"type":"Point","coordinates":[10.5769359,52.3405932]},"properties":{"hgv":"destination"}},{"type":"Feature","geometry":{"type":"Point","coordinates":[10.3295441,52.1507461]},"properties":{"maxheight":"2.3"}},{"type":"Feature","geometry":{"type":"Point","coordinates":[10.5502341,52.2556677]},"properties":{"maxheight":"default"}},{"type":"Feature","geometry":{"type":"Point","coordinates":[10.5502754,52.2557117]},"properties":{"maxheight":"default"}},{"type":"Feature","geometry":{"type":"Point","coordinates":[10.5496731,52.2558946]},"properties":{"maxheight":"default"}},{"type":"Feature","geometry":{"type":"Point","coordinates":[10.5492673,52.2560828]},"properties":{"maxheight":"default"}},{"type":"Feature","geometry":{"type":"Point","coordinates":[10.5246361,52.2735761]},"properties":{"maxheight":"default"}},{"type":"Feature","geometry":{"type":"Point","coordinates":[10.5246059,52.2735394]},"properties":{"maxheight":"default"}},{"type":"Feature","geometry":{"type":"Point","coordinates":[10.5388033,52.2529315]},"properties":{"maxheight":"default"}},{"type":"Feature","geometry":{"type":"Point","coordinates":[10.5307085,52.29908]},"properties":{"maxwidth":"1"}},{"type":"Feature","geometry":{"type":"Point","coordinates":[10.5568093,52.2551174]},"properties":{"maxheight":"default"}},{"type":"Feature","geometry":{"type":"Point","coordinates":[10.5568024,52.2550849]},"properties":{"maxheight":"default"}},{"type":"Feature","geometry":{"type":"Point","coordinates":[10.4891136,52.1949051]},"properties":{"maxwidth":"0.5"}},{"type":"Feature","geometry":{"type":"Point","coordinates":[10.5168343,52.1398077]},"properties":{"maxweight":"7.5"}},{"type":"Feature","geometry":{"type":"Point","coordinates":[10.6455455,52.5240639]},"properties":{"maxwidth":"3"}},{"type":"Feature","geometry":{"type":"Point","coordinates":[10.5046088,52.2073482]},"properties":{"maxheight":"1","maxwidth":"1"}},{"type":"Feature","geometry":{"type":"Point","coordinates":[10.5394048,52.2750446]},"properties":{"maxheight":"2"}},{"type":"Feature","geometry":{"type":"Point","coordinates":[10.5459071,52.2575296]},"properties":{"maxheight":"default"}},{"type":"Feature","geometry":{"type":"Point","coordinates":[10.5453474,52.2579889]},"properties":{"maxheight":"default"}},{"type":"Feature","geometry":{"type":"Point","coordinates":[10.5451746,52.2581375]},"properties":{"maxheight":"default"}},{"type":"Feature","geometry":{"type":"Point","coordinates":[10.5449381,52.2583399]},"properties":{"maxheight":"default"}},{"type":"Feature","geometry":{"type":"Point","coordinates":[10.6518245,52.2491801]},"properties":{"hgv":"no"}},{"type":"Feature","geometry":{"type":"Point","coordinates":[10.5233809,52.2777323]},"properties":{"maxheight":"2.1"}},{"type":"Feature","geometry":{"type":"Point","coordinates":[10.7917741,52.4428541]},"properties":{"maxheight":"2.5"}},{"type":"Feature","geometry":{"type":"Point","coordinates":[10.4576003,52.2952601]},"properties":{"hgv":"no"}},{"type":"Feature","geometry":{"type":"Point","coordinates":[10.8444483,52.3061959]},"properties":{"maxheight":"3.40"}},{"type":"Feature","geometry":{"type":"Point","coordinates":[10.5390671,52.225307]},"properties":{"maxheight":"below_default"}},{"type":"Feature","geometry":{"type":"Point","coordinates":[10.5748769,52.2672682]},"properties":{"maxheight":"2"}},{"type":"Feature","geometry":{"type":"Point","coordinates":[10.5395162,52.2754157]},"properties":{"maxheight":"below_default"}},{"type":"Feature","geometry":{"type":"Point","coordinates":[10.5397222,52.274499]},"properties":{"maxheight":"below_default"}},{"type":"Feature","geometry":{"type":"Point","coordinates":[10.5391047,52.2743684]},"properties":{"maxheight":"below_default"}},{"type":"Feature","geometry":{"type":"Point","coordinates":[10.120455,52.5927449]},"properties":{"maxwidth":"2.5"}},{"type":"Feature","geometry":{"type":"Point","coordinates":[10.5460201,52.2574647]},"properties":{"maxheight":"default"}},{"type":"Feature","geometry":{"type":"Point","coordinates":[10.5239105,52.2739738]},"properties":{"maxheight":"default"}},{"type":"Feature","geometry":{"type":"Point","coordinates":[10.5027252,52.4584957]},"properties":{"maxwidth":"0.6"}},{"type":"Feature","geometry":{"type":"Point","coordinates":[10.1283682,52.311342]},"properties":{"maxheight":"2","maxwidth":"2"}},{"type":"Feature","geometry":{"type":"Point","coordinates":[10.0210765,52.2683812]},"properties":{"maxwidth":"1.5"}},{"type":"Feature","geometry":{"type":"Point","coordinates":[10.5332534,52.2428304]},"properties":{"maxheight":"2.6"}},{"type":"Feature","geometry":{"type":"Point","coordinates":[10.519734,52.498327]},"properties":{"maxwidth":"5.9"}},{"type":"Feature","geometry":{"type":"Point","coordinates":[10.5506855,52.2783252]},"properties":{"maxheight":"2"}},{"type":"Feature","geometry":{"type":"Point","coordinates":[10.5545083,52.2552049]},"properties":{"maxheight":"default"}},{"type":"Feature","geometry":{"type":"Point","coordinates":[10.5545111,52.2552333]},"properties":{"maxheight":"default"}},{"type":"Feature","geometry":{"type":"Point","coordinates":[10.5539191,52.2552374]},"properties":{"maxheight":"default"}},{"type":"Feature","geometry":{"type":"Point","coordinates":[10.5539235,52.2552672]},"properties":{"maxheight":"default"}},{"type":"Feature","geometry":{"type":"Point","coordinates":[10.0659805,52.0954612]},"properties":{"maxweight":"12 t"}},{"type":"Feature","geometry":{"type":"Point","coordinates":[10.0659056,52.0956489]},"properties":{"maxweight":"12 t"}},{"type":"Feature","geometry":{"type":"Point","coordinates":[10.6557995,52.6854029]},"properties":{"maxwidth":"3"}},{"type":"Feature","geometry":{"type":"Point","coordinates":[10.5164089,52.29554]},"properties":{"hgv":"no","maxheight":"2.1","maxweight":"2.5"}},{"type":"Feature","geometry":{"type":"Point","coordinates":[10.7196181,52.4162355]},"properties":{"hgv":"no"}},{"type":"Feature","geometry":{"type":"Point","coordinates":[10.8105898,52.4346819]},"properties":{"maxheight":"2"}},{"type":"Feature","geometry":{"type":"Point","coordinates":[10.5396772,52.2761276]},"properties":{"maxheight":"below_default"}},{"type":"Feature","geometry":{"type":"Point","coordinates":[10.5401976,52.2755645]},"properties":{"maxheight":"2"}},{"type":"Feature","geometry":{"type":"Point","coordinates":[10.5236573,52.4141762]},"properties":{"maxwidth":"1"}},{"type":"Feature","geometry":{"type":"Point","coordinates":[10.5235809,52.4141871]},"properties":{"maxwidth":"1"}},{"type":"Feature","geometry":{"type":"Point","coordinates":[10.521848,52.4101095]},"properties":{"maxwidth":"1"}},{"type":"Feature","geometry":{"type":"Point","coordinates":[10.5217379,52.4101296]},"properties":{"maxwidth":"1"}},{"type":"Feature","geometry":{"type":"Point","coordinates":[10.5723155,52.2493128]},"properties":{"hgv":"no"}},{"type":"Feature","geometry":{"type":"Point","coordinates":[10.5158482,52.4997574]},"properties":{"maxwidth":"5.9"}},{"type":"Feature","geometry":{"type":"Point","coordinates":[10.135639,52.0740076]},"properties":{"maxheight":"3"}},{"type":"Feature","geometry":{"type":"Point","coordinates":[10.536808,52.2531801]},"properties":{"maxheight":"2"}},{"type":"Feature","geometry":{"type":"Point","coordinates":[10.5059924,52.2503731]},"properties":{"maxwidth":"1.4"}},{"type":"Feature","geometry":{"type":"Point","coordinates":[10.5407408,52.2749417]},"properties":{"maxheight":"2"}},{"type":"Feature","geometry":{"type":"Point","coordinates":[10.7775232,52.4228291]},"properties":{"maxheight":"2.5"}},{"type":"Feature","geometry":{"type":"Point","coordinates":[10.1307906,52.954896]},"properties":{"maxwidth":"3"}},{"type":"Feature","geometry":{"type":"Point","coordinates":[10.0625861,52.6157392]},"properties":{"maxheight":"2.8 m"}},{"type":"Feature","geometry":{"type":"Point","coordinates":[10.5416259,52.258655]},"properties":{"maxheight":"below_default"}},{"type":"Feature","geometry":{"type":"Point","coordinates":[10.1016323,52.4381432]},"properties":{"maxweight":"6"}},{"type":"Feature","geometry":{"type":"Point","coordinates":[10.080409,52.6240118]},"properties":{"hgv":"no"}},{"type":"Feature","geometry":{"type":"Point","coordinates":[10.5699366,52.2537196]},"properties":{"maxwidth":"1"}},{"type":"Feature","geometry":{"type":"Point","coordinates":[10.7878276,52.4283178]},"properties":{"maxheight":"2"}},{"type":"Feature","geometry":{"type":"Point","coordinates":[10.9618438,52.9380005]},"properties":{"maxheight":"3"}},{"type":"Feature","geometry":{"type":"Point","coordinates":[10.9605166,52.9382321]},"properties":{"maxheight":"3"}},{"type":"Feature","geometry":{"type":"Point","coordinates":[10.5137442,52.2631206]},"properties":{"maxheight":"below_default"}},{"type":"Feature","geometry":{"type":"Point","coordinates":[10.5136522,52.2630678]},"properties":{"maxheight":"below_default"}},{"type":"Feature","geometry":{"type":"Point","coordinates":[10.4767106,52.2511243]},"properties":{"maxwidth":"1.4"}},{"type":"Feature","geometry":{"type":"Point","coordinates":[10.4767047,52.2512505]},"properties":{"maxwidth":"1.4"}},{"type":"Feature","geometry":{"type":"Point","coordinates":[10.5445629,52.270471]},"properties":{"maxheight":"below_default"}},{"type":"Feature","geometry":{"type":"Point","coordinates":[10.5478775,52.2669103]},"properties":{"maxheight":"below_default"}},{"type":"Feature","geometry":{"type":"Point","coordinates":[10.5427799,52.2740182]},"properties":{"maxheight":"2"}},{"type":"Feature","geometry":{"type":"Point","coordinates":[10.1639986,52.4328152]},"properties":{"hgv":"agricultural"}},{"type":"Feature","geometry":{"type":"Point","coordinates":[10.5388132,52.2649816]},"properties":{"maxheight":"2"}},{"type":"Feature","geometry":{"type":"Point","coordinates":[10.1666175,52.4338255]},"properties":{"hgv":"agricultural"}},{"type":"Feature","geometry":{"type":"Point","coordinates":[10.7120382,52.2961082]},"properties":{"maxheight":"2"}},{"type":"Feature","geometry":{"type":"Point","coordinates":[10.4355801,52.9387651]},"properties":{"maxheight":"2"}},{"type":"Feature","geometry":{"type":"Point","coordinates":[10.7471634,52.3680142]},"properties":{"maxwidth":"6"}},{"type":"Feature","geometry":{"type":"Point","coordinates":[10.2518179,52.688703]},"properties":{"hgv":"no"}},{"type":"Feature","geometry":{"type":"Point","coordinates":[10.5461568,52.2633736]},"properties":{"hgv":"no"}},{"type":"Feature","geometry":{"type":"Point","coordinates":[10.5436089,52.2735518]},"properties":{"hgv":"no"}},{"type":"Feature","geometry":{"type":"Point","coordinates":[10.5364308,52.2648604]},"properties":{"hgv":"no"}},{"type":"Feature","geometry":{"type":"Point","coordinates":[10.5365501,52.2746133]},"properties":{"hgv":"no"}},{"type":"Feature","geometry":{"type":"Point","coordinates":[10.8190695,52.4152591]},"properties":{"maxheight":"2"}},{"type":"Feature","geometry":{"type":"Point","coordinates":[10.8200175,52.4152763]},"properties":{"maxheight":"2"}},{"type":"Feature","geometry":{"type":"Point","coordinates":[10.8197244,52.4155824]},"properties":{"maxheight":"2"}},{"type":"Feature","geometry":{"type":"Point","coordinates":[10.8186315,52.4157849]},"properties":{"maxheight":"2.05"}},{"type":"Feature","geometry":{"type":"Point","coordinates":[10.819562,52.4150636]},"properties":{"maxheight":"2"}},{"type":"Feature","geometry":{"type":"Point","coordinates":[10.8183011,52.4156031]},"properties":{"maxheight":"2.05"}},{"type":"Feature","geometry":{"type":"Point","coordinates":[10.8182068,52.4160547]},"properties":{"maxheight":"2"}},{"type":"Feature","geometry":{"type":"Point","coordinates":[10.8185517,52.4150595]},"properties":{"maxheight":"2"}},{"type":"Feature","geometry":{"type":"Point","coordinates":[10.8144384,52.4153178]},"properties":{"maxheight":"2"}},{"type":"Feature","geometry":{"type":"Point","coordinates":[10.8142398,52.4154144]},"properties":{"maxheight":"2"}},{"type":"Feature","geometry":{"type":"Point","coordinates":[10.8157287,52.4154815]},"properties":{"maxheight":"2"}},{"type":"Feature","geometry":{"type":"Point","coordinates":[10.8147921,52.4159291]},"properties":{"maxheight":"2.1"}},{"type":"Feature","geometry":{"type":"Point","coordinates":[10.5479695,52.2698728]},"properties":{"hgv":"no"}},{"type":"Feature","geometry":{"type":"Point","coordinates":[10.5437584,52.268711]},"properties":{"hgv":"no"}},{"type":"Feature","geometry":{"type":"Point","coordinates":[10.5425217,52.2664237]},"properties":{"hgv":"no"}},{"type":"Feature","geometry":{"type":"Point","coordinates":[10.5429768,52.2665481]},"properties":{"hgv":"no"}},{"type":"Feature","geometry":{"type":"Point","coordinates":[10.5408921,52.26987]},"properties":{"hgv":"no"}},{"type":"Feature","geometry":{"type":"Point","coordinates":[10.5438831,52.2685352]},"properties":{"hgv":"no"}},{"type":"Feature","geometry":{"type":"Point","coordinates":[10.5224842,52.2655848]},"properties":{"maxheight":"1.90"}},{"type":"Feature","geometry":{"type":"Point","coordinates":[10.1307597,52.9549514]},"properties":{"maxwidth":"9"}},{"type":"Feature","geometry":{"type":"Point","coordinates":[10.0706833,52.6541625]},"properties":{"maxheight":"2","maxwidth":"1"}},{"type":"Feature","geometry":{"type":"Point","coordinates":[10.5025262,52.2569954]},"properties":{"maxwidth":"0.6"}},{"type":"Feature","geometry":{"type":"Point","coordinates":[10.4369198,52.9302574]},"properties":{"maxheight":"2","maxwidth":"6"}},{"type":"Feature","geometry":{"type":"Point","coordinates":[10.5163934,52.2656137]},"properties":{"maxheight":"3.6"}},{"type":"Feature","geometry":{"type":"Point","coordinates":[10.8035427,52.3790695]},"properties":{"maxwidth":"0.9"}},{"type":"Feature","geometry":{"type":"Point","coordinates":[10.540151,52.3220746]},"properties":{"maxheight":"2.2"}},{"type":"Feature","geometry":{"type":"Point","coordinates":[10.5400449,52.3224583]},"properties":{"maxheight":"2.2"}},{"type":"Feature","geometry":{"type":"Point","coordinates":[10.817626,52.4139515]},"properties":{"maxheight":"2"}},{"type":"Feature","geometry":{"type":"Point","coordinates":[10.7510935,52.3542215]},"properties":{"maxweight":"16"}},{"type":"Feature","geometry":{"type":"Point","coordinates":[10.5238491,52.273993]},"properties":{"maxheight":"default"}},{"type":"Feature","geometry":{"type":"Point","coordinates":[10.523873,52.274023]},"properties":{"maxheight":"default"}},{"type":"Feature","geometry":{"type":"Point","coordinates":[10.5337971,52.2424346]},"properties":{"goods":"yes"}},{"type":"Feature","geometry":{"type":"Point","coordinates":[10.534812,52.2425907]},"properties":{"goods":"no","maxheight:physical":"2.10","maxweight":"0.625"}},{"type":"Feature","geometry":{"type":"Point","coordinates":[10.4753577,52.1944045]},"properties":{"maxwidth":"1.1"}},{"type":"Feature","geometry":{"type":"Point","coordinates":[10.4759214,52.1925414]},"properties":{"maxwidth":"1.5"}},{"type":"Feature","geometry":{"type":"Point","coordinates":[10.4760147,52.1931018]},"properties":{"maxwidth":"1.1"}},{"type":"Feature","geometry":{"type":"Point","coordinates":[10.0864334,52.624898]},"properties":{"maxheight":"2","maxwidth":"2"}},{"type":"Feature","geometry":{"type":"Point","coordinates":[10.0864211,52.6252398]},"properties":{"maxheight":"2","maxwidth":"2"}},{"type":"Feature","geometry":{"type":"Point","coordinates":[10.5035393,52.2683589]},"properties":{"hgv":"destination"}},{"type":"Feature","geometry":{"type":"Point","coordinates":[10.5013663,52.2696637]},"properties":{"hgv":"destination"}},{"type":"Feature","geometry":{"type":"Point","coordinates":[10.4923339,52.2843788]},"properties":{"maxheight":"default"}},{"type":"Feature","geometry":{"type":"Point","coordinates":[10.4947936,52.2533352]},"properties":{"maxheight":"4.3"}},{"type":"Feature","geometry":{"type":"Point","coordinates":[10.5106574,52.305835]},"properties":{"maxheight":"default"}},{"type":"Feature","geometry":{"type":"Point","coordinates":[10.5171359,52.3088654]},"properties":{"hgv":"destination","goods":"destination"}},{"type":"Feature","geometry":{"type":"Point","coordinates":[10.5177999,52.3071538]},"properties":{"hgv":"destination","goods":"destination"}},{"type":"Feature","geometry":{"type":"Point","coordinates":[10.5185792,52.3093342]},"properties":{"hgv":"destination","goods":"destination"}},{"type":"Feature","geometry":{"type":"Point","coordinates":[10.5174169,52.2990455]},"properties":{"hgv":"destination","goods":"destination"}},{"type":"Feature","geometry":{"type":"Point","coordinates":[10.5196016,52.3091628]},"properties":{"hgv":"destination","goods":"destination"}},{"type":"Feature","geometry":{"type":"Point","coordinates":[10.5160559,52.3102564]},"properties":{"hgv":"destination","goods":"destination"}},{"type":"Feature","geometry":{"type":"Point","coordinates":[10.5159186,52.3109153]},"properties":{"hgv":"destination","goods":"destination"}},{"type":"Feature","geometry":{"type":"Point","coordinates":[10.516108,52.3127833]},"properties":{"hgv":"destination","goods":"destination"}},{"type":"Feature","geometry":{"type":"Point","coordinates":[10.5176461,52.3124473]},"properties":{"hgv":"destination","goods":"destination"}},{"type":"Feature","geometry":{"type":"Point","coordinates":[10.518841,52.3122242]},"properties":{"hgv":"destination","goods":"destination"}},{"type":"Feature","geometry":{"type":"Point","coordinates":[10.521711,52.2984545]},"properties":{"hgv":"destination"}},{"type":"Feature","geometry":{"type":"Point","coordinates":[10.5195092,52.3002512]},"properties":{"hgv":"destination"}},{"type":"Feature","geometry":{"type":"Point","coordinates":[10.5194483,52.2960986]},"properties":{"hgv":"destination"}},{"type":"Feature","geometry":{"type":"Point","coordinates":[10.5212867,52.2978176]},"properties":{"hgv":"destination"}},{"type":"Feature","geometry":{"type":"Point","coordinates":[10.5223539,52.2979342]},"properties":{"hgv":"destination"}},{"type":"Feature","geometry":{"type":"Point","coordinates":[10.5186168,52.2977093]},"properties":{"hgv":"destination"}},{"type":"Feature","geometry":{"type":"Point","coordinates":[10.5156456,52.3114361]},"properties":{"hgv":"destination","goods":"destination"}},{"type":"Feature","geometry":{"type":"Point","coordinates":[10.5233403,52.3035662]},"properties":{"hgv":"destination","goods":"destination"}},{"type":"Feature","geometry":{"type":"Point","coordinates":[10.507888,52.2458719]},"properties":{"maxheight":"default"}},{"type":"Feature","geometry":{"type":"Point","coordinates":[10.5192172,52.296734]},"properties":{"hgv":"destination"}},{"type":"Feature","geometry":{"type":"Point","coordinates":[10.5202439,52.3075732]},"properties":{"hgv":"destination","goods":"destination"}},{"type":"Feature","geometry":{"type":"Point","coordinates":[10.5166979,52.3108769]},"properties":{"hgv":"destination","goods":"destination"}},{"type":"Feature","geometry":{"type":"Point","coordinates":[10.5174923,52.3113557]},"properties":{"hgv":"destination","goods":"destination"}},{"type":"Feature","geometry":{"type":"Point","coordinates":[10.5182825,52.3115792]},"properties":{"hgv":"destination","goods":"destination"}},{"type":"Feature","geometry":{"type":"Point","coordinates":[10.5174832,52.3108702]},"properties":{"hgv":"destination","goods":"destination"}},{"type":"Feature","geometry":{"type":"Point","coordinates":[10.5168076,52.309919]},"properties":{"hgv":"destination","goods":"destination"}},{"type":"Feature","geometry":{"type":"Point","coordinates":[10.5176944,52.3097787]},"properties":{"hgv":"destination","goods":"destination"}},{"type":"Feature","geometry":{"type":"Point","coordinates":[10.5182934,52.3100587]},"properties":{"hgv":"destination","goods":"destination"}},{"type":"Feature","geometry":{"type":"Point","coordinates":[10.5174823,52.305048]},"properties":{"hgv":"destination","goods":"destination"}},{"type":"Feature","geometry":{"type":"Point","coordinates":[10.4838573,52.3058736]},"properties":{"hgv":"destination"}},{"type":"Feature","geometry":{"type":"Point","coordinates":[10.5339988,52.2961863]},"properties":{"hgv":"destination"}},{"type":"Feature","geometry":{"type":"Point","coordinates":[10.5372415,52.296548]},"properties":{"hgv":"destination"}},{"type":"Feature","geometry":{"type":"Point","coordinates":[10.5223996,52.3041359]},"properties":{"hgv":"destination","goods":"destination"}},{"type":"Feature","geometry":{"type":"Point","coordinates":[10.1132188,52.8415268]},"properties":{"maxweight":"6"}},{"type":"Feature","geometry":{"type":"Point","coordinates":[10.0462842,52.8302213]},"properties":{"maxweight":"5 t"}},{"type":"Feature","geometry":{"type":"Point","coordinates":[10.5142879,52.2703763]},"properties":{"hgv":"destination"}},{"type":"Feature","geometry":{"type":"Point","coordinates":[10.5131542,52.2676772]},"properties":{"hgv":"destination"}},{"type":"Feature","geometry":{"type":"Point","coordinates":[10.5235197,52.2621037]},"properties":{"hgv":"destination"}},{"type":"Feature","geometry":{"type":"Point","coordinates":[10.5231279,52.2669422]},"properties":{"hgv":"destination"}},{"type":"Feature","geometry":{"type":"Point","coordinates":[10.5245606,52.2677442]},"properties":{"hgv":"destination"}},{"type":"Feature","geometry":{"type":"Point","coordinates":[10.5359852,52.2723656]},"properties":{"hgv":"destination"}},{"type":"Feature","geometry":{"type":"Point","coordinates":[10.5174431,52.273924]},"properties":{"hgv":"destination"}},{"type":"Feature","geometry":{"type":"Point","coordinates":[10.7838231,52.4452227]},"properties":{"hgv":"destination"}},{"type":"Feature","geometry":{"type":"Point","coordinates":[10.5204538,52.2728121]},"properties":{"hgv":"destination","maxweight":"12"}},{"type":"Feature","geometry":{"type":"Point","coordinates":[10.523857,52.2715471]},"properties":{"hgv":"destination"}},{"type":"Feature","geometry":{"type":"Point","coordinates":[10.5252439,52.2679402]},"properties":{"hgv":"destination"}},{"type":"Feature","geometry":{"type":"Point","coordinates":[10.5207849,52.2736626]},"properties":{"hgv":"destination"}},{"type":"Feature","geometry":{"type":"Point","coordinates":[10.5245898,52.2655601]},"properties":{"hgv":"destination"}},{"type":"Feature","geometry":{"type":"Point","coordinates":[10.5182914,52.2675551]},"properties":{"hgv":"destination"}},{"type":"Feature","geometry":{"type":"Point","coordinates":[10.5149855,52.2672255]},"properties":{"hgv":"destination"}},{"type":"Feature","geometry":{"type":"Point","coordinates":[10.5083466,52.2670536]},"properties":{"hgv":"destination"}},{"type":"Feature","geometry":{"type":"Point","coordinates":[10.0753472,52.1211442]},"properties":{"maxheight":"default"}},{"type":"Feature","geometry":{"type":"Point","coordinates":[10.0679771,52.1219671]},"properties":{"maxheight":"default"}},{"type":"Feature","geometry":{"type":"Point","coordinates":[10.1451397,52.1034604]},"properties":{"maxheight":"default"}},{"type":"Feature","geometry":{"type":"Point","coordinates":[10.5213754,52.2680473]},"properties":{"hgv":"destination"}},{"type":"Feature","geometry":{"type":"Point","coordinates":[10.5231496,52.2699405]},"properties":{"hgv":"destination"}},{"type":"Feature","geometry":{"type":"Point","coordinates":[10.525434,52.2697285]},"properties":{"hgv":"destination"}},{"type":"Feature","geometry":{"type":"Point","coordinates":[10.52219,52.2744265]},"properties":{"hgv":"destination"}},{"type":"Feature","geometry":{"type":"Point","coordinates":[10.5220446,52.2742031]},"properties":{"hgv":"destination"}},{"type":"Feature","geometry":{"type":"Point","coordinates":[10.5247281,52.2742332]},"properties":{"hgv":"destination"}},{"type":"Feature","geometry":{"type":"Point","coordinates":[10.5238009,52.2687159]},"properties":{"hgv":"destination"}},{"type":"Feature","geometry":{"type":"Point","coordinates":[10.5221894,52.2687263]},"properties":{"hgv":"destination"}},{"type":"Feature","geometry":{"type":"Point","coordinates":[10.5101246,52.2611195]},"properties":{"hgv":"destination"}},{"type":"Feature","geometry":{"type":"Point","coordinates":[10.5076406,52.2719685]},"properties":{"hgv":"destination"}},{"type":"Feature","geometry":{"type":"Point","coordinates":[10.5090417,52.2722009]},"properties":{"hgv":"destination"}},{"type":"Feature","geometry":{"type":"Point","coordinates":[10.5104478,52.2719803]},"properties":{"hgv":"destination"}},{"type":"Feature","geometry":{"type":"Point","coordinates":[10.5135706,52.2720379]},"properties":{"hgv":"destination"}},{"type":"Feature","geometry":{"type":"Point","coordinates":[10.5135074,52.2719445]},"properties":{"hgv":"destination"}},{"type":"Feature","geometry":{"type":"Point","coordinates":[10.5254933,52.265151]},"properties":{"hgv":"destination"}},{"type":"Feature","geometry":{"type":"Point","coordinates":[10.5260499,52.2967099]},"properties":{"hgv":"destination"}},{"type":"Feature","geometry":{"type":"Point","coordinates":[10.5886427,52.260943]},"properties":{"maxweight":"7.5"}},{"type":"Feature","geometry":{"type":"Point","coordinates":[10.5316898,52.2504241]},"properties":{"maxheight":"4.1"}},{"type":"Feature","geometry":{"type":"Point","coordinates":[10.561493,52.248911]},"properties":{"maxheight":"3.8"}},{"type":"Feature","geometry":{"type":"Point","coordinates":[10.5262407,52.3175598]},"properties":{"maxweight":"3"}},{"type":"Feature","geometry":{"type":"Point","coordinates":[10.5258555,52.3211354]},"properties":{"hgv":"destination"}},{"type":"Feature","geometry":{"type":"Point","coordinates":[10.52673,52.2961171]},"properties":{"hgv":"destination"}},{"type":"Feature","geometry":{"type":"Point","coordinates":[10.4980806,52.2845808]},"properties":{"hgv":"no"}},{"type":"Feature","geometry":{"type":"Point","coordinates":[10.4942369,52.282914]},"properties":{"maxheight":"default"}},{"type":"Feature","geometry":{"type":"Point","coordinates":[10.5179756,52.269388]},"properties":{"hgv":"no"}},{"type":"Feature","geometry":{"type":"Point","coordinates":[10.5226241,52.2674021]},"properties":{"hgv":"destination"}},{"type":"Feature","geometry":{"type":"Point","coordinates":[10.5235449,52.2707092]},"properties":{"hgv":"destination"}},{"type":"Feature","geometry":{"type":"Point","coordinates":[10.5237033,52.2707992]},"properties":{"hgv":"destination"}},{"type":"Feature","geometry":{"type":"Point","coordinates":[10.5232487,52.2699668]},"properties":{"hgv":"destination"}},{"type":"Feature","geometry":{"type":"Point","coordinates":[10.5255065,52.2618541]},"properties":{"hgv":"destination"}},{"type":"Feature","geometry":{"type":"Point","coordinates":[10.8351759,52.2921764]},"properties":{"maxweight":"20"}},{"type":"Feature","geometry":{"type":"Point","coordinates":[10.4853227,52.3083384]},"properties":{"hgv":"destination"}},{"type":"Feature","geometry":{"type":"Point","coordinates":[10.4933865,52.3077101]},"properties":{"maxlength":"12"}},{"type":"Feature","geometry":{"type":"Point","coordinates":[10.5258295,52.2613346]},"properties":{"hgv":"destination"}},{"type":"Feature","geometry":{"type":"Point","coordinates":[10.5373499,52.2782964]},"properties":{"hgv":"destination"}},{"type":"Feature","geometry":{"type":"Point","coordinates":[10.5178142,52.2737209]},"properties":{"hgv":"destination"}},{"type":"Feature","geometry":{"type":"Point","coordinates":[10.5173748,52.2731617]},"properties":{"hgv":"destination"}},{"type":"Feature","geometry":{"type":"Point","coordinates":[10.5233957,52.2740572]},"properties":{"hgv":"destination"}},{"type":"Feature","geometry":{"type":"Point","coordinates":[10.5232459,52.267154]},"properties":{"hgv":"destination"}},{"type":"Feature","geometry":{"type":"Point","coordinates":[10.5430389,52.2520062]},"properties":{"maxheight":"2.5"}},{"type":"Feature","geometry":{"type":"Point","coordinates":[10.5579306,52.9644997]},"properties":{"maxlength":"12"}},{"type":"Feature","geometry":{"type":"Point","coordinates":[10.5150584,52.2710528]},"properties":{"hgv":"destination"}},{"type":"Feature","geometry":{"type":"Point","coordinates":[10.5131662,52.2715232]},"properties":{"hgv":"destination"}},{"type":"Feature","geometry":{"type":"Point","coordinates":[10.5118365,52.2721566]},"properties":{"hgv":"destination"}},{"type":"Feature","geometry":{"type":"Point","coordinates":[10.5073434,52.2717051]},"properties":{"hgv":"destination"}},{"type":"Feature","geometry":{"type":"Point","coordinates":[10.5068388,52.2700345]},"properties":{"hgv":"destination"}},{"type":"Feature","geometry":{"type":"Point","coordinates":[10.504837,52.2702068]},"properties":{"hgv":"destination"}},{"type":"Feature","geometry":{"type":"Point","coordinates":[10.5037186,52.2707841]},"properties":{"hgv":"destination"}},{"type":"Feature","geometry":{"type":"Point","coordinates":[10.5024201,52.2707381]},"properties":{"hgv":"destination"}},{"type":"Feature","geometry":{"type":"Point","coordinates":[10.5036533,52.269742]},"properties":{"hgv":"destination"}},{"type":"Feature","geometry":{"type":"Point","coordinates":[10.5063813,52.2665786]},"properties":{"hgv":"destination"}},{"type":"Feature","geometry":{"type":"Point","coordinates":[10.5089872,52.2686989]},"properties":{"hgv":"destination"}},{"type":"Feature","geometry":{"type":"Point","coordinates":[10.5058566,52.267742]},"properties":{"hgv":"destination"}},{"type":"Feature","geometry":{"type":"Point","coordinates":[10.5033156,52.2676994]},"properties":{"hgv":"destination"}},{"type":"Feature","geometry":{"type":"Point","coordinates":[10.5013441,52.2687272]},"properties":{"hgv":"destination"}},{"type":"Feature","geometry":{"type":"Point","coordinates":[10.5036574,52.2666732]},"properties":{"hgv":"destination"}},{"type":"Feature","geometry":{"type":"Point","coordinates":[10.5050743,52.2681433]},"properties":{"hgv":"destination"}},{"type":"Feature","geometry":{"type":"Point","coordinates":[10.503383,52.2653668]},"properties":{"hgv":"destination"}},{"type":"Feature","geometry":{"type":"Point","coordinates":[10.5076994,52.2668411]},"properties":{"hgv":"destination"}},{"type":"Feature","geometry":{"type":"Point","coordinates":[10.5060944,52.2681269]},"properties":{"hgv":"destination"}},{"type":"Feature","geometry":{"type":"Point","coordinates":[10.5069972,52.2646828]},"properties":{"hgv":"destination"}},{"type":"Feature","geometry":{"type":"Point","coordinates":[10.507659,52.2659403]},"properties":{"hgv":"destination"}},{"type":"Feature","geometry":{"type":"Point","coordinates":[10.5076151,52.2633269]},"properties":{"hgv":"destination"}},{"type":"Feature","geometry":{"type":"Point","coordinates":[10.5042879,52.2637819]},"properties":{"hgv":"destination"}},{"type":"Feature","geometry":{"type":"Point","coordinates":[10.505369,52.2650157]},"properties":{"hgv":"destination"}},{"type":"Feature","geometry":{"type":"Point","coordinates":[10.5051718,52.2627239]},"properties":{"hgv":"destination"}},{"type":"Feature","geometry":{"type":"Point","coordinates":[10.5049351,52.2665239]},"properties":{"hgv":"destination"}},{"type":"Feature","geometry":{"type":"Point","coordinates":[10.5049221,52.2655249]},"properties":{"hgv":"destination"}},{"type":"Feature","geometry":{"type":"Point","coordinates":[10.5049602,52.2662489]},"properties":{"hgv":"destination"}},{"type":"Feature","geometry":{"type":"Point","coordinates":[10.5072374,52.2722609]},"properties":{"hgv":"destination"}},{"type":"Feature","geometry":{"type":"Point","coordinates":[10.5018907,52.2699404]},"properties":{"hgv":"destination"}},{"type":"Feature","geometry":{"type":"Point","coordinates":[10.5012467,52.2659902]},"properties":{"hgv":"destination"}},{"type":"Feature","geometry":{"type":"Point","coordinates":[10.5116476,52.2733957]},"properties":{"hgv":"destination"}},{"type":"Feature","geometry":{"type":"Point","coordinates":[10.5130769,52.281485]},"properties":{"maxheight":"2"}},{"type":"Feature","geometry":{"type":"Point","coordinates":[10.4315644,52.1696242]},"properties":{"hgv":"yes"}},{"type":"Feature","geometry":{"type":"Point","coordinates":[10.3081765,52.1735604]},"properties":{"maxweight":"3.5"}},{"type":"Feature","geometry":{"type":"Point","coordinates":[10.6809784,52.8319042]},"properties":{"hgv":"no"}},{"type":"Feature","geometry":{"type":"Point","coordinates":[10.6667487,52.8069003]},"properties":{"maxweight":"7.5"}},{"type":"Feature","geometry":{"type":"Point","coordinates":[10.5244702,52.2689886]},"properties":{"hgv":"destination"}},{"type":"Feature","geometry":{"type":"Point","coordinates":[10.5234762,52.2708533]},"properties":{"hgv":"destination"}},{"type":"Feature","geometry":{"type":"Point","coordinates":[10.5224086,52.2740401]},"properties":{"hgv":"destination"}},{"type":"Feature","geometry":{"type":"Point","coordinates":[10.6674037,52.8303479]},"properties":{"maxweight":"3.5"}},{"type":"Feature","geometry":{"type":"Point","coordinates":[10.6649601,52.8364943]},"properties":{"hgv":"destination"}},{"type":"Feature","geometry":{"type":"Point","coordinates":[10.6653217,52.8075215]},"properties":{"maxweight":"7.5"}},{"type":"Feature","geometry":{"type":"Point","coordinates":[10.4990496,52.2667405]},"properties":{"hgv":"destination"}},{"type":"Feature","geometry":{"type":"Point","coordinates":[10.4951942,52.2589279]},"properties":{"hgv":"destination"}},{"type":"Feature","geometry":{"type":"Point","coordinates":[10.515964,52.2621533]},"properties":{"hgv":"destination"}},{"type":"Feature","geometry":{"type":"Point","coordinates":[10.5196679,52.2647225]},"properties":{"hgv":"destination"}},{"type":"Feature","geometry":{"type":"Point","coordinates":[10.5056253,52.2793689]},"properties":{"maxweight":"7.5"}},{"type":"Feature","geometry":{"type":"Point","coordinates":[10.5172198,52.2672317]},"properties":{"hgv":"destination"}},{"type":"Feature","geometry":{"type":"Point","coordinates":[10.5189423,52.2684621]},"properties":{"hgv":"destination"}},{"type":"Feature","geometry":{"type":"Point","coordinates":[10.5202383,52.2667153]},"properties":{"hgv":"destination"}},{"type":"Feature","geometry":{"type":"Point","coordinates":[10.5174775,52.2679692]},"properties":{"hgv":"destination"}},{"type":"Feature","geometry":{"type":"Point","coordinates":[10.504151,52.2617428]},"properties":{"hgv":"destination"}},{"type":"Feature","geometry":{"type":"Point","coordinates":[10.5039419,52.2607464]},"properties":{"hgv":"destination"}},{"type":"Feature","geometry":{"type":"Point","coordinates":[10.6834334,52.817386]},"properties":{"maxweight":"3.5"}},{"type":"Feature","geometry":{"type":"Point","coordinates":[10.5370779,52.2843678]},"properties":{"maxheight":"default"}},{"type":"Feature","geometry":{"type":"Point","coordinates":[10.523645,52.3383498]},"properties":{"maxweight":"24"}},{"type":"Feature","geometry":{"type":"Point","coordinates":[10.5654406,52.2488801]},"properties":{"maxheight":"no_sign"}},{"type":"Feature","geometry":{"type":"Point","coordinates":[10.5170408,52.2614969]},"properties":{"hgv":"destination"}},{"type":"Feature","geometry":{"type":"Point","coordinates":[10.5182207,52.2638781]},"properties":{"hgv":"destination"}},{"type":"Feature","geometry":{"type":"Point","coordinates":[10.520775,52.2679658]},"properties":{"hgv":"destination"}},{"type":"Feature","geometry":{"type":"Point","coordinates":[10.5127525,52.2670286]},"properties":{"hgv":"destination"}},{"type":"Feature","geometry":{"type":"Point","coordinates":[10.8315037,52.4217939]},"properties":{"hgv":"destination"}},{"type":"Feature","geometry":{"type":"Point","coordinates":[10.7064325,52.3563462]},"properties":{"maxweight":"1.5"}},{"type":"Feature","geometry":{"type":"Point","coordinates":[10.7913797,52.4436352]},"properties":{"hgv":"no"}},{"type":"Feature","geometry":{"type":"Point","coordinates":[10.7834234,52.4424714]},"properties":{"hgv":"no"}},{"type":"Feature","geometry":{"type":"Point","coordinates":[10.7012122,52.2869531]},"properties":{"goods":"yes","maxweight":"7.5"}},{"type":"Feature","geometry":{"type":"Point","coordinates":[10.5902529,52.3338559]},"properties":{"hgv":"no"}},{"type":"Feature","geometry":{"type":"Point","coordinates":[10.349629,52.272739]},"properties":{"hgv":"no"}},{"type":"Feature","geometry":{"type":"Point","coordinates":[10.5876291,52.3117859]},"properties":{"maxheight":"below_default"}},{"type":"Feature","geometry":{"type":"Point","coordinates":[10.5094282,52.2613248]},"properties":{"hgv":"destination"}},{"type":"Feature","geometry":{"type":"Point","coordinates":[10.5039772,52.2578684]},"properties":{"hgv":"destination"}},{"type":"Feature","geometry":{"type":"Point","coordinates":[10.5092357,52.2618742]},"properties":{"hgv":"destination"}},{"type":"Feature","geometry":{"type":"Point","coordinates":[10.5035007,52.262408]},"properties":{"hgv":"destination"}},{"type":"Feature","geometry":{"type":"Point","coordinates":[10.7344038,52.3900062]},"properties":{"hgv":"destination"}},{"type":"Feature","geometry":{"type":"Point","coordinates":[10.5199507,52.3127836]},"properties":{"hgv":"destination","goods":"destination"}},{"type":"Feature","geometry":{"type":"Point","coordinates":[10.9614068,52.5853817]},"properties":{"maxweight":"7.5"}},{"type":"Feature","geometry":{"type":"Point","coordinates":[10.504154,52.2678102]},"properties":{"hgv":"destination"}},{"type":"Feature","geometry":{"type":"Point","coordinates":[10.5300343,52.2032971]},"properties":{"maxheight":"default"}},{"type":"Feature","geometry":{"type":"Point","coordinates":[10.4962472,52.2598791]},"properties":{"hgv":"destination"}},{"type":"Feature","geometry":{"type":"Point","coordinates":[10.81505,52.4522366]},"properties":{"maxweight":"3.5"}},{"type":"Feature","geometry":{"type":"Point","coordinates":[10.4853195,52.28552]},"properties":{"maxheight":"default"}},{"type":"Feature","geometry":{"type":"Point","coordinates":[10.5225306,52.2072676]},"properties":{"maxweight":"3.5"}},{"type":"Feature","geometry":{"type":"Point","coordinates":[10.5148159,52.2236122]},"properties":{"maxweight":"7.5"}},{"type":"Feature","geometry":{"type":"Point","coordinates":[10.220737,52.3373716]},"properties":{"hgv":"no"}},{"type":"Feature","geometry":{"type":"Point","coordinates":[10.512298,52.3143083]},"properties":{"maxheight":"default"}},{"type":"Feature","geometry":{"type":"Point","coordinates":[10.5004324,52.3187511]},"properties":{"hgv":"destination"}},{"type":"Feature","geometry":{"type":"Point","coordinates":[10.5008596,52.3192708]},"properties":{"hgv":"destination"}},{"type":"Feature","geometry":{"type":"Point","coordinates":[10.5003564,52.3184198]},"properties":{"maxheight":"default"}},{"type":"Feature","geometry":{"type":"Point","coordinates":[10.7924086,52.4423733]},"properties":{"hgv":"no"}},{"type":"Feature","geometry":{"type":"Point","coordinates":[10.7917741,52.4428541]},"properties":{"maxheight":"2.5"}},{"type":"Feature","geometry":{"type":"Point","coordinates":[10.7929957,52.4428469]},"properties":{"maxheight":"2.5"}},{"type":"Feature","geometry":{"type":"Point","coordinates":[10.5425067,52.4884054]},"properties":{"maxlength":"12.4"}},{"type":"Feature","geometry":{"type":"Point","coordinates":[10.5270752,52.4955664]},"properties":{"maxheight":"default"}},{"type":"Feature","geometry":{"type":"Point","coordinates":[10.5266322,52.2091429]},"properties":{"maxweight":"7.5"}},{"type":"Feature","geometry":{"type":"Point","coordinates":[10.5347993,52.1600093]},"properties":{"hgv":"delivery","maxweight":"7.5"}},{"type":"Feature","geometry":{"type":"Point","coordinates":[10.5124437,52.4589153]},"properties":{"maxheight":"4"}},{"type":"Feature","geometry":{"type":"Point","coordinates":[10.496396,52.457349]},"properties":{"maxweight":"16"}},{"type":"Feature","geometry":{"type":"Point","coordinates":[10.0502899,52.1270723]},"properties":{"maxheight":"4.5"}},{"type":"Feature","geometry":{"type":"Point","coordinates":[10.4777035,52.4096528]},"properties":{"maxweight":"3.5"}},{"type":"Feature","geometry":{"type":"Point","coordinates":[10.530956,52.2036041]},"properties":{"maxweightrating":"24"}},{"type":"Feature","geometry":{"type":"Point","coordinates":[10.7479881,52.3936096]},"properties":{"hgv":"no"}},{"type":"Feature","geometry":{"type":"Point","coordinates":[10.5843204,52.4283684]},"properties":{"maxweight":"7.5"}},{"type":"Feature","geometry":{"type":"Point","coordinates":[10.524486,52.2674593]},"properties":{"hgv":"destination"}},{"type":"Feature","geometry":{"type":"Point","coordinates":[10.8806248,52.5922132]},"properties":{"hgv":"delivery"}},{"type":"Feature","geometry":{"type":"Point","coordinates":[10.9442286,52.6042132]},"properties":{"maxlength":"10"}},{"type":"Feature","geometry":{"type":"Point","coordinates":[10.9436682,52.605648]},"properties":{"hgv":"delivery"}},{"type":"Feature","geometry":{"type":"Point","coordinates":[10.5175305,52.3045936]},"properties":{"hgv":"destination","goods":"destination"}},{"type":"Feature","geometry":{"type":"Point","coordinates":[10.5045739,52.4738526]},"properties":{"maxweight":"30"}},{"type":"Feature","geometry":{"type":"Point","coordinates":[10.5752903,52.4600503]},"properties":{"maxweight":"5"}},{"type":"Feature","geometry":{"type":"Point","coordinates":[10.8300867,52.4220263]},"properties":{"hgv":"destination"}},{"type":"Feature","geometry":{"type":"Point","coordinates":[10.4968475,52.4562304]},"properties":{"maxheight":"4"}},{"type":"Feature","geometry":{"type":"Point","coordinates":[10.1925029,52.3542238]},"properties":{"maxheight":"default"}},{"type":"Feature","geometry":{"type":"Point","coordinates":[10.5426937,52.488263]},"properties":{"maxlength":"12.4"}},{"type":"Feature","geometry":{"type":"Point","coordinates":[10.5430757,52.4879964]},"properties":{"maxlength":"12.4"}},{"type":"Feature","geometry":{"type":"Point","coordinates":[10.6259338,52.4100505]},"properties":{"maxweight":"16"}},{"type":"Feature","geometry":{"type":"Point","coordinates":[10.673758,52.5721446]},"properties":{"maxweight":"16"}},{"type":"Feature","geometry":{"type":"Point","coordinates":[10.2439542,52.5665594]},"properties":{"maxweight":"16 t"}},{"type":"Feature","geometry":{"type":"Point","coordinates":[10.2532611,52.5644406]},"properties":{"maxweight":"16 t"}},{"type":"Feature","geometry":{"type":"Point","coordinates":[10.1852545,52.5800901]},"properties":{"maxweight":"3"}},{"type":"Feature","geometry":{"type":"Point","coordinates":[10.7489151,52.4268455]},"properties":{"maxweight":"24"}},{"type":"Feature","geometry":{"type":"Point","coordinates":[10.7365842,52.4352484]},"properties":{"maxheight":"default"}},{"type":"Feature","geometry":{"type":"Point","coordinates":[10.631232,52.4514399]},"properties":{"maxheight":"5"}},{"type":"Feature","geometry":{"type":"Point","coordinates":[10.5245854,52.477593]},"properties":{"maxweight":"16"}},{"type":"Feature","geometry":{"type":"Point","coordinates":[10.5239651,52.4734953]},"properties":{"maxweight":"16"}},{"type":"Feature","geometry":{"type":"Point","coordinates":[10.9294649,52.6119516]},"properties":{"hgv":"no"}},{"type":"Feature","geometry":{"type":"Point","coordinates":[10.9257182,52.6150025]},"properties":{"maxweight":"7.5"}},{"type":"Feature","geometry":{"type":"Point","coordinates":[10.9452072,52.6024135]},"properties":{"maxlength":"10"}},{"type":"Feature","geometry":{"type":"Point","coordinates":[10.9456705,52.5712315]},"properties":{"maxweight":"7.5"}},{"type":"Feature","geometry":{"type":"Point","coordinates":[10.0470698,52.6309087]},"properties":{"hgv":"destination"}},{"type":"Feature","geometry":{"type":"Point","coordinates":[10.6773809,52.4132496]},"properties":{"maxweight":"12"}},{"type":"Feature","geometry":{"type":"Point","coordinates":[10.530357,52.4552106]},"properties":{"maxweight":"1"}},{"type":"Feature","geometry":{"type":"Point","coordinates":[10.5173683,52.4902987]},"properties":{"maxweight":"16"}},{"type":"Feature","geometry":{"type":"Point","coordinates":[10.5267868,52.4881545]},"properties":{"maxweight":"50"}},{"type":"Feature","geometry":{"type":"Point","coordinates":[10.3470303,52.4750825]},"properties":{"maxweight":"6"}},{"type":"Feature","geometry":{"type":"Point","coordinates":[10.5600949,52.9672292]},"properties":{"maxlength":"10"}},{"type":"Feature","geometry":{"type":"Point","coordinates":[10.6977015,52.1374553]},"properties":{"maxweight":"6"}},{"type":"Feature","geometry":{"type":"Point","coordinates":[10.6189897,52.3788272]},"properties":{"maxweight":"2.8"}},{"type":"Feature","geometry":{"type":"Point","coordinates":[10.5198331,52.1915348]},"properties":{"maxheight":"3.8"}},{"type":"Feature","geometry":{"type":"Point","coordinates":[10.5211915,52.2369438]},"properties":{"maxheight":"below_default"}},{"type":"Feature","geometry":{"type":"Point","coordinates":[10.5224052,52.2719212]},"properties":{"hgv":"destination"}},{"type":"Feature","geometry":{"type":"Point","coordinates":[10.6637336,52.3246698]},"properties":{"maxweight":"5"}},{"type":"Feature","geometry":{"type":"Point","coordinates":[10.5093927,52.4987333]},"properties":{"hgv":"agricultural;forestry"}},{"type":"Feature","geometry":{"type":"Point","coordinates":[10.5267672,52.5017969]},"properties":{"hgv":"no"}},{"type":"Feature","geometry":{"type":"Point","coordinates":[10.5294204,52.5020859]},"properties":{"hgv":"no"}},{"type":"Feature","geometry":{"type":"Point","coordinates":[10.5238062,52.5080821]},"properties":{"maxweight":"100"}},{"type":"Feature","geometry":{"type":"Point","coordinates":[10.5457305,52.1630192]},"properties":{"hgv":"delivery"}},{"type":"Feature","geometry":{"type":"Point","coordinates":[10.5430316,52.4894214]},"properties":{"maxwidth":"2.3"}},{"type":"Feature","geometry":{"type":"Point","coordinates":[10.5565544,52.1590686]},"properties":{"hgv":"destination"}},{"type":"Feature","geometry":{"type":"Point","coordinates":[10.5565846,52.1535791]},"properties":{"hgv":"destination"}},{"type":"Feature","geometry":{"type":"Point","coordinates":[10.546416,52.1492778]},"properties":{"maxweight":"7.5"}},{"type":"Feature","geometry":{"type":"Point","coordinates":[10.5464531,52.1497325]},"properties":{"maxweight":"7.5"}},{"type":"Feature","geometry":{"type":"Point","coordinates":[10.4215069,52.3389729]},"properties":{"maxweight":"3.5"}},{"type":"Feature","geometry":{"type":"Point","coordinates":[10.4455124,52.3036362]},"properties":{"hgv":"destination"}},{"type":"Feature","geometry":{"type":"Point","coordinates":[10.7950648,52.4283298]},"properties":{"maxweight":"7.5"}},{"type":"Feature","geometry":{"type":"Point","coordinates":[10.7333689,52.3858423]},"properties":{"maxheight":"3.8"}},{"type":"Feature","geometry":{"type":"Point","coordinates":[10.7091037,52.3680009]},"properties":{"maxheight":"3.5"}},{"type":"Feature","geometry":{"type":"Point","coordinates":[10.3657259,52.2174279]},"properties":{"maxweight":"5.5"}},{"type":"Feature","geometry":{"type":"Point","coordinates":[10.5341966,52.2078958]},"properties":{"maxheight":"default"}},{"type":"Feature","geometry":{"type":"Point","coordinates":[10.5288752,52.2334625]},"properties":{"maxheight":"default"}},{"type":"Feature","geometry":{"type":"Point","coordinates":[10.3093533,52.0174997]},"properties":{"maxweight":"3.5"}},{"type":"Feature","geometry":{"type":"Point","coordinates":[10.1622875,52.0964083]},"properties":{"maxheight":"4"}},{"type":"Feature","geometry":{"type":"Point","coordinates":[10.5250267,52.2650654]},"properties":{"hgv":"destination"}},{"type":"Feature","geometry":{"type":"Point","coordinates":[10.5181216,52.2622571]},"properties":{"hgv":"destination"}},{"type":"Feature","geometry":{"type":"Point","coordinates":[10.5146093,52.1854651]},"properties":{"maxheight":"4"}},{"type":"Feature","geometry":{"type":"Point","coordinates":[10.4893405,52.3160746]},"properties":{"maxweight":"30"}},{"type":"Feature","geometry":{"type":"Point","coordinates":[10.5808827,52.2594119]},"properties":{"maxheight":"3"}},{"type":"Feature","geometry":{"type":"Point","coordinates":[10.7442946,52.4376162]},"properties":{"maxheight":"3.7"}},{"type":"Feature","geometry":{"type":"Point","coordinates":[10.5356969,52.1693677]},"properties":{"hgv":"no"}},{"type":"Feature","geometry":{"type":"Point","coordinates":[10.6556547,52.2462238]},"properties":{"maxweight":"7.5"}},{"type":"Feature","geometry":{"type":"Point","coordinates":[10.4923846,52.2823567]},"properties":{"maxheight":"default"}},{"type":"Feature","geometry":{"type":"Point","coordinates":[10.6517499,52.2493601]},"properties":{"hgv":"no"}},{"type":"Feature","geometry":{"type":"Point","coordinates":[10.6050914,52.7306191]},"properties":{"hgv":"destination"}},{"type":"Feature","geometry":{"type":"Point","coordinates":[10.5395561,52.1594012]},"properties":{"hgv":"delivery","maxweight":"7.5"}},{"type":"Feature","geometry":{"type":"Point","coordinates":[10.7127953,52.4168775]},"properties":{"hgv":"destination"}},{"type":"Feature","geometry":{"type":"Point","coordinates":[10.711346,52.4147453]},"properties":{"hgv":"destination"}},{"type":"Feature","geometry":{"type":"Point","coordinates":[10.710573,52.4150412]},"properties":{"hgv":"destination"}},{"type":"Feature","geometry":{"type":"Point","coordinates":[10.7098,52.4143155]},"properties":{"hgv":"destination"}},{"type":"Feature","geometry":{"type":"Point","coordinates":[10.4398864,52.1965919]},"properties":{"maxheight":"default"}},{"type":"Feature","geometry":{"type":"Point","coordinates":[10.0591053,52.5893605]},"properties":{"maxweight":"5"}},{"type":"Feature","geometry":{"type":"Point","coordinates":[10.0552802,52.5971513]},"properties":{"hgv":"destination"}},{"type":"Feature","geometry":{"type":"Point","coordinates":[10.0625112,52.6176427]},"properties":{"hgv":"destination"}},{"type":"Feature","geometry":{"type":"Point","coordinates":[10.0610962,52.6177918]},"properties":{"hgv":"destination","maxheight":"3.8"}},{"type":"Feature","geometry":{"type":"Point","coordinates":[10.0629672,52.6205051]},"properties":{"maxheight":"3.4"}},{"type":"Feature","geometry":{"type":"Point","coordinates":[10.059442,52.6179303]},"properties":{"hgv":"destination"}},{"type":"Feature","geometry":{"type":"Point","coordinates":[10.4926717,52.2722645]},"properties":{"maxheight":"default"}},{"type":"Feature","geometry":{"type":"Point","coordinates":[10.5229639,52.2614279]},"properties":{"hgv":"destination"}},{"type":"Feature","geometry":{"type":"Point","coordinates":[10.4887723,52.1087425]},"properties":{"maxheight":"default"}},{"type":"Feature","geometry":{"type":"Point","coordinates":[10.5180125,52.2656659]},"properties":{"hgv":"destination"}},{"type":"Feature","geometry":{"type":"Point","coordinates":[10.5279626,52.2688335]},"properties":{"hgv":"destination"}},{"type":"Feature","geometry":{"type":"Point","coordinates":[10.5247972,52.2750499]},"properties":{"hgv":"destination"}},{"type":"Feature","geometry":{"type":"Point","coordinates":[10.5696845,52.691068]},"properties":{"maxweight":"3.5"}},{"type":"Feature","geometry":{"type":"Point","coordinates":[10.0854705,52.6459958]},"properties":{"maxweight":"30"}},{"type":"Feature","geometry":{"type":"Point","coordinates":[10.657224,52.5273828]},"properties":{"maxweight":"40"}},{"type":"Feature","geometry":{"type":"Point","coordinates":[10.5416212,52.1617694]},"properties":{"maxweightrating":"7.5"}},{"type":"Feature","geometry":{"type":"Point","coordinates":[10.5057999,52.2941573]},"properties":{"maxweight":"2.5"}},{"type":"Feature","geometry":{"type":"Point","coordinates":[10.2365039,52.4346839]},"properties":{"hgv":"delivery"}},{"type":"Feature","geometry":{"type":"Point","coordinates":[10.3082281,52.0332072]},"properties":{"maxweight":"24"}},{"type":"Feature","geometry":{"type":"Point","coordinates":[10.2124218,52.4703925]},"properties":{"hgv":"delivery"}},{"type":"Feature","geometry":{"type":"Point","coordinates":[10.199375,52.4648477]},"properties":{"hgv":"delivery;agricultural"}},{"type":"Feature","geometry":{"type":"Point","coordinates":[10.199375,52.4648477]},"properties":{"hgv":"delivery;agricultural"}},{"type":"Feature","geometry":{"type":"Point","coordinates":[10.1154249,52.6041941]},"properties":{"hgv":"destination"}},{"type":"Feature","geometry":{"type":"Point","coordinates":[10.5233808,52.2654924]},"properties":{"hgv":"destination"}},{"type":"Feature","geometry":{"type":"Point","coordinates":[10.5709864,52.9722901]},"properties":{"hgv":"destination"}},{"type":"Feature","geometry":{"type":"Point","coordinates":[10.5557188,52.9696512]},"properties":{"maxheight":"3.3"}},{"type":"Feature","geometry":{"type":"Point","coordinates":[10.6408279,52.474288]},"properties":{"maxweight":"3"}},{"type":"Feature","geometry":{"type":"Point","coordinates":[10.6779417,52.6299556]},"properties":{"hgv":"agricultural;forestry"}},{"type":"Feature","geometry":{"type":"Point","coordinates":[10.0677758,52.5977874]},"properties":{"hgv":"destination"}},{"type":"Feature","geometry":{"type":"Point","coordinates":[10.5202708,52.1781142]},"properties":{"maxweight":"6"}},{"type":"Feature","geometry":{"type":"Point","coordinates":[10.2311069,52.4393552]},"properties":{"hgv":"no"}},{"type":"Feature","geometry":{"type":"Point","coordinates":[10.2352025,52.4330539]},"properties":{"hgv":"delivery"}},{"type":"Feature","geometry":{"type":"Point","coordinates":[10.2362235,52.4331619]},"properties":{"hgv":"delivery"}},{"type":"Feature","geometry":{"type":"Point","coordinates":[10.2934309,52.0385405]},"properties":{"maxheight":"4"}},{"type":"Feature","geometry":{"type":"Point","coordinates":[10.7420383,52.4354184]},"properties":{"maxheight":"2"}},{"type":"Feature","geometry":{"type":"Point","coordinates":[10.6541099,52.0162233]},"properties":{"maxweight":"7.5"}},{"type":"Feature","geometry":{"type":"Point","coordinates":[10.2985294,52.0608984]},"properties":{"maxweight":"40"}},{"type":"Feature","geometry":{"type":"Point","coordinates":[10.3670113,52.0995232]},"properties":{"maxheight":"4"}},{"type":"Feature","geometry":{"type":"Point","coordinates":[10.7447375,52.4355375]},"properties":{"maxheight":"2.1"}},{"type":"Feature","geometry":{"type":"Point","coordinates":[10.5676432,52.2685099]},"properties":{"maxweight":"6"}},{"type":"Feature","geometry":{"type":"Point","coordinates":[10.6386422,52.2207616]},"properties":{"hgv":"no"}},{"type":"Feature","geometry":{"type":"Point","coordinates":[10.7480097,52.4368358]},"properties":{"maxheight":"2"}},{"type":"Feature","geometry":{"type":"Point","coordinates":[10.5596155,52.3127264]},"properties":{"maxheight":"default"}},{"type":"Feature","geometry":{"type":"Point","coordinates":[10.6571186,52.3097693]},"properties":{"maxheight":"none"}},{"type":"Feature","geometry":{"type":"Point","coordinates":[10.6330857,52.2111965]},"properties":{"maxweight":"16"}},{"type":"Feature","geometry":{"type":"Point","coordinates":[10.6340116,52.2106944]},"properties":{"maxweight":"16"}},{"type":"Feature","geometry":{"type":"Point","coordinates":[10.5543604,52.3582034]},"properties":{"maxweight":"12"}},{"type":"Feature","geometry":{"type":"Point","coordinates":[10.4949098,52.1644061]},"properties":{"maxheight":"4"}},{"type":"Feature","geometry":{"type":"Point","coordinates":[10.5072896,52.1775858]},"properties":{"maxheight":"default"}},{"type":"Feature","geometry":{"type":"Point","coordinates":[10.0128537,52.4762719]},"properties":{"hgv":"agricultural"}},{"type":"Feature","geometry":{"type":"Point","coordinates":[10.2116625,52.4630706]},"properties":{"hgv":"agricultural;delivery"}},{"type":"Feature","geometry":{"type":"Point","coordinates":[10.5202463,52.1653343]},"properties":{"maxweight":"7.5"}},{"type":"Feature","geometry":{"type":"Point","coordinates":[10.5291105,52.1580102]},"properties":{"hgv":"no"}},{"type":"Feature","geometry":{"type":"Point","coordinates":[10.5301252,52.1566179]},"properties":{"hgv":"no"}},{"type":"Feature","geometry":{"type":"Point","coordinates":[10.5871016,52.5254881]},"properties":{"hgv":"no"}},{"type":"Feature","geometry":{"type":"Point","coordinates":[10.5217065,52.1504218]},"properties":{"maxweight":"7.5"}},{"type":"Feature","geometry":{"type":"Point","coordinates":[10.5343339,52.2363285]},"properties":{"maxheight":"default"}},{"type":"Feature","geometry":{"type":"Point","coordinates":[10.5342959,52.2363914]},"properties":{"maxheight":"default"}},{"type":"Feature","geometry":{"type":"Point","coordinates":[10.5368459,52.2371184]},"properties":{"maxheight":"default"}},{"type":"Feature","geometry":{"type":"Point","coordinates":[10.5608265,52.2466598]},"properties":{"maxheight":"default"}},{"type":"Feature","geometry":{"type":"Point","coordinates":[10.3164324,52.5781722]},"properties":{"maxweight":"12"}},{"type":"Feature","geometry":{"type":"Point","coordinates":[10.2345698,52.7347598]},"properties":{"hgv":"no"}},{"type":"Feature","geometry":{"type":"Point","coordinates":[10.5313926,52.2367488]},"properties":{"maxheight":"default"}},{"type":"Feature","geometry":{"type":"Point","coordinates":[10.5352477,52.4942474]},"properties":{"maxweight":"16"}},{"type":"Feature","geometry":{"type":"Point","coordinates":[10.9137274,52.2483673]},"properties":{"maxweight":"3.5"}},{"type":"Feature","geometry":{"type":"Point","coordinates":[10.9120215,52.2488564]},"properties":{"maxweight":"3.5"}},{"type":"Feature","geometry":{"type":"Point","coordinates":[10.3827465,52.2643066]},"properties":{"maxheight":"default"}},{"type":"Feature","geometry":{"type":"Point","coordinates":[10.3804752,52.270156]},"properties":{"maxweight":"3.5"}},{"type":"Feature","geometry":{"type":"Point","coordinates":[10.2033248,52.4647289]},"properties":{"hgv":"delivery"}},{"type":"Feature","geometry":{"type":"Point","coordinates":[10.2111585,52.4679213]},"properties":{"hgv":"delivery;agricultural"}},{"type":"Feature","geometry":{"type":"Point","coordinates":[10.08057,52.6187489]},"properties":{"hgv":"destination"}},{"type":"Feature","geometry":{"type":"Point","coordinates":[10.4388767,52.1964591]},"properties":{"maxheight":"default"}},{"type":"Feature","geometry":{"type":"Point","coordinates":[10.41166,52.1953441]},"properties":{"maxheight":"default"}},{"type":"Feature","geometry":{"type":"Point","coordinates":[10.2874989,52.1354964]},"properties":{"maxheight":"default"}},{"type":"Feature","geometry":{"type":"Point","coordinates":[10.7374754,52.3943462]},"properties":{"maxheight":"default"}},{"type":"Feature","geometry":{"type":"Point","coordinates":[10.4947136,52.253289]},"properties":{"maxheight":"4.3"}},{"type":"Feature","geometry":{"type":"Point","coordinates":[10.2770335,52.3033176]},"properties":{"maxweight":"3.5"}},{"type":"Feature","geometry":{"type":"Point","coordinates":[10.2766363,52.3071627]},"properties":{"maxweight":"6"}},{"type":"Feature","geometry":{"type":"Point","coordinates":[10.0150573,52.2087326]},"properties":{"hgv":"no"}},{"type":"Feature","geometry":{"type":"Point","coordinates":[10.5297941,52.3203542]},"properties":{"hgv":"destination"}},{"type":"Feature","geometry":{"type":"Point","coordinates":[10.5309308,52.3222489]},"properties":{"hgv":"destination"}},{"type":"Feature","geometry":{"type":"Point","coordinates":[10.7737693,52.1461744]},"properties":{"maxweight":"3.5"}},{"type":"Feature","geometry":{"type":"Point","coordinates":[10.7716718,52.1402689]},"properties":{"hgv":"no"}},{"type":"Feature","geometry":{"type":"Point","coordinates":[10.0765509,52.3668683]},"properties":{"maxheight":"default"}},{"type":"Feature","geometry":{"type":"Point","coordinates":[10.1892156,52.355355]},"properties":{"maxheight":"default"}},{"type":"Feature","geometry":{"type":"Point","coordinates":[10.4345054,52.33289]},"properties":{"maxheight":"default"}},{"type":"Feature","geometry":{"type":"Point","coordinates":[10.749669,52.4370167]},"properties":{"maxheight":"2","maxweight":"FIXME"}},{"type":"Feature","geometry":{"type":"Point","coordinates":[10.7464184,52.4387365]},"properties":{"maxheight":"3.7"}},{"type":"Feature","geometry":{"type":"Point","coordinates":[10.7446822,52.4385823]},"properties":{"maxheight":"3.7"}},{"type":"Feature","geometry":{"type":"Point","coordinates":[10.7429212,52.4384242]},"properties":{"maxheight":"FIXME"}},{"type":"Feature","geometry":{"type":"Point","coordinates":[10.7412085,52.4382675]},"properties":{"maxheight":"3.7"}},{"type":"Feature","geometry":{"type":"Point","coordinates":[10.0701291,52.6346766]},"properties":{"hgv":"destination"}},{"type":"Feature","geometry":{"type":"Point","coordinates":[10.52252,52.2740403]},"properties":{"hgv":"destination"}},{"type":"Feature","geometry":{"type":"Point","coordinates":[10.5208605,52.2823447]},"properties":{"maxheight":"3"}},{"type":"Feature","geometry":{"type":"Point","coordinates":[10.5199248,52.2824833]},"properties":{"maxheight":"3.5"}},{"type":"Feature","geometry":{"type":"Point","coordinates":[10.5100169,52.3038801]},"properties":{"maxweight":"7.5"}},{"type":"Feature","geometry":{"type":"Point","coordinates":[10.4960587,52.2169955]},"properties":{"maxheight":"3.8"}},{"type":"Feature","geometry":{"type":"Point","coordinates":[10.6156271,52.6288325]},"properties":{"maxweight":"12"}},{"type":"Feature","geometry":{"type":"Point","coordinates":[10.6803947,52.5985491]},"properties":{"hgv":"no","maxweight":"16"}},{"type":"Feature","geometry":{"type":"Point","coordinates":[10.6804116,52.5985486]},"properties":{"hgv":"delivery;agricultural;forestry"}},{"type":"Feature","geometry":{"type":"Point","coordinates":[10.662063,52.5565996]},"properties":{"maxweight":"60"}},{"type":"Feature","geometry":{"type":"Point","coordinates":[10.5649833,52.2633654]},"properties":{"maxweight":"12"}},{"type":"Feature","geometry":{"type":"Point","coordinates":[10.9064183,52.6925988]},"properties":{"hgv":"delivery"}},{"type":"Feature","geometry":{"type":"Point","coordinates":[10.9064004,52.6914509]},"properties":{"hgv":"destination"}},{"type":"Feature","geometry":{"type":"Point","coordinates":[10.9074917,52.6897359]},"properties":{"hgv":"destination"}},{"type":"Feature","geometry":{"type":"Point","coordinates":[10.7473206,52.4388155]},"properties":{"maxheight":"3.7"}},{"type":"Feature","geometry":{"type":"Point","coordinates":[10.7465327,52.4382573]},"properties":{"maxheight":"3.7"}},{"type":"Feature","geometry":{"type":"Point","coordinates":[10.7448077,52.4380996]},"properties":{"maxheight":"3.7"}},{"type":"Feature","geometry":{"type":"Point","coordinates":[10.743044,52.4379377]},"properties":{"maxheight":"3.7"}},{"type":"Feature","geometry":{"type":"Point","coordinates":[10.482795,52.3188388]},"properties":{"maxweight":"7.5"}},{"type":"Feature","geometry":{"type":"Point","coordinates":[10.482627,52.3186984]},"properties":{"maxweight":"30"}},{"type":"Feature","geometry":{"type":"Point","coordinates":[10.4850128,52.3173869]},"properties":{"maxweight":"30"}},{"type":"Feature","geometry":{"type":"Point","coordinates":[10.3556838,52.0022707]},"properties":{"maxweight":"3.5"}},{"type":"Feature","geometry":{"type":"Point","coordinates":[10.0089982,52.0404697]},"properties":{"maxweight":"3.5"}},{"type":"Feature","geometry":{"type":"Point","coordinates":[10.5045729,52.2686699]},"properties":{"hgv":"destination"}},{"type":"Feature","geometry":{"type":"Point","coordinates":[10.5059749,52.268995]},"properties":{"hgv":"destination"}},{"type":"Feature","geometry":{"type":"Point","coordinates":[10.5056344,52.2690374]},"properties":{"hgv":"destination"}},{"type":"Feature","geometry":{"type":"Point","coordinates":[10.4923075,52.268727]},"properties":{"goods":"destination"}},{"type":"Feature","geometry":{"type":"Point","coordinates":[10.5386108,52.2530295]},"properties":{"hgv":"no","goods":"private"}},{"type":"Feature","geometry":{"type":"Point","coordinates":[10.7464207,52.9859465]},"properties":{"hgv":"destination","maxweight":"3.5"}},{"type":"Feature","geometry":{"type":"Point","coordinates":[10.0834785,52.1758854]},"properties":{"maxweight":"3.5"}},{"type":"Feature","geometry":{"type":"Point","coordinates":[10.7918884,52.4319555]},"properties":{"maxweight":"24"}},{"type":"Feature","geometry":{"type":"Point","coordinates":[10.7751806,52.3136772]},"properties":{"maxheight":"3.8"}},{"type":"Feature","geometry":{"type":"Point","coordinates":[10.252304,52.3092052]},"properties":{"maxweightrating:hgv":"12"}},{"type":"Feature","geometry":{"type":"Point","coordinates":[10.3298961,52.3073836]},"properties":{"maxweightrating":"16"}},{"type":"Feature","geometry":{"type":"Point","coordinates":[10.780138,52.2645806]},"properties":{"maxheight":"4"}},{"type":"Feature","geometry":{"type":"Point","coordinates":[10.7233072,52.2500155]},"properties":{"hgv":"no"}},{"type":"Feature","geometry":{"type":"Point","coordinates":[10.7247459,52.249695]},"properties":{"hgv":"no"}},{"type":"Feature","geometry":{"type":"Point","coordinates":[10.7454079,52.4254194]},"properties":{"maxweight":"12"}},{"type":"Feature","geometry":{"type":"Point","coordinates":[10.5389304,52.2531564]},"properties":{"hgv":"no","goods":"private"}},{"type":"Feature","geometry":{"type":"Point","coordinates":[10.5363458,52.2512539]},"properties":{"hgv":"no","goods":"private"}},{"type":"Feature","geometry":{"type":"Point","coordinates":[10.5255711,52.2688227]},"properties":{"hgv":"destination"}},{"type":"Feature","geometry":{"type":"Point","coordinates":[10.5104785,52.2615866]},"properties":{"hgv":"destination","maxweight":"12"}},{"type":"Feature","geometry":{"type":"Point","coordinates":[10.7490046,52.4258504]},"properties":{"maxweight":"24"}},{"type":"Feature","geometry":{"type":"Point","coordinates":[10.7975205,52.4370922]},"properties":{"hgv":"no","maxheight":"2.1","maxweight":"2.5"}},{"type":"Feature","geometry":{"type":"Point","coordinates":[10.5245605,52.2843108]},"properties":{"hgv":"no"}},{"type":"Feature","geometry":{"type":"Point","coordinates":[10.5479177,52.35416]},"properties":{"maxweight":"12"}},{"type":"Feature","geometry":{"type":"Point","coordinates":[10.7979426,52.4356645]},"properties":{"hgv":"no"}},{"type":"Feature","geometry":{"type":"Point","coordinates":[10.252575,52.3468097]},"properties":{"hgv":"no"}},{"type":"Feature","geometry":{"type":"Point","coordinates":[10.7994818,52.4287826]},"properties":{"maxweight":"7.5"}},{"type":"Feature","geometry":{"type":"Point","coordinates":[10.5179241,52.3145136]},"properties":{"maxheight":"default"}},{"type":"Feature","geometry":{"type":"Point","coordinates":[10.7330745,52.3979489]},"properties":{"maxweight":"1.5"}},{"type":"Feature","geometry":{"type":"Point","coordinates":[10.0010104,52.4455728]},"properties":{"maxheight":"default"}},{"type":"Feature","geometry":{"type":"Point","coordinates":[10.4254552,52.2026012]},"properties":{"maxweight":"30"}},{"type":"Feature","geometry":{"type":"Point","coordinates":[10.5099475,52.2612498]},"properties":{"hgv":"destination","maxweight":"12"}},{"type":"Feature","geometry":{"type":"Point","coordinates":[10.5100016,52.2612458]},"properties":{"hgv":"destination"}},{"type":"Feature","geometry":{"type":"Point","coordinates":[10.7836993,52.441024]},"properties":{"hgv":"no"}},{"type":"Feature","geometry":{"type":"Point","coordinates":[10.7836786,52.4411193]},"properties":{"hgv":"no","maxweight":"3.5"}},{"type":"Feature","geometry":{"type":"Point","coordinates":[10.7689914,52.4268457]},"properties":{"maxweightrating:hgv":"12"}},{"type":"Feature","geometry":{"type":"Point","coordinates":[10.8478113,52.4155963]},"properties":{"hgv":"destination"}},{"type":"Feature","geometry":{"type":"Point","coordinates":[10.2842529,52.4788322]},"properties":{"hgv":"no"}},{"type":"Feature","geometry":{"type":"Point","coordinates":[10.9764261,52.4462836]},"properties":{"hgv":"agricultural"}},{"type":"Feature","geometry":{"type":"Point","coordinates":[10.7971463,52.4374603]},"properties":{"hgv":"no"}},{"type":"Feature","geometry":{"type":"Point","coordinates":[10.2991867,52.2553988]},"properties":{"hgv":"no","goods":"no"}},{"type":"Feature","geometry":{"type":"Point","coordinates":[10.1955331,52.4662207]},"properties":{"hgv":"delivery;agricultural"}},{"type":"Feature","geometry":{"type":"Point","coordinates":[10.7520151,52.4005715]},"properties":{"maxheight":"4"}},{"type":"Feature","geometry":{"type":"Point","coordinates":[10.741501,52.4365367]},"properties":{"maxheight":"2.1"}},{"type":"Feature","geometry":{"type":"Point","coordinates":[10.0697103,52.0293862]},"properties":{"maxweight":"3.5"}},{"type":"Feature","geometry":{"type":"Point","coordinates":[10.5264086,52.4943798]},"properties":{"maxheight":"default"}},{"type":"Feature","geometry":{"type":"Point","coordinates":[10.7909794,52.4277768]},"properties":{"maxheight":"4"}},{"type":"Feature","geometry":{"type":"Point","coordinates":[10.7892177,52.4279095]},"properties":{"maxheight":"4"}},{"type":"Feature","geometry":{"type":"Point","coordinates":[10.2808284,52.399596]},"properties":{"maxweight":"3.5"}},{"type":"Feature","geometry":{"type":"Point","coordinates":[10.5727831,52.1634779]},"properties":{"hgv":"no"}},{"type":"Feature","geometry":{"type":"Point","coordinates":[10.6353177,52.2161538]},"properties":{"hgv":"no"}},{"type":"Feature","geometry":{"type":"Point","coordinates":[10.8352739,52.304849]},"properties":{"hgv":"agricultural"}},{"type":"Feature","geometry":{"type":"Point","coordinates":[10.3069292,52.0602554]},"properties":{"maxweight":"16"}},{"type":"Feature","geometry":{"type":"Point","coordinates":[10.7497684,52.4600234]},"properties":{"hgv":"delivery"}},{"type":"Feature","geometry":{"type":"Point","coordinates":[10.7411056,52.4044242]},"properties":{"maxheight":"2"}},{"type":"Feature","geometry":{"type":"Point","coordinates":[10.7371809,52.402344]},"properties":{"hgv":"no"}},{"type":"Feature","geometry":{"type":"Point","coordinates":[10.023127,52.46507]},"properties":{"hgv":"destination"}},{"type":"Feature","geometry":{"type":"Point","coordinates":[10.0172923,52.4719913]},"properties":{"hgv":"destination"}},{"type":"Feature","geometry":{"type":"Point","coordinates":[10.7465017,52.3611523]},"properties":{"hgv":"no"}},{"type":"Feature","geometry":{"type":"Point","coordinates":[10.7480685,52.3603781]},"properties":{"maxweight":"5.5"}},{"type":"Feature","geometry":{"type":"Point","coordinates":[10.7500858,52.3603128]},"properties":{"maxweight":"5.5"}},{"type":"Feature","geometry":{"type":"Point","coordinates":[10.6587978,52.6446262]},"properties":{"hgv":"no"}},{"type":"Feature","geometry":{"type":"Point","coordinates":[10.6777993,52.4666599]},"properties":{"maxweight":"12"}},{"type":"Feature","geometry":{"type":"Point","coordinates":[10.3496661,52.026086]},"properties":{"maxweight":"7.5"}},{"type":"Feature","geometry":{"type":"Point","coordinates":[10.6648548,52.4735355]},"properties":{"maxheight":"5.7","maxwidth":"49.6"}},{"type":"Feature","geometry":{"type":"Point","coordinates":[10.4082936,52.0775494]},"properties":{"maxweight":"30"}},{"type":"Feature","geometry":{"type":"Point","coordinates":[10.7513234,52.4168745]},"properties":{"hgv":"no"}},{"type":"Feature","geometry":{"type":"Point","coordinates":[10.2871099,52.4089809]},"properties":{"maxweight":"3.5"}},{"type":"Feature","geometry":{"type":"Point","coordinates":[10.180884,52.4603114]},"properties":{"hgv":"no"}},{"type":"Feature","geometry":{"type":"Point","coordinates":[10.2410717,52.3458139]},"properties":{"hgv":"destination"}},{"type":"Feature","geometry":{"type":"Point","coordinates":[10.238855,52.3452111]},"properties":{"hgv":"destination"}},{"type":"Feature","geometry":{"type":"Point","coordinates":[10.2406562,52.3445149]},"properties":{"hgv":"destination"}},{"type":"Feature","geometry":{"type":"Point","coordinates":[10.2305095,52.332946]},"properties":{"hgv":"destination"}},{"type":"Feature","geometry":{"type":"Point","coordinates":[10.623977,52.2690525]},"properties":{"maxweight":"7.5"}},{"type":"Feature","geometry":{"type":"Point","coordinates":[10.222557,52.3320144]},"properties":{"hgv":"no"}},{"type":"Feature","geometry":{"type":"Point","coordinates":[10.2222013,52.3265833]},"properties":{"hgv":"no"}},{"type":"Feature","geometry":{"type":"Point","coordinates":[10.2103364,52.464379]},"properties":{"hgv":"agricultural;delivery"}},{"type":"Feature","geometry":{"type":"Point","coordinates":[10.0068594,52.0604744]},"properties":{"maxweight":"3.5"}},{"type":"Feature","geometry":{"type":"Point","coordinates":[10.5496951,52.2770591]},"properties":{"maxheight":"4.1"}},{"type":"Feature","geometry":{"type":"Point","coordinates":[10.9619977,52.9379554]},"properties":{"hgv":"no"}},{"type":"Feature","geometry":{"type":"Point","coordinates":[10.3829966,52.264337]},"properties":{"maxweight":"none"}},{"type":"Feature","geometry":{"type":"Point","coordinates":[10.3773747,52.2699136]},"properties":{"maxweight":"3.5"}},{"type":"Feature","geometry":{"type":"Point","coordinates":[10.7483868,52.4112912]},"properties":{"maxweight":"1.5"}},{"type":"Feature","geometry":{"type":"Point","coordinates":[10.3708639,52.2499074]},"properties":{"maxweight":"none"}},{"type":"Feature","geometry":{"type":"Point","coordinates":[10.1715517,52.2582432]},"properties":{"hgv":"destination"}},{"type":"Feature","geometry":{"type":"Point","coordinates":[10.3428628,52.2725432]},"properties":{"hgv":"no"}},{"type":"Feature","geometry":{"type":"Point","coordinates":[10.7936164,52.4163754]},"properties":{"hgv":"no"}},{"type":"Feature","geometry":{"type":"Point","coordinates":[10.2148457,52.2265848]},"properties":{"maxheight":"3.5"}},{"type":"Feature","geometry":{"type":"Point","coordinates":[10.3662707,52.259791]},"properties":{"maxheight":"default"}},{"type":"Feature","geometry":{"type":"Point","coordinates":[10.3542118,52.205616]},"properties":{"maxweight":"none"}},{"type":"Feature","geometry":{"type":"Point","coordinates":[10.6752602,52.4985646]},"properties":{"maxweight":"16"}},{"type":"Feature","geometry":{"type":"Point","coordinates":[10.6764631,52.4985802]},"properties":{"maxweight":"16"}},{"type":"Feature","geometry":{"type":"Point","coordinates":[10.6955214,52.5074605]},"properties":{"maxweight":"5"}},{"type":"Feature","geometry":{"type":"Point","coordinates":[10.9263886,52.9882334]},"properties":{"maxweight":"3.5"}},{"type":"Feature","geometry":{"type":"Point","coordinates":[10.798623,52.5185818]},"properties":{"maxweight":"60"}},{"type":"Feature","geometry":{"type":"Point","coordinates":[10.1879737,52.1092924]},"properties":{"maxheight":"default"}},{"type":"Feature","geometry":{"type":"Point","coordinates":[10.3258806,52.3385771]},"properties":{"maxheight":"default"}},{"type":"Feature","geometry":{"type":"Point","coordinates":[10.2359447,52.4338677]},"properties":{"hgv":"delivery"}},{"type":"Feature","geometry":{"type":"Point","coordinates":[10.4196619,52.9034022]},"properties":{"maxweight":"3.5"}},{"type":"Feature","geometry":{"type":"Point","coordinates":[10.5248053,52.2749255]},"properties":{"hgv":"destination"}},{"type":"Feature","geometry":{"type":"Point","coordinates":[10.5248345,52.2747898]},"properties":{"hgv":"destination"}},{"type":"Feature","geometry":{"type":"Point","coordinates":[10.5248695,52.2746555]},"properties":{"hgv":"destination"}},{"type":"Feature","geometry":{"type":"Point","coordinates":[10.5248968,52.2743673]},"properties":{"hgv":"destination"}},{"type":"Feature","geometry":{"type":"Point","coordinates":[10.5248847,52.2745176]},"properties":{"hgv":"destination"}},{"type":"Feature","geometry":{"type":"Point","coordinates":[10.6593957,52.8508784]},"properties":{"maxweight":"3.5"}},{"type":"Feature","geometry":{"type":"Point","coordinates":[10.3680918,52.2987911]},"properties":{"maxweight":"1.5"}},{"type":"Feature","geometry":{"type":"Point","coordinates":[10.3156317,52.1351771]},"properties":{"maxheight":"default"}},{"type":"Feature","geometry":{"type":"Point","coordinates":[10.4909276,52.2815729]},"properties":{"maxheight":"default"}},{"type":"Feature","geometry":{"type":"Point","coordinates":[10.4914307,52.2808474]},"properties":{"maxheight":"default"}},{"type":"Feature","geometry":{"type":"Point","coordinates":[10.5096728,52.3061441]},"properties":{"maxheight":"default"}},{"type":"Feature","geometry":{"type":"Point","coordinates":[10.2462993,52.3108881]},"properties":{"maxweight":"6"}},{"type":"Feature","geometry":{"type":"Point","coordinates":[10.2437725,52.3124305]},"properties":{"hgv":"no"}},{"type":"Feature","geometry":{"type":"Point","coordinates":[10.6970075,52.2676694]},"properties":{"maxheight":"default"}},{"type":"Feature","geometry":{"type":"Point","coordinates":[10.6961189,52.2672107]},"properties":{"maxheight":"default"}},{"type":"Feature","geometry":{"type":"Point","coordinates":[10.5708862,52.3129096]},"properties":{"maxheight":"default"}},{"type":"Feature","geometry":{"type":"Point","coordinates":[10.2969026,52.3352756]},"properties":{"maxheight":"default"}},{"type":"Feature","geometry":{"type":"Point","coordinates":[10.318508,52.3375599]},"properties":{"maxheight":"default"}},{"type":"Feature","geometry":{"type":"Point","coordinates":[10.2895235,52.3351496]},"properties":{"maxheight":"default"}},{"type":"Feature","geometry":{"type":"Point","coordinates":[10.2966075,52.3350957]},"properties":{"maxheight":"default"}},{"type":"Feature","geometry":{"type":"Point","coordinates":[10.3653538,52.4936437]},"properties":{"hgv":"agricultural"}},{"type":"Feature","geometry":{"type":"Point","coordinates":[10.2106521,52.4616798]},"properties":{"hgv":"agricultural;delivery"}},{"type":"Feature","geometry":{"type":"Point","coordinates":[10.2103364,52.464379]},"properties":{"hgv":"agricultural;delivery"}},{"type":"Feature","geometry":{"type":"Point","coordinates":[10.834026,52.4147955]},"properties":{"hgv":"destination"}},{"type":"Feature","geometry":{"type":"Point","coordinates":[10.2660438,52.3871914]},"properties":{"maxweight":"3.5"}},{"type":"Feature","geometry":{"type":"Point","coordinates":[10.9890258,52.2317224]},"properties":{"maxweight":"5"}},{"type":"Feature","geometry":{"type":"Point","coordinates":[10.9567088,52.9386696]},"properties":{"maxweight":"2.8"}},{"type":"Feature","geometry":{"type":"Point","coordinates":[10.5277301,52.269326]},"properties":{"hgv":"destination"}},{"type":"Feature","geometry":{"type":"Point","coordinates":[10.7440894,52.3982229]},"properties":{"hgv":"no"}},{"type":"Feature","geometry":{"type":"Point","coordinates":[10.7416062,52.3972633]},"properties":{"hgv":"no"}},{"type":"Feature","geometry":{"type":"Point","coordinates":[10.9957921,52.2008664]},"properties":{"maxheight":"4.5"}},{"type":"Feature","geometry":{"type":"Point","coordinates":[10.2630038,52.5629084]},"properties":{"maxweight":"16"}},{"type":"Feature","geometry":{"type":"Point","coordinates":[10.1387352,52.588092]},"properties":{"maxweight":"12"}},{"type":"Feature","geometry":{"type":"Point","coordinates":[10.9164583,52.1827342]},"properties":{"hgv":"destination"}},{"type":"Feature","geometry":{"type":"Point","coordinates":[10.2259806,52.920823]},"properties":{"hgv":"destination"}},{"type":"Feature","geometry":{"type":"Point","coordinates":[10.0060929,52.1471521]},"properties":{"hgv":"destination"}},{"type":"Feature","geometry":{"type":"Point","coordinates":[10.2049202,52.469271]},"properties":{"hgv":"no"}},{"type":"Feature","geometry":{"type":"Point","coordinates":[10.131472,52.0059665]},"properties":{"hgv":"destination"}},{"type":"Feature","geometry":{"type":"Point","coordinates":[10.1300884,52.0056615]},"properties":{"hgv":"destination"}},{"type":"Feature","geometry":{"type":"Point","coordinates":[10.2103736,52.4674928]},"properties":{"hgv":"delivery;agricultural"}},{"type":"Feature","geometry":{"type":"Point","coordinates":[10.2064132,52.4734392]},"properties":{"hgv":"no"}},{"type":"Feature","geometry":{"type":"Point","coordinates":[10.2101673,52.4673601]},"properties":{"hgv":"delivery;agricultural"}},{"type":"Feature","geometry":{"type":"Point","coordinates":[10.2151084,52.467139]},"properties":{"hgv":"no"}},{"type":"Feature","geometry":{"type":"Point","coordinates":[10.5920877,52.9912458]},"properties":{"maxweight":"3.5"}},{"type":"Feature","geometry":{"type":"Point","coordinates":[10.5490254,52.2895163]},"properties":{"maxweight":"12"}},{"type":"Feature","geometry":{"type":"Point","coordinates":[10.5500585,52.2899019]},"properties":{"maxweight":"12"}},{"type":"Feature","geometry":{"type":"Point","coordinates":[10.121658,52.0870659]},"properties":{"maxweight":"9"}},{"type":"Feature","geometry":{"type":"Point","coordinates":[10.0382908,52.1012082]},"properties":{"maxweight":"6.5"}},{"type":"Feature","geometry":{"type":"Point","coordinates":[10.1000197,52.0020601]},"properties":{"maxweight":"3.5 t"}},{"type":"Feature","geometry":{"type":"Point","coordinates":[10.0371984,52.0997399]},"properties":{"hgv":"no"}},{"type":"Feature","geometry":{"type":"Point","coordinates":[10.12992,52.6079304]},"properties":{"maxweight":"5"}},{"type":"Feature","geometry":{"type":"Point","coordinates":[10.6649889,52.8504026]},"properties":{"maxweight":"20"}},{"type":"Feature","geometry":{"type":"Point","coordinates":[10.6195441,52.8989154]},"properties":{"maxheight":"default"}},{"type":"Feature","geometry":{"type":"Point","coordinates":[10.9232607,52.8568709]},"properties":{"hgv":"agricultural","maxweight":"12"}},{"type":"Feature","geometry":{"type":"Point","coordinates":[10.3618915,52.5712582]},"properties":{"maxweight":"6"}},{"type":"Feature","geometry":{"type":"Point","coordinates":[10.9854878,52.8653714]},"properties":{"maxheight":"4"}},{"type":"Feature","geometry":{"type":"Point","coordinates":[10.9587139,52.9078391]},"properties":{"hgv":"destination","maxweight":"3.5"}},{"type":"Feature","geometry":{"type":"Point","coordinates":[10.9481308,52.9153744]},"properties":{"hgv":"agricultural","maxweight":"3.5"}},{"type":"Feature","geometry":{"type":"Point","coordinates":[10.9058195,52.8582819]},"properties":{"hgv":"agricultural","maxweight":"12"}},{"type":"Feature","geometry":{"type":"Point","coordinates":[10.1608832,52.0100425]},"properties":{"maxheight":"4"}},{"type":"Feature","geometry":{"type":"Point","coordinates":[10.220109,52.5869166]},"properties":{"maxweight":"15"}},{"type":"Feature","geometry":{"type":"Point","coordinates":[10.2200738,52.6099359]},"properties":{"maxweight":"5"}},{"type":"Feature","geometry":{"type":"Point","coordinates":[10.1421904,52.4615362]},"properties":{"hgv":"agricultural"}},{"type":"Feature","geometry":{"type":"Point","coordinates":[10.6068688,52.7298456]},"properties":{"hgv":"destination"}},{"type":"Feature","geometry":{"type":"Point","coordinates":[10.2997505,52.204438]},"properties":{"maxweight":"44"}},{"type":"Feature","geometry":{"type":"Point","coordinates":[10.9650919,52.8780958]},"properties":{"maxweight":"2.8"}},{"type":"Feature","geometry":{"type":"Point","coordinates":[10.7483223,52.4368674]},"properties":{"maxheight":"2"}},{"type":"Feature","geometry":{"type":"Point","coordinates":[10.7487385,52.4372272]},"properties":{"maxheight":"2"}},{"type":"Feature","geometry":{"type":"Point","coordinates":[10.885313,52.2904226]},"properties":{"maxheight":"3.8"}},{"type":"Feature","geometry":{"type":"Point","coordinates":[10.8294817,52.2963885]},"properties":{"maxweight":"3"}},{"type":"Feature","geometry":{"type":"Point","coordinates":[10.2187352,52.3249021]},"properties":{"hgv":"no"}},{"type":"Feature","geometry":{"type":"Point","coordinates":[10.3818494,52.1478191]},"properties":{"maxweight":"none"}},{"type":"Feature","geometry":{"type":"Point","coordinates":[10.850015,52.4359747]},"properties":{"hgv":"destination"}},{"type":"Feature","geometry":{"type":"Point","coordinates":[10.5287404,52.2345538]},"properties":{"maxheight":"default"}},{"type":"Feature","geometry":{"type":"Point","coordinates":[10.3726307,52.115]},"properties":{"maxheight":"default"}},{"type":"Feature","geometry":{"type":"Point","coordinates":[10.0272207,52.6394366]},"properties":{"maxweight":"5"}},{"type":"Feature","geometry":{"type":"Point","coordinates":[10.0338726,52.6378088]},"properties":{"hgv":"destination"}},{"type":"Feature","geometry":{"type":"Point","coordinates":[10.0263583,52.6063518]},"properties":{"maxweight":"6"}},{"type":"Feature","geometry":{"type":"Point","coordinates":[10.0106746,52.4459985]},"properties":{"hgv":"no"}},{"type":"Feature","geometry":{"type":"Point","coordinates":[10.0106746,52.4459985]},"properties":{"hgv":"no"}},{"type":"Feature","geometry":{"type":"Point","coordinates":[10.1616141,52.08346]},"properties":{"maxweight":"3.5"}},{"type":"Feature","geometry":{"type":"Point","coordinates":[10.8858189,52.1957653]},"properties":{"hgv":"agricultural"}},{"type":"Feature","geometry":{"type":"Point","coordinates":[10.8742023,52.1967485]},"properties":{"maxweight":"7.5"}},{"type":"Feature","geometry":{"type":"Point","coordinates":[10.8051562,52.3290427]},"properties":{"maxweight":"24"}},{"type":"Feature","geometry":{"type":"Point","coordinates":[10.809246,52.3114845]},"properties":{"maxheight":"3.7"}},{"type":"Feature","geometry":{"type":"Point","coordinates":[10.358764,52.5673913]},"properties":{"maxweight":"6"}},{"type":"Feature","geometry":{"type":"Point","coordinates":[10.0847838,52.6316785]},"properties":{"hgv":"destination"}},{"type":"Feature","geometry":{"type":"Point","coordinates":[10.3870695,52.5984004]},"properties":{"hgv":"no"}},{"type":"Feature","geometry":{"type":"Point","coordinates":[10.1613928,52.0038885]},"properties":{"maxlength":"10"}},{"type":"Feature","geometry":{"type":"Point","coordinates":[10.0157333,52.5791372]},"properties":{"maxweight":"30"}},{"type":"Feature","geometry":{"type":"Point","coordinates":[10.5184461,52.1397434]},"properties":{"hgv":"no"}},{"type":"Feature","geometry":{"type":"Point","coordinates":[10.8161048,52.250545]},"properties":{"maxheight":"3.5","maxwidth":"2.1"}},{"type":"Feature","geometry":{"type":"Point","coordinates":[10.1813562,52.6120116]},"properties":{"maxweight":"5"}},{"type":"Feature","geometry":{"type":"Point","coordinates":[10.8290444,52.2803517]},"properties":{"hgv":"destination"}},{"type":"Feature","geometry":{"type":"Point","coordinates":[10.076453,52.6217383]},"properties":{"hgv":"destination"}},{"type":"Feature","geometry":{"type":"Point","coordinates":[10.0052821,52.4644012]},"properties":{"hgv":"no"}},{"type":"Feature","geometry":{"type":"Point","coordinates":[10.0719828,52.0337568]},"properties":{"maxlength":"8"}},{"type":"Feature","geometry":{"type":"Point","coordinates":[10.8317094,52.2915284]},"properties":{"maxweight":"12.5"}},{"type":"Feature","geometry":{"type":"Point","coordinates":[10.1697109,52.2264252]},"properties":{"maxweight":"3.5"}},{"type":"Feature","geometry":{"type":"Point","coordinates":[10.2509982,52.6267813]},"properties":{"maxweight":"3"}},{"type":"Feature","geometry":{"type":"Point","coordinates":[10.2510879,52.6265957]},"properties":{"maxweight":"3"}},{"type":"Feature","geometry":{"type":"Point","coordinates":[10.2511663,52.6263039]},"properties":{"maxweight":"3"}},{"type":"Feature","geometry":{"type":"Point","coordinates":[10.2597865,52.6434509]},"properties":{"hgv":"destination"}},{"type":"Feature","geometry":{"type":"Point","coordinates":[10.2531774,52.641621]},"properties":{"hgv":"destination"}},{"type":"Feature","geometry":{"type":"Point","coordinates":[10.2571797,52.6414775]},"properties":{"hgv":"destination","maxweight":"7.5"}},{"type":"Feature","geometry":{"type":"Point","coordinates":[10.2120913,52.4688068]},"properties":{"maxheight":"3.9"}},{"type":"Feature","geometry":{"type":"Point","coordinates":[10.4103379,52.5054523]},"properties":{"maxweight":"2.8"}},{"type":"Feature","geometry":{"type":"Point","coordinates":[10.7834789,52.4419407]},"properties":{"hgv":"no"}},{"type":"Feature","geometry":{"type":"Point","coordinates":[10.5469085,52.9220031]},"properties":{"maxweight":"3.5"}},{"type":"Feature","geometry":{"type":"Point","coordinates":[10.789071,52.4446967]},"properties":{"hgv":"destination"}},{"type":"Feature","geometry":{"type":"Point","coordinates":[10.5415311,52.1634143]},"properties":{"hgv":"no"}},{"type":"Feature","geometry":{"type":"Point","coordinates":[10.2547562,52.4815375]},"properties":{"hgv":"no"}},{"type":"Feature","geometry":{"type":"Point","coordinates":[10.2597286,52.4786719]},"properties":{"hgv":"no"}},{"type":"Feature","geometry":{"type":"Point","coordinates":[10.0613175,52.573585]},"properties":{"maxweight":"5.5"}},{"type":"Feature","geometry":{"type":"Point","coordinates":[10.8507459,52.3034061]},"properties":{"maxheight":"default"}},{"type":"Feature","geometry":{"type":"Point","coordinates":[10.2344432,52.6270586]},"properties":{"maxweight":"5"}},{"type":"Feature","geometry":{"type":"Point","coordinates":[10.2220623,52.629537]},"properties":{"maxweight":"5"}},{"type":"Feature","geometry":{"type":"Point","coordinates":[10.5807155,52.9386981]},"properties":{"maxweight":"3.5"}},{"type":"Feature","geometry":{"type":"Point","coordinates":[10.1828276,52.0902501]},"properties":{"maxheight":"4.3"}},{"type":"Feature","geometry":{"type":"Point","coordinates":[10.0488266,52.4835928]},"properties":{"hgv":"agricultural"}},{"type":"Feature","geometry":{"type":"Point","coordinates":[10.0576043,52.4834952]},"properties":{"hgv":"agricultural"}},{"type":"Feature","geometry":{"type":"Point","coordinates":[10.2050025,52.4657526]},"properties":{"hgv":"delivery"}},{"type":"Feature","geometry":{"type":"Point","coordinates":[10.5464564,52.1498955]},"properties":{"maxweight":"7.5"}},{"type":"Feature","geometry":{"type":"Point","coordinates":[10.5200152,52.2657195]},"properties":{"maxweight":"7.5"}},{"type":"Feature","geometry":{"type":"Point","coordinates":[10.0585043,52.6196032]},"properties":{"maxweight":"24"}},{"type":"Feature","geometry":{"type":"Point","coordinates":[10.8134958,52.2440256]},"properties":{"maxweight":"30"}},{"type":"Feature","geometry":{"type":"Point","coordinates":[10.83293,52.2764736]},"properties":{"hgv":"destination"}},{"type":"Feature","geometry":{"type":"Point","coordinates":[10.8325274,52.2746604]},"properties":{"hgv":"destination"}},{"type":"Feature","geometry":{"type":"Point","coordinates":[10.1704559,52.4245375]},"properties":{"hgv":"agricultural"}},{"type":"Feature","geometry":{"type":"Point","coordinates":[10.1673983,52.432414]},"properties":{"hgv":"agricultural"}},{"type":"Feature","geometry":{"type":"Point","coordinates":[10.8595257,52.4317201]},"properties":{"hgv":"destination"}},{"type":"Feature","geometry":{"type":"Point","coordinates":[10.1669052,52.3596981]},"properties":{"maxheight":"default"}},{"type":"Feature","geometry":{"type":"Point","coordinates":[10.5108806,52.1760938]},"properties":{"maxweight":"7.5"}},{"type":"Feature","geometry":{"type":"Point","coordinates":[10.0583597,52.4835061]},"properties":{"hgv":"agricultural"}},{"type":"Feature","geometry":{"type":"Point","coordinates":[10.0581721,52.4834948]},"properties":{"hgv":"agricultural","maxweight":"12"}},{"type":"Feature","geometry":{"type":"Point","coordinates":[10.0038898,52.4977694]},"properties":{"maxheight":"default"}},{"type":"Feature","geometry":{"type":"Point","coordinates":[10.5180339,52.2489383]},"properties":{"hgv":"no","maxheight":"2.15"}},{"type":"Feature","geometry":{"type":"Point","coordinates":[10.5187305,52.2494247]},"properties":{"maxheight":"2.15"}},{"type":"Feature","geometry":{"type":"Point","coordinates":[10.0505975,52.5828874]},"properties":{"maxweight":"9"}},{"type":"Feature","geometry":{"type":"Point","coordinates":[10.0537526,52.5841491]},"properties":{"maxweight":"9"}},{"type":"Feature","geometry":{"type":"Point","coordinates":[10.5178825,52.2612809]},"properties":{"hgv":"destination"}},{"type":"Feature","geometry":{"type":"Point","coordinates":[10.8132186,52.4306611]},"properties":{"maxheight":"4"}},{"type":"Feature","geometry":{"type":"Point","coordinates":[10.1829369,52.5583985]},"properties":{"hgv":"destination","goods":"destination"}},{"type":"Feature","geometry":{"type":"Point","coordinates":[10.5301258,52.2692673]},"properties":{"hgv":"destination"}},{"type":"Feature","geometry":{"type":"Point","coordinates":[10.0149765,52.4741162]},"properties":{"hgv":"destination"}},{"type":"Feature","geometry":{"type":"Point","coordinates":[10.0077909,52.4621786]},"properties":{"maxheight":"default"}},{"type":"Feature","geometry":{"type":"Point","coordinates":[10.9579571,52.1382945]},"properties":{"hgv":"destination"}},{"type":"Feature","geometry":{"type":"Point","coordinates":[10.9577113,52.1387593]},"properties":{"hgv":"no"}},{"type":"Feature","geometry":{"type":"Point","coordinates":[10.5201786,52.2655976]},"properties":{"hgv":"destination"}},{"type":"Feature","geometry":{"type":"Point","coordinates":[10.2468442,52.1346234]},"properties":{"maxheight":"default"}},{"type":"Feature","geometry":{"type":"Point","coordinates":[10.9357887,52.4061247]},"properties":{"hgv":"no"}},{"type":"Feature","geometry":{"type":"Point","coordinates":[10.6704983,52.4573146]},"properties":{"maxweight":"5"}},{"type":"Feature","geometry":{"type":"Point","coordinates":[10.157139,52.4301614]},"properties":{"hgv":"agricultural","maxweight":"7.5"}},{"type":"Feature","geometry":{"type":"Point","coordinates":[10.6227098,52.1174083]},"properties":{"maxweight":"3.5"}},{"type":"Feature","geometry":{"type":"Point","coordinates":[10.6556895,52.1086543]},"properties":{"maxweight":"3.5"}},{"type":"Feature","geometry":{"type":"Point","coordinates":[10.6567971,52.1047927]},"properties":{"maxweight":"3.5"}},{"type":"Feature","geometry":{"type":"Point","coordinates":[10.6757408,52.3311275]},"properties":{"hgv":"no"}},{"type":"Feature","geometry":{"type":"Point","coordinates":[10.6827127,52.3334861]},"properties":{"hgv":"agricultural","maxweightrating:hgv":"7.5"}},{"type":"Feature","geometry":{"type":"Point","coordinates":[10.7040978,52.3450128]},"properties":{"hgv":"no"}},{"type":"Feature","geometry":{"type":"Point","coordinates":[10.6329435,52.2112853]},"properties":{"maxweight":"16"}},{"type":"Feature","geometry":{"type":"Point","coordinates":[10.6592582,52.1012827]},"properties":{"maxweight":"7.5"}},{"type":"Feature","geometry":{"type":"Point","coordinates":[10.6828422,52.1022088]},"properties":{"maxweight":"7.5"}},{"type":"Feature","geometry":{"type":"Point","coordinates":[10.7300475,52.0963628]},"properties":{"hgv":"no"}},{"type":"Feature","geometry":{"type":"Point","coordinates":[10.1151481,52.3556323]},"properties":{"hgv":"destination"}},{"type":"Feature","geometry":{"type":"Point","coordinates":[10.1196776,52.3729438]},"properties":{"hgv":"destination"}},{"type":"Feature","geometry":{"type":"Point","coordinates":[10.08345,52.3879308]},"properties":{"maxheight":"default"}},{"type":"Feature","geometry":{"type":"Point","coordinates":[10.5200211,52.2656304]},"properties":{"hgv":"destination"}},{"type":"Feature","geometry":{"type":"Point","coordinates":[10.1879736,52.0788208]},"properties":{"maxheight":"4"}},{"type":"Feature","geometry":{"type":"Point","coordinates":[10.443851,52.1552969]},"properties":{"hgv":"no","goods":"no"}},{"type":"Feature","geometry":{"type":"Point","coordinates":[10.115875,52.3564264]},"properties":{"hgv":"destination"}},{"type":"Feature","geometry":{"type":"Point","coordinates":[10.2393497,52.7351204]},"properties":{"maxweight":"2.8"}},{"type":"Feature","geometry":{"type":"Point","coordinates":[10.2497406,52.1298598]},"properties":{"maxweight":"1.8"}},{"type":"Feature","geometry":{"type":"Point","coordinates":[10.8437282,52.4441554]},"properties":{"maxweight":"5.5"}},{"type":"Feature","geometry":{"type":"Point","coordinates":[10.5558865,52.152561]},"properties":{"hgv":"destination"}},{"type":"Feature","geometry":{"type":"Point","coordinates":[10.8936392,52.3814325]},"properties":{"hgv":"destination","maxwidth":"3"}},{"type":"Feature","geometry":{"type":"Point","coordinates":[10.1137201,52.5995033]},"properties":{"hgv":"destination"}},{"type":"Feature","geometry":{"type":"Point","coordinates":[10.5205699,52.1490723]},"properties":{"maxweight":"7.5"}},{"type":"Feature","geometry":{"type":"Point","coordinates":[10.5161483,52.1458846]},"properties":{"maxweight":"7.5"}},{"type":"Feature","geometry":{"type":"Point","coordinates":[10.5932567,52.2535358]},"properties":{"maxweight":"7.5"}},{"type":"Feature","geometry":{"type":"Point","coordinates":[10.2337287,52.7429572]},"properties":{"maxheight":"default"}},{"type":"Feature","geometry":{"type":"Point","coordinates":[10.987462,52.4289855]},"properties":{"hgv":"delivery"}},{"type":"Feature","geometry":{"type":"Point","coordinates":[10.9859301,52.4297891]},"properties":{"hgv":"no"}},{"type":"Feature","geometry":{"type":"Point","coordinates":[10.9774033,52.4548735]},"properties":{"hgv":"destination;private"}},{"type":"Feature","geometry":{"type":"Point","coordinates":[10.5402631,52.1561964]},"properties":{"maxweight":"7.5"}},{"type":"Feature","geometry":{"type":"Point","coordinates":[10.73837,52.2391842]},"properties":{"hgv":"no","goods":"no"}},{"type":"Feature","geometry":{"type":"Point","coordinates":[10.2520128,52.6583468]},"properties":{"maxweight":"6"}},{"type":"Feature","geometry":{"type":"Point","coordinates":[10.2478603,52.6588869]},"properties":{"maxweight":"6"}},{"type":"Feature","geometry":{"type":"Point","coordinates":[10.2512716,52.6585599]},"properties":{"maxweight":"6"}},{"type":"Feature","geometry":{"type":"Point","coordinates":[10.7671867,52.4305473]},"properties":{"hgv":"no"}},{"type":"Feature","geometry":{"type":"Point","coordinates":[10.7414662,52.4595292]},"properties":{"maxweight":"60"}},{"type":"Feature","geometry":{"type":"Point","coordinates":[10.6132211,52.9123254]},"properties":{"maxweight":"30"}},{"type":"Feature","geometry":{"type":"Point","coordinates":[10.488197,52.1114621]},"properties":{"maxheight":"default"}},{"type":"Feature","geometry":{"type":"Point","coordinates":[10.292843,52.6469074]},"properties":{"maxweight":"12"}},{"type":"Feature","geometry":{"type":"Point","coordinates":[10.2932876,52.6481046]},"properties":{"maxweight":"12"}},{"type":"Feature","geometry":{"type":"Point","coordinates":[10.2931616,52.6484788]},"properties":{"maxweight":"12"}},{"type":"Feature","geometry":{"type":"Point","coordinates":[10.3430393,52.703172]},"properties":{"maxweight":"12"}},{"type":"Feature","geometry":{"type":"Point","coordinates":[10.3440643,52.7029497]},"properties":{"maxweight":"12"}},{"type":"Feature","geometry":{"type":"Point","coordinates":[10.5189423,52.2684621]},"properties":{"hgv":"destination"}},{"type":"Feature","geometry":{"type":"Point","coordinates":[10.5189736,52.2684767]},"properties":{"hgv":"destination"}},{"type":"Feature","geometry":{"type":"Point","coordinates":[10.3980811,52.1496674]},"properties":{"maxweight":"16.0"}},{"type":"Feature","geometry":{"type":"Point","coordinates":[10.518358,52.2619441]},"properties":{"hgv":"destination"}},{"type":"Feature","geometry":{"type":"Point","coordinates":[10.9693096,52.9225292]},"properties":{"hgv":"agricultural"}},{"type":"Feature","geometry":{"type":"Point","coordinates":[10.7258468,52.3576224]},"properties":{"maxheight":"4"}},{"type":"Feature","geometry":{"type":"Point","coordinates":[10.2042952,52.5908179]},"properties":{"maxweight":"5"}},{"type":"Feature","geometry":{"type":"Point","coordinates":[10.1904093,52.5929083]},"properties":{"maxweight":"5"}},{"type":"Feature","geometry":{"type":"Point","coordinates":[10.6075353,52.4970701]},"properties":{"maxweight":"16"}},{"type":"Feature","geometry":{"type":"Point","coordinates":[10.5540794,52.507117]},"properties":{"maxweight":"24"}},{"type":"Feature","geometry":{"type":"Point","coordinates":[10.9670812,52.5887352]},"properties":{"maxweight":"1.5"}},{"type":"Feature","geometry":{"type":"Point","coordinates":[10.7821645,52.4311256]},"properties":{"maxheight":"3.2"}},{"type":"Feature","geometry":{"type":"Point","coordinates":[10.592532,52.4960993]},"properties":{"maxweight":"6"}},{"type":"Feature","geometry":{"type":"Point","coordinates":[10.5924024,52.4959863]},"properties":{"maxweight":"6"}},{"type":"Feature","geometry":{"type":"Point","coordinates":[10.0391245,52.7047765]},"properties":{"maxweight":"5"}},{"type":"Feature","geometry":{"type":"Point","coordinates":[10.0524163,52.6816448]},"properties":{"maxweight":"5"}},{"type":"Feature","geometry":{"type":"Point","coordinates":[10.0647094,52.7051423]},"properties":{"maxweight":"5"}},{"type":"Feature","geometry":{"type":"Point","coordinates":[10.2825438,52.1844723]},"properties":{"maxweight":"7.5"}},{"type":"Feature","geometry":{"type":"Point","coordinates":[10.0817351,52.9869851]},"properties":{"maxweight":"3.5"}},{"type":"Feature","geometry":{"type":"Point","coordinates":[10.0798264,52.9871638]},"properties":{"maxweight":"3.5"}},{"type":"Feature","geometry":{"type":"Point","coordinates":[10.9929228,52.9841032]},"properties":{"hgv":"agricultural","maxweight":"3.5"}},{"type":"Feature","geometry":{"type":"Point","coordinates":[10.5201284,52.2669935]},"properties":{"hgv":"destination"}},{"type":"Feature","geometry":{"type":"Point","coordinates":[10.9537999,52.9311333]},"properties":{"hgv":"agricultural","maxweight":"3.5"}},{"type":"Feature","geometry":{"type":"Point","coordinates":[10.0029745,52.3242394]},"properties":{"maxweight":"6.5"}},{"type":"Feature","geometry":{"type":"Point","coordinates":[10.4189396,52.7510388]},"properties":{"maxweight":"5"}},{"type":"Feature","geometry":{"type":"Point","coordinates":[10.5852185,52.9669541]},"properties":{"maxheight":"default"}},{"type":"Feature","geometry":{"type":"Point","coordinates":[10.1312811,52.0039674]},"properties":{"hgv":"destination"}},{"type":"Feature","geometry":{"type":"Point","coordinates":[10.1466937,52.6123179]},"properties":{"maxweight":"5"}},{"type":"Feature","geometry":{"type":"Point","coordinates":[10.1300957,52.6079776]},"properties":{"maxweight":"5"}},{"type":"Feature","geometry":{"type":"Point","coordinates":[10.2630306,52.5666933]},"properties":{"maxweight":"16 t"}},{"type":"Feature","geometry":{"type":"Point","coordinates":[10.558279,52.234126]},"properties":{"maxheight":"3.1"}},{"type":"Feature","geometry":{"type":"Point","coordinates":[10.0068815,52.3365127]},"properties":{"maxweight":"6.5"}},{"type":"Feature","geometry":{"type":"Point","coordinates":[10.1689615,52.4766114]},"properties":{"maxweight":"16"}},{"type":"Feature","geometry":{"type":"Point","coordinates":[10.1644411,52.4742015]},"properties":{"maxweight":"6"}},{"type":"Feature","geometry":{"type":"Point","coordinates":[10.6146181,52.5867705]},"properties":{"maxweight":"6"}},{"type":"Feature","geometry":{"type":"Point","coordinates":[10.4923208,52.283354]},"properties":{"maxheight":"default"}},{"type":"Feature","geometry":{"type":"Point","coordinates":[10.5266877,52.268401]},"properties":{"hgv":"destination"}},{"type":"Feature","geometry":{"type":"Point","coordinates":[10.5144549,52.2673149]},"properties":{"hgv":"destination"}},{"type":"Feature","geometry":{"type":"Point","coordinates":[10.5141031,52.2628106]},"properties":{"hgv":"destination"}},{"type":"Feature","geometry":{"type":"Point","coordinates":[10.1731852,52.4024053]},"properties":{"hgv":"no"}},{"type":"Feature","geometry":{"type":"Point","coordinates":[10.3289795,52.413915]},"properties":{"maxweight":"16"}},{"type":"Feature","geometry":{"type":"Point","coordinates":[10.1403449,52.0122971]},"properties":{"hgv":"no"}},{"type":"Feature","geometry":{"type":"Point","coordinates":[10.5195725,52.3031102]},"properties":{"hgv":"destination","goods":"destination"}},{"type":"Feature","geometry":{"type":"Point","coordinates":[10.651222,52.2544454]},"properties":{"maxheight":"default"}},{"type":"Feature","geometry":{"type":"Point","coordinates":[10.0798838,52.629112]},"properties":{"maxweight":"1.5"}},{"type":"Feature","geometry":{"type":"Point","coordinates":[10.1110132,52.6378357]},"properties":{"hgv":"destination"}},{"type":"Feature","geometry":{"type":"Point","coordinates":[10.2890501,52.135593]},"properties":{"maxheight":"default"}},{"type":"Feature","geometry":{"type":"Point","coordinates":[10.1850991,52.1068659]},"properties":{"maxheight":"default"}},{"type":"Feature","geometry":{"type":"Point","coordinates":[10.5193295,52.3022097]},"properties":{"hgv":"destination","goods":"destination"}},{"type":"Feature","geometry":{"type":"Point","coordinates":[10.8836315,52.8803866]},"properties":{"hgv":"agricultural","maxweight":"7.5"}},{"type":"Feature","geometry":{"type":"Point","coordinates":[10.1510249,52.6517904]},"properties":{"maxweight":"5"}},{"type":"Feature","geometry":{"type":"Point","coordinates":[10.1467144,52.6477787]},"properties":{"maxweight":"5"}},{"type":"Feature","geometry":{"type":"Point","coordinates":[10.7615748,52.426454]},"properties":{"maxweight":"12"}},{"type":"Feature","geometry":{"type":"Point","coordinates":[10.7496589,52.4056253]},"properties":{"maxweight":"1.5"}},{"type":"Feature","geometry":{"type":"Point","coordinates":[10.5204201,52.2745653]},"properties":{"hgv":"destination"}},{"type":"Feature","geometry":{"type":"Point","coordinates":[10.4910868,52.283324]},"properties":{"maxheight":"default"}},{"type":"Feature","geometry":{"type":"Point","coordinates":[10.4945723,52.2532994]},"properties":{"maxheight":"4.3"}},{"type":"Feature","geometry":{"type":"Point","coordinates":[10.4822717,52.3059744]},"properties":{"hgv":"destination"}},{"type":"Feature","geometry":{"type":"Point","coordinates":[10.5131844,52.2678409]},"properties":{"hgv":"destination"}},{"type":"Feature","geometry":{"type":"Point","coordinates":[10.5135303,52.2675168]},"properties":{"hgv":"destination"}},{"type":"Feature","geometry":{"type":"Point","coordinates":[10.5156754,52.2667127]},"properties":{"hgv":"destination"}},{"type":"Feature","geometry":{"type":"Point","coordinates":[10.5192304,52.2639577]},"properties":{"maxheight":"1.85"}},{"type":"Feature","geometry":{"type":"Point","coordinates":[10.2580554,52.5659886]},"properties":{"maxweight":"16 t"}},{"type":"Feature","geometry":{"type":"Point","coordinates":[10.7078357,52.5032293]},"properties":{"maxweight":"5"}},{"type":"Feature","geometry":{"type":"Point","coordinates":[10.8842791,52.2899423]},"properties":{"hgv":"no"}},{"type":"Feature","geometry":{"type":"Point","coordinates":[10.6022229,52.0298774]},"properties":{"maxlength":"11"}},{"type":"Feature","geometry":{"type":"Point","coordinates":[10.5236843,52.2612677]},"properties":{"hgv":"destination"}},{"type":"Feature","geometry":{"type":"Point","coordinates":[10.609185,52.4377657]},"properties":{"maxheight":"4"}},{"type":"Feature","geometry":{"type":"Point","coordinates":[10.0655576,52.4834414]},"properties":{"hgv":"agricultural"}},{"type":"Feature","geometry":{"type":"Point","coordinates":[10.5201404,52.2667068]},"properties":{"hgv":"destination"}},{"type":"Feature","geometry":{"type":"Point","coordinates":[10.3740469,52.1775443]},"properties":{"maxheight":"default"}},{"type":"Feature","geometry":{"type":"Point","coordinates":[10.1550719,52.6712903]},"properties":{"maxweight":"5.5"}},{"type":"Feature","geometry":{"type":"Point","coordinates":[10.2018745,52.7148794]},"properties":{"hgv":"no"}},{"type":"Feature","geometry":{"type":"Point","coordinates":[10.2542249,52.7424728]},"properties":{"maxweight":"5"}},{"type":"Feature","geometry":{"type":"Point","coordinates":[10.8077415,52.1042059]},"properties":{"maxweight":"10"}},{"type":"Feature","geometry":{"type":"Point","coordinates":[10.0633022,52.6469611]},"properties":{"hgv":"agricultural"}},{"type":"Feature","geometry":{"type":"Point","coordinates":[10.8032616,52.3335056]},"properties":{"maxweight":"16"}},{"type":"Feature","geometry":{"type":"Point","coordinates":[10.8012211,52.3314551]},"properties":{"maxheight":"3.8"}},{"type":"Feature","geometry":{"type":"Point","coordinates":[10.8331067,52.2922319]},"properties":{"maxweight":"12.5"}},{"type":"Feature","geometry":{"type":"Point","coordinates":[10.1794084,52.0880441]},"properties":{"maxheight":"default"}},{"type":"Feature","geometry":{"type":"Point","coordinates":[10.4938069,52.2834119]},"properties":{"maxheight":"3.2"}},{"type":"Feature","geometry":{"type":"Point","coordinates":[10.7799167,52.4461734]},"properties":{"hgv":"destination"}},{"type":"Feature","geometry":{"type":"Point","coordinates":[10.518532,52.2666955]},"properties":{"hgv":"destination"}},{"type":"Feature","geometry":{"type":"Point","coordinates":[10.1669677,52.4779356]},"properties":{"maxweight":"16"}},{"type":"Feature","geometry":{"type":"Point","coordinates":[10.1287149,52.4961424]},"properties":{"maxweight":"3.5"}},{"type":"Feature","geometry":{"type":"Point","coordinates":[10.6464473,52.2491682]},"properties":{"hgv":"no"}},{"type":"Feature","geometry":{"type":"Point","coordinates":[10.9294756,52.0918573]},"properties":{"maxweight":"12"}},{"type":"Feature","geometry":{"type":"Point","coordinates":[10.5365826,52.2517642]},"properties":{"hgv":"no","goods":"private"}},{"type":"Feature","geometry":{"type":"Point","coordinates":[10.5284649,52.2008295]},"properties":{"maxheight":"default"}},{"type":"Feature","geometry":{"type":"Point","coordinates":[10.5399589,52.1609581]},"properties":{"maxweight":"7.5"}},{"type":"Feature","geometry":{"type":"Point","coordinates":[10.5402204,52.1630517]},"properties":{"maxweight":"7.5"}},{"type":"Feature","geometry":{"type":"Point","coordinates":[10.52745,52.2667357]},"properties":{"hgv":"destination"}},{"type":"Feature","geometry":{"type":"Point","coordinates":[10.1598438,52.5361303]},"properties":{"hgv":"destination"}},{"type":"Feature","geometry":{"type":"Point","coordinates":[10.1766,52.53758]},"properties":{"maxweight":"5"}},{"type":"Feature","geometry":{"type":"Point","coordinates":[10.1269597,52.6230186]},"properties":{"maxweight":"24"}},{"type":"Feature","geometry":{"type":"Point","coordinates":[10.1551878,52.6362445]},"properties":{"maxweight":"12"}},{"type":"Feature","geometry":{"type":"Point","coordinates":[10.1436238,52.6351952]},"properties":{"maxweight":"12"}},{"type":"Feature","geometry":{"type":"Point","coordinates":[10.1575974,52.6365785]},"properties":{"maxweight":"12"}},{"type":"Feature","geometry":{"type":"Point","coordinates":[10.2346305,52.1892145]},"properties":{"maxweight":"3.5"}},{"type":"Feature","geometry":{"type":"Point","coordinates":[10.7378538,52.3937452]},"properties":{"maxheight":"default"}},{"type":"Feature","geometry":{"type":"Point","coordinates":[10.7992041,52.4270918]},"properties":{"maxheight":"4"}},{"type":"Feature","geometry":{"type":"Point","coordinates":[10.5133175,52.281613]},"properties":{"maxheight":"2"}},{"type":"Feature","geometry":{"type":"Point","coordinates":[10.7705057,52.4489818]},"properties":{"hgv":"destination"}},{"type":"Feature","geometry":{"type":"Point","coordinates":[10.5712631,52.2511353]},"properties":{"maxheight":"default"}},{"type":"Feature","geometry":{"type":"Point","coordinates":[10.492128,52.2724361]},"properties":{"maxheight":"default"}},{"type":"Feature","geometry":{"type":"Point","coordinates":[10.3311939,52.1401841]},"properties":{"maxheight":"4"}},{"type":"Feature","geometry":{"type":"Point","coordinates":[10.7777033,52.4467644]},"properties":{"hgv":"destination"}},{"type":"Feature","geometry":{"type":"Point","coordinates":[10.7744001,52.4475631]},"properties":{"hgv":"destination"}},{"type":"Feature","geometry":{"type":"Point","coordinates":[10.4991714,52.2547351]},"properties":{"maxheight":"5"}},{"type":"Feature","geometry":{"type":"Point","coordinates":[10.6363327,52.251932]},"properties":{"maxheight":"default"}},{"type":"Feature","geometry":{"type":"Point","coordinates":[10.6418394,52.252951]},"properties":{"maxheight":"default"}},{"type":"Feature","geometry":{"type":"Point","coordinates":[10.2078559,52.466377]},"properties":{"hgv":"delivery;agricultural"}},{"type":"Feature","geometry":{"type":"Point","coordinates":[10.2045903,52.4665161]},"properties":{"hgv":"delivery"}},{"type":"Feature","geometry":{"type":"Point","coordinates":[10.6409099,52.2516822]},"properties":{"hgv":"delivery"}},{"type":"Feature","geometry":{"type":"Point","coordinates":[10.9418231,52.9270152]},"properties":{"maxweight":"3.5"}},{"type":"Feature","geometry":{"type":"Point","coordinates":[10.7908987,52.3374756]},"properties":{"maxweight":"7"}},{"type":"Feature","geometry":{"type":"Point","coordinates":[10.5198898,52.3096806]},"properties":{"hgv":"destination","goods":"destination"}},{"type":"Feature","geometry":{"type":"Point","coordinates":[10.5186502,52.2992489]},"properties":{"hgv":"destination"}},{"type":"Feature","geometry":{"type":"Point","coordinates":[10.2830493,52.4823426]},"properties":{"hgv":"no"}},{"type":"Feature","geometry":{"type":"Point","coordinates":[10.2720749,52.4930993]},"properties":{"maxweight":"5"}},{"type":"Feature","geometry":{"type":"Point","coordinates":[10.296118,52.5175115]},"properties":{"maxweight":"5"}},{"type":"Feature","geometry":{"type":"Point","coordinates":[10.5222968,52.2741161]},"properties":{"hgv":"destination"}},{"type":"Feature","geometry":{"type":"Point","coordinates":[10.5220845,52.2740428]},"properties":{"hgv":"destination"}},{"type":"Feature","geometry":{"type":"Point","coordinates":[10.5413295,52.0217038]},"properties":{"maxweight":"2.8"}},{"type":"Feature","geometry":{"type":"Point","coordinates":[10.5806174,52.0435222]},"properties":{"maxweight":"6"}},{"type":"Feature","geometry":{"type":"Point","coordinates":[10.1559198,52.1079005]},"properties":{"maxheight":"3.8"}},{"type":"Feature","geometry":{"type":"Point","coordinates":[10.5279439,52.2665342]},"properties":{"maxheight":"1.95"}},{"type":"Feature","geometry":{"type":"Point","coordinates":[10.1276354,52.6460682]},"properties":{"maxweight":"5"}},{"type":"Feature","geometry":{"type":"Point","coordinates":[10.1183026,52.64786]},"properties":{"maxweight":"5"}},{"type":"Feature","geometry":{"type":"Point","coordinates":[10.4828484,52.2880269]},"properties":{"maxheight":"default"}},{"type":"Feature","geometry":{"type":"Point","coordinates":[10.5403897,52.1644765]},"properties":{"maxweight":"7.5"}},{"type":"Feature","geometry":{"type":"Point","coordinates":[10.1102972,52.6355779]},"properties":{"hgv":"destination"}},{"type":"Feature","geometry":{"type":"Point","coordinates":[10.5167435,52.3346998]},"properties":{"maxweight":"12.5"}},{"type":"Feature","geometry":{"type":"Point","coordinates":[10.8229514,52.8579469]},"properties":{"maxweight":"7.5"}},{"type":"Feature","geometry":{"type":"Point","coordinates":[10.7337952,52.3293798]},"properties":{"maxheight":"default"}},{"type":"Feature","geometry":{"type":"Point","coordinates":[10.7834102,52.3138644]},"properties":{"maxheight":"default"}},{"type":"Feature","geometry":{"type":"Point","coordinates":[10.5286105,52.2669415]},"properties":{"maxheight":"1.95"}},{"type":"Feature","geometry":{"type":"Point","coordinates":[10.5278217,52.2666419]},"properties":{"maxheight":"1.95"}},{"type":"Feature","geometry":{"type":"Point","coordinates":[10.5199812,52.2634798]},"properties":{"maxheight":"1.85"}},{"type":"Feature","geometry":{"type":"Point","coordinates":[10.5134061,52.2691908]},"properties":{"hgv":"destination"}},{"type":"Feature","geometry":{"type":"Point","coordinates":[10.0916283,52.004753]},"properties":{"maxweight":"3.5"}},{"type":"Feature","geometry":{"type":"Point","coordinates":[10.093558,52.0072795]},"properties":{"maxweight":"3.5t"}},{"type":"Feature","geometry":{"type":"Point","coordinates":[10.9618001,52.9283416]},"properties":{"maxweight":"3.5"}},{"type":"Feature","geometry":{"type":"Point","coordinates":[10.4180757,52.1518269]},"properties":{"maxheight":"4.56"}},{"type":"Feature","geometry":{"type":"Point","coordinates":[10.4212017,52.1381011]},"properties":{"hgv":"no"}},{"type":"Feature","geometry":{"type":"Point","coordinates":[10.5698588,52.2529918]},"properties":{"maxheight":"default"}},{"type":"Feature","geometry":{"type":"Point","coordinates":[10.1436895,52.152794]},"properties":{"maxweight":"3.5"}},{"type":"Feature","geometry":{"type":"Point","coordinates":[10.1253589,52.7940521]},"properties":{"maxweight":"3.5"}},{"type":"Feature","geometry":{"type":"Point","coordinates":[10.354606,52.0336527]},"properties":{"maxheight":"default"}},{"type":"Feature","geometry":{"type":"Point","coordinates":[10.3544766,52.0336996]},"properties":{"maxheight":"default"}},{"type":"Feature","geometry":{"type":"Point","coordinates":[10.0720395,52.9948875]},"properties":{"hgv":"no"}},{"type":"Feature","geometry":{"type":"Point","coordinates":[10.0726455,52.9945609]},"properties":{"hgv":"no"}},{"type":"Feature","geometry":{"type":"Point","coordinates":[10.1674168,52.0181937]},"properties":{"maxheight":"default"}},{"type":"Feature","geometry":{"type":"Point","coordinates":[10.3093597,52.1735009]},"properties":{"maxweight":"3.5"}},{"type":"Feature","geometry":{"type":"Point","coordinates":[10.4703665,52.522966]},"properties":{"maxweight":"7.5"}},{"type":"Feature","geometry":{"type":"Point","coordinates":[10.4117942,52.1952646]},"properties":{"maxheight":"default"}},{"type":"Feature","geometry":{"type":"Point","coordinates":[10.7335589,52.8715495]},"properties":{"maxweight":"3.5"}},{"type":"Feature","geometry":{"type":"Point","coordinates":[10.1811699,52.4038092]},"properties":{"hgv":"no"}},{"type":"Feature","geometry":{"type":"Point","coordinates":[10.3678957,52.5079501]},"properties":{"hgv":"agricultural"}},{"type":"Feature","geometry":{"type":"Point","coordinates":[10.3678543,52.5115859]},"properties":{"hgv":"agricultural"}},{"type":"Feature","geometry":{"type":"Point","coordinates":[10.3645876,52.499243]},"properties":{"hgv":"agricultural"}},{"type":"Feature","geometry":{"type":"Point","coordinates":[10.8477364,52.4309971]},"properties":{"maxheight":"4"}},{"type":"Feature","geometry":{"type":"Point","coordinates":[10.1112336,52.0366222]},"properties":{"hgv":"agricultural"}},{"type":"Feature","geometry":{"type":"Point","coordinates":[10.3904801,52.6737636]},"properties":{"maxweight":"6"}},{"type":"Feature","geometry":{"type":"Point","coordinates":[10.3810105,52.6687833]},"properties":{"maxweight":"12"}},{"type":"Feature","geometry":{"type":"Point","coordinates":[10.0182424,52.5119083]},"properties":{"maxheight":"default"}},{"type":"Feature","geometry":{"type":"Point","coordinates":[10.8697748,52.106192]},"properties":{"maxweight":"7.5"}},{"type":"Feature","geometry":{"type":"Point","coordinates":[10.1737581,52.4039408]},"properties":{"hgv":"delivery"}},{"type":"Feature","geometry":{"type":"Point","coordinates":[10.4078317,52.1558277]},"properties":{"maxweight":"2.6"}},{"type":"Feature","geometry":{"type":"Point","coordinates":[10.5182785,52.2691674]},"properties":{"hgv":"no"}},{"type":"Feature","geometry":{"type":"Point","coordinates":[10.4056579,52.0705478]},"properties":{"maxweight":"16t"}},{"type":"Feature","geometry":{"type":"Point","coordinates":[10.4893787,52.2098095]},"properties":{"maxheight":"default"}},{"type":"Feature","geometry":{"type":"Point","coordinates":[10.8107315,52.0963915]},"properties":{"maxweight":"6"}},{"type":"Feature","geometry":{"type":"Point","coordinates":[10.1111405,52.6243943]},"properties":{"hgv":"no"}},{"type":"Feature","geometry":{"type":"Point","coordinates":[10.5295269,52.2634073]},"properties":{"hgv":"no","maxheight":"2.1"}},{"type":"Feature","geometry":{"type":"Point","coordinates":[10.0787522,52.5429882]},"properties":{"maxweight":"30"}},{"type":"Feature","geometry":{"type":"Point","coordinates":[10.9419923,52.1452538]},"properties":{"hgv":"destination"}},{"type":"Feature","geometry":{"type":"Point","coordinates":[10.5242903,52.2750293]},"properties":{"hgv":"destination"}},{"type":"Feature","geometry":{"type":"Point","coordinates":[10.1044673,52.4919056]},"properties":{"hgv":"agricultural"}},{"type":"Feature","geometry":{"type":"Point","coordinates":[10.1740788,52.4047394]},"properties":{"hgv":"delivery"}},{"type":"Feature","geometry":{"type":"Point","coordinates":[10.5198339,52.2987948]},"properties":{"hgv":"destination"}},{"type":"Feature","geometry":{"type":"Point","coordinates":[10.1933244,52.2649151]},"properties":{"maxweight":"1.5"}},{"type":"Feature","geometry":{"type":"Point","coordinates":[10.5207802,52.2994402]},"properties":{"hgv":"destination"}},{"type":"Feature","geometry":{"type":"Point","coordinates":[10.6786627,52.1164948]},"properties":{"maxweight":"7.5"}},{"type":"Feature","geometry":{"type":"Point","coordinates":[10.7745282,52.1455109]},"properties":{"maxweight":"3.5"}},{"type":"Feature","geometry":{"type":"Point","coordinates":[10.5397163,52.0194573]},"properties":{"maxweight":"5"}},{"type":"Feature","geometry":{"type":"Point","coordinates":[10.5014323,52.0044892]},"properties":{"maxweight":"5"}},{"type":"Feature","geometry":{"type":"Point","coordinates":[10.5330905,52.0164631]},"properties":{"maxweight":"5"}},{"type":"Feature","geometry":{"type":"Point","coordinates":[10.5692686,52.0958735]},"properties":{"maxweight":"6"}},{"type":"Feature","geometry":{"type":"Point","coordinates":[10.9912515,52.551991]},"properties":{"hgv":"agricultural;forestry"}},{"type":"Feature","geometry":{"type":"Point","coordinates":[10.5089941,52.2686456]},"properties":{"hgv":"destination"}},{"type":"Feature","geometry":{"type":"Point","coordinates":[10.0020188,52.4971446]},"properties":{"maxheight":"default"}},{"type":"Feature","geometry":{"type":"Point","coordinates":[10.5096424,52.2714266]},"properties":{"hgv":"destination"}},{"type":"Feature","geometry":{"type":"Point","coordinates":[10.5175725,52.2991594]},"properties":{"hgv":"destination","goods":"destination"}},{"type":"Feature","geometry":{"type":"Point","coordinates":[10.5272816,52.2819391]},"properties":{"maxheight":"3.8"}},{"type":"Feature","geometry":{"type":"Point","coordinates":[10.5290389,52.2792946]},"properties":{"hgv":"no"}},{"type":"Feature","geometry":{"type":"Point","coordinates":[10.5246222,52.2675154]},"properties":{"hgv":"destination"}},{"type":"Feature","geometry":{"type":"Point","coordinates":[10.9075901,52.8963477]},"properties":{"maxweight":"2"}},{"type":"Feature","geometry":{"type":"Point","coordinates":[10.5022531,52.2647815]},"properties":{"hgv":"destination"}},{"type":"Feature","geometry":{"type":"Point","coordinates":[10.5381449,52.2769075]},"properties":{"hgv":"destination"}},{"type":"Feature","geometry":{"type":"Point","coordinates":[10.9662963,52.8767805]},"properties":{"maxweight":"2.8"}},{"type":"Feature","geometry":{"type":"Point","coordinates":[10.9677018,52.8752154]},"properties":{"maxweight":"2.8"}},{"type":"Feature","geometry":{"type":"Point","coordinates":[10.9677324,52.874506]},"properties":{"maxweight":"2.8"}},{"type":"Feature","geometry":{"type":"Point","coordinates":[10.9822331,52.8699102]},"properties":{"maxweight":"16"}},{"type":"Feature","geometry":{"type":"Point","coordinates":[10.9830994,52.8699628]},"properties":{"maxweight":"16"}},{"type":"Feature","geometry":{"type":"Point","coordinates":[10.076804,52.1864894]},"properties":{"maxweight":"3.5"}},{"type":"Feature","geometry":{"type":"Point","coordinates":[10.4860833,52.5129408]},"properties":{"maxweight":"9"}},{"type":"Feature","geometry":{"type":"Point","coordinates":[10.5275063,52.5080178]},"properties":{"hgv":"agricultural;forestry"}},{"type":"Feature","geometry":{"type":"Point","coordinates":[10.3446626,52.1538997]},"properties":{"goods":"yes"}},{"type":"Feature","geometry":{"type":"Point","coordinates":[10.2046279,52.4683741]},"properties":{"hgv":"no"}},{"type":"Feature","geometry":{"type":"Point","coordinates":[10.2096242,52.4669086]},"properties":{"hgv":"delivery;agricultural"}},{"type":"Feature","geometry":{"type":"Point","coordinates":[10.5456398,52.2882569]},"properties":{"maxweight":"12"}},{"type":"Feature","geometry":{"type":"Point","coordinates":[10.5163881,52.2672429]},"properties":{"hgv":"destination"}},{"type":"Feature","geometry":{"type":"Point","coordinates":[10.8010262,52.4224482]},"properties":{"hgv":"destination"}},{"type":"Feature","geometry":{"type":"Point","coordinates":[10.8027278,52.4223864]},"properties":{"hgv":"destination"}},{"type":"Feature","geometry":{"type":"Point","coordinates":[10.878354,52.8736164]},"properties":{"maxheight":"3.6"}},{"type":"Feature","geometry":{"type":"Point","coordinates":[10.805763,52.6967745]},"properties":{"hgv":"agricultural;forestry"}},{"type":"Feature","geometry":{"type":"Point","coordinates":[10.101623,52.4381152]},"properties":{"maxweight":"6"}},{"type":"Feature","geometry":{"type":"Point","coordinates":[10.5253158,52.269203]},"properties":{"hgv":"destination"}},{"type":"Feature","geometry":{"type":"Point","coordinates":[10.5174535,52.2685849]},"properties":{"hgv":"destination"}},{"type":"Feature","geometry":{"type":"Point","coordinates":[10.9730919,52.1343627]},"properties":{"hgv":"destination"}},{"type":"Feature","geometry":{"type":"Point","coordinates":[10.7770203,52.4468725]},"properties":{"hgv":"destination"}},{"type":"Feature","geometry":{"type":"Point","coordinates":[10.6946301,52.3966219]},"properties":{"maxweight":"16"}},{"type":"Feature","geometry":{"type":"Point","coordinates":[10.5050162,52.2665408]},"properties":{"hgv":"destination"}},{"type":"Feature","geometry":{"type":"Point","coordinates":[10.5314923,52.4302079]},"properties":{"maxweight":"6"}},{"type":"Feature","geometry":{"type":"Point","coordinates":[10.5083148,52.2608559]},"properties":{"hgv":"destination"}},{"type":"Feature","geometry":{"type":"Point","coordinates":[10.5173031,52.2698565]},"properties":{"hgv":"destination","maxweight":"26"}},{"type":"Feature","geometry":{"type":"Point","coordinates":[10.5220543,52.2716352]},"properties":{"hgv":"destination","maxweight":"16"}},{"type":"Feature","geometry":{"type":"Point","coordinates":[10.6981082,52.3890119]},"properties":{"maxweight":"16"}},{"type":"Feature","geometry":{"type":"Point","coordinates":[10.9409577,52.9096499]},"properties":{"hgv":"destination","maxweight":"3.5"}},{"type":"Feature","geometry":{"type":"Point","coordinates":[10.9970808,52.9346109]},"properties":{"hgv":"agricultural","maxweight":"3.5"}},{"type":"Feature","geometry":{"type":"Point","coordinates":[10.0144057,52.4453493]},"properties":{"maxweight":"2.8"}},{"type":"Feature","geometry":{"type":"Point","coordinates":[10.2043589,52.4675359]},"properties":{"hgv":"no"}},{"type":"Feature","geometry":{"type":"Point","coordinates":[10.0923788,52.6072383]},"properties":{"maxweight":"12"}},{"type":"Feature","geometry":{"type":"Point","coordinates":[10.5836664,52.8810646]},"properties":{"hgv":"destination"}},{"type":"Feature","geometry":{"type":"Point","coordinates":[10.6054752,52.8963094]},"properties":{"maxweight":"3.5"}},{"type":"Feature","geometry":{"type":"Point","coordinates":[10.7963148,52.5969571]},"properties":{"hgv":"no"}},{"type":"Feature","geometry":{"type":"Point","coordinates":[10.7971465,52.5972604]},"properties":{"hgv":"no"}},{"type":"Feature","geometry":{"type":"Point","coordinates":[10.7974994,52.5982373]},"properties":{"hgv":"no"}},{"type":"Feature","geometry":{"type":"Point","coordinates":[10.7977729,52.5981719]},"properties":{"hgv":"no"}},{"type":"Feature","geometry":{"type":"Point","coordinates":[10.9062023,52.6405251]},"properties":{"hgv":"destination"}},{"type":"Feature","geometry":{"type":"Point","coordinates":[10.9084497,52.7233749]},"properties":{"maxweight":"7.5"}},{"type":"Feature","geometry":{"type":"Point","coordinates":[10.9165012,52.8531789]},"properties":{"maxweight":"5.5"}},{"type":"Feature","geometry":{"type":"Point","coordinates":[10.9160656,52.8495543]},"properties":{"maxweight":"5.5"}},{"type":"Feature","geometry":{"type":"Point","coordinates":[10.7215133,52.8281102]},"properties":{"maxweight":"6"}},{"type":"Feature","geometry":{"type":"Point","coordinates":[10.7118361,52.8277649]},"properties":{"maxweight":"3"}},{"type":"Feature","geometry":{"type":"Point","coordinates":[10.1918002,52.2641693]},"properties":{"maxweight":"3.5"}},{"type":"Feature","geometry":{"type":"Point","coordinates":[10.1595746,52.5348391]},"properties":{"hgv":"no"}},{"type":"Feature","geometry":{"type":"Point","coordinates":[10.1593788,52.5338541]},"properties":{"hgv":"no"}},{"type":"Feature","geometry":{"type":"Point","coordinates":[10.5192725,52.2636909]},"properties":{"maxheight":"1.85"}},{"type":"Feature","geometry":{"type":"Point","coordinates":[10.6833329,52.3085535]},"properties":{"maxheight":"3"}},{"type":"Feature","geometry":{"type":"Point","coordinates":[10.1740917,52.2610017]},"properties":{"hgv":"destination"}},{"type":"Feature","geometry":{"type":"Point","coordinates":[10.1745491,52.2592616]},"properties":{"hgv":"destination"}},{"type":"Feature","geometry":{"type":"Point","coordinates":[10.7757887,52.427856]},"properties":{"maxheight":"2.8"}},{"type":"Feature","geometry":{"type":"Point","coordinates":[10.5402086,52.7039775]},"properties":{"maxweight":"3.5"}},{"type":"Feature","geometry":{"type":"Point","coordinates":[10.5576515,52.6995938]},"properties":{"maxweight":"3.5"}},{"type":"Feature","geometry":{"type":"Point","coordinates":[10.4086514,52.695262]},"properties":{"maxweight":"5.5"}},{"type":"Feature","geometry":{"type":"Point","coordinates":[10.7680934,52.1426349]},"properties":{"maxweight":"7.5"}},{"type":"Feature","geometry":{"type":"Point","coordinates":[10.5245926,52.2743529]},"properties":{"hgv":"destination"}},{"type":"Feature","geometry":{"type":"Point","coordinates":[10.7776679,52.4467122]},"properties":{"hgv":"destination"}},{"type":"Feature","geometry":{"type":"Point","coordinates":[10.7770618,52.4469272]},"properties":{"hgv":"destination"}},{"type":"Feature","geometry":{"type":"Point","coordinates":[10.5651351,52.9736267]},"properties":{"hgv":"destination"}},{"type":"Feature","geometry":{"type":"Point","coordinates":[10.7413907,52.4377878]},"properties":{"maxheight":"3.7"}},{"type":"Feature","geometry":{"type":"Point","coordinates":[10.259348,52.1735409]},"properties":{"maxweight":"7.5"}},{"type":"Feature","geometry":{"type":"Point","coordinates":[10.1187689,52.4814695]},"properties":{"hgv":"agricultural;forestry"}},{"type":"Feature","geometry":{"type":"Point","coordinates":[10.5441347,52.2826773]},"properties":{"hgv":"no"}},{"type":"Feature","geometry":{"type":"Point","coordinates":[10.7889529,52.4213864]},"properties":{"maxheight":"2.1"}},{"type":"Feature","geometry":{"type":"Point","coordinates":[10.5241678,52.4511984]},"properties":{"maxweight":"1"}},{"type":"Feature","geometry":{"type":"Point","coordinates":[10.1593913,52.0064856]},"properties":{"maxheight":"default"}},{"type":"Feature","geometry":{"type":"Point","coordinates":[10.5182659,52.169234]},"properties":{"maxweight":"7.5"}},{"type":"Feature","geometry":{"type":"Point","coordinates":[10.7019227,52.6803707]},"properties":{"maxweight":"3.5"}},{"type":"Feature","geometry":{"type":"Point","coordinates":[10.1378032,52.1518521]},"properties":{"maxweight":"3.5"}},{"type":"Feature","geometry":{"type":"Point","coordinates":[10.7428314,52.7277806]},"properties":{"hgv":"no"}},{"type":"Feature","geometry":{"type":"Point","coordinates":[10.7417659,52.7280587]},"properties":{"goods":"yes"}},{"type":"Feature","geometry":{"type":"Point","coordinates":[10.4494617,52.7201224]},"properties":{"maxweight":"1.5"}},{"type":"Feature","geometry":{"type":"Point","coordinates":[10.2324241,52.3144297]},"properties":{"hgv":"no"}},{"type":"Feature","geometry":{"type":"Point","coordinates":[10.4577782,52.195001]},"properties":{"hgv":"no"}},{"type":"Feature","geometry":{"type":"Point","coordinates":[10.5450821,52.1524539]},"properties":{"maxweight":"7.5"}},{"type":"Feature","geometry":{"type":"Point","coordinates":[10.4698367,52.5987347]},"properties":{"maxweight":"5"}},{"type":"Feature","geometry":{"type":"Point","coordinates":[10.9483685,52.8663351]},"properties":{"maxheight":"3.2"}},{"type":"Feature","geometry":{"type":"Point","coordinates":[10.9263765,52.9223172]},"properties":{"maxweight":"3.5"}},{"type":"Feature","geometry":{"type":"Point","coordinates":[10.216117,52.318371]},"properties":{"maxheight":"4"}},{"type":"Feature","geometry":{"type":"Point","coordinates":[10.9472682,52.9293462]},"properties":{"hgv":"no"}},{"type":"Feature","geometry":{"type":"Point","coordinates":[10.5181812,52.2976597]},"properties":{"hgv":"destination"}},{"type":"Feature","geometry":{"type":"Point","coordinates":[10.5181398,52.2977212]},"properties":{"hgv":"destination"}},{"type":"Feature","geometry":{"type":"Point","coordinates":[10.2931245,52.648589]},"properties":{"maxweight":"12"}},{"type":"Feature","geometry":{"type":"Point","coordinates":[10.760206,52.4288384]},"properties":{"maxweight":"7.5"}},{"type":"Feature","geometry":{"type":"Point","coordinates":[10.5363671,52.9035145]},"properties":{"maxweight":"6"}},{"type":"Feature","geometry":{"type":"Point","coordinates":[10.7635101,52.4269196]},"properties":{"maxweight":"12"}},{"type":"Feature","geometry":{"type":"Point","coordinates":[10.1208967,52.5764616]},"properties":{"maxweight":"12"}},{"type":"Feature","geometry":{"type":"Point","coordinates":[10.0808052,52.6281976]},"properties":{"hgv":"destination"}},{"type":"Feature","geometry":{"type":"Point","coordinates":[10.9866285,52.6520537]},"properties":{"maxweight":"7.5"}},{"type":"Feature","geometry":{"type":"Point","coordinates":[10.8707973,52.7516978]},"properties":{"hgv":"delivery"}},{"type":"Feature","geometry":{"type":"Point","coordinates":[10.0498295,52.6307616]},"properties":{"hgv":"destination"}},{"type":"Feature","geometry":{"type":"Point","coordinates":[10.540252,52.1634773]},"properties":{"maxweight":"7.5"}},{"type":"Feature","geometry":{"type":"Point","coordinates":[10.7138366,52.8421934]},"properties":{"maxweight":"3.5"}},{"type":"Feature","geometry":{"type":"Point","coordinates":[10.5130744,52.3060663]},"properties":{"maxweight":"7.5"}},{"type":"Feature","geometry":{"type":"Point","coordinates":[10.5134628,52.3053045]},"properties":{"maxweight":"7.5"}},{"type":"Feature","geometry":{"type":"Point","coordinates":[10.5139038,52.3037757]},"properties":{"maxweight":"7.5"}},{"type":"Feature","geometry":{"type":"Point","coordinates":[10.5191381,52.2685275]},"properties":{"hgv":"destination"}},{"type":"Feature","geometry":{"type":"Point","coordinates":[10.7602765,52.8647727]},"properties":{"maxweight":"3.5"}},{"type":"Feature","geometry":{"type":"Point","coordinates":[10.5424578,52.0171017]},"properties":{"maxweight":"2.8"}},{"type":"Feature","geometry":{"type":"Point","coordinates":[10.5771176,52.5073582]},"properties":{"maxlength":"12"}},{"type":"Feature","geometry":{"type":"Point","coordinates":[10.1476109,52.8330945]},"properties":{"maxweight":"3"}},{"type":"Feature","geometry":{"type":"Point","coordinates":[10.1463234,52.8321956]},"properties":{"maxweight":"3"}},{"type":"Feature","geometry":{"type":"Point","coordinates":[10.1467915,52.8325335]},"properties":{"maxweight":"3"}},{"type":"Feature","geometry":{"type":"Point","coordinates":[10.5247999,52.267215]},"properties":{"hgv":"destination"}},{"type":"Feature","geometry":{"type":"Point","coordinates":[10.5240518,52.2674112]},"properties":{"hgv":"destination"}},{"type":"Feature","geometry":{"type":"Point","coordinates":[10.5243474,52.2655051]},"properties":{"hgv":"destination"}},{"type":"Feature","geometry":{"type":"Point","coordinates":[10.5243919,52.2675657]},"properties":{"hgv":"destination"}},{"type":"Feature","geometry":{"type":"Point","coordinates":[10.0630397,52.7640666]},"properties":{"maxweight":"12"}},{"type":"Feature","geometry":{"type":"Point","coordinates":[10.0729206,52.6472243]},"properties":{"hgv":"agricultural"}},{"type":"Feature","geometry":{"type":"Point","coordinates":[10.5400787,52.4828761]},"properties":{"hgv":"no"}},{"type":"Feature","geometry":{"type":"Point","coordinates":[10.7769224,52.35046]},"properties":{"hgv":"destination"}},{"type":"Feature","geometry":{"type":"Point","coordinates":[10.9656295,52.8414759]},"properties":{"hgv":"destination","maxweight":"7.5"}},{"type":"Feature","geometry":{"type":"Point","coordinates":[10.196961,52.591989]},"properties":{"maxweight":"5"}},{"type":"Feature","geometry":{"type":"Point","coordinates":[10.025749,52.6392993]},"properties":{"maxweight":"5"}},{"type":"Feature","geometry":{"type":"Point","coordinates":[10.397758,52.5564317]},"properties":{"maxweight":"5"}},{"type":"Feature","geometry":{"type":"Point","coordinates":[10.0016786,52.7662388]},"properties":{"hgv":"no"}},{"type":"Feature","geometry":{"type":"Point","coordinates":[10.5229765,52.3036665]},"properties":{"hgv":"destination","goods":"destination"}},{"type":"Feature","geometry":{"type":"Point","coordinates":[10.5250233,52.2679855]},"properties":{"hgv":"destination"}},{"type":"Feature","geometry":{"type":"Point","coordinates":[10.6884621,52.2696958]},"properties":{"maxweight":"7.5"}},{"type":"Feature","geometry":{"type":"Point","coordinates":[10.0035,52.0332292]},"properties":{"hgv":"no"}},{"type":"Feature","geometry":{"type":"Point","coordinates":[10.0033561,52.0328839]},"properties":{"hgv":"no"}},{"type":"Feature","geometry":{"type":"Point","coordinates":[10.0163979,52.7986683]},"properties":{"maxweight":"5"}},{"type":"Feature","geometry":{"type":"Point","coordinates":[10.0055642,52.7698427]},"properties":{"hgv":"no"}},{"type":"Feature","geometry":{"type":"Point","coordinates":[10.541544,52.1613647]},"properties":{"maxheight":"2"}},{"type":"Feature","geometry":{"type":"Point","coordinates":[10.0806734,52.6332692]},"properties":{"hgv":"destination"}},{"type":"Feature","geometry":{"type":"Point","coordinates":[10.5721826,52.0204079]},"properties":{"maxweight":"3.5"}},{"type":"Feature","geometry":{"type":"Point","coordinates":[10.5421058,52.0141868]},"properties":{"maxweight":"5.5"}},{"type":"Feature","geometry":{"type":"Point","coordinates":[10.7988406,52.4399641]},"properties":{"maxweight":"30"}},{"type":"Feature","geometry":{"type":"Point","coordinates":[10.5071852,52.2305369]},"properties":{"maxheight":"default"}},{"type":"Feature","geometry":{"type":"Point","coordinates":[10.5114511,52.2622928]},"properties":{"hgv":"destination"}},{"type":"Feature","geometry":{"type":"Point","coordinates":[10.5114809,52.2624389]},"properties":{"hgv":"destination"}},{"type":"Feature","geometry":{"type":"Point","coordinates":[10.5113653,52.2622409]},"properties":{"hgv":"destination"}},{"type":"Feature","geometry":{"type":"Point","coordinates":[10.5112609,52.2623064]},"properties":{"maxweight":"12"}},{"type":"Feature","geometry":{"type":"Point","coordinates":[10.5247459,52.2966222]},"properties":{"hgv":"no"}},{"type":"Feature","geometry":{"type":"Point","coordinates":[10.5245702,52.2966712]},"properties":{"hgv":"destination"}},{"type":"Feature","geometry":{"type":"Point","coordinates":[10.5248186,52.2966304]},"properties":{"hgv":"no"}},{"type":"Feature","geometry":{"type":"Point","coordinates":[10.5247183,52.2966914]},"properties":{"hgv":"destination"}},{"type":"Feature","geometry":{"type":"Point","coordinates":[10.2330754,52.1904563]},"properties":{"maxweight":"3.5"}},{"type":"Feature","geometry":{"type":"Point","coordinates":[10.2263534,52.1893616]},"properties":{"maxweight":"3.5"}},{"type":"Feature","geometry":{"type":"Point","coordinates":[10.7860214,52.4450102]},"properties":{"hgv":"destination"}},{"type":"Feature","geometry":{"type":"Point","coordinates":[10.7854492,52.4450447]},"properties":{"hgv":"destination"}},{"type":"Feature","geometry":{"type":"Point","coordinates":[10.7860092,52.4449621]},"properties":{"hgv":"destination"}},{"type":"Feature","geometry":{"type":"Point","coordinates":[10.5150392,52.234586]},"properties":{"maxheight":"default"}},{"type":"Feature","geometry":{"type":"Point","coordinates":[10.2427323,52.1820797]},"properties":{"hgv":"yes"}},{"type":"Feature","geometry":{"type":"Point","coordinates":[10.7983427,52.4274063]},"properties":{"maxheight":"3.5"}},{"type":"Feature","geometry":{"type":"Point","coordinates":[10.7979134,52.4364451]},"properties":{"hgv":"no"}},{"type":"Feature","geometry":{"type":"Point","coordinates":[10.7979029,52.4368944]},"properties":{"hgv":"no","maxheight":"2.1"}},{"type":"Feature","geometry":{"type":"Point","coordinates":[10.7969059,52.4373968]},"properties":{"hgv":"no","maxheight":"2.1","maxweight":"2.5"}},{"type":"Feature","geometry":{"type":"Point","coordinates":[10.7983612,52.4357023]},"properties":{"hgv":"no"}},{"type":"Feature","geometry":{"type":"Point","coordinates":[10.5144718,52.2671366]},"properties":{"hgv":"destination"}},{"type":"Feature","geometry":{"type":"Point","coordinates":[10.5137032,52.2676356]},"properties":{"hgv":"destination"}},{"type":"Feature","geometry":{"type":"Point","coordinates":[10.7727778,52.4386104]},"properties":{"maxheight":"4"}},{"type":"Feature","geometry":{"type":"Point","coordinates":[10.7728913,52.4384567]},"properties":{"maxheight":"4"}},{"type":"Feature","geometry":{"type":"Point","coordinates":[10.8893422,52.3672347]},"properties":{"maxheight":"3.90"}},{"type":"Feature","geometry":{"type":"Point","coordinates":[10.5033417,52.2684325]},"properties":{"hgv":"destination"}},{"type":"Feature","geometry":{"type":"Point","coordinates":[10.5047172,52.2814473]},"properties":{"maxheight":"default"}},{"type":"Feature","geometry":{"type":"Point","coordinates":[10.0823827,52.6185323]},"properties":{"maxweight":"2.5"}},{"type":"Feature","geometry":{"type":"Point","coordinates":[10.5592565,52.4946175]},"properties":{"hgv":"no"}},{"type":"Feature","geometry":{"type":"Point","coordinates":[10.559274,52.4948392]},"properties":{"hgv":"no"}},{"type":"Feature","geometry":{"type":"Point","coordinates":[10.5587597,52.4948421]},"properties":{"hgv":"no"}},{"type":"Feature","geometry":{"type":"Point","coordinates":[10.6452384,52.9336543]},"properties":{"maxweight":"3.5"}},{"type":"Feature","geometry":{"type":"Point","coordinates":[10.360386,52.3387798]},"properties":{"hgv":"no"}},{"type":"Feature","geometry":{"type":"Point","coordinates":[10.3610275,52.3391206]},"properties":{"hgv":"designated"}},{"type":"Feature","geometry":{"type":"Point","coordinates":[10.3588448,52.3382897]},"properties":{"hgv":"no"}},{"type":"Feature","geometry":{"type":"Point","coordinates":[10.5423722,52.2489835]},"properties":{"maxweight":"1.5"}},{"type":"Feature","geometry":{"type":"Point","coordinates":[10.7410923,52.4262951]},"properties":{"maxheight":"below_default"}},{"type":"Feature","geometry":{"type":"Point","coordinates":[10.8474558,52.2947584]},"properties":{"maxweight":"20"}},{"type":"Feature","geometry":{"type":"Point","coordinates":[10.0788955,52.6213124]},"properties":{"maxheight":"2"}},{"type":"Feature","geometry":{"type":"Point","coordinates":[10.5149561,52.2670559]},"properties":{"hgv":"destination"}},{"type":"Feature","geometry":{"type":"Point","coordinates":[10.5219813,52.2749088]},"properties":{"hgv":"destination"}},{"type":"Feature","geometry":{"type":"Point","coordinates":[10.5233415,52.2745757]},"properties":{"hgv":"destination"}},{"type":"Feature","geometry":{"type":"Point","coordinates":[10.5423271,52.0138286]},"properties":{"maxweight":"5.5"}},{"type":"Feature","geometry":{"type":"Point","coordinates":[10.6358267,52.9011871]},"properties":{"maxweight":"12"}},{"type":"Feature","geometry":{"type":"Point","coordinates":[10.5105894,52.3053005]},"properties":{"maxweight":"7.5"}},{"type":"Feature","geometry":{"type":"Point","coordinates":[10.4914971,52.2789169]},"properties":{"maxheight":"default"}},{"type":"Feature","geometry":{"type":"Point","coordinates":[10.6408449,52.1351971]},"properties":{"maxheight":"below_default"}},{"type":"Feature","geometry":{"type":"Point","coordinates":[10.5223499,52.2682378]},"properties":{"hgv":"destination"}},{"type":"Feature","geometry":{"type":"Point","coordinates":[10.5225036,52.2683243]},"properties":{"hgv":"destination"}},{"type":"Feature","geometry":{"type":"Point","coordinates":[10.5225717,52.2678361]},"properties":{"hgv":"destination"}},{"type":"Feature","geometry":{"type":"Point","coordinates":[10.5230328,52.2678095]},"properties":{"hgv":"destination"}},{"type":"Feature","geometry":{"type":"Point","coordinates":[10.4845906,52.3085498]},"properties":{"hgv":"destination"}},{"type":"Feature","geometry":{"type":"Point","coordinates":[10.6652633,52.8814706]},"properties":{"maxweight":"3.5"}},{"type":"Feature","geometry":{"type":"Point","coordinates":[10.6006454,52.0346099]},"properties":{"maxweight":"30"}},{"type":"Feature","geometry":{"type":"Point","coordinates":[10.5999464,52.0346012]},"properties":{"maxweight":"30"}},{"type":"Feature","geometry":{"type":"Point","coordinates":[10.5990064,52.0345358]},"properties":{"maxweight":"30"}},{"type":"Feature","geometry":{"type":"Point","coordinates":[10.7242367,52.5677777]},"properties":{"hgv":"no"}},{"type":"Feature","geometry":{"type":"Point","coordinates":[10.60865,52.4382765]},"properties":{"hgv":"no"}},{"type":"Feature","geometry":{"type":"Point","coordinates":[10.095197,52.8128468]},"properties":{"maxweight":"2"}},{"type":"Feature","geometry":{"type":"Point","coordinates":[10.71975,52.4630731]},"properties":{"hgv":"delivery"}},{"type":"Feature","geometry":{"type":"Point","coordinates":[10.2214301,52.3263003]},"properties":{"hgv":"no"}},{"type":"Feature","geometry":{"type":"Point","coordinates":[10.0653215,52.023926]},"properties":{"maxweight":"3.5 t"}},{"type":"Feature","geometry":{"type":"Point","coordinates":[10.9691285,52.8381351]},"properties":{"maxweight":"7.5"}},{"type":"Feature","geometry":{"type":"Point","coordinates":[10.0599922,52.6070832]},"properties":{"maxheight":"4"}},{"type":"Feature","geometry":{"type":"Point","coordinates":[10.396221,52.1505483]},"properties":{"maxweight":"6"}},{"type":"Feature","geometry":{"type":"Point","coordinates":[10.3955058,52.1508939]},"properties":{"maxweight":"6"}},{"type":"Feature","geometry":{"type":"Point","coordinates":[10.8758011,52.6556032]},"properties":{"hgv":"no"}},{"type":"Feature","geometry":{"type":"Point","coordinates":[10.3587206,52.2585809]},"properties":{"hgv":"no","maxheight":"2.3"}},{"type":"Feature","geometry":{"type":"Point","coordinates":[10.7477126,52.4570849]},"properties":{"hgv":"no"}},{"type":"Feature","geometry":{"type":"Point","coordinates":[10.4924253,52.269185]},"properties":{"maxheight":"3.45"}},{"type":"Feature","geometry":{"type":"Point","coordinates":[10.7233436,52.4630049]},"properties":{"hgv":"no"}},{"type":"Feature","geometry":{"type":"Point","coordinates":[10.7235986,52.4629916]},"properties":{"hgv":"no"}},{"type":"Feature","geometry":{"type":"Point","coordinates":[10.7218628,52.4630909]},"properties":{"hgv":"delivery"}},{"type":"Feature","geometry":{"type":"Point","coordinates":[10.7230016,52.4633579]},"properties":{"hgv":"no"}},{"type":"Feature","geometry":{"type":"Point","coordinates":[10.7241042,52.4629613]},"properties":{"hgv":"no"}},{"type":"Feature","geometry":{"type":"Point","coordinates":[10.1597705,52.085309]},"properties":{"maxweight":"3.5"}},{"type":"Feature","geometry":{"type":"Point","coordinates":[10.1463402,52.0885224]},"properties":{"maxweight":"9"}},{"type":"Feature","geometry":{"type":"Point","coordinates":[10.5279835,52.0195506]},"properties":{"maxheight":"default"}},{"type":"Feature","geometry":{"type":"Point","coordinates":[10.651622,52.5983787]},"properties":{"hgv":"no"}},{"type":"Feature","geometry":{"type":"Point","coordinates":[10.4927121,52.2722396]},"properties":{"maxheight":"default"}},{"type":"Feature","geometry":{"type":"Point","coordinates":[10.8295491,52.4262345]},"properties":{"hgv":"destination"}},{"type":"Feature","geometry":{"type":"Point","coordinates":[10.2459794,52.1345648]},"properties":{"maxheight":"default"}},{"type":"Feature","geometry":{"type":"Point","coordinates":[10.3409114,52.1429002]},"properties":{"maxheight":"4"}},{"type":"Feature","geometry":{"type":"Point","coordinates":[10.3450945,52.143659]},"properties":{"maxheight":"4"}},{"type":"Feature","geometry":{"type":"Point","coordinates":[10.3511036,52.1454652]},"properties":{"maxheight":"4"}},{"type":"Feature","geometry":{"type":"Point","coordinates":[10.3564638,52.1481531]},"properties":{"maxheight":"4"}},{"type":"Feature","geometry":{"type":"Point","coordinates":[10.3588606,52.1500459]},"properties":{"maxheight":"4"}},{"type":"Feature","geometry":{"type":"Point","coordinates":[10.3543546,52.1469325]},"properties":{"maxheight":"4"}},{"type":"Feature","geometry":{"type":"Point","coordinates":[10.348395,52.1445222]},"properties":{"maxheight":"4"}},{"type":"Feature","geometry":{"type":"Point","coordinates":[10.5070532,52.2722322]},"properties":{"hgv":"destination"}},{"type":"Feature","geometry":{"type":"Point","coordinates":[10.7203191,52.4635094]},"properties":{"hgv":"delivery"}},{"type":"Feature","geometry":{"type":"Point","coordinates":[10.5206854,52.2796055]},"properties":{"hgv":"no"}},{"type":"Feature","geometry":{"type":"Point","coordinates":[10.5068046,52.2301606]},"properties":{"maxheight":"default"}},{"type":"Feature","geometry":{"type":"Point","coordinates":[10.8345881,52.0174917]},"properties":{"maxweight":"7.5"}},{"type":"Feature","geometry":{"type":"Point","coordinates":[10.2552571,52.9877212]},"properties":{"maxweight":"3.5"}},{"type":"Feature","geometry":{"type":"Point","coordinates":[10.6874912,52.8615464]},"properties":{"maxweight":"3.5"}},{"type":"Feature","geometry":{"type":"Point","coordinates":[10.6699244,52.8868434]},"properties":{"maxweight":"3.5"}},{"type":"Feature","geometry":{"type":"Point","coordinates":[10.2325246,52.3146202]},"properties":{"maxweight":"7.5 t"}},{"type":"Feature","geometry":{"type":"Point","coordinates":[10.0050797,52.3286421]},"properties":{"maxweight":"6.5"}},{"type":"Feature","geometry":{"type":"Point","coordinates":[10.0035893,52.3308356]},"properties":{"maxweight":"6.5"}},{"type":"Feature","geometry":{"type":"Point","coordinates":[10.8531705,52.7683339]},"properties":{"hgv":"destination;delivery"}},{"type":"Feature","geometry":{"type":"Point","coordinates":[10.8524867,52.7685115]},"properties":{"hgv":"agricultural;delivery"}},{"type":"Feature","geometry":{"type":"Point","coordinates":[10.8532801,52.7678293]},"properties":{"hgv":"agricultural;delivery"}},{"type":"Feature","geometry":{"type":"Point","coordinates":[10.8730651,52.7533991]},"properties":{"hgv":"delivery"}},{"type":"Feature","geometry":{"type":"Point","coordinates":[10.9074346,52.8966291]},"properties":{"maxweight":"2"}},{"type":"Feature","geometry":{"type":"Point","coordinates":[10.907556,52.8965]},"properties":{"maxweight":"2"}},{"type":"Feature","geometry":{"type":"Point","coordinates":[10.8399403,52.8180822]},"properties":{"maxweight":"7.5"}},{"type":"Feature","geometry":{"type":"Point","coordinates":[10.8418764,52.8180144]},"properties":{"maxweight":"7.5"}},{"type":"Feature","geometry":{"type":"Point","coordinates":[10.9079622,52.7988587]},"properties":{"hgv":"destination"}},{"type":"Feature","geometry":{"type":"Point","coordinates":[10.926944,52.7672169]},"properties":{"hgv":"agricultural"}},{"type":"Feature","geometry":{"type":"Point","coordinates":[10.9132896,52.8018509]},"properties":{"hgv":"no"}},{"type":"Feature","geometry":{"type":"Point","coordinates":[10.9645622,52.8194668]},"properties":{"hgv":"no"}},{"type":"Feature","geometry":{"type":"Point","coordinates":[10.9497819,52.8079804]},"properties":{"hgv":"destination","maxweight":"5"}},{"type":"Feature","geometry":{"type":"Point","coordinates":[10.9098275,52.8078633]},"properties":{"hgv":"destination"}},{"type":"Feature","geometry":{"type":"Point","coordinates":[10.9681521,52.8036841]},"properties":{"hgv":"destination","maxweight":"5"}},{"type":"Feature","geometry":{"type":"Point","coordinates":[10.9587013,52.8059742]},"properties":{"hgv":"destination","maxweight":"5"}},{"type":"Feature","geometry":{"type":"Point","coordinates":[10.9142464,52.8070551]},"properties":{"hgv":"no"}},{"type":"Feature","geometry":{"type":"Point","coordinates":[10.7187536,52.8155603]},"properties":{"maxweight":"3.5"}},{"type":"Feature","geometry":{"type":"Point","coordinates":[10.3882795,52.0044996]},"properties":{"maxheight":"3.2"}},{"type":"Feature","geometry":{"type":"Point","coordinates":[10.8754105,52.2582183]},"properties":{"maxweight":"6"}},{"type":"Feature","geometry":{"type":"Point","coordinates":[10.7484363,52.8216233]},"properties":{"maxweight":"3.5"}},{"type":"Feature","geometry":{"type":"Point","coordinates":[10.8419412,52.3065224]},"properties":{"hgv":"designated"}},{"type":"Feature","geometry":{"type":"Point","coordinates":[10.9877467,52.4302273]},"properties":{"hgv":"private"}},{"type":"Feature","geometry":{"type":"Point","coordinates":[10.9886945,52.4290612]},"properties":{"hgv":"delivery"}},{"type":"Feature","geometry":{"type":"Point","coordinates":[10.2385548,52.7335882]},"properties":{"maxweight":"2.8"}},{"type":"Feature","geometry":{"type":"Point","coordinates":[10.7652681,52.8722549]},"properties":{"maxweight":"7.5"}},{"type":"Feature","geometry":{"type":"Point","coordinates":[10.9712872,52.8175238]},"properties":{"maxweight":"5"}},{"type":"Feature","geometry":{"type":"Point","coordinates":[10.0017055,52.0484524]},"properties":{"hgv":"no"}},{"type":"Feature","geometry":{"type":"Point","coordinates":[10.2852779,52.6113592]},"properties":{"hgv":"no","maxheight":"3.5"}},{"type":"Feature","geometry":{"type":"Point","coordinates":[10.7189481,52.8966172]},"properties":{"maxweight":"3.5"}},{"type":"Feature","geometry":{"type":"Point","coordinates":[10.9918707,52.8602046]},"properties":{"maxweight":"16"}},{"type":"Feature","geometry":{"type":"Point","coordinates":[10.9860666,52.8642572]},"properties":{"maxweight":"16"}},{"type":"Feature","geometry":{"type":"Point","coordinates":[10.9863417,52.8636785]},"properties":{"maxweight":"16"}},{"type":"Feature","geometry":{"type":"Point","coordinates":[10.3162092,52.1351395]},"properties":{"maxheight":"default"}},{"type":"Feature","geometry":{"type":"Point","coordinates":[10.6106659,52.4947361]},"properties":{"maxwidth":"1.5"}},{"type":"Feature","geometry":{"type":"Point","coordinates":[10.5285296,52.2688835]},"properties":{"hgv":"destination"}},{"type":"Feature","geometry":{"type":"Point","coordinates":[10.9289528,52.7978301]},"properties":{"hgv":"designated;agricultural"}},{"type":"Feature","geometry":{"type":"Point","coordinates":[10.926589,52.7984907]},"properties":{"hgv":"designated; agricultural"}},{"type":"Feature","geometry":{"type":"Point","coordinates":[10.9042518,52.9253464]},"properties":{"maxweight":"3.5"}},{"type":"Feature","geometry":{"type":"Point","coordinates":[10.1311119,52.0926114]},"properties":{"maxweight":"9"}},{"type":"Feature","geometry":{"type":"Point","coordinates":[10.1246787,52.0897258]},"properties":{"maxweight":"9"}},{"type":"Feature","geometry":{"type":"Point","coordinates":[10.0553352,52.1254771]},"properties":{"maxheight":"default"}},{"type":"Feature","geometry":{"type":"Point","coordinates":[10.2733793,52.3134951]},"properties":{"hgv":"no"}},{"type":"Feature","geometry":{"type":"Point","coordinates":[10.7903049,52.6655594]},"properties":{"hgv":"agricultural;forestry"}},{"type":"Feature","geometry":{"type":"Point","coordinates":[10.4016216,52.2685127]},"properties":{"maxwidth":"12","maxlength":"219.6"}},{"type":"Feature","geometry":{"type":"Point","coordinates":[10.4013347,52.2664568]},"properties":{"maxwidth":"12","maxlength":"224.7"}},{"type":"Feature","geometry":{"type":"Point","coordinates":[10.4238593,52.2131338]},"properties":{"maxwidth":"12","maxlength":"220.60"}},{"type":"Feature","geometry":{"type":"Point","coordinates":[10.4222621,52.2150032]},"properties":{"maxwidth":"12","maxlength":"224.40"}},{"type":"Feature","geometry":{"type":"Point","coordinates":[10.4402193,52.9804645]},"properties":{"maxweight":"3.5"}},{"type":"Feature","geometry":{"type":"Point","coordinates":[10.9882224,52.6459924]},"properties":{"maxweight":"3.5"}},{"type":"Feature","geometry":{"type":"Point","coordinates":[10.6864282,52.8124416]},"properties":{"maxweight":"3.5"}},{"type":"Feature","geometry":{"type":"Point","coordinates":[10.9073745,52.8902583]},"properties":{"hgv":"agricultural","maxweight":"3.5"}},{"type":"Feature","geometry":{"type":"Point","coordinates":[10.5085115,52.2609344]},"properties":{"hgv":"destination"}},{"type":"Feature","geometry":{"type":"Point","coordinates":[10.6653867,52.7249593]},"properties":{"maxweight":"3.5"}},{"type":"Feature","geometry":{"type":"Point","coordinates":[10.5958782,52.7371977]},"properties":{"maxweight":"3.5"}},{"type":"Feature","geometry":{"type":"Point","coordinates":[10.5959659,52.7373021]},"properties":{"maxweight":"3.5"}},{"type":"Feature","geometry":{"type":"Point","coordinates":[10.68455,52.7379729]},"properties":{"maxweight":"12"}},{"type":"Feature","geometry":{"type":"Point","coordinates":[10.5012931,52.2639579]},"properties":{"hgv":"destination"}},{"type":"Feature","geometry":{"type":"Point","coordinates":[10.1672044,52.0182427]},"properties":{"maxheight":"default"}},{"type":"Feature","geometry":{"type":"Point","coordinates":[10.7034149,52.729119]},"properties":{"maxheight":"3","maxweight":"3.5"}},{"type":"Feature","geometry":{"type":"Point","coordinates":[10.652962,52.7291775]},"properties":{"maxweight":"7.5"}},{"type":"Feature","geometry":{"type":"Point","coordinates":[10.4929077,52.2725481]},"properties":{"maxheight":"default"}},{"type":"Feature","geometry":{"type":"Point","coordinates":[10.4998007,52.2599403]},"properties":{"maxheight":"4"}},{"type":"Feature","geometry":{"type":"Point","coordinates":[10.5058535,52.2641668]},"properties":{"hgv":"destination"}},{"type":"Feature","geometry":{"type":"Point","coordinates":[10.5039487,52.264627]},"properties":{"hgv":"destination"}},{"type":"Feature","geometry":{"type":"Point","coordinates":[10.5089359,52.261364]},"properties":{"hgv":"destination"}},{"type":"Feature","geometry":{"type":"Point","coordinates":[10.5441337,52.2395325]},"properties":{"hgv":"destination"}},{"type":"Feature","geometry":{"type":"Point","coordinates":[10.085492,52.9954427]},"properties":{"maxweight":"2"}},{"type":"Feature","geometry":{"type":"Point","coordinates":[10.8759029,52.7508575]},"properties":{"hgv":"delivery","maxweight":"3.5"}},{"type":"Feature","geometry":{"type":"Point","coordinates":[10.5087546,52.1769194]},"properties":{"maxweight":"7.5"}},{"type":"Feature","geometry":{"type":"Point","coordinates":[10.133373,52.8952331]},"properties":{"hgv":"private","goods":"private"}},{"type":"Feature","geometry":{"type":"Point","coordinates":[10.7994989,52.8552644]},"properties":{"maxweight":"7.5"}},{"type":"Feature","geometry":{"type":"Point","coordinates":[10.7862414,52.0135768]},"properties":{"maxweight":"7.5"}},{"type":"Feature","geometry":{"type":"Point","coordinates":[10.7854948,52.0158657]},"properties":{"maxweight":"7.5"}},{"type":"Feature","geometry":{"type":"Point","coordinates":[10.7743374,52.0162025]},"properties":{"maxweight":"3.5 t"}},{"type":"Feature","geometry":{"type":"Point","coordinates":[10.7456848,52.0382725]},"properties":{"maxweight":"7.5"}},{"type":"Feature","geometry":{"type":"Point","coordinates":[10.1131628,52.6883319]},"properties":{"maxweight":"3.5"}},{"type":"Feature","geometry":{"type":"Point","coordinates":[10.1768775,52.072093]},"properties":{"maxweight":"12"}},{"type":"Feature","geometry":{"type":"Point","coordinates":[10.4907751,52.2832101]},"properties":{"maxheight":"default"}},{"type":"Feature","geometry":{"type":"Point","coordinates":[10.3580777,52.2583387]},"properties":{"hgv":"no","maxheight":"2.3"}},{"type":"Feature","geometry":{"type":"Point","coordinates":[10.3577782,52.2581866]},"properties":{"hgv":"no","maxheight":"2.3"}},{"type":"Feature","geometry":{"type":"Point","coordinates":[10.1644833,52.889337]},"properties":{"maxweight":"9"}},{"type":"Feature","geometry":{"type":"Point","coordinates":[10.1643945,52.8897632]},"properties":{"maxweight":"9"}},{"type":"Feature","geometry":{"type":"Point","coordinates":[10.1513493,52.1009475]},"properties":{"maxheight":"9"}},{"type":"Feature","geometry":{"type":"Point","coordinates":[10.5702719,52.0950658]},"properties":{"hgv":"no"}},{"type":"Feature","geometry":{"type":"Point","coordinates":[10.530044,52.2104929]},"properties":{"maxweight":"7.5"}},{"type":"Feature","geometry":{"type":"Point","coordinates":[10.6709683,52.2576182]},"properties":{"maxheight":"default"}},{"type":"Feature","geometry":{"type":"Point","coordinates":[10.6718516,52.2576817]},"properties":{"maxheight":"default"}},{"type":"Feature","geometry":{"type":"Point","coordinates":[10.7132419,52.2850095]},"properties":{"maxheight":"default"}},{"type":"Feature","geometry":{"type":"Point","coordinates":[10.712865,52.2847239]},"properties":{"maxheight":"default"}},{"type":"Feature","geometry":{"type":"Point","coordinates":[10.7856145,52.4223639]},"properties":{"maxheight":"2"}},{"type":"Feature","geometry":{"type":"Point","coordinates":[10.5097013,52.240558]},"properties":{"maxheight":"default"}},{"type":"Feature","geometry":{"type":"Point","coordinates":[10.9144898,52.8551644]},"properties":{"hgv":"agricultural","maxweight":"5.5"}},{"type":"Feature","geometry":{"type":"Point","coordinates":[10.7830874,52.4178398]},"properties":{"maxheight":"2"}},{"type":"Feature","geometry":{"type":"Point","coordinates":[10.7549706,52.3940991]},"properties":{"maxheight":"4"}},{"type":"Feature","geometry":{"type":"Point","coordinates":[10.7548048,52.3938458]},"properties":{"maxheight":"4"}},{"type":"Feature","geometry":{"type":"Point","coordinates":[10.7926472,52.435522]},"properties":{"maxheight":"4"}},{"type":"Feature","geometry":{"type":"Point","coordinates":[10.9638056,52.8435642]},"properties":{"maxweight":"2.8"}},{"type":"Feature","geometry":{"type":"Point","coordinates":[10.7830342,52.4177922]},"properties":{"maxheight":"2"}},{"type":"Feature","geometry":{"type":"Point","coordinates":[10.7993747,52.431383]},"properties":{"maxweight":"7.5"}},{"type":"Feature","geometry":{"type":"Point","coordinates":[10.7991653,52.4298313]},"properties":{"maxweight":"7.5"}},{"type":"Feature","geometry":{"type":"Point","coordinates":[10.8001132,52.4313159]},"properties":{"maxheight":"default"}},{"type":"Feature","geometry":{"type":"Point","coordinates":[10.764106,52.4307148]},"properties":{"hgv":"no"}},{"type":"Feature","geometry":{"type":"Point","coordinates":[10.7420528,52.3973335]},"properties":{"maxweight":"1.5"}},{"type":"Feature","geometry":{"type":"Point","coordinates":[10.7161452,52.3938556]},"properties":{"maxweight":"1.5"}},{"type":"Feature","geometry":{"type":"Point","coordinates":[10.1623979,52.2209041]},"properties":{"maxweight":"3.5"}},{"type":"Feature","geometry":{"type":"Point","coordinates":[10.1620718,52.2018289]},"properties":{"hgv":"no"}},{"type":"Feature","geometry":{"type":"Point","coordinates":[10.6114146,52.3205229]},"properties":{"maxheight":"default"}},{"type":"Feature","geometry":{"type":"Point","coordinates":[10.5128144,52.3075906]},"properties":{"maxweight":"7.5"}},{"type":"Feature","geometry":{"type":"Point","coordinates":[10.7772641,52.0166133]},"properties":{"maxweight":"3.5"}},{"type":"Feature","geometry":{"type":"Point","coordinates":[10.7869068,52.428541]},"properties":{"maxheight":"2"}},{"type":"Feature","geometry":{"type":"Point","coordinates":[10.5208918,52.2824261]},"properties":{"maxheight":"3.5"}},{"type":"Feature","geometry":{"type":"Point","coordinates":[10.5337516,52.2422779]},"properties":{"maxheight":"3.3"}},{"type":"Feature","geometry":{"type":"Point","coordinates":[10.533971,52.2301457]},"properties":{"maxheight":"4"}},{"type":"Feature","geometry":{"type":"Point","coordinates":[10.5245716,52.2617742]},"properties":{"maxheight":"default"}},{"type":"Feature","geometry":{"type":"Point","coordinates":[10.5204516,52.2658251]},"properties":{"maxheight":"1.9"}},{"type":"Feature","geometry":{"type":"Point","coordinates":[10.5169716,52.2648227]},"properties":{"maxheight":"default"}},{"type":"Feature","geometry":{"type":"Point","coordinates":[10.528341,52.2647084]},"properties":{"maxheight":"4"}},{"type":"Feature","geometry":{"type":"Point","coordinates":[10.4926774,52.272305]},"properties":{"maxheight":"default"}},{"type":"Feature","geometry":{"type":"Point","coordinates":[10.4925229,52.2723683]},"properties":{"maxheight":"default"}},{"type":"Feature","geometry":{"type":"Point","coordinates":[10.492505,52.2722754]},"properties":{"maxheight":"default"}},{"type":"Feature","geometry":{"type":"Point","coordinates":[10.492858,52.2723696]},"properties":{"maxheight":"default"}},{"type":"Feature","geometry":{"type":"Point","coordinates":[10.4925351,52.2723238]},"properties":{"maxheight":"default"}},{"type":"Feature","geometry":{"type":"Point","coordinates":[10.4927211,52.272322]},"properties":{"maxheight":"default"}},{"type":"Feature","geometry":{"type":"Point","coordinates":[10.4924018,52.2725352]},"properties":{"maxheight":"default"}},{"type":"Feature","geometry":{"type":"Point","coordinates":[10.7489962,52.4253964]},"properties":{"maxweight":"7.5"}},{"type":"Feature","geometry":{"type":"Point","coordinates":[10.6287767,52.5094909]},"properties":{"maxweight":"7.5"}},{"type":"Feature","geometry":{"type":"Point","coordinates":[10.669169,52.0327783]},"properties":{"maxweight":"7.5"}},{"type":"Feature","geometry":{"type":"Point","coordinates":[10.7618372,52.444287]},"properties":{"maxweight":"3"}},{"type":"Feature","geometry":{"type":"Point","coordinates":[10.7635037,52.4482928]},"properties":{"maxweight":"3"}},{"type":"Feature","geometry":{"type":"Point","coordinates":[10.6032072,52.0249854]},"properties":{"maxweight":"30 t"}},{"type":"Feature","geometry":{"type":"Point","coordinates":[10.5226184,52.3192091]},"properties":{"maxheight":"5"}},{"type":"Feature","geometry":{"type":"Point","coordinates":[10.584029,52.9479801]},"properties":{"maxheight":"default"}},{"type":"Feature","geometry":{"type":"Point","coordinates":[10.5854672,52.9490483]},"properties":{"maxheight":"default"}},{"type":"Feature","geometry":{"type":"Point","coordinates":[10.5863576,52.9498201]},"properties":{"maxheight":"default"}},{"type":"Feature","geometry":{"type":"Point","coordinates":[10.686453,52.6818438]},"properties":{"maxweight":"6"}},{"type":"Feature","geometry":{"type":"Point","coordinates":[10.5055134,52.3104787]},"properties":{"maxweight":"7.5"}},{"type":"Feature","geometry":{"type":"Point","coordinates":[10.3571909,52.2580753]},"properties":{"hgv":"no"}},{"type":"Feature","geometry":{"type":"Point","coordinates":[10.5680679,52.2683206]},"properties":{"maxweight":"6"}},{"type":"Feature","geometry":{"type":"Point","coordinates":[10.5688451,52.2679935]},"properties":{"maxweight":"6"}},{"type":"Feature","geometry":{"type":"Point","coordinates":[10.2591189,52.0092121]},"properties":{"maxheight":"3.7"}},{"type":"Feature","geometry":{"type":"Point","coordinates":[10.7013356,52.3076074]},"properties":{"hgv":"designated"}},{"type":"Feature","geometry":{"type":"Point","coordinates":[10.3391708,52.1864062]},"properties":{"maxheight":"4"}},{"type":"Feature","geometry":{"type":"Point","coordinates":[10.2253515,52.1205948]},"properties":{"maxheight":"4.7"}},{"type":"Feature","geometry":{"type":"Point","coordinates":[10.184645,52.1074522]},"properties":{"maxheight":"default"}},{"type":"Feature","geometry":{"type":"Point","coordinates":[10.6584619,52.6445897]},"properties":{"hgv":"destination"}},{"type":"Feature","geometry":{"type":"Point","coordinates":[10.9419755,52.6015691]},"properties":{"maxlength":"10"}},{"type":"Feature","geometry":{"type":"Point","coordinates":[10.9672466,52.854974]},"properties":{"maxweight":"2.8"}},{"type":"Feature","geometry":{"type":"Point","coordinates":[10.8400045,52.8163519]},"properties":{"maxweight":"7.5"}},{"type":"Feature","geometry":{"type":"Point","coordinates":[10.5186222,52.0061709]},"properties":{"maxweight":"5"}},{"type":"Feature","geometry":{"type":"Point","coordinates":[10.1096518,52.3468416]},"properties":{"hgv":"no","goods":"no"}},{"type":"Feature","geometry":{"type":"Point","coordinates":[10.0995963,52.3956457]},"properties":{"maxheight":"default"}},{"type":"Feature","geometry":{"type":"Point","coordinates":[10.201521,52.9011015]},"properties":{"maxweight":"8.0"}},{"type":"Feature","geometry":{"type":"Point","coordinates":[10.0868063,52.6252303]},"properties":{"maxheight":"2","maxwidth":"2"}},{"type":"Feature","geometry":{"type":"Point","coordinates":[10.5422767,52.2975461]},"properties":{"maxweight":"24"}},{"type":"Feature","geometry":{"type":"Point","coordinates":[10.6288196,52.5094149]},"properties":{"maxweight":"7.5"}},{"type":"Feature","geometry":{"type":"Point","coordinates":[10.6280282,52.5092331]},"properties":{"maxweight":"7.5"}},{"type":"Feature","geometry":{"type":"Point","coordinates":[10.1632189,52.3606912]},"properties":{"hgv":"designated"}},{"type":"Feature","geometry":{"type":"Point","coordinates":[10.514979,52.1745614]},"properties":{"maxweight":"7.5"}},{"type":"Feature","geometry":{"type":"Point","coordinates":[10.7375042,52.4352259]},"properties":{"maxheight":"default"}},{"type":"Feature","geometry":{"type":"Point","coordinates":[10.7262085,52.3081765]},"properties":{"maxheight":"default"}},{"type":"Feature","geometry":{"type":"Point","coordinates":[10.6182269,52.5264759]},"properties":{"maxweight":"40"}},{"type":"Feature","geometry":{"type":"Point","coordinates":[10.6306676,52.2499848]},"properties":{"maxheight":"3.2"}},{"type":"Feature","geometry":{"type":"Point","coordinates":[10.4784993,52.6008751]},"properties":{"maxweight":"5"}},{"type":"Feature","geometry":{"type":"Point","coordinates":[10.5161,52.4890891]},"properties":{"maxheight":"default"}},{"type":"Feature","geometry":{"type":"Point","coordinates":[10.0371518,52.8158905]},"properties":{"maxweight":"5"}},{"type":"Feature","geometry":{"type":"Point","coordinates":[10.5312739,52.5003645]},"properties":{"hgv":"no"}},{"type":"Feature","geometry":{"type":"Point","coordinates":[10.3744916,52.050729]},"properties":{"maxheight":"3.2"}},{"type":"Feature","geometry":{"type":"Point","coordinates":[10.547626,52.4958624]},"properties":{"hgv":"no"}},{"type":"Feature","geometry":{"type":"Point","coordinates":[10.5476478,52.4953055]},"properties":{"hgv":"no"}},{"type":"Feature","geometry":{"type":"Point","coordinates":[10.411236,52.1446149]},"properties":{"hgv":"designated"}},{"type":"Feature","geometry":{"type":"Point","coordinates":[10.2604097,52.6415445]},"properties":{"maxweight":"7.5"}},{"type":"Feature","geometry":{"type":"Point","coordinates":[10.7914844,52.4426796]},"properties":{"hgv":"no"}},{"type":"Feature","geometry":{"type":"Point","coordinates":[10.775481,52.4054937]},"properties":{"maxheight":"2.4"}},{"type":"Feature","geometry":{"type":"Point","coordinates":[10.7911106,52.4423973]},"properties":{"hgv":"no"}},{"type":"Feature","geometry":{"type":"Point","coordinates":[10.5328056,52.2477898]},"properties":{"maxheight":"4.1"}},{"type":"Feature","geometry":{"type":"Point","coordinates":[10.7887736,52.4210588]},"properties":{"maxheight":"2.1"}},{"type":"Feature","geometry":{"type":"Point","coordinates":[10.536134,52.2708867]},"properties":{"hgv":"destination"}},{"type":"Feature","geometry":{"type":"Point","coordinates":[10.5315107,52.250007]},"properties":{"maxheight":"4.6"}},{"type":"Feature","geometry":{"type":"Point","coordinates":[10.748153,52.4007984]},"properties":{"maxheight":"3.8"}},{"type":"Feature","geometry":{"type":"Point","coordinates":[10.7430266,52.398292]},"properties":{"maxweight":"1.5"}},{"type":"Feature","geometry":{"type":"Point","coordinates":[10.4772681,52.1862869]},"properties":{"maxweight":"2.8"}},{"type":"Feature","geometry":{"type":"Point","coordinates":[10.7330426,52.3931548]},"properties":{"hgv":"destination"}},{"type":"Feature","geometry":{"type":"Point","coordinates":[10.7581667,52.4075684]},"properties":{"maxweight":"1.5"}},{"type":"Feature","geometry":{"type":"Point","coordinates":[10.7243782,52.4631609]},"properties":{"hgv":"no"}},{"type":"Feature","geometry":{"type":"Point","coordinates":[10.7253689,52.4628449]},"properties":{"hgv":"no"}},{"type":"Feature","geometry":{"type":"Point","coordinates":[10.7239523,52.4631856]},"properties":{"hgv":"no"}},{"type":"Feature","geometry":{"type":"Point","coordinates":[10.7235986,52.4629916]},"properties":{"hgv":"no"}},{"type":"Feature","geometry":{"type":"Point","coordinates":[10.5429449,52.4899186]},"properties":{"maxwidth":"2.3"}},{"type":"Feature","geometry":{"type":"Point","coordinates":[10.542785,52.4903563]},"properties":{"maxwidth":"2.3"}},{"type":"Feature","geometry":{"type":"Point","coordinates":[10.5425282,52.4898196]},"properties":{"maxwidth":"2.3"}},{"type":"Feature","geometry":{"type":"Point","coordinates":[10.5424678,52.4901611]},"properties":{"maxwidth":"2.3"}},{"type":"Feature","geometry":{"type":"Point","coordinates":[10.5426307,52.4894942]},"properties":{"maxwidth":"2.3"}},{"type":"Feature","geometry":{"type":"Point","coordinates":[10.5427365,52.4900039]},"properties":{"maxwidth":"2.3"}},{"type":"Feature","geometry":{"type":"Point","coordinates":[10.5429819,52.4896844]},"properties":{"maxwidth":"2.3"}},{"type":"Feature","geometry":{"type":"Point","coordinates":[10.5429394,52.4902402]},"properties":{"maxwidth":"2.3"}},{"type":"Feature","geometry":{"type":"Point","coordinates":[10.5429993,52.4900718]},"properties":{"maxwidth":"2.3"}},{"type":"Feature","geometry":{"type":"Point","coordinates":[10.5431455,52.4897905]},"properties":{"maxwidth":"2.3"}},{"type":"Feature","geometry":{"type":"Point","coordinates":[10.5427065,52.4901733]},"properties":{"maxwidth":"2.3"}},{"type":"Feature","geometry":{"type":"Point","coordinates":[10.7217837,52.4629175]},"properties":{"hgv":"delivery"}},{"type":"Feature","geometry":{"type":"Point","coordinates":[10.7223168,52.4629676]},"properties":{"hgv":"delivery"}},{"type":"Feature","geometry":{"type":"Point","coordinates":[10.7210733,52.4629204]},"properties":{"hgv":"delivery"}},{"type":"Feature","geometry":{"type":"Point","coordinates":[10.5220295,52.2963618]},"properties":{"hgv":"destination"}},{"type":"Feature","geometry":{"type":"Point","coordinates":[10.7914719,52.4433387]},"properties":{"maxheight":"2.4"}},{"type":"Feature","geometry":{"type":"Point","coordinates":[10.5469919,52.4960974]},"properties":{"hgv":"no"}},{"type":"Feature","geometry":{"type":"Point","coordinates":[10.5474097,52.4957571]},"properties":{"hgv":"no"}},{"type":"Feature","geometry":{"type":"Point","coordinates":[10.547691,52.495808]},"properties":{"hgv":"no"}},{"type":"Feature","geometry":{"type":"Point","coordinates":[10.5473899,52.4956184]},"properties":{"hgv":"no"}},{"type":"Feature","geometry":{"type":"Point","coordinates":[10.5473487,52.4956497]},"properties":{"hgv":"no"}},{"type":"Feature","geometry":{"type":"Point","coordinates":[10.544639,52.4988221]},"properties":{"hgv":"yes"}},{"type":"Feature","geometry":{"type":"Point","coordinates":[10.7414718,52.4291552]},"properties":{"hgv":"destination"}},{"type":"Feature","geometry":{"type":"Point","coordinates":[10.5471706,52.4955502]},"properties":{"hgv":"no"}},{"type":"Feature","geometry":{"type":"Point","coordinates":[10.0858547,52.6070002]},"properties":{"maxweight":"12"}},{"type":"Feature","geometry":{"type":"Point","coordinates":[10.0870092,52.6066265]},"properties":{"maxweight":"12"}},{"type":"Feature","geometry":{"type":"Point","coordinates":[10.8188886,52.2493604]},"properties":{"maxweight":"7.5"}},{"type":"Feature","geometry":{"type":"Point","coordinates":[10.0653955,52.6045571]},"properties":{"hgv":"destination"}},{"type":"Feature","geometry":{"type":"Point","coordinates":[10.0756623,52.6190426]},"properties":{"hgv":"destination"}},{"type":"Feature","geometry":{"type":"Point","coordinates":[10.2451829,52.1344498]},"properties":{"maxheight":"default"}},{"type":"Feature","geometry":{"type":"Point","coordinates":[10.5401647,52.1623787]},"properties":{"maxweight":"7.5"}},{"type":"Feature","geometry":{"type":"Point","coordinates":[10.555321,52.1615916]},"properties":{"hgv":"destination"}},{"type":"Feature","geometry":{"type":"Point","coordinates":[10.8125058,52.4284519]},"properties":{"maxheight":"4"}},{"type":"Feature","geometry":{"type":"Point","coordinates":[10.1487888,52.0875941]},"properties":{"maxweight":"5"}},{"type":"Feature","geometry":{"type":"Point","coordinates":[10.8039476,52.4529558]},"properties":{"goods":"yes"}},{"type":"Feature","geometry":{"type":"Point","coordinates":[10.7915097,52.4292991]},"properties":{"maxheight":"default"}},{"type":"Feature","geometry":{"type":"Point","coordinates":[10.5182648,52.2665504]},"properties":{"hgv":"destination"}},{"type":"Feature","geometry":{"type":"Point","coordinates":[10.7686703,52.4269148]},"properties":{"maxweight":"12"}},{"type":"Feature","geometry":{"type":"Point","coordinates":[10.5375644,52.4797946]},"properties":{"hgv":"delivery"}},{"type":"Feature","geometry":{"type":"Point","coordinates":[10.7204507,52.4232942]},"properties":{"maxheight":"1.95"}},{"type":"Feature","geometry":{"type":"Point","coordinates":[10.7910745,52.4292728]},"properties":{"maxheight":"2"}},{"type":"Feature","geometry":{"type":"Point","coordinates":[10.7497358,52.4365588]},"properties":{"maxheight":"2.2"}},{"type":"Feature","geometry":{"type":"Point","coordinates":[10.7497998,52.4361483]},"properties":{"maxheight":"2.2"}},{"type":"Feature","geometry":{"type":"Point","coordinates":[10.5154114,52.3148272]},"properties":{"maxheight":"default"}},{"type":"Feature","geometry":{"type":"Point","coordinates":[10.1675456,52.0941065]},"properties":{"maxheight":"default"}},{"type":"Feature","geometry":{"type":"Point","coordinates":[10.1936666,52.0652255]},"properties":{"maxheight":"default"}},{"type":"Feature","geometry":{"type":"Point","coordinates":[10.1931224,52.0727468]},"properties":{"maxheight":"default"}},{"type":"Feature","geometry":{"type":"Point","coordinates":[10.1929029,52.0727425]},"properties":{"maxheight":"default"}},{"type":"Feature","geometry":{"type":"Point","coordinates":[10.5202687,52.2971313]},"properties":{"hgv":"destination"}},{"type":"Feature","geometry":{"type":"Point","coordinates":[10.5482681,52.4869301]},"properties":{"maxheight":"2"}},{"type":"Feature","geometry":{"type":"Point","coordinates":[10.548349,52.4870212]},"properties":{"maxheight":"2"}},{"type":"Feature","geometry":{"type":"Point","coordinates":[10.0149842,52.50898]},"properties":{"maxheight":"default"}},{"type":"Feature","geometry":{"type":"Point","coordinates":[10.8439801,52.4395695]},"properties":{"maxweight":"16"}},{"type":"Feature","geometry":{"type":"Point","coordinates":[10.5012699,52.2415508]},"properties":{"hgv":"no"}},{"type":"Feature","geometry":{"type":"Point","coordinates":[10.8301688,52.4215122]},"properties":{"hgv":"destination"}},{"type":"Feature","geometry":{"type":"Point","coordinates":[10.7774095,52.4306982]},"properties":{"maxheight":"3"}},{"type":"Feature","geometry":{"type":"Point","coordinates":[10.7887652,52.4445947]},"properties":{"hgv":"no"}},{"type":"Feature","geometry":{"type":"Point","coordinates":[10.5268212,52.4851312]},"properties":{"maxheight":"4.76"}},{"type":"Feature","geometry":{"type":"Point","coordinates":[10.5268437,52.4608371]},"properties":{"maxheight":"4"}},{"type":"Feature","geometry":{"type":"Point","coordinates":[10.4949731,52.2532861]},"properties":{"maxheight":"4.3"}},{"type":"Feature","geometry":{"type":"Point","coordinates":[10.5244438,52.1963291]},"properties":{"maxheight":"default"}},{"type":"Feature","geometry":{"type":"Point","coordinates":[10.7925187,52.7165718]},"properties":{"hgv":"agricultural"}},{"type":"Feature","geometry":{"type":"Point","coordinates":[10.1285867,52.6586927]},"properties":{"maxheight":"default"}},{"type":"Feature","geometry":{"type":"Point","coordinates":[10.1286195,52.6586772]},"properties":{"maxheight":"default"}},{"type":"Feature","geometry":{"type":"Point","coordinates":[10.7498808,52.421786]},"properties":{"hgv":"no"}},{"type":"Feature","geometry":{"type":"Point","coordinates":[10.5476086,52.2331773]},"properties":{"maxheight":"3.3"}},{"type":"Feature","geometry":{"type":"Point","coordinates":[10.5478902,52.2331695]},"properties":{"maxheight":"3.4"}},{"type":"Feature","geometry":{"type":"Point","coordinates":[10.7120925,52.4157768]},"properties":{"hgv":"destination"}},{"type":"Feature","geometry":{"type":"Point","coordinates":[10.0808665,52.628008]},"properties":{"hgv":"destination"}},{"type":"Feature","geometry":{"type":"Point","coordinates":[10.1041794,52.5838552]},"properties":{"maxweight":"5"}},{"type":"Feature","geometry":{"type":"Point","coordinates":[10.9681139,52.8677179]},"properties":{"maxweight":"2.8"}},{"type":"Feature","geometry":{"type":"Point","coordinates":[10.0537309,52.6137819]},"properties":{"maxheight":"2.7"}},{"type":"Feature","geometry":{"type":"Point","coordinates":[10.6381247,52.9246]},"properties":{"maxweight":"1.5"}},{"type":"Feature","geometry":{"type":"Point","coordinates":[10.0556572,52.6200113]},"properties":{"maxheight":"2.5"}},{"type":"Feature","geometry":{"type":"Point","coordinates":[10.0542467,52.6199485]},"properties":{"maxheight":"3"}},{"type":"Feature","geometry":{"type":"Point","coordinates":[10.5861301,52.9653013]},"properties":{"maxheight":"default"}},{"type":"Feature","geometry":{"type":"Point","coordinates":[10.6148216,52.4964742]},"properties":{"maxwidth":"1"}},{"type":"Feature","geometry":{"type":"Point","coordinates":[10.5889935,52.9606615]},"properties":{"maxheight":"default"}},{"type":"Feature","geometry":{"type":"Point","coordinates":[10.6784853,52.4985609]},"properties":{"maxweight":"16"}},{"type":"Feature","geometry":{"type":"Point","coordinates":[10.5316802,52.9172656]},"properties":{"maxheight":"default"}},{"type":"Feature","geometry":{"type":"Point","coordinates":[10.5922715,52.3810895]},"properties":{"maxweight":"2.8"}},{"type":"Feature","geometry":{"type":"Point","coordinates":[10.505194,52.5338284]},"properties":{"maxheight":"default"}},{"type":"Feature","geometry":{"type":"Point","coordinates":[10.5874427,52.9494357]},"properties":{"maxheight":"default"}},{"type":"Feature","geometry":{"type":"Point","coordinates":[10.7968408,52.5980093]},"properties":{"hgv":"no"}},{"type":"Feature","geometry":{"type":"Point","coordinates":[10.7974429,52.5976993]},"properties":{"hgv":"no"}},{"type":"Feature","geometry":{"type":"Point","coordinates":[10.5708653,52.9815656]},"properties":{"hgv":"no"}},{"type":"Feature","geometry":{"type":"Point","coordinates":[10.5676426,52.9903003]},"properties":{"maxweight":"3.5"}},{"type":"Feature","geometry":{"type":"Point","coordinates":[10.0395633,52.6375296]},"properties":{"hgv":"destination"}},{"type":"Feature","geometry":{"type":"Point","coordinates":[10.0453925,52.6358381]},"properties":{"hgv":"destination"}},{"type":"Feature","geometry":{"type":"Point","coordinates":[10.5372249,52.9729335]},"properties":{"hgv":"no","goods":"no"}},{"type":"Feature","geometry":{"type":"Point","coordinates":[10.548513,52.9857888]},"properties":{"maxheight":"3.3","maxweight":"7.5"}},{"type":"Feature","geometry":{"type":"Point","coordinates":[10.5635348,52.9739835]},"properties":{"hgv":"destination"}},{"type":"Feature","geometry":{"type":"Point","coordinates":[10.5630381,52.9741089]},"properties":{"hgv":"destination"}},{"type":"Feature","geometry":{"type":"Point","coordinates":[10.5423314,52.9748137]},"properties":{"maxweight":"4.5"}},{"type":"Feature","geometry":{"type":"Point","coordinates":[10.5401858,52.9747703]},"properties":{"hgv":"no","goods":"no"}},{"type":"Feature","geometry":{"type":"Point","coordinates":[10.5387289,52.9639462]},"properties":{"hgv":"no","goods":"destination"}},{"type":"Feature","geometry":{"type":"Point","coordinates":[10.540366,52.9744184]},"properties":{"hgv":"no","goods":"yes"}},{"type":"Feature","geometry":{"type":"Point","coordinates":[10.5220873,52.255837]},"properties":{"maxheight":"2.1"}},{"type":"Feature","geometry":{"type":"Point","coordinates":[10.5534737,52.978155]},"properties":{"maxheight":"3.3","maxweight":"7.5"}},{"type":"Feature","geometry":{"type":"Point","coordinates":[10.4752954,52.9922414]},"properties":{"hgv":"no"}},{"type":"Feature","geometry":{"type":"Point","coordinates":[10.5306452,52.9840015]},"properties":{"hgv":"no","goods":"no"}},{"type":"Feature","geometry":{"type":"Point","coordinates":[10.5382087,52.9825047]},"properties":{"hgv":"destination","goods":"destination"}},{"type":"Feature","geometry":{"type":"Point","coordinates":[10.7921986,52.4265807]},"properties":{"maxheight":"2","maxwidth":"2"}},{"type":"Feature","geometry":{"type":"Point","coordinates":[10.5136334,52.9928345]},"properties":{"hgv":"delivery"}},{"type":"Feature","geometry":{"type":"Point","coordinates":[10.5076058,52.9907482]},"properties":{"hgv":"no","goods":"destination"}},{"type":"Feature","geometry":{"type":"Point","coordinates":[10.5234095,52.9904361]},"properties":{"hgv":"no","goods":"destination"}},{"type":"Feature","geometry":{"type":"Point","coordinates":[10.8152144,52.3064434]},"properties":{"hgv":"destination"}},{"type":"Feature","geometry":{"type":"Point","coordinates":[10.1452533,52.8048855]},"properties":{"maxweight":"3.5"}},{"type":"Feature","geometry":{"type":"Point","coordinates":[10.1453176,52.8049282]},"properties":{"maxweight":"3.5"}},{"type":"Feature","geometry":{"type":"Point","coordinates":[10.1321049,52.7972646]},"properties":{"maxweight":"3.5"}},{"type":"Feature","geometry":{"type":"Point","coordinates":[10.9308501,52.0963622]},"properties":{"maxheight":"3.7"}},{"type":"Feature","geometry":{"type":"Point","coordinates":[10.5006645,52.2639647]},"properties":{"maxheight":"default"}},{"type":"Feature","geometry":{"type":"Point","coordinates":[10.5049109,52.2575327]},"properties":{"maxheight":"3.7"}},{"type":"Feature","geometry":{"type":"Point","coordinates":[10.5183192,52.2535755]},"properties":{"maxheight":"3.3"}},{"type":"Feature","geometry":{"type":"Point","coordinates":[10.5164514,52.2548065]},"properties":{"maxheight":"3.5"}},{"type":"Feature","geometry":{"type":"Point","coordinates":[10.7989546,52.4361184]},"properties":{"hgv":"no"}},{"type":"Feature","geometry":{"type":"Point","coordinates":[10.7982206,52.435476]},"properties":{"hgv":"no"}},{"type":"Feature","geometry":{"type":"Point","coordinates":[10.7982174,52.4354709]},"properties":{"hgv":"no"}},{"type":"Feature","geometry":{"type":"Point","coordinates":[10.7981736,52.4364827]},"properties":{"hgv":"no","maxheight":"2.2"}},{"type":"Feature","geometry":{"type":"Point","coordinates":[10.7989539,52.4356821]},"properties":{"hgv":"no","maxheight":"2.2"}},{"type":"Feature","geometry":{"type":"Point","coordinates":[10.7982408,52.4361964]},"properties":{"hgv":"no","maxheight":"2.2"}},{"type":"Feature","geometry":{"type":"Point","coordinates":[10.7983791,52.4356325]},"properties":{"hgv":"no"}},{"type":"Feature","geometry":{"type":"Point","coordinates":[10.7983085,52.4359086]},"properties":{"hgv":"no","maxheight":"2.2"}},{"type":"Feature","geometry":{"type":"Point","coordinates":[10.7982439,52.4362015]},"properties":{"hgv":"no"}},{"type":"Feature","geometry":{"type":"Point","coordinates":[10.79821,52.4363463]},"properties":{"hgv":"no"}},{"type":"Feature","geometry":{"type":"Point","coordinates":[10.7982753,52.4360497]},"properties":{"hgv":"no","maxheight":"2.2"}},{"type":"Feature","geometry":{"type":"Point","coordinates":[10.7983407,52.435771]},"properties":{"hgv":"no"}},{"type":"Feature","geometry":{"type":"Point","coordinates":[10.7983438,52.4357761]},"properties":{"hgv":"no"}},{"type":"Feature","geometry":{"type":"Point","coordinates":[10.7982068,52.4363412]},"properties":{"hgv":"no","maxheight":"2.2"}},{"type":"Feature","geometry":{"type":"Point","coordinates":[10.7982784,52.4360549]},"properties":{"hgv":"no"}},{"type":"Feature","geometry":{"type":"Point","coordinates":[10.7983116,52.4359138]},"properties":{"hgv":"no"}},{"type":"Feature","geometry":{"type":"Point","coordinates":[10.798376,52.4356274]},"properties":{"hgv":"no"}},{"type":"Feature","geometry":{"type":"Point","coordinates":[10.7982784,52.4360549]},"properties":{"hgv":"no"}},{"type":"Feature","geometry":{"type":"Point","coordinates":[10.7389018,52.4062188]},"properties":{"maxweight":"12"}},{"type":"Feature","geometry":{"type":"Point","coordinates":[10.7102006,52.8185717]},"properties":{"maxweight":"3.5"}},{"type":"Feature","geometry":{"type":"Point","coordinates":[10.6997808,52.8221235]},"properties":{"maxweight":"3.5"}},{"type":"Feature","geometry":{"type":"Point","coordinates":[10.6998268,52.8230412]},"properties":{"maxweight":"3.5"}},{"type":"Feature","geometry":{"type":"Point","coordinates":[10.6997808,52.8221235]},"properties":{"maxweight":"3.5"}},{"type":"Feature","geometry":{"type":"Point","coordinates":[10.7021982,52.8237651]},"properties":{"maxweight":"3.5"}},{"type":"Feature","geometry":{"type":"Point","coordinates":[10.7426645,52.8217594]},"properties":{"maxweight":"3.5"}},{"type":"Feature","geometry":{"type":"Point","coordinates":[10.8253079,52.8406218]},"properties":{"maxweight":"7.5"}},{"type":"Feature","geometry":{"type":"Point","coordinates":[10.8237035,52.8512029]},"properties":{"maxweight":"7.5"}},{"type":"Feature","geometry":{"type":"Point","coordinates":[10.8245146,52.8452617]},"properties":{"maxweight":"7.5"}},{"type":"Feature","geometry":{"type":"Point","coordinates":[10.7534664,52.8762112]},"properties":{"maxweight":"3.5"}},{"type":"Feature","geometry":{"type":"Point","coordinates":[10.673651,52.5984042]},"properties":{"hgv":"no"}},{"type":"Feature","geometry":{"type":"Point","coordinates":[10.6734871,52.5984012]},"properties":{"hgv":"no"}},{"type":"Feature","geometry":{"type":"Point","coordinates":[10.6756734,52.5986026]},"properties":{"hgv":"no"}},{"type":"Feature","geometry":{"type":"Point","coordinates":[10.8929762,52.5387977]},"properties":{"goods":"metal"}},{"type":"Feature","geometry":{"type":"Point","coordinates":[10.7411589,52.4362579]},"properties":{"maxheight":"2.1"}},{"type":"Feature","geometry":{"type":"Point","coordinates":[10.7432351,52.4364554]},"properties":{"maxheight":"2.1"}},{"type":"Feature","geometry":{"type":"Point","coordinates":[10.7413405,52.4362744]},"properties":{"maxheight":"2.1"}},{"type":"Feature","geometry":{"type":"Point","coordinates":[10.7436723,52.4364969]},"properties":{"maxheight":"2.1"}},{"type":"Feature","geometry":{"type":"Point","coordinates":[10.7414572,52.4366879]},"properties":{"maxheight":"2.1"}},{"type":"Feature","geometry":{"type":"Point","coordinates":[10.7416246,52.4360572]},"properties":{"maxheight":"2.1"}},{"type":"Feature","geometry":{"type":"Point","coordinates":[10.742525,52.4359926]},"properties":{"maxheight":"2.1"}},{"type":"Feature","geometry":{"type":"Point","coordinates":[10.741501,52.4365367]},"properties":{"maxheight":"2.1"}},{"type":"Feature","geometry":{"type":"Point","coordinates":[10.7416246,52.4360572]},"properties":{"maxheight":"2.1"}},{"type":"Feature","geometry":{"type":"Point","coordinates":[10.7415448,52.4363792]},"properties":{"maxheight":"2.1"}},{"type":"Feature","geometry":{"type":"Point","coordinates":[10.7424212,52.4362817]},"properties":{"maxheight":"2.1"}},{"type":"Feature","geometry":{"type":"Point","coordinates":[10.7488799,52.4369163]},"properties":{"maxheight":"2"}},{"type":"Feature","geometry":{"type":"Point","coordinates":[10.7493152,52.4369534]},"properties":{"maxheight":"2"}},{"type":"Feature","geometry":{"type":"Point","coordinates":[10.7491064,52.4369356]},"properties":{"maxheight":"2"}},{"type":"Feature","geometry":{"type":"Point","coordinates":[10.7487197,52.4366667]},"properties":{"maxheight":"2"}},{"type":"Feature","geometry":{"type":"Point","coordinates":[10.7485831,52.4365653]},"properties":{"maxheight":"2"}},{"type":"Feature","geometry":{"type":"Point","coordinates":[10.7488799,52.4369163]},"properties":{"maxheight":"2"}},{"type":"Feature","geometry":{"type":"Point","coordinates":[10.7496708,52.4368875]},"properties":{"maxheight":"2"}},{"type":"Feature","geometry":{"type":"Point","coordinates":[10.7502754,52.436999]},"properties":{"maxheight":"2"}},{"type":"Feature","geometry":{"type":"Point","coordinates":[10.7504862,52.4370148]},"properties":{"maxheight":"2"}},{"type":"Feature","geometry":{"type":"Point","coordinates":[10.7502754,52.436999]},"properties":{"maxheight":"2"}},{"type":"Feature","geometry":{"type":"Point","coordinates":[10.7435209,52.4362427]},"properties":{"maxheight":"2.1"}},{"type":"Feature","geometry":{"type":"Point","coordinates":[10.7499304,52.4374404]},"properties":{"maxheight":"2"}},{"type":"Feature","geometry":{"type":"Point","coordinates":[10.7483213,52.437366]},"properties":{"maxheight":"2"}},{"type":"Feature","geometry":{"type":"Point","coordinates":[10.7487573,52.4374105]},"properties":{"maxheight":"2"}},{"type":"Feature","geometry":{"type":"Point","coordinates":[10.749563,52.4374187]},"properties":{"maxheight":"2","maxweight":"FIXME"}},{"type":"Feature","geometry":{"type":"Point","coordinates":[10.7491855,52.4374542]},"properties":{"maxheight":"2"}},{"type":"Feature","geometry":{"type":"Point","coordinates":[10.7482824,52.4370314]},"properties":{"maxheight":"2"}},{"type":"Feature","geometry":{"type":"Point","coordinates":[10.7495492,52.4374844]},"properties":{"maxweight":"FIXME"}},{"type":"Feature","geometry":{"type":"Point","coordinates":[10.7483223,52.4368674]},"properties":{"maxheight":"2"}},{"type":"Feature","geometry":{"type":"Point","coordinates":[10.7489655,52.4374317]},"properties":{"maxheight":"2"}},{"type":"Feature","geometry":{"type":"Point","coordinates":[10.7485372,52.437388]},"properties":{"maxheight":"2"}},{"type":"Feature","geometry":{"type":"Point","coordinates":[10.748231,52.4368586]},"properties":{"maxheight":"2"}},{"type":"Feature","geometry":{"type":"Point","coordinates":[10.7476497,52.4373435]},"properties":{"maxheight":"2"}},{"type":"Feature","geometry":{"type":"Point","coordinates":[10.7478676,52.4373652]},"properties":{"maxheight":"2"}},{"type":"Feature","geometry":{"type":"Point","coordinates":[10.7797439,52.6697377]},"properties":{"hgv":"agricultural;forestry"}},{"type":"Feature","geometry":{"type":"Point","coordinates":[10.3818332,52.6002761]},"properties":{"hgv":"destination"}},{"type":"Feature","geometry":{"type":"Point","coordinates":[10.7445541,52.0366339]},"properties":{"maxweight":"7.5"}},{"type":"Feature","geometry":{"type":"Point","coordinates":[10.5353798,52.3130925]},"properties":{"maxheight":"default"}},{"type":"Feature","geometry":{"type":"Point","coordinates":[10.6143305,52.9125103]},"properties":{"maxwidth":"12.5","maxlength":"190"}},{"type":"Feature","geometry":{"type":"Point","coordinates":[10.6133529,52.9122582]},"properties":{"maxwidth":"12","maxlength":"185"}},{"type":"Feature","geometry":{"type":"Point","coordinates":[10.5184497,52.3056045]},"properties":{"hgv":"destination","goods":"destination"}},{"type":"Feature","geometry":{"type":"Point","coordinates":[10.5187373,52.3064057]},"properties":{"hgv":"destination","goods":"destination"}},{"type":"Feature","geometry":{"type":"Point","coordinates":[10.5196589,52.3090742]},"properties":{"hgv":"destination","goods":"destination"}},{"type":"Feature","geometry":{"type":"Point","coordinates":[10.5184391,52.3053607]},"properties":{"hgv":"destination","goods":"destination"}},{"type":"Feature","geometry":{"type":"Point","coordinates":[10.517638,52.3114752]},"properties":{"hgv":"destination","goods":"destination"}},{"type":"Feature","geometry":{"type":"Point","coordinates":[10.5190211,52.3037054]},"properties":{"hgv":"destination","goods":"destination"}},{"type":"Feature","geometry":{"type":"Point","coordinates":[10.686352,52.4554653]},"properties":{"maxweight":"5"}},{"type":"Feature","geometry":{"type":"Point","coordinates":[10.7902189,52.442146]},"properties":{"hgv":"no"}},{"type":"Feature","geometry":{"type":"Point","coordinates":[10.5953055,52.5277211]},"properties":{"maxweight":"2"}},{"type":"Feature","geometry":{"type":"Point","coordinates":[10.5191053,52.261192]},"properties":{"maxheight":"3.3"}},{"type":"Feature","geometry":{"type":"Point","coordinates":[10.5190808,52.2611352]},"properties":{"maxheight":"3.6"}},{"type":"Feature","geometry":{"type":"Point","coordinates":[10.5194385,52.2612804]},"properties":{"maxheight":"3.3"}},{"type":"Feature","geometry":{"type":"Point","coordinates":[10.662622,52.420711]},"properties":{"maxwidth":"12.5","maxlength":"225"}},{"type":"Feature","geometry":{"type":"Point","coordinates":[10.7877629,52.4448094]},"properties":{"hgv":"destination"}},{"type":"Feature","geometry":{"type":"Point","coordinates":[10.7977723,52.4363548]},"properties":{"hgv":"no"}},{"type":"Feature","geometry":{"type":"Point","coordinates":[10.5029784,52.3115173]},"properties":{"maxweight":"7.5"}},{"type":"Feature","geometry":{"type":"Point","coordinates":[10.6282446,52.5093648]},"properties":{"maxweight":"7.5"}},{"type":"Feature","geometry":{"type":"Point","coordinates":[10.5061666,52.3102117]},"properties":{"maxweight":"7.5"}},{"type":"Feature","geometry":{"type":"Point","coordinates":[10.5072262,52.3099826]},"properties":{"maxheight":"4.1"}},{"type":"Feature","geometry":{"type":"Point","coordinates":[10.7895774,52.442201]},"properties":{"hgv":"no"}},{"type":"Feature","geometry":{"type":"Point","coordinates":[10.6843215,52.8331952]},"properties":{"maxweight":"6"}},{"type":"Feature","geometry":{"type":"Point","coordinates":[10.513287,52.9570242]},"properties":{"maxweight":"3.5"}},{"type":"Feature","geometry":{"type":"Point","coordinates":[10.5190229,52.2615681]},"properties":{"maxheight":"below_default"}},{"type":"Feature","geometry":{"type":"Point","coordinates":[10.6705159,52.5984018]},"properties":{"hgv":"no"}},{"type":"Feature","geometry":{"type":"Point","coordinates":[10.8419892,52.4197598]},"properties":{"hgv":"destination"}},{"type":"Feature","geometry":{"type":"Point","coordinates":[10.944806,52.6023274]},"properties":{"maxlength":"10"}},{"type":"Feature","geometry":{"type":"Point","coordinates":[10.9426372,52.6018209]},"properties":{"maxlength":"10"}},{"type":"Feature","geometry":{"type":"Point","coordinates":[10.9452375,52.6024679]},"properties":{"maxlength":"10"}},{"type":"Feature","geometry":{"type":"Point","coordinates":[10.5407727,52.4564572]},"properties":{"maxheight":"4"}},{"type":"Feature","geometry":{"type":"Point","coordinates":[10.5407085,52.4564623]},"properties":{"maxheight":"4"}},{"type":"Feature","geometry":{"type":"Point","coordinates":[10.5408322,52.4564515]},"properties":{"maxheight":"4"}},{"type":"Feature","geometry":{"type":"Point","coordinates":[10.5051488,52.2584169]},"properties":{"hgv":"destination"}},{"type":"Feature","geometry":{"type":"Point","coordinates":[10.4853863,52.4329093]},"properties":{"maxheight":"4"}},{"type":"Feature","geometry":{"type":"Point","coordinates":[10.4854935,52.4328239]},"properties":{"maxheight":"4"}},{"type":"Feature","geometry":{"type":"Point","coordinates":[10.5431729,52.5143769]},"properties":{"hgv":"delivery"}},{"type":"Feature","geometry":{"type":"Point","coordinates":[10.5373433,52.4781912]},"properties":{"maxheight":"default"}},{"type":"Feature","geometry":{"type":"Point","coordinates":[10.5372729,52.4781553]},"properties":{"maxheight":"default"}},{"type":"Feature","geometry":{"type":"Point","coordinates":[10.5192155,52.4864889]},"properties":{"hgv":"yes"}},{"type":"Feature","geometry":{"type":"Point","coordinates":[10.5368951,52.4779626]},"properties":{"maxheight":"2.6"}},{"type":"Feature","geometry":{"type":"Point","coordinates":[10.749271,52.4021907]},"properties":{"hgv":"delivery"}},{"type":"Feature","geometry":{"type":"Point","coordinates":[10.5500457,52.5128285]},"properties":{"maxweight":"6"}},{"type":"Feature","geometry":{"type":"Point","coordinates":[10.5429449,52.4899186]},"properties":{"maxwidth":"2.3"}},{"type":"Feature","geometry":{"type":"Point","coordinates":[10.0858722,52.6251234]},"properties":{"maxheight":"4"}},{"type":"Feature","geometry":{"type":"Point","coordinates":[10.9446863,52.6033597]},"properties":{"maxlength":"10"}},{"type":"Feature","geometry":{"type":"Point","coordinates":[10.9449519,52.6029816]},"properties":{"maxlength":"10"}},{"type":"Feature","geometry":{"type":"Point","coordinates":[10.6454663,52.8245344]},"properties":{"maxweight":"3.5"}},{"type":"Feature","geometry":{"type":"Point","coordinates":[10.6378296,52.8223679]},"properties":{"maxweight":"3.5"}},{"type":"Feature","geometry":{"type":"Point","coordinates":[10.6553743,52.8186001]},"properties":{"maxweight":"3.5"}},{"type":"Feature","geometry":{"type":"Point","coordinates":[10.6580634,52.8126629]},"properties":{"maxweight":"3.5"}},{"type":"Feature","geometry":{"type":"Point","coordinates":[10.6418545,52.8266304]},"properties":{"maxweight":"3.5"}},{"type":"Feature","geometry":{"type":"Point","coordinates":[10.7039251,52.908625]},"properties":{"hgv":"agricultural","maxweight":"3.5"}},{"type":"Feature","geometry":{"type":"Point","coordinates":[10.7362769,52.2416522]},"properties":{"hgv":"no","goods":"no"}},{"type":"Feature","geometry":{"type":"Point","coordinates":[10.7406445,52.2434117]},"properties":{"hgv":"no","goods":"no"}},{"type":"Feature","geometry":{"type":"Point","coordinates":[10.7431451,52.2445355]},"properties":{"hgv":"no","goods":"no"}},{"type":"Feature","geometry":{"type":"Point","coordinates":[10.7235916,52.8781858]},"properties":{"hgv":"agricultural","maxweight":"3.5"}},{"type":"Feature","geometry":{"type":"Point","coordinates":[10.6412479,52.925055]},"properties":{"maxweight":"3.5"}},{"type":"Feature","geometry":{"type":"Point","coordinates":[10.5377198,52.2522735]},"properties":{"hgv":"no","goods":"private"}},{"type":"Feature","geometry":{"type":"Point","coordinates":[10.565788,52.4920706]},"properties":{"maxheight":"1.5"}},{"type":"Feature","geometry":{"type":"Point","coordinates":[10.5687913,52.491804]},"properties":{"maxheight":"1.5"}},{"type":"Feature","geometry":{"type":"Point","coordinates":[10.3579197,52.3402083]},"properties":{"hgv":"designated"}},{"type":"Feature","geometry":{"type":"Point","coordinates":[10.3583992,52.3399688]},"properties":{"hgv":"designated"}},{"type":"Feature","geometry":{"type":"Point","coordinates":[10.3552182,52.3400746]},"properties":{"hgv":"designated"}},{"type":"Feature","geometry":{"type":"Point","coordinates":[10.6573133,52.890267]},"properties":{"maxweight":"3.5"}},{"type":"Feature","geometry":{"type":"Point","coordinates":[10.7008553,52.3231372]},"properties":{"maxweight":"16"}},{"type":"Feature","geometry":{"type":"Point","coordinates":[10.5474872,52.2413919]},"properties":{"hgv":"destination"}},{"type":"Feature","geometry":{"type":"Point","coordinates":[10.5471305,52.2418466]},"properties":{"hgv":"destination"}},{"type":"Feature","geometry":{"type":"Point","coordinates":[10.5108091,52.3321716]},"properties":{"maxweight":"16"}},{"type":"Feature","geometry":{"type":"Point","coordinates":[10.1586943,52.1119738]},"properties":{"maxheight":"4"}},{"type":"Feature","geometry":{"type":"Point","coordinates":[10.5781249,52.9694011]},"properties":{"hgv":"destination"}},{"type":"Feature","geometry":{"type":"Point","coordinates":[10.7751887,52.405577]},"properties":{"maxheight":"2.4"}},{"type":"Feature","geometry":{"type":"Point","coordinates":[10.525009,52.2650028]},"properties":{"hgv":"destination"}},{"type":"Feature","geometry":{"type":"Point","coordinates":[10.5246012,52.2643068]},"properties":{"hgv":"destination"}},{"type":"Feature","geometry":{"type":"Point","coordinates":[10.5679737,52.2221979]},"properties":{"hgv":"delivery"}},{"type":"Feature","geometry":{"type":"Point","coordinates":[10.5979497,52.9698048]},"properties":{"hgv":"agricultural","maxweight":"1.5"}},{"type":"Feature","geometry":{"type":"Point","coordinates":[10.6833508,52.9766719]},"properties":{"maxweight":"3.5"}},{"type":"Feature","geometry":{"type":"Point","coordinates":[10.5654138,52.9296692]},"properties":{"maxweight":"3.5"}},{"type":"Feature","geometry":{"type":"Point","coordinates":[10.4593507,52.963528]},"properties":{"maxweight":"12"}},{"type":"Feature","geometry":{"type":"Point","coordinates":[10.354988,52.3393184]},"properties":{"hgv":"designated"}},{"type":"Feature","geometry":{"type":"Point","coordinates":[10.7226183,52.9253607]},"properties":{"maxweight":"3.5"}},{"type":"Feature","geometry":{"type":"Point","coordinates":[10.5827233,52.9529285]},"properties":{"hgv":"agricultural"}},{"type":"Feature","geometry":{"type":"Point","coordinates":[10.5765415,52.9525183]},"properties":{"hgv":"agricultural"}},{"type":"Feature","geometry":{"type":"Point","coordinates":[10.573883,52.9507919]},"properties":{"hgv":"agricultural"}},{"type":"Feature","geometry":{"type":"Point","coordinates":[10.573287,52.9517284]},"properties":{"hgv":"agricultural"}},{"type":"Feature","geometry":{"type":"Point","coordinates":[10.7980043,52.4356702]},"properties":{"hgv":"no"}},{"type":"Feature","geometry":{"type":"Point","coordinates":[10.6450242,52.9631007]},"properties":{"hgv":"agricultural","maxweight":"3.5"}},{"type":"Feature","geometry":{"type":"Point","coordinates":[10.8297546,52.4261768]},"properties":{"hgv":"destination"}},{"type":"Feature","geometry":{"type":"Point","coordinates":[10.1625185,52.0884044]},"properties":{"hgv":"delivery"}},{"type":"Feature","geometry":{"type":"Point","coordinates":[10.7561945,52.9261634]},"properties":{"hgv":"destination"}},{"type":"Feature","geometry":{"type":"Point","coordinates":[10.543246,52.2503153]},"properties":{"maxweight":"2.8"}},{"type":"Feature","geometry":{"type":"Point","coordinates":[10.5432117,52.2503635]},"properties":{"maxweight":"2.8"}},{"type":"Feature","geometry":{"type":"Point","coordinates":[10.5427776,52.2498686]},"properties":{"maxweight":"2.8"}},{"type":"Feature","geometry":{"type":"Point","coordinates":[10.4953654,52.9997286]},"properties":{"maxweight":"3.5"}},{"type":"Feature","geometry":{"type":"Point","coordinates":[10.4996569,52.9981725]},"properties":{"maxlength":"10"}},{"type":"Feature","geometry":{"type":"Point","coordinates":[10.5927323,52.9576224]},"properties":{"maxlength":"8"}},{"type":"Feature","geometry":{"type":"Point","coordinates":[10.7832845,52.4166309]},"properties":{"maxheight":"4"}},{"type":"Feature","geometry":{"type":"Point","coordinates":[10.5952493,52.251648]},"properties":{"maxweight":"7.5"}},{"type":"Feature","geometry":{"type":"Point","coordinates":[10.7475779,52.9510746]},"properties":{"hgv":"agricultural"}},{"type":"Feature","geometry":{"type":"Point","coordinates":[10.4904046,52.3153981]},"properties":{"maxheight":"3.9"}},{"type":"Feature","geometry":{"type":"Point","coordinates":[10.0237366,52.8239996]},"properties":{"maxweight":"5"}},{"type":"Feature","geometry":{"type":"Point","coordinates":[10.559821,52.182248]},"properties":{"hgv":"no","goods":"delivery"}},{"type":"Feature","geometry":{"type":"Point","coordinates":[10.7196936,52.4628883]},"properties":{"hgv":"delivery"}},{"type":"Feature","geometry":{"type":"Point","coordinates":[10.5216418,52.3033169]},"properties":{"hgv":"destination","goods":"destination"}},{"type":"Feature","geometry":{"type":"Point","coordinates":[10.5956558,52.909744]},"properties":{"maxweight":"40"}},{"type":"Feature","geometry":{"type":"Point","coordinates":[10.5921195,52.2582796]},"properties":{"maxweight":"7.5"}},{"type":"Feature","geometry":{"type":"Point","coordinates":[10.56238,52.964369]},"properties":{"maxweight":"3.5"}},{"type":"Feature","geometry":{"type":"Point","coordinates":[10.607329,52.7295264]},"properties":{"hgv":"destination"}},{"type":"Feature","geometry":{"type":"Point","coordinates":[10.7808907,52.2660292]},"properties":{"maxweight":"12"}},{"type":"Feature","geometry":{"type":"Point","coordinates":[10.6688358,52.9626064]},"properties":{"hgv":"agricultural","maxweight":"3.5"}},{"type":"Feature","geometry":{"type":"Point","coordinates":[10.5690821,52.9726359]},"properties":{"maxweight":"7.5"}},{"type":"Feature","geometry":{"type":"Point","coordinates":[10.5691508,52.9718803]},"properties":{"maxweight":"3.5"}},{"type":"Feature","geometry":{"type":"Point","coordinates":[10.5226079,52.4932353]},"properties":{"maxheight":"4"}},{"type":"Feature","geometry":{"type":"Point","coordinates":[10.7230877,52.4630199]},"properties":{"hgv":"no"}},{"type":"Feature","geometry":{"type":"Point","coordinates":[10.5807256,52.5109052]},"properties":{"maxweight":"2"}},{"type":"Feature","geometry":{"type":"Point","coordinates":[10.7795912,52.4302769]},"properties":{"maxheight":"2.3"}},{"type":"Feature","geometry":{"type":"Point","coordinates":[10.7290014,52.5017337]},"properties":{"maxweight":"2.8"}},{"type":"Feature","geometry":{"type":"Point","coordinates":[10.1591006,52.0063913]},"properties":{"maxheight":"default"}},{"type":"Feature","geometry":{"type":"Point","coordinates":[10.5800136,52.9386966]},"properties":{"maxweight":"3.5"}},{"type":"Feature","geometry":{"type":"Point","coordinates":[10.5948605,52.9387136]},"properties":{"maxweight":"3.5"}},{"type":"Feature","geometry":{"type":"Point","coordinates":[10.9673785,52.5892865]},"properties":{"hgv":"agricultural;destination"}},{"type":"Feature","geometry":{"type":"Point","coordinates":[10.7094558,52.5026857]},"properties":{"maxweight":"5"}},{"type":"Feature","geometry":{"type":"Point","coordinates":[10.7033471,52.5047717]},"properties":{"maxweight":"5"}},{"type":"Feature","geometry":{"type":"Point","coordinates":[10.583424,52.9487518]},"properties":{"maxheight":"default"}},{"type":"Feature","geometry":{"type":"Point","coordinates":[10.748894,52.3946183]},"properties":{"hgv":"no"}},{"type":"Feature","geometry":{"type":"Point","coordinates":[10.7489616,52.3945224]},"properties":{"hgv":"no"}},{"type":"Feature","geometry":{"type":"Point","coordinates":[10.7488663,52.3936326]},"properties":{"hgv":"no"}},{"type":"Feature","geometry":{"type":"Point","coordinates":[10.801777,52.4224222]},"properties":{"hgv":"destination"}},{"type":"Feature","geometry":{"type":"Point","coordinates":[10.6425389,52.9438355]},"properties":{"maxweight":"3.5"}},{"type":"Feature","geometry":{"type":"Point","coordinates":[10.1616343,52.0891405]},"properties":{"hgv":"delivery"}},{"type":"Feature","geometry":{"type":"Point","coordinates":[10.7386351,52.7318778]},"properties":{"goods":"no"}},{"type":"Feature","geometry":{"type":"Point","coordinates":[10.5352821,52.95007]},"properties":{"maxweight":"3.5"}},{"type":"Feature","geometry":{"type":"Point","coordinates":[10.7927553,52.4348635]},"properties":{"maxheight":"4"}},{"type":"Feature","geometry":{"type":"Point","coordinates":[10.7925727,52.4350052]},"properties":{"maxheight":"4"}},{"type":"Feature","geometry":{"type":"Point","coordinates":[10.7842099,52.4342397]},"properties":{"maxheight":"4"}},{"type":"Feature","geometry":{"type":"Point","coordinates":[10.7775537,52.4336212]},"properties":{"maxheight":"4"}},{"type":"Feature","geometry":{"type":"Point","coordinates":[10.7778752,52.4334984]},"properties":{"maxheight":"4"}},{"type":"Feature","geometry":{"type":"Point","coordinates":[10.7808314,52.4337684]},"properties":{"maxheight":"4"}},{"type":"Feature","geometry":{"type":"Point","coordinates":[10.7845237,52.4341063]},"properties":{"maxheight":"4"}},{"type":"Feature","geometry":{"type":"Point","coordinates":[10.7795236,52.433802]},"properties":{"maxheight":"4"}},{"type":"Feature","geometry":{"type":"Point","coordinates":[10.7707255,52.4335017]},"properties":{"maxheight":"3.7"}},{"type":"Feature","geometry":{"type":"Point","coordinates":[10.7972336,52.4371032]},"properties":{"hgv":"no","maxheight":"2.1","maxweight":"2.5"}},{"type":"Feature","geometry":{"type":"Point","coordinates":[10.7971443,52.4372197]},"properties":{"hgv":"no","maxheight":"2.1","maxweight":"2.5"}},{"type":"Feature","geometry":{"type":"Point","coordinates":[10.7970491,52.4373643]},"properties":{"hgv":"no","maxheight":"2.1","maxweight":"2.5"}},{"type":"Feature","geometry":{"type":"Point","coordinates":[10.7967636,52.4362737]},"properties":{"hgv":"no","maxheight":"2.1","maxweight":"2.5"}},{"type":"Feature","geometry":{"type":"Point","coordinates":[10.7962826,52.4370585]},"properties":{"hgv":"no","maxheight":"2.1","maxweight":"2.5"}},{"type":"Feature","geometry":{"type":"Point","coordinates":[10.7966549,52.4360701]},"properties":{"hgv":"no","maxheight":"2.1","maxweight":"2.5"}},{"type":"Feature","geometry":{"type":"Point","coordinates":[10.5124301,52.2783339]},"properties":{"maxheight":"2"}},{"type":"Feature","geometry":{"type":"Point","coordinates":[10.7932146,52.443533]},"properties":{"maxheight":"2.5"}},{"type":"Feature","geometry":{"type":"Point","coordinates":[10.7922685,52.4432433]},"properties":{"maxheight":"2.5"}},{"type":"Feature","geometry":{"type":"Point","coordinates":[10.7920358,52.4430659]},"properties":{"maxheight":"2.5"}},{"type":"Feature","geometry":{"type":"Point","coordinates":[10.5582676,52.9574573]},"properties":{"maxweight":"3.5"}},{"type":"Feature","geometry":{"type":"Point","coordinates":[10.620453,52.9806511]},"properties":{"maxweight":"3.5"}},{"type":"Feature","geometry":{"type":"Point","coordinates":[10.7854346,52.4235906]},"properties":{"maxheight":"4"}},{"type":"Feature","geometry":{"type":"Point","coordinates":[10.8001681,52.4224568]},"properties":{"hgv":"destination"}},{"type":"Feature","geometry":{"type":"Point","coordinates":[10.5351579,52.4940376]},"properties":{"maxweight":"16"}},{"type":"Feature","geometry":{"type":"Point","coordinates":[10.5564265,52.4753772]},"properties":{"maxheight":"3.9"}},{"type":"Feature","geometry":{"type":"Point","coordinates":[10.5567162,52.4753064]},"properties":{"maxheight":"3.9"}},{"type":"Feature","geometry":{"type":"Point","coordinates":[10.7383166,52.3998997]},"properties":{"maxweight":"1.5"}},{"type":"Feature","geometry":{"type":"Point","coordinates":[10.7388765,52.4000216]},"properties":{"maxweight":"1.5"}},{"type":"Feature","geometry":{"type":"Point","coordinates":[10.7383058,52.4001526]},"properties":{"maxweight":"1.5"}},{"type":"Feature","geometry":{"type":"Point","coordinates":[10.7277699,52.9466318]},"properties":{"hgv":"destination"}},{"type":"Feature","geometry":{"type":"Point","coordinates":[10.788994,52.4217181]},"properties":{"maxheight":"2"}},{"type":"Feature","geometry":{"type":"Point","coordinates":[10.7889716,52.4217014]},"properties":{"maxheight":"2"}},{"type":"Feature","geometry":{"type":"Point","coordinates":[10.5265945,52.2682115]},"properties":{"hgv":"destination"}},{"type":"Feature","geometry":{"type":"Point","coordinates":[10.50795,52.3094812]},"properties":{"maxweight":"7.5"}},{"type":"Feature","geometry":{"type":"Point","coordinates":[10.5096496,52.3087282]},"properties":{"maxweight":"7.5"}},{"type":"Feature","geometry":{"type":"Point","coordinates":[10.5117187,52.3079248]},"properties":{"maxweight":"7.5"}},{"type":"Feature","geometry":{"type":"Point","coordinates":[10.5182471,52.2637598]},"properties":{"hgv":"destination"}},{"type":"Feature","geometry":{"type":"Point","coordinates":[10.5202083,52.2634718]},"properties":{"maxheight":"1.85"}},{"type":"Feature","geometry":{"type":"Point","coordinates":[10.5192412,52.2638321]},"properties":{"maxheight":"1.85"}},{"type":"Feature","geometry":{"type":"Point","coordinates":[10.5657799,52.9734822]},"properties":{"hgv":"destination"}},{"type":"Feature","geometry":{"type":"Point","coordinates":[10.5849159,52.9667726]},"properties":{"maxheight":"default"}},{"type":"Feature","geometry":{"type":"Point","coordinates":[10.5424376,52.4903361]},"properties":{"maxwidth":"2.3"}},{"type":"Feature","geometry":{"type":"Point","coordinates":[10.5431673,52.489657]},"properties":{"maxwidth":"2.3"}},{"type":"Feature","geometry":{"type":"Point","coordinates":[10.5426316,52.4896609]},"properties":{"maxwidth":"2.3"}},{"type":"Feature","geometry":{"type":"Point","coordinates":[10.7170298,52.4201411]},"properties":{"hgv":"no","maxheight":"2.8"}},{"type":"Feature","geometry":{"type":"Point","coordinates":[10.7171922,52.4201384]},"properties":{"hgv":"no","maxheight":"2.8"}},{"type":"Feature","geometry":{"type":"Point","coordinates":[10.7175314,52.4201353]},"properties":{"hgv":"no","maxheight":"2.8"}},{"type":"Feature","geometry":{"type":"Point","coordinates":[10.0004138,52.3868268]},"properties":{"hgv":"designated"}},{"type":"Feature","geometry":{"type":"Point","coordinates":[10.1657191,52.3601114]},"properties":{"hgv":"designated"}},{"type":"Feature","geometry":{"type":"Point","coordinates":[10.507256,52.3167559]},"properties":{"maxheight":"default"}},{"type":"Feature","geometry":{"type":"Point","coordinates":[10.5173254,52.3147393]},"properties":{"maxheight":"default"}},{"type":"Feature","geometry":{"type":"Point","coordinates":[10.517642,52.3143022]},"properties":{"maxheight":"default"}},{"type":"Feature","geometry":{"type":"Point","coordinates":[10.5120755,52.315472]},"properties":{"maxheight":"default"}},{"type":"Feature","geometry":{"type":"Point","coordinates":[10.5099102,52.3058143]},"properties":{"maxheight":"default"}},{"type":"Feature","geometry":{"type":"Point","coordinates":[10.6303358,52.4870469]},"properties":{"maxweight":"40"}},{"type":"Feature","geometry":{"type":"Point","coordinates":[10.1044518,52.6038866]},"properties":{"maxheight":"4.5"}},{"type":"Feature","geometry":{"type":"Point","coordinates":[10.1046916,52.6033555]},"properties":{"maxheight":"4.5"}},{"type":"Feature","geometry":{"type":"Point","coordinates":[10.4837137,52.4234676]},"properties":{"maxweight":"3.5"}},{"type":"Feature","geometry":{"type":"Point","coordinates":[10.1486291,52.4175731]},"properties":{"hgv":"agricultural","maxweight":"7.5"}},{"type":"Feature","geometry":{"type":"Point","coordinates":[10.1639758,52.432772]},"properties":{"hgv":"agricultural"}},{"type":"Feature","geometry":{"type":"Point","coordinates":[10.7410075,52.7282398]},"properties":{"hgv":"no","goods":"yes","maxwidth":"2.5"}},{"type":"Feature","geometry":{"type":"Point","coordinates":[10.8095323,52.9477426]},"properties":{"hgv":"agricultural","maxweight":"3.5"}},{"type":"Feature","geometry":{"type":"Point","coordinates":[10.5259661,52.265265]},"properties":{"hgv":"destination"}},{"type":"Feature","geometry":{"type":"Point","coordinates":[10.3664016,52.5037369]},"properties":{"hgv":"agricultural"}},{"type":"Feature","geometry":{"type":"Point","coordinates":[10.5457847,52.969288]},"properties":{"hgv":"no","goods":"destination"}},{"type":"Feature","geometry":{"type":"Point","coordinates":[10.5258922,52.2672728]},"properties":{"maxheight":"3.2"}},{"type":"Feature","geometry":{"type":"Point","coordinates":[10.6468947,52.4691301]},"properties":{"hgv":"yes"}},{"type":"Feature","geometry":{"type":"Point","coordinates":[10.98833,52.6494974]},"properties":{"goods":"Getreideprodukte, Öle, Essig, Obst und Gemüse, Molkereiprodukte, Trockenfrüchte, Nüsse und Ölsaaten"}},{"type":"Feature","geometry":{"type":"Point","coordinates":[10.9762492,52.656028]},"properties":{"maxweight":"7.5"}},{"type":"Feature","geometry":{"type":"Point","coordinates":[10.5289759,52.4644979]},"properties":{"maxweight":"7.5"}},{"type":"Feature","geometry":{"type":"Point","coordinates":[10.528927,52.4647076]},"properties":{"maxweight":"7.5"}},{"type":"Feature","geometry":{"type":"Point","coordinates":[10.1101661,52.5992206]},"properties":{"hgv":"destination"}},{"type":"Feature","geometry":{"type":"Point","coordinates":[10.9519642,52.6896126]},"properties":{"maxweight":"6"}},{"type":"Feature","geometry":{"type":"Point","coordinates":[10.5396866,52.1596574]},"properties":{"maxweight":"7.5"}},{"type":"Feature","geometry":{"type":"Point","coordinates":[10.6470931,52.944612]},"properties":{"maxweight":"3.5"}},{"type":"Feature","geometry":{"type":"Point","coordinates":[10.6373727,52.9522432]},"properties":{"hgv":"agricultural","maxweight":"3.5"}},{"type":"Feature","geometry":{"type":"Point","coordinates":[10.3584229,52.339201]},"properties":{"hgv":"designated"}},{"type":"Feature","geometry":{"type":"Point","coordinates":[10.8882631,52.9811624]},"properties":{"hgv":"destination","maxweight":"3.5"}},{"type":"Feature","geometry":{"type":"Point","coordinates":[10.8889288,52.9824526]},"properties":{"hgv":"destination","maxweight":"3.5"}},{"type":"Feature","geometry":{"type":"Point","coordinates":[10.4998774,52.2197374]},"properties":{"hgv":"destination"}},{"type":"Feature","geometry":{"type":"Point","coordinates":[10.5156054,52.3070494]},"properties":{"hgv":"destination","goods":"destination"}},{"type":"Feature","geometry":{"type":"Point","coordinates":[10.5197045,52.3092064]},"properties":{"hgv":"destination","goods":"destination"}},{"type":"Feature","geometry":{"type":"Point","coordinates":[10.7716923,52.4270698]},"properties":{"maxheight":"3.7"}},{"type":"Feature","geometry":{"type":"Point","coordinates":[10.772045,52.4270837]},"properties":{"maxheight":"3.7"}},{"type":"Feature","geometry":{"type":"Point","coordinates":[10.6635326,52.7437218]},"properties":{"maxweight":"3.5"}},{"type":"Feature","geometry":{"type":"Point","coordinates":[10.7887212,52.4216604]},"properties":{"maxheight":"2"}},{"type":"Feature","geometry":{"type":"Point","coordinates":[10.5560132,52.9730663]},"properties":{"maxheight":"4.3"}},{"type":"Feature","geometry":{"type":"Point","coordinates":[10.5121408,52.2701027]},"properties":{"hgv":"destination"}},{"type":"Feature","geometry":{"type":"Point","coordinates":[10.5134647,52.2700364]},"properties":{"hgv":"destination"}},{"type":"Feature","geometry":{"type":"Point","coordinates":[10.5133584,52.2675874]},"properties":{"hgv":"destination"}},{"type":"Feature","geometry":{"type":"Point","coordinates":[10.61741,52.8283417]},"properties":{"maxweight":"3.5"}},{"type":"Feature","geometry":{"type":"Point","coordinates":[10.7179788,52.4246184]},"properties":{"maxweight":"7.5"}},{"type":"Feature","geometry":{"type":"Point","coordinates":[10.717567,52.4243561]},"properties":{"maxweight":"7.5"}},{"type":"Feature","geometry":{"type":"Point","coordinates":[10.7313022,52.3934901]},"properties":{"hgv":"destination"}},{"type":"Feature","geometry":{"type":"Point","coordinates":[10.5200225,52.2687975]},"properties":{"hgv":"destination"}},{"type":"Feature","geometry":{"type":"Point","coordinates":[10.7628322,52.4287308]},"properties":{"hgv":"no"}},{"type":"Feature","geometry":{"type":"Point","coordinates":[10.7658688,52.426827]},"properties":{"maxweight":"12"}},{"type":"Feature","geometry":{"type":"Point","coordinates":[10.7688117,52.42931]},"properties":{"maxheight":"2.8"}},{"type":"Feature","geometry":{"type":"Point","coordinates":[10.3710858,52.2603706]},"properties":{"maxheight":"2"}},{"type":"Feature","geometry":{"type":"Point","coordinates":[10.5304134,52.500291]},"properties":{"hgv":"no"}},{"type":"Feature","geometry":{"type":"Point","coordinates":[10.738764,52.4667856]},"properties":{"hgv":"no"}},{"type":"Feature","geometry":{"type":"Point","coordinates":[10.71797,52.4213508]},"properties":{"hgv":"yes"}},{"type":"Feature","geometry":{"type":"Point","coordinates":[10.5637022,52.2638788]},"properties":{"maxlength":"12"}},{"type":"Feature","geometry":{"type":"Point","coordinates":[10.6281417,52.5093649]},"properties":{"maxweight":"7.5"}},{"type":"Feature","geometry":{"type":"Point","coordinates":[10.5922113,52.4272355]},"properties":{"hgv":"yes","goods":"yes"}},{"type":"Feature","geometry":{"type":"Point","coordinates":[10.7483185,52.4359499]},"properties":{"hgv":"yes"}},{"type":"Feature","geometry":{"type":"Point","coordinates":[10.5408426,52.4688106]},"properties":{"hgv":"yes"}},{"type":"Feature","geometry":{"type":"Point","coordinates":[10.5413038,52.4666094]},"properties":{"hgv":"yes"}},{"type":"Feature","geometry":{"type":"Point","coordinates":[10.5824218,52.512544]},"properties":{"hgv":"yes"}},{"type":"Feature","geometry":{"type":"Point","coordinates":[10.5806051,52.5119204]},"properties":{"hgv":"yes"}},{"type":"Feature","geometry":{"type":"Point","coordinates":[10.7221101,52.462758]},"properties":{"hgv":"delivery"}},{"type":"Feature","geometry":{"type":"Point","coordinates":[10.7209271,52.4628056]},"properties":{"hgv":"delivery"}},{"type":"Feature","geometry":{"type":"Point","coordinates":[10.7248037,52.4628855]},"properties":{"hgv":"no"}},{"type":"Feature","geometry":{"type":"Point","coordinates":[10.7218628,52.4630909]},"properties":{"hgv":"yes"}},{"type":"Feature","geometry":{"type":"Point","coordinates":[10.7238446,52.4629769]},"properties":{"hgv":"no"}},{"type":"Feature","geometry":{"type":"Point","coordinates":[10.7220877,52.463532]},"properties":{"hgv":"yes"}},{"type":"Feature","geometry":{"type":"Point","coordinates":[10.547457,52.4893269]},"properties":{"maxheight":"3"}},{"type":"Feature","geometry":{"type":"Point","coordinates":[10.7232112,52.8545709]},"properties":{"maxweight":"3.5"}},{"type":"Feature","geometry":{"type":"Point","coordinates":[10.7536055,52.4236578]},"properties":{"maxheight":"3.8"}},{"type":"Feature","geometry":{"type":"Point","coordinates":[10.5077012,52.3103861]},"properties":{"maxheight":"3"}},{"type":"Feature","geometry":{"type":"Point","coordinates":[10.5190712,52.3306154]},"properties":{"hgv":"destination"}},{"type":"Feature","geometry":{"type":"Point","coordinates":[10.7231749,52.9004245]},"properties":{"maxweight":"3.5"}},{"type":"Feature","geometry":{"type":"Point","coordinates":[10.6184906,52.7314126]},"properties":{"hgv":"no"}},{"type":"Feature","geometry":{"type":"Point","coordinates":[10.61767,52.732029]},"properties":{"maxheight":"1.5"}},{"type":"Feature","geometry":{"type":"Point","coordinates":[10.6318965,52.2506238]},"properties":{"hgv":"designated"}},{"type":"Feature","geometry":{"type":"Point","coordinates":[10.6300827,52.2511671]},"properties":{"hgv":"designated"}},{"type":"Feature","geometry":{"type":"Point","coordinates":[10.6305707,52.2501244]},"properties":{"hgv":"designated"}},{"type":"Feature","geometry":{"type":"Point","coordinates":[10.6290355,52.2511899]},"properties":{"hgv":"designated"}},{"type":"Feature","geometry":{"type":"Point","coordinates":[10.2336251,52.732463]},"properties":{"hgv":"no"}},{"type":"Feature","geometry":{"type":"Point","coordinates":[10.6099925,52.0164125]},"properties":{"maxweight":"16 t"}},{"type":"Feature","geometry":{"type":"Point","coordinates":[10.7844412,52.0196924]},"properties":{"maxweight":"7.5"}},{"type":"Feature","geometry":{"type":"Point","coordinates":[10.4159423,52.3364554]},"properties":{"hgv":"designated"}},{"type":"Feature","geometry":{"type":"Point","coordinates":[10.416426,52.3363326]},"properties":{"hgv":"designated"}},{"type":"Feature","geometry":{"type":"Point","coordinates":[10.4172278,52.336288]},"properties":{"hgv":"designated"}},{"type":"Feature","geometry":{"type":"Point","coordinates":[10.4165142,52.3379468]},"properties":{"hgv":"designated"}},{"type":"Feature","geometry":{"type":"Point","coordinates":[10.4178291,52.3366615]},"properties":{"hgv":"designated"}},{"type":"Feature","geometry":{"type":"Point","coordinates":[10.5047355,52.2669457]},"properties":{"hgv":"destination"}},{"type":"Feature","geometry":{"type":"Point","coordinates":[10.4942029,52.2665807]},"properties":{"hgv":"destination"}},{"type":"Feature","geometry":{"type":"Point","coordinates":[10.5069085,52.2679993]},"properties":{"hgv":"destination"}},{"type":"Feature","geometry":{"type":"Point","coordinates":[10.5061191,52.2687045]},"properties":{"hgv":"destination"}},{"type":"Feature","geometry":{"type":"Point","coordinates":[10.5448619,52.4990023]},"properties":{"hgv":"yes"}},{"type":"Feature","geometry":{"type":"Point","coordinates":[10.7212046,52.4632972]},"properties":{"hgv":"yes"}},{"type":"Feature","geometry":{"type":"Point","coordinates":[10.719703,52.4638599]},"properties":{"maxheight":"4"}},{"type":"Feature","geometry":{"type":"Point","coordinates":[10.7198163,52.4635383]},"properties":{"hgv":"yes"}},{"type":"Feature","geometry":{"type":"Point","coordinates":[10.722982,52.4634367]},"properties":{"hgv":"yes"}},{"type":"Feature","geometry":{"type":"Point","coordinates":[10.3562149,52.3390581]},"properties":{"hgv":"designated"}},{"type":"Feature","geometry":{"type":"Point","coordinates":[10.7197167,52.4638865]},"properties":{"maxheight":"2.1"}},{"type":"Feature","geometry":{"type":"Point","coordinates":[10.5126161,52.3060317]},"properties":{"maxweight":"7.5"}},{"type":"Feature","geometry":{"type":"Point","coordinates":[10.5135365,52.3060968]},"properties":{"maxweight":"7.5"}},{"type":"Feature","geometry":{"type":"Point","coordinates":[10.378787,52.2702951]},"properties":{"maxweight":"3.5"}},{"type":"Feature","geometry":{"type":"Point","coordinates":[10.6755385,52.4985564]},"properties":{"maxheight":"below_default"}},{"type":"Feature","geometry":{"type":"Point","coordinates":[10.6765574,52.4985774]},"properties":{"maxheight":"below_default"}},{"type":"Feature","geometry":{"type":"Point","coordinates":[10.3562058,52.340279]},"properties":{"hgv":"designated"}},{"type":"Feature","geometry":{"type":"Point","coordinates":[10.4172058,52.3422138]},"properties":{"hgv":"destination"}},{"type":"Feature","geometry":{"type":"Point","coordinates":[10.5278476,52.2594923]},"properties":{"maxheight":"4"}},{"type":"Feature","geometry":{"type":"Point","coordinates":[10.6851865,52.2616834]},"properties":{"maxheight":"none"}},{"type":"Feature","geometry":{"type":"Point","coordinates":[10.6219637,52.2689155]},"properties":{"maxheight":"none"}},{"type":"Feature","geometry":{"type":"Point","coordinates":[10.5654314,52.2604324]},"properties":{"maxlength":"12"}},{"type":"Feature","geometry":{"type":"Point","coordinates":[10.5641616,52.2620312]},"properties":{"maxlength":"12"}},{"type":"Feature","geometry":{"type":"Point","coordinates":[10.564967,52.2489806]},"properties":{"maxheight":"default"}},{"type":"Feature","geometry":{"type":"Point","coordinates":[10.558716,52.2459186]},"properties":{"maxheight":"default"}},{"type":"Feature","geometry":{"type":"Point","coordinates":[10.5908919,52.2594363]},"properties":{"maxweight":"7.5"}},{"type":"Feature","geometry":{"type":"Point","coordinates":[10.5898905,52.2602648]},"properties":{"maxheight":"default","maxweight":"7.5"}},{"type":"Feature","geometry":{"type":"Point","coordinates":[10.6008397,52.2467955]},"properties":{"maxheight":"default"}},{"type":"Feature","geometry":{"type":"Point","coordinates":[10.5711243,52.2512142]},"properties":{"maxheight":"default"}},{"type":"Feature","geometry":{"type":"Point","coordinates":[10.5288713,52.2458629]},"properties":{"maxheight":"unsigned"}},{"type":"Feature","geometry":{"type":"Point","coordinates":[10.5283813,52.2450241]},"properties":{"maxheight":"none"}},{"type":"Feature","geometry":{"type":"Point","coordinates":[10.5284024,52.2444412]},"properties":{"maxheight":"none"}},{"type":"Feature","geometry":{"type":"Point","coordinates":[10.5211616,52.2457773]},"properties":{"maxheight":"3.5"}},{"type":"Feature","geometry":{"type":"Point","coordinates":[10.5097269,52.2407625]},"properties":{"maxheight":"default"}},{"type":"Feature","geometry":{"type":"Point","coordinates":[10.5090258,52.2407055]},"properties":{"maxheight":"default"}},{"type":"Feature","geometry":{"type":"Point","coordinates":[10.5091619,52.2403892]},"properties":{"maxheight":"default"}},{"type":"Feature","geometry":{"type":"Point","coordinates":[10.5236858,52.262472]},"properties":{"hgv":"destination"}},{"type":"Feature","geometry":{"type":"Point","coordinates":[10.5221075,52.2689114]},"properties":{"hgv":"destination"}},{"type":"Feature","geometry":{"type":"Point","coordinates":[10.5222179,52.268613]},"properties":{"hgv":"destination"}},{"type":"Feature","geometry":{"type":"Point","coordinates":[10.5221642,52.2688241]},"properties":{"hgv":"destination"}},{"type":"Feature","geometry":{"type":"Point","coordinates":[10.5221894,52.2687263]},"properties":{"hgv":"destination"}},{"type":"Feature","geometry":{"type":"Point","coordinates":[10.522517,52.2689783]},"properties":{"hgv":"destination"}},{"type":"Feature","geometry":{"type":"Point","coordinates":[10.5308399,52.5001277]},"properties":{"hgv":"no"}},{"type":"Feature","geometry":{"type":"Point","coordinates":[10.5303222,52.5004331]},"properties":{"hgv":"no"}},{"type":"Feature","geometry":{"type":"Point","coordinates":[10.5096664,52.176524]},"properties":{"maxweight":"7.5"}},{"type":"Feature","geometry":{"type":"Point","coordinates":[10.9322784,52.608791]},"properties":{"hgv":"no"}},{"type":"Feature","geometry":{"type":"Point","coordinates":[10.9231275,52.6131124]},"properties":{"maxwidth":"4","maxweight":"7.5"}},{"type":"Feature","geometry":{"type":"Point","coordinates":[10.9254274,52.6148147]},"properties":{"maxweight":"7.5"}},{"type":"Feature","geometry":{"type":"Point","coordinates":[10.9150721,52.5943078]},"properties":{"hgv":"agricultural;forestry"}},{"type":"Feature","geometry":{"type":"Point","coordinates":[10.9890834,52.6517132]},"properties":{"maxweight":"3"}},{"type":"Feature","geometry":{"type":"Point","coordinates":[10.9931566,52.6508224]},"properties":{"maxweight":"3"}},{"type":"Feature","geometry":{"type":"Point","coordinates":[10.8717365,52.1939124]},"properties":{"maxweight":"6"}},{"type":"Feature","geometry":{"type":"Point","coordinates":[10.5756234,52.2680662]},"properties":{"maxheight":"3.5"}},{"type":"Feature","geometry":{"type":"Point","coordinates":[10.4217998,52.3350169]},"properties":{"maxheight":"default"}},{"type":"Feature","geometry":{"type":"Point","coordinates":[10.7267152,52.3084972]},"properties":{"maxheight":"default"}},{"type":"Feature","geometry":{"type":"Point","coordinates":[10.5271885,52.2696621]},"properties":{"hgv":"destination"}},{"type":"Feature","geometry":{"type":"Point","coordinates":[10.0502562,52.1281428]},"properties":{"hgv":"yes"}},{"type":"Feature","geometry":{"type":"Point","coordinates":[10.0503716,52.128001]},"properties":{"hgv":"designated"}},{"type":"Feature","geometry":{"type":"Point","coordinates":[10.4923084,52.1839692]},"properties":{"maxheight":"4"}},{"type":"Feature","geometry":{"type":"Point","coordinates":[10.689166,52.5558855]},"properties":{"maxwidth":"3"}},{"type":"Feature","geometry":{"type":"Point","coordinates":[10.697361,52.5541796]},"properties":{"maxwidth":"3"}},{"type":"Feature","geometry":{"type":"Point","coordinates":[10.6828899,52.5571755]},"properties":{"maxwidth":"3"}},{"type":"Feature","geometry":{"type":"Point","coordinates":[10.5481377,52.4960118]},"properties":{"hgv":"no"}},{"type":"Feature","geometry":{"type":"Point","coordinates":[10.5471462,52.4956898]},"properties":{"hgv":"no"}},{"type":"Feature","geometry":{"type":"Point","coordinates":[10.548103,52.4960128]},"properties":{"hgv":"no"}},{"type":"Feature","geometry":{"type":"Point","coordinates":[10.5483309,52.4955835]},"properties":{"hgv":"no"}},{"type":"Feature","geometry":{"type":"Point","coordinates":[10.5484534,52.4960125]},"properties":{"hgv":"no"}},{"type":"Feature","geometry":{"type":"Point","coordinates":[10.5473698,52.4960771]},"properties":{"hgv":"no"}},{"type":"Feature","geometry":{"type":"Point","coordinates":[10.5395531,52.0194212]},"properties":{"maxweight":"5"}},{"type":"Feature","geometry":{"type":"Point","coordinates":[10.5357267,52.0177743]},"properties":{"maxweight":"5"}},{"type":"Feature","geometry":{"type":"Point","coordinates":[10.9676224,52.8186955]},"properties":{"hgv":"no"}},{"type":"Feature","geometry":{"type":"Point","coordinates":[10.5152302,52.0378448]},"properties":{"hgv":"designated"}},{"type":"Feature","geometry":{"type":"Point","coordinates":[10.5460861,52.5026405]},"properties":{"hgv":"no"}},{"type":"Feature","geometry":{"type":"Point","coordinates":[10.5262566,52.4607821]},"properties":{"maxheight":"4"}},{"type":"Feature","geometry":{"type":"Point","coordinates":[10.1140094,52.5938747]},"properties":{"hgv":"destination"}},{"type":"Feature","geometry":{"type":"Point","coordinates":[10.1144975,52.6033641]},"properties":{"hgv":"destination"}},{"type":"Feature","geometry":{"type":"Point","coordinates":[10.5593142,52.4950232]},"properties":{"hgv":"no"}},{"type":"Feature","geometry":{"type":"Point","coordinates":[10.5582937,52.4947355]},"properties":{"hgv":"no"}},{"type":"Feature","geometry":{"type":"Point","coordinates":[10.6866235,52.9078635]},"properties":{"hgv":"agricultural","maxweight":"3.5"}},{"type":"Feature","geometry":{"type":"Point","coordinates":[10.5548854,52.1621645]},"properties":{"hgv":"destination"}},{"type":"Feature","geometry":{"type":"Point","coordinates":[10.7279394,52.3086993]},"properties":{"maxheight":"default"}},{"type":"Feature","geometry":{"type":"Point","coordinates":[10.5476452,52.2568405]},"properties":{"maxheight":"4.4"}},{"type":"Feature","geometry":{"type":"Point","coordinates":[10.7765911,52.352276]},"properties":{"maxweight":"3.5"}},{"type":"Feature","geometry":{"type":"Point","coordinates":[10.0834352,52.6295554]},"properties":{"hgv":"destination"}},{"type":"Feature","geometry":{"type":"Point","coordinates":[10.6771556,52.7996648]},"properties":{"maxweight":"3.5"}},{"type":"Feature","geometry":{"type":"Point","coordinates":[10.6802115,52.8228695]},"properties":{"maxheight":"3.65"}},{"type":"Feature","geometry":{"type":"Point","coordinates":[10.721321,52.4633307]},"properties":{"hgv":"delivery"}},{"type":"Feature","geometry":{"type":"Point","coordinates":[10.7203509,52.4635726]},"properties":{"hgv":"delivery"}},{"type":"Feature","geometry":{"type":"Point","coordinates":[10.7213009,52.4632788]},"properties":{"hgv":"delivery"}},{"type":"Feature","geometry":{"type":"Point","coordinates":[10.5364146,52.9634098]},"properties":{"maxweight":"3.5"}},{"type":"Feature","geometry":{"type":"Point","coordinates":[10.9998647,52.253576]},"properties":{"maxheight":"3.5"}},{"type":"Feature","geometry":{"type":"Point","coordinates":[10.4323824,52.0212103]},"properties":{"maxheight":"2.1"}},{"type":"Feature","geometry":{"type":"Point","coordinates":[10.5243484,52.268109]},"properties":{"hgv":"destination"}},{"type":"Feature","geometry":{"type":"Point","coordinates":[10.6651761,52.7268296]},"properties":{"maxweight":"3.5"}},{"type":"Feature","geometry":{"type":"Point","coordinates":[10.206246,52.4733182]},"properties":{"hgv":"no"}},{"type":"Feature","geometry":{"type":"Point","coordinates":[10.2057937,52.4718127]},"properties":{"hgv":"no"}},{"type":"Feature","geometry":{"type":"Point","coordinates":[10.5161225,52.255398]},"properties":{"maxheight":"6.7"}},{"type":"Feature","geometry":{"type":"Point","coordinates":[10.5343316,52.2365059]},"properties":{"maxheight":"default"}},{"type":"Feature","geometry":{"type":"Point","coordinates":[10.9962036,52.7926613]},"properties":{"maxweight":"7.5"}},{"type":"Feature","geometry":{"type":"Point","coordinates":[10.583323,52.3412879]},"properties":{"hgv":"destination"}},{"type":"Feature","geometry":{"type":"Point","coordinates":[10.0204346,52.8216717]},"properties":{"maxweight":"5"}},{"type":"Feature","geometry":{"type":"Point","coordinates":[10.5256604,52.2692886]},"properties":{"hgv":"destination"}},{"type":"Feature","geometry":{"type":"Point","coordinates":[10.4994779,52.2537731]},"properties":{"maxheight":"5"}},{"type":"Feature","geometry":{"type":"Point","coordinates":[10.5134604,52.5003099]},"properties":{"hgv":"agricultural;forestry"}},{"type":"Feature","geometry":{"type":"Point","coordinates":[10.7401268,52.4694768]},"properties":{"hgv":"destination"}},{"type":"Feature","geometry":{"type":"Point","coordinates":[10.7388123,52.4666554]},"properties":{"hgv":"destination"}},{"type":"Feature","geometry":{"type":"Point","coordinates":[10.9410537,52.1405032]},"properties":{"hgv":"destination"}},{"type":"Feature","geometry":{"type":"Point","coordinates":[10.6259389,52.4099928]},"properties":{"maxweight":"16"}},{"type":"Feature","geometry":{"type":"Point","coordinates":[10.9908146,52.9839662]},"properties":{"hgv":"agricultural","maxweight":"3.5"}},{"type":"Feature","geometry":{"type":"Point","coordinates":[10.9894801,52.983732]},"properties":{"hgv":"agricultural","maxweight":"3.5"}},{"type":"Feature","geometry":{"type":"Point","coordinates":[10.3356671,52.0531651]},"properties":{"maxheight":"4"}},{"type":"Feature","geometry":{"type":"Point","coordinates":[10.810665,52.1113643]},"properties":{"maxweight":"10"}},{"type":"Feature","geometry":{"type":"Point","coordinates":[10.7975372,52.5978343]},"properties":{"hgv":"no"}},{"type":"Feature","geometry":{"type":"Point","coordinates":[10.7968523,52.5968247]},"properties":{"hgv":"no"}},{"type":"Feature","geometry":{"type":"Point","coordinates":[10.7971465,52.5972604]},"properties":{"hgv":"no"}},{"type":"Feature","geometry":{"type":"Point","coordinates":[10.7974364,52.5985967]},"properties":{"hgv":"no"}},{"type":"Feature","geometry":{"type":"Point","coordinates":[10.5130744,52.3060663]},"properties":{"maxweight":"7.5"}},{"type":"Feature","geometry":{"type":"Point","coordinates":[10.5128508,52.3060498]},"properties":{"maxweight":"7.5"}},{"type":"Feature","geometry":{"type":"Point","coordinates":[10.5133032,52.306081]},"properties":{"maxweight":"7.5"}},{"type":"Feature","geometry":{"type":"Point","coordinates":[10.5123964,52.3049745]},"properties":{"maxweight":"7.5"}},{"type":"Feature","geometry":{"type":"Point","coordinates":[10.512349,52.3060119]},"properties":{"maxweight":"7.5"}},{"type":"Feature","geometry":{"type":"Point","coordinates":[10.5130009,52.3064103]},"properties":{"maxweight":"7.5"}},{"type":"Feature","geometry":{"type":"Point","coordinates":[10.5137438,52.2762602]},"properties":{"maxheight":"3.0"}},{"type":"Feature","geometry":{"type":"Point","coordinates":[10.5139205,52.2766984]},"properties":{"maxweight":"3.0"}},{"type":"Feature","geometry":{"type":"Point","coordinates":[10.6294924,52.5088]},"properties":{"hgv":"yes"}},{"type":"Feature","geometry":{"type":"Point","coordinates":[10.5328902,52.9661022]},"properties":{"maxweight":"4.5"}},{"type":"Feature","geometry":{"type":"Point","coordinates":[10.5331058,52.9672694]},"properties":{"maxweight":"4.5"}},{"type":"Feature","geometry":{"type":"Point","coordinates":[10.5329361,52.9677024]},"properties":{"maxweight":"4.5"}},{"type":"Feature","geometry":{"type":"Point","coordinates":[10.5296754,52.9659305]},"properties":{"maxweight":"4.5"}},{"type":"Feature","geometry":{"type":"Point","coordinates":[10.5302221,52.9658062]},"properties":{"maxweight":"4.5"}},{"type":"Feature","geometry":{"type":"Point","coordinates":[10.53078,52.9656787]},"properties":{"maxweight":"4.5"}},{"type":"Feature","geometry":{"type":"Point","coordinates":[10.5325906,52.9652137]},"properties":{"maxweight":"4.5"}},{"type":"Feature","geometry":{"type":"Point","coordinates":[10.53137,52.9653848]},"properties":{"maxweight":"4.5"}},{"type":"Feature","geometry":{"type":"Point","coordinates":[10.7896699,52.9291209]},"properties":{"hgv":"agricultural"}},{"type":"Feature","geometry":{"type":"Point","coordinates":[10.741234,52.7309796]},"properties":{"hgv":"destination","maxweight":"7.5"}},{"type":"Feature","geometry":{"type":"Point","coordinates":[10.0169619,52.7940237]},"properties":{"maxweight":"5"}},{"type":"Feature","geometry":{"type":"Point","coordinates":[10.7820963,52.313669]},"properties":{"maxheight":"default"}},{"type":"Feature","geometry":{"type":"Point","coordinates":[10.7655147,52.3127275]},"properties":{"maxheight":"default"}},{"type":"Feature","geometry":{"type":"Point","coordinates":[10.7489963,52.4101293]},"properties":{"maxweight":"1.5"}},{"type":"Feature","geometry":{"type":"Point","coordinates":[10.0149761,52.7916815]},"properties":{"maxweight":"5"}},{"type":"Feature","geometry":{"type":"Point","coordinates":[10.8437807,52.3045919]},"properties":{"hgv":"designated"}},{"type":"Feature","geometry":{"type":"Point","coordinates":[10.8442956,52.3048633]},"properties":{"hgv":"designated"}},{"type":"Feature","geometry":{"type":"Point","coordinates":[10.6327004,52.5169541]},"properties":{"maxwidth":"2"}},{"type":"Feature","geometry":{"type":"Point","coordinates":[10.5425468,52.4883822]},"properties":{"maxlength":"12.4"}},{"type":"Feature","geometry":{"type":"Point","coordinates":[10.7812572,52.4113985]},"properties":{"maxheight":"default"}},{"type":"Feature","geometry":{"type":"Point","coordinates":[10.837881,52.4144214]},"properties":{"hgv":"destination"}},{"type":"Feature","geometry":{"type":"Point","coordinates":[10.8379641,52.4143651]},"properties":{"hgv":"destination"}},{"type":"Feature","geometry":{"type":"Point","coordinates":[10.8318682,52.4172262]},"properties":{"hgv":"destination"}},{"type":"Feature","geometry":{"type":"Point","coordinates":[10.8339723,52.4147512]},"properties":{"hgv":"destination"}},{"type":"Feature","geometry":{"type":"Point","coordinates":[10.5644207,52.2631676]},"properties":{"maxlength":"12"}},{"type":"Feature","geometry":{"type":"Point","coordinates":[10.6673873,52.4777822]},"properties":{"maxweight":"12"}},{"type":"Feature","geometry":{"type":"Point","coordinates":[10.9569075,52.1381141]},"properties":{"hgv":"no"}},{"type":"Feature","geometry":{"type":"Point","coordinates":[10.8800027,52.7495686]},"properties":{"hgv":"no"}},{"type":"Feature","geometry":{"type":"Point","coordinates":[10.6485635,52.135743]},"properties":{"maxheight":"none"}},{"type":"Feature","geometry":{"type":"Point","coordinates":[10.5897303,52.9577774]},"properties":{"maxheight":"default"}},{"type":"Feature","geometry":{"type":"Point","coordinates":[10.7710358,52.3130752]},"properties":{"maxheight":"default"}},{"type":"Feature","geometry":{"type":"Point","coordinates":[10.0450468,52.6310912]},"properties":{"hgv":"destination"}},{"type":"Feature","geometry":{"type":"Point","coordinates":[10.5566417,52.9647562]},"properties":{"maxweight":"30"}},{"type":"Feature","geometry":{"type":"Point","coordinates":[10.5565994,52.9650145]},"properties":{"maxweight":"30"}},{"type":"Feature","geometry":{"type":"Point","coordinates":[10.5565342,52.9647849]},"properties":{"maxweight":"30"}},{"type":"Feature","geometry":{"type":"Point","coordinates":[10.6532502,52.6459231]},"properties":{"maxheight":"4"}},{"type":"Feature","geometry":{"type":"Point","coordinates":[10.6664621,52.7232325]},"properties":{"maxweight":"3.5"}},{"type":"Feature","geometry":{"type":"Point","coordinates":[10.6672231,52.7235047]},"properties":{"maxweight":"3.5"}},{"type":"Feature","geometry":{"type":"Point","coordinates":[10.6748758,52.8032781]},"properties":{"maxweight":"30"}},{"type":"Feature","geometry":{"type":"Point","coordinates":[10.6662247,52.8364258]},"properties":{"hgv":"destination"}},{"type":"Feature","geometry":{"type":"Point","coordinates":[10.548397,52.261457]},"properties":{"maxheight":"3.25"}},{"type":"Feature","geometry":{"type":"Point","coordinates":[10.5673128,52.9824454]},"properties":{"hgv":"no"}},{"type":"Feature","geometry":{"type":"Point","coordinates":[10.4900561,52.2096133]},"properties":{"maxheight":"default"}},{"type":"Feature","geometry":{"type":"Point","coordinates":[10.489356,52.2091982]},"properties":{"maxheight":"default"}},{"type":"Feature","geometry":{"type":"Point","coordinates":[10.4996412,52.075721]},"properties":{"maxheight":"default"}},{"type":"Feature","geometry":{"type":"Point","coordinates":[10.4997486,52.0746091]},"properties":{"maxheight":"default"}},{"type":"Feature","geometry":{"type":"Point","coordinates":[10.534135,52.2157745]},"properties":{"maxheight":"default"}},{"type":"Feature","geometry":{"type":"Point","coordinates":[10.3573388,52.148737]},"properties":{"maxheight":"4"}},{"type":"Feature","geometry":{"type":"Point","coordinates":[10.3694408,52.173156]},"properties":{"maxheight":"default"}},{"type":"Feature","geometry":{"type":"Point","coordinates":[10.3310137,52.140229]},"properties":{"maxheight":"4"}},{"type":"Feature","geometry":{"type":"Point","coordinates":[10.3670666,52.1013093]},"properties":{"maxheight":"4"}},{"type":"Feature","geometry":{"type":"Point","coordinates":[10.3668641,52.0994615]},"properties":{"maxheight":"4"}},{"type":"Feature","geometry":{"type":"Point","coordinates":[10.3669414,52.0999689]},"properties":{"maxheight":"4"}},{"type":"Feature","geometry":{"type":"Point","coordinates":[10.3664704,52.1062247]},"properties":{"maxheight":"4"}},{"type":"Feature","geometry":{"type":"Point","coordinates":[10.3854803,52.0930064]},"properties":{"maxweight":"7.5"}},{"type":"Feature","geometry":{"type":"Point","coordinates":[10.6343142,52.0026469]},"properties":{"maxweight":"6"}},{"type":"Feature","geometry":{"type":"Point","coordinates":[10.6339983,52.0024875]},"properties":{"maxweight":"6"}},{"type":"Feature","geometry":{"type":"Point","coordinates":[10.6652898,52.7267378]},"properties":{"maxweight":"3.5"}},{"type":"Feature","geometry":{"type":"Point","coordinates":[10.6652975,52.7248143]},"properties":{"maxweight":"3.5"}},{"type":"Feature","geometry":{"type":"Point","coordinates":[10.6650792,52.7249709]},"properties":{"maxweight":"3.5"}},{"type":"Feature","geometry":{"type":"Point","coordinates":[10.6672231,52.7235047]},"properties":{"maxweight":"3.5"}},{"type":"Feature","geometry":{"type":"Point","coordinates":[10.665162,52.7251457]},"properties":{"maxweight":"3.5"}},{"type":"Feature","geometry":{"type":"Point","coordinates":[10.7499286,52.8595438]},"properties":{"maxweight":"3.5"}},{"type":"Feature","geometry":{"type":"Point","coordinates":[10.735195,52.4667191]},"properties":{"hgv":"no"}},{"type":"Feature","geometry":{"type":"Point","coordinates":[10.7926035,52.3518242]},"properties":{"maxweight":"3.5"}},{"type":"Feature","geometry":{"type":"Point","coordinates":[10.7225156,52.6743082]},"properties":{"hgv":"agricultural;forestry"}},{"type":"Feature","geometry":{"type":"Point","coordinates":[10.7167773,52.6733082]},"properties":{"hgv":"agricultural;forestry"}},{"type":"Feature","geometry":{"type":"Point","coordinates":[10.0335842,52.1327977]},"properties":{"maxheight":"default"}},{"type":"Feature","geometry":{"type":"Point","coordinates":[10.5263885,52.2726756]},"properties":{"maxheight":"default"}},{"type":"Feature","geometry":{"type":"Point","coordinates":[10.7322883,52.4666632]},"properties":{"hgv":"no"}},{"type":"Feature","geometry":{"type":"Point","coordinates":[10.7464631,52.4602714]},"properties":{"hgv":"no"}},{"type":"Feature","geometry":{"type":"Point","coordinates":[10.5311544,52.2870482]},"properties":{"maxheight":"default"}},{"type":"Feature","geometry":{"type":"Point","coordinates":[10.5959215,52.2511947]},"properties":{"maxweight":"7.5"}},{"type":"Feature","geometry":{"type":"Point","coordinates":[10.986016,52.0917607]},"properties":{"maxweight":"3.5"}},{"type":"Feature","geometry":{"type":"Point","coordinates":[10.890657,52.8648511]},"properties":{"maxweight":"3.5"}},{"type":"Feature","geometry":{"type":"Point","coordinates":[10.6335577,52.8086591]},"properties":{"maxweight":"3.5"}},{"type":"Feature","geometry":{"type":"Point","coordinates":[10.8364917,52.869173]},"properties":{"maxheight":"4.2"}},{"type":"Feature","geometry":{"type":"Point","coordinates":[10.7035043,52.504716]},"properties":{"maxweight":"5"}},{"type":"Feature","geometry":{"type":"Point","coordinates":[10.6155777,52.2479787]},"properties":{"maxheight":"default"}},{"type":"Feature","geometry":{"type":"Point","coordinates":[10.7153463,52.2883034]},"properties":{"maxheight":"default"}},{"type":"Feature","geometry":{"type":"Point","coordinates":[10.3726821,52.1765834]},"properties":{"maxheight":"default"}},{"type":"Feature","geometry":{"type":"Point","coordinates":[10.3325983,52.1406434]},"properties":{"maxheight":"4"}},{"type":"Feature","geometry":{"type":"Point","coordinates":[10.5962136,52.2507362]},"properties":{"maxweight":"7.5"}},{"type":"Feature","geometry":{"type":"Point","coordinates":[10.5962241,52.2509378]},"properties":{"maxweight":"7.5"}},{"type":"Feature","geometry":{"type":"Point","coordinates":[10.5365451,52.2510073]},"properties":{"hgv":"no","goods":"private"}},{"type":"Feature","geometry":{"type":"Point","coordinates":[10.5367246,52.2510961]},"properties":{"hgv":"no","goods":"private"}},{"type":"Feature","geometry":{"type":"Point","coordinates":[10.5366027,52.2510578]},"properties":{"hgv":"no","goods":"private"}},{"type":"Feature","geometry":{"type":"Point","coordinates":[10.5368647,52.2511339]},"properties":{"hgv":"no","goods":"private"}},{"type":"Feature","geometry":{"type":"Point","coordinates":[10.5361994,52.250925]},"properties":{"hgv":"no","goods":"private"}},{"type":"Feature","geometry":{"type":"Point","coordinates":[10.6136418,52.9110133]},"properties":{"maxweight":"1"}},{"type":"Feature","geometry":{"type":"Point","coordinates":[10.613648,52.9104939]},"properties":{"maxweight":"1"}},{"type":"Feature","geometry":{"type":"Point","coordinates":[10.6136766,52.9109234]},"properties":{"maxweight":"1"}},{"type":"Feature","geometry":{"type":"Point","coordinates":[10.6136468,52.9105628]},"properties":{"maxweight":"1"}},{"type":"Feature","geometry":{"type":"Point","coordinates":[10.9217499,52.2814657]},"properties":{"maxheight":"default"}},{"type":"Feature","geometry":{"type":"Point","coordinates":[10.9229281,52.2815547]},"properties":{"maxheight":"default"}},{"type":"Feature","geometry":{"type":"Point","coordinates":[10.8597695,52.3003443]},"properties":{"maxheight":"default"}},{"type":"Feature","geometry":{"type":"Point","coordinates":[10.7259075,52.3082886]},"properties":{"maxheight":"default"}},{"type":"Feature","geometry":{"type":"Point","coordinates":[10.7340163,52.3305791]},"properties":{"maxheight":"default"}},{"type":"Feature","geometry":{"type":"Point","coordinates":[10.5772052,52.312357]},"properties":{"maxheight":"default"}},{"type":"Feature","geometry":{"type":"Point","coordinates":[10.5122941,52.315815]},"properties":{"maxheight":"default"}},{"type":"Feature","geometry":{"type":"Point","coordinates":[10.5040229,52.3177008]},"properties":{"maxheight":"default"}},{"type":"Feature","geometry":{"type":"Point","coordinates":[10.4691175,52.326107]},"properties":{"maxheight":"default"}},{"type":"Feature","geometry":{"type":"Point","coordinates":[10.4758635,52.3243118]},"properties":{"maxheight":"default"}},{"type":"Feature","geometry":{"type":"Point","coordinates":[10.455789,52.3292738]},"properties":{"maxheight":"default"}},{"type":"Feature","geometry":{"type":"Point","coordinates":[10.4257821,52.3341887]},"properties":{"maxheight":"default"}},{"type":"Feature","geometry":{"type":"Point","coordinates":[10.4344435,52.3327134]},"properties":{"maxheight":"default"}},{"type":"Feature","geometry":{"type":"Point","coordinates":[10.2474727,52.3366035]},"properties":{"maxheight":"default"}},{"type":"Feature","geometry":{"type":"Point","coordinates":[10.2717171,52.336027]},"properties":{"maxheight":"default"}},{"type":"Feature","geometry":{"type":"Point","coordinates":[10.277887,52.3356423]},"properties":{"maxheight":"default"}},{"type":"Feature","geometry":{"type":"Point","coordinates":[10.260075,52.3364545]},"properties":{"maxheight":"default"}},{"type":"Feature","geometry":{"type":"Point","coordinates":[10.260597,52.3368691]},"properties":{"maxheight":"default"}},{"type":"Feature","geometry":{"type":"Point","coordinates":[10.246629,52.3363036]},"properties":{"maxheight":"default"}},{"type":"Feature","geometry":{"type":"Point","coordinates":[10.1644067,52.3598319]},"properties":{"maxheight":"default"}},{"type":"Feature","geometry":{"type":"Point","coordinates":[10.1515995,52.3609996]},"properties":{"maxheight":"default"}},{"type":"Feature","geometry":{"type":"Point","coordinates":[10.1617017,52.3599567]},"properties":{"maxheight":"default"}},{"type":"Feature","geometry":{"type":"Point","coordinates":[10.1583606,52.3604606]},"properties":{"maxheight":"default"}},{"type":"Feature","geometry":{"type":"Point","coordinates":[10.1356159,52.3628097]},"properties":{"maxheight":"default"}},{"type":"Feature","geometry":{"type":"Point","coordinates":[10.1679471,52.3593178]},"properties":{"maxheight":"default"}},{"type":"Feature","geometry":{"type":"Point","coordinates":[10.0766228,52.3670148]},"properties":{"maxheight":"default"}},{"type":"Feature","geometry":{"type":"Point","coordinates":[10.1238818,52.3634298]},"properties":{"maxheight":"default"}},{"type":"Feature","geometry":{"type":"Point","coordinates":[10.1205733,52.3636436]},"properties":{"maxheight":"default"}},{"type":"Feature","geometry":{"type":"Point","coordinates":[10.5640666,52.9738699]},"properties":{"hgv":"destination"}},{"type":"Feature","geometry":{"type":"Point","coordinates":[10.5382312,52.9783397]},"properties":{"hgv":"destination","goods":"destination"}},{"type":"Feature","geometry":{"type":"Point","coordinates":[10.5380065,52.9785447]},"properties":{"hgv":"destination","goods":"destination"}},{"type":"Feature","geometry":{"type":"Point","coordinates":[10.7226959,52.8729363]},"properties":{"maxweight":"3.5"}},{"type":"Feature","geometry":{"type":"Point","coordinates":[10.0179354,52.7875678]},"properties":{"maxweight":"5"}},{"type":"Feature","geometry":{"type":"Point","coordinates":[10.656906,52.5272082]},"properties":{"maxweight":"40"}},{"type":"Feature","geometry":{"type":"Point","coordinates":[10.7445219,52.7277411]},"properties":{"hgv":"destination"}},{"type":"Feature","geometry":{"type":"Point","coordinates":[10.3148277,52.5593621]},"properties":{"maxweight":"12"}},{"type":"Feature","geometry":{"type":"Point","coordinates":[10.2939175,52.5156675]},"properties":{"maxweight":"5"}},{"type":"Feature","geometry":{"type":"Point","coordinates":[10.0487529,52.6914694]},"properties":{"maxweight":"5"}},{"type":"Feature","geometry":{"type":"Point","coordinates":[10.152719,52.105658]},"properties":{"maxheight":"3.9"}},{"type":"Feature","geometry":{"type":"Point","coordinates":[10.4947604,52.2532722]},"properties":{"maxheight":"4.1"}},{"type":"Feature","geometry":{"type":"Point","coordinates":[10.4947866,52.2532888]},"properties":{"maxheight":"4.3"}},{"type":"Feature","geometry":{"type":"Point","coordinates":[10.5396625,52.1573636]},"properties":{"maxweight":"7.5"}},{"type":"Feature","geometry":{"type":"Point","coordinates":[10.5395508,52.1583309]},"properties":{"maxweight":"7.5"}},{"type":"Feature","geometry":{"type":"Point","coordinates":[10.5104478,52.3064131]},"properties":{"maxheight":"default"}},{"type":"Feature","geometry":{"type":"Point","coordinates":[10.4912341,52.2801436]},"properties":{"maxheight":"default"}},{"type":"Feature","geometry":{"type":"Point","coordinates":[10.5049019,52.2809515]},"properties":{"maxheight":"default"}},{"type":"Feature","geometry":{"type":"Point","coordinates":[10.4904097,52.2821261]},"properties":{"maxheight":"default"}},{"type":"Feature","geometry":{"type":"Point","coordinates":[10.5074163,52.2714005]},"properties":{"maxheight":"below_default"}},{"type":"Feature","geometry":{"type":"Point","coordinates":[10.5118802,52.273711]},"properties":{"maxheight":"default"}},{"type":"Feature","geometry":{"type":"Point","coordinates":[10.5112555,52.2729901]},"properties":{"maxheight":"below_default"}},{"type":"Feature","geometry":{"type":"Point","coordinates":[10.7601975,52.4259955]},"properties":{"maxweight":"12"}},{"type":"Feature","geometry":{"type":"Point","coordinates":[10.5260163,52.4923189]},"properties":{"maxheight":"default"}},{"type":"Feature","geometry":{"type":"Point","coordinates":[10.5584794,52.4945037]},"properties":{"hgv":"no"}},{"type":"Feature","geometry":{"type":"Point","coordinates":[10.5298622,52.3798014]},"properties":{"maxheight":"3.2"}},{"type":"Feature","geometry":{"type":"Point","coordinates":[10.1452584,52.1035598]},"properties":{"maxheight":"default"}},{"type":"Feature","geometry":{"type":"Point","coordinates":[10.6283408,52.2514039]},"properties":{"maxheight":"3.2"}},{"type":"Feature","geometry":{"type":"Point","coordinates":[10.4959623,52.1831577]},"properties":{"maxheight":"4.0"}},{"type":"Feature","geometry":{"type":"Point","coordinates":[10.5094375,52.2613524]},"properties":{"hgv":"destination"}},{"type":"Feature","geometry":{"type":"Point","coordinates":[10.8448462,52.4152605]},"properties":{"hgv":"destination"}},{"type":"Feature","geometry":{"type":"Point","coordinates":[10.8477954,52.4157731]},"properties":{"hgv":"destination"}},{"type":"Feature","geometry":{"type":"Point","coordinates":[10.8477383,52.4156988]},"properties":{"hgv":"destination"}},{"type":"Feature","geometry":{"type":"Point","coordinates":[10.8424703,52.4153082]},"properties":{"maxheight":"1.9"}},{"type":"Feature","geometry":{"type":"Point","coordinates":[10.8435028,52.4151777]},"properties":{"maxheight":"1.9"}},{"type":"Feature","geometry":{"type":"Point","coordinates":[10.8428409,52.4133333]},"properties":{"hgv":"destination"}},{"type":"Feature","geometry":{"type":"Point","coordinates":[10.8431436,52.41335]},"properties":{"hgv":"destination"}},{"type":"Feature","geometry":{"type":"Point","coordinates":[10.8397652,52.4141212]},"properties":{"hgv":"destination"}},{"type":"Feature","geometry":{"type":"Point","coordinates":[10.8291098,52.4248478]},"properties":{"hgv":"destination"}},{"type":"Feature","geometry":{"type":"Point","coordinates":[10.8292224,52.423906]},"properties":{"hgv":"destination"}},{"type":"Feature","geometry":{"type":"Point","coordinates":[10.7550331,52.4540123]},"properties":{"hgv":"destination"}},{"type":"Feature","geometry":{"type":"Point","coordinates":[10.5136561,52.304957]},"properties":{"maxweight":"7.5"}},{"type":"Feature","geometry":{"type":"Point","coordinates":[10.5124716,52.304769]},"properties":{"maxweight":"7.5"}},{"type":"Feature","geometry":{"type":"Point","coordinates":[10.7328423,52.6759125]},"properties":{"hgv":"agricultural;forestry"}},{"type":"Feature","geometry":{"type":"Point","coordinates":[10.7977665,52.5978068]},"properties":{"hgv":"yes"}},{"type":"Feature","geometry":{"type":"Point","coordinates":[10.7968746,52.5973281]},"properties":{"hgv":"no"}},{"type":"Feature","geometry":{"type":"Point","coordinates":[10.7277942,52.6751373]},"properties":{"hgv":"agricultural;forestry"}},{"type":"Feature","geometry":{"type":"Point","coordinates":[10.5236771,52.2672146]},"properties":{"hgv":"destination"}},{"type":"Feature","geometry":{"type":"Point","coordinates":[10.5212654,52.2680233]},"properties":{"hgv":"destination"}},{"type":"Feature","geometry":{"type":"Point","coordinates":[10.7258573,52.674837]},"properties":{"hgv":"agricultural;forestry"}},{"type":"Feature","geometry":{"type":"Point","coordinates":[10.7155175,52.6712904]},"properties":{"hgv":"agricultural;forestry"}},{"type":"Feature","geometry":{"type":"Point","coordinates":[10.7164815,52.6731359]},"properties":{"hgv":"agricultural;forestry"}},{"type":"Feature","geometry":{"type":"Point","coordinates":[10.7201165,52.6739265]},"properties":{"hgv":"agricultural;forestry"}},{"type":"Feature","geometry":{"type":"Point","coordinates":[10.565297,52.2490232]},"properties":{"maxheight":"default"}},{"type":"Feature","geometry":{"type":"Point","coordinates":[10.7493738,52.4288305]},"properties":{"hgv":"destination"}},{"type":"Feature","geometry":{"type":"Point","coordinates":[10.5243043,52.4734773]},"properties":{"maxheight":"4"}},{"type":"Feature","geometry":{"type":"Point","coordinates":[10.5243363,52.4693091]},"properties":{"maxheight":"4"}},{"type":"Feature","geometry":{"type":"Point","coordinates":[10.5244288,52.4735405]},"properties":{"maxheight":"4"}},{"type":"Feature","geometry":{"type":"Point","coordinates":[10.5244408,52.4694257]},"properties":{"maxheight":"4"}},{"type":"Feature","geometry":{"type":"Point","coordinates":[10.4372042,52.902203]},"properties":{"maxheight":"2.45"}},{"type":"Feature","geometry":{"type":"Point","coordinates":[10.5700589,52.9816525]},"properties":{"hgv":"no"}},{"type":"Feature","geometry":{"type":"Point","coordinates":[10.5713036,52.9880347]},"properties":{"maxwidth":"1.2"}},{"type":"Feature","geometry":{"type":"Point","coordinates":[10.1737879,52.091359]},"properties":{"maxheight":"default"}},{"type":"Feature","geometry":{"type":"Point","coordinates":[10.5771679,52.9441901]},"properties":{"maxheight":"default"}},{"type":"Feature","geometry":{"type":"Point","coordinates":[10.5895811,52.9552935]},"properties":{"maxheight":"default"}},{"type":"Feature","geometry":{"type":"Point","coordinates":[10.5821626,52.9527075]},"properties":{"hgv":"agricultural"}},{"type":"Feature","geometry":{"type":"Point","coordinates":[10.3572186,52.1487989]},"properties":{"maxheight":"4"}},{"type":"Feature","geometry":{"type":"Point","coordinates":[10.5944457,52.9387131]},"properties":{"maxweight":"3.5"}},{"type":"Feature","geometry":{"type":"Point","coordinates":[10.5947713,52.938764]},"properties":{"maxweight":"3.5"}},{"type":"Feature","geometry":{"type":"Point","coordinates":[10.5262971,52.4940366]},"properties":{"maxheight":"default"}},{"type":"Feature","geometry":{"type":"Point","coordinates":[10.5263598,52.4924277]},"properties":{"maxheight":"default"}},{"type":"Feature","geometry":{"type":"Point","coordinates":[10.5264922,52.4958353]},"properties":{"maxheight":"default"}},{"type":"Feature","geometry":{"type":"Point","coordinates":[10.5241057,52.5080325]},"properties":{"maxheight":"default"}},{"type":"Feature","geometry":{"type":"Point","coordinates":[10.5265111,52.5018849]},"properties":{"maxheight":"default"}},{"type":"Feature","geometry":{"type":"Point","coordinates":[10.0025247,52.497252]},"properties":{"maxheight":"default"}},{"type":"Feature","geometry":{"type":"Point","coordinates":[10.0031215,52.4976348]},"properties":{"maxheight":"default"}},{"type":"Feature","geometry":{"type":"Point","coordinates":[10.9591413,52.1381405]},"properties":{"hgv":"destination"}},{"type":"Feature","geometry":{"type":"Point","coordinates":[10.5316502,52.2280119]},"properties":{"maxheight":"4.0"}},{"type":"Feature","geometry":{"type":"Point","coordinates":[10.5317198,52.2285231]},"properties":{"maxheight":"4.0"}},{"type":"Feature","geometry":{"type":"Point","coordinates":[10.5285335,52.2960929]},"properties":{"hgv":"no"}},{"type":"Feature","geometry":{"type":"Point","coordinates":[10.5482623,52.2716102]},"properties":{"maxheight":"3.2"}},{"type":"Feature","geometry":{"type":"Point","coordinates":[10.612108,52.9126585]},"properties":{"maxweight":"1.0"}},{"type":"Feature","geometry":{"type":"Point","coordinates":[10.6117418,52.9128063]},"properties":{"maxweight":"45"}},{"type":"Feature","geometry":{"type":"Point","coordinates":[10.6650331,52.726371]},"properties":{"maxweight":"3.5"}},{"type":"Feature","geometry":{"type":"Point","coordinates":[10.6649193,52.7250936]},"properties":{"maxweight":"3.5"}},{"type":"Feature","geometry":{"type":"Point","coordinates":[10.6654635,52.7313105]},"properties":{"maxheight":"4.3"}},{"type":"Feature","geometry":{"type":"Point","coordinates":[10.665051,52.7266763]},"properties":{"maxweight":"3.5"}},{"type":"Feature","geometry":{"type":"Point","coordinates":[10.9739416,52.1341733]},"properties":{"hgv":"destination"}},{"type":"Feature","geometry":{"type":"Point","coordinates":[10.9781489,52.1373782]},"properties":{"hgv":"destination"}},{"type":"Feature","geometry":{"type":"Point","coordinates":[10.7304334,52.4666186]},"properties":{"hgv":"no"}},{"type":"Feature","geometry":{"type":"Point","coordinates":[10.7552957,52.4542019]},"properties":{"maxheight":"2.1"}},{"type":"Feature","geometry":{"type":"Point","coordinates":[10.543369,52.4772932]},"properties":{"maxheight":"3.3"}},{"type":"Feature","geometry":{"type":"Point","coordinates":[10.5431303,52.4773091]},"properties":{"maxheight":"3.3"}},{"type":"Feature","geometry":{"type":"Point","coordinates":[10.5421223,52.4783218]},"properties":{"maxweight":"7.5"}},{"type":"Feature","geometry":{"type":"Point","coordinates":[10.5417211,52.4785075]},"properties":{"maxweight":"7.5"}},{"type":"Feature","geometry":{"type":"Point","coordinates":[10.7213009,52.4632788]},"properties":{"hgv":"yes"}},{"type":"Feature","geometry":{"type":"Point","coordinates":[10.5440663,52.5026937]},"properties":{"hgv":"no"}},{"type":"Feature","geometry":{"type":"Point","coordinates":[10.5187182,52.2852249]},"properties":{"maxheight":"default"}},{"type":"Feature","geometry":{"type":"Point","coordinates":[10.1205789,52.6037458]},"properties":{"hgv":"destination"}},{"type":"Feature","geometry":{"type":"Point","coordinates":[10.075607,52.6183058]},"properties":{"hgv":"destination"}},{"type":"Feature","geometry":{"type":"Point","coordinates":[10.6239913,52.4233653]},"properties":{"hgv":"yes"}},{"type":"Feature","geometry":{"type":"Point","coordinates":[10.941189,52.1404504]},"properties":{"hgv":"destination"}},{"type":"Feature","geometry":{"type":"Point","coordinates":[10.9416634,52.1434925]},"properties":{"hgv":"destination"}},{"type":"Feature","geometry":{"type":"Point","coordinates":[10.4904901,52.315805]},"properties":{"maxweight":"7.5"}},{"type":"Feature","geometry":{"type":"Point","coordinates":[10.7710149,52.4487062]},"properties":{"hgv":"destination"}},{"type":"Feature","geometry":{"type":"Point","coordinates":[10.7706109,52.449023]},"properties":{"hgv":"destination"}},{"type":"Feature","geometry":{"type":"Point","coordinates":[10.7228973,52.5693584]},"properties":{"hgv":"no"}},{"type":"Feature","geometry":{"type":"Point","coordinates":[10.5523569,52.9751958]},"properties":{"maxheight":"3.3","maxweight":"7.5"}},{"type":"Feature","geometry":{"type":"Point","coordinates":[10.5542328,52.9786166]},"properties":{"maxheight":"3.3","maxweight":"7.5"}},{"type":"Feature","geometry":{"type":"Point","coordinates":[10.5279522,52.2672555]},"properties":{"maxheight":"3.2"}},{"type":"Feature","geometry":{"type":"Point","coordinates":[10.5281413,52.2681725]},"properties":{"maxheight":"below_default"}},{"type":"Feature","geometry":{"type":"Point","coordinates":[10.5266982,52.485297]},"properties":{"maxweight":"50"}},{"type":"Feature","geometry":{"type":"Point","coordinates":[10.4749389,52.2019647]},"properties":{"maxheight":"default"}},{"type":"Feature","geometry":{"type":"Point","coordinates":[10.5623131,52.2655368]},"properties":{"maxweight":"12"}},{"type":"Feature","geometry":{"type":"Point","coordinates":[10.5262602,52.5017383]},"properties":{"hgv":"agricultural;forestry"}},{"type":"Feature","geometry":{"type":"Point","coordinates":[10.4089384,52.735423]},"properties":{"maxweight":"5"}},{"type":"Feature","geometry":{"type":"Point","coordinates":[10.1761983,52.5363846]},"properties":{"maxweight":"5"}},{"type":"Feature","geometry":{"type":"Point","coordinates":[10.176358,52.5368626]},"properties":{"maxweight":"5"}},{"type":"Feature","geometry":{"type":"Point","coordinates":[10.0632405,52.6205185]},"properties":{"maxheight":"3.4"}},{"type":"Feature","geometry":{"type":"Point","coordinates":[10.0807543,52.6296639]},"properties":{"hgv":"destination"}},{"type":"Feature","geometry":{"type":"Point","coordinates":[10.0716492,52.6353788]},"properties":{"hgv":"destination"}},{"type":"Feature","geometry":{"type":"Point","coordinates":[10.5080756,52.246005]},"properties":{"maxheight":"default"}},{"type":"Feature","geometry":{"type":"Point","coordinates":[10.6417433,52.8777233]},"properties":{"maxweight":"12"}},{"type":"Feature","geometry":{"type":"Point","coordinates":[10.7959954,52.429164]},"properties":{"maxheight":"1.9"}},{"type":"Feature","geometry":{"type":"Point","coordinates":[10.7960093,52.4290661]},"properties":{"maxheight":"1.9"}},{"type":"Feature","geometry":{"type":"Point","coordinates":[10.7060259,52.721814]},"properties":{"maxheight":"3","maxweight":"3.5"}},{"type":"Feature","geometry":{"type":"Point","coordinates":[10.7112882,52.712632]},"properties":{"maxheight":"3","maxweight":"3.5"}},{"type":"Feature","geometry":{"type":"Point","coordinates":[10.7066847,52.7157895]},"properties":{"maxheight":"3","maxweight":"3.5"}},{"type":"Feature","geometry":{"type":"Point","coordinates":[10.7138312,52.7093412]},"properties":{"maxheight":"3","maxweight":"3.5"}},{"type":"Feature","geometry":{"type":"Point","coordinates":[10.870741,52.7528813]},"properties":{"hgv":"delivery"}},{"type":"Feature","geometry":{"type":"Point","coordinates":[10.7625098,52.4284918]},"properties":{"maxweight":"7.5"}},{"type":"Feature","geometry":{"type":"Point","coordinates":[10.5369034,52.2710924]},"properties":{"hgv":"destination"}},{"type":"Feature","geometry":{"type":"Point","coordinates":[10.5376164,52.2713177]},"properties":{"hgv":"destination"}},{"type":"Feature","geometry":{"type":"Point","coordinates":[10.5582243,52.494801]},"properties":{"hgv":"no"}},{"type":"Feature","geometry":{"type":"Point","coordinates":[10.0835122,52.6296423]},"properties":{"hgv":"destination"}},{"type":"Feature","geometry":{"type":"Point","coordinates":[10.4896663,52.2838746]},"properties":{"maxheight":"default"}},{"type":"Feature","geometry":{"type":"Point","coordinates":[10.4848844,52.28605]},"properties":{"maxheight":"default"}},{"type":"Feature","geometry":{"type":"Point","coordinates":[10.4977195,52.2824793]},"properties":{"maxheight":"default"}},{"type":"Feature","geometry":{"type":"Point","coordinates":[10.4961991,52.2829286]},"properties":{"maxheight":"default"}},{"type":"Feature","geometry":{"type":"Point","coordinates":[10.5300442,52.269272]},"properties":{"hgv":"destination"}},{"type":"Feature","geometry":{"type":"Point","coordinates":[10.5252331,52.261637]},"properties":{"hgv":"destination"}},{"type":"Feature","geometry":{"type":"Point","coordinates":[10.5143631,52.2642083]},"properties":{"hgv":"destination"}},{"type":"Feature","geometry":{"type":"Point","coordinates":[10.5143006,52.2665961]},"properties":{"hgv":"destination"}},{"type":"Feature","geometry":{"type":"Point","coordinates":[10.5157872,52.2669222]},"properties":{"hgv":"destination"}},{"type":"Feature","geometry":{"type":"Point","coordinates":[10.7423278,52.7305147]},"properties":{"hgv":"destination","maxweight":"7.5"}},{"type":"Feature","geometry":{"type":"Point","coordinates":[10.7404151,52.7313276]},"properties":{"hgv":"destination","maxweight":"7.5"}},{"type":"Feature","geometry":{"type":"Point","coordinates":[10.511357,52.262346]},"properties":{"maxweight":"12"}},{"type":"Feature","geometry":{"type":"Point","coordinates":[10.5113903,52.2624921]},"properties":{"hgv":"destination"}},{"type":"Feature","geometry":{"type":"Point","coordinates":[10.511551,52.2621826]},"properties":{"hgv":"destination"}},{"type":"Feature","geometry":{"type":"Point","coordinates":[10.5111924,52.2622633]},"properties":{"hgv":"destination","maxweight":"12"}},{"type":"Feature","geometry":{"type":"Point","coordinates":[10.654172,52.2536488]},"properties":{"maxheight":"2.80"}},{"type":"Feature","geometry":{"type":"Point","coordinates":[10.5072649,52.2719934]},"properties":{"hgv":"destination"}},{"type":"Feature","geometry":{"type":"Point","coordinates":[10.0892247,52.9857861]},"properties":{"hgv":"no"}},{"type":"Feature","geometry":{"type":"Point","coordinates":[10.5276074,52.2603339]},"properties":{"maxheight":"3.7"}},{"type":"Feature","geometry":{"type":"Point","coordinates":[10.8336496,52.4542989]},"properties":{"hgv":"no"}},{"type":"Feature","geometry":{"type":"Point","coordinates":[10.8332418,52.4543342]},"properties":{"hgv":"no"}},{"type":"Feature","geometry":{"type":"Point","coordinates":[10.8330918,52.4542572]},"properties":{"hgv":"no"}},{"type":"Feature","geometry":{"type":"Point","coordinates":[10.8277486,52.4488985]},"properties":{"maxweight":"3.5"}},{"type":"Feature","geometry":{"type":"Point","coordinates":[10.8277086,52.4489925]},"properties":{"maxweight":"3.5"}},{"type":"Feature","geometry":{"type":"Point","coordinates":[10.8279708,52.4490404]},"properties":{"maxweight":"3.5"}},{"type":"Feature","geometry":{"type":"Point","coordinates":[10.5084982,52.048243]},"properties":{"hgv":"designated"}},{"type":"Feature","geometry":{"type":"Point","coordinates":[10.5085961,52.048045]},"properties":{"hgv":"designated"}},{"type":"Feature","geometry":{"type":"Point","coordinates":[10.5086967,52.0478108]},"properties":{"hgv":"designated"}},{"type":"Feature","geometry":{"type":"Point","coordinates":[10.5087767,52.0476116]},"properties":{"hgv":"designated"}},{"type":"Feature","geometry":{"type":"Point","coordinates":[10.1793673,52.1075475]},"properties":{"maxheight":"default"}},{"type":"Feature","geometry":{"type":"Point","coordinates":[10.2343909,52.3190176]},"properties":{"maxweight":"7.5 t"}},{"type":"Feature","geometry":{"type":"Point","coordinates":[10.5079863,52.2677977]},"properties":{"hgv":"destination"}},{"type":"Feature","geometry":{"type":"Point","coordinates":[10.4980541,52.2666506]},"properties":{"hgv":"destination"}},{"type":"Feature","geometry":{"type":"Point","coordinates":[10.506672,52.2680579]},"properties":{"hgv":"destination"}},{"type":"Feature","geometry":{"type":"Point","coordinates":[10.6766315,52.8021876]},"properties":{"maxweight":"3.5"}},{"type":"Feature","geometry":{"type":"Point","coordinates":[10.3743647,52.0508755]},"properties":{"maxheight":"3.2"}},{"type":"Feature","geometry":{"type":"Point","coordinates":[10.5372642,52.2431642]},"properties":{"maxheight":"3.2"}},{"type":"Feature","geometry":{"type":"Point","coordinates":[10.5238689,52.2707078]},"properties":{"hgv":"destination"}},{"type":"Feature","geometry":{"type":"Point","coordinates":[10.5270845,52.2674056]},"properties":{"hgv":"destination"}},{"type":"Feature","geometry":{"type":"Point","coordinates":[10.2340815,52.3175407]},"properties":{"maxweight":"7.5 t"}},{"type":"Feature","geometry":{"type":"Point","coordinates":[10.5273605,52.2662015]},"properties":{"maxheight":"default"}},{"type":"Feature","geometry":{"type":"Point","coordinates":[10.1279072,52.0589372]},"properties":{"maxheight":"4.5"}},{"type":"Feature","geometry":{"type":"Point","coordinates":[10.9419305,52.6016126]},"properties":{"hgv":"delivery"}},{"type":"Feature","geometry":{"type":"Point","coordinates":[10.957082,52.138271]},"properties":{"hgv":"no"}},{"type":"Feature","geometry":{"type":"Point","coordinates":[10.9435121,52.1390416]},"properties":{"hgv":"destination"}},{"type":"Feature","geometry":{"type":"Point","coordinates":[10.9469844,52.1369562]},"properties":{"hgv":"destination"}},{"type":"Feature","geometry":{"type":"Point","coordinates":[10.8208411,52.4507107]},"properties":{"maxweight":"3.5"}},{"type":"Feature","geometry":{"type":"Point","coordinates":[10.2591162,52.336603]},"properties":{"maxheight":"default"}},{"type":"Feature","geometry":{"type":"Point","coordinates":[10.5186509,52.2659015]},"properties":{"maxheight":"1.9"}},{"type":"Feature","geometry":{"type":"Point","coordinates":[10.518416,52.2661295]},"properties":{"maxheight":"1.9"}},{"type":"Feature","geometry":{"type":"Point","coordinates":[10.5184629,52.2660836]},"properties":{"maxheight":"1.9"}},{"type":"Feature","geometry":{"type":"Point","coordinates":[10.173501,52.2632617]},"properties":{"hgv":"destination"}},{"type":"Feature","geometry":{"type":"Point","coordinates":[10.2742562,52.3360397]},"properties":{"maxheight":"default"}},{"type":"Feature","geometry":{"type":"Point","coordinates":[10.5643898,52.9737979]},"properties":{"hgv":"destination"}},{"type":"Feature","geometry":{"type":"Point","coordinates":[10.117933,52.6036397]},"properties":{"hgv":"destination"}},{"type":"Feature","geometry":{"type":"Point","coordinates":[10.3378643,52.1421184]},"properties":{"maxheight":"4"}},{"type":"Feature","geometry":{"type":"Point","coordinates":[10.5744696,52.9511044]},"properties":{"hgv":"agricultural"}},{"type":"Feature","geometry":{"type":"Point","coordinates":[10.5740033,52.9501915]},"properties":{"hgv":"agricultural"}},{"type":"Feature","geometry":{"type":"Point","coordinates":[10.7540932,52.6758778]},"properties":{"hgv":"agricultural;forestry"}},{"type":"Feature","geometry":{"type":"Point","coordinates":[10.1355824,52.3626615]},"properties":{"maxheight":"default"}},{"type":"Feature","geometry":{"type":"Point","coordinates":[10.4679864,52.3262055]},"properties":{"maxheight":"default"}},{"type":"Feature","geometry":{"type":"Point","coordinates":[10.6418001,52.2530426]},"properties":{"maxheight":"default"}},{"type":"Feature","geometry":{"type":"Point","coordinates":[10.2434961,52.3367462]},"properties":{"maxheight":"default"}},{"type":"Feature","geometry":{"type":"Point","coordinates":[10.7192723,52.4625533]},"properties":{"maxheight":"2.60","maxwidth":"2.40"}},{"type":"Feature","geometry":{"type":"Point","coordinates":[10.1938873,52.0650297]},"properties":{"maxheight":"default"}},{"type":"Feature","geometry":{"type":"Point","coordinates":[10.5342627,52.2085938]},"properties":{"maxheight":"default"}},{"type":"Feature","geometry":{"type":"Point","coordinates":[10.5339789,52.2156692]},"properties":{"maxheight":"default"}},{"type":"Feature","geometry":{"type":"Point","coordinates":[10.4693705,52.1997474]},"properties":{"maxheight":"default"}},{"type":"Feature","geometry":{"type":"Point","coordinates":[10.5477593,52.2419388]},"properties":{"maxheight":"default"}},{"type":"Feature","geometry":{"type":"Point","coordinates":[10.5225957,52.0256764]},"properties":{"maxheight":"default"}},{"type":"Feature","geometry":{"type":"Point","coordinates":[10.5313804,52.016109]},"properties":{"maxheight":"default"}},{"type":"Feature","geometry":{"type":"Point","coordinates":[10.5137278,52.2678494]},"properties":{"hgv":"no"}},{"type":"Feature","geometry":{"type":"Point","coordinates":[10.7912226,52.6681929]},"properties":{"hgv":"agricultural;forestry"}},{"type":"Feature","geometry":{"type":"Point","coordinates":[10.795438,52.6667962]},"properties":{"hgv":"agricultural;forestry"}},{"type":"Feature","geometry":{"type":"Point","coordinates":[10.7970767,52.6667959]},"properties":{"hgv":"agricultural;forestry"}},{"type":"Feature","geometry":{"type":"Point","coordinates":[10.8360428,52.4141905]},"properties":{"hgv":"destination"}},{"type":"Feature","geometry":{"type":"Point","coordinates":[10.7683261,52.4270835]},"properties":{"maxweight":"12"}},{"type":"Feature","geometry":{"type":"Point","coordinates":[10.9738098,52.908982]},"properties":{"maxweight":"3.5"}},{"type":"Feature","geometry":{"type":"Point","coordinates":[10.5502253,52.7018583]},"properties":{"maxweight":"3.5"}},{"type":"Feature","geometry":{"type":"Point","coordinates":[10.5717653,52.6895851]},"properties":{"maxweight":"3.5"}},{"type":"Feature","geometry":{"type":"Point","coordinates":[10.5636377,52.6953573]},"properties":{"maxweight":"3.5"}},{"type":"Feature","geometry":{"type":"Point","coordinates":[10.5710994,52.6900746]},"properties":{"maxweight":"3.5"}},{"type":"Feature","geometry":{"type":"Point","coordinates":[10.8574231,52.4163562]},"properties":{"maxheight":"3.5"}},{"type":"Feature","geometry":{"type":"Point","coordinates":[10.419119,52.5533487]},"properties":{"maxweight":"5"}},{"type":"Feature","geometry":{"type":"Point","coordinates":[10.4185896,52.1582987]},"properties":{"maxweight":"2.6"}},{"type":"Feature","geometry":{"type":"Point","coordinates":[10.3898752,52.5996425]},"properties":{"hgv":"destination"}},{"type":"Feature","geometry":{"type":"Point","coordinates":[10.4399946,52.7220379]},"properties":{"maxweight":"5.5"}},{"type":"Feature","geometry":{"type":"Point","coordinates":[10.4397665,52.7217864]},"properties":{"maxweight":"5.5"}},{"type":"Feature","geometry":{"type":"Point","coordinates":[10.442273,52.7253869]},"properties":{"maxweight":"5.5"}},{"type":"Feature","geometry":{"type":"Point","coordinates":[10.4346301,52.7143457]},"properties":{"maxweight":"5.5"}},{"type":"Feature","geometry":{"type":"Point","coordinates":[10.7441941,52.7285309]},"properties":{"hgv":"destination"}},{"type":"Feature","geometry":{"type":"Point","coordinates":[10.5136599,52.2440351]},"properties":{"maxheight":"2"}},{"type":"Feature","geometry":{"type":"Point","coordinates":[10.386818,52.5982912]},"properties":{"hgv":"no"}},{"type":"Feature","geometry":{"type":"Point","coordinates":[10.2699918,52.1798277]},"properties":{"maxweight":"7.5"}},{"type":"Feature","geometry":{"type":"Point","coordinates":[10.5145269,52.2650804]},"properties":{"maxheight":"3.7"}},{"type":"Feature","geometry":{"type":"Point","coordinates":[10.5147396,52.2649244]},"properties":{"maxheight":"3.7"}},{"type":"Feature","geometry":{"type":"Point","coordinates":[10.4479901,52.6360394]},"properties":{"maxweight":"7.5"}},{"type":"Feature","geometry":{"type":"Point","coordinates":[10.8629395,52.4384789]},"properties":{"maxweight":"9"}},{"type":"Feature","geometry":{"type":"Point","coordinates":[10.4167071,52.6999608]},"properties":{"maxweight":"5.5"}},{"type":"Feature","geometry":{"type":"Point","coordinates":[10.5868753,52.7710994]},"properties":{"maxweight":"16"}},{"type":"Feature","geometry":{"type":"Point","coordinates":[10.8024759,52.6961031]},"properties":{"hgv":"agricultural;forestry"}},{"type":"Feature","geometry":{"type":"Point","coordinates":[10.6676841,52.5984008]},"properties":{"hgv":"no"}},{"type":"Feature","geometry":{"type":"Point","coordinates":[10.6589968,52.598394]},"properties":{"hgv":"no"}},{"type":"Feature","geometry":{"type":"Point","coordinates":[10.0655407,52.5956359]},"properties":{"hgv":"destination"}},{"type":"Feature","geometry":{"type":"Point","coordinates":[10.0622748,52.5992119]},"properties":{"hgv":"destination"}},{"type":"Feature","geometry":{"type":"Point","coordinates":[10.1299015,52.0038278]},"properties":{"hgv":"destination"}},{"type":"Feature","geometry":{"type":"Point","coordinates":[10.134793,52.0042863]},"properties":{"hgv":"destination"}},{"type":"Feature","geometry":{"type":"Point","coordinates":[10.5675826,52.9730601]},"properties":{"hgv":"destination"}},{"type":"Feature","geometry":{"type":"Point","coordinates":[10.670172,52.820633]},"properties":{"maxweight":"3.5"}},{"type":"Feature","geometry":{"type":"Point","coordinates":[10.6687487,52.8124416]},"properties":{"maxweight":"3.5"}},{"type":"Feature","geometry":{"type":"Point","coordinates":[10.365532,52.1669286]},"properties":{"maxheight":"default"}},{"type":"Feature","geometry":{"type":"Point","coordinates":[10.5077571,52.2613603]},"properties":{"hgv":"destination"}},{"type":"Feature","geometry":{"type":"Point","coordinates":[10.7326008,52.4231539]},"properties":{"hgv":"forestry","goods":"no"}},{"type":"Feature","geometry":{"type":"Point","coordinates":[10.7326397,52.4237635]},"properties":{"hgv":"forestry","goods":"no"}},{"type":"Feature","geometry":{"type":"Point","coordinates":[10.7323482,52.4230721]},"properties":{"hgv":"forestry","goods":"no"}},{"type":"Feature","geometry":{"type":"Point","coordinates":[10.1832721,52.1045579]},"properties":{"maxheight":"4"}},{"type":"Feature","geometry":{"type":"Point","coordinates":[10.2318806,52.7383625]},"properties":{"hgv":"no"}},{"type":"Feature","geometry":{"type":"Point","coordinates":[10.5210352,52.2746318]},"properties":{"maxheight":"below_default"}},{"type":"Feature","geometry":{"type":"Point","coordinates":[10.2502427,52.2282982]},"properties":{"maxheight":"3.5"}},{"type":"Feature","geometry":{"type":"Point","coordinates":[10.7681862,52.4120299]},"properties":{"hgv":"destination","goods":"destination"}},{"type":"Feature","geometry":{"type":"Point","coordinates":[10.5379222,52.2524028]},"properties":{"hgv":"no","goods":"private"}},{"type":"Feature","geometry":{"type":"Point","coordinates":[10.5349003,52.0278929]},"properties":{"maxheight":"default"}},{"type":"Feature","geometry":{"type":"Point","coordinates":[10.7742382,52.4054148]},"properties":{"maxheight":"2.4"}},{"type":"Feature","geometry":{"type":"Point","coordinates":[10.5481423,52.2565395]},"properties":{"maxheight":"4.4"}},{"type":"Feature","geometry":{"type":"Point","coordinates":[10.5283684,52.2624401]},"properties":{"maxheight":"1.85"}},{"type":"Feature","geometry":{"type":"Point","coordinates":[10.5120967,52.2682369]},"properties":{"hgv":"destination"}},{"type":"Feature","geometry":{"type":"Point","coordinates":[10.5126492,52.2679292]},"properties":{"hgv":"destination"}},{"type":"Feature","geometry":{"type":"Point","coordinates":[10.5097786,52.2693278]},"properties":{"hgv":"destination"}},{"type":"Feature","geometry":{"type":"Point","coordinates":[10.5120685,52.2682484]},"properties":{"hgv":"destination"}},{"type":"Feature","geometry":{"type":"Point","coordinates":[10.5128458,52.2679222]},"properties":{"hgv":"destination"}},{"type":"Feature","geometry":{"type":"Point","coordinates":[10.5106158,52.2699124]},"properties":{"hgv":"destination"}},{"type":"Feature","geometry":{"type":"Point","coordinates":[10.510189,52.2728819]},"properties":{"hgv":"destination"}},{"type":"Feature","geometry":{"type":"Point","coordinates":[10.5135365,52.2731749]},"properties":{"hgv":"destination"}},{"type":"Feature","geometry":{"type":"Point","coordinates":[10.5196948,52.2742377]},"properties":{"hgv":"destination"}},{"type":"Feature","geometry":{"type":"Point","coordinates":[10.5145573,52.2666484]},"properties":{"hgv":"destination"}},{"type":"Feature","geometry":{"type":"Point","coordinates":[10.5144907,52.263887]},"properties":{"hgv":"destination"}},{"type":"Feature","geometry":{"type":"Point","coordinates":[10.514797,52.2670541]},"properties":{"hgv":"destination"}},{"type":"Feature","geometry":{"type":"Point","coordinates":[10.5150792,52.2671006]},"properties":{"hgv":"destination"}},{"type":"Feature","geometry":{"type":"Point","coordinates":[10.5151652,52.2672351]},"properties":{"hgv":"destination"}},{"type":"Feature","geometry":{"type":"Point","coordinates":[10.5266208,52.4905628]},"properties":{"maxheight":"default"}},{"type":"Feature","geometry":{"type":"Point","coordinates":[10.5077572,52.27143]},"properties":{"hgv":"destination"}},{"type":"Feature","geometry":{"type":"Point","coordinates":[10.838001,52.4144321]},"properties":{"hgv":"destination"}},{"type":"Feature","geometry":{"type":"Point","coordinates":[10.8383108,52.4143636]},"properties":{"hgv":"destination"}},{"type":"Feature","geometry":{"type":"Point","coordinates":[10.8383911,52.4143616]},"properties":{"hgv":"destination"}},{"type":"Feature","geometry":{"type":"Point","coordinates":[10.8383956,52.4144257]},"properties":{"hgv":"destination"}},{"type":"Feature","geometry":{"type":"Point","coordinates":[10.5197433,52.266462]},"properties":{"hgv":"destination"}},{"type":"Feature","geometry":{"type":"Point","coordinates":[10.5253966,52.2615874]},"properties":{"hgv":"destination"}},{"type":"Feature","geometry":{"type":"Point","coordinates":[10.5147898,52.267191]},"properties":{"hgv":"destination"}},{"type":"Feature","geometry":{"type":"Point","coordinates":[10.5294621,52.2717008]},"properties":{"maxweight":"1.5"}},{"type":"Feature","geometry":{"type":"Point","coordinates":[10.7640238,52.9536504]},"properties":{"hgv":"no"}},{"type":"Feature","geometry":{"type":"Point","coordinates":[10.6765436,52.498625]},"properties":{"maxheight":"below_default"}},{"type":"Feature","geometry":{"type":"Point","coordinates":[10.6755504,52.4985208]},"properties":{"maxheight":"below_default"}},{"type":"Feature","geometry":{"type":"Point","coordinates":[10.6768983,52.4985848]},"properties":{"maxweight":"16"}},{"type":"Feature","geometry":{"type":"Point","coordinates":[10.6714812,52.4985253]},"properties":{"maxweight":"16"}},{"type":"Feature","geometry":{"type":"Point","coordinates":[10.6784601,52.5986406]},"properties":{"hgv":"no"}},{"type":"Feature","geometry":{"type":"Point","coordinates":[10.683519,52.5984316]},"properties":{"hgv":"no"}},{"type":"Feature","geometry":{"type":"Point","coordinates":[10.5239089,52.2714166]},"properties":{"hgv":"destination"}},{"type":"Feature","geometry":{"type":"Point","coordinates":[10.5246818,52.2736633]},"properties":{"hgv":"destination"}},{"type":"Feature","geometry":{"type":"Point","coordinates":[10.5241421,52.2716544]},"properties":{"hgv":"destination"}},{"type":"Feature","geometry":{"type":"Point","coordinates":[10.5248015,52.2726011]},"properties":{"hgv":"destination"}},{"type":"Feature","geometry":{"type":"Point","coordinates":[10.5247143,52.2726144]},"properties":{"hgv":"destination"}},{"type":"Feature","geometry":{"type":"Point","coordinates":[10.5245166,52.2722511]},"properties":{"hgv":"destination"}},{"type":"Feature","geometry":{"type":"Point","coordinates":[10.5242662,52.2717423]},"properties":{"hgv":"destination"}},{"type":"Feature","geometry":{"type":"Point","coordinates":[10.6350654,52.2517832]},"properties":{"maxheight":"default"}},{"type":"Feature","geometry":{"type":"Point","coordinates":[10.0129812,52.1368134]},"properties":{"maxheight":"default"}},{"type":"Feature","geometry":{"type":"Point","coordinates":[10.9680585,52.8709282]},"properties":{"maxweight":"2.8"}},{"type":"Feature","geometry":{"type":"Point","coordinates":[10.5584987,52.1531636]},"properties":{"hgv":"destination"}},{"type":"Feature","geometry":{"type":"Point","coordinates":[10.6782617,52.5563745]},"properties":{"maxwidth":"2"}},{"type":"Feature","geometry":{"type":"Point","coordinates":[10.6768551,52.4985848]},"properties":{"maxweight":"16"}},{"type":"Feature","geometry":{"type":"Point","coordinates":[10.5263233,52.293521]},"properties":{"maxheight":"default"}},{"type":"Feature","geometry":{"type":"Point","coordinates":[10.5263708,52.2930851]},"properties":{"maxheight":"default"}},{"type":"Feature","geometry":{"type":"Point","coordinates":[10.526457,52.2924789]},"properties":{"maxheight":"default"}},{"type":"Feature","geometry":{"type":"Point","coordinates":[10.5210977,52.2930446]},"properties":{"maxweight":"60"}},{"type":"Feature","geometry":{"type":"Point","coordinates":[10.5434939,52.2639383]},"properties":{"maxheight":"3"}},{"type":"Feature","geometry":{"type":"Point","coordinates":[10.5353469,52.2490978]},"properties":{"maxheight":"default"}},{"type":"Feature","geometry":{"type":"Point","coordinates":[10.5355618,52.2493402]},"properties":{"maxheight":"default"}},{"type":"Feature","geometry":{"type":"Point","coordinates":[10.5353859,52.2475062]},"properties":{"maxheight":"default"}},{"type":"Feature","geometry":{"type":"Point","coordinates":[10.5353143,52.2483952]},"properties":{"maxheight":"default"}},{"type":"Feature","geometry":{"type":"Point","coordinates":[10.5354147,52.2471534]},"properties":{"maxheight":"default"}},{"type":"Feature","geometry":{"type":"Point","coordinates":[10.9397867,52.6295407]},"properties":{"hgv":"no"}},{"type":"Feature","geometry":{"type":"Point","coordinates":[10.5297174,52.2764608]},"properties":{"maxheight":"default"}},{"type":"Feature","geometry":{"type":"Point","coordinates":[10.5299134,52.2764885]},"properties":{"maxheight":"default"}},{"type":"Feature","geometry":{"type":"Point","coordinates":[10.5354589,52.2460936]},"properties":{"maxheight":"default"}},{"type":"Feature","geometry":{"type":"Point","coordinates":[10.5354483,52.2463631]},"properties":{"maxheight":"default"}},{"type":"Feature","geometry":{"type":"Point","coordinates":[10.5289089,52.246022]},"properties":{"maxheight":"unsigned"}},{"type":"Feature","geometry":{"type":"Point","coordinates":[10.5286696,52.2452803]},"properties":{"maxheight":"unsigned"}},{"type":"Feature","geometry":{"type":"Point","coordinates":[10.5286299,52.2451577]},"properties":{"maxheight":"none"}},{"type":"Feature","geometry":{"type":"Point","coordinates":[10.5281612,52.2442927]},"properties":{"maxheight":"none"}},{"type":"Feature","geometry":{"type":"Point","coordinates":[10.5285936,52.245061]},"properties":{"maxheight":"none"}},{"type":"Feature","geometry":{"type":"Point","coordinates":[10.5281947,52.2444011]},"properties":{"maxheight":"none"}},{"type":"Feature","geometry":{"type":"Point","coordinates":[10.5284553,52.2452465]},"properties":{"maxheight":"default"}},{"type":"Feature","geometry":{"type":"Point","coordinates":[10.5068701,52.2689468]},"properties":{"maxheight":"below_default"}},{"type":"Feature","geometry":{"type":"Point","coordinates":[10.5113455,52.26859]},"properties":{"hgv":"destination"}},{"type":"Feature","geometry":{"type":"Point","coordinates":[10.5112339,52.2686366]},"properties":{"hgv":"destination"}},{"type":"Feature","geometry":{"type":"Point","coordinates":[10.5101451,52.2691471]},"properties":{"hgv":"destination"}},{"type":"Feature","geometry":{"type":"Point","coordinates":[10.5109515,52.2686868]},"properties":{"hgv":"destination"}},{"type":"Feature","geometry":{"type":"Point","coordinates":[10.511289,52.2685436]},"properties":{"hgv":"destination"}},{"type":"Feature","geometry":{"type":"Point","coordinates":[10.510665,52.2688092]},"properties":{"hgv":"destination"}},{"type":"Feature","geometry":{"type":"Point","coordinates":[10.5085947,52.2703437]},"properties":{"hgv":"destination"}},{"type":"Feature","geometry":{"type":"Point","coordinates":[10.5089708,52.2700566]},"properties":{"hgv":"destination"}},{"type":"Feature","geometry":{"type":"Point","coordinates":[10.5104342,52.2688341]},"properties":{"hgv":"destination"}},{"type":"Feature","geometry":{"type":"Point","coordinates":[10.5108866,52.2686395]},"properties":{"hgv":"destination"}},{"type":"Feature","geometry":{"type":"Point","coordinates":[10.511277,52.2686921]},"properties":{"hgv":"destination"}},{"type":"Feature","geometry":{"type":"Point","coordinates":[10.5128492,52.2689657]},"properties":{"hgv":"destination"}},{"type":"Feature","geometry":{"type":"Point","coordinates":[10.5071178,52.2698737]},"properties":{"hgv":"destination"}},{"type":"Feature","geometry":{"type":"Point","coordinates":[10.5094524,52.2676276]},"properties":{"hgv":"destination"}},{"type":"Feature","geometry":{"type":"Point","coordinates":[10.6727228,52.5983971]},"properties":{"hgv":"no"}},{"type":"Feature","geometry":{"type":"Point","coordinates":[10.6733959,52.5984011]},"properties":{"hgv":"no"}},{"type":"Feature","geometry":{"type":"Point","coordinates":[10.666904,52.5983973]},"properties":{"hgv":"no"}},{"type":"Feature","geometry":{"type":"Point","coordinates":[10.6889784,52.6234965]},"properties":{"hgv":"agricultural;forestry"}},{"type":"Feature","geometry":{"type":"Point","coordinates":[10.5593872,52.1788285]},"properties":{"maxheight":"2.2"}},{"type":"Feature","geometry":{"type":"Point","coordinates":[10.0811269,52.6313498]},"properties":{"hgv":"destination"}},{"type":"Feature","geometry":{"type":"Point","coordinates":[10.3312757,52.1540144]},"properties":{"goods":"designated"}},{"type":"Feature","geometry":{"type":"Point","coordinates":[10.5076296,52.2666316]},"properties":{"hgv":"destination"}},{"type":"Feature","geometry":{"type":"Point","coordinates":[10.5204438,52.2654345]},"properties":{"maxheight":"3.2"}},{"type":"Feature","geometry":{"type":"Point","coordinates":[10.5203749,52.2653484]},"properties":{"maxheight":"3.2"}},{"type":"Feature","geometry":{"type":"Point","coordinates":[10.5205967,52.2644355]},"properties":{"maxheight":"3.95"}},{"type":"Feature","geometry":{"type":"Point","coordinates":[10.528383,52.2647213]},"properties":{"maxheight":"4"}},{"type":"Feature","geometry":{"type":"Point","coordinates":[10.528518,52.2647206]},"properties":{"maxheight":"4"}},{"type":"Feature","geometry":{"type":"Point","coordinates":[10.5285749,52.2645924]},"properties":{"maxheight":"4"}},{"type":"Feature","geometry":{"type":"Point","coordinates":[10.5285139,52.2645551]},"properties":{"maxheight":"4"}},{"type":"Feature","geometry":{"type":"Point","coordinates":[10.5289604,52.2631541]},"properties":{"maxheight":"2.1"}},{"type":"Feature","geometry":{"type":"Point","coordinates":[10.5292838,52.2633942]},"properties":{"hgv":"no","maxheight":"2.1"}},{"type":"Feature","geometry":{"type":"Point","coordinates":[10.5094431,52.3038359]},"properties":{"maxweight":"7.5"}},{"type":"Feature","geometry":{"type":"Point","coordinates":[10.5104541,52.3039123]},"properties":{"maxweight":"7.5"}},{"type":"Feature","geometry":{"type":"Point","coordinates":[10.5102382,52.3038964]},"properties":{"maxweight":"7.5"}},{"type":"Feature","geometry":{"type":"Point","coordinates":[10.5108888,52.3039443]},"properties":{"maxweight":"7.5"}},{"type":"Feature","geometry":{"type":"Point","coordinates":[10.5123083,52.3040528]},"properties":{"maxweight":"7.5"}},{"type":"Feature","geometry":{"type":"Point","coordinates":[10.5125886,52.3039754]},"properties":{"maxweight":"7.5"}},{"type":"Feature","geometry":{"type":"Point","coordinates":[10.1668117,52.8984664]},"properties":{"maxheight":"3.6"}},{"type":"Feature","geometry":{"type":"Point","coordinates":[10.1669167,52.8983912]},"properties":{"maxheight":"3.6"}},{"type":"Feature","geometry":{"type":"Point","coordinates":[10.166961,52.8984817]},"properties":{"maxheight":"3.6"}},{"type":"Feature","geometry":{"type":"Point","coordinates":[10.5260574,52.2652877]},"properties":{"hgv":"destination"}},{"type":"Feature","geometry":{"type":"Point","coordinates":[10.9934548,52.5508519]},"properties":{"hgv":"agricultural;forestry"}},{"type":"Feature","geometry":{"type":"Point","coordinates":[10.3046383,52.2555741]},"properties":{"hgv":"no","goods":"no"}},{"type":"Feature","geometry":{"type":"Point","coordinates":[10.5194841,52.2637334]},"properties":{"maxheight":"1.85"}},{"type":"Feature","geometry":{"type":"Point","coordinates":[10.5195035,52.2636594]},"properties":{"maxheight":"1.85"}},{"type":"Feature","geometry":{"type":"Point","coordinates":[10.4923174,52.1840029]},"properties":{"maxheight":"4"}},{"type":"Feature","geometry":{"type":"Point","coordinates":[10.5161141,52.2610146]},"properties":{"hgv":"destination"}},{"type":"Feature","geometry":{"type":"Point","coordinates":[10.5161047,52.261128]},"properties":{"hgv":"destination","maxheight":"4"}},{"type":"Feature","geometry":{"type":"Point","coordinates":[10.5266382,52.4880151]},"properties":{"maxweight":"50"}},{"type":"Feature","geometry":{"type":"Point","coordinates":[10.5266367,52.4868705]},"properties":{"maxweight":"50"}},{"type":"Feature","geometry":{"type":"Point","coordinates":[10.5266407,52.4881984]},"properties":{"maxweight":"50"}},{"type":"Feature","geometry":{"type":"Point","coordinates":[10.5265455,52.4852682]},"properties":{"maxweight":"50"}},{"type":"Feature","geometry":{"type":"Point","coordinates":[10.5284263,52.2626171]},"properties":{"maxheight":"1.85"}},{"type":"Feature","geometry":{"type":"Point","coordinates":[10.5210053,52.2600176]},"properties":{"maxheight":"2"}},{"type":"Feature","geometry":{"type":"Point","coordinates":[10.521249,52.2599511]},"properties":{"maxheight":"2"}},{"type":"Feature","geometry":{"type":"Point","coordinates":[10.5213116,52.259934]},"properties":{"maxheight":"2"}},{"type":"Feature","geometry":{"type":"Point","coordinates":[10.5214212,52.2599227]},"properties":{"maxheight":"2"}},{"type":"Feature","geometry":{"type":"Point","coordinates":[10.5244588,52.2602288]},"properties":{"maxheight":"below_default"}},{"type":"Feature","geometry":{"type":"Point","coordinates":[10.7468598,52.4382872]},"properties":{"maxheight":"3.7"}},{"type":"Feature","geometry":{"type":"Point","coordinates":[10.5375883,52.2521812]},"properties":{"hgv":"no","goods":"private"}},{"type":"Feature","geometry":{"type":"Point","coordinates":[10.5389733,52.2526757]},"properties":{"hgv":"no","goods":"private"}},{"type":"Feature","geometry":{"type":"Point","coordinates":[10.538609,52.2528459]},"properties":{"hgv":"no","goods":"private"}},{"type":"Feature","geometry":{"type":"Point","coordinates":[10.5643654,52.4106478]},"properties":{"hgv":"agricultural;forestry"}},{"type":"Feature","geometry":{"type":"Point","coordinates":[10.5065732,52.2691781]},"properties":{"hgv":"destination"}},{"type":"Feature","geometry":{"type":"Point","coordinates":[10.5271672,52.2726743]},"properties":{"maxheight":"default"}},{"type":"Feature","geometry":{"type":"Point","coordinates":[10.5278436,52.2728394]},"properties":{"maxheight":"3.4"}},{"type":"Feature","geometry":{"type":"Point","coordinates":[10.7499812,52.4589995]},"properties":{"hgv":"delivery"}},{"type":"Feature","geometry":{"type":"Point","coordinates":[10.3187411,52.5712183]},"properties":{"maxweight":"12"}},{"type":"Feature","geometry":{"type":"Point","coordinates":[10.6745477,52.6608546]},"properties":{"maxlength":"8"}},{"type":"Feature","geometry":{"type":"Point","coordinates":[10.686095,52.6720104]},"properties":{"hgv":"delivery"}},{"type":"Feature","geometry":{"type":"Point","coordinates":[10.3679022,52.2653371]},"properties":{"maxheight":"none"}},{"type":"Feature","geometry":{"type":"Point","coordinates":[10.3634921,52.2652614]},"properties":{"maxheight":"none"}},{"type":"Feature","geometry":{"type":"Point","coordinates":[10.6610189,52.9408262]},"properties":{"maxweight":"3.5"}},{"type":"Feature","geometry":{"type":"Point","coordinates":[10.5516738,52.965628]},"properties":{"hgv":"no"}},{"type":"Feature","geometry":{"type":"Point","coordinates":[10.351821,52.1458614]},"properties":{"maxheight":"4"}},{"type":"Feature","geometry":{"type":"Point","coordinates":[10.1781815,52.0408902]},"properties":{"maxheight":"default"}},{"type":"Feature","geometry":{"type":"Point","coordinates":[10.5366764,52.2809857]},"properties":{"maxheight":"3.8"}},{"type":"Feature","geometry":{"type":"Point","coordinates":[10.9805295,52.7939118]},"properties":{"maxweight":"7.5"}},{"type":"Feature","geometry":{"type":"Point","coordinates":[10.4923115,52.1362696]},"properties":{"maxheight":"default"}},{"type":"Feature","geometry":{"type":"Point","coordinates":[10.1291919,52.0031125]},"properties":{"maxlength":"10 m"}},{"type":"Feature","geometry":{"type":"Point","coordinates":[10.5506062,52.1499912]},"properties":{"maxheight":"2.5"}},{"type":"Feature","geometry":{"type":"Point","coordinates":[10.5507858,52.149749]},"properties":{"maxheight":"2.5"}},{"type":"Feature","geometry":{"type":"Point","coordinates":[10.5505482,52.1496826]},"properties":{"maxheight":"2.5"}},{"type":"Feature","geometry":{"type":"Point","coordinates":[10.5427159,52.2521932]},"properties":{"maxheight":"2.5"}},{"type":"Feature","geometry":{"type":"Point","coordinates":[10.5428603,52.25211]},"properties":{"maxheight":"2.3"}},{"type":"Feature","geometry":{"type":"Point","coordinates":[10.7249436,52.2518868]},"properties":{"hgv":"no"}},{"type":"Feature","geometry":{"type":"Point","coordinates":[10.4083899,52.1559037]},"properties":{"maxweight":"2.6"}},{"type":"Feature","geometry":{"type":"Point","coordinates":[10.4139877,52.1572521]},"properties":{"maxweight":"2.6"}},{"type":"Feature","geometry":{"type":"Point","coordinates":[10.0510847,52.1267274]},"properties":{"hgv":"designated"}},{"type":"Feature","geometry":{"type":"Point","coordinates":[10.0500854,52.1268784]},"properties":{"maxheight":"4.5"}},{"type":"Feature","geometry":{"type":"Point","coordinates":[10.5770022,52.5073916]},"properties":{"maxlength":"12","maxweight":"24"}},{"type":"Feature","geometry":{"type":"Point","coordinates":[10.5674041,52.2535598]},"properties":{"maxlength":"12"}},{"type":"Feature","geometry":{"type":"Point","coordinates":[10.5640521,52.2638684]},"properties":{"maxlength":"12"}},{"type":"Feature","geometry":{"type":"Point","coordinates":[10.551583,52.9818439]},"properties":{"maxheight":"3.3","maxweight":"7.5"}},{"type":"Feature","geometry":{"type":"Point","coordinates":[10.5265367,52.4880592]},"properties":{"maxheight":"4.43"}},{"type":"Feature","geometry":{"type":"Point","coordinates":[10.5077371,52.2651409]},"properties":{"maxheight":"below_default"}},{"type":"Feature","geometry":{"type":"Point","coordinates":[10.5130537,52.2737504]},"properties":{"hgv":"destination"}},{"type":"Feature","geometry":{"type":"Point","coordinates":[10.889781,52.8875374]},"properties":{"hgv":"agricultural","maxweight":"7.5"}},{"type":"Feature","geometry":{"type":"Point","coordinates":[10.065956,52.0956255]},"properties":{"maxweight":"12"}},{"type":"Feature","geometry":{"type":"Point","coordinates":[10.7061174,52.7184039]},"properties":{"maxheight":"3","maxweight":"3.5"}},{"type":"Feature","geometry":{"type":"Point","coordinates":[10.7054515,52.7191269]},"properties":{"maxheight":"3","maxweight":"3.5"}},{"type":"Feature","geometry":{"type":"Point","coordinates":[10.015651,52.7657138]},"properties":{"hgv":"no"}},{"type":"Feature","geometry":{"type":"Point","coordinates":[10.5237862,52.2783786]},"properties":{"maxheight":"3.6"}},{"type":"Feature","geometry":{"type":"Point","coordinates":[10.5220814,52.2695296]},"properties":{"hgv":"destination"}},{"type":"Feature","geometry":{"type":"Point","coordinates":[10.5379708,52.2755833]},"properties":{"maxheight":"below_default"}},{"type":"Feature","geometry":{"type":"Point","coordinates":[10.5290713,52.278879]},"properties":{"hgv":"no","maxheight":"4"}},{"type":"Feature","geometry":{"type":"Point","coordinates":[10.5293389,52.2785403]},"properties":{"maxheight":"default"}},{"type":"Feature","geometry":{"type":"Point","coordinates":[10.5243928,52.2639011]},"properties":{"hgv":"destination"}},{"type":"Feature","geometry":{"type":"Point","coordinates":[10.5401622,52.1622464]},"properties":{"maxweight":"7.5"}},{"type":"Feature","geometry":{"type":"Point","coordinates":[10.5580674,52.9600876]},"properties":{"maxheight":"2.1","maxweight":"3"}},{"type":"Feature","geometry":{"type":"Point","coordinates":[10.3565169,52.3401923]},"properties":{"hgv":"designated"}},{"type":"Feature","geometry":{"type":"Point","coordinates":[10.3566484,52.3401847]},"properties":{"hgv":"designated"}},{"type":"Feature","geometry":{"type":"Point","coordinates":[10.3602087,52.3400688]},"properties":{"hgv":"designated"}},{"type":"Feature","geometry":{"type":"Point","coordinates":[10.5383415,52.2697717]},"properties":{"hgv":"destination"}},{"type":"Feature","geometry":{"type":"Point","coordinates":[10.5101615,52.272502]},"properties":{"hgv":"destination"}},{"type":"Feature","geometry":{"type":"Point","coordinates":[10.5109,52.2726687]},"properties":{"hgv":"destination"}},{"type":"Feature","geometry":{"type":"Point","coordinates":[10.5089707,52.2722514]},"properties":{"hgv":"destination"}},{"type":"Feature","geometry":{"type":"Point","coordinates":[10.509041,52.2722661]},"properties":{"hgv":"destination"}},{"type":"Feature","geometry":{"type":"Point","coordinates":[10.1647748,52.8912832]},"properties":{"maxweight":"9"}},{"type":"Feature","geometry":{"type":"Point","coordinates":[10.0168887,52.8010729]},"properties":{"maxweight":"5"}},{"type":"Feature","geometry":{"type":"Point","coordinates":[10.0235232,52.8203911]},"properties":{"maxweight":"5"}},{"type":"Feature","geometry":{"type":"Point","coordinates":[10.0239331,52.8212194]},"properties":{"maxweight":"5"}},{"type":"Feature","geometry":{"type":"Point","coordinates":[10.5431843,52.2496578]},"properties":{"maxheight":"2.8","maxweight":"2.8"}},{"type":"Feature","geometry":{"type":"Point","coordinates":[10.5433455,52.2495634]},"properties":{"maxheight":"2.8","maxweight":"2.8"}},{"type":"Feature","geometry":{"type":"Point","coordinates":[10.5436431,52.2497635]},"properties":{"maxheight":"2.8","maxweight":"2.8"}},{"type":"Feature","geometry":{"type":"Point","coordinates":[10.5439626,52.2501689]},"properties":{"maxheight":"2.8","maxweight":"2.8"}},{"type":"Feature","geometry":{"type":"Point","coordinates":[10.5432271,52.2496786]},"properties":{"maxheight":"2.8","maxweight":"2.8"}},{"type":"Feature","geometry":{"type":"Point","coordinates":[10.5440467,52.2498987]},"properties":{"maxheight":"2.8","maxweight":"2.8"}},{"type":"Feature","geometry":{"type":"Point","coordinates":[10.5464774,52.2502704]},"properties":{"maxheight":"2.8","maxweight":"2.8"}},{"type":"Feature","geometry":{"type":"Point","coordinates":[10.545126,52.249829]},"properties":{"maxheight":"2.8","maxweight":"2.8"}},{"type":"Feature","geometry":{"type":"Point","coordinates":[10.546556,52.2501401]},"properties":{"maxheight":"2.8","maxweight":"2.8"}},{"type":"Feature","geometry":{"type":"Point","coordinates":[10.5434207,52.2499252]},"properties":{"maxheight":"2.8","maxweight":"2.8"}},{"type":"Feature","geometry":{"type":"Point","coordinates":[10.9894851,52.8176148]},"properties":{"hgv":"no"}},{"type":"Feature","geometry":{"type":"Point","coordinates":[10.8187314,52.4312279]},"properties":{"maxheight":"4"}},{"type":"Feature","geometry":{"type":"Point","coordinates":[10.8501835,52.4348317]},"properties":{"hgv":"destination"}},{"type":"Feature","geometry":{"type":"Point","coordinates":[10.491134,52.1842934]},"properties":{"maxheight":"4"}},{"type":"Feature","geometry":{"type":"Point","coordinates":[10.4912822,52.1841834]},"properties":{"maxheight":"4"}},{"type":"Feature","geometry":{"type":"Point","coordinates":[10.5074255,52.2666301]},"properties":{"hgv":"destination"}},{"type":"Feature","geometry":{"type":"Point","coordinates":[10.3313746,52.1544218]},"properties":{"goods":"designated"}},{"type":"Feature","geometry":{"type":"Point","coordinates":[10.7256022,52.2515761]},"properties":{"hgv":"no"}},{"type":"Feature","geometry":{"type":"Point","coordinates":[10.0142806,52.4739894]},"properties":{"hgv":"destination"}},{"type":"Feature","geometry":{"type":"Point","coordinates":[10.5851298,52.9487718]},"properties":{"maxheight":"default"}},{"type":"Feature","geometry":{"type":"Point","coordinates":[10.9641753,52.8427981]},"properties":{"maxweight":"2.8"}},{"type":"Feature","geometry":{"type":"Point","coordinates":[10.9174564,52.747494]},"properties":{"maxweight":"7.5"}},{"type":"Feature","geometry":{"type":"Point","coordinates":[10.7019651,52.2962675]},"properties":{"goods":"yes","maxweight":"7.5"}},{"type":"Feature","geometry":{"type":"Point","coordinates":[10.0477763,52.630906]},"properties":{"hgv":"destination"}},{"type":"Feature","geometry":{"type":"Point","coordinates":[10.0461259,52.6309031]},"properties":{"hgv":"destination"}},{"type":"Feature","geometry":{"type":"Point","coordinates":[10.7210477,52.2970241]},"properties":{"maxheight":"default"}},{"type":"Feature","geometry":{"type":"Point","coordinates":[10.507556,52.2718271]},"properties":{"hgv":"destination"}},{"type":"Feature","geometry":{"type":"Point","coordinates":[10.5093495,52.2697501]},"properties":{"hgv":"destination"}},{"type":"Feature","geometry":{"type":"Point","coordinates":[10.509167,52.2699566]},"properties":{"hgv":"destination"}},{"type":"Feature","geometry":{"type":"Point","coordinates":[10.5094945,52.2696266]},"properties":{"hgv":"destination"}},{"type":"Feature","geometry":{"type":"Point","coordinates":[10.508433,52.2707831]},"properties":{"hgv":"destination"}},{"type":"Feature","geometry":{"type":"Point","coordinates":[10.5109515,52.2686868]},"properties":{"hgv":"destination"}},{"type":"Feature","geometry":{"type":"Point","coordinates":[10.5110148,52.2687317]},"properties":{"hgv":"destination"}},{"type":"Feature","geometry":{"type":"Point","coordinates":[10.5119674,52.2682966]},"properties":{"hgv":"destination"}},{"type":"Feature","geometry":{"type":"Point","coordinates":[10.5110423,52.2686487]},"properties":{"hgv":"destination"}},{"type":"Feature","geometry":{"type":"Point","coordinates":[10.5106639,52.268881]},"properties":{"hgv":"destination"}},{"type":"Feature","geometry":{"type":"Point","coordinates":[10.5115388,52.2690233]},"properties":{"hgv":"destination"}},{"type":"Feature","geometry":{"type":"Point","coordinates":[10.5136159,52.2676723]},"properties":{"hgv":"destination"}},{"type":"Feature","geometry":{"type":"Point","coordinates":[10.4907422,52.1517924]},"properties":{"maxheight":"default"}},{"type":"Feature","geometry":{"type":"Point","coordinates":[10.5227738,52.2685954]},"properties":{"hgv":"destination"}},{"type":"Feature","geometry":{"type":"Point","coordinates":[10.5245835,52.273663]},"properties":{"hgv":"destination"}},{"type":"Feature","geometry":{"type":"Point","coordinates":[10.5244878,52.2749092]},"properties":{"hgv":"destination"}},{"type":"Feature","geometry":{"type":"Point","coordinates":[10.521313,52.2676358]},"properties":{"maxheight":"3.5"}},{"type":"Feature","geometry":{"type":"Point","coordinates":[10.5148319,52.2669726]},"properties":{"hgv":"destination"}},{"type":"Feature","geometry":{"type":"Point","coordinates":[10.5120045,52.2682068]},"properties":{"hgv":"destination"}},{"type":"Feature","geometry":{"type":"Point","coordinates":[10.5127866,52.2678694]},"properties":{"hgv":"destination"}},{"type":"Feature","geometry":{"type":"Point","coordinates":[10.5118714,52.2682647]},"properties":{"hgv":"destination"}},{"type":"Feature","geometry":{"type":"Point","coordinates":[10.5119674,52.2682966]},"properties":{"hgv":"destination"}},{"type":"Feature","geometry":{"type":"Point","coordinates":[10.5075241,52.2717665]},"properties":{"hgv":"destination"}},{"type":"Feature","geometry":{"type":"Point","coordinates":[10.5075916,52.271763]},"properties":{"hgv":"destination"}},{"type":"Feature","geometry":{"type":"Point","coordinates":[10.5294427,52.2691078]},"properties":{"hgv":"destination"}},{"type":"Feature","geometry":{"type":"Point","coordinates":[10.5275344,52.2686195]},"properties":{"hgv":"destination"}},{"type":"Feature","geometry":{"type":"Point","coordinates":[10.5280376,52.2687498]},"properties":{"hgv":"destination"}},{"type":"Feature","geometry":{"type":"Point","coordinates":[10.9566735,52.1379319]},"properties":{"hgv":"no"}},{"type":"Feature","geometry":{"type":"Point","coordinates":[10.4092744,52.3455735]},"properties":{"hgv":"no","goods":"no"}},{"type":"Feature","geometry":{"type":"Point","coordinates":[10.5261638,52.2682535]},"properties":{"hgv":"destination"}},{"type":"Feature","geometry":{"type":"Point","coordinates":[10.2588772,52.3450491]},"properties":{"hgv":"no"}},{"type":"Feature","geometry":{"type":"Point","coordinates":[10.5161699,52.304469]},"properties":{"hgv":"destination","goods":"destination"}},{"type":"Feature","geometry":{"type":"Point","coordinates":[10.5012838,52.3122111]},"properties":{"maxweight":"7.5"}},{"type":"Feature","geometry":{"type":"Point","coordinates":[10.4972167,52.313771]},"properties":{"maxweight":"30"}},{"type":"Feature","geometry":{"type":"Point","coordinates":[10.5018847,52.3119644]},"properties":{"maxweight":"7.5"}},{"type":"Feature","geometry":{"type":"Point","coordinates":[10.5031502,52.3114466]},"properties":{"maxweight":"7.5"}},{"type":"Feature","geometry":{"type":"Point","coordinates":[10.507068,52.309848]},"properties":{"maxweight":"7.5"}},{"type":"Feature","geometry":{"type":"Point","coordinates":[10.4971279,52.3139236]},"properties":{"maxweight":"7.5"}},{"type":"Feature","geometry":{"type":"Point","coordinates":[10.5084519,52.3092685]},"properties":{"maxweight":"7.5"}},{"type":"Feature","geometry":{"type":"Point","coordinates":[10.4967381,52.3139095]},"properties":{"maxweight":"30"}},{"type":"Feature","geometry":{"type":"Point","coordinates":[10.5042905,52.3109802]},"properties":{"maxweight":"7.5"}},{"type":"Feature","geometry":{"type":"Point","coordinates":[10.4975627,52.3137948]},"properties":{"maxweight":"7.5"}},{"type":"Feature","geometry":{"type":"Point","coordinates":[10.4995216,52.312932]},"properties":{"maxweight":"7.5"}},{"type":"Feature","geometry":{"type":"Point","coordinates":[10.4986647,52.3132202]},"properties":{"maxweight":"30"}},{"type":"Feature","geometry":{"type":"Point","coordinates":[10.5099347,52.3085764]},"properties":{"maxweight":"7.5"}},{"type":"Feature","geometry":{"type":"Point","coordinates":[10.5103959,52.3083637]},"properties":{"maxweight":"7.5"}},{"type":"Feature","geometry":{"type":"Point","coordinates":[10.5767538,52.340646]},"properties":{"hgv":"destination"}},{"type":"Feature","geometry":{"type":"Point","coordinates":[10.515134,52.2671332]},"properties":{"hgv":"destination"}},{"type":"Feature","geometry":{"type":"Point","coordinates":[10.5155216,52.1740013]},"properties":{"maxweight":"7.5"}},{"type":"Feature","geometry":{"type":"Point","coordinates":[10.4340694,52.906254]},"properties":{"maxheight":"default"}},{"type":"Feature","geometry":{"type":"Point","coordinates":[10.8242884,52.2860736]},"properties":{"hgv":"destination"}},{"type":"Feature","geometry":{"type":"Point","coordinates":[10.5465536,52.2407047]},"properties":{"hgv":"destination"}},{"type":"Feature","geometry":{"type":"Point","coordinates":[10.5633601,52.2638933]},"properties":{"maxweight":"12"}},{"type":"Feature","geometry":{"type":"Point","coordinates":[10.5606743,52.2673943]},"properties":{"maxweight":"12"}},{"type":"Feature","geometry":{"type":"Point","coordinates":[10.505848,52.3103425]},"properties":{"maxweight":"7.5"}},{"type":"Feature","geometry":{"type":"Point","coordinates":[10.5197974,52.2730592]},"properties":{"maxweight":"12"}},{"type":"Feature","geometry":{"type":"Point","coordinates":[10.0764545,52.6218673]},"properties":{"hgv":"destination"}},{"type":"Feature","geometry":{"type":"Point","coordinates":[10.108474,52.5981075]},"properties":{"hgv":"destination"}},{"type":"Feature","geometry":{"type":"Point","coordinates":[10.3110508,52.1747789]},"properties":{"maxweight":"3.5"}},{"type":"Feature","geometry":{"type":"Point","coordinates":[10.6963612,52.3393798]},"properties":{"hgv":"agricultural","maxweightrating:hgv":"7.5"}},{"type":"Feature","geometry":{"type":"Point","coordinates":[10.6875885,52.3359846]},"properties":{"hgv":"agricultural","maxweightrating:hgv":"7.5"}},{"type":"Feature","geometry":{"type":"Point","coordinates":[10.7825663,52.4455197]},"properties":{"hgv":"destination"}},{"type":"Feature","geometry":{"type":"Point","coordinates":[10.7331607,52.3911511]},"properties":{"hgv":"destination"}},{"type":"Feature","geometry":{"type":"Point","coordinates":[10.6140447,52.3094448]},"properties":{"maxheight":"default"}},{"type":"Feature","geometry":{"type":"Point","coordinates":[10.7467278,52.4385946]},"properties":{"maxheight":"3.5"}},{"type":"Feature","geometry":{"type":"Point","coordinates":[10.732513,52.4237024]},"properties":{"hgv":"forestry","goods":"no"}},{"type":"Feature","geometry":{"type":"Point","coordinates":[10.7324145,52.4236349]},"properties":{"hgv":"forestry","goods":"no"}},{"type":"Feature","geometry":{"type":"Point","coordinates":[10.751121,52.4364573]},"properties":{"maxheight":"default"}},{"type":"Feature","geometry":{"type":"Point","coordinates":[10.7512059,52.4364653]},"properties":{"maxheight":"default"}},{"type":"Feature","geometry":{"type":"Point","coordinates":[10.7510866,52.4366121]},"properties":{"maxheight":"default"}},{"type":"Feature","geometry":{"type":"Point","coordinates":[10.751031,52.4366066]},"properties":{"maxheight":"default"}},{"type":"Feature","geometry":{"type":"Point","coordinates":[10.0805191,52.6338525]},"properties":{"hgv":"destination"}},{"type":"Feature","geometry":{"type":"Point","coordinates":[10.4966936,52.2820231]},"properties":{"hgv":"yes","goods":"yes"}},{"type":"Feature","geometry":{"type":"Point","coordinates":[10.2764849,52.3087252]},"properties":{"maxweight":"3.5"}},{"type":"Feature","geometry":{"type":"Point","coordinates":[10.5846475,52.9485131]},"properties":{"maxheight":"default"}},{"type":"Feature","geometry":{"type":"Point","coordinates":[10.5859002,52.9486386]},"properties":{"maxheight":"default"}},{"type":"Feature","geometry":{"type":"Point","coordinates":[10.5862486,52.9496025]},"properties":{"maxheight":"default"}},{"type":"Feature","geometry":{"type":"Point","coordinates":[10.7681192,52.151702]},"properties":{"maxheight":"2.8"}},{"type":"Feature","geometry":{"type":"Point","coordinates":[10.7679968,52.151982]},"properties":{"maxheight":"default"}},{"type":"Feature","geometry":{"type":"Point","coordinates":[10.5285551,52.2684758]},"properties":{"maxheight":"below_default"}},{"type":"Feature","geometry":{"type":"Point","coordinates":[10.6191344,52.1241594]},"properties":{"maxweight":"3.5"}},{"type":"Feature","geometry":{"type":"Point","coordinates":[10.5627627,52.9742443]},"properties":{"hgv":"destination"}},{"type":"Feature","geometry":{"type":"Point","coordinates":[10.5627539,52.9741518]},"properties":{"hgv":"destination"}},{"type":"Feature","geometry":{"type":"Point","coordinates":[10.1215363,52.6234269]},"properties":{"hgv":"no"}},{"type":"Feature","geometry":{"type":"Point","coordinates":[10.5642369,52.2882399]},"properties":{"hgv":"no"}},{"type":"Feature","geometry":{"type":"Point","coordinates":[10.535271,52.283933]},"properties":{"maxheight":"none"}},{"type":"Feature","geometry":{"type":"Point","coordinates":[10.5353452,52.2832354]},"properties":{"maxheight":"none"}},{"type":"Feature","geometry":{"type":"Point","coordinates":[10.5237619,52.2615907]},"properties":{"hgv":"destination"}},{"type":"Feature","geometry":{"type":"Point","coordinates":[10.5234144,52.2977587]},"properties":{"hgv":"destination"}},{"type":"Feature","geometry":{"type":"Point","coordinates":[10.5245447,52.273656]},"properties":{"hgv":"destination"}},{"type":"Feature","geometry":{"type":"Point","coordinates":[10.5243835,52.2737705]},"properties":{"hgv":"destination"}},{"type":"Feature","geometry":{"type":"Point","coordinates":[10.5221994,52.2740863]},"properties":{"hgv":"destination"}},{"type":"Feature","geometry":{"type":"Point","coordinates":[10.8836988,52.84741]},"properties":{"maxweight":"7.5"}},{"type":"Feature","geometry":{"type":"Point","coordinates":[10.5384824,52.9746543]},"properties":{"maxweight":"3.5"}},{"type":"Feature","geometry":{"type":"Point","coordinates":[10.1776639,52.4031818]},"properties":{"hgv":"no"}},{"type":"Feature","geometry":{"type":"Point","coordinates":[10.1759112,52.4028606]},"properties":{"hgv":"no"}},{"type":"Feature","geometry":{"type":"Point","coordinates":[10.1737117,52.4041024]},"properties":{"hgv":"delivery"}},{"type":"Feature","geometry":{"type":"Point","coordinates":[10.1737979,52.4041968]},"properties":{"hgv":"delivery"}},{"type":"Feature","geometry":{"type":"Point","coordinates":[10.4914084,52.2571757]},"properties":{"maxheight":"3.1"}},{"type":"Feature","geometry":{"type":"Point","coordinates":[10.5403511,52.2962876]},"properties":{"hgv":"destination"}},{"type":"Feature","geometry":{"type":"Point","coordinates":[10.2306964,52.3139142]},"properties":{"maxheight":"4.15"}},{"type":"Feature","geometry":{"type":"Point","coordinates":[10.2306964,52.3139142]},"properties":{"maxheight":"4.15"}},{"type":"Feature","geometry":{"type":"Point","coordinates":[10.230682,52.3138728]},"properties":{"maxheight":"4.15"}},{"type":"Feature","geometry":{"type":"Point","coordinates":[10.2306513,52.3139586]},"properties":{"maxheight":"4.15"}},{"type":"Feature","geometry":{"type":"Point","coordinates":[10.479453,52.2746681]},"properties":{"hgv":"delivery","goods":"delivery"}},{"type":"Feature","geometry":{"type":"Point","coordinates":[10.5248017,52.296529]},"properties":{"hgv":"no"}},{"type":"Feature","geometry":{"type":"Point","coordinates":[10.518327,52.2691347]},"properties":{"hgv":"no"}},{"type":"Feature","geometry":{"type":"Point","coordinates":[10.5250661,52.2967454]},"properties":{"hgv":"destination"}},{"type":"Feature","geometry":{"type":"Point","coordinates":[10.397668,52.1907966]},"properties":{"hgv":"designated"}},{"type":"Feature","geometry":{"type":"Point","coordinates":[10.3292901,52.651841]},"properties":{"maxweight":"5"}},{"type":"Feature","geometry":{"type":"Point","coordinates":[10.3957585,52.1901553]},"properties":{"hgv":"designated"}},{"type":"Feature","geometry":{"type":"Point","coordinates":[10.3959512,52.1896328]},"properties":{"hgv":"designated"}},{"type":"Feature","geometry":{"type":"Point","coordinates":[10.399647,52.1903369]},"properties":{"hgv":"designated"}},{"type":"Feature","geometry":{"type":"Point","coordinates":[10.3998081,52.1901064]},"properties":{"hgv":"designated"}},{"type":"Feature","geometry":{"type":"Point","coordinates":[10.5265412,52.3207663]},"properties":{"hgv":"destination"}},{"type":"Feature","geometry":{"type":"Point","coordinates":[10.5786649,52.3407387]},"properties":{"hgv":"destination"}},{"type":"Feature","geometry":{"type":"Point","coordinates":[10.5223271,52.2090904]},"properties":{"maxweight":"3.5"}},{"type":"Feature","geometry":{"type":"Point","coordinates":[10.4849751,52.2766262]},"properties":{"maxweight":"3.5"}},{"type":"Feature","geometry":{"type":"Point","coordinates":[10.5171438,52.3094379]},"properties":{"hgv":"destination","goods":"destination"}},{"type":"Feature","geometry":{"type":"Point","coordinates":[10.5193082,52.3101045]},"properties":{"hgv":"destination","goods":"destination"}},{"type":"Feature","geometry":{"type":"Point","coordinates":[10.249571,52.1305913]},"properties":{"maxweight":"1.8"}},{"type":"Feature","geometry":{"type":"Point","coordinates":[10.3513596,52.1526813]},"properties":{"maxheight":"4"}},{"type":"Feature","geometry":{"type":"Point","coordinates":[10.3504376,52.0249249]},"properties":{"maxweight":"7.5"}},{"type":"Feature","geometry":{"type":"Point","coordinates":[10.3503844,52.0244652]},"properties":{"maxweight":"7.5"}},{"type":"Feature","geometry":{"type":"Point","coordinates":[10.5235356,52.3204656]},"properties":{"maxheight":"default"}},{"type":"Feature","geometry":{"type":"Point","coordinates":[10.5261149,52.265302]},"properties":{"hgv":"destination"}},{"type":"Feature","geometry":{"type":"Point","coordinates":[10.5254438,52.2615616]},"properties":{"hgv":"destination"}},{"type":"Feature","geometry":{"type":"Point","coordinates":[10.1767688,52.0391436]},"properties":{"maxheight":"default"}},{"type":"Feature","geometry":{"type":"Point","coordinates":[10.1783847,52.0408319]},"properties":{"maxheight":"default"}},{"type":"Feature","geometry":{"type":"Point","coordinates":[10.1773144,52.0395396]},"properties":{"maxheight":"default"}},{"type":"Feature","geometry":{"type":"Point","coordinates":[10.7824534,52.4499067]},"properties":{"hgv":"no","goods":"no"}},{"type":"Feature","geometry":{"type":"Point","coordinates":[10.5659407,52.22182]},"properties":{"hgv":"delivery"}},{"type":"Feature","geometry":{"type":"Point","coordinates":[10.5653192,52.2217161]},"properties":{"hgv":"delivery"}},{"type":"Feature","geometry":{"type":"Point","coordinates":[10.5091046,52.2699]},"properties":{"hgv":"destination"}},{"type":"Feature","geometry":{"type":"Point","coordinates":[10.5401493,52.1620615]},"properties":{"maxweight":"7.5"}},{"type":"Feature","geometry":{"type":"Point","coordinates":[10.5254254,52.2686161]},"properties":{"hgv":"destination"}},{"type":"Feature","geometry":{"type":"Point","coordinates":[10.5250297,52.2685636]},"properties":{"hgv":"destination"}},{"type":"Feature","geometry":{"type":"Point","coordinates":[10.5254495,52.2682969]},"properties":{"hgv":"destination"}},{"type":"Feature","geometry":{"type":"Point","coordinates":[10.5248267,52.2683733]},"properties":{"hgv":"destination"}},{"type":"Feature","geometry":{"type":"Point","coordinates":[10.5253299,52.2687566]},"properties":{"hgv":"destination"}},{"type":"Feature","geometry":{"type":"Point","coordinates":[10.5255313,52.2691857]},"properties":{"hgv":"destination"}},{"type":"Feature","geometry":{"type":"Point","coordinates":[10.5769819,52.5073978]},"properties":{"maxlength":"12"}},{"type":"Feature","geometry":{"type":"Point","coordinates":[10.5273238,52.2669842]},"properties":{"hgv":"destination"}},{"type":"Feature","geometry":{"type":"Point","coordinates":[10.3934594,52.328125]},"properties":{"maxheight":"4.2"}},{"type":"Feature","geometry":{"type":"Point","coordinates":[10.0512431,52.127575]},"properties":{"maxheight":"default"}},{"type":"Feature","geometry":{"type":"Point","coordinates":[10.0514554,52.127759]},"properties":{"maxheight":"default"}},{"type":"Feature","geometry":{"type":"Point","coordinates":[10.3140861,52.2097887]},"properties":{"hgv":"no","goods":"no"}},{"type":"Feature","geometry":{"type":"Point","coordinates":[10.0695396,52.6013961]},"properties":{"hgv":"destination"}},{"type":"Feature","geometry":{"type":"Point","coordinates":[10.0660122,52.6003355]},"properties":{"hgv":"destination"}},{"type":"Feature","geometry":{"type":"Point","coordinates":[10.7735175,52.4334653]},"properties":{"maxheight":"3.7"}},{"type":"Feature","geometry":{"type":"Point","coordinates":[10.2309131,52.3138671]},"properties":{"maxheight":"2.8"}},{"type":"Feature","geometry":{"type":"Point","coordinates":[10.5464516,52.1503046]},"properties":{"maxweight":"7.5"}},{"type":"Feature","geometry":{"type":"Point","coordinates":[10.2326206,52.2900924]},"properties":{"hgv":"no"}},{"type":"Feature","geometry":{"type":"Point","coordinates":[10.2346579,52.3204793]},"properties":{"maxweight":"7.5 t"}},{"type":"Feature","geometry":{"type":"Point","coordinates":[10.6548536,52.3101051]},"properties":{"hgv":"designated"}},{"type":"Feature","geometry":{"type":"Point","coordinates":[10.6532514,52.309979]},"properties":{"hgv":"designated"}},{"type":"Feature","geometry":{"type":"Point","coordinates":[10.1541969,52.3602234]},"properties":{"hgv":"designated"}},{"type":"Feature","geometry":{"type":"Point","coordinates":[10.5882633,52.952108]},"properties":{"maxheight":"default"}},{"type":"Feature","geometry":{"type":"Point","coordinates":[10.5885294,52.9525531]},"properties":{"maxheight":"default"}},{"type":"Feature","geometry":{"type":"Point","coordinates":[10.546806,52.489577]},"properties":{"maxheight":"3"}},{"type":"Feature","geometry":{"type":"Point","coordinates":[10.4992333,52.2709829]},"properties":{"maxweight":"25"}},{"type":"Feature","geometry":{"type":"Point","coordinates":[10.4999222,52.270779]},"properties":{"maxweight":"25"}},{"type":"Feature","geometry":{"type":"Point","coordinates":[10.4996371,52.2712611]},"properties":{"maxweight":"25"}},{"type":"Feature","geometry":{"type":"Point","coordinates":[10.9873876,52.7061188]},"properties":{"maxweight":"3"}},{"type":"Feature","geometry":{"type":"Point","coordinates":[10.8295831,52.4259286]},"properties":{"hgv":"destination"}},{"type":"Feature","geometry":{"type":"Point","coordinates":[10.5760768,52.9515698]},"properties":{"hgv":"agricultural"}},{"type":"Feature","geometry":{"type":"Point","coordinates":[10.5363022,52.2510877]},"properties":{"hgv":"no","goods":"private"}},{"type":"Feature","geometry":{"type":"Point","coordinates":[10.5363117,52.2511207]},"properties":{"hgv":"no","goods":"private"}},{"type":"Feature","geometry":{"type":"Point","coordinates":[10.5363209,52.2511661]},"properties":{"hgv":"no","goods":"private"}},{"type":"Feature","geometry":{"type":"Point","coordinates":[10.5102275,52.2516869]},"properties":{"maxheight":"below_default"}},{"type":"Feature","geometry":{"type":"Point","coordinates":[10.6940836,52.6995046]},"properties":{"hgv":"agricultural;forestry"}},{"type":"Feature","geometry":{"type":"Point","coordinates":[10.7029549,52.7000402]},"properties":{"hgv":"agricultural;forestry"}},{"type":"Feature","geometry":{"type":"Point","coordinates":[10.7050275,52.700598]},"properties":{"hgv":"agricultural;forestry"}},{"type":"Feature","geometry":{"type":"Point","coordinates":[10.7030994,52.7000797]},"properties":{"hgv":"agricultural;forestry"}},{"type":"Feature","geometry":{"type":"Point","coordinates":[10.5776603,52.9525673]},"properties":{"hgv":"agricultural"}},{"type":"Feature","geometry":{"type":"Point","coordinates":[10.5807155,52.9386981]},"properties":{"maxweight":"3.5"}},{"type":"Feature","geometry":{"type":"Point","coordinates":[10.5512006,52.9683651]},"properties":{"maxheight":"3.6"}},{"type":"Feature","geometry":{"type":"Point","coordinates":[10.5436823,52.9627186]},"properties":{"maxheight":"4"}},{"type":"Feature","geometry":{"type":"Point","coordinates":[10.0808271,52.632564]},"properties":{"hgv":"destination"}},{"type":"Feature","geometry":{"type":"Point","coordinates":[10.6814459,52.8305612]},"properties":{"hgv":"no"}},{"type":"Feature","geometry":{"type":"Point","coordinates":[10.660239,52.6429883]},"properties":{"hgv":"no"}},{"type":"Feature","geometry":{"type":"Point","coordinates":[10.6095438,52.726133]},"properties":{"hgv":"destination"}},{"type":"Feature","geometry":{"type":"Point","coordinates":[10.6094835,52.7262626]},"properties":{"hgv":"destination"}},{"type":"Feature","geometry":{"type":"Point","coordinates":[10.6087095,52.7278363]},"properties":{"hgv":"destination"}},{"type":"Feature","geometry":{"type":"Point","coordinates":[10.6086088,52.7280385]},"properties":{"hgv":"destination"}},{"type":"Feature","geometry":{"type":"Point","coordinates":[10.6082325,52.7286037]},"properties":{"hgv":"destination"}},{"type":"Feature","geometry":{"type":"Point","coordinates":[10.5331718,52.2868575]},"properties":{"maxheight":"default"}},{"type":"Feature","geometry":{"type":"Point","coordinates":[10.5524824,52.9680358]},"properties":{"maxheight":"3.6"}},{"type":"Feature","geometry":{"type":"Point","coordinates":[10.7432315,52.8652033]},"properties":{"maxweight":"3.5"}},{"type":"Feature","geometry":{"type":"Point","coordinates":[10.0924908,52.1206969]},"properties":{"maxheight":"default"}},{"type":"Feature","geometry":{"type":"Point","coordinates":[10.1071305,52.1207104]},"properties":{"maxheight":"default"}},{"type":"Feature","geometry":{"type":"Point","coordinates":[10.1691428,52.0935876]},"properties":{"maxheight":"default"}},{"type":"Feature","geometry":{"type":"Point","coordinates":[10.5520461,52.9686248]},"properties":{"maxheight":"below_default"}},{"type":"Feature","geometry":{"type":"Point","coordinates":[10.7015035,52.6804785]},"properties":{"maxweight":"3.5"}},{"type":"Feature","geometry":{"type":"Point","coordinates":[10.7011302,52.6802086]},"properties":{"maxweight":"3.5"}},{"type":"Feature","geometry":{"type":"Point","coordinates":[10.518221,52.1711215]},"properties":{"maxweight":"7.5"}},{"type":"Feature","geometry":{"type":"Point","coordinates":[10.5163944,52.1718574]},"properties":{"maxweight":"7.5"}},{"type":"Feature","geometry":{"type":"Point","coordinates":[10.3949169,52.1511707]},"properties":{"maxweight":"6"}},{"type":"Feature","geometry":{"type":"Point","coordinates":[10.3937673,52.1517131]},"properties":{"maxweight":"6"}},{"type":"Feature","geometry":{"type":"Point","coordinates":[10.0807866,52.6327321]},"properties":{"hgv":"destination"}},{"type":"Feature","geometry":{"type":"Point","coordinates":[10.5410313,52.1645415]},"properties":{"maxheight":"2.2"}},{"type":"Feature","geometry":{"type":"Point","coordinates":[10.7440162,52.7289623]},"properties":{"hgv":"destination","maxweight":"7.5"}},{"type":"Feature","geometry":{"type":"Point","coordinates":[10.7443161,52.7282386]},"properties":{"hgv":"destination"}},{"type":"Feature","geometry":{"type":"Point","coordinates":[10.7445955,52.7275633]},"properties":{"hgv":"destination"}},{"type":"Feature","geometry":{"type":"Point","coordinates":[10.9555867,52.5805464]},"properties":{"maxweight":"7.5"}},{"type":"Feature","geometry":{"type":"Point","coordinates":[10.9771778,52.7637377]},"properties":{"hgv":"agricultural;forestry"}},{"type":"Feature","geometry":{"type":"Point","coordinates":[10.982704,52.7662285]},"properties":{"hgv":"agricultural;forestry"}},{"type":"Feature","geometry":{"type":"Point","coordinates":[10.966685,52.7626069]},"properties":{"hgv":"agricultural;forestry"}},{"type":"Feature","geometry":{"type":"Point","coordinates":[10.9716239,52.76239]},"properties":{"hgv":"agricultural;forestry"}},{"type":"Feature","geometry":{"type":"Point","coordinates":[10.9630441,52.7611667]},"properties":{"hgv":"agricultural;forestry"}},{"type":"Feature","geometry":{"type":"Point","coordinates":[10.9646089,52.7617572]},"properties":{"hgv":"agricultural;forestry"}},{"type":"Feature","geometry":{"type":"Point","coordinates":[10.9614801,52.7605237]},"properties":{"hgv":"agricultural;forestry"}},{"type":"Feature","geometry":{"type":"Point","coordinates":[10.9646978,52.7621685]},"properties":{"hgv":"agricultural;forestry"}},{"type":"Feature","geometry":{"type":"Point","coordinates":[10.9841495,52.9160496]},"properties":{"maxweight":"3.5"}},{"type":"Feature","geometry":{"type":"Point","coordinates":[10.9899479,52.9162621]},"properties":{"maxweight":"3.5"}},{"type":"Feature","geometry":{"type":"Point","coordinates":[10.7381611,52.7322571]},"properties":{"hgv":"destination","maxweight":"7.5"}},{"type":"Feature","geometry":{"type":"Point","coordinates":[10.738741,52.73204]},"properties":{"hgv":"destination","maxweight":"7.5"}},{"type":"Feature","geometry":{"type":"Point","coordinates":[10.7417988,52.7307395]},"properties":{"hgv":"destination","maxweight":"7.5"}},{"type":"Feature","geometry":{"type":"Point","coordinates":[10.7435457,52.7299583]},"properties":{"hgv":"destination","maxweight":"7.5"}},{"type":"Feature","geometry":{"type":"Point","coordinates":[10.7438908,52.7292901]},"properties":{"hgv":"destination","maxweight":"7.5"}},{"type":"Feature","geometry":{"type":"Point","coordinates":[10.7686014,52.426978]},"properties":{"maxweight":"12"}},{"type":"Feature","geometry":{"type":"Point","coordinates":[10.9675484,52.839621]},"properties":{"maxweight":"7.5"}},{"type":"Feature","geometry":{"type":"Point","coordinates":[10.9665234,52.819145]},"properties":{"hgv":"no"}},{"type":"Feature","geometry":{"type":"Point","coordinates":[10.1451163,52.8047947]},"properties":{"maxweight":"3.5"}},{"type":"Feature","geometry":{"type":"Point","coordinates":[10.2384311,52.7333731]},"properties":{"maxweight":"2.8"}},{"type":"Feature","geometry":{"type":"Point","coordinates":[10.2381046,52.7328066]},"properties":{"maxweight":"2.8"}},{"type":"Feature","geometry":{"type":"Point","coordinates":[10.7806469,52.0161007]},"properties":{"maxweight":"7.5"}},{"type":"Feature","geometry":{"type":"Point","coordinates":[10.9665214,52.818454]},"properties":{"hgv":"no"}},{"type":"Feature","geometry":{"type":"Point","coordinates":[10.9669143,52.81916]},"properties":{"hgv":"no"}},{"type":"Feature","geometry":{"type":"Point","coordinates":[10.9664101,52.8184419]},"properties":{"hgv":"no"}},{"type":"Feature","geometry":{"type":"Point","coordinates":[10.8257563,52.8378163]},"properties":{"maxweight":"7.5"}},{"type":"Feature","geometry":{"type":"Point","coordinates":[10.9720287,52.8611829]},"properties":{"maxweight":"2.8"}},{"type":"Feature","geometry":{"type":"Point","coordinates":[10.9750394,52.8659372]},"properties":{"maxweight":"2.8"}},{"type":"Feature","geometry":{"type":"Point","coordinates":[10.2414097,52.7370627]},"properties":{"hgv":"no"}},{"type":"Feature","geometry":{"type":"Point","coordinates":[10.8400552,52.8179317]},"properties":{"maxweight":"7.5"}},{"type":"Feature","geometry":{"type":"Point","coordinates":[10.9537594,52.9638559]},"properties":{"maxweight":"3.5"}},{"type":"Feature","geometry":{"type":"Point","coordinates":[10.54017,52.1624183]},"properties":{"maxweight":"7.5"}},{"type":"Feature","geometry":{"type":"Point","coordinates":[10.9218284,52.7985028]},"properties":{"hgv":"designated; agricultural"}},{"type":"Feature","geometry":{"type":"Point","coordinates":[10.9177286,52.798506]},"properties":{"hgv":"designated; agricultural"}},{"type":"Feature","geometry":{"type":"Point","coordinates":[10.9149595,52.809422]},"properties":{"hgv":"no"}},{"type":"Feature","geometry":{"type":"Point","coordinates":[10.9164401,52.810518]},"properties":{"hgv":"no"}},{"type":"Feature","geometry":{"type":"Point","coordinates":[10.92142,52.8142]},"properties":{"hgv":"no"}},{"type":"Feature","geometry":{"type":"Point","coordinates":[10.9155574,52.7985155]},"properties":{"hgv":"agricultural;destination"}},{"type":"Feature","geometry":{"type":"Point","coordinates":[10.7908005,52.4422696]},"properties":{"hgv":"no"}},{"type":"Feature","geometry":{"type":"Point","coordinates":[10.790439,52.4421723]},"properties":{"hgv":"no"}},{"type":"Feature","geometry":{"type":"Point","coordinates":[10.5266225,52.2614029]},"properties":{"hgv":"destination"}},{"type":"Feature","geometry":{"type":"Point","coordinates":[10.5248323,52.2651692]},"properties":{"hgv":"destination"}},{"type":"Feature","geometry":{"type":"Point","coordinates":[10.5073539,52.2623928]},"properties":{"hgv":"destination"}},{"type":"Feature","geometry":{"type":"Point","coordinates":[10.5049277,52.2664603]},"properties":{"hgv":"destination"}},{"type":"Feature","geometry":{"type":"Point","coordinates":[10.9133073,52.8041427]},"properties":{"hgv":"no"}},{"type":"Feature","geometry":{"type":"Point","coordinates":[10.5425754,52.0171077]},"properties":{"maxweight":"2.8"}},{"type":"Feature","geometry":{"type":"Point","coordinates":[10.7895469,52.4446177]},"properties":{"hgv":"no"}},{"type":"Feature","geometry":{"type":"Point","coordinates":[10.5341799,52.5060249]},"properties":{"maxheight:physical":"3"}},{"type":"Feature","geometry":{"type":"Point","coordinates":[10.634187,52.2159699]},"properties":{"hgv":"no"}},{"type":"Feature","geometry":{"type":"Point","coordinates":[10.7479551,52.428881]},"properties":{"hgv":"destination"}},{"type":"Feature","geometry":{"type":"Point","coordinates":[10.7329512,52.3928883]},"properties":{"hgv":"destination"}},{"type":"Feature","geometry":{"type":"Point","coordinates":[10.733105,52.3916152]},"properties":{"hgv":"destination"}},{"type":"Feature","geometry":{"type":"Point","coordinates":[10.8475277,52.4156738]},"properties":{"hgv":"destination"}},{"type":"Feature","geometry":{"type":"Point","coordinates":[10.833788,52.4214592]},"properties":{"hgv":"destination"}},{"type":"Feature","geometry":{"type":"Point","coordinates":[10.7392748,52.242798]},"properties":{"hgv":"no","goods":"no"}},{"type":"Feature","geometry":{"type":"Point","coordinates":[10.5250044,52.2619442]},"properties":{"maxheight":"default"}},{"type":"Feature","geometry":{"type":"Point","coordinates":[10.7722596,52.850547]},"properties":{"maxweight":"3.5"}},{"type":"Feature","geometry":{"type":"Point","coordinates":[10.9333312,52.5990789]},"properties":{"hgv":"delivery","maxlength":"10"}},{"type":"Feature","geometry":{"type":"Point","coordinates":[10.3978778,52.1888848]},"properties":{"hgv":"designated"}},{"type":"Feature","geometry":{"type":"Point","coordinates":[10.4960844,52.2718534]},"properties":{"maxheight":"4"}},{"type":"Feature","geometry":{"type":"Point","coordinates":[10.4961346,52.2721317]},"properties":{"maxheight":"2.6"}},{"type":"Feature","geometry":{"type":"Point","coordinates":[10.6488117,52.2521584]},"properties":{"hgv":"private"}},{"type":"Feature","geometry":{"type":"Point","coordinates":[10.5365616,52.2511976]},"properties":{"hgv":"no","goods":"private"}},{"type":"Feature","geometry":{"type":"Point","coordinates":[10.5218137,52.2444914]},"properties":{"maxheight":"3.5"}},{"type":"Feature","geometry":{"type":"Point","coordinates":[10.5088175,52.309114]},"properties":{"maxweight":"7.5"}},{"type":"Feature","geometry":{"type":"Point","coordinates":[10.8109156,52.0964376]},"properties":{"maxweight":"6"}},{"type":"Feature","geometry":{"type":"Point","coordinates":[10.8112038,52.0966685]},"properties":{"maxweight":"6"}},{"type":"Feature","geometry":{"type":"Point","coordinates":[10.9162561,52.7245993]},"properties":{"maxweight":"7.5"}},{"type":"Feature","geometry":{"type":"Point","coordinates":[10.2256625,52.6288895]},"properties":{"maxweight":"5"}},{"type":"Feature","geometry":{"type":"Point","coordinates":[10.5388783,52.1594178]},"properties":{"hgv":"delivery","maxweight":"7.5"}},{"type":"Feature","geometry":{"type":"Point","coordinates":[10.5214419,52.2750016]},"properties":{"hgv":"destination"}},{"type":"Feature","geometry":{"type":"Point","coordinates":[10.5293926,52.2717042]},"properties":{"maxweight":"1.5"}},{"type":"Feature","geometry":{"type":"Point","coordinates":[10.5292682,52.2719942]},"properties":{"maxweight":"1.5"}},{"type":"Feature","geometry":{"type":"Point","coordinates":[10.5293617,52.2719999]},"properties":{"maxweight":"1.5"}},{"type":"Feature","geometry":{"type":"Point","coordinates":[10.5705358,52.9723483]},"properties":{"hgv":"destination"}},{"type":"Feature","geometry":{"type":"Point","coordinates":[10.5759749,52.9710653]},"properties":{"hgv":"destination"}},{"type":"Feature","geometry":{"type":"Point","coordinates":[10.9080547,52.6407479]},"properties":{"hgv":"no"}},{"type":"Feature","geometry":{"type":"Point","coordinates":[10.5014994,52.269346]},"properties":{"maxheight":"below_default"}},{"type":"Feature","geometry":{"type":"Point","coordinates":[10.504942,52.273393]},"properties":{"maxheight":"2.1"}},{"type":"Feature","geometry":{"type":"Point","coordinates":[10.0710823,52.6018391]},"properties":{"hgv":"destination"}},{"type":"Feature","geometry":{"type":"Point","coordinates":[10.0759885,52.6202594]},"properties":{"hgv":"destination"}},{"type":"Feature","geometry":{"type":"Point","coordinates":[10.0760793,52.6205572]},"properties":{"hgv":"destination"}},{"type":"Feature","geometry":{"type":"Point","coordinates":[10.0761751,52.6208865]},"properties":{"hgv":"destination"}},{"type":"Feature","geometry":{"type":"Point","coordinates":[10.076319,52.6213491]},"properties":{"hgv":"destination"}},{"type":"Feature","geometry":{"type":"Point","coordinates":[10.0756309,52.6188121]},"properties":{"hgv":"destination"}},{"type":"Feature","geometry":{"type":"Point","coordinates":[10.0806442,52.6333755]},"properties":{"hgv":"destination"}},{"type":"Feature","geometry":{"type":"Point","coordinates":[10.0806584,52.633324]},"properties":{"hgv":"destination"}},{"type":"Feature","geometry":{"type":"Point","coordinates":[10.0806127,52.6334961]},"properties":{"hgv":"destination"}},{"type":"Feature","geometry":{"type":"Point","coordinates":[10.5239868,52.2713213]},"properties":{"hgv":"destination"}},{"type":"Feature","geometry":{"type":"Point","coordinates":[10.7428782,52.4418564]},"properties":{"maxheight":"4"}},{"type":"Feature","geometry":{"type":"Point","coordinates":[10.1294466,52.6077977]},"properties":{"maxweight":"5"}},{"type":"Feature","geometry":{"type":"Point","coordinates":[10.7893708,52.4447108]},"properties":{"hgv":"destination"}},{"type":"Feature","geometry":{"type":"Point","coordinates":[10.7894178,52.4445983]},"properties":{"hgv":"no"}},{"type":"Feature","geometry":{"type":"Point","coordinates":[10.7901455,52.4442417]},"properties":{"hgv":"no"}},{"type":"Feature","geometry":{"type":"Point","coordinates":[10.1032053,52.3106738]},"properties":{"maxheight":"default"}},{"type":"Feature","geometry":{"type":"Point","coordinates":[10.5278991,52.2797642]},"properties":{"hgv":"no"}},{"type":"Feature","geometry":{"type":"Point","coordinates":[10.9141297,52.8055684]},"properties":{"hgv":"no"}},{"type":"Feature","geometry":{"type":"Point","coordinates":[10.3516753,52.1530333]},"properties":{"maxheight":"4"}},{"type":"Feature","geometry":{"type":"Point","coordinates":[10.4604697,52.9203038]},"properties":{"maxheight":"3.9"}},{"type":"Feature","geometry":{"type":"Point","coordinates":[10.5569554,52.9862804]},"properties":{"maxheight":"4"}},{"type":"Feature","geometry":{"type":"Point","coordinates":[10.5417819,52.9864189]},"properties":{"maxheight":"3.9"}},{"type":"Feature","geometry":{"type":"Point","coordinates":[10.9838544,52.3883236]},"properties":{"hgv":"no"}},{"type":"Feature","geometry":{"type":"Point","coordinates":[10.9916897,52.7702614]},"properties":{"hgv":"agricultural;forestry"}},{"type":"Feature","geometry":{"type":"Point","coordinates":[10.7700415,52.414203]},"properties":{"maxheight":"default"}},{"type":"Feature","geometry":{"type":"Point","coordinates":[10.0280665,52.7913964]},"properties":{"maxweight":"5"}},{"type":"Feature","geometry":{"type":"Point","coordinates":[10.5186356,52.2669682]},"properties":{"maxheight":"2","maxweight":"2.5"}},{"type":"Feature","geometry":{"type":"Point","coordinates":[10.5186261,52.2667546]},"properties":{"maxheight":"2","maxweight":"2.5"}},{"type":"Feature","geometry":{"type":"Point","coordinates":[10.5186352,52.2668782]},"properties":{"maxheight":"2","maxweight":"2.5"}},{"type":"Feature","geometry":{"type":"Point","coordinates":[10.55742,52.2478618]},"properties":{"maxheight":"4"}},{"type":"Feature","geometry":{"type":"Point","coordinates":[10.6033442,52.0309578]},"properties":{"maxheight":"3.5"}},{"type":"Feature","geometry":{"type":"Point","coordinates":[10.5579565,52.4637708]},"properties":{"maxheight":"4.1"}},{"type":"Feature","geometry":{"type":"Point","coordinates":[10.1797172,52.0876432]},"properties":{"maxheight":"default"}},{"type":"Feature","geometry":{"type":"Point","coordinates":[10.5163679,52.295558]},"properties":{"hgv":"no","maxheight":"2.1","maxweight":"2.5"}},{"type":"Feature","geometry":{"type":"Point","coordinates":[10.5164168,52.2956095]},"properties":{"hgv":"no","maxheight":"2.1","maxweight":"2.5"}},{"type":"Feature","geometry":{"type":"Point","coordinates":[10.782149,52.8486251]},"properties":{"maxweight":"3.5"}},{"type":"Feature","geometry":{"type":"Point","coordinates":[10.5152542,52.2670514]},"properties":{"hgv":"destination"}},{"type":"Feature","geometry":{"type":"Point","coordinates":[10.5499935,52.2555408]},"properties":{"maxheight":"default"}},{"type":"Feature","geometry":{"type":"Point","coordinates":[10.5491779,52.233244]},"properties":{"maxheight":"2.5"}},{"type":"Feature","geometry":{"type":"Point","coordinates":[10.5280876,52.2591831]},"properties":{"maxheight":"below_default"}},{"type":"Feature","geometry":{"type":"Point","coordinates":[10.5283627,52.2616424]},"properties":{"maxheight":"3.5"}},{"type":"Feature","geometry":{"type":"Point","coordinates":[10.5599694,52.9634316]},"properties":{"maxheight":"3.5"}},{"type":"Feature","geometry":{"type":"Point","coordinates":[10.5230512,52.2636011]},"properties":{"maxheight":"4"}},{"type":"Feature","geometry":{"type":"Point","coordinates":[10.5270139,52.260002]},"properties":{"maxheight":"1.95"}},{"type":"Feature","geometry":{"type":"Point","coordinates":[10.7326185,52.423722]},"properties":{"hgv":"forestry","goods":"no"}},{"type":"Feature","geometry":{"type":"Point","coordinates":[10.5510549,52.2778346]},"properties":{"maxheight":"7"}},{"type":"Feature","geometry":{"type":"Point","coordinates":[10.5091634,52.2637778]},"properties":{"hgv":"destination"}},{"type":"Feature","geometry":{"type":"Point","coordinates":[10.5137022,52.3245404]},"properties":{"maxheight":"4"}},{"type":"Feature","geometry":{"type":"Point","coordinates":[10.7841053,52.4180015]},"properties":{"maxheight":"2"}},{"type":"Feature","geometry":{"type":"Point","coordinates":[10.5342483,52.2717664]},"properties":{"maxheight":"3.4"}},{"type":"Feature","geometry":{"type":"Point","coordinates":[10.5283907,52.2370588]},"properties":{"maxheight":"default"}},{"type":"Feature","geometry":{"type":"Point","coordinates":[10.5283834,52.2371523]},"properties":{"maxheight":"default"}},{"type":"Feature","geometry":{"type":"Point","coordinates":[10.5283478,52.2371525]},"properties":{"maxheight":"default"}},{"type":"Feature","geometry":{"type":"Point","coordinates":[10.5288028,52.2369078]},"properties":{"maxheight":"default"}},{"type":"Feature","geometry":{"type":"Point","coordinates":[10.5114827,52.2623807]},"properties":{"maxweight":"12"}},{"type":"Feature","geometry":{"type":"Point","coordinates":[10.9773379,52.0927265]},"properties":{"maxweight":"3.5"}},{"type":"Feature","geometry":{"type":"Point","coordinates":[10.7268152,52.3701496]},"properties":{"maxheight":"4"}},{"type":"Feature","geometry":{"type":"Point","coordinates":[10.9571902,52.0311946]},"properties":{"hgv":"no"}},{"type":"Feature","geometry":{"type":"Point","coordinates":[10.4923874,52.2556535]},"properties":{"maxheight":"4"}},{"type":"Feature","geometry":{"type":"Point","coordinates":[10.4858692,52.2636888]},"properties":{"maxheight":"2.2"}},{"type":"Feature","geometry":{"type":"Point","coordinates":[10.5202227,52.2668105]},"properties":{"hgv":"destination"}},{"type":"Feature","geometry":{"type":"Point","coordinates":[10.5201512,52.2667429]},"properties":{"hgv":"destination"}},{"type":"Feature","geometry":{"type":"Point","coordinates":[10.519673,52.265671]},"properties":{"hgv":"destination"}},{"type":"Feature","geometry":{"type":"Point","coordinates":[10.5709447,52.4428487]},"properties":{"maxheight":"3.6"}},{"type":"Feature","geometry":{"type":"Point","coordinates":[10.5290517,52.2800963]},"properties":{"hgv":"no"}},{"type":"Feature","geometry":{"type":"Point","coordinates":[10.52932,52.2806373]},"properties":{"hgv":"no"}},{"type":"Feature","geometry":{"type":"Point","coordinates":[10.5298447,52.2804175]},"properties":{"hgv":"no"}},{"type":"Feature","geometry":{"type":"Point","coordinates":[10.5291215,52.280264]},"properties":{"hgv":"no"}},{"type":"Feature","geometry":{"type":"Point","coordinates":[10.5291339,52.2800992]},"properties":{"hgv":"no"}},{"type":"Feature","geometry":{"type":"Point","coordinates":[10.5291459,52.2799405]},"properties":{"hgv":"no"}},{"type":"Feature","geometry":{"type":"Point","coordinates":[10.6584418,52.8861193]},"properties":{"maxweight":"3.5"}},{"type":"Feature","geometry":{"type":"Point","coordinates":[10.50725,52.2594105]},"properties":{"hgv":"destination"}},{"type":"Feature","geometry":{"type":"Point","coordinates":[10.5081036,52.2604355]},"properties":{"hgv":"destination"}},{"type":"Feature","geometry":{"type":"Point","coordinates":[10.3572088,52.2726819]},"properties":{"hgv":"destination"}},{"type":"Feature","geometry":{"type":"Point","coordinates":[10.3597666,52.2726678]},"properties":{"hgv":"destination"}},{"type":"Feature","geometry":{"type":"Point","coordinates":[10.5953156,52.4118221]},"properties":{"maxheight":"2"}},{"type":"Feature","geometry":{"type":"Point","coordinates":[10.8018554,52.9648667]},"properties":{"maxweight":"5.5"}},{"type":"Feature","geometry":{"type":"Point","coordinates":[10.5045998,52.2813173]},"properties":{"maxheight":"default"}},{"type":"Feature","geometry":{"type":"Point","coordinates":[10.3762165,52.2698948]},"properties":{"maxweight":"3.5"}},{"type":"Feature","geometry":{"type":"Point","coordinates":[10.550513,52.2465888]},"properties":{"maxweight":"120"}},{"type":"Feature","geometry":{"type":"Point","coordinates":[10.565801,52.2217991]},"properties":{"hgv":"delivery"}},{"type":"Feature","geometry":{"type":"Point","coordinates":[10.5217522,52.2452633]},"properties":{"maxheight":"3.5"}},{"type":"Feature","geometry":{"type":"Point","coordinates":[10.5218643,52.2448512]},"properties":{"maxheight":"3.5"}},{"type":"Feature","geometry":{"type":"Point","coordinates":[10.5224736,52.2435272]},"properties":{"maxheight":"default"}},{"type":"Feature","geometry":{"type":"Point","coordinates":[10.0754437,52.6290226]},"properties":{"maxheight":"2.2"}},{"type":"Feature","geometry":{"type":"Point","coordinates":[10.8072292,52.0965647]},"properties":{"maxweight":"6"}},{"type":"Feature","geometry":{"type":"Point","coordinates":[10.8535601,52.768086]},"properties":{"hgv":"agricultural;delivery"}},{"type":"Feature","geometry":{"type":"Point","coordinates":[10.5147372,52.2670532]},"properties":{"hgv":"destination"}},{"type":"Feature","geometry":{"type":"Point","coordinates":[10.5147453,52.2671516]},"properties":{"hgv":"destination"}},{"type":"Feature","geometry":{"type":"Point","coordinates":[10.4903275,52.3154909]},"properties":{"maxheight":"3.9"}},{"type":"Feature","geometry":{"type":"Point","coordinates":[10.5215351,52.2454591]},"properties":{"maxheight":"3.5"}},{"type":"Feature","geometry":{"type":"Point","coordinates":[10.5051327,52.2734786]},"properties":{"maxweight":"2.1"}},{"type":"Feature","geometry":{"type":"Point","coordinates":[10.5061835,52.2727972]},"properties":{"maxheight":"2.1"}},{"type":"Feature","geometry":{"type":"Point","coordinates":[10.5058489,52.2730558]},"properties":{"maxheight":"2.10"}},{"type":"Feature","geometry":{"type":"Point","coordinates":[10.5061835,52.2727972]},"properties":{"maxheight":"2.10"}},{"type":"Feature","geometry":{"type":"Point","coordinates":[10.524613,52.3249947]},"properties":{"maxheight":"7"}},{"type":"Feature","geometry":{"type":"Point","coordinates":[10.5212237,52.2458759]},"properties":{"maxheight":"3.5"}},{"type":"Feature","geometry":{"type":"Point","coordinates":[10.7350444,52.3893206]},"properties":{"hgv":"destination"}},{"type":"Feature","geometry":{"type":"Point","coordinates":[10.5176789,52.2976785]},"properties":{"hgv":"destination"}},{"type":"Feature","geometry":{"type":"Point","coordinates":[10.5178244,52.2976078]},"properties":{"hgv":"destination"}},{"type":"Feature","geometry":{"type":"Point","coordinates":[10.0807833,52.6185011]},"properties":{"maxheight":"2.1"}},{"type":"Feature","geometry":{"type":"Point","coordinates":[10.5674601,52.2536955]},"properties":{"maxlength":"12"}},{"type":"Feature","geometry":{"type":"Point","coordinates":[10.7885825,52.4447233]},"properties":{"hgv":"destination"}},{"type":"Feature","geometry":{"type":"Point","coordinates":[10.487766,52.2604119]},"properties":{"maxheight":"3.8"}},{"type":"Feature","geometry":{"type":"Point","coordinates":[10.917673,52.8467106]},"properties":{"maxweight":"5.5"}},{"type":"Feature","geometry":{"type":"Point","coordinates":[10.8133484,52.2439776]},"properties":{"maxheight":"3.80"}},{"type":"Feature","geometry":{"type":"Point","coordinates":[10.1012401,52.1207901]},"properties":{"maxheight":"default"}},{"type":"Feature","geometry":{"type":"Point","coordinates":[10.6664915,52.7241979]},"properties":{"maxheight":"default","maxweight":"3.5"}},{"type":"Feature","geometry":{"type":"Point","coordinates":[10.6667311,52.7240391]},"properties":{"maxweight":"3.5"}},{"type":"Feature","geometry":{"type":"Point","coordinates":[10.0241177,52.8213344]},"properties":{"maxweight":"5"}},{"type":"Feature","geometry":{"type":"Point","coordinates":[10.3662277,52.2599672]},"properties":{"maxheight":"2.5"}},{"type":"Feature","geometry":{"type":"Point","coordinates":[10.3103488,52.0354842]},"properties":{"maxheight":"3.7"}},{"type":"Feature","geometry":{"type":"Point","coordinates":[10.1107198,52.4899308]},"properties":{"hgv":"destination;agricultural"}},{"type":"Feature","geometry":{"type":"Point","coordinates":[10.114867,52.5959939]},"properties":{"hgv":"destination"}},{"type":"Feature","geometry":{"type":"Point","coordinates":[10.2287591,52.1221682]},"properties":{"maxheight":"4.7"}},{"type":"Feature","geometry":{"type":"Point","coordinates":[10.2293259,52.1224062]},"properties":{"maxheight":"4.7"}},{"type":"Feature","geometry":{"type":"Point","coordinates":[10.6767409,52.6810256]},"properties":{"maxweight":"2.8"}},{"type":"Feature","geometry":{"type":"Point","coordinates":[10.5670794,52.2561549]},"properties":{"maxlength":"12"}},{"type":"Feature","geometry":{"type":"Point","coordinates":[10.5322835,52.2487766]},"properties":{"maxheight":"4.1"}},{"type":"Feature","geometry":{"type":"Point","coordinates":[10.5323942,52.2486204]},"properties":{"maxheight":"4.1"}},{"type":"Feature","geometry":{"type":"Point","coordinates":[10.8014245,52.4408784]},"properties":{"maxheight":"3.5"}},{"type":"Feature","geometry":{"type":"Point","coordinates":[10.988726,52.6517758]},"properties":{"maxweight":"3"}},{"type":"Feature","geometry":{"type":"Point","coordinates":[10.732705,52.3090518]},"properties":{"maxheight":"default"}},{"type":"Feature","geometry":{"type":"Point","coordinates":[10.5094341,52.2697818]},"properties":{"hgv":"destination"}},{"type":"Feature","geometry":{"type":"Point","coordinates":[10.5006081,52.2659035]},"properties":{"hgv":"destination"}},{"type":"Feature","geometry":{"type":"Point","coordinates":[10.1065915,52.6369432]},"properties":{"maxheight":"default"}},{"type":"Feature","geometry":{"type":"Point","coordinates":[10.106814,52.6367002]},"properties":{"maxheight":"default"}},{"type":"Feature","geometry":{"type":"Point","coordinates":[10.1067471,52.6369683]},"properties":{"maxheight":"default"}},{"type":"Feature","geometry":{"type":"Point","coordinates":[10.1285211,52.6587237]},"properties":{"maxheight":"default"}},{"type":"Feature","geometry":{"type":"Point","coordinates":[10.1285539,52.6587082]},"properties":{"maxheight":"default"}},{"type":"Feature","geometry":{"type":"Point","coordinates":[10.5066407,52.263057]},"properties":{"hgv":"destination"}},{"type":"Feature","geometry":{"type":"Point","coordinates":[10.5067956,52.2630256]},"properties":{"hgv":"destination"}},{"type":"Feature","geometry":{"type":"Point","coordinates":[10.5068317,52.263105]},"properties":{"hgv":"destination"}},{"type":"Feature","geometry":{"type":"Point","coordinates":[10.1209157,52.6047984]},"properties":{"hgv":"destination"}},{"type":"Feature","geometry":{"type":"Point","coordinates":[10.5200904,52.2666667]},"properties":{"hgv":"destination"}},{"type":"Feature","geometry":{"type":"Point","coordinates":[10.5411177,52.0079157]},"properties":{"maxheight":"4"}},{"type":"Feature","geometry":{"type":"Point","coordinates":[10.5047952,52.265795]},"properties":{"hgv":"destination"}},{"type":"Feature","geometry":{"type":"Point","coordinates":[10.5273328,52.2806099]},"properties":{"maxheight":"3.4"}},{"type":"Feature","geometry":{"type":"Point","coordinates":[10.5255942,52.2651765]},"properties":{"hgv":"destination"}},{"type":"Feature","geometry":{"type":"Point","coordinates":[10.9878017,52.4302621]},"properties":{"hgv":"private"}},{"type":"Feature","geometry":{"type":"Point","coordinates":[10.9872014,52.4299982]},"properties":{"hgv":"private"}},{"type":"Feature","geometry":{"type":"Point","coordinates":[10.6088235,52.2469635]},"properties":{"maxheight":"default"}},{"type":"Feature","geometry":{"type":"Point","coordinates":[10.611288,52.2472528]},"properties":{"maxheight":"default"}},{"type":"Feature","geometry":{"type":"Point","coordinates":[10.1760686,52.0899419]},"properties":{"maxheight":"default"}},{"type":"Feature","geometry":{"type":"Point","coordinates":[10.0978334,52.1207852]},"properties":{"maxheight":"default"}},{"type":"Feature","geometry":{"type":"Point","coordinates":[10.0888139,52.1207654]},"properties":{"maxheight":"default"}},{"type":"Feature","geometry":{"type":"Point","coordinates":[10.5504463,52.2775612]},"properties":{"maxheight":"4.2"}},{"type":"Feature","geometry":{"type":"Point","coordinates":[10.550788,52.2774191]},"properties":{"maxheight":"4.2"}},{"type":"Feature","geometry":{"type":"Point","coordinates":[10.6612378,52.6364117]},"properties":{"hgv":"agricultural;forestry"}},{"type":"Feature","geometry":{"type":"Point","coordinates":[10.663994,52.6353498]},"properties":{"hgv":"agricultural;forestry"}},{"type":"Feature","geometry":{"type":"Point","coordinates":[10.5082162,52.2614829]},"properties":{"hgv":"destination"}},{"type":"Feature","geometry":{"type":"Point","coordinates":[10.7288496,52.8734061]},"properties":{"maxweight":"3.5"}},{"type":"Feature","geometry":{"type":"Point","coordinates":[10.5193252,52.2663845]},"properties":{"maxheight":"4.2"}},{"type":"Feature","geometry":{"type":"Point","coordinates":[10.5196206,52.2659682]},"properties":{"maxheight":"3.6"}},{"type":"Feature","geometry":{"type":"Point","coordinates":[10.7298385,52.3695228]},"properties":{"maxheight":"8"}},{"type":"Feature","geometry":{"type":"Point","coordinates":[10.1626641,52.0037897]},"properties":{"maxlength":"10"}},{"type":"Feature","geometry":{"type":"Point","coordinates":[10.5242842,52.4933899]},"properties":{"maxheight":"default"}},{"type":"Feature","geometry":{"type":"Point","coordinates":[10.528232,52.4946479]},"properties":{"maxheight":"default"}},{"type":"Feature","geometry":{"type":"Point","coordinates":[10.5236757,52.2614947]},"properties":{"hgv":"destination"}},{"type":"Feature","geometry":{"type":"Point","coordinates":[10.174902,52.0905967]},"properties":{"maxheight":"default"}},{"type":"Feature","geometry":{"type":"Point","coordinates":[10.1726698,52.0917768]},"properties":{"maxheight":"default"}},{"type":"Feature","geometry":{"type":"Point","coordinates":[10.4596325,52.328211]},"properties":{"maxheight":"default"}},{"type":"Feature","geometry":{"type":"Point","coordinates":[10.5974792,52.3108563]},"properties":{"maxheight":"default"}},{"type":"Feature","geometry":{"type":"Point","coordinates":[10.6680304,52.8128553]},"properties":{"maxweight":"3.5"}},{"type":"Feature","geometry":{"type":"Point","coordinates":[10.6676697,52.8131962]},"properties":{"maxweight":"3.5"}},{"type":"Feature","geometry":{"type":"Point","coordinates":[10.6691694,52.8123224]},"properties":{"maxweight":"3.5"}},{"type":"Feature","geometry":{"type":"Point","coordinates":[10.5398278,52.2715486]},"properties":{"maxheight":"below_default"}},{"type":"Feature","geometry":{"type":"Point","coordinates":[10.5398781,52.2715674]},"properties":{"maxheight":"below_default"}},{"type":"Feature","geometry":{"type":"Point","coordinates":[10.5228944,52.2686094]},"properties":{"hgv":"destination"}},{"type":"Feature","geometry":{"type":"Point","coordinates":[10.5225923,52.2678562]},"properties":{"hgv":"destination"}},{"type":"Feature","geometry":{"type":"Point","coordinates":[10.1619783,52.2018023]},"properties":{"hgv":"no"}},{"type":"Feature","geometry":{"type":"Point","coordinates":[10.1622676,52.2020453]},"properties":{"hgv":"no"}},{"type":"Feature","geometry":{"type":"Point","coordinates":[10.5399938,52.2585549]},"properties":{"maxheight":"2"}},{"type":"Feature","geometry":{"type":"Point","coordinates":[10.5430158,52.2520197]},"properties":{"maxheight":"2.5"}},{"type":"Feature","geometry":{"type":"Point","coordinates":[10.5040862,52.2578978]},"properties":{"hgv":"destination"}},{"type":"Feature","geometry":{"type":"Point","coordinates":[10.6800057,52.6659215]},"properties":{"maxlength":"8"}},{"type":"Feature","geometry":{"type":"Point","coordinates":[10.5084414,52.2613943]},"properties":{"hgv":"destination"}},{"type":"Feature","geometry":{"type":"Point","coordinates":[10.5055138,52.260999]},"properties":{"hgv":"destination"}},{"type":"Feature","geometry":{"type":"Point","coordinates":[10.191875,52.4687906]},"properties":{"hgv":"no"}},{"type":"Feature","geometry":{"type":"Point","coordinates":[10.5508068,52.2647274]},"properties":{"maxheight":"3.8"}},{"type":"Feature","geometry":{"type":"Point","coordinates":[10.5483985,52.2645436]},"properties":{"maxheight":"2"}},{"type":"Feature","geometry":{"type":"Point","coordinates":[10.5368316,52.2696154]},"properties":{"maxheight":"below_default"}},{"type":"Feature","geometry":{"type":"Point","coordinates":[10.5041884,52.2579295]},"properties":{"hgv":"destination"}},{"type":"Feature","geometry":{"type":"Point","coordinates":[10.5166569,52.2745028]},"properties":{"hgv":"destination"}},{"type":"Feature","geometry":{"type":"Point","coordinates":[10.5223295,52.2721188]},"properties":{"hgv":"destination","maxweight":"12"}},{"type":"Feature","geometry":{"type":"Point","coordinates":[10.5192177,52.2749722]},"properties":{"hgv":"destination"}},{"type":"Feature","geometry":{"type":"Point","coordinates":[10.5423318,52.0140984]},"properties":{"maxweight":"5.5"}},{"type":"Feature","geometry":{"type":"Point","coordinates":[10.5023282,52.2621943]},"properties":{"hgv":"destination"}},{"type":"Feature","geometry":{"type":"Point","coordinates":[10.5046853,52.2629698]},"properties":{"hgv":"destination"}},{"type":"Feature","geometry":{"type":"Point","coordinates":[10.5048875,52.2660877]},"properties":{"hgv":"destination"}},{"type":"Feature","geometry":{"type":"Point","coordinates":[10.5046796,52.2663783]},"properties":{"hgv":"destination"}},{"type":"Feature","geometry":{"type":"Point","coordinates":[10.5047708,52.2664579]},"properties":{"hgv":"destination"}},{"type":"Feature","geometry":{"type":"Point","coordinates":[10.5018311,52.2660998]},"properties":{"hgv":"destination"}},{"type":"Feature","geometry":{"type":"Point","coordinates":[10.5027432,52.266363]},"properties":{"hgv":"destination"}},{"type":"Feature","geometry":{"type":"Point","coordinates":[10.5015729,52.2660874]},"properties":{"hgv":"destination"}},{"type":"Feature","geometry":{"type":"Point","coordinates":[10.5017545,52.2640753]},"properties":{"hgv":"destination"}},{"type":"Feature","geometry":{"type":"Point","coordinates":[10.5026844,52.2614847]},"properties":{"hgv":"destination"}},{"type":"Feature","geometry":{"type":"Point","coordinates":[10.5379117,52.2631754]},"properties":{"maxheight":"below_default"}},{"type":"Feature","geometry":{"type":"Point","coordinates":[10.9999128,52.4340219]},"properties":{"hgv":"no"}},{"type":"Feature","geometry":{"type":"Point","coordinates":[10.9883021,52.429026]},"properties":{"hgv":"delivery"}},{"type":"Feature","geometry":{"type":"Point","coordinates":[10.9885914,52.4290496]},"properties":{"hgv":"delivery"}},{"type":"Feature","geometry":{"type":"Point","coordinates":[10.9846537,52.4257632]},"properties":{"hgv":"no"}},{"type":"Feature","geometry":{"type":"Point","coordinates":[10.9724423,52.8660704]},"properties":{"maxweight":"2.8"}},{"type":"Feature","geometry":{"type":"Point","coordinates":[10.9748704,52.8660732]},"properties":{"maxweight":"2.8"}},{"type":"Feature","geometry":{"type":"Point","coordinates":[10.9734991,52.8630747]},"properties":{"maxweight":"2.8"}},{"type":"Feature","geometry":{"type":"Point","coordinates":[10.9820682,52.8698858]},"properties":{"maxweight":"16"}},{"type":"Feature","geometry":{"type":"Point","coordinates":[10.9823168,52.8699205]},"properties":{"maxweight":"16"}},{"type":"Feature","geometry":{"type":"Point","coordinates":[10.5116787,52.2611157]},"properties":{"hgv":"destination"}},{"type":"Feature","geometry":{"type":"Point","coordinates":[10.5003961,52.2618521]},"properties":{"maxheight":"3.5"}},{"type":"Feature","geometry":{"type":"Point","coordinates":[10.9689159,52.8684598]},"properties":{"maxweight":"2.8"}},{"type":"Feature","geometry":{"type":"Point","coordinates":[10.7437308,52.435437]},"properties":{"maxheight":"2"}},{"type":"Feature","geometry":{"type":"Point","coordinates":[10.5074157,52.2643097]},"properties":{"hgv":"destination"}},{"type":"Feature","geometry":{"type":"Point","coordinates":[10.5074701,52.2644816]},"properties":{"hgv":"destination"}},{"type":"Feature","geometry":{"type":"Point","coordinates":[10.5055838,52.2644851]},"properties":{"hgv":"destination"}},{"type":"Feature","geometry":{"type":"Point","coordinates":[10.5052987,52.2648738]},"properties":{"hgv":"destination"}},{"type":"Feature","geometry":{"type":"Point","coordinates":[10.504787,52.2652122]},"properties":{"maxheight":"below_default"}},{"type":"Feature","geometry":{"type":"Point","coordinates":[10.504845,52.2659345]},"properties":{"hgv":"destination"}},{"type":"Feature","geometry":{"type":"Point","coordinates":[10.5048746,52.2660175]},"properties":{"hgv":"destination"}},{"type":"Feature","geometry":{"type":"Point","coordinates":[10.5080455,52.2634488]},"properties":{"hgv":"destination"}},{"type":"Feature","geometry":{"type":"Point","coordinates":[10.507312,52.2652199]},"properties":{"maxheight":"2.5"}},{"type":"Feature","geometry":{"type":"Point","coordinates":[10.505444,52.2665398]},"properties":{"hgv":"destination"}},{"type":"Feature","geometry":{"type":"Point","coordinates":[10.5072436,52.2696275]},"properties":{"hgv":"destination"}},{"type":"Feature","geometry":{"type":"Point","coordinates":[10.5061354,52.2705321]},"properties":{"hgv":"destination"}},{"type":"Feature","geometry":{"type":"Point","coordinates":[10.5035956,52.2695277]},"properties":{"hgv":"destination"}},{"type":"Feature","geometry":{"type":"Point","coordinates":[10.5006854,52.2669674]},"properties":{"hgv":"destination"}},{"type":"Feature","geometry":{"type":"Point","coordinates":[10.5044138,52.2674377]},"properties":{"hgv":"destination"}},{"type":"Feature","geometry":{"type":"Point","coordinates":[10.5052839,52.2654016]},"properties":{"maxheight":"below_default"}},{"type":"Feature","geometry":{"type":"Point","coordinates":[10.5061489,52.2658686]},"properties":{"maxheight":"below_default"}},{"type":"Feature","geometry":{"type":"Point","coordinates":[10.5095663,52.2715067]},"properties":{"hgv":"destination"}},{"type":"Feature","geometry":{"type":"Point","coordinates":[10.519554,52.139883]},"properties":{"hgv":"no"}},{"type":"Feature","geometry":{"type":"Point","coordinates":[10.5168943,52.1395071]},"properties":{"hgv":"no"}},{"type":"Feature","geometry":{"type":"Point","coordinates":[10.4985936,52.2825547]},"properties":{"maxheight":"default"}},{"type":"Feature","geometry":{"type":"Point","coordinates":[10.4993341,52.1688559]},"properties":{"maxheight":"default"}},{"type":"Feature","geometry":{"type":"Point","coordinates":[10.5385603,52.0284099]},"properties":{"maxheight":"default"}},{"type":"Feature","geometry":{"type":"Point","coordinates":[10.2333184,52.3158219]},"properties":{"maxweight":"7.5 t"}},{"type":"Feature","geometry":{"type":"Point","coordinates":[10.7896031,52.4285513]},"properties":{"maxheight":"0.4"}},{"type":"Feature","geometry":{"type":"Point","coordinates":[10.3504463,52.0238855]},"properties":{"maxweight":"7.5"}},{"type":"Feature","geometry":{"type":"Point","coordinates":[10.1128229,52.3529215]},"properties":{"hgv":"destination"}},{"type":"Feature","geometry":{"type":"Point","coordinates":[10.5577349,52.1531295]},"properties":{"hgv":"destination"}},{"type":"Feature","geometry":{"type":"Point","coordinates":[10.5572878,52.1529953]},"properties":{"hgv":"destination"}},{"type":"Feature","geometry":{"type":"Point","coordinates":[10.0480374,52.6309011]},"properties":{"hgv":"destination"}},{"type":"Feature","geometry":{"type":"Point","coordinates":[10.4913615,52.2788559]},"properties":{"maxheight":"4.5"}},{"type":"Feature","geometry":{"type":"Point","coordinates":[10.5486782,52.2618023]},"properties":{"maxheight":"3"}},{"type":"Feature","geometry":{"type":"Point","coordinates":[10.215369,52.3248193]},"properties":{"hgv":"no"}},{"type":"Feature","geometry":{"type":"Point","coordinates":[10.2153126,52.3247502]},"properties":{"hgv":"no"}},{"type":"Feature","geometry":{"type":"Point","coordinates":[10.2156889,52.3250556]},"properties":{"hgv":"no"}},{"type":"Feature","geometry":{"type":"Point","coordinates":[10.9621812,52.885755]},"properties":{"maxweight":"2.8"}},{"type":"Feature","geometry":{"type":"Point","coordinates":[10.2232455,52.3286548]},"properties":{"hgv":"no"}},{"type":"Feature","geometry":{"type":"Point","coordinates":[10.2231171,52.3300744]},"properties":{"hgv":"no"}},{"type":"Feature","geometry":{"type":"Point","coordinates":[10.2229352,52.3313014]},"properties":{"hgv":"no"}},{"type":"Feature","geometry":{"type":"Point","coordinates":[10.5151617,52.2742484]},"properties":{"hgv":"destination"}},{"type":"Feature","geometry":{"type":"Point","coordinates":[10.5026405,52.2614769]},"properties":{"hgv":"destination"}},{"type":"Feature","geometry":{"type":"Point","coordinates":[10.1184769,52.6236726]},"properties":{"hgv":"no"}},{"type":"Feature","geometry":{"type":"Point","coordinates":[10.7322728,52.4237265]},"properties":{"hgv":"forestry","goods":"no"}},{"type":"Feature","geometry":{"type":"Point","coordinates":[10.6377469,52.2145001]},"properties":{"hgv":"delivery"}},{"type":"Feature","geometry":{"type":"Point","coordinates":[10.1608068,52.0889314]},"properties":{"hgv":"delivery"}},{"type":"Feature","geometry":{"type":"Point","coordinates":[10.5221179,52.2668627]},"properties":{"hgv":"destination"}},{"type":"Feature","geometry":{"type":"Point","coordinates":[10.5221834,52.2668404]},"properties":{"hgv":"destination"}},{"type":"Feature","geometry":{"type":"Point","coordinates":[10.2297223,52.1903005]},"properties":{"maxweight":"3.5"}},{"type":"Feature","geometry":{"type":"Point","coordinates":[10.5349386,52.2705498]},"properties":{"hgv":"destination"}},{"type":"Feature","geometry":{"type":"Point","coordinates":[10.7774622,52.3510014]},"properties":{"hgv":"destination"}},{"type":"Feature","geometry":{"type":"Point","coordinates":[10.9330611,52.5989959]},"properties":{"hgv":"delivery","maxlength":"10"}},{"type":"Feature","geometry":{"type":"Point","coordinates":[10.9467666,52.6061633]},"properties":{"maxlength":"10"}},{"type":"Feature","geometry":{"type":"Point","coordinates":[10.163342,52.535693]},"properties":{"hgv":"destination"}},{"type":"Feature","geometry":{"type":"Point","coordinates":[10.0727827,52.6045855]},"properties":{"hgv":"destination"}},{"type":"Feature","geometry":{"type":"Point","coordinates":[10.0847061,52.6075209]},"properties":{"maxweight":"12"}},{"type":"Feature","geometry":{"type":"Point","coordinates":[10.0591989,52.5982861]},"properties":{"hgv":"destination"}},{"type":"Feature","geometry":{"type":"Point","coordinates":[10.0583197,52.5980179]},"properties":{"hgv":"destination"}},{"type":"Feature","geometry":{"type":"Point","coordinates":[10.5568378,52.2536385]},"properties":{"maxheight":"2.5"}},{"type":"Feature","geometry":{"type":"Point","coordinates":[10.1213366,52.631029]},"properties":{"maxweight":"12"}},{"type":"Feature","geometry":{"type":"Point","coordinates":[10.5421523,52.9235188]},"properties":{"maxweight":"3.5"}},{"type":"Feature","geometry":{"type":"Point","coordinates":[10.5556597,52.1608867]},"properties":{"hgv":"destination"}},{"type":"Feature","geometry":{"type":"Point","coordinates":[10.37413,52.2699576]},"properties":{"maxweight":"3.5"}},{"type":"Feature","geometry":{"type":"Point","coordinates":[10.2335967,52.3221164]},"properties":{"maxweight":"1.6"}},{"type":"Feature","geometry":{"type":"Point","coordinates":[10.4964549,52.4571426]},"properties":{"maxheight":"4"}},{"type":"Feature","geometry":{"type":"Point","coordinates":[10.6985977,52.9027152]},"properties":{"hgv":"agricultural","maxweight":"3.5"}},{"type":"Feature","geometry":{"type":"Point","coordinates":[10.510421,52.2204115]},"properties":{"maxweight":"7.5"}},{"type":"Feature","geometry":{"type":"Point","coordinates":[10.5112682,52.2206937]},"properties":{"maxweight":"7.5"}},{"type":"Feature","geometry":{"type":"Point","coordinates":[10.5039305,52.2747283]},"properties":{"maxheight":"3.7"}},{"type":"Feature","geometry":{"type":"Point","coordinates":[10.0809479,52.6320434]},"properties":{"hgv":"destination"}},{"type":"Feature","geometry":{"type":"Point","coordinates":[10.7154146,52.7075469]},"properties":{"maxheight":"3","maxweight":"3.5"}},{"type":"Feature","geometry":{"type":"Point","coordinates":[10.7035697,52.7286869]},"properties":{"maxheight":"3","maxweight":"3.5"}},{"type":"Feature","geometry":{"type":"Point","coordinates":[10.5674304,52.2536077]},"properties":{"maxlength":"12"}},{"type":"Feature","geometry":{"type":"Point","coordinates":[10.5158505,52.2677021]},"properties":{"hgv":"destination"}},{"type":"Feature","geometry":{"type":"Point","coordinates":[10.5315093,52.2511388]},"properties":{"maxheight":"4.1"}},{"type":"Feature","geometry":{"type":"Point","coordinates":[10.5171665,52.2611523]},"properties":{"hgv":"destination"}},{"type":"Feature","geometry":{"type":"Point","coordinates":[10.5183606,52.2613569]},"properties":{"hgv":"destination"}},{"type":"Feature","geometry":{"type":"Point","coordinates":[10.1910968,52.057691]},"properties":{"hgv":"yes"}},{"type":"Feature","geometry":{"type":"Point","coordinates":[10.1907553,52.0584555]},"properties":{"hgv":"yes"}},{"type":"Feature","geometry":{"type":"Point","coordinates":[10.1932057,52.0593277]},"properties":{"hgv":"designated"}},{"type":"Feature","geometry":{"type":"Point","coordinates":[10.1925662,52.0585463]},"properties":{"hgv":"designated"}},{"type":"Feature","geometry":{"type":"Point","coordinates":[10.1923488,52.0584429]},"properties":{"hgv":"designated"}},{"type":"Feature","geometry":{"type":"Point","coordinates":[10.7000621,52.9041175]},"properties":{"hgv":"agricultural","maxweight":"3.5"}},{"type":"Feature","geometry":{"type":"Point","coordinates":[10.6417414,52.9347945]},"properties":{"maxweight":"3.5"}},{"type":"Feature","geometry":{"type":"Point","coordinates":[10.7000367,52.8221094]},"properties":{"maxweight":"3.5"}},{"type":"Feature","geometry":{"type":"Point","coordinates":[10.6280141,52.5092349]},"properties":{"maxweight":"7.5"}},{"type":"Feature","geometry":{"type":"Point","coordinates":[10.7466982,52.9879631]},"properties":{"hgv":"destination","maxweight":"3.5"}},{"type":"Feature","geometry":{"type":"Point","coordinates":[10.8428782,52.3064389]},"properties":{"hgv":"designated"}},{"type":"Feature","geometry":{"type":"Point","coordinates":[10.8441362,52.3060482]},"properties":{"hgv":"designated"}},{"type":"Feature","geometry":{"type":"Point","coordinates":[10.5727808,52.265535]},"properties":{"maxweight":"12"}},{"type":"Feature","geometry":{"type":"Point","coordinates":[10.5716025,52.2650859]},"properties":{"maxweight":"12"}},{"type":"Feature","geometry":{"type":"Point","coordinates":[10.7012489,52.3073935]},"properties":{"hgv":"designated"}},{"type":"Feature","geometry":{"type":"Point","coordinates":[10.16595,52.3603097]},"properties":{"hgv":"designated"}},{"type":"Feature","geometry":{"type":"Point","coordinates":[10.1568644,52.3597361]},"properties":{"hgv":"designated"}},{"type":"Feature","geometry":{"type":"Point","coordinates":[10.1545067,52.3599613]},"properties":{"hgv":"designated"}},{"type":"Feature","geometry":{"type":"Point","coordinates":[10.5473968,52.241143]},"properties":{"hgv":"destination"}},{"type":"Feature","geometry":{"type":"Point","coordinates":[10.9601968,52.7606153]},"properties":{"hgv":"agricultural;forestry"}},{"type":"Feature","geometry":{"type":"Point","coordinates":[10.9881765,52.768688]},"properties":{"hgv":"agricultural;forestry"}},{"type":"Feature","geometry":{"type":"Point","coordinates":[10.9093191,52.6899066]},"properties":{"hgv":"destination"}},{"type":"Feature","geometry":{"type":"Point","coordinates":[10.9170105,52.72053]},"properties":{"maxweight":"7.5"}},{"type":"Feature","geometry":{"type":"Point","coordinates":[10.9169912,52.7194226]},"properties":{"maxweight":"7.5"}},{"type":"Feature","geometry":{"type":"Point","coordinates":[10.9169837,52.7187713]},"properties":{"maxweight":"7.5"}},{"type":"Feature","geometry":{"type":"Point","coordinates":[10.9595832,52.6906829]},"properties":{"maxweight":"2.5"}},{"type":"Feature","geometry":{"type":"Point","coordinates":[10.9675044,52.5900099]},"properties":{"hgv":"agricultural;destination"}},{"type":"Feature","geometry":{"type":"Point","coordinates":[10.9640584,52.5867875]},"properties":{"maxweight":"7.5"}},{"type":"Feature","geometry":{"type":"Point","coordinates":[10.9582389,52.5844942]},"properties":{"maxweight":"7.5"}},{"type":"Feature","geometry":{"type":"Point","coordinates":[10.9495361,52.6372248]},"properties":{"hgv":"no"}},{"type":"Feature","geometry":{"type":"Point","coordinates":[10.9052971,52.6427037]},"properties":{"hgv":"destination"}},{"type":"Feature","geometry":{"type":"Point","coordinates":[10.9144557,52.7298584]},"properties":{"maxweight":"7.5"}},{"type":"Feature","geometry":{"type":"Point","coordinates":[10.9188445,52.7437168]},"properties":{"maxweight":"7.5"}},{"type":"Feature","geometry":{"type":"Point","coordinates":[10.9152621,52.7985149]},"properties":{"hgv":"agricultural;destination"}},{"type":"Feature","geometry":{"type":"Point","coordinates":[10.4946167,52.3097003]},"properties":{"maxlength":"12"}},{"type":"Feature","geometry":{"type":"Point","coordinates":[10.5190309,52.3005241]},"properties":{"hgv":"destination","goods":"destination"}},{"type":"Feature","geometry":{"type":"Point","coordinates":[10.5178099,52.2976947]},"properties":{"hgv":"destination"}},{"type":"Feature","geometry":{"type":"Point","coordinates":[10.5178595,52.2976136]},"properties":{"hgv":"destination"}},{"type":"Feature","geometry":{"type":"Point","coordinates":[10.523775,52.2726071]},"properties":{"hgv":"destination"}},{"type":"Feature","geometry":{"type":"Point","coordinates":[10.9027907,52.8199165]},"properties":{"hgv":"destination"}},{"type":"Feature","geometry":{"type":"Point","coordinates":[10.917857,52.8464568]},"properties":{"maxweight":"5.5"}},{"type":"Feature","geometry":{"type":"Point","coordinates":[10.968372,52.8192939]},"properties":{"hgv":"no"}},{"type":"Feature","geometry":{"type":"Point","coordinates":[10.9486639,52.8104943]},"properties":{"hgv":"destination","maxweight":"5"}},{"type":"Feature","geometry":{"type":"Point","coordinates":[10.9517486,52.8069601]},"properties":{"hgv":"destination","maxweight":"5"}},{"type":"Feature","geometry":{"type":"Point","coordinates":[10.9711694,52.8175022]},"properties":{"maxweight":"5"}},{"type":"Feature","geometry":{"type":"Point","coordinates":[10.9708768,52.8174488]},"properties":{"maxweight":"5"}},{"type":"Feature","geometry":{"type":"Point","coordinates":[10.9697581,52.8172347]},"properties":{"maxweight":"5"}},{"type":"Feature","geometry":{"type":"Point","coordinates":[10.9714148,52.8175471]},"properties":{"maxweight":"5"}},{"type":"Feature","geometry":{"type":"Point","coordinates":[10.9663241,52.840773]},"properties":{"hgv":"destination","maxweight":"7.5"}},{"type":"Feature","geometry":{"type":"Point","coordinates":[10.883977,52.8507991]},"properties":{"maxweight":"7.5"}},{"type":"Feature","geometry":{"type":"Point","coordinates":[10.52214,52.2667328]},"properties":{"hgv":"destination"}},{"type":"Feature","geometry":{"type":"Point","coordinates":[10.5221975,52.266823]},"properties":{"hgv":"destination"}},{"type":"Feature","geometry":{"type":"Point","coordinates":[10.9137123,52.7330527]},"properties":{"maxweight":"7.5"}},{"type":"Feature","geometry":{"type":"Point","coordinates":[10.9096124,52.7239552]},"properties":{"maxweight":"7.5"}},{"type":"Feature","geometry":{"type":"Point","coordinates":[10.9077354,52.7212237]},"properties":{"maxweight":"7.5"}},{"type":"Feature","geometry":{"type":"Point","coordinates":[10.8495206,52.7680212]},"properties":{"hgv":"agricultural;delivery"}},{"type":"Feature","geometry":{"type":"Point","coordinates":[10.8534792,52.7681715]},"properties":{"hgv":"destination;delivery"}},{"type":"Feature","geometry":{"type":"Point","coordinates":[10.8535431,52.7682185]},"properties":{"hgv":"agricultural;delivery"}},{"type":"Feature","geometry":{"type":"Point","coordinates":[10.8706847,52.7527567]},"properties":{"hgv":"delivery"}},{"type":"Feature","geometry":{"type":"Point","coordinates":[10.9308694,52.7533897]},"properties":{"hgv":"agricultural"}},{"type":"Feature","geometry":{"type":"Point","coordinates":[10.3142487,52.303152]},"properties":{"hgv":"destination"}},{"type":"Feature","geometry":{"type":"Point","coordinates":[10.5249411,52.2700944]},"properties":{"maxheight":"3.2"}},{"type":"Feature","geometry":{"type":"Point","coordinates":[10.7197385,52.8574532]},"properties":{"maxweight":"3.5"}},{"type":"Feature","geometry":{"type":"Point","coordinates":[10.5244211,52.9887329]},"properties":{"hgv":"no","goods":"no"}},{"type":"Feature","geometry":{"type":"Point","coordinates":[10.0055829,52.4553394]},"properties":{"maxheight":"3.9"}},{"type":"Feature","geometry":{"type":"Point","coordinates":[10.3618341,52.3389171]},"properties":{"hgv":"no"}},{"type":"Feature","geometry":{"type":"Point","coordinates":[10.6651951,52.7254931]},"properties":{"maxweight":"3.5"}},{"type":"Feature","geometry":{"type":"Point","coordinates":[10.5224842,52.2655848]},"properties":{"maxheight":"1.90","maxweight":"2.5"}},{"type":"Feature","geometry":{"type":"Point","coordinates":[10.5518219,52.2774159]},"properties":{"maxheight":"4.2"}},{"type":"Feature","geometry":{"type":"Point","coordinates":[10.5516387,52.2774073]},"properties":{"maxheight":"4.2"}},{"type":"Feature","geometry":{"type":"Point","coordinates":[10.746862,52.428924]},"properties":{"hgv":"destination"}},{"type":"Feature","geometry":{"type":"Point","coordinates":[10.2051446,52.4699658]},"properties":{"hgv":"no"}},{"type":"Feature","geometry":{"type":"Point","coordinates":[10.0523163,52.4859497]},"properties":{"hgv":"agricultural"}},{"type":"Feature","geometry":{"type":"Point","coordinates":[10.1636559,52.4326505]},"properties":{"hgv":"agricultural","maxweight":"7.5"}},{"type":"Feature","geometry":{"type":"Point","coordinates":[10.5183202,52.3046541]},"properties":{"hgv":"destination","goods":"destination"}},{"type":"Feature","geometry":{"type":"Point","coordinates":[10.6282065,52.5093589]},"properties":{"maxweight":"7.5"}},{"type":"Feature","geometry":{"type":"Point","coordinates":[10.6282065,52.5093589]},"properties":{"maxweight":"7.5"}},{"type":"Feature","geometry":{"type":"Point","coordinates":[10.2033683,52.465493]},"properties":{"hgv":"delivery"}},{"type":"Feature","geometry":{"type":"Point","coordinates":[10.5169669,52.2675519]},"properties":{"hgv":"destination"}},{"type":"Feature","geometry":{"type":"Point","coordinates":[10.5168319,52.2674958]},"properties":{"hgv":"destination"}},{"type":"Feature","geometry":{"type":"Point","coordinates":[10.5189936,52.2677212]},"properties":{"hgv":"destination"}},{"type":"Feature","geometry":{"type":"Point","coordinates":[10.0812813,52.6306417]},"properties":{"hgv":"destination"}},{"type":"Feature","geometry":{"type":"Point","coordinates":[10.6690388,52.0333526]},"properties":{"maxweight":"7.5"}},{"type":"Feature","geometry":{"type":"Point","coordinates":[10.7876018,52.0200893]},"properties":{"maxweight":"7.5"}},{"type":"Feature","geometry":{"type":"Point","coordinates":[10.7833873,52.0182277]},"properties":{"maxweight":"7.5"}},{"type":"Feature","geometry":{"type":"Point","coordinates":[10.7829309,52.0134106]},"properties":{"maxweight":"7.5"}},{"type":"Feature","geometry":{"type":"Point","coordinates":[10.5167174,52.2599685]},"properties":{"maxheight":"2.5"}},{"type":"Feature","geometry":{"type":"Point","coordinates":[10.9805995,52.0922668]},"properties":{"maxweight":"3.5"}},{"type":"Feature","geometry":{"type":"Point","coordinates":[10.9823989,52.0920383]},"properties":{"maxweight":"3.5"}},{"type":"Feature","geometry":{"type":"Point","coordinates":[10.987603,52.0915437]},"properties":{"maxweight":"3.5"}},{"type":"Feature","geometry":{"type":"Point","coordinates":[10.521292,52.2666817]},"properties":{"maxheight":"3.4"}},{"type":"Feature","geometry":{"type":"Point","coordinates":[10.1822022,52.2634292]},"properties":{"hgv":"destination"}},{"type":"Feature","geometry":{"type":"Point","coordinates":[10.1666836,52.2540368]},"properties":{"hgv":"no"}},{"type":"Feature","geometry":{"type":"Point","coordinates":[10.4948282,52.2599912]},"properties":{"hgv":"destination"}},{"type":"Feature","geometry":{"type":"Point","coordinates":[10.5232969,52.2629065]},"properties":{"maxheight":"4"}},{"type":"Feature","geometry":{"type":"Point","coordinates":[10.5236335,52.2630446]},"properties":{"maxheight":"4"}},{"type":"Feature","geometry":{"type":"Point","coordinates":[10.6359775,52.0041201]},"properties":{"maxweight":"6"}},{"type":"Feature","geometry":{"type":"Point","coordinates":[10.9564228,52.0308344]},"properties":{"hgv":"no"}},{"type":"Feature","geometry":{"type":"Point","coordinates":[10.070423,52.6002272]},"properties":{"hgv":"destination"}},{"type":"Feature","geometry":{"type":"Point","coordinates":[10.6611153,52.4211687]},"properties":{"maxwidth":"12","maxlength":"223"}},{"type":"Feature","geometry":{"type":"Point","coordinates":[10.6422161,52.8779471]},"properties":{"maxheight":"5.79","maxwidth":"42"}},{"type":"Feature","geometry":{"type":"Point","coordinates":[10.6113338,52.4141868]},"properties":{"maxheight":"5.78","maxwidth":"42"}},{"type":"Feature","geometry":{"type":"Point","coordinates":[10.5092686,52.2613382]},"properties":{"hgv":"destination"}},{"type":"Feature","geometry":{"type":"Point","coordinates":[10.6679376,52.4776732]},"properties":{"maxheight":"5.85","maxwidth":"42"}},{"type":"Feature","geometry":{"type":"Point","coordinates":[10.4997997,52.2712243]},"properties":{"maxweight":"25"}},{"type":"Feature","geometry":{"type":"Point","coordinates":[10.4997997,52.2712243]},"properties":{"maxweight":"25"}},{"type":"Feature","geometry":{"type":"Point","coordinates":[10.7075061,52.3635382]},"properties":{"maxheight":"3.5"}},{"type":"Feature","geometry":{"type":"Point","coordinates":[10.707524,52.3636845]},"properties":{"maxheight":"3.5"}},{"type":"Feature","geometry":{"type":"Point","coordinates":[10.6281443,52.5092561]},"properties":{"maxweight":"7.5"}},{"type":"Feature","geometry":{"type":"Point","coordinates":[10.2242693,52.0905486]},"properties":{"maxheight":"4.3"}},{"type":"Feature","geometry":{"type":"Point","coordinates":[10.5210844,52.1497304]},"properties":{"maxweight":"7.5"}},{"type":"Feature","geometry":{"type":"Point","coordinates":[10.1739164,52.4043339]},"properties":{"hgv":"delivery"}},{"type":"Feature","geometry":{"type":"Point","coordinates":[10.7632383,52.4269982]},"properties":{"maxweight":"12"}},{"type":"Feature","geometry":{"type":"Point","coordinates":[10.7486628,52.4248922]},"properties":{"maxweight":"7.5"}},{"type":"Feature","geometry":{"type":"Point","coordinates":[10.7480097,52.4368358]},"properties":{"maxheight":"2"}},{"type":"Feature","geometry":{"type":"Point","coordinates":[10.7477909,52.4368133]},"properties":{"maxheight":"2"}},{"type":"Feature","geometry":{"type":"Point","coordinates":[10.9389428,52.8613125]},"properties":{"hgv":"agricultural","maxweight":"12"}},{"type":"Feature","geometry":{"type":"Point","coordinates":[10.9351087,52.8613404]},"properties":{"hgv":"agricultural","maxweight":"12"}},{"type":"Feature","geometry":{"type":"Point","coordinates":[10.00383,52.0332304]},"properties":{"hgv":"no"}},{"type":"Feature","geometry":{"type":"Point","coordinates":[10.5068837,52.2678466]},"properties":{"hgv":"destination"}},{"type":"Feature","geometry":{"type":"Point","coordinates":[10.5083562,52.2677183]},"properties":{"hgv":"destination"}},{"type":"Feature","geometry":{"type":"Point","coordinates":[10.509013,52.2675708]},"properties":{"hgv":"destination"}},{"type":"Feature","geometry":{"type":"Point","coordinates":[10.5105234,52.2683737]},"properties":{"hgv":"destination"}},{"type":"Feature","geometry":{"type":"Point","coordinates":[10.5108738,52.2686301]},"properties":{"hgv":"destination"}},{"type":"Feature","geometry":{"type":"Point","coordinates":[10.5103385,52.2688155]},"properties":{"hgv":"destination"}},{"type":"Feature","geometry":{"type":"Point","coordinates":[10.5086259,52.2686848]},"properties":{"hgv":"destination"}},{"type":"Feature","geometry":{"type":"Point","coordinates":[10.504253,52.2678391]},"properties":{"hgv":"destination"}},{"type":"Feature","geometry":{"type":"Point","coordinates":[10.2511085,52.626519]},"properties":{"maxweight":"3"}},{"type":"Feature","geometry":{"type":"Point","coordinates":[10.6317559,52.2501745]},"properties":{"maxheight":"3.2"}},{"type":"Feature","geometry":{"type":"Point","coordinates":[10.6322382,52.2503915]},"properties":{"maxheight":"3.2"}},{"type":"Feature","geometry":{"type":"Point","coordinates":[10.3548375,52.0351471]},"properties":{"maxheight":"default"}},{"type":"Feature","geometry":{"type":"Point","coordinates":[10.9630347,52.8458685]},"properties":{"maxweight":"2.8"}},{"type":"Feature","geometry":{"type":"Point","coordinates":[10.9627091,52.8450791]},"properties":{"maxweight":"2.8"}},{"type":"Feature","geometry":{"type":"Point","coordinates":[10.1159585,52.6048086]},"properties":{"hgv":"destination"}},{"type":"Feature","geometry":{"type":"Point","coordinates":[10.5006635,52.2405947]},"properties":{"hgv":"no"}},{"type":"Feature","geometry":{"type":"Point","coordinates":[10.7124352,52.4164015]},"properties":{"hgv":"destination"}},{"type":"Feature","geometry":{"type":"Point","coordinates":[10.3086415,52.1735574]},"properties":{"maxweight":"3.5"}},{"type":"Feature","geometry":{"type":"Point","coordinates":[10.4130032,52.6099057]},"properties":{"hgv":"destination"}},{"type":"Feature","geometry":{"type":"Point","coordinates":[10.4148244,52.6109724]},"properties":{"hgv":"destination"}},{"type":"Feature","geometry":{"type":"Point","coordinates":[10.5403033,52.1641557]},"properties":{"maxweight":"7.5"}},{"type":"Feature","geometry":{"type":"Point","coordinates":[10.5131956,52.2634583]},"properties":{"maxheight":"3.1"}},{"type":"Feature","geometry":{"type":"Point","coordinates":[10.2993855,52.2044151]},"properties":{"maxweight":"44"}},{"type":"Feature","geometry":{"type":"Point","coordinates":[10.2994758,52.2044238]},"properties":{"maxweight":"44"}},{"type":"Feature","geometry":{"type":"Point","coordinates":[10.000028,52.386393]},"properties":{"hgv":"no"}},{"type":"Feature","geometry":{"type":"Point","coordinates":[10.5017118,52.2657836]},"properties":{"hgv":"destination"}},{"type":"Feature","geometry":{"type":"Point","coordinates":[10.5014434,52.2663955]},"properties":{"hgv":"destination"}},{"type":"Feature","geometry":{"type":"Point","coordinates":[10.0506545,52.5170362]},"properties":{"maxweight":"16"}},{"type":"Feature","geometry":{"type":"Point","coordinates":[10.5162986,52.265927]},"properties":{"maxheight":"3.6"}},{"type":"Feature","geometry":{"type":"Point","coordinates":[10.5162792,52.2657138]},"properties":{"maxheight":"3.6"}},{"type":"Feature","geometry":{"type":"Point","coordinates":[10.7628161,52.428496]},"properties":{"hgv":"no"}},{"type":"Feature","geometry":{"type":"Point","coordinates":[10.5038866,52.2685163]},"properties":{"hgv":"destination"}},{"type":"Feature","geometry":{"type":"Point","coordinates":[10.5054581,52.2688703]},"properties":{"hgv":"destination"}},{"type":"Feature","geometry":{"type":"Point","coordinates":[10.0155219,52.7943758]},"properties":{"maxweight":"5"}},{"type":"Feature","geometry":{"type":"Point","coordinates":[10.5166639,52.2260162]},"properties":{"maxweight":"7.5"}},{"type":"Feature","geometry":{"type":"Point","coordinates":[10.5482612,52.2892281]},"properties":{"maxweight":"12"}},{"type":"Feature","geometry":{"type":"Point","coordinates":[10.5406087,52.29624]},"properties":{"hgv":"destination"}},{"type":"Feature","geometry":{"type":"Point","coordinates":[10.5248887,52.2967089]},"properties":{"hgv":"no"}},{"type":"Feature","geometry":{"type":"Point","coordinates":[10.5200664,52.2978476]},"properties":{"hgv":"destination"}},{"type":"Feature","geometry":{"type":"Point","coordinates":[10.1136359,52.6025559]},"properties":{"hgv":"destination"}},{"type":"Feature","geometry":{"type":"Point","coordinates":[10.1111965,52.6002036]},"properties":{"hgv":"destination"}},{"type":"Feature","geometry":{"type":"Point","coordinates":[10.2569591,52.386391]},"properties":{"hgv":"delivery"}},{"type":"Feature","geometry":{"type":"Point","coordinates":[10.9472146,52.1368183]},"properties":{"hgv":"destination"}},{"type":"Feature","geometry":{"type":"Point","coordinates":[10.5230315,52.1517269]},"properties":{"maxweight":"7.5"}},{"type":"Feature","geometry":{"type":"Point","coordinates":[10.5153988,52.2620122]},"properties":{"maxheight":"3.3"}},{"type":"Feature","geometry":{"type":"Point","coordinates":[10.5149826,52.2619639]},"properties":{"maxheight":"3.3"}},{"type":"Feature","geometry":{"type":"Point","coordinates":[10.8256789,52.8383172]},"properties":{"maxweight":"7.5"}},{"type":"Feature","geometry":{"type":"Point","coordinates":[10.5001272,52.3182651]},"properties":{"hgv":"destination"}},{"type":"Feature","geometry":{"type":"Point","coordinates":[10.1575603,52.6366228]},"properties":{"maxweight":"12"}},{"type":"Feature","geometry":{"type":"Point","coordinates":[10.8302741,52.420894]},"properties":{"hgv":"destination"}},{"type":"Feature","geometry":{"type":"Point","coordinates":[10.8343308,52.4146346]},"properties":{"hgv":"destination"}},{"type":"Feature","geometry":{"type":"Point","coordinates":[10.1237437,52.6343651]},"properties":{"maxheight":"3"}},{"type":"Feature","geometry":{"type":"Point","coordinates":[10.1284905,52.6342338]},"properties":{"maxheight":"3"}},{"type":"Feature","geometry":{"type":"Point","coordinates":[10.7821996,52.4120494]},"properties":{"maxheight":"4"}},{"type":"Feature","geometry":{"type":"Point","coordinates":[10.5161031,52.2611483]},"properties":{"hgv":"destination"}},{"type":"Feature","geometry":{"type":"Point","coordinates":[10.7456947,52.4289719]},"properties":{"hgv":"destination"}},{"type":"Feature","geometry":{"type":"Point","coordinates":[10.5223962,52.2655499]},"properties":{"maxheight":"1.90","maxweight":"2.5"}},{"type":"Feature","geometry":{"type":"Point","coordinates":[10.5204516,52.2658251]},"properties":{"maxheight":"1.90","maxweight":"2.5"}},{"type":"Feature","geometry":{"type":"Point","coordinates":[10.524738,52.272472]},"properties":{"hgv":"destination"}},{"type":"Feature","geometry":{"type":"Point","coordinates":[10.5245601,52.2723367]},"properties":{"hgv":"destination"}},{"type":"Feature","geometry":{"type":"Point","coordinates":[10.5240711,52.2714769]},"properties":{"hgv":"destination"}},{"type":"Feature","geometry":{"type":"Point","coordinates":[10.5134782,52.2677311]},"properties":{"hgv":"destination"}},{"type":"Feature","geometry":{"type":"Point","coordinates":[10.654634,52.6453905]},"properties":{"hgv":"destination"}},{"type":"Feature","geometry":{"type":"Point","coordinates":[10.8806119,52.5921813]},"properties":{"hgv":"delivery"}},{"type":"Feature","geometry":{"type":"Point","coordinates":[10.0284395,52.8202338]},"properties":{"maxweight":"5"}},{"type":"Feature","geometry":{"type":"Point","coordinates":[10.0239468,52.8213721]},"properties":{"maxweight":"5"}},{"type":"Feature","geometry":{"type":"Point","coordinates":[10.0438104,52.8294729]},"properties":{"maxweight":"5 t"}},{"type":"Feature","geometry":{"type":"Point","coordinates":[10.6030325,52.0249428]},"properties":{"maxweight":"30 t"}},{"type":"Feature","geometry":{"type":"Point","coordinates":[10.6031939,52.0249821]},"properties":{"maxweight":"30 t"}},{"type":"Feature","geometry":{"type":"Point","coordinates":[10.6011997,52.0300788]},"properties":{"maxlength":"11"}},{"type":"Feature","geometry":{"type":"Point","coordinates":[10.8743469,52.1965576]},"properties":{"maxweight":"7.5"}},{"type":"Feature","geometry":{"type":"Point","coordinates":[10.521015,52.2784916]},"properties":{"maxheight":"0.5"}},{"type":"Feature","geometry":{"type":"Point","coordinates":[10.5152282,52.2692451]},"properties":{"hgv":"destination"}},{"type":"Feature","geometry":{"type":"Point","coordinates":[10.5206269,52.2708484]},"properties":{"hgv":"destination"}},{"type":"Feature","geometry":{"type":"Point","coordinates":[10.7025618,52.679573]},"properties":{"maxheight":"3.7"}},{"type":"Feature","geometry":{"type":"Point","coordinates":[10.7026342,52.6795539]},"properties":{"maxheight":"3.7"}},{"type":"Feature","geometry":{"type":"Point","coordinates":[10.6804448,52.6658487]},"properties":{"maxlength":"8"}},{"type":"Feature","geometry":{"type":"Point","coordinates":[10.6802285,52.6659095]},"properties":{"maxlength":"8"}},{"type":"Feature","geometry":{"type":"Point","coordinates":[10.5381867,52.1650292]},"properties":{"maxheight":"below_default"}},{"type":"Feature","geometry":{"type":"Point","coordinates":[10.0761906,52.620938]},"properties":{"hgv":"destination"}},{"type":"Feature","geometry":{"type":"Point","coordinates":[10.0808203,52.6325923]},"properties":{"hgv":"destination"}},{"type":"Feature","geometry":{"type":"Point","coordinates":[10.5855482,52.9663324]},"properties":{"maxheight":"default"}},{"type":"Feature","geometry":{"type":"Point","coordinates":[10.5865942,52.5256646]},"properties":{"hgv":"no"}},{"type":"Feature","geometry":{"type":"Point","coordinates":[10.535415,52.2787372]},"properties":{"hgv":"destination"}},{"type":"Feature","geometry":{"type":"Point","coordinates":[10.6585788,52.6445989]},"properties":{"hgv":"destination"}},{"type":"Feature","geometry":{"type":"Point","coordinates":[10.6586598,52.6446119]},"properties":{"hgv":"no"}},{"type":"Feature","geometry":{"type":"Point","coordinates":[10.5254256,52.3220816]},"properties":{"hgv":"destination"}},{"type":"Feature","geometry":{"type":"Point","coordinates":[10.5197545,52.2652553]},"properties":{"hgv":"destination"}},{"type":"Feature","geometry":{"type":"Point","coordinates":[10.5197419,52.2656194]},"properties":{"hgv":"destination"}},{"type":"Feature","geometry":{"type":"Point","coordinates":[10.5188956,52.2645753]},"properties":{"hgv":"destination"}},{"type":"Feature","geometry":{"type":"Point","coordinates":[10.5168246,52.1396348]},"properties":{"maxweight":"7.5"}},{"type":"Feature","geometry":{"type":"Point","coordinates":[10.791648,52.4429988]},"properties":{"hgv":"no"}},{"type":"Feature","geometry":{"type":"Point","coordinates":[10.7887264,52.4217261]},"properties":{"maxheight":"2"}},{"type":"Feature","geometry":{"type":"Point","coordinates":[10.7890528,52.4217318]},"properties":{"maxheight":"2"}},{"type":"Feature","geometry":{"type":"Point","coordinates":[10.7226031,52.2475408]},"properties":{"hgv":"no"}},{"type":"Feature","geometry":{"type":"Point","coordinates":[10.2382225,52.1803102]},"properties":{"hgv":"yes"}},{"type":"Feature","geometry":{"type":"Point","coordinates":[10.7387552,52.4671075]},"properties":{"hgv":"destination"}},{"type":"Feature","geometry":{"type":"Point","coordinates":[10.1112985,52.6387311]},"properties":{"hgv":"destination"}},{"type":"Feature","geometry":{"type":"Point","coordinates":[10.1111593,52.6383078]},"properties":{"hgv":"destination"}},{"type":"Feature","geometry":{"type":"Point","coordinates":[10.5499426,52.3137514]},"properties":{"maxheight":"2.1"}},{"type":"Feature","geometry":{"type":"Point","coordinates":[10.7465831,52.4387508]},"properties":{"maxheight":"3.7"}},{"type":"Feature","geometry":{"type":"Point","coordinates":[10.7396534,52.4382991]},"properties":{"maxheight":"4"}},{"type":"Feature","geometry":{"type":"Point","coordinates":[10.5308756,52.502275]},"properties":{"hgv":"no"}},{"type":"Feature","geometry":{"type":"Point","coordinates":[10.2530484,52.6414327]},"properties":{"hgv":"destination","maxweight":"7.5"}},{"type":"Feature","geometry":{"type":"Point","coordinates":[10.253933,52.6374807]},"properties":{"hgv":"destination"}},{"type":"Feature","geometry":{"type":"Point","coordinates":[10.6968604,52.1377615]},"properties":{"maxweight":"6"}},{"type":"Feature","geometry":{"type":"Point","coordinates":[10.6969677,52.1377125]},"properties":{"maxweight":"6"}},{"type":"Feature","geometry":{"type":"Point","coordinates":[10.2302438,52.1899572]},"properties":{"maxweight":"3.5"}},{"type":"Feature","geometry":{"type":"Point","coordinates":[10.2306436,52.1898073]},"properties":{"maxweight":"3.5"}},{"type":"Feature","geometry":{"type":"Point","coordinates":[10.2310696,52.1896875]},"properties":{"maxweight":"3.5"}},{"type":"Feature","geometry":{"type":"Point","coordinates":[10.2316117,52.1894377]},"properties":{"maxweight":"3.5"}},{"type":"Feature","geometry":{"type":"Point","coordinates":[10.232272,52.1892769]},"properties":{"maxweight":"3.5"}},{"type":"Feature","geometry":{"type":"Point","coordinates":[10.2326637,52.189222]},"properties":{"maxweight":"3.5"}},{"type":"Feature","geometry":{"type":"Point","coordinates":[10.5520671,52.9686475]},"properties":{"maxheight":"below_default"}},{"type":"Feature","geometry":{"type":"Point","coordinates":[10.3942399,52.1015757]},"properties":{"maxweight":"7.5"}},{"type":"Feature","geometry":{"type":"Point","coordinates":[10.3652912,52.1145115]},"properties":{"maxheight":"default"}},{"type":"Feature","geometry":{"type":"Point","coordinates":[10.366813,52.0991732]},"properties":{"maxheight":"4"}},{"type":"Feature","geometry":{"type":"Point","coordinates":[10.3669731,52.1001306]},"properties":{"maxheight":"4"}},{"type":"Feature","geometry":{"type":"Point","coordinates":[10.366926,52.0990007]},"properties":{"maxheight":"4"}},{"type":"Feature","geometry":{"type":"Point","coordinates":[10.3667676,52.0989791]},"properties":{"maxheight":"4"}},{"type":"Feature","geometry":{"type":"Point","coordinates":[10.3656771,52.1145294]},"properties":{"maxheight":"default"}},{"type":"Feature","geometry":{"type":"Point","coordinates":[10.2257346,52.120081]},"properties":{"maxheight":"4.7"}},{"type":"Feature","geometry":{"type":"Point","coordinates":[10.9354665,52.6041129]},"properties":{"hgv":"no"}},{"type":"Feature","geometry":{"type":"Point","coordinates":[10.5592404,52.4944492]},"properties":{"hgv":"no"}},{"type":"Feature","geometry":{"type":"Point","coordinates":[10.9771248,52.4547023]},"properties":{"hgv":"destination;private"}},{"type":"Feature","geometry":{"type":"Point","coordinates":[10.9625946,52.8443624]},"properties":{"maxweight":"2.8"}},{"type":"Feature","geometry":{"type":"Point","coordinates":[10.9873177,52.5558016]},"properties":{"hgv":"agricultural;forestry"}},{"type":"Feature","geometry":{"type":"Point","coordinates":[10.5082506,52.2612894]},"properties":{"hgv":"destination"}},{"type":"Feature","geometry":{"type":"Point","coordinates":[10.0894845,52.8370583]},"properties":{"maxheight":"1.9"}},{"type":"Feature","geometry":{"type":"Point","coordinates":[10.5134758,52.5850482]},"properties":{"maxheight":"4.5","maxwidth":"3.1"}},{"type":"Feature","geometry":{"type":"Point","coordinates":[10.5133809,52.5850899]},"properties":{"maxheight":"4.5"}},{"type":"Feature","geometry":{"type":"Point","coordinates":[10.8448437,52.4437418]},"properties":{"maxweight":"5.5"}},{"type":"Feature","geometry":{"type":"Point","coordinates":[10.2325823,52.1913436]},"properties":{"maxweight":"3.5"}},{"type":"Feature","geometry":{"type":"Point","coordinates":[10.8183348,52.2610473]},"properties":{"hgv":"no"}},{"type":"Feature","geometry":{"type":"Point","coordinates":[10.8223788,52.2508745]},"properties":{"hgv":"no"}},{"type":"Feature","geometry":{"type":"Point","coordinates":[10.8198673,52.2601947]},"properties":{"hgv":"no"}},{"type":"Feature","geometry":{"type":"Point","coordinates":[10.1552189,52.0029981]},"properties":{"maxheight":"4"}},{"type":"Feature","geometry":{"type":"Point","coordinates":[10.5248637,52.2686288]},"properties":{"hgv":"destination"}},{"type":"Feature","geometry":{"type":"Point","coordinates":[10.5219563,52.2690635]},"properties":{"hgv":"destination"}},{"type":"Feature","geometry":{"type":"Point","coordinates":[10.5573552,52.9658967]},"properties":{"maxheight":"3"}},{"type":"Feature","geometry":{"type":"Point","coordinates":[10.4827379,52.3058812]},"properties":{"hgv":"destination"}},{"type":"Feature","geometry":{"type":"Point","coordinates":[10.4935014,52.307891]},"properties":{"maxlength":"12"}},{"type":"Feature","geometry":{"type":"Point","coordinates":[10.49454,52.3095196]},"properties":{"maxlength":"12"}},{"type":"Feature","geometry":{"type":"Point","coordinates":[10.8278118,52.448999]},"properties":{"maxweight":"3.5"}},{"type":"Feature","geometry":{"type":"Point","coordinates":[10.5103903,52.2724601]},"properties":{"hgv":"destination"}},{"type":"Feature","geometry":{"type":"Point","coordinates":[10.5104465,52.2723217]},"properties":{"hgv":"destination"}},{"type":"Feature","geometry":{"type":"Point","coordinates":[10.9950666,52.7926616]},"properties":{"maxweight":"7.5"}},{"type":"Feature","geometry":{"type":"Point","coordinates":[10.9958017,52.7926206]},"properties":{"maxweight":"7.5"}},{"type":"Feature","geometry":{"type":"Point","coordinates":[10.4572239,52.9190454]},"properties":{"maxheight":"2.9"}}]}