{"type":"FeatureCollection","features":[{"type":"Feature","geometry":{"type":"Point","coordinates":[11.5838196,49.0376346]},"properties":{"maxheight":"2.5"}},{"type":"Feature","geometry":{"type":"Point","coordinates":[11.0255658,49.5906257]},"properties":{"maxwidth":"3.2"}},{"type":"Feature","geometry":{"type":"Point","coordinates":[11.5853259,49.9427954]},"properties":{"maxwidth":"9"}},{"type":"Feature","geometry":{"type":"Point","coordinates":[11.0374145,49.4226571]},"properties":{"maxheight":"7.55","maxwidth":"34"}},{"type":"Feature","geometry":{"type":"Point","coordinates":[11.4585111,49.2765246]},"properties":{"maxheight":"2"}},{"type":"Feature","geometry":{"type":"Point","coordinates":[11.4599316,49.2817692]},"properties":{"maxheight":"1.9"}},{"type":"Feature","geometry":{"type":"Point","coordinates":[11.0514481,49.3204182]},"properties":{"hgv":"no"}},{"type":"Feature","geometry":{"type":"Point","coordinates":[11.2427426,49.6315617]},"properties":{"hgv":"private","goods":"private"}},{"type":"Feature","geometry":{"type":"Point","coordinates":[11.618152,49.9864389]},"properties":{"maxwidth":"6"}},{"type":"Feature","geometry":{"type":"Point","coordinates":[11.0008316,49.5186411]},"properties":{"hgv":"yes"}},{"type":"Feature","geometry":{"type":"Point","coordinates":[11.0837784,49.4508512]},"properties":{"maxheight":"2"}},{"type":"Feature","geometry":{"type":"Point","coordinates":[11.116553,49.4238042]},"properties":{"maxheight":"2"}},{"type":"Feature","geometry":{"type":"Point","coordinates":[11.1171589,49.4233136]},"properties":{"maxheight":"2"}},{"type":"Feature","geometry":{"type":"Point","coordinates":[11.7693474,49.1193889]},"properties":{"maxheight":"3.8"}},{"type":"Feature","geometry":{"type":"Point","coordinates":[11.4897331,49.4183633]},"properties":{"hgv":"yes"}},{"type":"Feature","geometry":{"type":"Point","coordinates":[11.5564866,49.4996194]},"properties":{"maxheight":"default"}},{"type":"Feature","geometry":{"type":"Point","coordinates":[11.1011881,49.3000234]},"properties":{"maxheight":"6.15","maxwidth":"33.10"}},{"type":"Feature","geometry":{"type":"Point","coordinates":[11.14597,49.2450488]},"properties":{"maxheight":"6.10","maxwidth":"33.10"}},{"type":"Feature","geometry":{"type":"Point","coordinates":[11.1531568,49.2248822]},"properties":{"maxheight":"8.75","maxwidth":"33.10"}},{"type":"Feature","geometry":{"type":"Point","coordinates":[11.4851841,49.4195571]},"properties":{"hgv":"yes"}},{"type":"Feature","geometry":{"type":"Point","coordinates":[11.6090233,49.5256223]},"properties":{"maxweight":"7.5"}},{"type":"Feature","geometry":{"type":"Point","coordinates":[11.0926782,49.462287]},"properties":{"maxheight":"1.85"}},{"type":"Feature","geometry":{"type":"Point","coordinates":[11.0579659,49.7261264]},"properties":{"maxheight":"2.1"}},{"type":"Feature","geometry":{"type":"Point","coordinates":[11.4277683,49.5088975]},"properties":{"maxheight":"2.05"}},{"type":"Feature","geometry":{"type":"Point","coordinates":[11.4272189,49.5091481]},"properties":{"maxheight":"1.9"}},{"type":"Feature","geometry":{"type":"Point","coordinates":[11.1417856,49.4591033]},"properties":{"hgv":"no"}},{"type":"Feature","geometry":{"type":"Point","coordinates":[11.0531057,49.4546235]},"properties":{"maxheight":"2"}},{"type":"Feature","geometry":{"type":"Point","coordinates":[11.0523385,49.4536891]},"properties":{"maxheight":"2"}},{"type":"Feature","geometry":{"type":"Point","coordinates":[11.2048131,49.1980366]},"properties":{"maxheight":"6.15","maxwidth":"33.70"}},{"type":"Feature","geometry":{"type":"Point","coordinates":[11.2544276,49.1908585]},"properties":{"maxheight":"7.15","maxwidth":"33.70"}},{"type":"Feature","geometry":{"type":"Point","coordinates":[11.4643233,49.0510213]},"properties":{"maxheight":"8.30","maxwidth":"33.10"}},{"type":"Feature","geometry":{"type":"Point","coordinates":[11.1402873,49.3626863]},"properties":{"hgv":"no"}},{"type":"Feature","geometry":{"type":"Point","coordinates":[11.8728307,49.11763]},"properties":{"hgv":"yes"}},{"type":"Feature","geometry":{"type":"Point","coordinates":[11.8312696,49.1665303]},"properties":{"hgv":"yes"}},{"type":"Feature","geometry":{"type":"Point","coordinates":[11.8287314,49.1682903]},"properties":{"hgv":"yes"}},{"type":"Feature","geometry":{"type":"Point","coordinates":[11.008045,49.5915423]},"properties":{"maxheight":"1.9"}},{"type":"Feature","geometry":{"type":"Point","coordinates":[11.9453659,49.0325462]},"properties":{"hgv":"yes"}},{"type":"Feature","geometry":{"type":"Point","coordinates":[11.9064191,49.6255253]},"properties":{"maxwidth":"1"}},{"type":"Feature","geometry":{"type":"Point","coordinates":[11.1628839,49.4050688]},"properties":{"maxwidth":"4"}},{"type":"Feature","geometry":{"type":"Point","coordinates":[11.0308524,49.5803423]},"properties":{"maxheight":"2"}},{"type":"Feature","geometry":{"type":"Point","coordinates":[11.0298712,49.5901555]},"properties":{"maxheight":"below_default"}},{"type":"Feature","geometry":{"type":"Point","coordinates":[11.0987973,49.460393]},"properties":{"maxheight":"2"}},{"type":"Feature","geometry":{"type":"Point","coordinates":[11.0994838,49.4599578]},"properties":{"maxheight":"2.1"}},{"type":"Feature","geometry":{"type":"Point","coordinates":[11.0572704,49.726274]},"properties":{"maxheight":"2.1"}},{"type":"Feature","geometry":{"type":"Point","coordinates":[11.7238213,49.5083079]},"properties":{"hgv":"destination","maxweight":"7.5"}},{"type":"Feature","geometry":{"type":"Point","coordinates":[11.4323425,49.5104934]},"properties":{"maxheight":"2"}},{"type":"Feature","geometry":{"type":"Point","coordinates":[11.5564587,49.499648]},"properties":{"maxheight":"default"}},{"type":"Feature","geometry":{"type":"Point","coordinates":[11.8643893,49.4339743]},"properties":{"hgv":"private"}},{"type":"Feature","geometry":{"type":"Point","coordinates":[11.5039009,49.887195]},"properties":{"maxheight":"3"}},{"type":"Feature","geometry":{"type":"Point","coordinates":[11.0050727,49.5909118]},"properties":{"maxheight":"2.0"}},{"type":"Feature","geometry":{"type":"Point","coordinates":[11.9381024,49.4506858]},"properties":{"maxwidth":"3"}},{"type":"Feature","geometry":{"type":"Point","coordinates":[11.0263593,49.5888214]},"properties":{"maxheight":"2"}},{"type":"Feature","geometry":{"type":"Point","coordinates":[11.0258411,49.589032]},"properties":{"maxheight":"2"}},{"type":"Feature","geometry":{"type":"Point","coordinates":[11.0143682,49.574726]},"properties":{"maxheight":"2"}},{"type":"Feature","geometry":{"type":"Point","coordinates":[11.0133279,49.5750623]},"properties":{"maxheight":"2"}},{"type":"Feature","geometry":{"type":"Point","coordinates":[11.0261313,49.5916231]},"properties":{"maxheight":"below_default"}},{"type":"Feature","geometry":{"type":"Point","coordinates":[11.9445771,49.026368]},"properties":{"maxweight":"7.5"}},{"type":"Feature","geometry":{"type":"Point","coordinates":[11.9373874,49.0320573]},"properties":{"maxweight":"3.5"}},{"type":"Feature","geometry":{"type":"Point","coordinates":[11.0545375,49.3893893]},"properties":{"hgv":"private"}},{"type":"Feature","geometry":{"type":"Point","coordinates":[11.4164927,49.1788179]},"properties":{"maxheight":"2.3"}},{"type":"Feature","geometry":{"type":"Point","coordinates":[11.142224,49.3990868]},"properties":{"maxheight":"below_default"}},{"type":"Feature","geometry":{"type":"Point","coordinates":[11.1519724,49.4023258]},"properties":{"maxheight":"below_default"}},{"type":"Feature","geometry":{"type":"Point","coordinates":[11.1510554,49.4018558]},"properties":{"maxheight":"below_default"}},{"type":"Feature","geometry":{"type":"Point","coordinates":[11.1528844,49.4027875]},"properties":{"maxheight":"below_default"}},{"type":"Feature","geometry":{"type":"Point","coordinates":[11.1532504,49.4035544]},"properties":{"maxheight":"below_default"}},{"type":"Feature","geometry":{"type":"Point","coordinates":[11.1291806,49.4003714]},"properties":{"maxheight":"1.9"}},{"type":"Feature","geometry":{"type":"Point","coordinates":[11.1180242,49.4127722]},"properties":{"maxheight":"2"}},{"type":"Feature","geometry":{"type":"Point","coordinates":[11.0706314,49.4519031]},"properties":{"maxheight":"2.1"}},{"type":"Feature","geometry":{"type":"Point","coordinates":[11.0579893,49.4681994]},"properties":{"maxheight":"2"}},{"type":"Feature","geometry":{"type":"Point","coordinates":[11.8044952,49.5432162]},"properties":{"maxweight":"7.5"}},{"type":"Feature","geometry":{"type":"Point","coordinates":[11.0988336,49.4686262]},"properties":{"maxheight":"below_default"}},{"type":"Feature","geometry":{"type":"Point","coordinates":[11.0600833,49.4126801]},"properties":{"hgv":"only"}},{"type":"Feature","geometry":{"type":"Point","coordinates":[11.14575,49.4643291]},"properties":{"maxheight":"2.1"}},{"type":"Feature","geometry":{"type":"Point","coordinates":[11.8419944,49.488706]},"properties":{"maxheight":"3.2","maxweight":"30"}},{"type":"Feature","geometry":{"type":"Point","coordinates":[11.4321435,49.5102899]},"properties":{"maxheight":"2"}},{"type":"Feature","geometry":{"type":"Point","coordinates":[11.0748784,49.447083]},"properties":{"maxweight":"0.63"}},{"type":"Feature","geometry":{"type":"Point","coordinates":[11.0783418,49.492579]},"properties":{"maxheight":"2.1"}},{"type":"Feature","geometry":{"type":"Point","coordinates":[11.0814704,49.4507298]},"properties":{"maxheight":"2.05"}},{"type":"Feature","geometry":{"type":"Point","coordinates":[11.0977178,49.4501953]},"properties":{"maxwidth":"4.1"}},{"type":"Feature","geometry":{"type":"Point","coordinates":[11.6177466,49.9865785]},"properties":{"maxwidth":"6"}},{"type":"Feature","geometry":{"type":"Point","coordinates":[11.6183204,49.9863402]},"properties":{"maxwidth":"6"}},{"type":"Feature","geometry":{"type":"Point","coordinates":[11.0554957,49.4724499]},"properties":{"maxheight":"below_default"}},{"type":"Feature","geometry":{"type":"Point","coordinates":[11.8594075,49.4373098]},"properties":{"hgv":"private"}},{"type":"Feature","geometry":{"type":"Point","coordinates":[11.8595659,49.4344415]},"properties":{"hgv":"private"}},{"type":"Feature","geometry":{"type":"Point","coordinates":[11.0829629,49.4468009]},"properties":{"maxheight":"2"}},{"type":"Feature","geometry":{"type":"Point","coordinates":[11.0881635,49.4566419]},"properties":{"maxheight":"2"}},{"type":"Feature","geometry":{"type":"Point","coordinates":[11.0147231,49.6015213]},"properties":{"maxheight":"1.90"}},{"type":"Feature","geometry":{"type":"Point","coordinates":[11.0591942,49.4732303]},"properties":{"maxheight":"2"}},{"type":"Feature","geometry":{"type":"Point","coordinates":[11.0599389,49.4732323]},"properties":{"maxheight":"below_default"}},{"type":"Feature","geometry":{"type":"Point","coordinates":[11.0594662,49.4732337]},"properties":{"maxheight":"1.9"}},{"type":"Feature","geometry":{"type":"Point","coordinates":[11.0783185,49.4583969]},"properties":{"maxwidth":"3"}},{"type":"Feature","geometry":{"type":"Point","coordinates":[11.083678,49.4527297]},"properties":{"maxheight":"2.1"}},{"type":"Feature","geometry":{"type":"Point","coordinates":[11.1647548,49.3955172]},"properties":{"maxheight":"2.2"}},{"type":"Feature","geometry":{"type":"Point","coordinates":[11.0771149,49.4518965]},"properties":{"maxheight":"2.05"}},{"type":"Feature","geometry":{"type":"Point","coordinates":[11.6168195,49.5235348]},"properties":{"maxweight":"7.5"}},{"type":"Feature","geometry":{"type":"Point","coordinates":[11.1041351,49.4511318]},"properties":{"maxheight":"3.8"}},{"type":"Feature","geometry":{"type":"Point","coordinates":[11.0593604,49.4436505]},"properties":{"maxheight":"3.8"}},{"type":"Feature","geometry":{"type":"Point","coordinates":[11.0622633,49.4411826]},"properties":{"maxheight":"3.9"}},{"type":"Feature","geometry":{"type":"Point","coordinates":[11.0621081,49.4412722]},"properties":{"maxheight":"3.9"}},{"type":"Feature","geometry":{"type":"Point","coordinates":[11.1292165,49.4003427]},"properties":{"maxheight":"1.9"}},{"type":"Feature","geometry":{"type":"Point","coordinates":[11.0579503,49.4285395]},"properties":{"maxheight":"1.85","maxwidth":"2.10"}},{"type":"Feature","geometry":{"type":"Point","coordinates":[11.0838974,49.4511381]},"properties":{"maxheight":"2"}},{"type":"Feature","geometry":{"type":"Point","coordinates":[11.1425685,49.3561156]},"properties":{"hgv":"no"}},{"type":"Feature","geometry":{"type":"Point","coordinates":[11.0098274,49.6039202]},"properties":{"maxheight":"3.65"}},{"type":"Feature","geometry":{"type":"Point","coordinates":[11.0103065,49.5888344]},"properties":{"maxheight":"2"}},{"type":"Feature","geometry":{"type":"Point","coordinates":[11.0050661,49.5910461]},"properties":{"maxheight":"2.0"}},{"type":"Feature","geometry":{"type":"Point","coordinates":[11.0178976,49.5898642]},"properties":{"maxheight":"5"}},{"type":"Feature","geometry":{"type":"Point","coordinates":[11.057903,49.4285746]},"properties":{"maxheight":"1.85","maxwidth":"2.10"}},{"type":"Feature","geometry":{"type":"Point","coordinates":[11.0534737,49.7015408]},"properties":{"maxheight":"6","maxwidth":"34.5"}},{"type":"Feature","geometry":{"type":"Point","coordinates":[11.0509122,49.7214407]},"properties":{"maxheight":"6.70","maxwidth":"42.10"}},{"type":"Feature","geometry":{"type":"Point","coordinates":[11.0525785,49.7253744]},"properties":{"maxheight":"7.05","maxwidth":"42.30"}},{"type":"Feature","geometry":{"type":"Point","coordinates":[11.0474755,49.7447108]},"properties":{"maxheight":"6.10"}},{"type":"Feature","geometry":{"type":"Point","coordinates":[11.027843,49.7698429]},"properties":{"maxwidth":"17.90"}},{"type":"Feature","geometry":{"type":"Point","coordinates":[11.0244304,49.7766466]},"properties":{"maxheight":"6.05","maxwidth":"32.95"}},{"type":"Feature","geometry":{"type":"Point","coordinates":[11.0107685,49.7917174]},"properties":{"maxheight":"14.30","maxwidth":"33.10"}},{"type":"Feature","geometry":{"type":"Point","coordinates":[11.0079862,49.7946688]},"properties":{"maxheight":"6.10","maxwidth":"33.10"}},{"type":"Feature","geometry":{"type":"Point","coordinates":[11.0271389,49.4273213]},"properties":{"maxheight":"7.35","maxwidth":"34"}},{"type":"Feature","geometry":{"type":"Point","coordinates":[11.0260312,49.4278154]},"properties":{"maxheight":"9.55","maxwidth":"34"}},{"type":"Feature","geometry":{"type":"Point","coordinates":[11.0257092,49.4279551]},"properties":{"maxheight":"9.55","maxwidth":"34"}},{"type":"Feature","geometry":{"type":"Point","coordinates":[11.0178645,49.4306927]},"properties":{"maxheight":"6.40","maxwidth":"33.95"}},{"type":"Feature","geometry":{"type":"Point","coordinates":[11.0021103,49.438469]},"properties":{"maxheight":"5.85","maxwidth":"33.01"}},{"type":"Feature","geometry":{"type":"Point","coordinates":[11.0050602,49.646688]},"properties":{"maxheight":"6.10","maxwidth":"33.05"}},{"type":"Feature","geometry":{"type":"Point","coordinates":[11.0157319,49.6596895]},"properties":{"maxheight":"5.90","maxwidth":"33.10"}},{"type":"Feature","geometry":{"type":"Point","coordinates":[11.4373121,49.1056451]},"properties":{"maxheight":"6.30","maxwidth":"35"}},{"type":"Feature","geometry":{"type":"Point","coordinates":[11.4372135,49.110351]},"properties":{"maxheight":"6.30","maxwidth":"35"}},{"type":"Feature","geometry":{"type":"Point","coordinates":[11.4429793,49.1403179]},"properties":{"maxheight":"7","maxwidth":"33.05"}},{"type":"Feature","geometry":{"type":"Point","coordinates":[11.4366688,49.1517902]},"properties":{"maxheight":"6.65"}},{"type":"Feature","geometry":{"type":"Point","coordinates":[11.4284263,49.1584733]},"properties":{"maxheight":"6.15","maxwidth":"33.65"}},{"type":"Feature","geometry":{"type":"Point","coordinates":[11.3973138,49.1611637]},"properties":{"maxheight":"6.25","maxwidth":"33.65"}},{"type":"Feature","geometry":{"type":"Point","coordinates":[11.4146637,49.162178]},"properties":{"maxheight":"6.40","maxwidth":"33.65"}},{"type":"Feature","geometry":{"type":"Point","coordinates":[11.3525501,49.1651636]},"properties":{"maxheight":"6.65","maxwidth":"33.70"}},{"type":"Feature","geometry":{"type":"Point","coordinates":[11.3346572,49.1697187]},"properties":{"maxheight":"7.05","maxwidth":"33.70"}},{"type":"Feature","geometry":{"type":"Point","coordinates":[11.3006626,49.1837132]},"properties":{"maxheight":"6.20","maxwidth":"33.70"}},{"type":"Feature","geometry":{"type":"Point","coordinates":[11.2474037,49.1920856]},"properties":{"maxheight":"6.70","maxwidth":"33.65"}},{"type":"Feature","geometry":{"type":"Point","coordinates":[11.2466869,49.192141]},"properties":{"maxheight":"7.65","maxwidth":"33.65"}},{"type":"Feature","geometry":{"type":"Point","coordinates":[11.224756,49.1945493]},"properties":{"maxheight":"10.65"}},{"type":"Feature","geometry":{"type":"Point","coordinates":[11.1865081,49.2059575]},"properties":{"maxheight":"6.15","maxwidth":"33.70"}},{"type":"Feature","geometry":{"type":"Point","coordinates":[11.1764085,49.2111321]},"properties":{"maxheight":"11"}},{"type":"Feature","geometry":{"type":"Point","coordinates":[11.1115745,49.2921645]},"properties":{"maxheight":"8.80"}},{"type":"Feature","geometry":{"type":"Point","coordinates":[11.0945757,49.3055949]},"properties":{"maxheight":"6.10","maxwidth":"33.10"}},{"type":"Feature","geometry":{"type":"Point","coordinates":[11.0844153,49.3262196]},"properties":{"maxheight":"6","maxwidth":"33.15"}},{"type":"Feature","geometry":{"type":"Point","coordinates":[11.078336,49.3423822]},"properties":{"maxheight":"7.05","maxwidth":"33.10"}},{"type":"Feature","geometry":{"type":"Point","coordinates":[11.0758799,49.3444858]},"properties":{"maxheight":"6.10","maxwidth":"33.10"}},{"type":"Feature","geometry":{"type":"Point","coordinates":[11.0643198,49.3543969]},"properties":{"maxheight":"5.95","maxwidth":"33.10"}},{"type":"Feature","geometry":{"type":"Point","coordinates":[11.0600839,49.3654152]},"properties":{"maxheight":"5.95","maxwidth":"33.05"}},{"type":"Feature","geometry":{"type":"Point","coordinates":[11.0644546,49.3858737]},"properties":{"maxheight":"7"}},{"type":"Feature","geometry":{"type":"Point","coordinates":[11.0689679,49.4067258]},"properties":{"maxheight":"6.75","maxwidth":"41.50"}},{"type":"Feature","geometry":{"type":"Point","coordinates":[11.0637736,49.4120192]},"properties":{"maxheight":"5.75","maxwidth":"67.15"}},{"type":"Feature","geometry":{"type":"Point","coordinates":[11.0515347,49.4182081]},"properties":{"maxheight":"9.80","maxwidth":"37.70"}},{"type":"Feature","geometry":{"type":"Point","coordinates":[11.050944,49.4184179]},"properties":{"maxheight":"5.95","maxwidth":"35.05"}},{"type":"Feature","geometry":{"type":"Point","coordinates":[11.0432106,49.4208481]},"properties":{"maxheight":"8.75","maxwidth":"33.95"}},{"type":"Feature","geometry":{"type":"Point","coordinates":[11.580783,49.02708]},"properties":{"maxheight":"6.90","maxwidth":"33.10"}},{"type":"Feature","geometry":{"type":"Point","coordinates":[11.5685564,49.030691]},"properties":{"maxheight":"7.15","maxwidth":"33.10"}},{"type":"Feature","geometry":{"type":"Point","coordinates":[11.5616122,49.0325503]},"properties":{"maxheight":"6.95"}},{"type":"Feature","geometry":{"type":"Point","coordinates":[11.5400309,49.0346037]},"properties":{"maxheight":"6.40","maxwidth":"33.10"}},{"type":"Feature","geometry":{"type":"Point","coordinates":[11.4833365,49.0405684]},"properties":{"maxheight":"6.05","maxwidth":"33.30"}},{"type":"Feature","geometry":{"type":"Point","coordinates":[11.4721747,49.041584]},"properties":{"maxheight":"6.15","maxwidth":"38.85"}},{"type":"Feature","geometry":{"type":"Point","coordinates":[11.4581344,49.0706515]},"properties":{"maxheight":"6.20","maxwidth":"33.70"}},{"type":"Feature","geometry":{"type":"Point","coordinates":[11.4517531,49.0790225]},"properties":{"maxheight":"6.85","maxwidth":"33.05"}},{"type":"Feature","geometry":{"type":"Point","coordinates":[11.4441009,49.0908501]},"properties":{"maxheight":"7.05"}},{"type":"Feature","geometry":{"type":"Point","coordinates":[11.4374911,49.1003834]},"properties":{"maxheight":"6.75","maxwidth":"35.80"}},{"type":"Feature","geometry":{"type":"Point","coordinates":[11.064397,49.3857099]},"properties":{"maxheight":"6.85"}},{"type":"Feature","geometry":{"type":"Point","coordinates":[11.0050168,49.5710364]},"properties":{"maxheight":"2.05"}},{"type":"Feature","geometry":{"type":"Point","coordinates":[11.3532129,49.3865478]},"properties":{"maxheight":"2"}},{"type":"Feature","geometry":{"type":"Point","coordinates":[11.1314813,49.4089896]},"properties":{"maxwidth":"4"}},{"type":"Feature","geometry":{"type":"Point","coordinates":[11.0117282,49.5713487]},"properties":{"maxheight":"2.50 m"}},{"type":"Feature","geometry":{"type":"Point","coordinates":[11.7240207,49.5080681]},"properties":{"hgv":"destination","maxweight":"7.5"}},{"type":"Feature","geometry":{"type":"Point","coordinates":[11.0357441,49.6003931]},"properties":{"maxheight":"1.90"}},{"type":"Feature","geometry":{"type":"Point","coordinates":[11.0266195,49.5902571]},"properties":{"maxheight":"2"}},{"type":"Feature","geometry":{"type":"Point","coordinates":[11.0188872,49.5898583]},"properties":{"maxheight":"5"}},{"type":"Feature","geometry":{"type":"Point","coordinates":[11.021461,49.5879562]},"properties":{"maxheight":"1.9"}},{"type":"Feature","geometry":{"type":"Point","coordinates":[11.0531618,49.3205749]},"properties":{"hgv":"no"}},{"type":"Feature","geometry":{"type":"Point","coordinates":[11.0312285,49.5928317]},"properties":{"maxheight":"below_default"}},{"type":"Feature","geometry":{"type":"Point","coordinates":[11.0313679,49.5934593]},"properties":{"maxheight":"below_default"}},{"type":"Feature","geometry":{"type":"Point","coordinates":[11.0850303,49.4943175]},"properties":{"maxheight":"14","maxwidth":"50"}},{"type":"Feature","geometry":{"type":"Point","coordinates":[11.0680218,49.4508679]},"properties":{"maxheight":"2.5"}},{"type":"Feature","geometry":{"type":"Point","coordinates":[11.2888818,49.4374712]},"properties":{"maxheight":"1","maxwidth":"5"}},{"type":"Feature","geometry":{"type":"Point","coordinates":[11.2873644,49.4386066]},"properties":{"maxheight":"1","maxwidth":"5"}},{"type":"Feature","geometry":{"type":"Point","coordinates":[11.08105,49.4456452]},"properties":{"maxweight":"1.050"}},{"type":"Feature","geometry":{"type":"Point","coordinates":[11.0731192,49.4946396]},"properties":{"maxheight":"7","maxwidth":"23"}},{"type":"Feature","geometry":{"type":"Point","coordinates":[11.0716638,49.4947669]},"properties":{"maxheight":"9","maxwidth":"44"}},{"type":"Feature","geometry":{"type":"Point","coordinates":[11.0756843,49.4494044]},"properties":{"maxheight":"1.9"}},{"type":"Feature","geometry":{"type":"Point","coordinates":[11.0240732,49.5935534]},"properties":{"maxheight":"2","maxweight":"2.5"}},{"type":"Feature","geometry":{"type":"Point","coordinates":[11.0080328,49.5915773]},"properties":{"maxheight":"1.9"}},{"type":"Feature","geometry":{"type":"Point","coordinates":[11.0741902,49.2676462]},"properties":{"maxweight":"1.050"}},{"type":"Feature","geometry":{"type":"Point","coordinates":[11.0865855,49.4305385]},"properties":{"maxheight":"2"}},{"type":"Feature","geometry":{"type":"Point","coordinates":[11.2034326,49.3819637]},"properties":{"maxweight":"1.050"}},{"type":"Feature","geometry":{"type":"Point","coordinates":[11.2035065,49.3820748]},"properties":{"maxweight":"1.050"}},{"type":"Feature","geometry":{"type":"Point","coordinates":[11.2035859,49.382194]},"properties":{"maxweight":"1.050"}},{"type":"Feature","geometry":{"type":"Point","coordinates":[11.9041965,49.6196396]},"properties":{"maxwidth":"4.5"}},{"type":"Feature","geometry":{"type":"Point","coordinates":[11.9021408,49.619853]},"properties":{"maxwidth":"4"}},{"type":"Feature","geometry":{"type":"Point","coordinates":[11.9024484,49.6214913]},"properties":{"maxwidth":"4"}},{"type":"Feature","geometry":{"type":"Point","coordinates":[11.9171109,49.6218132]},"properties":{"maxwidth":"0.8"}},{"type":"Feature","geometry":{"type":"Point","coordinates":[11.9160498,49.6222079]},"properties":{"maxwidth":"1"}},{"type":"Feature","geometry":{"type":"Point","coordinates":[11.0304547,49.5803573]},"properties":{"maxheight":"2"}},{"type":"Feature","geometry":{"type":"Point","coordinates":[11.0395499,49.5963655]},"properties":{"maxheight":"2","maxweight":"2"}},{"type":"Feature","geometry":{"type":"Point","coordinates":[11.0816401,49.4445139]},"properties":{"maxweight":"0.65"}},{"type":"Feature","geometry":{"type":"Point","coordinates":[11.0815762,49.4446364]},"properties":{"maxweight":"1.050"}},{"type":"Feature","geometry":{"type":"Point","coordinates":[11.0815105,49.4447627]},"properties":{"maxweight":"1.052"}},{"type":"Feature","geometry":{"type":"Point","coordinates":[11.0814456,49.444891]},"properties":{"maxweight":"0.630"}},{"type":"Feature","geometry":{"type":"Point","coordinates":[11.0813369,49.4451011]},"properties":{"maxweight":"1"}},{"type":"Feature","geometry":{"type":"Point","coordinates":[11.0812564,49.4452494]},"properties":{"maxweight":"1.052"}},{"type":"Feature","geometry":{"type":"Point","coordinates":[11.0811906,49.445378]},"properties":{"goods":"no","maxweight":"1050"}},{"type":"Feature","geometry":{"type":"Point","coordinates":[11.8593855,49.5335405]},"properties":{"maxwidth":"5"}},{"type":"Feature","geometry":{"type":"Point","coordinates":[11.0978907,49.4647348]},"properties":{"maxheight":"2.1"}},{"type":"Feature","geometry":{"type":"Point","coordinates":[11.0259708,49.5904482]},"properties":{"maxheight":"below_default"}},{"type":"Feature","geometry":{"type":"Point","coordinates":[11.0256045,49.5898597]},"properties":{"maxheight":"below_default"}},{"type":"Feature","geometry":{"type":"Point","coordinates":[11.0261821,49.5916709]},"properties":{"maxheight":"2"}},{"type":"Feature","geometry":{"type":"Point","coordinates":[11.2799257,49.5125623]},"properties":{"maxheight":"1.9"}},{"type":"Feature","geometry":{"type":"Point","coordinates":[11.0259203,49.5932828]},"properties":{"maxheight":"2.2"}},{"type":"Feature","geometry":{"type":"Point","coordinates":[11.025837,49.5909368]},"properties":{"maxheight":"below_default"}},{"type":"Feature","geometry":{"type":"Point","coordinates":[11.1182925,49.4364111]},"properties":{"maxweight":"1.05"}},{"type":"Feature","geometry":{"type":"Point","coordinates":[11.0477397,49.4099712]},"properties":{"maxweight":"1.050"}},{"type":"Feature","geometry":{"type":"Point","coordinates":[11.0479752,49.4100221]},"properties":{"maxweight":"1.000"}},{"type":"Feature","geometry":{"type":"Point","coordinates":[11.0326588,49.5898768]},"properties":{"maxheight":"below_default"}},{"type":"Feature","geometry":{"type":"Point","coordinates":[11.0208454,49.5911851]},"properties":{"maxheight":"1.80 m"}},{"type":"Feature","geometry":{"type":"Point","coordinates":[11.0386863,49.3816382]},"properties":{"maxweight":"1.000"}},{"type":"Feature","geometry":{"type":"Point","coordinates":[11.0547716,49.429769]},"properties":{"maxweight":"1.05"}},{"type":"Feature","geometry":{"type":"Point","coordinates":[11.0819428,49.4512141]},"properties":{"maxheight":"2.05"}},{"type":"Feature","geometry":{"type":"Point","coordinates":[11.930544,49.5221724]},"properties":{"maxwidth":"2"}},{"type":"Feature","geometry":{"type":"Point","coordinates":[11.8481473,49.4790556]},"properties":{"maxwidth":"5"}},{"type":"Feature","geometry":{"type":"Point","coordinates":[11.8514813,49.4792455]},"properties":{"maxwidth":"5"}},{"type":"Feature","geometry":{"type":"Point","coordinates":[11.8513001,49.4794485]},"properties":{"maxwidth":"5"}},{"type":"Feature","geometry":{"type":"Point","coordinates":[11.1031343,49.4368585]},"properties":{"maxheight":"2"}},{"type":"Feature","geometry":{"type":"Point","coordinates":[11.0363483,49.3756117]},"properties":{"maxheight":"3.3"}},{"type":"Feature","geometry":{"type":"Point","coordinates":[11.0728241,49.3403084]},"properties":{"maxweight":"12"}},{"type":"Feature","geometry":{"type":"Point","coordinates":[11.3176093,49.4077892]},"properties":{"hgv":"yes"}},{"type":"Feature","geometry":{"type":"Point","coordinates":[11.0784662,49.4149483]},"properties":{"maxheight":"1.90 m"}},{"type":"Feature","geometry":{"type":"Point","coordinates":[11.0768645,49.4533013]},"properties":{"maxheight":"below_default"}},{"type":"Feature","geometry":{"type":"Point","coordinates":[11.010319,49.5870988]},"properties":{"maxheight":"below_default"}},{"type":"Feature","geometry":{"type":"Point","coordinates":[11.914482,49.504983]},"properties":{"maxwidth":"2.5"}},{"type":"Feature","geometry":{"type":"Point","coordinates":[11.0708435,49.4516852]},"properties":{"maxheight":"2.1"}},{"type":"Feature","geometry":{"type":"Point","coordinates":[11.1408837,49.3554627]},"properties":{"hgv":"no"}},{"type":"Feature","geometry":{"type":"Point","coordinates":[11.8676854,49.4463056]},"properties":{"maxheight":"2"}},{"type":"Feature","geometry":{"type":"Point","coordinates":[11.0588378,49.4841575]},"properties":{"maxheight":"4"}},{"type":"Feature","geometry":{"type":"Point","coordinates":[11.058879,49.4841609]},"properties":{"maxheight":"4"}},{"type":"Feature","geometry":{"type":"Point","coordinates":[11.0588176,49.4842642]},"properties":{"maxheight":"4"}},{"type":"Feature","geometry":{"type":"Point","coordinates":[11.4677418,49.5000087]},"properties":{"maxheight":"default"}},{"type":"Feature","geometry":{"type":"Point","coordinates":[11.4677454,49.5000418]},"properties":{"maxheight":"default"}},{"type":"Feature","geometry":{"type":"Point","coordinates":[11.0278091,49.4422193]},"properties":{"maxheight":"below_default"}},{"type":"Feature","geometry":{"type":"Point","coordinates":[11.1851516,49.4251426]},"properties":{"maxwidth":"3.5"}},{"type":"Feature","geometry":{"type":"Point","coordinates":[11.0690868,49.4449097]},"properties":{"maxheight":"2"}},{"type":"Feature","geometry":{"type":"Point","coordinates":[11.5250432,49.965798]},"properties":{"maxheight":"1.6","maxwidth":"2.5"}},{"type":"Feature","geometry":{"type":"Point","coordinates":[11.5248428,49.9660413]},"properties":{"maxheight":"1.6","maxwidth":"2.5"}},{"type":"Feature","geometry":{"type":"Point","coordinates":[11.5277756,49.9632387]},"properties":{"maxwidth":"1"}},{"type":"Feature","geometry":{"type":"Point","coordinates":[11.5278052,49.9632408]},"properties":{"maxwidth":"1"}},{"type":"Feature","geometry":{"type":"Point","coordinates":[11.0088216,49.5704261]},"properties":{"maxheight":"2.05"}},{"type":"Feature","geometry":{"type":"Point","coordinates":[11.081117,49.4455177]},"properties":{"maxweight":"1.000"}},{"type":"Feature","geometry":{"type":"Point","coordinates":[11.2540203,49.3627207]},"properties":{"maxweight":"1.05"}},{"type":"Feature","geometry":{"type":"Point","coordinates":[11.6009582,49.9858968]},"properties":{"maxwidth":"1"}},{"type":"Feature","geometry":{"type":"Point","coordinates":[11.0016318,49.5959844]},"properties":{"maxweight":"1.350"}},{"type":"Feature","geometry":{"type":"Point","coordinates":[11.0352288,49.3261653]},"properties":{"maxweight":"1.05"}},{"type":"Feature","geometry":{"type":"Point","coordinates":[11.0355299,49.3261656]},"properties":{"maxweight":"1.05"}},{"type":"Feature","geometry":{"type":"Point","coordinates":[11.0349822,49.326203]},"properties":{"maxweight":"1.05"}},{"type":"Feature","geometry":{"type":"Point","coordinates":[11.0827998,49.2413185]},"properties":{"maxweight":"1.050"}},{"type":"Feature","geometry":{"type":"Point","coordinates":[11.0139087,49.5865865]},"properties":{"maxheight":"2.20 m"}},{"type":"Feature","geometry":{"type":"Point","coordinates":[11.0358247,49.4390201]},"properties":{"maxweight":"1.25"}},{"type":"Feature","geometry":{"type":"Point","coordinates":[11.0235185,49.5935921]},"properties":{"maxheight":"2","maxweight":"2.5"}},{"type":"Feature","geometry":{"type":"Point","coordinates":[11.0182081,49.4255248]},"properties":{"maxweight":"1.35"}},{"type":"Feature","geometry":{"type":"Point","coordinates":[11.1269039,49.4084078]},"properties":{"maxweight":"0.63"}},{"type":"Feature","geometry":{"type":"Point","coordinates":[11.1267952,49.4083394]},"properties":{"maxweight":"0.63"}},{"type":"Feature","geometry":{"type":"Point","coordinates":[11.7288582,49.1762991]},"properties":{"hgv":"no"}},{"type":"Feature","geometry":{"type":"Point","coordinates":[11.0972736,49.4479488]},"properties":{"maxweight":"1.000"}},{"type":"Feature","geometry":{"type":"Point","coordinates":[11.2859719,49.5070528]},"properties":{"maxweight":"1.000"}},{"type":"Feature","geometry":{"type":"Point","coordinates":[11.9405682,49.584834]},"properties":{"maxwidth":"2"}},{"type":"Feature","geometry":{"type":"Point","coordinates":[11.044948,49.3386189]},"properties":{"maxweight":"1.050"}},{"type":"Feature","geometry":{"type":"Point","coordinates":[11.0103047,49.5873164]},"properties":{"maxheight":"2"}},{"type":"Feature","geometry":{"type":"Point","coordinates":[11.9640105,49.5221368]},"properties":{"maxwidth":"3"}},{"type":"Feature","geometry":{"type":"Point","coordinates":[11.0904059,49.2431011]},"properties":{"maxheight":"2"}},{"type":"Feature","geometry":{"type":"Point","coordinates":[11.007407,49.5880445]},"properties":{"maxheight":"1.90"}},{"type":"Feature","geometry":{"type":"Point","coordinates":[11.005169,49.5835412]},"properties":{"maxheight":"2.1"}},{"type":"Feature","geometry":{"type":"Point","coordinates":[11.0134565,49.4129224]},"properties":{"maxheight":"below_default"}},{"type":"Feature","geometry":{"type":"Point","coordinates":[11.8703679,49.5609411]},"properties":{"maxwidth":"4"}},{"type":"Feature","geometry":{"type":"Point","coordinates":[11.0656325,49.4482283]},"properties":{"maxweight":"1.25"}},{"type":"Feature","geometry":{"type":"Point","coordinates":[11.0656338,49.448251]},"properties":{"maxweight":"1.25"}},{"type":"Feature","geometry":{"type":"Point","coordinates":[11.0749238,49.4468785]},"properties":{"maxweight":"0.825"}},{"type":"Feature","geometry":{"type":"Point","coordinates":[11.077135,49.4514203]},"properties":{"maxweight":"2"}},{"type":"Feature","geometry":{"type":"Point","coordinates":[11.0894886,49.4570505]},"properties":{"maxweight":"0.675"}},{"type":"Feature","geometry":{"type":"Point","coordinates":[11.093149,49.46091]},"properties":{"maxweight":"0.8"}},{"type":"Feature","geometry":{"type":"Point","coordinates":[11.1045106,49.4724026]},"properties":{"maxweight":"0.8"}},{"type":"Feature","geometry":{"type":"Point","coordinates":[11.0843537,49.4352661]},"properties":{"maxweight":"0.675"}},{"type":"Feature","geometry":{"type":"Point","coordinates":[11.089779,49.4244128]},"properties":{"maxweight":"0.63"}},{"type":"Feature","geometry":{"type":"Point","coordinates":[11.032111,49.9505415]},"properties":{"maxweight":"10"}},{"type":"Feature","geometry":{"type":"Point","coordinates":[11.1137011,49.4158807]},"properties":{"maxweight":"0.675"}},{"type":"Feature","geometry":{"type":"Point","coordinates":[11.1210011,49.4128341]},"properties":{"maxweight":"0.65"}},{"type":"Feature","geometry":{"type":"Point","coordinates":[11.1319241,49.4046498]},"properties":{"maxweight":"0.63"}},{"type":"Feature","geometry":{"type":"Point","coordinates":[11.1408736,49.3984946]},"properties":{"maxweight":"0.675"}},{"type":"Feature","geometry":{"type":"Point","coordinates":[11.0554716,49.4453222]},"properties":{"maxweight":"1.05"}},{"type":"Feature","geometry":{"type":"Point","coordinates":[11.0548649,49.4442536]},"properties":{"maxweight":"1.6"}},{"type":"Feature","geometry":{"type":"Point","coordinates":[11.0440529,49.4291247]},"properties":{"maxweight":"0.63"}},{"type":"Feature","geometry":{"type":"Point","coordinates":[11.0320088,49.4209064]},"properties":{"maxweight":"0.675"}},{"type":"Feature","geometry":{"type":"Point","coordinates":[11.0853049,49.4633202]},"properties":{"maxweight":"1.425"}},{"type":"Feature","geometry":{"type":"Point","coordinates":[11.0783005,49.4633154]},"properties":{"maxweight":"1.25"}},{"type":"Feature","geometry":{"type":"Point","coordinates":[11.0232346,49.4615842]},"properties":{"maxweight":"1.175"}},{"type":"Feature","geometry":{"type":"Point","coordinates":[11.0231362,49.4614695]},"properties":{"maxweight":"1.175"}},{"type":"Feature","geometry":{"type":"Point","coordinates":[11.0370201,49.656069]},"properties":{"maxweight":"1.05"}},{"type":"Feature","geometry":{"type":"Point","coordinates":[11.1300223,49.4308211]},"properties":{"maxweight":"1.05"}},{"type":"Feature","geometry":{"type":"Point","coordinates":[11.0690302,49.4449243]},"properties":{"maxheight":"2"}},{"type":"Feature","geometry":{"type":"Point","coordinates":[11.0587815,49.4842568]},"properties":{"maxheight":"4"}},{"type":"Feature","geometry":{"type":"Point","coordinates":[11.0682642,49.4424172]},"properties":{"maxheight":"3.5"}},{"type":"Feature","geometry":{"type":"Point","coordinates":[11.0676581,49.4457806]},"properties":{"maxheight":"2"}},{"type":"Feature","geometry":{"type":"Point","coordinates":[11.2689364,49.1619227]},"properties":{"maxweight":"6"}},{"type":"Feature","geometry":{"type":"Point","coordinates":[11.1347205,49.5028082]},"properties":{"hgv":"no"}},{"type":"Feature","geometry":{"type":"Point","coordinates":[11.2865511,49.4543447]},"properties":{"maxwidth":"1"}},{"type":"Feature","geometry":{"type":"Point","coordinates":[11.2871305,49.4544022]},"properties":{"maxwidth":"1"}},{"type":"Feature","geometry":{"type":"Point","coordinates":[11.9374739,49.596043]},"properties":{"maxwidth":"3"}},{"type":"Feature","geometry":{"type":"Point","coordinates":[11.0474019,49.4525064]},"properties":{"maxheight":"2"}},{"type":"Feature","geometry":{"type":"Point","coordinates":[11.0685343,49.4428782]},"properties":{"maxweight":"1.650"}},{"type":"Feature","geometry":{"type":"Point","coordinates":[11.0816604,49.4931881]},"properties":{"maxheight":"2.1"}},{"type":"Feature","geometry":{"type":"Point","coordinates":[11.0873336,49.4290264]},"properties":{"maxheight":"2.1"}},{"type":"Feature","geometry":{"type":"Point","coordinates":[11.0154487,49.5901418]},"properties":{"maxheight":"2.1"}},{"type":"Feature","geometry":{"type":"Point","coordinates":[11.1033554,49.4844399]},"properties":{"maxheight":"2"}},{"type":"Feature","geometry":{"type":"Point","coordinates":[11.9514787,49.5144617]},"properties":{"maxheight":"1.2","maxwidth":"3"}},{"type":"Feature","geometry":{"type":"Point","coordinates":[11.952755,49.5149601]},"properties":{"maxheight":"1.5","maxwidth":"4"}},{"type":"Feature","geometry":{"type":"Point","coordinates":[11.0369253,49.45633]},"properties":{"maxheight":"2.3"}},{"type":"Feature","geometry":{"type":"Point","coordinates":[11.0592235,49.4444364]},"properties":{"maxheight":"2"}},{"type":"Feature","geometry":{"type":"Point","coordinates":[11.0522423,49.4659194]},"properties":{"maxheight":"below_default"}},{"type":"Feature","geometry":{"type":"Point","coordinates":[11.0508225,49.4666814]},"properties":{"maxheight":"2.1"}},{"type":"Feature","geometry":{"type":"Point","coordinates":[11.5703832,49.9493102]},"properties":{"maxheight":"2.05"}},{"type":"Feature","geometry":{"type":"Point","coordinates":[11.1835985,49.6719024]},"properties":{"maxheight":"2"}},{"type":"Feature","geometry":{"type":"Point","coordinates":[11.9699152,49.5824928]},"properties":{"maxwidth":"4"}},{"type":"Feature","geometry":{"type":"Point","coordinates":[11.0134255,49.6465997]},"properties":{"maxheight":"2"}},{"type":"Feature","geometry":{"type":"Point","coordinates":[11.9234745,49.5551828]},"properties":{"maxwidth":"3"}},{"type":"Feature","geometry":{"type":"Point","coordinates":[11.0291561,49.4247916]},"properties":{"maxheight":"below_default"}},{"type":"Feature","geometry":{"type":"Point","coordinates":[11.9083018,49.5238822]},"properties":{"maxwidth":"2.5"}},{"type":"Feature","geometry":{"type":"Point","coordinates":[11.910433,49.5240582]},"properties":{"maxwidth":"2.5"}},{"type":"Feature","geometry":{"type":"Point","coordinates":[11.0311007,49.5774739]},"properties":{"maxheight":"2"}},{"type":"Feature","geometry":{"type":"Point","coordinates":[11.0336017,49.4007213]},"properties":{"maxheight":"2.2"}},{"type":"Feature","geometry":{"type":"Point","coordinates":[11.0323295,49.4021521]},"properties":{"maxheight":"2"}},{"type":"Feature","geometry":{"type":"Point","coordinates":[11.9054281,49.509317]},"properties":{"maxwidth":"0.8"}},{"type":"Feature","geometry":{"type":"Point","coordinates":[11.906453,49.5090095]},"properties":{"maxwidth":"3"}},{"type":"Feature","geometry":{"type":"Point","coordinates":[11.9061414,49.5103761]},"properties":{"maxwidth":"0.8"}},{"type":"Feature","geometry":{"type":"Point","coordinates":[11.9078442,49.5077878]},"properties":{"maxwidth":"3"}},{"type":"Feature","geometry":{"type":"Point","coordinates":[11.050635,49.4611842]},"properties":{"maxheight":"2"}},{"type":"Feature","geometry":{"type":"Point","coordinates":[11.0592128,49.4582223]},"properties":{"maxheight":"1.9"}},{"type":"Feature","geometry":{"type":"Point","coordinates":[11.9136214,49.5374679]},"properties":{"maxwidth":"3.5"}},{"type":"Feature","geometry":{"type":"Point","coordinates":[11.057832,49.4731565]},"properties":{"maxheight":"2"}},{"type":"Feature","geometry":{"type":"Point","coordinates":[11.0165906,49.5734295]},"properties":{"maxheight":"2"}},{"type":"Feature","geometry":{"type":"Point","coordinates":[11.0168168,49.5734214]},"properties":{"maxheight":"2"}},{"type":"Feature","geometry":{"type":"Point","coordinates":[11.0642228,49.4639232]},"properties":{"maxheight":"below_default"}},{"type":"Feature","geometry":{"type":"Point","coordinates":[11.0943825,49.4859886]},"properties":{"maxheight":"2","maxweight":"2.5 to"}},{"type":"Feature","geometry":{"type":"Point","coordinates":[11.0546552,49.46975]},"properties":{"maxheight":"below_default"}},{"type":"Feature","geometry":{"type":"Point","coordinates":[11.0554139,49.4655909]},"properties":{"maxweight":"1.175"}},{"type":"Feature","geometry":{"type":"Point","coordinates":[11.0545438,49.4658061]},"properties":{"maxweight":"1.175"}},{"type":"Feature","geometry":{"type":"Point","coordinates":[11.0591582,49.4801412]},"properties":{"maxheight":"2"}},{"type":"Feature","geometry":{"type":"Point","coordinates":[11.1337842,49.4600936]},"properties":{"maxheight":"2"}},{"type":"Feature","geometry":{"type":"Point","coordinates":[11.1830842,49.1805585]},"properties":{"maxheight":"2.6","maxweight":"2.58"}},{"type":"Feature","geometry":{"type":"Point","coordinates":[11.0310938,49.5774744]},"properties":{"maxheight":"2"}},{"type":"Feature","geometry":{"type":"Point","coordinates":[11.4170225,49.5068572]},"properties":{"maxheight":"2"}},{"type":"Feature","geometry":{"type":"Point","coordinates":[11.4276254,49.5077113]},"properties":{"maxheight":"2"}},{"type":"Feature","geometry":{"type":"Point","coordinates":[11.8686588,49.4454743]},"properties":{"maxheight":"2.05"}},{"type":"Feature","geometry":{"type":"Point","coordinates":[11.4251779,49.5085703]},"properties":{"maxheight":"below_default"}},{"type":"Feature","geometry":{"type":"Point","coordinates":[11.7431834,49.4753346]},"properties":{"maxweight":"7.5"}},{"type":"Feature","geometry":{"type":"Point","coordinates":[11.1077039,49.4770031]},"properties":{"maxheight":"1.85"}},{"type":"Feature","geometry":{"type":"Point","coordinates":[11.0015532,49.591809]},"properties":{"maxheight":"2"}},{"type":"Feature","geometry":{"type":"Point","coordinates":[11.0066983,49.5942896]},"properties":{"maxheight":"2"}},{"type":"Feature","geometry":{"type":"Point","coordinates":[11.0065693,49.5945949]},"properties":{"maxheight":"2"}},{"type":"Feature","geometry":{"type":"Point","coordinates":[11.0057062,49.596439]},"properties":{"maxheight":"below_default"}},{"type":"Feature","geometry":{"type":"Point","coordinates":[11.0754818,49.4434713]},"properties":{"maxheight":"below_default"}},{"type":"Feature","geometry":{"type":"Point","coordinates":[11.0546709,49.4412281]},"properties":{"maxheight":"2.1"}},{"type":"Feature","geometry":{"type":"Point","coordinates":[11.0523734,49.4568203]},"properties":{"maxheight":"2.0"}},{"type":"Feature","geometry":{"type":"Point","coordinates":[11.0525198,49.457097]},"properties":{"maxheight":"2.0"}},{"type":"Feature","geometry":{"type":"Point","coordinates":[11.4156751,49.508256]},"properties":{"maxheight":"below_default"}},{"type":"Feature","geometry":{"type":"Point","coordinates":[11.0778232,49.4457926]},"properties":{"maxheight":"2.2"}},{"type":"Feature","geometry":{"type":"Point","coordinates":[11.0778323,49.4458602]},"properties":{"maxheight":"3.8"}},{"type":"Feature","geometry":{"type":"Point","coordinates":[11.0118715,49.5930283]},"properties":{"maxheight":"2"}},{"type":"Feature","geometry":{"type":"Point","coordinates":[11.014046,49.5788341]},"properties":{"maxheight":"2"}},{"type":"Feature","geometry":{"type":"Point","coordinates":[11.4111372,49.7605757]},"properties":{"maxheight":"2.00","maxweight":"170 kg"}},{"type":"Feature","geometry":{"type":"Point","coordinates":[11.092436,49.245018]},"properties":{"maxheight":"2"}},{"type":"Feature","geometry":{"type":"Point","coordinates":[11.915089,49.552307]},"properties":{"maxwidth":"3"}},{"type":"Feature","geometry":{"type":"Point","coordinates":[11.8997289,49.59036]},"properties":{"maxwidth":"2.5"}},{"type":"Feature","geometry":{"type":"Point","coordinates":[11.9027124,49.5695168]},"properties":{"maxwidth":"4"}},{"type":"Feature","geometry":{"type":"Point","coordinates":[11.0835568,49.2403011]},"properties":{"maxheight":"1.9"}},{"type":"Feature","geometry":{"type":"Point","coordinates":[11.021696,49.5921049]},"properties":{"maxheight":"below_default"}},{"type":"Feature","geometry":{"type":"Point","coordinates":[11.0642491,49.4429626]},"properties":{"maxheight":"2.05"}},{"type":"Feature","geometry":{"type":"Point","coordinates":[11.3452017,49.8462607]},"properties":{"hgv":"no"}},{"type":"Feature","geometry":{"type":"Point","coordinates":[11.4406063,49.4986202]},"properties":{"maxheight":"2"}},{"type":"Feature","geometry":{"type":"Point","coordinates":[11.0748626,49.4540242]},"properties":{"maxheight":"2.1"}},{"type":"Feature","geometry":{"type":"Point","coordinates":[11.074859,49.4540509]},"properties":{"maxheight":"2.1"}},{"type":"Feature","geometry":{"type":"Point","coordinates":[11.1868292,49.1845468]},"properties":{"maxheight":"3.6"}},{"type":"Feature","geometry":{"type":"Point","coordinates":[11.8733924,49.5650472]},"properties":{"maxwidth":"4"}},{"type":"Feature","geometry":{"type":"Point","coordinates":[11.8706489,49.5612125]},"properties":{"maxwidth":"4"}},{"type":"Feature","geometry":{"type":"Point","coordinates":[11.0238603,49.43929]},"properties":{"maxweight":"1.125"}},{"type":"Feature","geometry":{"type":"Point","coordinates":[11.1276706,49.4159447]},"properties":{"maxheight":"below_default"}},{"type":"Feature","geometry":{"type":"Point","coordinates":[11.1284916,49.4153835]},"properties":{"maxheight":"below_default"}},{"type":"Feature","geometry":{"type":"Point","coordinates":[11.1078335,49.4589541]},"properties":{"maxheight":"2.1"}},{"type":"Feature","geometry":{"type":"Point","coordinates":[11.1837229,49.6720164]},"properties":{"maxheight":"2"}},{"type":"Feature","geometry":{"type":"Point","coordinates":[11.0248153,49.5927268]},"properties":{"maxheight":"2.1"}},{"type":"Feature","geometry":{"type":"Point","coordinates":[11.0200705,49.5948238]},"properties":{"maxheight":"2.5"}},{"type":"Feature","geometry":{"type":"Point","coordinates":[11.0273174,49.5925961]},"properties":{"maxheight":"1.9 m"}},{"type":"Feature","geometry":{"type":"Point","coordinates":[11.0200303,49.5845319]},"properties":{"maxheight":"below_default"}},{"type":"Feature","geometry":{"type":"Point","coordinates":[11.0188764,49.5845356]},"properties":{"maxheight":"2"}},{"type":"Feature","geometry":{"type":"Point","coordinates":[11.0534611,49.4440065]},"properties":{"maxheight":"1.95"}},{"type":"Feature","geometry":{"type":"Point","coordinates":[11.0365132,49.6595111]},"properties":{"maxheight":"below_default"}},{"type":"Feature","geometry":{"type":"Point","coordinates":[11.0121161,49.5890147]},"properties":{"maxheight":"2"}},{"type":"Feature","geometry":{"type":"Point","coordinates":[11.0119498,49.5888823]},"properties":{"maxheight":"2"}},{"type":"Feature","geometry":{"type":"Point","coordinates":[11.0120516,49.5888707]},"properties":{"maxheight":"2"}},{"type":"Feature","geometry":{"type":"Point","coordinates":[11.0693315,49.4612298]},"properties":{"maxheight":"3.5"}},{"type":"Feature","geometry":{"type":"Point","coordinates":[11.0208935,49.5908803]},"properties":{"maxheight":"2 m"}},{"type":"Feature","geometry":{"type":"Point","coordinates":[11.3452565,49.8460596]},"properties":{"hgv":"no"}},{"type":"Feature","geometry":{"type":"Point","coordinates":[11.912924,49.6197502]},"properties":{"maxwidth":"2.2"}},{"type":"Feature","geometry":{"type":"Point","coordinates":[11.8993591,49.6284512]},"properties":{"maxwidth":"4"}},{"type":"Feature","geometry":{"type":"Point","coordinates":[11.0013442,49.5765857]},"properties":{"maxheight":"2"}},{"type":"Feature","geometry":{"type":"Point","coordinates":[11.0003959,49.5768789]},"properties":{"maxheight":"2"}},{"type":"Feature","geometry":{"type":"Point","coordinates":[11.0023063,49.5762615]},"properties":{"maxheight":"2"}},{"type":"Feature","geometry":{"type":"Point","coordinates":[11.0199631,49.5795569]},"properties":{"maxheight":"below_default"}},{"type":"Feature","geometry":{"type":"Point","coordinates":[11.3162988,49.4070814]},"properties":{"hgv":"yes"}},{"type":"Feature","geometry":{"type":"Point","coordinates":[11.0191624,49.5918262]},"properties":{"maxheight":"below_default"}},{"type":"Feature","geometry":{"type":"Point","coordinates":[11.9094441,49.5422266]},"properties":{"maxwidth":"3"}},{"type":"Feature","geometry":{"type":"Point","coordinates":[11.0050629,49.5881702]},"properties":{"maxheight":"2"}},{"type":"Feature","geometry":{"type":"Point","coordinates":[11.0066185,49.5944307]},"properties":{"maxheight":"2"}},{"type":"Feature","geometry":{"type":"Point","coordinates":[11.0066864,49.5943092]},"properties":{"maxheight":"1.9"}},{"type":"Feature","geometry":{"type":"Point","coordinates":[11.0285938,49.4379119]},"properties":{"maxheight":"2"}},{"type":"Feature","geometry":{"type":"Point","coordinates":[11.0289195,49.4380384]},"properties":{"maxheight":"2"}},{"type":"Feature","geometry":{"type":"Point","coordinates":[11.0899337,49.4540355]},"properties":{"maxheight":"2.1"}},{"type":"Feature","geometry":{"type":"Point","coordinates":[11.2816809,49.5095679]},"properties":{"hgv":"no"}},{"type":"Feature","geometry":{"type":"Point","coordinates":[11.0638943,49.464042]},"properties":{"maxweight":"1.125"}},{"type":"Feature","geometry":{"type":"Point","coordinates":[11.0065832,49.5945746]},"properties":{"maxheight":"2"}},{"type":"Feature","geometry":{"type":"Point","coordinates":[11.0803503,49.4922809]},"properties":{"maxheight":"2.1","maxweight":"3"}},{"type":"Feature","geometry":{"type":"Point","coordinates":[11.0693471,49.716559]},"properties":{"maxheight":"2"}},{"type":"Feature","geometry":{"type":"Point","coordinates":[11.0536726,49.5932584]},"properties":{"maxheight":"below_default"}},{"type":"Feature","geometry":{"type":"Point","coordinates":[11.0399416,49.652301]},"properties":{"maxheight":"below_default"}},{"type":"Feature","geometry":{"type":"Point","coordinates":[11.4324631,49.2786623]},"properties":{"maxheight":"4.0"}},{"type":"Feature","geometry":{"type":"Point","coordinates":[11.0036403,49.5787049]},"properties":{"maxheight":"2.1"}},{"type":"Feature","geometry":{"type":"Point","coordinates":[11.0125352,49.5919722]},"properties":{"maxheight":"1.9"}},{"type":"Feature","geometry":{"type":"Point","coordinates":[11.8858618,49.5757499]},"properties":{"maxwidth":"2"}},{"type":"Feature","geometry":{"type":"Point","coordinates":[11.0081961,49.5901958]},"properties":{"maxheight":"2"}},{"type":"Feature","geometry":{"type":"Point","coordinates":[11.0338226,49.5897272]},"properties":{"maxheight":"below_default"}},{"type":"Feature","geometry":{"type":"Point","coordinates":[11.0157737,49.5919095]},"properties":{"maxheight":"1.9"}},{"type":"Feature","geometry":{"type":"Point","coordinates":[11.7982822,49.6261899]},"properties":{"maxwidth":"1"}},{"type":"Feature","geometry":{"type":"Point","coordinates":[11.0705666,49.4520117]},"properties":{"maxheight":"2.1"}},{"type":"Feature","geometry":{"type":"Point","coordinates":[11.8582867,49.5331732]},"properties":{"maxwidth":"3"}},{"type":"Feature","geometry":{"type":"Point","coordinates":[11.8603753,49.5336571]},"properties":{"maxwidth":"5"}},{"type":"Feature","geometry":{"type":"Point","coordinates":[11.8602035,49.533649]},"properties":{"maxwidth":"5"}},{"type":"Feature","geometry":{"type":"Point","coordinates":[11.9903511,49.0306181]},"properties":{"maxwidth":"4"}},{"type":"Feature","geometry":{"type":"Point","coordinates":[11.0195569,49.5884237]},"properties":{"maxheight":"below_default"}},{"type":"Feature","geometry":{"type":"Point","coordinates":[11.0191066,49.5881421]},"properties":{"maxheight":"below_default"}},{"type":"Feature","geometry":{"type":"Point","coordinates":[11.0752554,49.7209242]},"properties":{"maxheight":"2"}},{"type":"Feature","geometry":{"type":"Point","coordinates":[11.9669917,49.582879]},"properties":{"maxwidth":"4"}},{"type":"Feature","geometry":{"type":"Point","coordinates":[11.9686415,49.5798395]},"properties":{"maxwidth":"4"}},{"type":"Feature","geometry":{"type":"Point","coordinates":[11.9879982,49.584018]},"properties":{"maxwidth":"0.8"}},{"type":"Feature","geometry":{"type":"Point","coordinates":[11.077026,49.7143872]},"properties":{"maxheight":"2.05"}},{"type":"Feature","geometry":{"type":"Point","coordinates":[11.0769693,49.7142712]},"properties":{"maxheight":"2.05"}},{"type":"Feature","geometry":{"type":"Point","coordinates":[11.070026,49.4464028]},"properties":{"maxheight":"2"}},{"type":"Feature","geometry":{"type":"Point","coordinates":[11.0086575,49.399063]},"properties":{"maxheight":"below_default"}},{"type":"Feature","geometry":{"type":"Point","coordinates":[11.8858648,49.5759398]},"properties":{"maxwidth":"2"}},{"type":"Feature","geometry":{"type":"Point","coordinates":[11.885862,49.575705]},"properties":{"maxwidth":"1"}},{"type":"Feature","geometry":{"type":"Point","coordinates":[11.0297441,49.4607911]},"properties":{"maxheight":"2.1"}},{"type":"Feature","geometry":{"type":"Point","coordinates":[11.0289979,49.4605228]},"properties":{"maxheight":"2.1"}},{"type":"Feature","geometry":{"type":"Point","coordinates":[11.0396757,49.6556482]},"properties":{"maxheight":"2"}},{"type":"Feature","geometry":{"type":"Point","coordinates":[11.3496722,49.3060029]},"properties":{"maxheight":"2"}},{"type":"Feature","geometry":{"type":"Point","coordinates":[11.4595703,49.2763275]},"properties":{"maxheight":"1.9"}},{"type":"Feature","geometry":{"type":"Point","coordinates":[11.0274357,49.4379332]},"properties":{"maxheight":"2"}},{"type":"Feature","geometry":{"type":"Point","coordinates":[11.0063123,49.576078]},"properties":{"maxheight":"2","maxweight":"2.5"}},{"type":"Feature","geometry":{"type":"Point","coordinates":[11.1304371,49.6105661]},"properties":{"maxheight":"2"}},{"type":"Feature","geometry":{"type":"Point","coordinates":[11.0286332,49.5955928]},"properties":{"maxheight":"2.3"}},{"type":"Feature","geometry":{"type":"Point","coordinates":[11.0126109,49.5928608]},"properties":{"maxheight":"1.9"}},{"type":"Feature","geometry":{"type":"Point","coordinates":[11.0050766,49.5742282]},"properties":{"maxheight":"2.1"}},{"type":"Feature","geometry":{"type":"Point","coordinates":[11.4614878,49.2786403]},"properties":{"maxheight":"2"}},{"type":"Feature","geometry":{"type":"Point","coordinates":[11.4112398,49.7602675]},"properties":{"maxweight":"170 kg"}},{"type":"Feature","geometry":{"type":"Point","coordinates":[11.4119267,49.7601842]},"properties":{"maxweight":"150 kg"}},{"type":"Feature","geometry":{"type":"Point","coordinates":[11.4121969,49.7599597]},"properties":{"maxweight":"87 kg"}},{"type":"Feature","geometry":{"type":"Point","coordinates":[11.4122127,49.7597247]},"properties":{"maxweight":"80 kg"}},{"type":"Feature","geometry":{"type":"Point","coordinates":[11.9931266,49.5808567]},"properties":{"maxwidth":"0.8"}},{"type":"Feature","geometry":{"type":"Point","coordinates":[11.9933961,49.5808695]},"properties":{"maxwidth":"0.8"}},{"type":"Feature","geometry":{"type":"Point","coordinates":[11.0641975,49.4538757]},"properties":{"maxheight":"3.5"}},{"type":"Feature","geometry":{"type":"Point","coordinates":[11.9195337,49.4941733]},"properties":{"maxwidth":"0.4"}},{"type":"Feature","geometry":{"type":"Point","coordinates":[11.0390366,49.6540044]},"properties":{"maxheight":"below_default"}},{"type":"Feature","geometry":{"type":"Point","coordinates":[11.8756333,49.5675462]},"properties":{"maxwidth":"3"}},{"type":"Feature","geometry":{"type":"Point","coordinates":[11.8840738,49.5671182]},"properties":{"maxwidth":"0.7"}},{"type":"Feature","geometry":{"type":"Point","coordinates":[11.1196274,49.4539937]},"properties":{"maxweight":"1.05"}},{"type":"Feature","geometry":{"type":"Point","coordinates":[11.9403405,49.5964933]},"properties":{"maxwidth":"3"}},{"type":"Feature","geometry":{"type":"Point","coordinates":[11.9409025,49.5964968]},"properties":{"maxwidth":"3"}},{"type":"Feature","geometry":{"type":"Point","coordinates":[11.9434531,49.5961508]},"properties":{"maxwidth":"4"}},{"type":"Feature","geometry":{"type":"Point","coordinates":[11.0111715,49.6300889]},"properties":{"maxheight":"2.1"}},{"type":"Feature","geometry":{"type":"Point","coordinates":[11.0120727,49.4079352]},"properties":{"maxheight":"below_default"}},{"type":"Feature","geometry":{"type":"Point","coordinates":[11.457759,49.2764532]},"properties":{"maxheight":"2"}},{"type":"Feature","geometry":{"type":"Point","coordinates":[11.4585436,49.2830143]},"properties":{"maxheight":"2.2"}},{"type":"Feature","geometry":{"type":"Point","coordinates":[11.4567149,49.2842074]},"properties":{"maxheight":"2.2"}},{"type":"Feature","geometry":{"type":"Point","coordinates":[11.4586482,49.2830376]},"properties":{"maxheight":"4.1"}},{"type":"Feature","geometry":{"type":"Point","coordinates":[11.8835912,49.5599556]},"properties":{"maxwidth":"4"}},{"type":"Feature","geometry":{"type":"Point","coordinates":[11.0920917,49.2454889]},"properties":{"goods":"no"}},{"type":"Feature","geometry":{"type":"Point","coordinates":[11.021583,49.5865301]},"properties":{"maxheight":"1.9"}},{"type":"Feature","geometry":{"type":"Point","coordinates":[11.0109305,49.627426]},"properties":{"maxheight":"2"}},{"type":"Feature","geometry":{"type":"Point","coordinates":[11.005984,49.57473]},"properties":{"maxheight":"2.1"}},{"type":"Feature","geometry":{"type":"Point","coordinates":[11.0565687,49.4431974]},"properties":{"maxheight":"2"}},{"type":"Feature","geometry":{"type":"Point","coordinates":[11.0585178,49.7017804]},"properties":{"maxheight":"2.1"}},{"type":"Feature","geometry":{"type":"Point","coordinates":[11.4559466,49.2803489]},"properties":{"maxheight":"1.9"}},{"type":"Feature","geometry":{"type":"Point","coordinates":[11.0128511,49.5769362]},"properties":{"maxheight":"2"}},{"type":"Feature","geometry":{"type":"Point","coordinates":[11.1595351,49.4156329]},"properties":{"maxheight":"4"}},{"type":"Feature","geometry":{"type":"Point","coordinates":[11.9068592,49.5934441]},"properties":{"maxwidth":"3"}},{"type":"Feature","geometry":{"type":"Point","coordinates":[11.9069946,49.5933394]},"properties":{"maxwidth":"1"}},{"type":"Feature","geometry":{"type":"Point","coordinates":[11.0386777,49.6005372]},"properties":{"maxheight":"2"}},{"type":"Feature","geometry":{"type":"Point","coordinates":[11.461507,49.2786096]},"properties":{"maxheight":"2"}},{"type":"Feature","geometry":{"type":"Point","coordinates":[11.010208,49.4095191]},"properties":{"maxheight":"2"}},{"type":"Feature","geometry":{"type":"Point","coordinates":[11.9044502,49.6267141]},"properties":{"maxwidth":"4"}},{"type":"Feature","geometry":{"type":"Point","coordinates":[11.1317503,49.6130003]},"properties":{"maxheight":"3.2"}},{"type":"Feature","geometry":{"type":"Point","coordinates":[11.071313,49.4677522]},"properties":{"maxheight":"2.05"}},{"type":"Feature","geometry":{"type":"Point","coordinates":[11.0712054,49.4645585]},"properties":{"maxheight":"2"}},{"type":"Feature","geometry":{"type":"Point","coordinates":[11.0769558,49.4614823]},"properties":{"maxheight":"2.05"}},{"type":"Feature","geometry":{"type":"Point","coordinates":[11.0498183,49.433741]},"properties":{"maxheight":"2"}},{"type":"Feature","geometry":{"type":"Point","coordinates":[11.0655749,49.449381]},"properties":{"maxheight":"1.9"}},{"type":"Feature","geometry":{"type":"Point","coordinates":[11.997103,49.6146362]},"properties":{"maxwidth":"0.8"}},{"type":"Feature","geometry":{"type":"Point","coordinates":[11.4552186,49.282791]},"properties":{"maxheight":"2.1"}},{"type":"Feature","geometry":{"type":"Point","coordinates":[11.0219354,49.5930407]},"properties":{"maxheight":"2"}},{"type":"Feature","geometry":{"type":"Point","coordinates":[11.0660024,49.4479086]},"properties":{"maxheight":"default"}},{"type":"Feature","geometry":{"type":"Point","coordinates":[11.727883,49.1777056]},"properties":{"hgv":"no"}},{"type":"Feature","geometry":{"type":"Point","coordinates":[11.0779203,49.4429871]},"properties":{"maxheight":"2.1"}},{"type":"Feature","geometry":{"type":"Point","coordinates":[11.5628232,49.9394467]},"properties":{"maxheight":"2"}},{"type":"Feature","geometry":{"type":"Point","coordinates":[11.0855096,49.4577099]},"properties":{"maxheight":"2"}},{"type":"Feature","geometry":{"type":"Point","coordinates":[11.0854315,49.4576963]},"properties":{"maxheight":"2"}},{"type":"Feature","geometry":{"type":"Point","coordinates":[11.1291397,49.4862018]},"properties":{"maxheight":"2"}},{"type":"Feature","geometry":{"type":"Point","coordinates":[11.1297556,49.4868798]},"properties":{"maxheight":"2.1"}},{"type":"Feature","geometry":{"type":"Point","coordinates":[11.9928819,49.5345159]},"properties":{"maxwidth":"3"}},{"type":"Feature","geometry":{"type":"Point","coordinates":[11.8928533,49.5961758]},"properties":{"maxwidth":"3"}},{"type":"Feature","geometry":{"type":"Point","coordinates":[11.8886079,49.5977248]},"properties":{"maxwidth":"3"}},{"type":"Feature","geometry":{"type":"Point","coordinates":[11.8885915,49.5977414]},"properties":{"maxwidth":"1"}},{"type":"Feature","geometry":{"type":"Point","coordinates":[11.8989684,49.6069106]},"properties":{"maxwidth":"6"}},{"type":"Feature","geometry":{"type":"Point","coordinates":[11.1012863,49.4427276]},"properties":{"maxheight":"2"}},{"type":"Feature","geometry":{"type":"Point","coordinates":[11.8904185,49.5942665]},"properties":{"maxwidth":"4"}},{"type":"Feature","geometry":{"type":"Point","coordinates":[11.8971313,49.5927622]},"properties":{"maxwidth":"5"}},{"type":"Feature","geometry":{"type":"Point","coordinates":[11.8910281,49.5908427]},"properties":{"maxwidth":"4"}},{"type":"Feature","geometry":{"type":"Point","coordinates":[11.0178667,49.5792365]},"properties":{"maxheight":"2"}},{"type":"Feature","geometry":{"type":"Point","coordinates":[11.5442674,49.4109442]},"properties":{"hgv":"no"}},{"type":"Feature","geometry":{"type":"Point","coordinates":[11.00736,49.5894183]},"properties":{"maxheight":"1.50"}},{"type":"Feature","geometry":{"type":"Point","coordinates":[11.6172487,49.9866193]},"properties":{"maxwidth":"6"}},{"type":"Feature","geometry":{"type":"Point","coordinates":[11.0524991,49.4536234]},"properties":{"maxheight":"2"}},{"type":"Feature","geometry":{"type":"Point","coordinates":[11.0069788,49.5900418]},"properties":{"maxheight":"2"}},{"type":"Feature","geometry":{"type":"Point","coordinates":[11.3619195,49.3840762]},"properties":{"maxheight":"2.5"}},{"type":"Feature","geometry":{"type":"Point","coordinates":[11.0027915,49.590617]},"properties":{"maxheight":"2"}},{"type":"Feature","geometry":{"type":"Point","coordinates":[11.9022282,49.6206476]},"properties":{"maxwidth":"1"}},{"type":"Feature","geometry":{"type":"Point","coordinates":[11.8911934,49.6028334]},"properties":{"maxwidth":"0.9"}},{"type":"Feature","geometry":{"type":"Point","coordinates":[11.8979471,49.6036457]},"properties":{"maxwidth":"2"}},{"type":"Feature","geometry":{"type":"Point","coordinates":[11.8111999,49.4408423]},"properties":{"maxwidth":"2.5"}},{"type":"Feature","geometry":{"type":"Point","coordinates":[11.8111959,49.4408585]},"properties":{"maxwidth":"0.5"}},{"type":"Feature","geometry":{"type":"Point","coordinates":[11.0656073,49.4740465]},"properties":{"maxheight":"below_default"}},{"type":"Feature","geometry":{"type":"Point","coordinates":[11.8923985,49.8687069]},"properties":{"hgv":"no"}},{"type":"Feature","geometry":{"type":"Point","coordinates":[11.8875135,49.8720499]},"properties":{"hgv":"no"}},{"type":"Feature","geometry":{"type":"Point","coordinates":[11.884997,49.0886086]},"properties":{"hgv":"no"}},{"type":"Feature","geometry":{"type":"Point","coordinates":[11.7637714,49.487963]},"properties":{"maxlength":"12"}},{"type":"Feature","geometry":{"type":"Point","coordinates":[11.8116952,49.5284307]},"properties":{"hgv":"no"}},{"type":"Feature","geometry":{"type":"Point","coordinates":[11.8124293,49.5217025]},"properties":{"maxweight":"7.5"}},{"type":"Feature","geometry":{"type":"Point","coordinates":[11.5379781,49.2331948]},"properties":{"hgv":"no"}},{"type":"Feature","geometry":{"type":"Point","coordinates":[11.0421593,49.6696789]},"properties":{"maxheight":"2.1"}},{"type":"Feature","geometry":{"type":"Point","coordinates":[11.4266251,49.3538162]},"properties":{"maxweight":"6"}},{"type":"Feature","geometry":{"type":"Point","coordinates":[11.7974925,49.5172251]},"properties":{"maxweight":"7.5"}},{"type":"Feature","geometry":{"type":"Point","coordinates":[11.8129429,49.5319482]},"properties":{"hgv":"no"}},{"type":"Feature","geometry":{"type":"Point","coordinates":[11.6714937,49.2327478]},"properties":{"hgv":"no"}},{"type":"Feature","geometry":{"type":"Point","coordinates":[11.0561266,49.441956]},"properties":{"maxheight":"2.1"}},{"type":"Feature","geometry":{"type":"Point","coordinates":[11.0548179,49.4412012]},"properties":{"maxheight":"2.1"}},{"type":"Feature","geometry":{"type":"Point","coordinates":[11.0698347,49.3023124]},"properties":{"maxheight":"2.05"}},{"type":"Feature","geometry":{"type":"Point","coordinates":[11.0239851,49.424768]},"properties":{"maxheight":"2.1"}},{"type":"Feature","geometry":{"type":"Point","coordinates":[11.0197037,49.5951387]},"properties":{"maxheight":"2"}},{"type":"Feature","geometry":{"type":"Point","coordinates":[11.0078584,49.5920735]},"properties":{"maxheight":"3.8"}},{"type":"Feature","geometry":{"type":"Point","coordinates":[11.3390212,49.3170395]},"properties":{"hgv":"yes"}},{"type":"Feature","geometry":{"type":"Point","coordinates":[11.0949167,49.4223035]},"properties":{"maxheight":"2.00"}},{"type":"Feature","geometry":{"type":"Point","coordinates":[11.0938006,49.4227741]},"properties":{"maxheight":"2.00"}},{"type":"Feature","geometry":{"type":"Point","coordinates":[11.0924641,49.4248724]},"properties":{"maxheight":"2.1"}},{"type":"Feature","geometry":{"type":"Point","coordinates":[11.0932647,49.4524841]},"properties":{"maxheight":"2"}},{"type":"Feature","geometry":{"type":"Point","coordinates":[11.1184666,49.4734302]},"properties":{"maxheight":"1.9"}},{"type":"Feature","geometry":{"type":"Point","coordinates":[11.1114578,49.4509404]},"properties":{"maxheight":"2"}},{"type":"Feature","geometry":{"type":"Point","coordinates":[11.0703025,49.706934]},"properties":{"hgv":"no"}},{"type":"Feature","geometry":{"type":"Point","coordinates":[11.9215658,49.6136668]},"properties":{"maxheight":"2","maxwidth":"0.8"}},{"type":"Feature","geometry":{"type":"Point","coordinates":[11.9204156,49.6130663]},"properties":{"maxheight":"2","maxwidth":"0.8"}},{"type":"Feature","geometry":{"type":"Point","coordinates":[11.9251015,49.6109229]},"properties":{"maxheight":"2","maxwidth":"0.8"}},{"type":"Feature","geometry":{"type":"Point","coordinates":[11.9301157,49.6088551]},"properties":{"maxheight":"2","maxwidth":"0.8"}},{"type":"Feature","geometry":{"type":"Point","coordinates":[11.9331678,49.6100524]},"properties":{"maxwidth":"4"}},{"type":"Feature","geometry":{"type":"Point","coordinates":[11.9341201,49.6160902]},"properties":{"maxwidth":"5"}},{"type":"Feature","geometry":{"type":"Point","coordinates":[11.9303458,49.6133592]},"properties":{"maxwidth":"5"}},{"type":"Feature","geometry":{"type":"Point","coordinates":[11.9350496,49.611499]},"properties":{"maxwidth":"5"}},{"type":"Feature","geometry":{"type":"Point","coordinates":[11.0960557,49.4218214]},"properties":{"maxheight":"2.00"}},{"type":"Feature","geometry":{"type":"Point","coordinates":[11.9125228,49.6198074]},"properties":{"maxwidth":"2.2"}},{"type":"Feature","geometry":{"type":"Point","coordinates":[11.9130573,49.6194727]},"properties":{"maxwidth":"2.5"}},{"type":"Feature","geometry":{"type":"Point","coordinates":[11.9131959,49.6192221]},"properties":{"maxwidth":"3"}},{"type":"Feature","geometry":{"type":"Point","coordinates":[11.9123278,49.6193337]},"properties":{"maxwidth":"0.8"}},{"type":"Feature","geometry":{"type":"Point","coordinates":[11.0237604,49.5893129]},"properties":{"maxwidth":"4"}},{"type":"Feature","geometry":{"type":"Point","coordinates":[11.9179477,49.6212749]},"properties":{"maxwidth":"0.8"}},{"type":"Feature","geometry":{"type":"Point","coordinates":[11.9175951,49.6210951]},"properties":{"maxwidth":"0.8"}},{"type":"Feature","geometry":{"type":"Point","coordinates":[11.911605,49.619824]},"properties":{"maxwidth":"4"}},{"type":"Feature","geometry":{"type":"Point","coordinates":[11.9094868,49.6225018]},"properties":{"maxwidth":"1"}},{"type":"Feature","geometry":{"type":"Point","coordinates":[11.910294,49.6228754]},"properties":{"maxwidth":"2.5"}},{"type":"Feature","geometry":{"type":"Point","coordinates":[11.9096575,49.6229175]},"properties":{"maxwidth":"2.5"}},{"type":"Feature","geometry":{"type":"Point","coordinates":[11.9099865,49.6231358]},"properties":{"maxwidth":"3"}},{"type":"Feature","geometry":{"type":"Point","coordinates":[11.9099305,49.6228043]},"properties":{"maxwidth":"2"}},{"type":"Feature","geometry":{"type":"Point","coordinates":[11.9102014,49.622954]},"properties":{"maxwidth":"2"}},{"type":"Feature","geometry":{"type":"Point","coordinates":[11.9982062,49.5488638]},"properties":{"maxwidth":"0.8"}},{"type":"Feature","geometry":{"type":"Point","coordinates":[11.9941409,49.548292]},"properties":{"maxwidth":"3"}},{"type":"Feature","geometry":{"type":"Point","coordinates":[11.0105642,49.5903132]},"properties":{"maxheight":"2.10"}},{"type":"Feature","geometry":{"type":"Point","coordinates":[11.2043248,49.5473288]},"properties":{"maxweight":"6"}},{"type":"Feature","geometry":{"type":"Point","coordinates":[11.8993974,49.6284986]},"properties":{"maxwidth":"4"}},{"type":"Feature","geometry":{"type":"Point","coordinates":[11.8945245,49.6302025]},"properties":{"maxwidth":"7"}},{"type":"Feature","geometry":{"type":"Point","coordinates":[11.8741554,49.6330734]},"properties":{"maxwidth":"3"}},{"type":"Feature","geometry":{"type":"Point","coordinates":[11.0685346,49.4450864]},"properties":{"maxheight":"2.1"}},{"type":"Feature","geometry":{"type":"Point","coordinates":[11.9202386,49.6218299]},"properties":{"maxwidth":"4"}},{"type":"Feature","geometry":{"type":"Point","coordinates":[11.9199469,49.6218444]},"properties":{"maxwidth":"4"}},{"type":"Feature","geometry":{"type":"Point","coordinates":[11.0024455,49.3108304]},"properties":{"hgv":"yes"}},{"type":"Feature","geometry":{"type":"Point","coordinates":[11.0023195,49.3109324]},"properties":{"hgv":"yes"}},{"type":"Feature","geometry":{"type":"Point","coordinates":[11.0502487,49.4537579]},"properties":{"hgv":"destination"}},{"type":"Feature","geometry":{"type":"Point","coordinates":[11.0090802,49.5884471]},"properties":{"maxheight":"2.2"}},{"type":"Feature","geometry":{"type":"Point","coordinates":[11.057018,49.7262399]},"properties":{"maxheight":"2.1"}},{"type":"Feature","geometry":{"type":"Point","coordinates":[11.0149082,49.5952161]},"properties":{"maxheight":"2"}},{"type":"Feature","geometry":{"type":"Point","coordinates":[11.0973846,49.4212625]},"properties":{"maxheight":"2"}},{"type":"Feature","geometry":{"type":"Point","coordinates":[11.0924619,49.4234671]},"properties":{"maxheight":"2.05"}},{"type":"Feature","geometry":{"type":"Point","coordinates":[11.9657556,49.7128295]},"properties":{"maxheight":"2.2"}},{"type":"Feature","geometry":{"type":"Point","coordinates":[11.4429179,49.1083383]},"properties":{"maxweight":"3.5"}},{"type":"Feature","geometry":{"type":"Point","coordinates":[11.031533,49.592104]},"properties":{"maxheight":"1.9"}},{"type":"Feature","geometry":{"type":"Point","coordinates":[11.030787,49.5922362]},"properties":{"maxheight":"2.1"}},{"type":"Feature","geometry":{"type":"Point","coordinates":[11.9160418,49.6249022]},"properties":{"maxwidth":"4"}},{"type":"Feature","geometry":{"type":"Point","coordinates":[11.8882759,49.6330121]},"properties":{"maxwidth":"4"}},{"type":"Feature","geometry":{"type":"Point","coordinates":[11.1047361,49.4493196]},"properties":{"maxheight":"2.10"}},{"type":"Feature","geometry":{"type":"Point","coordinates":[11.0987365,49.4490617]},"properties":{"maxheight":"2.10","maxweight":"2.5"}},{"type":"Feature","geometry":{"type":"Point","coordinates":[11.3273878,49.5678872]},"properties":{"maxheight":"2.9"}},{"type":"Feature","geometry":{"type":"Point","coordinates":[11.0170555,49.5939006]},"properties":{"maxheight":"2"}},{"type":"Feature","geometry":{"type":"Point","coordinates":[11.0050463,49.5854788]},"properties":{"maxheight":"2"}},{"type":"Feature","geometry":{"type":"Point","coordinates":[11.0830683,49.4487168]},"properties":{"maxheight":"2.10"}},{"type":"Feature","geometry":{"type":"Point","coordinates":[11.0835253,49.449179]},"properties":{"maxheight":"1.90"}},{"type":"Feature","geometry":{"type":"Point","coordinates":[11.0326452,49.4581134]},"properties":{"maxheight":"2.0"}},{"type":"Feature","geometry":{"type":"Point","coordinates":[11.0326441,49.4582124]},"properties":{"maxheight":"2.0"}},{"type":"Feature","geometry":{"type":"Point","coordinates":[11.9076662,49.6354577]},"properties":{"maxwidth":"3"}},{"type":"Feature","geometry":{"type":"Point","coordinates":[11.9065879,49.6370251]},"properties":{"maxwidth":"3"}},{"type":"Feature","geometry":{"type":"Point","coordinates":[11.0043921,49.574439]},"properties":{"maxheight":"2.1"}},{"type":"Feature","geometry":{"type":"Point","coordinates":[11.0052956,49.5891089]},"properties":{"maxheight":"2.10"}},{"type":"Feature","geometry":{"type":"Point","coordinates":[11.3278938,49.5681736]},"properties":{"hgv":"designated"}},{"type":"Feature","geometry":{"type":"Point","coordinates":[11.0139105,49.6010613]},"properties":{"maxheight":"1.85"}},{"type":"Feature","geometry":{"type":"Point","coordinates":[11.0373946,49.5995611]},"properties":{"maxheight":"2.00"}},{"type":"Feature","geometry":{"type":"Point","coordinates":[11.0131214,49.6287338]},"properties":{"maxheight":"2.10"}},{"type":"Feature","geometry":{"type":"Point","coordinates":[11.0800652,49.4517402]},"properties":{"maxheight":"2"}},{"type":"Feature","geometry":{"type":"Point","coordinates":[11.0051206,49.5912334]},"properties":{"maxheight":"2"}},{"type":"Feature","geometry":{"type":"Point","coordinates":[11.0116174,49.5923097]},"properties":{"maxheight":"2.30"}},{"type":"Feature","geometry":{"type":"Point","coordinates":[11.0816242,49.4484923]},"properties":{"maxheight":"2.00"}},{"type":"Feature","geometry":{"type":"Point","coordinates":[11.022077,49.5995152]},"properties":{"maxheight":"2.00"}},{"type":"Feature","geometry":{"type":"Point","coordinates":[11.0697899,49.7075986]},"properties":{"hgv":"no"}},{"type":"Feature","geometry":{"type":"Point","coordinates":[11.9926554,49.5355526]},"properties":{"maxwidth":"5"}},{"type":"Feature","geometry":{"type":"Point","coordinates":[11.9928378,49.5344838]},"properties":{"maxwidth":"5"}},{"type":"Feature","geometry":{"type":"Point","coordinates":[11.9259468,49.6218506]},"properties":{"maxwidth":"4"}},{"type":"Feature","geometry":{"type":"Point","coordinates":[11.9246943,49.6218917]},"properties":{"maxwidth":"4"}},{"type":"Feature","geometry":{"type":"Point","coordinates":[11.0266688,49.5757506]},"properties":{"maxheight":"2"}},{"type":"Feature","geometry":{"type":"Point","coordinates":[11.0010003,49.4805849]},"properties":{"maxheight":"2.25"}},{"type":"Feature","geometry":{"type":"Point","coordinates":[11.0866158,49.447331]},"properties":{"maxheight":"2"}},{"type":"Feature","geometry":{"type":"Point","coordinates":[11.0922875,49.4478648]},"properties":{"maxheight":"2"}},{"type":"Feature","geometry":{"type":"Point","coordinates":[11.090616,49.4476744]},"properties":{"maxheight":"2"}},{"type":"Feature","geometry":{"type":"Point","coordinates":[11.0906042,49.4477174]},"properties":{"maxheight":"2"}},{"type":"Feature","geometry":{"type":"Point","coordinates":[11.0078204,49.592502]},"properties":{"maxheight":"2"}},{"type":"Feature","geometry":{"type":"Point","coordinates":[11.3428017,49.383279]},"properties":{"hgv":"no"}},{"type":"Feature","geometry":{"type":"Point","coordinates":[11.3428393,49.3832144]},"properties":{"hgv":"no"}},{"type":"Feature","geometry":{"type":"Point","coordinates":[11.3428715,49.3831463]},"properties":{"hgv":"no"}},{"type":"Feature","geometry":{"type":"Point","coordinates":[11.3432121,49.3832493]},"properties":{"hgv":"no"}},{"type":"Feature","geometry":{"type":"Point","coordinates":[11.3432363,49.3832039]},"properties":{"hgv":"no"}},{"type":"Feature","geometry":{"type":"Point","coordinates":[11.0698174,49.7077473]},"properties":{"hgv":"no"}},{"type":"Feature","geometry":{"type":"Point","coordinates":[11.9013793,49.7883402]},"properties":{"maxweight":"3.5"}},{"type":"Feature","geometry":{"type":"Point","coordinates":[11.0209129,49.5909715]},"properties":{"hgv":"destination","goods":"destination","maxweight":"2.8"}},{"type":"Feature","geometry":{"type":"Point","coordinates":[11.0055428,49.5877392]},"properties":{"hgv":"destination"}},{"type":"Feature","geometry":{"type":"Point","coordinates":[11.0072474,49.6034548]},"properties":{"maxweight":"12"}},{"type":"Feature","geometry":{"type":"Point","coordinates":[11.0130593,49.5935348]},"properties":{"hgv":"destination"}},{"type":"Feature","geometry":{"type":"Point","coordinates":[11.2371668,49.4588271]},"properties":{"maxheight":"default"}},{"type":"Feature","geometry":{"type":"Point","coordinates":[11.0142894,49.6007709]},"properties":{"maxheight":"3.5"}},{"type":"Feature","geometry":{"type":"Point","coordinates":[11.0106122,49.6005841]},"properties":{"maxweightrating:hgv":"7.5"}},{"type":"Feature","geometry":{"type":"Point","coordinates":[11.0461809,49.68778]},"properties":{"maxweight":"25"}},{"type":"Feature","geometry":{"type":"Point","coordinates":[11.342782,49.7649865]},"properties":{"maxheight":"2.5","maxweight":"3.5"}},{"type":"Feature","geometry":{"type":"Point","coordinates":[11.0319705,49.6063905]},"properties":{"hgv":"destination","maxweight":"1.5"}},{"type":"Feature","geometry":{"type":"Point","coordinates":[11.5669505,49.9447106]},"properties":{"maxweight":"5"}},{"type":"Feature","geometry":{"type":"Point","coordinates":[11.0010265,49.6088393]},"properties":{"maxweight":"7.5"}},{"type":"Feature","geometry":{"type":"Point","coordinates":[11.5508848,49.9390874]},"properties":{"maxweight":"3"}},{"type":"Feature","geometry":{"type":"Point","coordinates":[11.3271531,49.3370988]},"properties":{"maxweight":"7.5"}},{"type":"Feature","geometry":{"type":"Point","coordinates":[11.0159915,49.6043882]},"properties":{"hgv":"destination","maxweight":"7.5"}},{"type":"Feature","geometry":{"type":"Point","coordinates":[11.0365889,49.6026272]},"properties":{"hgv":"destination"}},{"type":"Feature","geometry":{"type":"Point","coordinates":[11.0706346,49.6416043]},"properties":{"maxweight":"3"}},{"type":"Feature","geometry":{"type":"Point","coordinates":[11.2046323,49.3603747]},"properties":{"maxweight":"3.5"}},{"type":"Feature","geometry":{"type":"Point","coordinates":[11.1298632,49.6130147]},"properties":{"maxheight":"3.2 m"}},{"type":"Feature","geometry":{"type":"Point","coordinates":[11.1222946,49.6115537]},"properties":{"maxweight":"7.5"}},{"type":"Feature","geometry":{"type":"Point","coordinates":[11.0665292,49.6187323]},"properties":{"maxweight":"1.5"}},{"type":"Feature","geometry":{"type":"Point","coordinates":[11.1277234,49.6148778]},"properties":{"maxheight":"3.2 m"}},{"type":"Feature","geometry":{"type":"Point","coordinates":[11.1265172,49.6139364]},"properties":{"maxweight":"7.5"}},{"type":"Feature","geometry":{"type":"Point","coordinates":[11.0819507,49.7198397]},"properties":{"maxweight":"2"}},{"type":"Feature","geometry":{"type":"Point","coordinates":[11.1997026,49.5768873]},"properties":{"maxweight":"7.5"}},{"type":"Feature","geometry":{"type":"Point","coordinates":[11.1290934,49.6132504]},"properties":{"maxheight":"3.2 m"}},{"type":"Feature","geometry":{"type":"Point","coordinates":[11.0323951,49.5512731]},"properties":{"maxheight":"default"}},{"type":"Feature","geometry":{"type":"Point","coordinates":[11.0329514,49.5575351]},"properties":{"maxheight":"default"}},{"type":"Feature","geometry":{"type":"Point","coordinates":[11.0046836,49.6471225]},"properties":{"maxweight":"24"}},{"type":"Feature","geometry":{"type":"Point","coordinates":[11.0042176,49.6520266]},"properties":{"maxweight":"7.5"}},{"type":"Feature","geometry":{"type":"Point","coordinates":[11.5775772,49.9481172]},"properties":{"maxwidth":"3","maxweight":"2.8"}},{"type":"Feature","geometry":{"type":"Point","coordinates":[11.5644764,49.9435922]},"properties":{"maxweight":"16"}},{"type":"Feature","geometry":{"type":"Point","coordinates":[11.0344124,49.7696341]},"properties":{"hgv":"no"}},{"type":"Feature","geometry":{"type":"Point","coordinates":[11.0565366,49.7698565]},"properties":{"maxweight":"18"}},{"type":"Feature","geometry":{"type":"Point","coordinates":[11.0324059,49.8025755]},"properties":{"maxweight":"7.5"}},{"type":"Feature","geometry":{"type":"Point","coordinates":[11.0133259,49.6603124]},"properties":{"maxweight":"6"}},{"type":"Feature","geometry":{"type":"Point","coordinates":[11.014487,49.65998]},"properties":{"maxweight":"16"}},{"type":"Feature","geometry":{"type":"Point","coordinates":[11.0163241,49.6595572]},"properties":{"maxweight":"16"}},{"type":"Feature","geometry":{"type":"Point","coordinates":[11.5724507,49.9439191]},"properties":{"maxweight":"7.5"}},{"type":"Feature","geometry":{"type":"Point","coordinates":[11.1559502,49.5387125]},"properties":{"hgv":"destination"}},{"type":"Feature","geometry":{"type":"Point","coordinates":[11.1234225,49.6101814]},"properties":{"maxweight":"7.5"}},{"type":"Feature","geometry":{"type":"Point","coordinates":[11.0032861,49.5654472]},"properties":{"maxweight":"7.5"}},{"type":"Feature","geometry":{"type":"Point","coordinates":[11.0311913,49.5380111]},"properties":{"maxheight":"default"}},{"type":"Feature","geometry":{"type":"Point","coordinates":[11.0306595,49.5436759]},"properties":{"maxheight":"default"}},{"type":"Feature","geometry":{"type":"Point","coordinates":[11.0478703,49.4957869]},"properties":{"hgv":"destination"}},{"type":"Feature","geometry":{"type":"Point","coordinates":[11.1755063,49.4136927]},"properties":{"maxheight":"default"}},{"type":"Feature","geometry":{"type":"Point","coordinates":[11.567133,49.9362093]},"properties":{"hgv":"destination"}},{"type":"Feature","geometry":{"type":"Point","coordinates":[11.2499594,49.6368072]},"properties":{"maxweight":"7.5"}},{"type":"Feature","geometry":{"type":"Point","coordinates":[11.5662702,49.9327308]},"properties":{"hgv":"destination"}},{"type":"Feature","geometry":{"type":"Point","coordinates":[11.5663186,49.9360333]},"properties":{"hgv":"destination"}},{"type":"Feature","geometry":{"type":"Point","coordinates":[11.1186943,49.5245353]},"properties":{"hgv":"no"}},{"type":"Feature","geometry":{"type":"Point","coordinates":[11.5799763,49.9534925]},"properties":{"hgv":"no"}},{"type":"Feature","geometry":{"type":"Point","coordinates":[11.5764453,49.9302534]},"properties":{"maxweight":"2"}},{"type":"Feature","geometry":{"type":"Point","coordinates":[11.5771551,49.9298368]},"properties":{"maxweight":"2"}},{"type":"Feature","geometry":{"type":"Point","coordinates":[11.5800809,49.9337438]},"properties":{"maxweight":"1.5"}},{"type":"Feature","geometry":{"type":"Point","coordinates":[11.0733235,49.4595458]},"properties":{"maxweight":"5.0"}},{"type":"Feature","geometry":{"type":"Point","coordinates":[11.0509566,49.4977992]},"properties":{"maxweight":"5"}},{"type":"Feature","geometry":{"type":"Point","coordinates":[11.0814926,49.4587285]},"properties":{"maxheight":"3.6"}},{"type":"Feature","geometry":{"type":"Point","coordinates":[11.5572321,49.8977156]},"properties":{"maxweight":"3.5"}},{"type":"Feature","geometry":{"type":"Point","coordinates":[11.0060942,49.480031]},"properties":{"maxheight":"default"}},{"type":"Feature","geometry":{"type":"Point","coordinates":[11.5699988,49.9299155]},"properties":{"hgv":"destination"}},{"type":"Feature","geometry":{"type":"Point","coordinates":[11.0903954,49.5137171]},"properties":{"maxweight":"30"}},{"type":"Feature","geometry":{"type":"Point","coordinates":[11.558575,49.9182213]},"properties":{"maxweight":"2.8"}},{"type":"Feature","geometry":{"type":"Point","coordinates":[11.0811277,49.4660722]},"properties":{"maxweight":"7.5"}},{"type":"Feature","geometry":{"type":"Point","coordinates":[11.0168151,49.4855503]},"properties":{"maxweight":"3.5"}},{"type":"Feature","geometry":{"type":"Point","coordinates":[11.0843405,49.3208325]},"properties":{"maxheight":"default"}},{"type":"Feature","geometry":{"type":"Point","coordinates":[11.1108277,49.5026882]},"properties":{"maxweight":"7.5"}},{"type":"Feature","geometry":{"type":"Point","coordinates":[11.149117,49.5337687]},"properties":{"maxheight":"3.8"}},{"type":"Feature","geometry":{"type":"Point","coordinates":[11.0244729,49.3290455]},"properties":{"maxweight":"30"}},{"type":"Feature","geometry":{"type":"Point","coordinates":[11.018629,49.3313624]},"properties":{"maxweight":"5.5"}},{"type":"Feature","geometry":{"type":"Point","coordinates":[11.0936598,49.6072842]},"properties":{"maxweight":"1.5"}},{"type":"Feature","geometry":{"type":"Point","coordinates":[11.0227347,49.3289897]},"properties":{"hgv":"destination"}},{"type":"Feature","geometry":{"type":"Point","coordinates":[11.0413462,49.3380566]},"properties":{"maxweight":"7.5"}},{"type":"Feature","geometry":{"type":"Point","coordinates":[11.0354161,49.3404124]},"properties":{"maxweight":"3.5"}},{"type":"Feature","geometry":{"type":"Point","coordinates":[11.0722156,49.4522862]},"properties":{"hgv":"no"}},{"type":"Feature","geometry":{"type":"Point","coordinates":[11.1911107,49.2294746]},"properties":{"maxweight":"3.8"}},{"type":"Feature","geometry":{"type":"Point","coordinates":[11.1907867,49.2296426]},"properties":{"maxweight":"3.8"}},{"type":"Feature","geometry":{"type":"Point","coordinates":[11.0426613,49.3299321]},"properties":{"hgv":"delivery"}},{"type":"Feature","geometry":{"type":"Point","coordinates":[11.0447685,49.335867]},"properties":{"hgv":"delivery"}},{"type":"Feature","geometry":{"type":"Point","coordinates":[11.0458605,49.338245]},"properties":{"hgv":"delivery"}},{"type":"Feature","geometry":{"type":"Point","coordinates":[11.0617253,49.3340727]},"properties":{"maxheight":"default"}},{"type":"Feature","geometry":{"type":"Point","coordinates":[11.0396049,49.3325902]},"properties":{"maxheight":"default"}},{"type":"Feature","geometry":{"type":"Point","coordinates":[11.2042775,49.547288]},"properties":{"maxweight":"6"}},{"type":"Feature","geometry":{"type":"Point","coordinates":[11.2296309,49.5564455]},"properties":{"maxweight":"3"}},{"type":"Feature","geometry":{"type":"Point","coordinates":[11.0157046,49.5437429]},"properties":{"maxweight":"2.8"}},{"type":"Feature","geometry":{"type":"Point","coordinates":[11.0168509,49.5443383]},"properties":{"maxweight":"2.8"}},{"type":"Feature","geometry":{"type":"Point","coordinates":[11.1134043,49.6165064]},"properties":{"maxweight":"1.5"}},{"type":"Feature","geometry":{"type":"Point","coordinates":[11.097252,49.6269852]},"properties":{"maxweight":"2"}},{"type":"Feature","geometry":{"type":"Point","coordinates":[11.1060659,49.6265484]},"properties":{"maxweight":"3.5"}},{"type":"Feature","geometry":{"type":"Point","coordinates":[11.1237104,49.6094192]},"properties":{"maxweight":"7.5"}},{"type":"Feature","geometry":{"type":"Point","coordinates":[11.1277333,49.6141023]},"properties":{"hgv":"agricultural;delivery;recycling","maxheight":"3.2 m"}},{"type":"Feature","geometry":{"type":"Point","coordinates":[11.1268891,49.6140187]},"properties":{"hgv":"agricultural;delivery;recycling","maxheight":"3.2 m"}},{"type":"Feature","geometry":{"type":"Point","coordinates":[11.1259355,49.4634316]},"properties":{"hgv":"no"}},{"type":"Feature","geometry":{"type":"Point","coordinates":[11.0734039,49.4577658]},"properties":{"maxheight":"3.4"}},{"type":"Feature","geometry":{"type":"Point","coordinates":[11.1312555,49.5007729]},"properties":{"maxheight":"default"}},{"type":"Feature","geometry":{"type":"Point","coordinates":[11.1078407,49.5104187]},"properties":{"maxweight":"16"}},{"type":"Feature","geometry":{"type":"Point","coordinates":[11.1506821,49.5663453]},"properties":{"maxweight":"3.5"}},{"type":"Feature","geometry":{"type":"Point","coordinates":[11.0065494,49.4798475]},"properties":{"maxheight":"default"}},{"type":"Feature","geometry":{"type":"Point","coordinates":[11.3160894,49.3545786]},"properties":{"maxweight":"12"}},{"type":"Feature","geometry":{"type":"Point","coordinates":[11.0115874,49.6371015]},"properties":{"maxheight":"default"}},{"type":"Feature","geometry":{"type":"Point","coordinates":[11.5422389,49.9364314]},"properties":{"maxheight":"default"}},{"type":"Feature","geometry":{"type":"Point","coordinates":[11.2885722,49.4791325]},"properties":{"hgv":"forestry"}},{"type":"Feature","geometry":{"type":"Point","coordinates":[11.5788439,49.9533357]},"properties":{"hgv":"no"}},{"type":"Feature","geometry":{"type":"Point","coordinates":[11.4715396,49.0362865]},"properties":{"hgv":"delivery"}},{"type":"Feature","geometry":{"type":"Point","coordinates":[11.1530872,49.4769423]},"properties":{"maxweight":"12"}},{"type":"Feature","geometry":{"type":"Point","coordinates":[11.3154778,49.5277797]},"properties":{"maxheight":"4"}},{"type":"Feature","geometry":{"type":"Point","coordinates":[11.5035904,49.9406081]},"properties":{"maxweight":"3.8"}},{"type":"Feature","geometry":{"type":"Point","coordinates":[11.3378467,49.5970932]},"properties":{"maxweight":"7.8"}},{"type":"Feature","geometry":{"type":"Point","coordinates":[11.3389572,49.6056864]},"properties":{"maxweight":"5.5"}},{"type":"Feature","geometry":{"type":"Point","coordinates":[11.5925605,49.9332192]},"properties":{"hgv":"no"}},{"type":"Feature","geometry":{"type":"Point","coordinates":[11.7695357,49.8699119]},"properties":{"maxheight":"3.75"}},{"type":"Feature","geometry":{"type":"Point","coordinates":[11.0321631,49.6574324]},"properties":{"hgv":"destination"}},{"type":"Feature","geometry":{"type":"Point","coordinates":[11.5597207,49.9402301]},"properties":{"maxweight":"30"}},{"type":"Feature","geometry":{"type":"Point","coordinates":[11.3813294,49.0010294]},"properties":{"hgv":"destination","maxweight":"7.5"}},{"type":"Feature","geometry":{"type":"Point","coordinates":[11.1344762,49.7106622]},"properties":{"maxheight":"3.3"}},{"type":"Feature","geometry":{"type":"Point","coordinates":[11.0224816,49.5883625]},"properties":{"goods":"delivery"}},{"type":"Feature","geometry":{"type":"Point","coordinates":[11.4538581,49.0173456]},"properties":{"maxweightrating:hgv":"12"}},{"type":"Feature","geometry":{"type":"Point","coordinates":[11.449212,49.0174943]},"properties":{"maxweightrating:hgv":"12"}},{"type":"Feature","geometry":{"type":"Point","coordinates":[11.1306245,49.4614227]},"properties":{"maxweight":"1.5"}},{"type":"Feature","geometry":{"type":"Point","coordinates":[11.0540185,49.4260729]},"properties":{"maxheight":"4.0"}},{"type":"Feature","geometry":{"type":"Point","coordinates":[11.056829,49.4385068]},"properties":{"maxheight":"3.9"}},{"type":"Feature","geometry":{"type":"Point","coordinates":[11.7557612,49.208821]},"properties":{"hgv":"no"}},{"type":"Feature","geometry":{"type":"Point","coordinates":[11.720056,49.1649368]},"properties":{"maxheight":"default"}},{"type":"Feature","geometry":{"type":"Point","coordinates":[11.5982355,49.9218713]},"properties":{"maxheight":"2.8"}},{"type":"Feature","geometry":{"type":"Point","coordinates":[11.580613,49.9481318]},"properties":{"maxheight":"default"}},{"type":"Feature","geometry":{"type":"Point","coordinates":[11.6383398,49.2358418]},"properties":{"maxheight":"default"}},{"type":"Feature","geometry":{"type":"Point","coordinates":[11.7319729,49.1787959]},"properties":{"maxheight":"default"}},{"type":"Feature","geometry":{"type":"Point","coordinates":[11.0224295,49.5937817]},"properties":{"maxheight":"3.2"}},{"type":"Feature","geometry":{"type":"Point","coordinates":[11.0950834,49.4748134]},"properties":{"maxheight":"2","maxweight":"5.0"}},{"type":"Feature","geometry":{"type":"Point","coordinates":[11.0938644,49.475096]},"properties":{"maxheight":"2","maxweight":"5.0"}},{"type":"Feature","geometry":{"type":"Point","coordinates":[11.5934329,49.9428858]},"properties":{"hgv":"no"}},{"type":"Feature","geometry":{"type":"Point","coordinates":[11.5946913,49.9351945]},"properties":{"maxheight":"2.6"}},{"type":"Feature","geometry":{"type":"Point","coordinates":[11.4801115,49.2857464]},"properties":{"hgv":"delivery","maxweightrating:hgv":"7.5"}},{"type":"Feature","geometry":{"type":"Point","coordinates":[11.4632834,49.2823837]},"properties":{"hgv":"delivery"}},{"type":"Feature","geometry":{"type":"Point","coordinates":[11.4679021,49.2724115]},"properties":{"hgv":"delivery","maxweightrating:hgv":"7.5"}},{"type":"Feature","geometry":{"type":"Point","coordinates":[11.6072059,49.9538639]},"properties":{"maxheight":"2.6"}},{"type":"Feature","geometry":{"type":"Point","coordinates":[11.0186797,49.591021]},"properties":{"hgv":"designated","maxweight":"2.8"}},{"type":"Feature","geometry":{"type":"Point","coordinates":[11.9574441,49.0244845]},"properties":{"maxheight":"default"}},{"type":"Feature","geometry":{"type":"Point","coordinates":[11.9672497,49.0194033]},"properties":{"maxheight":"default"}},{"type":"Feature","geometry":{"type":"Point","coordinates":[11.3065448,49.3698933]},"properties":{"maxweight":"6"}},{"type":"Feature","geometry":{"type":"Point","coordinates":[11.3041855,49.3650982]},"properties":{"maxweight":"2.8"}},{"type":"Feature","geometry":{"type":"Point","coordinates":[11.3045565,49.3640064]},"properties":{"maxweight":"2.8"}},{"type":"Feature","geometry":{"type":"Point","coordinates":[11.9528999,49.0280706]},"properties":{"maxheight":"default"}},{"type":"Feature","geometry":{"type":"Point","coordinates":[11.1989063,49.2248557]},"properties":{"maxweight":"7.5"}},{"type":"Feature","geometry":{"type":"Point","coordinates":[11.0241428,49.5882237]},"properties":{"goods":"delivery"}},{"type":"Feature","geometry":{"type":"Point","coordinates":[11.1223725,49.5744244]},"properties":{"maxweight":"1.5"}},{"type":"Feature","geometry":{"type":"Point","coordinates":[11.1638717,49.4624182]},"properties":{"maxheight":"3.5"}},{"type":"Feature","geometry":{"type":"Point","coordinates":[11.0114394,49.7032847]},"properties":{"maxweight":"5.5"}},{"type":"Feature","geometry":{"type":"Point","coordinates":[11.0109941,49.4684644]},"properties":{"maxheight":"4"}},{"type":"Feature","geometry":{"type":"Point","coordinates":[11.0119426,49.5140098]},"properties":{"hgv":"no"}},{"type":"Feature","geometry":{"type":"Point","coordinates":[11.0374614,49.5086328]},"properties":{"maxheight":"3.7"}},{"type":"Feature","geometry":{"type":"Point","coordinates":[11.0538052,49.4892705]},"properties":{"maxweight":"5.5"}},{"type":"Feature","geometry":{"type":"Point","coordinates":[11.0603041,49.4896133]},"properties":{"maxweight":"5.5"}},{"type":"Feature","geometry":{"type":"Point","coordinates":[11.0568838,49.415611]},"properties":{"maxwidth":"12","maxlength":"190"}},{"type":"Feature","geometry":{"type":"Point","coordinates":[11.0211797,49.3283571]},"properties":{"maxheight":"2"}},{"type":"Feature","geometry":{"type":"Point","coordinates":[11.1936943,49.4655052]},"properties":{"maxweight":"12"}},{"type":"Feature","geometry":{"type":"Point","coordinates":[11.1226383,49.6120067]},"properties":{"maxweight":"7.5"}},{"type":"Feature","geometry":{"type":"Point","coordinates":[11.0238023,49.3761535]},"properties":{"maxweight":"5.5"}},{"type":"Feature","geometry":{"type":"Point","coordinates":[11.0516372,49.3228459]},"properties":{"maxheight":"3.5","maxweight":"7.5"}},{"type":"Feature","geometry":{"type":"Point","coordinates":[11.0545005,49.3214813]},"properties":{"maxheight":"3.5","maxweight":"7.5"}},{"type":"Feature","geometry":{"type":"Point","coordinates":[11.0528842,49.3230416]},"properties":{"maxheight":"3.5","maxweight":"7.5"}},{"type":"Feature","geometry":{"type":"Point","coordinates":[11.047159,49.3681915]},"properties":{"maxlength":"8"}},{"type":"Feature","geometry":{"type":"Point","coordinates":[11.0053339,49.3275925]},"properties":{"hgv":"no"}},{"type":"Feature","geometry":{"type":"Point","coordinates":[11.4384387,49.2807367]},"properties":{"maxweight":"30"}},{"type":"Feature","geometry":{"type":"Point","coordinates":[11.4525313,49.2758725]},"properties":{"hgv":"no"}},{"type":"Feature","geometry":{"type":"Point","coordinates":[11.470828,49.274027]},"properties":{"hgv":"delivery","maxweightrating:hgv":"7.5"}},{"type":"Feature","geometry":{"type":"Point","coordinates":[11.4781804,49.2807223]},"properties":{"hgv":"delivery","maxweightrating:hgv":"7.5"}},{"type":"Feature","geometry":{"type":"Point","coordinates":[11.478189,49.2870314]},"properties":{"maxweight":"7.5"}},{"type":"Feature","geometry":{"type":"Point","coordinates":[11.4634301,49.2803224]},"properties":{"hgv":"delivery"}},{"type":"Feature","geometry":{"type":"Point","coordinates":[11.4585081,49.2764518]},"properties":{"maxheight":"2"}},{"type":"Feature","geometry":{"type":"Point","coordinates":[11.4570729,49.2774194]},"properties":{"hgv":"delivery"}},{"type":"Feature","geometry":{"type":"Point","coordinates":[11.4461697,49.2886518]},"properties":{"hgv":"delivery","maxweightrating:hgv":"7.5"}},{"type":"Feature","geometry":{"type":"Point","coordinates":[11.4491766,49.2871415]},"properties":{"hgv":"delivery","maxweightrating:hgv":"7.5"}},{"type":"Feature","geometry":{"type":"Point","coordinates":[11.4612578,49.2859455]},"properties":{"hgv":"delivery"}},{"type":"Feature","geometry":{"type":"Point","coordinates":[11.4610892,49.2851711]},"properties":{"hgv":"delivery"}},{"type":"Feature","geometry":{"type":"Point","coordinates":[11.4662032,49.2864612]},"properties":{"hgv":"delivery"}},{"type":"Feature","geometry":{"type":"Point","coordinates":[11.4671795,49.2873125]},"properties":{"hgv":"delivery"}},{"type":"Feature","geometry":{"type":"Point","coordinates":[11.4681484,49.2906498]},"properties":{"maxweight":"7.5"}},{"type":"Feature","geometry":{"type":"Point","coordinates":[11.4759169,49.2878594]},"properties":{"maxweight":"7.5"}},{"type":"Feature","geometry":{"type":"Point","coordinates":[11.4762991,49.2881868]},"properties":{"maxweight":"7.5"}},{"type":"Feature","geometry":{"type":"Point","coordinates":[11.479243,49.286997]},"properties":{"maxweight":"7.5"}},{"type":"Feature","geometry":{"type":"Point","coordinates":[11.4814941,49.2872725]},"properties":{"maxweight":"7.5"}},{"type":"Feature","geometry":{"type":"Point","coordinates":[11.4805012,49.2876304]},"properties":{"maxweight":"7.5"}},{"type":"Feature","geometry":{"type":"Point","coordinates":[11.4827026,49.2877199]},"properties":{"maxweight":"7.5"}},{"type":"Feature","geometry":{"type":"Point","coordinates":[11.4822471,49.2884782]},"properties":{"maxweight":"7.5"}},{"type":"Feature","geometry":{"type":"Point","coordinates":[11.5022236,49.3103656]},"properties":{"maxweight":"18"}},{"type":"Feature","geometry":{"type":"Point","coordinates":[11.1919341,49.1887122]},"properties":{"hgv":"delivery","maxweight":"3.5"}},{"type":"Feature","geometry":{"type":"Point","coordinates":[11.1929602,49.1902739]},"properties":{"maxweight":"3.5"}},{"type":"Feature","geometry":{"type":"Point","coordinates":[11.4850574,49.2883166]},"properties":{"hgv":"agricultural"}},{"type":"Feature","geometry":{"type":"Point","coordinates":[11.4005295,49.2829157]},"properties":{"maxweight":"7.5"}},{"type":"Feature","geometry":{"type":"Point","coordinates":[11.4079276,49.2817698]},"properties":{"maxweight":"7.5"}},{"type":"Feature","geometry":{"type":"Point","coordinates":[11.4872861,49.3140983]},"properties":{"maxheight":"default"}},{"type":"Feature","geometry":{"type":"Point","coordinates":[11.4633475,49.2795237]},"properties":{"hgv":"delivery"}},{"type":"Feature","geometry":{"type":"Point","coordinates":[11.0047455,49.6470409]},"properties":{"maxweight":"24"}},{"type":"Feature","geometry":{"type":"Point","coordinates":[11.0905727,49.5140686]},"properties":{"maxheight":"default"}},{"type":"Feature","geometry":{"type":"Point","coordinates":[11.1803553,49.4678101]},"properties":{"hgv":"delivery"}},{"type":"Feature","geometry":{"type":"Point","coordinates":[11.1820229,49.468731]},"properties":{"hgv":"destination"}},{"type":"Feature","geometry":{"type":"Point","coordinates":[11.1212525,49.453032]},"properties":{"maxheight":"default"}},{"type":"Feature","geometry":{"type":"Point","coordinates":[11.5317079,49.9677916]},"properties":{"hgv":"destination"}},{"type":"Feature","geometry":{"type":"Point","coordinates":[11.1927138,49.1869619]},"properties":{"maxweight":"3.5"}},{"type":"Feature","geometry":{"type":"Point","coordinates":[11.0367126,49.3735252]},"properties":{"hgv":"no"}},{"type":"Feature","geometry":{"type":"Point","coordinates":[11.0325136,49.6566278]},"properties":{"hgv":"destination"}},{"type":"Feature","geometry":{"type":"Point","coordinates":[11.0269493,49.655719]},"properties":{"hgv":"delivery"}},{"type":"Feature","geometry":{"type":"Point","coordinates":[11.0389807,49.38253]},"properties":{"maxheight":"3.2"}},{"type":"Feature","geometry":{"type":"Point","coordinates":[11.039271,49.6951908]},"properties":{"maxweight":"5"}},{"type":"Feature","geometry":{"type":"Point","coordinates":[11.0495192,49.7219587]},"properties":{"maxweight":"5.5 t"}},{"type":"Feature","geometry":{"type":"Point","coordinates":[11.0618283,49.7089101]},"properties":{"maxweight":"30"}},{"type":"Feature","geometry":{"type":"Point","coordinates":[11.9537638,49.1613206]},"properties":{"hgv":"no","maxwidth":"2.3"}},{"type":"Feature","geometry":{"type":"Point","coordinates":[11.9554179,49.1614023]},"properties":{"maxweight":"6"}},{"type":"Feature","geometry":{"type":"Point","coordinates":[11.9505792,49.1612653]},"properties":{"maxheight":"3.3","maxwidth":"2.3"}},{"type":"Feature","geometry":{"type":"Point","coordinates":[11.9506333,49.1612902]},"properties":{"maxheight":"3.3","maxwidth":"2.3"}},{"type":"Feature","geometry":{"type":"Point","coordinates":[11.1022862,49.4664576]},"properties":{"maxweight":"2.8"}},{"type":"Feature","geometry":{"type":"Point","coordinates":[11.9605397,49.0697229]},"properties":{"maxwidth":"2.2 m"}},{"type":"Feature","geometry":{"type":"Point","coordinates":[11.1990917,49.39649]},"properties":{"maxheight":"default"}},{"type":"Feature","geometry":{"type":"Point","coordinates":[11.0720026,49.34]},"properties":{"maxheight":"default"}},{"type":"Feature","geometry":{"type":"Point","coordinates":[11.2395474,49.6250377]},"properties":{"hgv":"agricultural"}},{"type":"Feature","geometry":{"type":"Point","coordinates":[11.0810132,49.4171637]},"properties":{"maxweight":"24"}},{"type":"Feature","geometry":{"type":"Point","coordinates":[11.0819322,49.4184168]},"properties":{"maxweight":"24"}},{"type":"Feature","geometry":{"type":"Point","coordinates":[11.1336145,49.404235]},"properties":{"maxheight":"2.30"}},{"type":"Feature","geometry":{"type":"Point","coordinates":[11.4732208,49.3234072]},"properties":{"maxweight":"6"}},{"type":"Feature","geometry":{"type":"Point","coordinates":[11.5813952,49.958113]},"properties":{"hgv":"no"}},{"type":"Feature","geometry":{"type":"Point","coordinates":[11.1004145,49.6605368]},"properties":{"hgv":"no"}},{"type":"Feature","geometry":{"type":"Point","coordinates":[11.1863828,49.1891287]},"properties":{"hgv":"destination","maxweight":"3.5"}},{"type":"Feature","geometry":{"type":"Point","coordinates":[11.1832249,49.1926539]},"properties":{"maxweight":"3.5"}},{"type":"Feature","geometry":{"type":"Point","coordinates":[11.0629787,49.5283829]},"properties":{"maxweightrating:hgv":"16"}},{"type":"Feature","geometry":{"type":"Point","coordinates":[11.0710704,49.5282729]},"properties":{"maxweightrating:hgv":"16"}},{"type":"Feature","geometry":{"type":"Point","coordinates":[11.4495923,49.2779951]},"properties":{"maxheight":"default"}},{"type":"Feature","geometry":{"type":"Point","coordinates":[11.0451133,49.4974204]},"properties":{"hgv":"destination"}},{"type":"Feature","geometry":{"type":"Point","coordinates":[11.2937197,49.4770418]},"properties":{"hgv":"forestry"}},{"type":"Feature","geometry":{"type":"Point","coordinates":[11.0143143,49.4643025]},"properties":{"maxheight":"default"}},{"type":"Feature","geometry":{"type":"Point","coordinates":[11.295285,49.5174643]},"properties":{"maxheight":"3.6"}},{"type":"Feature","geometry":{"type":"Point","coordinates":[11.0119122,49.464841]},"properties":{"maxheight":"3.7"}},{"type":"Feature","geometry":{"type":"Point","coordinates":[11.0196757,49.4535709]},"properties":{"maxheight":"3.2"}},{"type":"Feature","geometry":{"type":"Point","coordinates":[11.2814275,49.5107047]},"properties":{"maxwidth":"2"}},{"type":"Feature","geometry":{"type":"Point","coordinates":[11.5808152,49.9564734]},"properties":{"maxheight":"default"}},{"type":"Feature","geometry":{"type":"Point","coordinates":[11.5968956,49.9553531]},"properties":{"hgv":"destination"}},{"type":"Feature","geometry":{"type":"Point","coordinates":[11.2901334,49.5075944]},"properties":{"hgv":"destination"}},{"type":"Feature","geometry":{"type":"Point","coordinates":[11.2809645,49.510269]},"properties":{"maxweight":"15"}},{"type":"Feature","geometry":{"type":"Point","coordinates":[11.2809108,49.5103332]},"properties":{"maxweight":"15"}},{"type":"Feature","geometry":{"type":"Point","coordinates":[11.2679198,49.5036682]},"properties":{"maxheight":"2.3"}},{"type":"Feature","geometry":{"type":"Point","coordinates":[11.2455072,49.4937548]},"properties":{"hgv":"destination"}},{"type":"Feature","geometry":{"type":"Point","coordinates":[11.0646318,49.4139058]},"properties":{"maxheight":"default"}},{"type":"Feature","geometry":{"type":"Point","coordinates":[11.4929604,49.9320496]},"properties":{"maxweight":"7.5"}},{"type":"Feature","geometry":{"type":"Point","coordinates":[11.9814757,49.0295725]},"properties":{"maxheight":"3.7"}},{"type":"Feature","geometry":{"type":"Point","coordinates":[11.0676649,49.4704183]},"properties":{"hgv":"no"}},{"type":"Feature","geometry":{"type":"Point","coordinates":[11.0691144,49.471045]},"properties":{"hgv":"no"}},{"type":"Feature","geometry":{"type":"Point","coordinates":[11.3670196,49.0223479]},"properties":{"maxheight":"4.1"}},{"type":"Feature","geometry":{"type":"Point","coordinates":[11.4733768,49.0354953]},"properties":{"hgv":"delivery"}},{"type":"Feature","geometry":{"type":"Point","coordinates":[11.5185559,49.0177321]},"properties":{"maxweight":"30"}},{"type":"Feature","geometry":{"type":"Point","coordinates":[11.5711781,49.9453319]},"properties":{"maxheight":"default"}},{"type":"Feature","geometry":{"type":"Point","coordinates":[11.2080707,49.1947016]},"properties":{"goods":"delivery"}},{"type":"Feature","geometry":{"type":"Point","coordinates":[11.0124411,49.4214202]},"properties":{"maxweight":"26"}},{"type":"Feature","geometry":{"type":"Point","coordinates":[11.2490982,49.6443361]},"properties":{"maxheight":"2.7"}},{"type":"Feature","geometry":{"type":"Point","coordinates":[11.1884578,49.1883628]},"properties":{"maxweight":"12"}},{"type":"Feature","geometry":{"type":"Point","coordinates":[11.177754,49.4767912]},"properties":{"maxheight":"default"}},{"type":"Feature","geometry":{"type":"Point","coordinates":[11.4910938,49.5590305]},"properties":{"maxheight":"3.6"}},{"type":"Feature","geometry":{"type":"Point","coordinates":[11.2148434,49.2407838]},"properties":{"maxheight":"3.4"}},{"type":"Feature","geometry":{"type":"Point","coordinates":[11.2153941,49.2416113]},"properties":{"maxheight":"3.4"}},{"type":"Feature","geometry":{"type":"Point","coordinates":[11.2327717,49.249673]},"properties":{"hgv":"no"}},{"type":"Feature","geometry":{"type":"Point","coordinates":[11.0431817,49.7403004]},"properties":{"maxweight":"12"}},{"type":"Feature","geometry":{"type":"Point","coordinates":[11.0473184,49.7446781]},"properties":{"maxweight":"24"}},{"type":"Feature","geometry":{"type":"Point","coordinates":[11.0471597,49.7446473]},"properties":{"maxweight":"24"}},{"type":"Feature","geometry":{"type":"Point","coordinates":[11.2978573,49.3947156]},"properties":{"maxheight":"2.5","maxwidth":"2.5"}},{"type":"Feature","geometry":{"type":"Point","coordinates":[11.2996396,49.4021868]},"properties":{"maxheight":"default"}},{"type":"Feature","geometry":{"type":"Point","coordinates":[11.2936967,49.4029966]},"properties":{"maxheight":"default"}},{"type":"Feature","geometry":{"type":"Point","coordinates":[11.6466598,49.9853069]},"properties":{"maxwidth":"4","maxweight":"5"}},{"type":"Feature","geometry":{"type":"Point","coordinates":[11.3584334,49.3859139]},"properties":{"maxheight":"2.8","maxweight":"3.5"}},{"type":"Feature","geometry":{"type":"Point","coordinates":[11.3613828,49.3769612]},"properties":{"maxheight":"4.2"}},{"type":"Feature","geometry":{"type":"Point","coordinates":[11.0385301,49.3824721]},"properties":{"maxheight":"3.2"}},{"type":"Feature","geometry":{"type":"Point","coordinates":[11.4970728,49.5046769]},"properties":{"hgv":"agricultural;destination"}},{"type":"Feature","geometry":{"type":"Point","coordinates":[11.0198139,49.310663]},"properties":{"maxheight":"default"}},{"type":"Feature","geometry":{"type":"Point","coordinates":[11.0505382,49.3226658]},"properties":{"hgv":"no","maxweight":"7.5"}},{"type":"Feature","geometry":{"type":"Point","coordinates":[11.0572066,49.3182254]},"properties":{"hgv":"delivery"}},{"type":"Feature","geometry":{"type":"Point","coordinates":[11.0584088,49.3224662]},"properties":{"hgv":"delivery"}},{"type":"Feature","geometry":{"type":"Point","coordinates":[11.1892269,49.0127283]},"properties":{"maxweight":"24"}},{"type":"Feature","geometry":{"type":"Point","coordinates":[11.2617648,49.5982446]},"properties":{"maxweight":"3.5"}},{"type":"Feature","geometry":{"type":"Point","coordinates":[11.3119546,49.6233568]},"properties":{"maxweight":"3.5"}},{"type":"Feature","geometry":{"type":"Point","coordinates":[11.0454981,49.4729174]},"properties":{"maxweight":"3"}},{"type":"Feature","geometry":{"type":"Point","coordinates":[11.1908469,49.1918537]},"properties":{"maxweight":"3.5"}},{"type":"Feature","geometry":{"type":"Point","coordinates":[11.2443185,49.4567767]},"properties":{"maxheight":"default"}},{"type":"Feature","geometry":{"type":"Point","coordinates":[11.2854099,49.5005604]},"properties":{"maxheight":"default"}},{"type":"Feature","geometry":{"type":"Point","coordinates":[11.3758397,49.6120112]},"properties":{"maxheight":"default"}},{"type":"Feature","geometry":{"type":"Point","coordinates":[11.1403658,49.4537107]},"properties":{"maxheight":"2"}},{"type":"Feature","geometry":{"type":"Point","coordinates":[11.1383287,49.4537515]},"properties":{"maxheight":"2"}},{"type":"Feature","geometry":{"type":"Point","coordinates":[11.1412973,49.4533929]},"properties":{"maxheight":"2"}},{"type":"Feature","geometry":{"type":"Point","coordinates":[11.1395576,49.4533377]},"properties":{"maxheight":"2"}},{"type":"Feature","geometry":{"type":"Point","coordinates":[11.0903385,49.2897421]},"properties":{"maxheight":"default"}},{"type":"Feature","geometry":{"type":"Point","coordinates":[11.1027236,49.2633285]},"properties":{"maxheight":"default"}},{"type":"Feature","geometry":{"type":"Point","coordinates":[11.1547204,49.4371774]},"properties":{"maxweight":"2"}},{"type":"Feature","geometry":{"type":"Point","coordinates":[11.1343326,49.4385259]},"properties":{"maxweight":"16"}},{"type":"Feature","geometry":{"type":"Point","coordinates":[11.2741373,49.5109802]},"properties":{"maxweight":"30"}},{"type":"Feature","geometry":{"type":"Point","coordinates":[11.2711843,49.5221453]},"properties":{"hgv":"delivery"}},{"type":"Feature","geometry":{"type":"Point","coordinates":[11.1110405,49.7208078]},"properties":{"maxweight":"3.5"}},{"type":"Feature","geometry":{"type":"Point","coordinates":[11.0859408,49.626415]},"properties":{"maxweight":"2"}},{"type":"Feature","geometry":{"type":"Point","coordinates":[11.3082682,49.4498877]},"properties":{"maxweight":"5"}},{"type":"Feature","geometry":{"type":"Point","coordinates":[11.1940392,49.4709825]},"properties":{"maxweight":"12"}},{"type":"Feature","geometry":{"type":"Point","coordinates":[11.5030448,49.9278462]},"properties":{"maxweight":"8"}},{"type":"Feature","geometry":{"type":"Point","coordinates":[11.5063775,49.9294837]},"properties":{"maxweight":"8"}},{"type":"Feature","geometry":{"type":"Point","coordinates":[11.5040774,49.9276255]},"properties":{"maxweight":"8"}},{"type":"Feature","geometry":{"type":"Point","coordinates":[11.5044951,49.9268332]},"properties":{"maxweight":"8"}},{"type":"Feature","geometry":{"type":"Point","coordinates":[11.5043929,49.926106]},"properties":{"maxweight":"8"}},{"type":"Feature","geometry":{"type":"Point","coordinates":[11.5037263,49.9267551]},"properties":{"maxweight":"8"}},{"type":"Feature","geometry":{"type":"Point","coordinates":[11.2328743,49.610343]},"properties":{"maxheight":"2.2"}},{"type":"Feature","geometry":{"type":"Point","coordinates":[11.502968,49.92674]},"properties":{"maxweight":"8"}},{"type":"Feature","geometry":{"type":"Point","coordinates":[11.0197977,49.6035658]},"properties":{"hgv":"destination","maxweight":"7.5"}},{"type":"Feature","geometry":{"type":"Point","coordinates":[11.0564974,49.7709353]},"properties":{"maxheight":"4"}},{"type":"Feature","geometry":{"type":"Point","coordinates":[11.2743868,49.4961047]},"properties":{"maxheight":"3.4"}},{"type":"Feature","geometry":{"type":"Point","coordinates":[11.0393965,49.5991597]},"properties":{"hgv":"destination"}},{"type":"Feature","geometry":{"type":"Point","coordinates":[11.3345239,49.5432099]},"properties":{"maxheight:physical":"3.2"}},{"type":"Feature","geometry":{"type":"Point","coordinates":[11.5022691,49.9314367]},"properties":{"maxweight":"3.5"}},{"type":"Feature","geometry":{"type":"Point","coordinates":[11.5043597,49.9296202]},"properties":{"hgv":"no","maxweight":"3.5"}},{"type":"Feature","geometry":{"type":"Point","coordinates":[11.5065519,49.9298266]},"properties":{"hgv":"no"}},{"type":"Feature","geometry":{"type":"Point","coordinates":[11.6039092,49.9605149]},"properties":{"hgv":"delivery"}},{"type":"Feature","geometry":{"type":"Point","coordinates":[11.6036077,49.9594245]},"properties":{"hgv":"delivery"}},{"type":"Feature","geometry":{"type":"Point","coordinates":[11.6025584,49.9597058]},"properties":{"hgv":"delivery"}},{"type":"Feature","geometry":{"type":"Point","coordinates":[11.602462,49.9595481]},"properties":{"hgv":"delivery"}},{"type":"Feature","geometry":{"type":"Point","coordinates":[11.6037509,49.9596504]},"properties":{"hgv":"delivery"}},{"type":"Feature","geometry":{"type":"Point","coordinates":[11.6023782,49.9607707]},"properties":{"hgv":"delivery"}},{"type":"Feature","geometry":{"type":"Point","coordinates":[11.6020274,49.9600194]},"properties":{"hgv":"delivery"}},{"type":"Feature","geometry":{"type":"Point","coordinates":[11.6043143,49.9604044]},"properties":{"hgv":"delivery"}},{"type":"Feature","geometry":{"type":"Point","coordinates":[11.1142914,49.7051406]},"properties":{"maxweight":"7.5"}},{"type":"Feature","geometry":{"type":"Point","coordinates":[11.1347396,49.7371565]},"properties":{"maxwidth":"3.2"}},{"type":"Feature","geometry":{"type":"Point","coordinates":[11.053513,49.7695221]},"properties":{"maxweight":"10"}},{"type":"Feature","geometry":{"type":"Point","coordinates":[11.2745593,49.4964307]},"properties":{"maxheight":"3.4"}},{"type":"Feature","geometry":{"type":"Point","coordinates":[11.0681178,49.6854013]},"properties":{"hgv":"destination"}},{"type":"Feature","geometry":{"type":"Point","coordinates":[11.4419468,49.106049]},"properties":{"maxheight":"2.6"}},{"type":"Feature","geometry":{"type":"Point","coordinates":[11.4690126,49.0334797]},"properties":{"hgv":"delivery"}},{"type":"Feature","geometry":{"type":"Point","coordinates":[11.468682,49.0350046]},"properties":{"hgv":"delivery"}},{"type":"Feature","geometry":{"type":"Point","coordinates":[11.4668422,49.0334602]},"properties":{"hgv":"delivery"}},{"type":"Feature","geometry":{"type":"Point","coordinates":[11.4811261,49.0335633]},"properties":{"maxweight":"7.5"}},{"type":"Feature","geometry":{"type":"Point","coordinates":[11.0016725,49.4909001]},"properties":{"maxheight":"2.2"}},{"type":"Feature","geometry":{"type":"Point","coordinates":[11.0022207,49.5187154]},"properties":{"hgv":"yes"}},{"type":"Feature","geometry":{"type":"Point","coordinates":[11.4248173,49.3611797]},"properties":{"maxweight":"6"}},{"type":"Feature","geometry":{"type":"Point","coordinates":[11.1140416,49.5889365]},"properties":{"maxweight":"2"}},{"type":"Feature","geometry":{"type":"Point","coordinates":[11.1143907,49.5906824]},"properties":{"maxweight":"2"}},{"type":"Feature","geometry":{"type":"Point","coordinates":[11.1923151,49.2074503]},"properties":{"maxweight":"10"}},{"type":"Feature","geometry":{"type":"Point","coordinates":[11.281741,49.5113089]},"properties":{"maxwidth":"2"}},{"type":"Feature","geometry":{"type":"Point","coordinates":[11.3287633,49.3920744]},"properties":{"hgv":"private","goods":"private"}},{"type":"Feature","geometry":{"type":"Point","coordinates":[11.0565267,49.7169856]},"properties":{"maxweight":"5.5"}},{"type":"Feature","geometry":{"type":"Point","coordinates":[11.0624494,49.480523]},"properties":{"hgv":"no"}},{"type":"Feature","geometry":{"type":"Point","coordinates":[11.8642997,49.4455601]},"properties":{"maxheight":"3.20"}},{"type":"Feature","geometry":{"type":"Point","coordinates":[11.4479767,49.9267249]},"properties":{"maxheight":"below_default"}},{"type":"Feature","geometry":{"type":"Point","coordinates":[11.1500499,49.5220428]},"properties":{"maxweight":"30"}},{"type":"Feature","geometry":{"type":"Point","coordinates":[11.2914443,49.5362119]},"properties":{"maxweight":"5.5"}},{"type":"Feature","geometry":{"type":"Point","coordinates":[11.5492736,49.9003719]},"properties":{"maxweight":"3.5"}},{"type":"Feature","geometry":{"type":"Point","coordinates":[11.2902086,49.5173006]},"properties":{"hgv":"no"}},{"type":"Feature","geometry":{"type":"Point","coordinates":[11.0043991,49.7920783]},"properties":{"maxweight":"12"}},{"type":"Feature","geometry":{"type":"Point","coordinates":[11.0688879,49.7235966]},"properties":{"maxlength":"10"}},{"type":"Feature","geometry":{"type":"Point","coordinates":[11.0582225,49.7373644]},"properties":{"maxweight":"3.5"}},{"type":"Feature","geometry":{"type":"Point","coordinates":[11.0560388,49.7338372]},"properties":{"maxweight":"5.5"}},{"type":"Feature","geometry":{"type":"Point","coordinates":[11.2509175,49.487207]},"properties":{"hgv":"no"}},{"type":"Feature","geometry":{"type":"Point","coordinates":[11.2436877,49.4941639]},"properties":{"maxweight":"3.5"}},{"type":"Feature","geometry":{"type":"Point","coordinates":[11.3853637,49.4992823]},"properties":{"maxweight":"2.8"}},{"type":"Feature","geometry":{"type":"Point","coordinates":[11.0415957,49.7795099]},"properties":{"maxheight":"default"}},{"type":"Feature","geometry":{"type":"Point","coordinates":[11.010575,49.8177652]},"properties":{"maxheight":"default"}},{"type":"Feature","geometry":{"type":"Point","coordinates":[11.3624333,49.2979741]},"properties":{"hgv":"no"}},{"type":"Feature","geometry":{"type":"Point","coordinates":[11.2603974,49.451566]},"properties":{"maxheight":"3.3"}},{"type":"Feature","geometry":{"type":"Point","coordinates":[11.2665083,49.446387]},"properties":{"maxheight":"3.7 m"}},{"type":"Feature","geometry":{"type":"Point","coordinates":[11.0196753,49.3870368]},"properties":{"maxweight":"5.5"}},{"type":"Feature","geometry":{"type":"Point","coordinates":[11.2880756,49.4196794]},"properties":{"maxweight":"4"}},{"type":"Feature","geometry":{"type":"Point","coordinates":[11.023684,49.3940253]},"properties":{"maxweight":"5.5"}},{"type":"Feature","geometry":{"type":"Point","coordinates":[11.3396143,49.392458]},"properties":{"hgv":"no"}},{"type":"Feature","geometry":{"type":"Point","coordinates":[11.3170511,49.3578088]},"properties":{"maxweight":"3.5"}},{"type":"Feature","geometry":{"type":"Point","coordinates":[11.30309,49.3578729]},"properties":{"maxweight":"12"}},{"type":"Feature","geometry":{"type":"Point","coordinates":[11.1226026,49.3586397]},"properties":{"maxweight":"7.5"}},{"type":"Feature","geometry":{"type":"Point","coordinates":[11.5388344,49.9684255]},"properties":{"hgv":"no","maxweight":"12"}},{"type":"Feature","geometry":{"type":"Point","coordinates":[11.3717289,49.4483205]},"properties":{"hgv":"no","goods":"yes","maxweight":"6"}},{"type":"Feature","geometry":{"type":"Point","coordinates":[11.0420663,49.4218396]},"properties":{"maxheight":"default"}},{"type":"Feature","geometry":{"type":"Point","coordinates":[11.5050052,49.9260506]},"properties":{"maxweight":"8"}},{"type":"Feature","geometry":{"type":"Point","coordinates":[11.2157626,49.3738027]},"properties":{"hgv":"destination"}},{"type":"Feature","geometry":{"type":"Point","coordinates":[11.9810786,49.0037512]},"properties":{"maxweight":"4"}},{"type":"Feature","geometry":{"type":"Point","coordinates":[11.9821341,49.0085812]},"properties":{"maxweight":"3.5"}},{"type":"Feature","geometry":{"type":"Point","coordinates":[11.1371612,49.6802642]},"properties":{"maxweight":"18"}},{"type":"Feature","geometry":{"type":"Point","coordinates":[11.6539243,49.428866]},"properties":{"maxheight":"4"}},{"type":"Feature","geometry":{"type":"Point","coordinates":[11.3618221,49.3926502]},"properties":{"maxweight":"2.5"}},{"type":"Feature","geometry":{"type":"Point","coordinates":[11.2956775,49.4478757]},"properties":{"maxweight":"6"}},{"type":"Feature","geometry":{"type":"Point","coordinates":[11.2579276,49.4166617]},"properties":{"maxweight":"6"}},{"type":"Feature","geometry":{"type":"Point","coordinates":[11.1191341,49.553787]},"properties":{"maxweightrating:hgv":"16"}},{"type":"Feature","geometry":{"type":"Point","coordinates":[11.0126687,49.4416207]},"properties":{"maxweight":"7.5"}},{"type":"Feature","geometry":{"type":"Point","coordinates":[11.0095817,49.4409756]},"properties":{"maxweight":"7.5"}},{"type":"Feature","geometry":{"type":"Point","coordinates":[11.4663869,49.2309999]},"properties":{"maxheight":"3.3"}},{"type":"Feature","geometry":{"type":"Point","coordinates":[11.3257491,49.1996517]},"properties":{"hgv":"destination"}},{"type":"Feature","geometry":{"type":"Point","coordinates":[11.2693155,49.4481011]},"properties":{"maxweight":"1.5"}},{"type":"Feature","geometry":{"type":"Point","coordinates":[11.1423951,49.5267213]},"properties":{"hgv":"agricultural"}},{"type":"Feature","geometry":{"type":"Point","coordinates":[11.4009655,49.4716646]},"properties":{"maxheight":"3.2"}},{"type":"Feature","geometry":{"type":"Point","coordinates":[11.0257635,49.3888196]},"properties":{"maxweight":"5.5"}},{"type":"Feature","geometry":{"type":"Point","coordinates":[11.0268316,49.3887978]},"properties":{"maxweight":"5.5"}},{"type":"Feature","geometry":{"type":"Point","coordinates":[11.3470711,49.3819308]},"properties":{"maxweight":"7.5"}},{"type":"Feature","geometry":{"type":"Point","coordinates":[11.3803728,49.3735339]},"properties":{"maxheight":"3.7"}},{"type":"Feature","geometry":{"type":"Point","coordinates":[11.0906061,49.24471]},"properties":{"maxweight":"7.5"}},{"type":"Feature","geometry":{"type":"Point","coordinates":[11.0948391,49.2444765]},"properties":{"maxweight":"7.5"}},{"type":"Feature","geometry":{"type":"Point","coordinates":[11.1013869,49.242596]},"properties":{"maxlength":"15"}},{"type":"Feature","geometry":{"type":"Point","coordinates":[11.0921631,49.2390154]},"properties":{"maxweight":"1.5"}},{"type":"Feature","geometry":{"type":"Point","coordinates":[11.5308995,49.9681627]},"properties":{"hgv":"destination"}},{"type":"Feature","geometry":{"type":"Point","coordinates":[11.2016414,49.6985929]},"properties":{"maxweight":"7.5"}},{"type":"Feature","geometry":{"type":"Point","coordinates":[11.0121061,49.4421317]},"properties":{"hgv":"no"}},{"type":"Feature","geometry":{"type":"Point","coordinates":[11.0003823,49.5269983]},"properties":{"maxweight":"3.5"}},{"type":"Feature","geometry":{"type":"Point","coordinates":[11.1699546,49.1772582]},"properties":{"maxweight":"10"}},{"type":"Feature","geometry":{"type":"Point","coordinates":[11.190488,49.1841254]},"properties":{"maxweight":"2.8"}},{"type":"Feature","geometry":{"type":"Point","coordinates":[11.0524263,49.7708201]},"properties":{"maxweight":"10"}},{"type":"Feature","geometry":{"type":"Point","coordinates":[11.0154725,49.8251704]},"properties":{"hgv":"no"}},{"type":"Feature","geometry":{"type":"Point","coordinates":[11.070921,49.7805702]},"properties":{"maxweight":"5.5"}},{"type":"Feature","geometry":{"type":"Point","coordinates":[11.6567934,49.6212917]},"properties":{"maxweight":"7.5"}},{"type":"Feature","geometry":{"type":"Point","coordinates":[11.734593,49.6162109]},"properties":{"maxweight":"7"}},{"type":"Feature","geometry":{"type":"Point","coordinates":[11.0221758,49.434627]},"properties":{"hgv":"delivery"}},{"type":"Feature","geometry":{"type":"Point","coordinates":[11.8049535,49.6107255]},"properties":{"maxheight":"3","maxwidth":"2.5"}},{"type":"Feature","geometry":{"type":"Point","coordinates":[11.1159665,49.4608073]},"properties":{"maxheight":"2"}},{"type":"Feature","geometry":{"type":"Point","coordinates":[11.1019347,49.4345275]},"properties":{"maxheight":"default"}},{"type":"Feature","geometry":{"type":"Point","coordinates":[11.1263077,49.4627915]},"properties":{"maxheight":"2 m"}},{"type":"Feature","geometry":{"type":"Point","coordinates":[11.1267352,49.4629095]},"properties":{"maxheight":"2 m"}},{"type":"Feature","geometry":{"type":"Point","coordinates":[11.1359084,49.7451328]},"properties":{"maxweight":"5.5"}},{"type":"Feature","geometry":{"type":"Point","coordinates":[11.4796171,49.2971241]},"properties":{"maxweight":"12"}},{"type":"Feature","geometry":{"type":"Point","coordinates":[11.2138603,49.179925]},"properties":{"maxweight":"6"}},{"type":"Feature","geometry":{"type":"Point","coordinates":[11.4864873,49.2771446]},"properties":{"hgv":"delivery"}},{"type":"Feature","geometry":{"type":"Point","coordinates":[11.1724627,49.1848153]},"properties":{"maxweight":"10"}},{"type":"Feature","geometry":{"type":"Point","coordinates":[11.1868667,49.1944511]},"properties":{"maxlength":"10.5"}},{"type":"Feature","geometry":{"type":"Point","coordinates":[11.1934305,49.1918539]},"properties":{"maxweight":"20"}},{"type":"Feature","geometry":{"type":"Point","coordinates":[11.1933471,49.1920482]},"properties":{"maxweight":"3.5"}},{"type":"Feature","geometry":{"type":"Point","coordinates":[11.7649732,49.1629663]},"properties":{"maxweight":"6"}},{"type":"Feature","geometry":{"type":"Point","coordinates":[11.0972603,49.754476]},"properties":{"maxweight":"5.5"}},{"type":"Feature","geometry":{"type":"Point","coordinates":[11.0623579,49.718498]},"properties":{"maxweight":"5.5"}},{"type":"Feature","geometry":{"type":"Point","coordinates":[11.1155791,49.4234025]},"properties":{"maxheight":"2 m"}},{"type":"Feature","geometry":{"type":"Point","coordinates":[11.5450381,49.5774237]},"properties":{"maxweight":"3"}},{"type":"Feature","geometry":{"type":"Point","coordinates":[11.5340706,49.5564804]},"properties":{"maxweight":"7.5"}},{"type":"Feature","geometry":{"type":"Point","coordinates":[11.171559,49.7571129]},"properties":{"maxweight":"12"}},{"type":"Feature","geometry":{"type":"Point","coordinates":[11.9438447,49.5421025]},"properties":{"maxlength":"10"}},{"type":"Feature","geometry":{"type":"Point","coordinates":[11.0039443,49.2652876]},"properties":{"hgv":"no"}},{"type":"Feature","geometry":{"type":"Point","coordinates":[11.338055,49.6145298]},"properties":{"maxweight":"3"}},{"type":"Feature","geometry":{"type":"Point","coordinates":[11.193381,49.3280177]},"properties":{"hgv":"no"}},{"type":"Feature","geometry":{"type":"Point","coordinates":[11.1937798,49.3272]},"properties":{"hgv":"destination"}},{"type":"Feature","geometry":{"type":"Point","coordinates":[11.1695979,49.317268]},"properties":{"hgv":"no"}},{"type":"Feature","geometry":{"type":"Point","coordinates":[11.0194694,49.3032834]},"properties":{"maxweight":"2.8"}},{"type":"Feature","geometry":{"type":"Point","coordinates":[11.1906843,49.32735]},"properties":{"hgv":"no"}},{"type":"Feature","geometry":{"type":"Point","coordinates":[11.0946043,49.4580954]},"properties":{"maxheight":"3.3"}},{"type":"Feature","geometry":{"type":"Point","coordinates":[11.5116286,49.9883893]},"properties":{"maxweight":"7.5"}},{"type":"Feature","geometry":{"type":"Point","coordinates":[11.0576645,49.9613484]},"properties":{"maxlength":"10"}},{"type":"Feature","geometry":{"type":"Point","coordinates":[11.0399124,49.9753104]},"properties":{"maxweight":"5.5"}},{"type":"Feature","geometry":{"type":"Point","coordinates":[11.6354016,49.8426629]},"properties":{"hgv":"no"}},{"type":"Feature","geometry":{"type":"Point","coordinates":[11.2399212,49.6702797]},"properties":{"maxweight":"7.5"}},{"type":"Feature","geometry":{"type":"Point","coordinates":[11.2490651,49.6563966]},"properties":{"maxweight":"7.5"}},{"type":"Feature","geometry":{"type":"Point","coordinates":[11.212771,49.2627288]},"properties":{"maxheight":"3.8"}},{"type":"Feature","geometry":{"type":"Point","coordinates":[11.021968,49.9776071]},"properties":{"maxweight":"30"}},{"type":"Feature","geometry":{"type":"Point","coordinates":[11.1147819,49.6566198]},"properties":{"maxweight":"5"}},{"type":"Feature","geometry":{"type":"Point","coordinates":[11.3473035,49.6493549]},"properties":{"maxweight":"7.5"}},{"type":"Feature","geometry":{"type":"Point","coordinates":[11.0731192,49.4946396]},"properties":{"maxheight":"7 m","maxwidth":"23 m"}},{"type":"Feature","geometry":{"type":"Point","coordinates":[11.5368946,49.7568417]},"properties":{"hgv":"delivery","maxweight":"7.5"}},{"type":"Feature","geometry":{"type":"Point","coordinates":[11.5431099,49.7564351]},"properties":{"hgv":"delivery","maxweight":"7.5"}},{"type":"Feature","geometry":{"type":"Point","coordinates":[11.540636,49.7517872]},"properties":{"maxweight":"7.5"}},{"type":"Feature","geometry":{"type":"Point","coordinates":[11.5373941,49.7584483]},"properties":{"maxweight":"3"}},{"type":"Feature","geometry":{"type":"Point","coordinates":[11.5467131,49.7553988]},"properties":{"maxweight":"7.5"}},{"type":"Feature","geometry":{"type":"Point","coordinates":[11.5626258,49.7645691]},"properties":{"maxweight":"12"}},{"type":"Feature","geometry":{"type":"Point","coordinates":[11.0312665,49.9683378]},"properties":{"hgv":"destination"}},{"type":"Feature","geometry":{"type":"Point","coordinates":[11.543528,49.7554721]},"properties":{"maxweight":"30"}},{"type":"Feature","geometry":{"type":"Point","coordinates":[11.5222713,49.7361294]},"properties":{"maxweight":"10"}},{"type":"Feature","geometry":{"type":"Point","coordinates":[11.5150978,49.7382401]},"properties":{"hgv":"agricultural;forestry"}},{"type":"Feature","geometry":{"type":"Point","coordinates":[11.0531434,49.6980065]},"properties":{"maxheight":"below_default"}},{"type":"Feature","geometry":{"type":"Point","coordinates":[11.5317967,49.9679257]},"properties":{"hgv":"destination"}},{"type":"Feature","geometry":{"type":"Point","coordinates":[11.5286863,49.9669368]},"properties":{"hgv":"destination"}},{"type":"Feature","geometry":{"type":"Point","coordinates":[11.5292472,49.96695]},"properties":{"hgv":"destination"}},{"type":"Feature","geometry":{"type":"Point","coordinates":[11.5292367,49.9665357]},"properties":{"hgv":"destination"}},{"type":"Feature","geometry":{"type":"Point","coordinates":[11.1383327,49.5718167]},"properties":{"maxweight":"3.5"}},{"type":"Feature","geometry":{"type":"Point","coordinates":[11.1360759,49.5748054]},"properties":{"maxweight":"3.5"}},{"type":"Feature","geometry":{"type":"Point","coordinates":[11.2205976,49.7176391]},"properties":{"maxweight":"3.5"}},{"type":"Feature","geometry":{"type":"Point","coordinates":[11.2607363,49.805375]},"properties":{"maxwidth":"2.5"}},{"type":"Feature","geometry":{"type":"Point","coordinates":[11.2356953,49.6983239]},"properties":{"maxweight":"7.5"}},{"type":"Feature","geometry":{"type":"Point","coordinates":[11.9607057,49.0293107]},"properties":{"maxheight":"2.8"}},{"type":"Feature","geometry":{"type":"Point","coordinates":[11.9605688,49.0295504]},"properties":{"maxheight":"4"}},{"type":"Feature","geometry":{"type":"Point","coordinates":[11.1737683,49.7558226]},"properties":{"maxweight":"3.5"}},{"type":"Feature","geometry":{"type":"Point","coordinates":[11.0311702,49.7642005]},"properties":{"maxweight":"3"}},{"type":"Feature","geometry":{"type":"Point","coordinates":[11.0423304,49.9823255]},"properties":{"maxweight":"1"}},{"type":"Feature","geometry":{"type":"Point","coordinates":[11.0315854,49.9672205]},"properties":{"hgv":"destination"}},{"type":"Feature","geometry":{"type":"Point","coordinates":[11.0352483,49.9540526]},"properties":{"hgv":"destination"}},{"type":"Feature","geometry":{"type":"Point","coordinates":[11.084879,49.4234208]},"properties":{"hgv":"yes"}},{"type":"Feature","geometry":{"type":"Point","coordinates":[11.0842222,49.4096434]},"properties":{"hgv":"no"}},{"type":"Feature","geometry":{"type":"Point","coordinates":[11.9255232,49.9049657]},"properties":{"maxweight":"5"}},{"type":"Feature","geometry":{"type":"Point","coordinates":[11.0518683,49.4931623]},"properties":{"maxheight":"2.6"}},{"type":"Feature","geometry":{"type":"Point","coordinates":[11.2749459,49.8021433]},"properties":{"maxweight":"3.5"}},{"type":"Feature","geometry":{"type":"Point","coordinates":[11.1344011,49.4383366]},"properties":{"maxweight":"16"}},{"type":"Feature","geometry":{"type":"Point","coordinates":[11.1017697,49.7160983]},"properties":{"maxweight":"1.5"}},{"type":"Feature","geometry":{"type":"Point","coordinates":[11.2657716,49.8010594]},"properties":{"maxweight":"3.5"}},{"type":"Feature","geometry":{"type":"Point","coordinates":[11.2712759,49.8068612]},"properties":{"maxweight":"3.5"}},{"type":"Feature","geometry":{"type":"Point","coordinates":[11.2637296,49.801908]},"properties":{"maxweight":"3.5"}},{"type":"Feature","geometry":{"type":"Point","coordinates":[11.0212407,49.9739677]},"properties":{"maxweight":"1"}},{"type":"Feature","geometry":{"type":"Point","coordinates":[11.2220972,49.8091094]},"properties":{"maxweight":"16"}},{"type":"Feature","geometry":{"type":"Point","coordinates":[11.2224974,49.8083559]},"properties":{"maxweight":"16"}},{"type":"Feature","geometry":{"type":"Point","coordinates":[11.4760525,49.313833]},"properties":{"hgv":"no"}},{"type":"Feature","geometry":{"type":"Point","coordinates":[11.1865448,49.7798998]},"properties":{"maxweight":"20"}},{"type":"Feature","geometry":{"type":"Point","coordinates":[11.220325,49.8110825]},"properties":{"maxweight":"3.5"}},{"type":"Feature","geometry":{"type":"Point","coordinates":[11.2173014,49.815172]},"properties":{"maxweight":"7.5"}},{"type":"Feature","geometry":{"type":"Point","coordinates":[11.4963878,49.301245]},"properties":{"maxweight":"12"}},{"type":"Feature","geometry":{"type":"Point","coordinates":[11.2188031,49.8119563]},"properties":{"maxweight":"7.5"}},{"type":"Feature","geometry":{"type":"Point","coordinates":[11.0544611,49.7693335]},"properties":{"maxweight":"10"}},{"type":"Feature","geometry":{"type":"Point","coordinates":[11.022572,49.9779922]},"properties":{"maxheight":"default"}},{"type":"Feature","geometry":{"type":"Point","coordinates":[11.0231796,49.9781517]},"properties":{"maxheight":"default"}},{"type":"Feature","geometry":{"type":"Point","coordinates":[11.1098566,49.7212187]},"properties":{"maxweight":"5.5"}},{"type":"Feature","geometry":{"type":"Point","coordinates":[11.1102577,49.7214728]},"properties":{"maxwidth":"2","maxweight":"3"}},{"type":"Feature","geometry":{"type":"Point","coordinates":[11.7691748,49.1192836]},"properties":{"maxheight":"3.8"}},{"type":"Feature","geometry":{"type":"Point","coordinates":[11.7515037,49.1505142]},"properties":{"maxweight":"6"}},{"type":"Feature","geometry":{"type":"Point","coordinates":[11.4595382,49.3257933]},"properties":{"maxheight":"3.7"}},{"type":"Feature","geometry":{"type":"Point","coordinates":[11.4530476,49.3094429]},"properties":{"maxweight":"8 t"}},{"type":"Feature","geometry":{"type":"Point","coordinates":[11.4537422,49.3097399]},"properties":{"maxweight":"8 t"}},{"type":"Feature","geometry":{"type":"Point","coordinates":[11.9967765,49.9301132]},"properties":{"maxweight":"12"}},{"type":"Feature","geometry":{"type":"Point","coordinates":[11.6186962,49.8831373]},"properties":{"maxwidth":"1"}},{"type":"Feature","geometry":{"type":"Point","coordinates":[11.1490561,49.2172823]},"properties":{"maxweight":"7.5"}},{"type":"Feature","geometry":{"type":"Point","coordinates":[11.0584312,49.8076068]},"properties":{"maxweight":"5.5"}},{"type":"Feature","geometry":{"type":"Point","coordinates":[11.7579477,49.1333519]},"properties":{"maxheight":"3"}},{"type":"Feature","geometry":{"type":"Point","coordinates":[11.7731686,49.147634]},"properties":{"maxweight":"1"}},{"type":"Feature","geometry":{"type":"Point","coordinates":[11.5103905,49.74884]},"properties":{"hgv":"no"}},{"type":"Feature","geometry":{"type":"Point","coordinates":[11.7044728,49.8891705]},"properties":{"maxweight":"6"}},{"type":"Feature","geometry":{"type":"Point","coordinates":[11.8068423,49.1712059]},"properties":{"maxheight":"default"}},{"type":"Feature","geometry":{"type":"Point","coordinates":[11.7736872,49.173332]},"properties":{"maxheight":"default"}},{"type":"Feature","geometry":{"type":"Point","coordinates":[11.062222,49.7714237]},"properties":{"maxweight":"5"}},{"type":"Feature","geometry":{"type":"Point","coordinates":[11.3911794,49.4023873]},"properties":{"maxheight":"default"}},{"type":"Feature","geometry":{"type":"Point","coordinates":[11.2341319,49.2533052]},"properties":{"hgv":"delivery"}},{"type":"Feature","geometry":{"type":"Point","coordinates":[11.1917708,49.5741301]},"properties":{"hgv":"destination","maxweight":"7.5"}},{"type":"Feature","geometry":{"type":"Point","coordinates":[11.0602807,49.6850351]},"properties":{"maxheight":"default"}},{"type":"Feature","geometry":{"type":"Point","coordinates":[11.1738695,49.2029098]},"properties":{"maxweight":"10"}},{"type":"Feature","geometry":{"type":"Point","coordinates":[11.1697228,49.2137312]},"properties":{"maxweight":"10"}},{"type":"Feature","geometry":{"type":"Point","coordinates":[11.1858431,49.2371988]},"properties":{"maxweight":"10"}},{"type":"Feature","geometry":{"type":"Point","coordinates":[11.1923647,49.2368302]},"properties":{"maxweight":"10"}},{"type":"Feature","geometry":{"type":"Point","coordinates":[11.0374422,49.4156455]},"properties":{"hgv":"no"}},{"type":"Feature","geometry":{"type":"Point","coordinates":[11.0419923,49.4167942]},"properties":{"maxheight":"3.6"}},{"type":"Feature","geometry":{"type":"Point","coordinates":[11.0423438,49.4171377]},"properties":{"maxheight":"3.3"}},{"type":"Feature","geometry":{"type":"Point","coordinates":[11.0429302,49.4180232]},"properties":{"maxheight":"3.6"}},{"type":"Feature","geometry":{"type":"Point","coordinates":[11.0429819,49.4184671]},"properties":{"maxheight":"3.6"}},{"type":"Feature","geometry":{"type":"Point","coordinates":[11.0764188,49.3985226]},"properties":{"maxweight":"30"}},{"type":"Feature","geometry":{"type":"Point","coordinates":[11.4210248,49.3389661]},"properties":{"maxweight":"7.5"}},{"type":"Feature","geometry":{"type":"Point","coordinates":[11.4206655,49.3291712]},"properties":{"maxweight":"7.5"}},{"type":"Feature","geometry":{"type":"Point","coordinates":[11.4205589,49.3298391]},"properties":{"maxweight":"7.5"}},{"type":"Feature","geometry":{"type":"Point","coordinates":[11.7202967,49.8843969]},"properties":{"maxweight":"5"}},{"type":"Feature","geometry":{"type":"Point","coordinates":[11.7193943,49.884366]},"properties":{"maxweight":"5"}},{"type":"Feature","geometry":{"type":"Point","coordinates":[11.0742837,49.997264]},"properties":{"maxweight":"7.5"}},{"type":"Feature","geometry":{"type":"Point","coordinates":[11.4372933,49.3232735]},"properties":{"maxweight":"8"}},{"type":"Feature","geometry":{"type":"Point","coordinates":[11.4370511,49.323168]},"properties":{"maxweight":"8"}},{"type":"Feature","geometry":{"type":"Point","coordinates":[11.6702282,49.9835757]},"properties":{"maxweight":"5"}},{"type":"Feature","geometry":{"type":"Point","coordinates":[11.6865037,49.9871005]},"properties":{"maxweight":"5"}},{"type":"Feature","geometry":{"type":"Point","coordinates":[11.0880261,49.4565316]},"properties":{"maxheight":"3.5"}},{"type":"Feature","geometry":{"type":"Point","coordinates":[11.1764418,49.2112954]},"properties":{"maxweight":"24"}},{"type":"Feature","geometry":{"type":"Point","coordinates":[11.0737269,49.4025135]},"properties":{"maxheight":"2.3"}},{"type":"Feature","geometry":{"type":"Point","coordinates":[11.9644734,49.3396332]},"properties":{"maxweight":"5"}},{"type":"Feature","geometry":{"type":"Point","coordinates":[11.3491021,49.0422636]},"properties":{"maxheight":"default"}},{"type":"Feature","geometry":{"type":"Point","coordinates":[11.1386845,49.8093214]},"properties":{"maxweight":"5"}},{"type":"Feature","geometry":{"type":"Point","coordinates":[11.0372925,49.976805]},"properties":{"hgv":"no"}},{"type":"Feature","geometry":{"type":"Point","coordinates":[11.2555223,49.4377788]},"properties":{"maxweight":"3"}},{"type":"Feature","geometry":{"type":"Point","coordinates":[11.9162162,49.4204334]},"properties":{"maxweight":"3.5"}},{"type":"Feature","geometry":{"type":"Point","coordinates":[11.046071,49.5130213]},"properties":{"maxweight":"12"}},{"type":"Feature","geometry":{"type":"Point","coordinates":[11.141724,49.6929591]},"properties":{"maxweight":"3.5"}},{"type":"Feature","geometry":{"type":"Point","coordinates":[11.0447448,49.9881333]},"properties":{"maxweight":"7.5"}},{"type":"Feature","geometry":{"type":"Point","coordinates":[11.045463,49.9886552]},"properties":{"maxweight":"7.5"}},{"type":"Feature","geometry":{"type":"Point","coordinates":[11.0452164,49.9890439]},"properties":{"maxheight":"2.5","maxweight":"7.5"}},{"type":"Feature","geometry":{"type":"Point","coordinates":[11.0451323,49.9891224]},"properties":{"maxheight":"2.1"}},{"type":"Feature","geometry":{"type":"Point","coordinates":[11.0453312,49.9894601]},"properties":{"maxweight":"7.5"}},{"type":"Feature","geometry":{"type":"Point","coordinates":[11.0441007,49.9895299]},"properties":{"maxheight":"2.1","maxweight":"7.5"}},{"type":"Feature","geometry":{"type":"Point","coordinates":[11.0450489,49.9891587]},"properties":{"maxheight":"2.1"}},{"type":"Feature","geometry":{"type":"Point","coordinates":[11.0456876,49.9886029]},"properties":{"maxweight":"7.5"}},{"type":"Feature","geometry":{"type":"Point","coordinates":[11.0456565,49.9886124]},"properties":{"maxweight":"7.5"}},{"type":"Feature","geometry":{"type":"Point","coordinates":[11.045128,49.9885237]},"properties":{"maxweight":"7.5"}},{"type":"Feature","geometry":{"type":"Point","coordinates":[11.0435601,49.9880266]},"properties":{"maxweight":"7.5"}},{"type":"Feature","geometry":{"type":"Point","coordinates":[11.1902766,49.1778055]},"properties":{"maxweight":"10"}},{"type":"Feature","geometry":{"type":"Point","coordinates":[11.2596304,49.1589559]},"properties":{"hgv":"delivery"}},{"type":"Feature","geometry":{"type":"Point","coordinates":[11.2592778,49.1603283]},"properties":{"hgv":"delivery"}},{"type":"Feature","geometry":{"type":"Point","coordinates":[11.2568289,49.1587529]},"properties":{"hgv":"delivery"}},{"type":"Feature","geometry":{"type":"Point","coordinates":[11.372704,49.3163729]},"properties":{"maxwidth":"3","maxweight":"7"}},{"type":"Feature","geometry":{"type":"Point","coordinates":[11.2131704,49.2567702]},"properties":{"maxweight":"10"}},{"type":"Feature","geometry":{"type":"Point","coordinates":[11.1710299,49.1786884]},"properties":{"maxweight":"10"}},{"type":"Feature","geometry":{"type":"Point","coordinates":[11.1874944,49.1779536]},"properties":{"maxweight":"10"}},{"type":"Feature","geometry":{"type":"Point","coordinates":[11.2566327,49.1602855]},"properties":{"hgv":"delivery"}},{"type":"Feature","geometry":{"type":"Point","coordinates":[11.2086555,49.2924133]},"properties":{"maxheight":"default"}},{"type":"Feature","geometry":{"type":"Point","coordinates":[11.1910341,49.239032]},"properties":{"maxweight":"10"}},{"type":"Feature","geometry":{"type":"Point","coordinates":[11.0831864,49.2430371]},"properties":{"maxheight":"3.6"}},{"type":"Feature","geometry":{"type":"Point","coordinates":[11.287399,49.2905922]},"properties":{"maxweight":"3.5 t"}},{"type":"Feature","geometry":{"type":"Point","coordinates":[11.2707415,49.4479155]},"properties":{"maxweight":"1.5"}},{"type":"Feature","geometry":{"type":"Point","coordinates":[11.2712404,49.447879]},"properties":{"maxweight":"1.5"}},{"type":"Feature","geometry":{"type":"Point","coordinates":[11.5128843,49.4239239]},"properties":{"maxweight":"7.5"}},{"type":"Feature","geometry":{"type":"Point","coordinates":[11.3397926,49.3176262]},"properties":{"maxheight":"2.3"}},{"type":"Feature","geometry":{"type":"Point","coordinates":[11.3399823,49.3177207]},"properties":{"maxheight":"2.3"}},{"type":"Feature","geometry":{"type":"Point","coordinates":[11.3401771,49.3178176]},"properties":{"maxheight":"2.3"}},{"type":"Feature","geometry":{"type":"Point","coordinates":[11.340365,49.3179112]},"properties":{"maxheight":"2.3"}},{"type":"Feature","geometry":{"type":"Point","coordinates":[11.7523524,49.1293111]},"properties":{"maxweight":"30"}},{"type":"Feature","geometry":{"type":"Point","coordinates":[11.2930115,49.2646699]},"properties":{"hgv":"no@(22:00-06:00)"}},{"type":"Feature","geometry":{"type":"Point","coordinates":[11.9010266,49.6061158]},"properties":{"maxweight":"1.5"}},{"type":"Feature","geometry":{"type":"Point","coordinates":[11.4771147,49.8163354]},"properties":{"maxweight":"3"}},{"type":"Feature","geometry":{"type":"Point","coordinates":[11.0465135,49.9945257]},"properties":{"maxweight":"7.5"}},{"type":"Feature","geometry":{"type":"Point","coordinates":[11.3250837,49.2380206]},"properties":{"maxweight":"7.5"}},{"type":"Feature","geometry":{"type":"Point","coordinates":[11.4114382,49.8896801]},"properties":{"maxweight":"5"}},{"type":"Feature","geometry":{"type":"Point","coordinates":[11.590527,49.9420773]},"properties":{"hgv":"no"}},{"type":"Feature","geometry":{"type":"Point","coordinates":[11.4439257,49.2884871]},"properties":{"hgv":"no"}},{"type":"Feature","geometry":{"type":"Point","coordinates":[11.4441632,49.2884384]},"properties":{"hgv":"no"}},{"type":"Feature","geometry":{"type":"Point","coordinates":[11.444165,49.2890393]},"properties":{"hgv":"no"}},{"type":"Feature","geometry":{"type":"Point","coordinates":[11.4438754,49.2891607]},"properties":{"hgv":"no"}},{"type":"Feature","geometry":{"type":"Point","coordinates":[11.8947158,49.61152]},"properties":{"hgv":"agricultural"}},{"type":"Feature","geometry":{"type":"Point","coordinates":[11.3608986,49.2870847]},"properties":{"maxweight":"7"}},{"type":"Feature","geometry":{"type":"Point","coordinates":[11.4235461,49.3540085]},"properties":{"maxweight":"6"}},{"type":"Feature","geometry":{"type":"Point","coordinates":[11.4175019,49.3625402]},"properties":{"maxheight":"3,00","maxwidth":"2,80"}},{"type":"Feature","geometry":{"type":"Point","coordinates":[11.4223753,49.3627923]},"properties":{"maxheight":"default"}},{"type":"Feature","geometry":{"type":"Point","coordinates":[11.3962797,49.3701703]},"properties":{"maxheight":"default"}},{"type":"Feature","geometry":{"type":"Point","coordinates":[11.8552953,49.4472704]},"properties":{"maxweight":"30"}},{"type":"Feature","geometry":{"type":"Point","coordinates":[11.046604,49.9990349]},"properties":{"maxweight":"7.5"}},{"type":"Feature","geometry":{"type":"Point","coordinates":[11.5046642,49.7213609]},"properties":{"maxheight":"default"}},{"type":"Feature","geometry":{"type":"Point","coordinates":[11.3295771,49.3283365]},"properties":{"maxheight":"5"}},{"type":"Feature","geometry":{"type":"Point","coordinates":[11.0390672,49.6860413]},"properties":{"maxweight":"24"}},{"type":"Feature","geometry":{"type":"Point","coordinates":[11.0387823,49.6862014]},"properties":{"maxweight":"24"}},{"type":"Feature","geometry":{"type":"Point","coordinates":[11.4081503,49.0667778]},"properties":{"hgv":"agricultural"}},{"type":"Feature","geometry":{"type":"Point","coordinates":[11.3901811,49.0571368]},"properties":{"maxweight":"10"}},{"type":"Feature","geometry":{"type":"Point","coordinates":[11.4000024,49.0581839]},"properties":{"maxweight":"10"}},{"type":"Feature","geometry":{"type":"Point","coordinates":[11.8038683,49.6108559]},"properties":{"hgv":"no"}},{"type":"Feature","geometry":{"type":"Point","coordinates":[11.2666971,49.1452506]},"properties":{"maxheight":"3.8"}},{"type":"Feature","geometry":{"type":"Point","coordinates":[11.239921,49.1582498]},"properties":{"maxweight":"10"}},{"type":"Feature","geometry":{"type":"Point","coordinates":[11.2132522,49.1667752]},"properties":{"maxweight":"6"}},{"type":"Feature","geometry":{"type":"Point","coordinates":[11.2210739,49.4364777]},"properties":{"maxweight":"12 t"}},{"type":"Feature","geometry":{"type":"Point","coordinates":[11.6661905,49.9200378]},"properties":{"maxweight":"5"}},{"type":"Feature","geometry":{"type":"Point","coordinates":[11.177561,49.1769907]},"properties":{"maxweight":"10"}},{"type":"Feature","geometry":{"type":"Point","coordinates":[11.0517701,49.4569081]},"properties":{"maxheight":"2.0"}},{"type":"Feature","geometry":{"type":"Point","coordinates":[11.4784748,49.1722078]},"properties":{"maxweight":"5"}},{"type":"Feature","geometry":{"type":"Point","coordinates":[11.6030305,49.9275448]},"properties":{"maxheight":"default"}},{"type":"Feature","geometry":{"type":"Point","coordinates":[11.4142012,49.0433159]},"properties":{"hgv":"agricultural"}},{"type":"Feature","geometry":{"type":"Point","coordinates":[11.4435366,49.3255299]},"properties":{"maxweight":"7.5"}},{"type":"Feature","geometry":{"type":"Point","coordinates":[11.4513481,49.3160425]},"properties":{"maxweight":"12"}},{"type":"Feature","geometry":{"type":"Point","coordinates":[11.4387476,49.3351029]},"properties":{"maxweight":"12"}},{"type":"Feature","geometry":{"type":"Point","coordinates":[11.3058194,49.3429779]},"properties":{"maxweight":"3.5"}},{"type":"Feature","geometry":{"type":"Point","coordinates":[11.3094369,49.3415298]},"properties":{"hgv":"no"}},{"type":"Feature","geometry":{"type":"Point","coordinates":[11.5605522,49.3959454]},"properties":{"maxweight":"7.5"}},{"type":"Feature","geometry":{"type":"Point","coordinates":[11.2764136,49.4247542]},"properties":{"maxheight":"3.5"}},{"type":"Feature","geometry":{"type":"Point","coordinates":[11.3864404,49.1110247]},"properties":{"maxweight":"10"}},{"type":"Feature","geometry":{"type":"Point","coordinates":[11.586185,49.407044]},"properties":{"maxweight":"16"}},{"type":"Feature","geometry":{"type":"Point","coordinates":[11.5613617,49.7519077]},"properties":{"maxweight":"3.5"}},{"type":"Feature","geometry":{"type":"Point","coordinates":[11.4001772,49.6336087]},"properties":{"maxweight":"7.8"}},{"type":"Feature","geometry":{"type":"Point","coordinates":[11.2874808,49.334109]},"properties":{"maxweight":"10"}},{"type":"Feature","geometry":{"type":"Point","coordinates":[11.2937654,49.3360931]},"properties":{"maxweight":"10"}},{"type":"Feature","geometry":{"type":"Point","coordinates":[11.415282,49.3651868]},"properties":{"maxweight":"6"}},{"type":"Feature","geometry":{"type":"Point","coordinates":[11.276007,49.3525072]},"properties":{"maxheight":"2.8"}},{"type":"Feature","geometry":{"type":"Point","coordinates":[11.2729188,49.3512681]},"properties":{"hgv":"no"}},{"type":"Feature","geometry":{"type":"Point","coordinates":[11.1825738,49.4101203]},"properties":{"maxheight":"default"}},{"type":"Feature","geometry":{"type":"Point","coordinates":[11.3729954,49.5013587]},"properties":{"maxweight":"5.5"}},{"type":"Feature","geometry":{"type":"Point","coordinates":[11.4417459,49.3354268]},"properties":{"maxweight":"6"}},{"type":"Feature","geometry":{"type":"Point","coordinates":[11.4390464,49.3335442]},"properties":{"maxweight":"12"}},{"type":"Feature","geometry":{"type":"Point","coordinates":[11.4464169,49.3377507]},"properties":{"maxweight":"7.5"}},{"type":"Feature","geometry":{"type":"Point","coordinates":[11.4640227,49.0375147]},"properties":{"hgv":"agricultural;forestry"}},{"type":"Feature","geometry":{"type":"Point","coordinates":[11.5370536,49.5615607]},"properties":{"maxweight":"8"}},{"type":"Feature","geometry":{"type":"Point","coordinates":[11.1971811,49.3640037]},"properties":{"maxheight":"default"}},{"type":"Feature","geometry":{"type":"Point","coordinates":[11.2004144,49.3785355]},"properties":{"maxheight":"default"}},{"type":"Feature","geometry":{"type":"Point","coordinates":[11.4459818,49.8317211]},"properties":{"maxweight":"10"}},{"type":"Feature","geometry":{"type":"Point","coordinates":[11.0460668,49.6877949]},"properties":{"maxweight":"25"}},{"type":"Feature","geometry":{"type":"Point","coordinates":[11.0527483,49.6756823]},"properties":{"maxheight":"default"}},{"type":"Feature","geometry":{"type":"Point","coordinates":[11.5383105,49.4286098]},"properties":{"maxweight":"7.5"}},{"type":"Feature","geometry":{"type":"Point","coordinates":[11.3374358,49.7931054]},"properties":{"maxlength":"10"}},{"type":"Feature","geometry":{"type":"Point","coordinates":[11.0706518,49.408182]},"properties":{"maxheight":"default"}},{"type":"Feature","geometry":{"type":"Point","coordinates":[11.0708287,49.4075997]},"properties":{"maxheight":"default"}},{"type":"Feature","geometry":{"type":"Point","coordinates":[11.4813584,49.7201135]},"properties":{"maxheight":"default"}},{"type":"Feature","geometry":{"type":"Point","coordinates":[11.0350052,49.4242319]},"properties":{"maxheight":"default"}},{"type":"Feature","geometry":{"type":"Point","coordinates":[11.0380805,49.422911]},"properties":{"maxheight":"default"}},{"type":"Feature","geometry":{"type":"Point","coordinates":[11.0377807,49.4231211]},"properties":{"maxheight":"default"}},{"type":"Feature","geometry":{"type":"Point","coordinates":[11.2725143,49.3019231]},"properties":{"maxweight":"6"}},{"type":"Feature","geometry":{"type":"Point","coordinates":[11.4204876,49.221872]},"properties":{"maxweight":"7.5"}},{"type":"Feature","geometry":{"type":"Point","coordinates":[11.2165281,49.1930347]},"properties":{"maxweight":"6"}},{"type":"Feature","geometry":{"type":"Point","coordinates":[11.1781004,49.1508165]},"properties":{"maxweight":"10"}},{"type":"Feature","geometry":{"type":"Point","coordinates":[11.6156745,49.9528747]},"properties":{"hgv":"no","maxweight":"9"}},{"type":"Feature","geometry":{"type":"Point","coordinates":[11.6155045,49.9518867]},"properties":{"hgv":"no"}},{"type":"Feature","geometry":{"type":"Point","coordinates":[11.3510915,49.0445868]},"properties":{"maxheight":"3"}},{"type":"Feature","geometry":{"type":"Point","coordinates":[11.3511909,49.0446752]},"properties":{"maxheight":"3.2"}},{"type":"Feature","geometry":{"type":"Point","coordinates":[11.3505586,49.0461125]},"properties":{"hgv":"no","maxheight":"2.9"}},{"type":"Feature","geometry":{"type":"Point","coordinates":[11.6167505,49.8957982]},"properties":{"maxweight":"40"}},{"type":"Feature","geometry":{"type":"Point","coordinates":[11.6041633,49.9015242]},"properties":{"maxweight":"18"}},{"type":"Feature","geometry":{"type":"Point","coordinates":[11.7603045,49.5154753]},"properties":{"maxweight":"7.5"}},{"type":"Feature","geometry":{"type":"Point","coordinates":[11.7522323,49.5180174]},"properties":{"maxweight":"7.5"}},{"type":"Feature","geometry":{"type":"Point","coordinates":[11.7496252,49.5155749]},"properties":{"maxweight":"7.5"}},{"type":"Feature","geometry":{"type":"Point","coordinates":[11.7507362,49.5164159]},"properties":{"maxweight":"7.5"}},{"type":"Feature","geometry":{"type":"Point","coordinates":[11.80737,49.5173843]},"properties":{"maxweight":"7.5"}},{"type":"Feature","geometry":{"type":"Point","coordinates":[11.4384688,49.5013283]},"properties":{"maxheight":"4"}},{"type":"Feature","geometry":{"type":"Point","coordinates":[11.2590637,49.806391]},"properties":{"maxwidth":"2.5"}},{"type":"Feature","geometry":{"type":"Point","coordinates":[11.4753632,49.5096068]},"properties":{"maxheight":"4"}},{"type":"Feature","geometry":{"type":"Point","coordinates":[11.8055203,49.5425518]},"properties":{"maxweight":"7.5"}},{"type":"Feature","geometry":{"type":"Point","coordinates":[11.1165158,49.4437631]},"properties":{"maxheight":"3.5"}},{"type":"Feature","geometry":{"type":"Point","coordinates":[11.7981109,49.525174]},"properties":{"hgv":"destination","maxweight":"7.5"}},{"type":"Feature","geometry":{"type":"Point","coordinates":[11.2529939,49.2010408]},"properties":{"maxweight":"6"}},{"type":"Feature","geometry":{"type":"Point","coordinates":[11.6582821,49.3700286]},"properties":{"maxweight":"30"}},{"type":"Feature","geometry":{"type":"Point","coordinates":[11.5728881,49.9456503]},"properties":{"maxheight":"3.5"}},{"type":"Feature","geometry":{"type":"Point","coordinates":[11.3248432,49.1610288]},"properties":{"maxweight":"6"}},{"type":"Feature","geometry":{"type":"Point","coordinates":[11.6064981,49.9763198]},"properties":{"maxheight":"default"}},{"type":"Feature","geometry":{"type":"Point","coordinates":[11.562139,49.4034874]},"properties":{"maxweight":"7.5"}},{"type":"Feature","geometry":{"type":"Point","coordinates":[11.0517036,49.0579208]},"properties":{"maxweight":"6"}},{"type":"Feature","geometry":{"type":"Point","coordinates":[11.0467631,49.0624069]},"properties":{"maxweight":"6"}},{"type":"Feature","geometry":{"type":"Point","coordinates":[11.1304775,49.4618079]},"properties":{"maxweight":"3"}},{"type":"Feature","geometry":{"type":"Point","coordinates":[11.2039602,49.2403667]},"properties":{"maxweight":"10"}},{"type":"Feature","geometry":{"type":"Point","coordinates":[11.1420559,49.2100614]},"properties":{"maxweight":"10"}},{"type":"Feature","geometry":{"type":"Point","coordinates":[11.1236264,49.3172738]},"properties":{"hgv":"destination"}},{"type":"Feature","geometry":{"type":"Point","coordinates":[11.0315527,49.9672716]},"properties":{"hgv":"destination"}},{"type":"Feature","geometry":{"type":"Point","coordinates":[11.2562666,49.1429777]},"properties":{"maxweight":"3.5"}},{"type":"Feature","geometry":{"type":"Point","coordinates":[11.2598605,49.1431916]},"properties":{"maxweight":"3.5"}},{"type":"Feature","geometry":{"type":"Point","coordinates":[11.0117421,49.4234818]},"properties":{"maxheight":"3.4"}},{"type":"Feature","geometry":{"type":"Point","coordinates":[11.018062,49.4542372]},"properties":{"maxweight":"7.5"}},{"type":"Feature","geometry":{"type":"Point","coordinates":[11.5065452,49.3215731]},"properties":{"maxweight":"6"}},{"type":"Feature","geometry":{"type":"Point","coordinates":[11.9084474,49.0723235]},"properties":{"maxheight":"default"}},{"type":"Feature","geometry":{"type":"Point","coordinates":[11.3227041,49.2431972]},"properties":{"maxweight":"6"}},{"type":"Feature","geometry":{"type":"Point","coordinates":[11.1463766,49.7329161]},"properties":{"maxweight":"2.5"}},{"type":"Feature","geometry":{"type":"Point","coordinates":[11.275612,49.1719628]},"properties":{"maxweight":"6"}},{"type":"Feature","geometry":{"type":"Point","coordinates":[11.2519068,49.1578778]},"properties":{"maxweight":"6"}},{"type":"Feature","geometry":{"type":"Point","coordinates":[11.0856533,49.0717586]},"properties":{"hgv":"destination"}},{"type":"Feature","geometry":{"type":"Point","coordinates":[11.0817068,49.0754912]},"properties":{"hgv":"destination"}},{"type":"Feature","geometry":{"type":"Point","coordinates":[11.1829974,49.0546052]},"properties":{"maxweight":"9"}},{"type":"Feature","geometry":{"type":"Point","coordinates":[11.2776888,49.1179397]},"properties":{"maxheight":"default"}},{"type":"Feature","geometry":{"type":"Point","coordinates":[11.6027087,49.9167038]},"properties":{"maxweight":"12"}},{"type":"Feature","geometry":{"type":"Point","coordinates":[11.2526053,49.1866981]},"properties":{"maxheight":"3.2","maxweight":"6"}},{"type":"Feature","geometry":{"type":"Point","coordinates":[11.2585901,49.1820783]},"properties":{"maxweight":"6"}},{"type":"Feature","geometry":{"type":"Point","coordinates":[11.2618218,49.1781132]},"properties":{"maxweight":"6"}},{"type":"Feature","geometry":{"type":"Point","coordinates":[11.4334314,49.3404366]},"properties":{"maxweight":"12"}},{"type":"Feature","geometry":{"type":"Point","coordinates":[11.4465522,49.3312512]},"properties":{"maxweight":"7.5"}},{"type":"Feature","geometry":{"type":"Point","coordinates":[11.450519,49.3332827]},"properties":{"maxweight":"7.5"}},{"type":"Feature","geometry":{"type":"Point","coordinates":[11.4530243,49.337869]},"properties":{"maxweight":"7.5"}},{"type":"Feature","geometry":{"type":"Point","coordinates":[11.6815967,49.9567563]},"properties":{"maxweight":"5"}},{"type":"Feature","geometry":{"type":"Point","coordinates":[11.4545508,49.3360091]},"properties":{"maxweight":"7.5"}},{"type":"Feature","geometry":{"type":"Point","coordinates":[11.3394582,49.5596255]},"properties":{"maxheight:physical":"3.0"}},{"type":"Feature","geometry":{"type":"Point","coordinates":[11.5618306,49.2382432]},"properties":{"maxweight":"7.5"}},{"type":"Feature","geometry":{"type":"Point","coordinates":[11.1478754,49.7339089]},"properties":{"maxweight":"2.8"}},{"type":"Feature","geometry":{"type":"Point","coordinates":[11.1475494,49.7340673]},"properties":{"maxweight":"2.8"}},{"type":"Feature","geometry":{"type":"Point","coordinates":[11.1632658,49.7009228]},"properties":{"hgv":"no"}},{"type":"Feature","geometry":{"type":"Point","coordinates":[11.1723972,49.6886816]},"properties":{"maxheight":"3.5"}},{"type":"Feature","geometry":{"type":"Point","coordinates":[11.1724821,49.6929336]},"properties":{"hgv":"no","maxweight":"3.5"}},{"type":"Feature","geometry":{"type":"Point","coordinates":[11.3923259,49.1137114]},"properties":{"maxweight":"10.5"}},{"type":"Feature","geometry":{"type":"Point","coordinates":[11.5675714,49.431546]},"properties":{"maxweight":"7.5"}},{"type":"Feature","geometry":{"type":"Point","coordinates":[11.1053468,49.6273406]},"properties":{"maxweight":"3.5"}},{"type":"Feature","geometry":{"type":"Point","coordinates":[11.505758,49.5030298]},"properties":{"maxweight":"1"}},{"type":"Feature","geometry":{"type":"Point","coordinates":[11.1347109,49.4824485]},"properties":{"hgv":"no"}},{"type":"Feature","geometry":{"type":"Point","coordinates":[11.5424038,49.413439]},"properties":{"maxweight":"7.5"}},{"type":"Feature","geometry":{"type":"Point","coordinates":[11.4088658,49.068836]},"properties":{"hgv":"agricultural"}},{"type":"Feature","geometry":{"type":"Point","coordinates":[11.5085735,49.1226035]},"properties":{"maxweight":"6"}},{"type":"Feature","geometry":{"type":"Point","coordinates":[11.5391735,49.2329404]},"properties":{"maxweight":"7.5"}},{"type":"Feature","geometry":{"type":"Point","coordinates":[11.2596291,49.7666854]},"properties":{"maxweight":"3.5"}},{"type":"Feature","geometry":{"type":"Point","coordinates":[11.2277527,49.7693944]},"properties":{"maxweight":"3.5"}},{"type":"Feature","geometry":{"type":"Point","coordinates":[11.5108611,49.4183313]},"properties":{"maxweight":"7"}},{"type":"Feature","geometry":{"type":"Point","coordinates":[11.5135217,49.4428033]},"properties":{"maxweight":"3.5"}},{"type":"Feature","geometry":{"type":"Point","coordinates":[11.252626,49.700419]},"properties":{"maxweight":"3.5"}},{"type":"Feature","geometry":{"type":"Point","coordinates":[11.2556953,49.7007906]},"properties":{"maxweight":"2.8"}},{"type":"Feature","geometry":{"type":"Point","coordinates":[11.5195209,49.4186587]},"properties":{"maxweight":"7.5"}},{"type":"Feature","geometry":{"type":"Point","coordinates":[11.5370166,49.4130967]},"properties":{"maxweight":"7.5"}},{"type":"Feature","geometry":{"type":"Point","coordinates":[11.5464403,49.4126995]},"properties":{"maxweight":"7.5"}},{"type":"Feature","geometry":{"type":"Point","coordinates":[11.524243,49.0946257]},"properties":{"maxweight":"3.5"}},{"type":"Feature","geometry":{"type":"Point","coordinates":[11.146808,49.5652568]},"properties":{"maxwidth":"2"}},{"type":"Feature","geometry":{"type":"Point","coordinates":[11.3714713,49.0776235]},"properties":{"maxweight":"7.5"}},{"type":"Feature","geometry":{"type":"Point","coordinates":[11.4831861,49.4694699]},"properties":{"hgv":"no","maxweight":"7.5"}},{"type":"Feature","geometry":{"type":"Point","coordinates":[11.0125022,49.4248951]},"properties":{"maxheight":"2.9"}},{"type":"Feature","geometry":{"type":"Point","coordinates":[11.2035618,49.3592173]},"properties":{"maxweight":"3.6"}},{"type":"Feature","geometry":{"type":"Point","coordinates":[11.0423195,49.6039719]},"properties":{"hgv":"destination"}},{"type":"Feature","geometry":{"type":"Point","coordinates":[11.4075991,49.6211488]},"properties":{"maxheight":"below_default"}},{"type":"Feature","geometry":{"type":"Point","coordinates":[11.3171241,49.6140328]},"properties":{"maxweight":"3.5"}},{"type":"Feature","geometry":{"type":"Point","coordinates":[11.3135369,49.6172084]},"properties":{"maxweight":"3.5"}},{"type":"Feature","geometry":{"type":"Point","coordinates":[11.5545262,49.63043]},"properties":{"maxweight":"7.5"}},{"type":"Feature","geometry":{"type":"Point","coordinates":[11.2131957,49.3790008]},"properties":{"maxheight":"3.2"}},{"type":"Feature","geometry":{"type":"Point","coordinates":[11.1768146,49.9130361]},"properties":{"maxweight":"5"}},{"type":"Feature","geometry":{"type":"Point","coordinates":[11.0387338,49.6337767]},"properties":{"maxlength":"5"}},{"type":"Feature","geometry":{"type":"Point","coordinates":[11.0327726,49.6569837]},"properties":{"hgv":"destination"}},{"type":"Feature","geometry":{"type":"Point","coordinates":[11.0322149,49.6566395]},"properties":{"hgv":"destination"}},{"type":"Feature","geometry":{"type":"Point","coordinates":[11.7614618,49.4381456]},"properties":{"maxweight":"7.5"}},{"type":"Feature","geometry":{"type":"Point","coordinates":[11.0125439,49.4249654]},"properties":{"maxheight":"2.9"}},{"type":"Feature","geometry":{"type":"Point","coordinates":[11.787049,49.0459499]},"properties":{"hgv":"no","goods":"no"}},{"type":"Feature","geometry":{"type":"Point","coordinates":[11.2111627,49.1718699]},"properties":{"maxweight":"6"}},{"type":"Feature","geometry":{"type":"Point","coordinates":[11.1488138,49.4135382]},"properties":{"maxheight":"3.3"}},{"type":"Feature","geometry":{"type":"Point","coordinates":[11.23963,49.1678684]},"properties":{"maxweight":"6"}},{"type":"Feature","geometry":{"type":"Point","coordinates":[11.0815144,49.9833098]},"properties":{"maxheight":"default"}},{"type":"Feature","geometry":{"type":"Point","coordinates":[11.3293221,49.8974348]},"properties":{"maxweight":"7.5"}},{"type":"Feature","geometry":{"type":"Point","coordinates":[11.107328,49.7912723]},"properties":{"maxweight":"5"}},{"type":"Feature","geometry":{"type":"Point","coordinates":[11.3533368,49.5222602]},"properties":{"maxweight":"7.5"}},{"type":"Feature","geometry":{"type":"Point","coordinates":[11.2409373,49.1494711]},"properties":{"maxweight":"6"}},{"type":"Feature","geometry":{"type":"Point","coordinates":[11.246165,49.1426607]},"properties":{"maxweight":"5.5"}},{"type":"Feature","geometry":{"type":"Point","coordinates":[11.0280782,49.5444572]},"properties":{"hgv":"no"}},{"type":"Feature","geometry":{"type":"Point","coordinates":[11.0311632,49.2597129]},"properties":{"maxweight":"7.5"}},{"type":"Feature","geometry":{"type":"Point","coordinates":[11.3622146,49.2975873]},"properties":{"maxheight":"3.5"}},{"type":"Feature","geometry":{"type":"Point","coordinates":[11.7979037,49.5528145]},"properties":{"maxweight":"7.5"}},{"type":"Feature","geometry":{"type":"Point","coordinates":[11.256299,49.4028132]},"properties":{"maxheight":"default"}},{"type":"Feature","geometry":{"type":"Point","coordinates":[11.1102457,49.4785128]},"properties":{"maxheight":"2"}},{"type":"Feature","geometry":{"type":"Point","coordinates":[11.0737417,49.238017]},"properties":{"maxwidth":"2.5"}},{"type":"Feature","geometry":{"type":"Point","coordinates":[11.9425651,49.0282772]},"properties":{"maxweight":"7.5"}},{"type":"Feature","geometry":{"type":"Point","coordinates":[11.1967581,49.7408831]},"properties":{"maxweight":"3.5"}},{"type":"Feature","geometry":{"type":"Point","coordinates":[11.023678,49.5416017]},"properties":{"hgv":"no"}},{"type":"Feature","geometry":{"type":"Point","coordinates":[11.3418318,49.7603302]},"properties":{"maxweight":"3.5"}},{"type":"Feature","geometry":{"type":"Point","coordinates":[11.3176895,49.7597564]},"properties":{"maxweight":"6"}},{"type":"Feature","geometry":{"type":"Point","coordinates":[11.0550203,49.3490892]},"properties":{"hgv":"no"}},{"type":"Feature","geometry":{"type":"Point","coordinates":[11.1149981,49.4521536]},"properties":{"maxheight":"3.4"}},{"type":"Feature","geometry":{"type":"Point","coordinates":[11.099691,49.3730105]},"properties":{"maxwidth":"4.2"}},{"type":"Feature","geometry":{"type":"Point","coordinates":[11.1322363,49.4588557]},"properties":{"maxheight":"3.5"}},{"type":"Feature","geometry":{"type":"Point","coordinates":[11.0657559,49.3855274]},"properties":{"maxheight":"3"}},{"type":"Feature","geometry":{"type":"Point","coordinates":[11.2519877,49.7268586]},"properties":{"maxweight":"7.5"}},{"type":"Feature","geometry":{"type":"Point","coordinates":[11.179135,49.3643189]},"properties":{"maxweight":"6"}},{"type":"Feature","geometry":{"type":"Point","coordinates":[11.2023379,49.3585287]},"properties":{"maxheight":"3.6"}},{"type":"Feature","geometry":{"type":"Point","coordinates":[11.0254381,49.5507221]},"properties":{"hgv":"destination"}},{"type":"Feature","geometry":{"type":"Point","coordinates":[11.0228976,49.5476805]},"properties":{"maxweight":"7.5"}},{"type":"Feature","geometry":{"type":"Point","coordinates":[11.0148841,49.6591229]},"properties":{"maxheight":"default"}},{"type":"Feature","geometry":{"type":"Point","coordinates":[11.157292,49.5692931]},"properties":{"maxweight":"3.5"}},{"type":"Feature","geometry":{"type":"Point","coordinates":[11.1920254,49.7816535]},"properties":{"maxweight":"6"}},{"type":"Feature","geometry":{"type":"Point","coordinates":[11.2301628,49.5570805]},"properties":{"maxweight":"6"}},{"type":"Feature","geometry":{"type":"Point","coordinates":[11.087562,49.2258032]},"properties":{"hgv":"destination","maxweight":"7.5"}},{"type":"Feature","geometry":{"type":"Point","coordinates":[11.0337616,49.3938924]},"properties":{"maxheight":"3.7"}},{"type":"Feature","geometry":{"type":"Point","coordinates":[11.2200927,49.5329511]},"properties":{"maxwidth":"2.2","maxweight":"3.0"}},{"type":"Feature","geometry":{"type":"Point","coordinates":[11.7514789,49.9586497]},"properties":{"maxweight":"5"}},{"type":"Feature","geometry":{"type":"Point","coordinates":[11.7528579,49.957442]},"properties":{"maxweight":"5"}},{"type":"Feature","geometry":{"type":"Point","coordinates":[11.0388666,49.3824297]},"properties":{"maxheight":"3.2"}},{"type":"Feature","geometry":{"type":"Point","coordinates":[11.0501276,49.3900946]},"properties":{"hgv":"no"}},{"type":"Feature","geometry":{"type":"Point","coordinates":[11.7577746,49.7891625]},"properties":{"maxweight":"7.5"}},{"type":"Feature","geometry":{"type":"Point","coordinates":[11.8720376,49.281883]},"properties":{"maxweight":"5.5"}},{"type":"Feature","geometry":{"type":"Point","coordinates":[11.8023683,49.6207443]},"properties":{"maxheight":"4"}},{"type":"Feature","geometry":{"type":"Point","coordinates":[11.9114884,49.389123]},"properties":{"maxweight":"3.5"}},{"type":"Feature","geometry":{"type":"Point","coordinates":[11.6951057,49.1820212]},"properties":{"maxheight":"default"}},{"type":"Feature","geometry":{"type":"Point","coordinates":[11.5962387,49.7652311]},"properties":{"maxweight":"3.5"}},{"type":"Feature","geometry":{"type":"Point","coordinates":[11.6187055,49.7660355]},"properties":{"maxweight":"3.5"}},{"type":"Feature","geometry":{"type":"Point","coordinates":[11.6276027,49.7626525]},"properties":{"maxweight":"3.5"}},{"type":"Feature","geometry":{"type":"Point","coordinates":[11.5776863,49.0857122]},"properties":{"maxweight":"6"}},{"type":"Feature","geometry":{"type":"Point","coordinates":[11.5934403,49.0342178]},"properties":{"maxweight":"3.5"}},{"type":"Feature","geometry":{"type":"Point","coordinates":[11.5695695,49.0308067]},"properties":{"maxheight":"4"}},{"type":"Feature","geometry":{"type":"Point","coordinates":[11.5814632,49.0271646]},"properties":{"maxheight":"3.5"}},{"type":"Feature","geometry":{"type":"Point","coordinates":[11.5381718,49.7567735]},"properties":{"hgv":"delivery","maxweight":"7.5"}},{"type":"Feature","geometry":{"type":"Point","coordinates":[11.5382056,49.7567674]},"properties":{"hgv":"delivery","maxweight":"7.5"}},{"type":"Feature","geometry":{"type":"Point","coordinates":[11.5437428,49.7554148]},"properties":{"maxweight":"30"}},{"type":"Feature","geometry":{"type":"Point","coordinates":[11.5440505,49.7554322]},"properties":{"maxweight":"30"}},{"type":"Feature","geometry":{"type":"Point","coordinates":[11.5621468,49.6764357]},"properties":{"maxweight":"4"}},{"type":"Feature","geometry":{"type":"Point","coordinates":[11.5250718,49.0196154]},"properties":{"maxweight":"6"}},{"type":"Feature","geometry":{"type":"Point","coordinates":[11.6476052,49.5580813]},"properties":{"maxweight":"7.5"}},{"type":"Feature","geometry":{"type":"Point","coordinates":[11.6640014,49.0035607]},"properties":{"maxweight":"7.5"}},{"type":"Feature","geometry":{"type":"Point","coordinates":[11.9487779,49.5475073]},"properties":{"maxwidth":"2"}},{"type":"Feature","geometry":{"type":"Point","coordinates":[11.644843,49.2241296]},"properties":{"maxheight":"4"}},{"type":"Feature","geometry":{"type":"Point","coordinates":[11.4957775,49.2735226]},"properties":{"hgv":"delivery"}},{"type":"Feature","geometry":{"type":"Point","coordinates":[11.5738029,49.2817752]},"properties":{"maxweight":"7.5"}},{"type":"Feature","geometry":{"type":"Point","coordinates":[11.5717516,49.2818004]},"properties":{"maxweight":"7.5"}},{"type":"Feature","geometry":{"type":"Point","coordinates":[11.7335416,49.4988141]},"properties":{"hgv":"destination"}},{"type":"Feature","geometry":{"type":"Point","coordinates":[11.9913138,49.9384099]},"properties":{"maxweight":"9"}},{"type":"Feature","geometry":{"type":"Point","coordinates":[11.9759743,49.9175961]},"properties":{"maxweight":"7.5"}},{"type":"Feature","geometry":{"type":"Point","coordinates":[11.7301075,49.8249002]},"properties":{"maxweight":"7.5"}},{"type":"Feature","geometry":{"type":"Point","coordinates":[11.8844966,49.0652441]},"properties":{"maxweight":"7.5"}},{"type":"Feature","geometry":{"type":"Point","coordinates":[11.899793,49.0669611]},"properties":{"maxheight":"3.6"}},{"type":"Feature","geometry":{"type":"Point","coordinates":[11.5994554,49.3572409]},"properties":{"maxheight":"default"}},{"type":"Feature","geometry":{"type":"Point","coordinates":[11.7077906,49.7996981]},"properties":{"maxweight":"7.5"}},{"type":"Feature","geometry":{"type":"Point","coordinates":[11.9380621,49.3410234]},"properties":{"maxwidth":"2.2"}},{"type":"Feature","geometry":{"type":"Point","coordinates":[11.7174961,49.8000946]},"properties":{"maxweight":"7.5"}},{"type":"Feature","geometry":{"type":"Point","coordinates":[11.6159194,49.9538606]},"properties":{"hgv":"no","maxweight":"9"}},{"type":"Feature","geometry":{"type":"Point","coordinates":[11.6160015,49.9537078]},"properties":{"hgv":"no","maxweight":"9"}},{"type":"Feature","geometry":{"type":"Point","coordinates":[11.6676548,49.7719389]},"properties":{"maxweight":"7.5"}},{"type":"Feature","geometry":{"type":"Point","coordinates":[11.9431555,49.4908814]},"properties":{"maxwidth":"Durch Strassenführung"}},{"type":"Feature","geometry":{"type":"Point","coordinates":[11.972826,49.5136156]},"properties":{"maxweight":"7.5"}},{"type":"Feature","geometry":{"type":"Point","coordinates":[11.9352762,49.5407314]},"properties":{"maxlength":"10"}},{"type":"Feature","geometry":{"type":"Point","coordinates":[11.2327836,49.357356]},"properties":{"maxheight":"default"}},{"type":"Feature","geometry":{"type":"Point","coordinates":[11.6887531,49.7683059]},"properties":{"maxweight":"7.5"}},{"type":"Feature","geometry":{"type":"Point","coordinates":[11.445637,49.6328136]},"properties":{"hgv":"agricultural"}},{"type":"Feature","geometry":{"type":"Point","coordinates":[11.6064739,49.8074039]},"properties":{"maxweight":"3.5"}},{"type":"Feature","geometry":{"type":"Point","coordinates":[11.2879392,49.3452847]},"properties":{"maxheight":"3.6"}},{"type":"Feature","geometry":{"type":"Point","coordinates":[11.0551002,49.2367028]},"properties":{"maxweight":"5"}},{"type":"Feature","geometry":{"type":"Point","coordinates":[11.6161586,49.8122957]},"properties":{"maxweight":"15"}},{"type":"Feature","geometry":{"type":"Point","coordinates":[11.6387851,49.8097119]},"properties":{"maxweight":"30"}},{"type":"Feature","geometry":{"type":"Point","coordinates":[11.1174004,49.4539619]},"properties":{"maxweight":"6"}},{"type":"Feature","geometry":{"type":"Point","coordinates":[11.8126328,49.541726]},"properties":{"maxweight":"7.5"}},{"type":"Feature","geometry":{"type":"Point","coordinates":[11.7082476,49.8598758]},"properties":{"maxweight":"3.5"}},{"type":"Feature","geometry":{"type":"Point","coordinates":[11.4445947,49.288364]},"properties":{"hgv":"no"}},{"type":"Feature","geometry":{"type":"Point","coordinates":[11.8196507,49.4915819]},"properties":{"maxweight":"6"}},{"type":"Feature","geometry":{"type":"Point","coordinates":[11.8532539,49.4957444]},"properties":{"hgv":"no"}},{"type":"Feature","geometry":{"type":"Point","coordinates":[11.2040967,49.3597024]},"properties":{"maxweight":"3.6"}},{"type":"Feature","geometry":{"type":"Point","coordinates":[11.2034089,49.3589259]},"properties":{"maxweight":"3.6"}},{"type":"Feature","geometry":{"type":"Point","coordinates":[11.0015776,49.4133013]},"properties":{"maxweight":"5.5"}},{"type":"Feature","geometry":{"type":"Point","coordinates":[11.7075119,49.1564996]},"properties":{"maxheight":"4"}},{"type":"Feature","geometry":{"type":"Point","coordinates":[11.3666914,49.379987]},"properties":{"maxheight":"default"}},{"type":"Feature","geometry":{"type":"Point","coordinates":[11.1368551,49.7433326]},"properties":{"hgv":"no","goods":"no"}},{"type":"Feature","geometry":{"type":"Point","coordinates":[11.9360313,49.3380253]},"properties":{"maxweight":"12 t"}},{"type":"Feature","geometry":{"type":"Point","coordinates":[11.9485721,49.5805448]},"properties":{"maxweight":"7.5"}},{"type":"Feature","geometry":{"type":"Point","coordinates":[11.8676725,49.0765002]},"properties":{"maxheight":"3.3"}},{"type":"Feature","geometry":{"type":"Point","coordinates":[11.7410417,49.1421809]},"properties":{"maxheight":"3"}},{"type":"Feature","geometry":{"type":"Point","coordinates":[11.4844833,49.505436]},"properties":{"maxweight":"12"}},{"type":"Feature","geometry":{"type":"Point","coordinates":[11.6014823,49.2721081]},"properties":{"hgv":"designated"}},{"type":"Feature","geometry":{"type":"Point","coordinates":[11.6005837,49.2704313]},"properties":{"hgv":"designated"}},{"type":"Feature","geometry":{"type":"Point","coordinates":[11.9496204,49.6928138]},"properties":{"maxweight":"1.5"}},{"type":"Feature","geometry":{"type":"Point","coordinates":[11.9658275,49.5786948]},"properties":{"maxweight":"7.5"}},{"type":"Feature","geometry":{"type":"Point","coordinates":[11.9461823,49.5826292]},"properties":{"maxweight":"7.5"}},{"type":"Feature","geometry":{"type":"Point","coordinates":[11.2695741,49.4941406]},"properties":{"maxheight":"below_default"}},{"type":"Feature","geometry":{"type":"Point","coordinates":[11.8037265,49.8003757]},"properties":{"maxweight":"3.5"}},{"type":"Feature","geometry":{"type":"Point","coordinates":[11.6492827,49.2164405]},"properties":{"maxheight":"3.8"}},{"type":"Feature","geometry":{"type":"Point","coordinates":[11.1033941,49.4735373]},"properties":{"maxheight":"default"}},{"type":"Feature","geometry":{"type":"Point","coordinates":[11.8900704,49.607169]},"properties":{"hgv":"agricultural"}},{"type":"Feature","geometry":{"type":"Point","coordinates":[11.2647092,49.5540109]},"properties":{"hgv":"no"}},{"type":"Feature","geometry":{"type":"Point","coordinates":[11.9955091,49.9269112]},"properties":{"maxweight":"16"}},{"type":"Feature","geometry":{"type":"Point","coordinates":[11.675769,49.592232]},"properties":{"maxweight":"6"}},{"type":"Feature","geometry":{"type":"Point","coordinates":[11.6892067,49.5886193]},"properties":{"hgv":"destination"}},{"type":"Feature","geometry":{"type":"Point","coordinates":[11.4425956,49.1060795]},"properties":{"maxwidth":"2.6","maxweight":"16"}},{"type":"Feature","geometry":{"type":"Point","coordinates":[11.4425084,49.1060801]},"properties":{"maxwidth":"2.6","maxweight":"16"}},{"type":"Feature","geometry":{"type":"Point","coordinates":[11.2658794,49.3539855]},"properties":{"maxheight":"3.2"}},{"type":"Feature","geometry":{"type":"Point","coordinates":[11.1350178,49.5768526]},"properties":{"maxweight":"3.5"}},{"type":"Feature","geometry":{"type":"Point","coordinates":[11.8150298,49.8068191]},"properties":{"maxweight":"3.5"}},{"type":"Feature","geometry":{"type":"Point","coordinates":[11.2495347,49.3647228]},"properties":{"maxweight":"9"}},{"type":"Feature","geometry":{"type":"Point","coordinates":[11.2641153,49.3392126]},"properties":{"maxweightrating":"6"}},{"type":"Feature","geometry":{"type":"Point","coordinates":[11.9959566,49.8638241]},"properties":{"maxweight":"7.5"}},{"type":"Feature","geometry":{"type":"Point","coordinates":[11.7341698,49.0676067]},"properties":{"maxweight":"5.5"}},{"type":"Feature","geometry":{"type":"Point","coordinates":[11.1113111,49.4599087]},"properties":{"maxheight":"default"}},{"type":"Feature","geometry":{"type":"Point","coordinates":[11.8376814,49.4850741]},"properties":{"maxheight":"3.2","maxweight":"30"}},{"type":"Feature","geometry":{"type":"Point","coordinates":[11.7969976,49.5633821]},"properties":{"maxweight":"7.5"}},{"type":"Feature","geometry":{"type":"Point","coordinates":[11.8076477,49.0639786]},"properties":{"maxweight":"3.5"}},{"type":"Feature","geometry":{"type":"Point","coordinates":[11.6408539,49.2351069]},"properties":{"hgv":"no"}},{"type":"Feature","geometry":{"type":"Point","coordinates":[11.508564,49.9273184]},"properties":{"maxweight":"8"}},{"type":"Feature","geometry":{"type":"Point","coordinates":[11.6798836,49.1960111]},"properties":{"hgv":"yes"}},{"type":"Feature","geometry":{"type":"Point","coordinates":[11.6572783,49.2054186]},"properties":{"maxheight":"default"}},{"type":"Feature","geometry":{"type":"Point","coordinates":[11.6893684,49.336495]},"properties":{"maxlength":"10"}},{"type":"Feature","geometry":{"type":"Point","coordinates":[11.0660883,49.1039622]},"properties":{"maxweight":"7.5"}},{"type":"Feature","geometry":{"type":"Point","coordinates":[11.0783436,49.0973852]},"properties":{"maxweight":"12"}},{"type":"Feature","geometry":{"type":"Point","coordinates":[11.1761367,49.1545624]},"properties":{"maxweight":"10"}},{"type":"Feature","geometry":{"type":"Point","coordinates":[11.2444471,49.1535258]},"properties":{"maxweight":"6"}},{"type":"Feature","geometry":{"type":"Point","coordinates":[11.2611077,49.160226]},"properties":{"hgv":"yes"}},{"type":"Feature","geometry":{"type":"Point","coordinates":[11.2614157,49.1603704]},"properties":{"hgv":"yes"}},{"type":"Feature","geometry":{"type":"Point","coordinates":[11.2620019,49.1592512]},"properties":{"hgv":"yes"}},{"type":"Feature","geometry":{"type":"Point","coordinates":[11.2621031,49.1604202]},"properties":{"hgv":"yes"}},{"type":"Feature","geometry":{"type":"Point","coordinates":[11.2624406,49.1604447]},"properties":{"hgv":"yes"}},{"type":"Feature","geometry":{"type":"Point","coordinates":[11.262311,49.1610154]},"properties":{"hgv":"no"}},{"type":"Feature","geometry":{"type":"Point","coordinates":[11.5514569,49.2997863]},"properties":{"maxweightrating:hgv":"30"}},{"type":"Feature","geometry":{"type":"Point","coordinates":[11.666459,49.5881116]},"properties":{"maxweight":"7.5"}},{"type":"Feature","geometry":{"type":"Point","coordinates":[11.6577037,49.5830651]},"properties":{"maxweight":"3.5"}},{"type":"Feature","geometry":{"type":"Point","coordinates":[11.0428267,49.3310199]},"properties":{"hgv":"delivery"}},{"type":"Feature","geometry":{"type":"Point","coordinates":[11.0434409,49.3319753]},"properties":{"hgv":"delivery"}},{"type":"Feature","geometry":{"type":"Point","coordinates":[11.5736069,49.6425711]},"properties":{"maxweight":"5"}},{"type":"Feature","geometry":{"type":"Point","coordinates":[11.1412318,49.4543597]},"properties":{"maxheight":"2"}},{"type":"Feature","geometry":{"type":"Point","coordinates":[11.1409686,49.4540564]},"properties":{"maxheight":"2"}},{"type":"Feature","geometry":{"type":"Point","coordinates":[11.1399723,49.4540608]},"properties":{"maxheight":"2"}},{"type":"Feature","geometry":{"type":"Point","coordinates":[11.1403015,49.4544993]},"properties":{"maxheight":"2"}},{"type":"Feature","geometry":{"type":"Point","coordinates":[11.1413622,49.4534231]},"properties":{"maxheight":"2"}},{"type":"Feature","geometry":{"type":"Point","coordinates":[11.1421884,49.45327]},"properties":{"maxheight":"2"}},{"type":"Feature","geometry":{"type":"Point","coordinates":[11.1405264,49.4540785]},"properties":{"maxheight":"2"}},{"type":"Feature","geometry":{"type":"Point","coordinates":[11.1408412,49.4535403]},"properties":{"maxheight":"2"}},{"type":"Feature","geometry":{"type":"Point","coordinates":[11.7357238,49.5010847]},"properties":{"maxweight":"16"}},{"type":"Feature","geometry":{"type":"Point","coordinates":[11.1618398,49.4868597]},"properties":{"maxheight":"default"}},{"type":"Feature","geometry":{"type":"Point","coordinates":[11.0738492,49.3406493]},"properties":{"maxheight":"default"}},{"type":"Feature","geometry":{"type":"Point","coordinates":[11.6269679,49.5612226]},"properties":{"maxweight":"3.5"}},{"type":"Feature","geometry":{"type":"Point","coordinates":[11.5262246,49.4161465]},"properties":{"maxweight":"7.5"}},{"type":"Feature","geometry":{"type":"Point","coordinates":[11.5668012,49.4336688]},"properties":{"maxweight":"7.5"}},{"type":"Feature","geometry":{"type":"Point","coordinates":[11.1014153,49.395198]},"properties":{"maxheight":"2.3"}},{"type":"Feature","geometry":{"type":"Point","coordinates":[11.5095032,49.4232449]},"properties":{"maxweight":"7"}},{"type":"Feature","geometry":{"type":"Point","coordinates":[11.1117166,49.2920799]},"properties":{"maxwidth":"12","maxlength":"190"}},{"type":"Feature","geometry":{"type":"Point","coordinates":[11.204038,49.3402102]},"properties":{"maxheight":"default"}},{"type":"Feature","geometry":{"type":"Point","coordinates":[11.9470864,49.8523979]},"properties":{"maxweight":"5"}},{"type":"Feature","geometry":{"type":"Point","coordinates":[11.60509,49.9155202]},"properties":{"maxheight":"default"}},{"type":"Feature","geometry":{"type":"Point","coordinates":[11.1419555,49.381086]},"properties":{"maxheight":"default"}},{"type":"Feature","geometry":{"type":"Point","coordinates":[11.1998881,49.3963078]},"properties":{"maxheight":"default"}},{"type":"Feature","geometry":{"type":"Point","coordinates":[11.2432837,49.4579295]},"properties":{"maxheight":"default"}},{"type":"Feature","geometry":{"type":"Point","coordinates":[11.1713653,49.7571278]},"properties":{"maxweight":"12"}},{"type":"Feature","geometry":{"type":"Point","coordinates":[11.258618,49.1840167]},"properties":{"maxweight":"6"}},{"type":"Feature","geometry":{"type":"Point","coordinates":[11.5395577,49.7559614]},"properties":{"goods":"yes"}},{"type":"Feature","geometry":{"type":"Point","coordinates":[11.1338673,49.7526929]},"properties":{"maxweight":"3.5"}},{"type":"Feature","geometry":{"type":"Point","coordinates":[11.848199,49.7907395]},"properties":{"maxweight":"3.5"}},{"type":"Feature","geometry":{"type":"Point","coordinates":[11.8465971,49.782179]},"properties":{"maxweight":"3.5"}},{"type":"Feature","geometry":{"type":"Point","coordinates":[11.8115577,49.776562]},"properties":{"maxweight":"7.5"}},{"type":"Feature","geometry":{"type":"Point","coordinates":[11.8555917,49.7755601]},"properties":{"maxweight":"3.5"}},{"type":"Feature","geometry":{"type":"Point","coordinates":[11.9069173,49.7890991]},"properties":{"maxweight":"7.5"}},{"type":"Feature","geometry":{"type":"Point","coordinates":[11.9063836,49.7905479]},"properties":{"maxweight":"7.5"}},{"type":"Feature","geometry":{"type":"Point","coordinates":[11.9232404,49.7884137]},"properties":{"maxweight":"7.5"}},{"type":"Feature","geometry":{"type":"Point","coordinates":[11.0078967,49.0620171]},"properties":{"maxweight":"6"}},{"type":"Feature","geometry":{"type":"Point","coordinates":[11.7785677,49.7841808]},"properties":{"maxweight":"3.5"}},{"type":"Feature","geometry":{"type":"Point","coordinates":[11.7833516,49.7932168]},"properties":{"maxweight":"10"}},{"type":"Feature","geometry":{"type":"Point","coordinates":[11.4132602,49.5111085]},"properties":{"maxweight":"12"}},{"type":"Feature","geometry":{"type":"Point","coordinates":[11.4277028,49.5004808]},"properties":{"hgv":"no"}},{"type":"Feature","geometry":{"type":"Point","coordinates":[11.9647301,49.7700869]},"properties":{"maxweight":"7.5"}},{"type":"Feature","geometry":{"type":"Point","coordinates":[11.4255968,49.4988633]},"properties":{"maxheight":"default"}},{"type":"Feature","geometry":{"type":"Point","coordinates":[11.5547297,49.7481503]},"properties":{"maxweight":"3.5"}},{"type":"Feature","geometry":{"type":"Point","coordinates":[11.0016315,49.5660686]},"properties":{"maxweight":"7.5"}},{"type":"Feature","geometry":{"type":"Point","coordinates":[11.0026043,49.5657559]},"properties":{"maxweight":"7.5"}},{"type":"Feature","geometry":{"type":"Point","coordinates":[11.505856,49.314719]},"properties":{"maxheight":"default"}},{"type":"Feature","geometry":{"type":"Point","coordinates":[11.5061796,49.3228893]},"properties":{"maxweight":"6"}},{"type":"Feature","geometry":{"type":"Point","coordinates":[11.5048894,49.3233275]},"properties":{"maxweight":"6"}},{"type":"Feature","geometry":{"type":"Point","coordinates":[11.4522573,49.3389184]},"properties":{"maxweight":"7.5"}},{"type":"Feature","geometry":{"type":"Point","coordinates":[11.4452936,49.3414387]},"properties":{"maxweight":"7.5"}},{"type":"Feature","geometry":{"type":"Point","coordinates":[11.4227149,49.3404137]},"properties":{"maxweight":"7.5"}},{"type":"Feature","geometry":{"type":"Point","coordinates":[11.5556057,49.7467838]},"properties":{"maxweight":"3.5"}},{"type":"Feature","geometry":{"type":"Point","coordinates":[11.5301474,49.7192122]},"properties":{"maxweight":"1.5"}},{"type":"Feature","geometry":{"type":"Point","coordinates":[11.1307196,49.4765488]},"properties":{"maxweight":"24"}},{"type":"Feature","geometry":{"type":"Point","coordinates":[11.1305591,49.4763481]},"properties":{"maxweight":"24"}},{"type":"Feature","geometry":{"type":"Point","coordinates":[11.4423415,49.3273676]},"properties":{"maxweight":"12"}},{"type":"Feature","geometry":{"type":"Point","coordinates":[11.9973838,49.8533504]},"properties":{"maxweight":"7.5"}},{"type":"Feature","geometry":{"type":"Point","coordinates":[11.4044797,49.3762556]},"properties":{"maxweight":"3"}},{"type":"Feature","geometry":{"type":"Point","coordinates":[11.9546152,49.1614413]},"properties":{"maxweight":"6 t"}},{"type":"Feature","geometry":{"type":"Point","coordinates":[11.5396868,49.756594]},"properties":{"hgv":"delivery","maxweight":"7.5"}},{"type":"Feature","geometry":{"type":"Point","coordinates":[11.7241126,49.5081955]},"properties":{"hgv":"destination","maxweight":"7.5"}},{"type":"Feature","geometry":{"type":"Point","coordinates":[11.5901089,49.0314912]},"properties":{"maxweight":"3"}},{"type":"Feature","geometry":{"type":"Point","coordinates":[11.592118,49.0336008]},"properties":{"hgv":"delivery"}},{"type":"Feature","geometry":{"type":"Point","coordinates":[11.2599285,49.1764766]},"properties":{"maxheight":"default"}},{"type":"Feature","geometry":{"type":"Point","coordinates":[11.5416387,49.7562017]},"properties":{"goods":"yes","maxwidth":"2.2"}},{"type":"Feature","geometry":{"type":"Point","coordinates":[11.1167472,49.4633369]},"properties":{"maxweight":"2.8"}},{"type":"Feature","geometry":{"type":"Point","coordinates":[11.556821,49.6371967]},"properties":{"maxweight":"30"}},{"type":"Feature","geometry":{"type":"Point","coordinates":[11.3986946,49.4721519]},"properties":{"maxheight":"2.7"}},{"type":"Feature","geometry":{"type":"Point","coordinates":[11.3796129,49.4444463]},"properties":{"hgv":"no","goods":"yes","maxweight":"6"}},{"type":"Feature","geometry":{"type":"Point","coordinates":[11.3800952,49.4442528]},"properties":{"hgv":"no","goods":"yes","maxweight":"6"}},{"type":"Feature","geometry":{"type":"Point","coordinates":[11.7517985,49.5165414]},"properties":{"maxweight":"7.5"}},{"type":"Feature","geometry":{"type":"Point","coordinates":[11.7513278,49.5175898]},"properties":{"maxweight":"7.5"}},{"type":"Feature","geometry":{"type":"Point","coordinates":[11.5401793,49.942627]},"properties":{"maxweight":"2.5"}},{"type":"Feature","geometry":{"type":"Point","coordinates":[11.6778994,49.3695543]},"properties":{"maxweight":"3"}},{"type":"Feature","geometry":{"type":"Point","coordinates":[11.9228396,49.2670186]},"properties":{"maxweightrating":"7.5"}},{"type":"Feature","geometry":{"type":"Point","coordinates":[11.9214686,49.2680432]},"properties":{"maxweightrating":"7.5"}},{"type":"Feature","geometry":{"type":"Point","coordinates":[11.9257351,49.2653932]},"properties":{"maxweight":"3.5"}},{"type":"Feature","geometry":{"type":"Point","coordinates":[11.1652609,49.9060249]},"properties":{"maxweight":"7.5"}},{"type":"Feature","geometry":{"type":"Point","coordinates":[11.3282985,49.8971723]},"properties":{"maxweight":"20"}},{"type":"Feature","geometry":{"type":"Point","coordinates":[11.0679278,49.4202803]},"properties":{"maxheight":"default"}},{"type":"Feature","geometry":{"type":"Point","coordinates":[11.7833336,49.8693663]},"properties":{"maxheight":"3.3"}},{"type":"Feature","geometry":{"type":"Point","coordinates":[11.0220137,49.6039294]},"properties":{"hgv":"destination","maxweight":"7.5"}},{"type":"Feature","geometry":{"type":"Point","coordinates":[11.0125598,49.600468]},"properties":{"hgv":"destination","maxheight":"3.3"}},{"type":"Feature","geometry":{"type":"Point","coordinates":[11.8899257,49.4671858]},"properties":{"hgv":"agricultural"}},{"type":"Feature","geometry":{"type":"Point","coordinates":[11.5975954,49.569679]},"properties":{"maxweight":"3.5"}},{"type":"Feature","geometry":{"type":"Point","coordinates":[11.0327185,49.5575507]},"properties":{"maxheight":"4"}},{"type":"Feature","geometry":{"type":"Point","coordinates":[11.0224917,49.5570209]},"properties":{"maxweight":"7.5"}},{"type":"Feature","geometry":{"type":"Point","coordinates":[11.1303983,49.4761495]},"properties":{"maxweight":"24"}},{"type":"Feature","geometry":{"type":"Point","coordinates":[11.1639081,49.1785323]},"properties":{"maxweight":"10"}},{"type":"Feature","geometry":{"type":"Point","coordinates":[11.298564,49.9252173]},"properties":{"maxweight":"12"}},{"type":"Feature","geometry":{"type":"Point","coordinates":[11.7604444,49.5166512]},"properties":{"maxweight":"7.5"}},{"type":"Feature","geometry":{"type":"Point","coordinates":[11.7552269,49.5168751]},"properties":{"maxweight":"7.5"}},{"type":"Feature","geometry":{"type":"Point","coordinates":[11.0551242,49.5211343]},"properties":{"maxweightrating:hgv":"16"}},{"type":"Feature","geometry":{"type":"Point","coordinates":[11.2293345,49.8837281]},"properties":{"maxweight":"2.9"}},{"type":"Feature","geometry":{"type":"Point","coordinates":[11.3256289,49.5601503]},"properties":{"maxheight":"default"}},{"type":"Feature","geometry":{"type":"Point","coordinates":[11.044964,49.1544847]},"properties":{"maxheight":"default"}},{"type":"Feature","geometry":{"type":"Point","coordinates":[11.0331484,49.412777]},"properties":{"maxlength":"10"}},{"type":"Feature","geometry":{"type":"Point","coordinates":[11.0320882,49.4137879]},"properties":{"maxlength":"10"}},{"type":"Feature","geometry":{"type":"Point","coordinates":[11.2906149,49.9347311]},"properties":{"maxweight":"7.5"}},{"type":"Feature","geometry":{"type":"Point","coordinates":[11.8838845,49.5297194]},"properties":{"maxweight":"5"}},{"type":"Feature","geometry":{"type":"Point","coordinates":[11.831032,49.8272998]},"properties":{"maxweight":"5.5"}},{"type":"Feature","geometry":{"type":"Point","coordinates":[11.396499,49.3458914]},"properties":{"maxweight":"7.5"}},{"type":"Feature","geometry":{"type":"Point","coordinates":[11.0780435,49.3030738]},"properties":{"maxheight":"3"}},{"type":"Feature","geometry":{"type":"Point","coordinates":[11.0736702,49.5928375]},"properties":{"maxweight":"16"}},{"type":"Feature","geometry":{"type":"Point","coordinates":[11.1269166,49.5896307]},"properties":{"maxweight":"10"}},{"type":"Feature","geometry":{"type":"Point","coordinates":[11.0350339,49.3721252]},"properties":{"maxwidth":"2.4"}},{"type":"Feature","geometry":{"type":"Point","coordinates":[11.3004371,49.9747527]},"properties":{"maxweight":"15"}},{"type":"Feature","geometry":{"type":"Point","coordinates":[11.3041406,49.9177506]},"properties":{"maxweight":"12"}},{"type":"Feature","geometry":{"type":"Point","coordinates":[11.3418307,49.8897325]},"properties":{"maxweight":"3"}},{"type":"Feature","geometry":{"type":"Point","coordinates":[11.1743535,49.7551073]},"properties":{"maxweight":"3.5"}},{"type":"Feature","geometry":{"type":"Point","coordinates":[11.2654398,49.8022241]},"properties":{"maxweight":"3.5"}},{"type":"Feature","geometry":{"type":"Point","coordinates":[11.1286766,49.611235]},"properties":{"maxheight":"3.2 m"}},{"type":"Feature","geometry":{"type":"Point","coordinates":[11.0251393,49.5184628]},"properties":{"maxweightrating":"12"}},{"type":"Feature","geometry":{"type":"Point","coordinates":[11.5264726,49.0945249]},"properties":{"maxweight":"3.5"}},{"type":"Feature","geometry":{"type":"Point","coordinates":[11.1326525,49.4035408]},"properties":{"maxheight":"2.30"}},{"type":"Feature","geometry":{"type":"Point","coordinates":[11.2219501,49.9254408]},"properties":{"maxweight":"16"}},{"type":"Feature","geometry":{"type":"Point","coordinates":[11.2216395,49.9064105]},"properties":{"maxweight":"3.5"}},{"type":"Feature","geometry":{"type":"Point","coordinates":[11.2232789,49.8939739]},"properties":{"maxweight":"12"}},{"type":"Feature","geometry":{"type":"Point","coordinates":[11.226711,49.8838094]},"properties":{"maxweight":"1.5"}},{"type":"Feature","geometry":{"type":"Point","coordinates":[11.465768,49.7756949]},"properties":{"maxweight":"30"}},{"type":"Feature","geometry":{"type":"Point","coordinates":[11.077267,49.4473763]},"properties":{"maxheight":"2"}},{"type":"Feature","geometry":{"type":"Point","coordinates":[11.3856561,49.7783407]},"properties":{"maxweight":"3.5"}},{"type":"Feature","geometry":{"type":"Point","coordinates":[11.3456173,49.449794]},"properties":{"maxweight":"6"}},{"type":"Feature","geometry":{"type":"Point","coordinates":[11.5218317,49.814803]},"properties":{"maxweight":"5.5"}},{"type":"Feature","geometry":{"type":"Point","coordinates":[11.5791746,49.6448472]},"properties":{"maxweight":"5"}},{"type":"Feature","geometry":{"type":"Point","coordinates":[11.2581145,49.3557663]},"properties":{"maxwidth":"2"}},{"type":"Feature","geometry":{"type":"Point","coordinates":[11.5601837,49.2455002]},"properties":{"maxweight":"6"}},{"type":"Feature","geometry":{"type":"Point","coordinates":[11.1932299,49.5745121]},"properties":{"hgv":"destination","maxweight":"7.5"}},{"type":"Feature","geometry":{"type":"Point","coordinates":[11.0294489,49.9003313]},"properties":{"maxweight":"3.5"}},{"type":"Feature","geometry":{"type":"Point","coordinates":[11.0304964,49.9003304]},"properties":{"maxheight":"2.2","maxwidth":"2.5"}},{"type":"Feature","geometry":{"type":"Point","coordinates":[11.2857966,49.440475]},"properties":{"maxweight":"5"}},{"type":"Feature","geometry":{"type":"Point","coordinates":[11.2859586,49.4407977]},"properties":{"maxweight":"5"}},{"type":"Feature","geometry":{"type":"Point","coordinates":[11.5412419,49.6145247]},"properties":{"maxweight":"30"}},{"type":"Feature","geometry":{"type":"Point","coordinates":[11.6115589,49.5670778]},"properties":{"maxweight":"3.5"}},{"type":"Feature","geometry":{"type":"Point","coordinates":[11.1029922,49.4703899]},"properties":{"maxheight":"2.1"}},{"type":"Feature","geometry":{"type":"Point","coordinates":[11.6460612,49.5228324]},"properties":{"maxweight":"6"}},{"type":"Feature","geometry":{"type":"Point","coordinates":[11.6510733,49.5216665]},"properties":{"maxweight":"6"}},{"type":"Feature","geometry":{"type":"Point","coordinates":[11.5255674,49.8153609]},"properties":{"maxweight":"5.5"}},{"type":"Feature","geometry":{"type":"Point","coordinates":[11.6280168,49.6963854]},"properties":{"maxweight":"3.5"}},{"type":"Feature","geometry":{"type":"Point","coordinates":[11.4458539,49.1004383]},"properties":{"maxwidth":"4.2"}},{"type":"Feature","geometry":{"type":"Point","coordinates":[11.453933,49.1639588]},"properties":{"maxwidth":"4.2"}},{"type":"Feature","geometry":{"type":"Point","coordinates":[11.473893,49.3119785]},"properties":{"hgv":"no"}},{"type":"Feature","geometry":{"type":"Point","coordinates":[11.4475869,49.0893108]},"properties":{"maxweight":"1.5"}},{"type":"Feature","geometry":{"type":"Point","coordinates":[11.0050714,49.9286498]},"properties":{"maxweight":"3.5"}},{"type":"Feature","geometry":{"type":"Point","coordinates":[11.0614195,49.4212632]},"properties":{"maxheight":"3.8"}},{"type":"Feature","geometry":{"type":"Point","coordinates":[11.0652765,49.4720916]},"properties":{"maxheight":"default"}},{"type":"Feature","geometry":{"type":"Point","coordinates":[11.376625,49.7860042]},"properties":{"maxweight":"7.5"}},{"type":"Feature","geometry":{"type":"Point","coordinates":[11.7970825,49.5137037]},"properties":{"hgv":"destination","maxweight":"7.5"}},{"type":"Feature","geometry":{"type":"Point","coordinates":[11.0016796,49.59976]},"properties":{"maxheight":"4"}},{"type":"Feature","geometry":{"type":"Point","coordinates":[11.0548378,49.8093215]},"properties":{"maxweight":"5.5"}},{"type":"Feature","geometry":{"type":"Point","coordinates":[11.0485127,49.8162769]},"properties":{"maxweight":"5.5"}},{"type":"Feature","geometry":{"type":"Point","coordinates":[11.5309331,49.0126138]},"properties":{"maxwidth":"3","maxweight":"6"}},{"type":"Feature","geometry":{"type":"Point","coordinates":[11.9508548,49.8853896]},"properties":{"maxweight":"5.5"}},{"type":"Feature","geometry":{"type":"Point","coordinates":[11.9542695,49.8867032]},"properties":{"maxweight":"5.5"}},{"type":"Feature","geometry":{"type":"Point","coordinates":[11.6162007,49.0117481]},"properties":{"maxwidth":"4.2"}},{"type":"Feature","geometry":{"type":"Point","coordinates":[11.5087115,49.6125184]},"properties":{"maxweight":"7.5"}},{"type":"Feature","geometry":{"type":"Point","coordinates":[11.6174017,49.579586]},"properties":{"maxheight":"2.7"}},{"type":"Feature","geometry":{"type":"Point","coordinates":[11.4628277,49.8718709]},"properties":{"maxweight":"7.5 t"}},{"type":"Feature","geometry":{"type":"Point","coordinates":[11.0193799,49.5873594]},"properties":{"maxweight":"1 t"}},{"type":"Feature","geometry":{"type":"Point","coordinates":[11.0187265,49.5792658]},"properties":{"maxweight":"2.8"}},{"type":"Feature","geometry":{"type":"Point","coordinates":[11.0858262,49.445508]},"properties":{"maxheight":"3.9"}},{"type":"Feature","geometry":{"type":"Point","coordinates":[11.5982746,49.813475]},"properties":{"maxweight":"12"}},{"type":"Feature","geometry":{"type":"Point","coordinates":[11.3214365,49.549489]},"properties":{"hgv":"designated"}},{"type":"Feature","geometry":{"type":"Point","coordinates":[11.322725,49.5503169]},"properties":{"hgv":"designated"}},{"type":"Feature","geometry":{"type":"Point","coordinates":[11.6040476,49.3700433]},"properties":{"maxweight":"5"}},{"type":"Feature","geometry":{"type":"Point","coordinates":[11.7411928,49.5051663]},"properties":{"maxwidth":"2.2"}},{"type":"Feature","geometry":{"type":"Point","coordinates":[11.3566603,49.3849808]},"properties":{"maxheight":"below_default"}},{"type":"Feature","geometry":{"type":"Point","coordinates":[11.875658,49.4670293]},"properties":{"hgv":"agricultural"}},{"type":"Feature","geometry":{"type":"Point","coordinates":[11.3534936,49.3854409]},"properties":{"maxheight":"2.8"}},{"type":"Feature","geometry":{"type":"Point","coordinates":[11.4007109,49.9816148]},"properties":{"maxweight":"6"}},{"type":"Feature","geometry":{"type":"Point","coordinates":[11.1260548,49.4629512]},"properties":{"maxheight":"2 m"}},{"type":"Feature","geometry":{"type":"Point","coordinates":[11.0592772,49.4499953]},"properties":{"maxheight":"default"}},{"type":"Feature","geometry":{"type":"Point","coordinates":[11.2994908,49.9741558]},"properties":{"maxweight":"15"}},{"type":"Feature","geometry":{"type":"Point","coordinates":[11.3454435,49.8452655]},"properties":{"hgv":"no"}},{"type":"Feature","geometry":{"type":"Point","coordinates":[11.5291229,49.4246911]},"properties":{"maxweight":"7.5"}},{"type":"Feature","geometry":{"type":"Point","coordinates":[11.4510646,49.8222876]},"properties":{"maxweight":"8"}},{"type":"Feature","geometry":{"type":"Point","coordinates":[11.496966,49.8240666]},"properties":{"maxweight":"7.5"}},{"type":"Feature","geometry":{"type":"Point","coordinates":[11.4053579,49.0693303]},"properties":{"maxweight":"7.5"}},{"type":"Feature","geometry":{"type":"Point","coordinates":[11.3587221,49.3858859]},"properties":{"maxheight":"2.8","maxweight":"3.5"}},{"type":"Feature","geometry":{"type":"Point","coordinates":[11.496668,49.9837691]},"properties":{"maxweight":"18"}},{"type":"Feature","geometry":{"type":"Point","coordinates":[11.0580661,49.4228765]},"properties":{"maxheight":"3.3"}},{"type":"Feature","geometry":{"type":"Point","coordinates":[11.0576969,49.422699]},"properties":{"maxheight":"2.9"}},{"type":"Feature","geometry":{"type":"Point","coordinates":[11.5476971,49.6184223]},"properties":{"hgv":"agricultural"}},{"type":"Feature","geometry":{"type":"Point","coordinates":[11.295476,49.865344]},"properties":{"hgv":"no","goods":"no"}},{"type":"Feature","geometry":{"type":"Point","coordinates":[11.2954219,49.866248]},"properties":{"hgv":"no","goods":"no"}},{"type":"Feature","geometry":{"type":"Point","coordinates":[11.3777331,49.8651856]},"properties":{"maxweight":"6"}},{"type":"Feature","geometry":{"type":"Point","coordinates":[11.0832859,49.4509524]},"properties":{"maxheight":"2"}},{"type":"Feature","geometry":{"type":"Point","coordinates":[11.0838974,49.4511381]},"properties":{"maxheight":"2"}},{"type":"Feature","geometry":{"type":"Point","coordinates":[11.0837784,49.4508512]},"properties":{"maxheight":"2"}},{"type":"Feature","geometry":{"type":"Point","coordinates":[11.5005276,49.0218368]},"properties":{"maxweight":"30"}},{"type":"Feature","geometry":{"type":"Point","coordinates":[11.8454074,49.5034617]},"properties":{"maxweight":"6.0"}},{"type":"Feature","geometry":{"type":"Point","coordinates":[11.4298101,49.5559046]},"properties":{"hgv":"no"}},{"type":"Feature","geometry":{"type":"Point","coordinates":[11.4132356,49.3689652]},"properties":{"maxweight":"6"}},{"type":"Feature","geometry":{"type":"Point","coordinates":[11.4140014,49.3684967]},"properties":{"maxweight":"3.5"}},{"type":"Feature","geometry":{"type":"Point","coordinates":[11.4117978,49.3691758]},"properties":{"maxheight":"4,00","maxweight":"3.5"}},{"type":"Feature","geometry":{"type":"Point","coordinates":[11.4189013,49.3664408]},"properties":{"maxweight":"3.5"}},{"type":"Feature","geometry":{"type":"Point","coordinates":[11.409242,49.3701094]},"properties":{"maxheight":"3,90","maxweight":"3.5"}},{"type":"Feature","geometry":{"type":"Point","coordinates":[11.595724,49.6905058]},"properties":{"maxweight":"6"}},{"type":"Feature","geometry":{"type":"Point","coordinates":[11.4888088,49.2884143]},"properties":{"hgv":"delivery"}},{"type":"Feature","geometry":{"type":"Point","coordinates":[11.073967,49.4692276]},"properties":{"maxheight":"3.5 m"}},{"type":"Feature","geometry":{"type":"Point","coordinates":[11.4398574,49.5127989]},"properties":{"maxheight":"2.65"}},{"type":"Feature","geometry":{"type":"Point","coordinates":[11.092977,49.4621838]},"properties":{"maxheight":"2"}},{"type":"Feature","geometry":{"type":"Point","coordinates":[11.0927837,49.4622819]},"properties":{"maxheight":"2"}},{"type":"Feature","geometry":{"type":"Point","coordinates":[11.4124996,49.8866418]},"properties":{"maxweight":"5"}},{"type":"Feature","geometry":{"type":"Point","coordinates":[11.0266329,49.8134686]},"properties":{"maxweight":"5.5"}},{"type":"Feature","geometry":{"type":"Point","coordinates":[11.2413385,49.0377371]},"properties":{"maxweight":"3"}},{"type":"Feature","geometry":{"type":"Point","coordinates":[11.212584,49.0943695]},"properties":{"maxweight":"6"}},{"type":"Feature","geometry":{"type":"Point","coordinates":[11.2679221,49.1268735]},"properties":{"maxweight":"6"}},{"type":"Feature","geometry":{"type":"Point","coordinates":[11.2734261,49.1238976]},"properties":{"maxweight":"2.8"}},{"type":"Feature","geometry":{"type":"Point","coordinates":[11.279194,49.1118431]},"properties":{"maxheight":"default"}},{"type":"Feature","geometry":{"type":"Point","coordinates":[11.2728332,49.1272031]},"properties":{"maxweight":"6"}},{"type":"Feature","geometry":{"type":"Point","coordinates":[11.2817909,49.5111189]},"properties":{"hgv":"no","maxwidth":"2"}},{"type":"Feature","geometry":{"type":"Point","coordinates":[11.8826116,49.5288037]},"properties":{"maxweight":"7.5"}},{"type":"Feature","geometry":{"type":"Point","coordinates":[11.058269,49.8498647]},"properties":{"maxwidth":"2"}},{"type":"Feature","geometry":{"type":"Point","coordinates":[11.2952759,49.4050364]},"properties":{"maxheight":"default"}},{"type":"Feature","geometry":{"type":"Point","coordinates":[11.5716718,49.8342936]},"properties":{"maxweight":"3.5"}},{"type":"Feature","geometry":{"type":"Point","coordinates":[11.053806,49.7364045]},"properties":{"maxheight":"default"}},{"type":"Feature","geometry":{"type":"Point","coordinates":[11.0529967,49.7246305]},"properties":{"maxheight":"default"}},{"type":"Feature","geometry":{"type":"Point","coordinates":[11.0437719,49.6678254]},"properties":{"maxheight":"default"}},{"type":"Feature","geometry":{"type":"Point","coordinates":[11.0306198,49.8016055]},"properties":{"hgv":"delivery"}},{"type":"Feature","geometry":{"type":"Point","coordinates":[11.4951906,49.8215101]},"properties":{"maxweight":"12"}},{"type":"Feature","geometry":{"type":"Point","coordinates":[11.2368772,49.1134813]},"properties":{"maxweight":"5.5"}},{"type":"Feature","geometry":{"type":"Point","coordinates":[11.3395859,49.8646668]},"properties":{"maxweight":"3.5"}},{"type":"Feature","geometry":{"type":"Point","coordinates":[11.4107657,49.8190385]},"properties":{"maxweight":"5"}},{"type":"Feature","geometry":{"type":"Point","coordinates":[11.0658249,49.4267488]},"properties":{"maxheight":"2.1"}},{"type":"Feature","geometry":{"type":"Point","coordinates":[11.0437098,49.6468819]},"properties":{"maxlength":"9"}},{"type":"Feature","geometry":{"type":"Point","coordinates":[11.5377641,49.7568214]},"properties":{"hgv":"delivery","maxweight":"7.5"}},{"type":"Feature","geometry":{"type":"Point","coordinates":[11.7254917,49.0776308]},"properties":{"maxweight":"12"}},{"type":"Feature","geometry":{"type":"Point","coordinates":[11.2012918,49.5741693]},"properties":{"hgv":"destination","maxweight":"7.5"}},{"type":"Feature","geometry":{"type":"Point","coordinates":[11.5855315,49.0838195]},"properties":{"maxweight":"12"}},{"type":"Feature","geometry":{"type":"Point","coordinates":[11.4774379,49.9959607]},"properties":{"hgv":"no"}},{"type":"Feature","geometry":{"type":"Point","coordinates":[11.4806878,49.9843632]},"properties":{"maxweight":"30"}},{"type":"Feature","geometry":{"type":"Point","coordinates":[11.0006266,49.0819848]},"properties":{"maxweight":"6"}},{"type":"Feature","geometry":{"type":"Point","coordinates":[11.428041,49.4999112]},"properties":{"hgv":"no"}},{"type":"Feature","geometry":{"type":"Point","coordinates":[11.058432,49.0716609]},"properties":{"maxweight":"6"}},{"type":"Feature","geometry":{"type":"Point","coordinates":[11.0772505,49.4519844]},"properties":{"hgv":"no","maxheight":"2.05"}},{"type":"Feature","geometry":{"type":"Point","coordinates":[11.0714742,49.456689]},"properties":{"maxweight":"24"}},{"type":"Feature","geometry":{"type":"Point","coordinates":[11.0716158,49.4565373]},"properties":{"maxheight":"3.5"}},{"type":"Feature","geometry":{"type":"Point","coordinates":[11.0717258,49.4563313]},"properties":{"maxheight":"3.5"}},{"type":"Feature","geometry":{"type":"Point","coordinates":[11.0047063,49.4827637]},"properties":{"maxheight":"default"}},{"type":"Feature","geometry":{"type":"Point","coordinates":[11.4028752,49.7715125]},"properties":{"maxweight":"12"}},{"type":"Feature","geometry":{"type":"Point","coordinates":[11.1349648,49.4997012]},"properties":{"maxheight":"default"}},{"type":"Feature","geometry":{"type":"Point","coordinates":[11.0296076,49.5389304]},"properties":{"maxheight":"default"}},{"type":"Feature","geometry":{"type":"Point","coordinates":[11.5484563,49.7511394]},"properties":{"maxheight":"2.9"}},{"type":"Feature","geometry":{"type":"Point","coordinates":[11.5490242,49.7508354]},"properties":{"maxweight":"3.5"}},{"type":"Feature","geometry":{"type":"Point","coordinates":[11.5486708,49.7509506]},"properties":{"maxheight":"2.9","maxweight":"3.5"}},{"type":"Feature","geometry":{"type":"Point","coordinates":[11.9728906,49.5197451]},"properties":{"maxweight":"7.5"}},{"type":"Feature","geometry":{"type":"Point","coordinates":[11.3117888,49.3414539]},"properties":{"maxheight":"2"}},{"type":"Feature","geometry":{"type":"Point","coordinates":[11.0953316,49.2694237]},"properties":{"maxheight":"default"}},{"type":"Feature","geometry":{"type":"Point","coordinates":[11.2013401,49.3930199]},"properties":{"maxheight":"default"}},{"type":"Feature","geometry":{"type":"Point","coordinates":[11.1188757,49.4550559]},"properties":{"maxheight":"default"}},{"type":"Feature","geometry":{"type":"Point","coordinates":[11.1770218,49.4770505]},"properties":{"maxheight":"default"}},{"type":"Feature","geometry":{"type":"Point","coordinates":[11.6078897,49.7724157]},"properties":{"maxweight":"1.5"}},{"type":"Feature","geometry":{"type":"Point","coordinates":[11.1232551,49.8952174]},"properties":{"maxweight":"3.5"}},{"type":"Feature","geometry":{"type":"Point","coordinates":[11.426831,49.3553715]},"properties":{"maxweight":"12"}},{"type":"Feature","geometry":{"type":"Point","coordinates":[11.4265293,49.3516289]},"properties":{"maxweight":"12"}},{"type":"Feature","geometry":{"type":"Point","coordinates":[11.2164425,49.3777422]},"properties":{"maxheight":"default"}},{"type":"Feature","geometry":{"type":"Point","coordinates":[11.355959,49.0454956]},"properties":{"maxheight":"3"}},{"type":"Feature","geometry":{"type":"Point","coordinates":[11.2980674,49.0738584]},"properties":{"maxheight":"default"}},{"type":"Feature","geometry":{"type":"Point","coordinates":[11.4689967,49.4944563]},"properties":{"hgv":"no"}},{"type":"Feature","geometry":{"type":"Point","coordinates":[11.3247427,49.059146]},"properties":{"maxheight":"default"}},{"type":"Feature","geometry":{"type":"Point","coordinates":[11.2983735,49.0738803]},"properties":{"maxheight":"default"}},{"type":"Feature","geometry":{"type":"Point","coordinates":[11.2071957,49.3969273]},"properties":{"maxheight":"default"}},{"type":"Feature","geometry":{"type":"Point","coordinates":[11.4818201,49.2768766]},"properties":{"hgv":"delivery"}},{"type":"Feature","geometry":{"type":"Point","coordinates":[11.2308502,49.7513923]},"properties":{"maxweight":"3.5"}},{"type":"Feature","geometry":{"type":"Point","coordinates":[11.9569881,49.0240363]},"properties":{"maxheight":"2.05"}},{"type":"Feature","geometry":{"type":"Point","coordinates":[11.1793956,49.6842204]},"properties":{"hgv":"no","maxweight":"7.5"}},{"type":"Feature","geometry":{"type":"Point","coordinates":[11.9707843,49.0145044]},"properties":{"maxweight":"3.5"}},{"type":"Feature","geometry":{"type":"Point","coordinates":[11.3466468,49.9172941]},"properties":{"maxweight":"16.5"}},{"type":"Feature","geometry":{"type":"Point","coordinates":[11.1506133,49.5226791]},"properties":{"hgv":"destination"}},{"type":"Feature","geometry":{"type":"Point","coordinates":[11.2480545,49.4990773]},"properties":{"hgv":"destination"}},{"type":"Feature","geometry":{"type":"Point","coordinates":[11.0392077,49.1509201]},"properties":{"maxheight":"4"}},{"type":"Feature","geometry":{"type":"Point","coordinates":[11.678034,49.370057]},"properties":{"maxweight":"3"}},{"type":"Feature","geometry":{"type":"Point","coordinates":[11.4837281,49.2906134]},"properties":{"hgv":"delivery"}},{"type":"Feature","geometry":{"type":"Point","coordinates":[11.0017046,49.2239172]},"properties":{"maxweight":"3.5"}},{"type":"Feature","geometry":{"type":"Point","coordinates":[11.024471,49.5489497]},"properties":{"maxweight":"12"}},{"type":"Feature","geometry":{"type":"Point","coordinates":[11.0782751,49.7673961]},"properties":{"maxweight":"5.5"}},{"type":"Feature","geometry":{"type":"Point","coordinates":[11.2361105,49.7306246]},"properties":{"maxweight":"5.5"}},{"type":"Feature","geometry":{"type":"Point","coordinates":[11.070062,49.619136]},"properties":{"maxweight":"2"}},{"type":"Feature","geometry":{"type":"Point","coordinates":[11.0811451,49.6251156]},"properties":{"maxweight":"2"}},{"type":"Feature","geometry":{"type":"Point","coordinates":[11.0180621,49.1643512]},"properties":{"maxweight":"12"}},{"type":"Feature","geometry":{"type":"Point","coordinates":[11.1290239,49.1147275]},"properties":{"maxwidth":"2","maxweight":"12"}},{"type":"Feature","geometry":{"type":"Point","coordinates":[11.5459045,49.7554575]},"properties":{"hgv":"delivery","maxweight":"7.5"}},{"type":"Feature","geometry":{"type":"Point","coordinates":[11.1415494,49.452975]},"properties":{"maxheight":"2"}},{"type":"Feature","geometry":{"type":"Point","coordinates":[11.3269814,49.5108856]},"properties":{"maxweight":"5"}},{"type":"Feature","geometry":{"type":"Point","coordinates":[11.2852931,49.4402803]},"properties":{"maxweight":"5"}},{"type":"Feature","geometry":{"type":"Point","coordinates":[11.2839944,49.5091677]},"properties":{"hgv":"no"}},{"type":"Feature","geometry":{"type":"Point","coordinates":[11.9107676,49.6652245]},"properties":{"maxweight":"10"}},{"type":"Feature","geometry":{"type":"Point","coordinates":[11.9058233,49.6557068]},"properties":{"maxweight":"10"}},{"type":"Feature","geometry":{"type":"Point","coordinates":[11.2893934,49.5085692]},"properties":{"maxheight":"default"}},{"type":"Feature","geometry":{"type":"Point","coordinates":[11.5387934,49.7497009]},"properties":{"goods":"yes"}},{"type":"Feature","geometry":{"type":"Point","coordinates":[11.208401,49.370956]},"properties":{"hgv":"no"}},{"type":"Feature","geometry":{"type":"Point","coordinates":[11.2946574,49.4137176]},"properties":{"maxweight":"3.5"}},{"type":"Feature","geometry":{"type":"Point","coordinates":[11.2737282,49.4308673]},"properties":{"maxweight":"4 t"}},{"type":"Feature","geometry":{"type":"Point","coordinates":[11.2795513,49.4237951]},"properties":{"maxweight":"4"}},{"type":"Feature","geometry":{"type":"Point","coordinates":[11.0761157,49.4457448]},"properties":{"maxheight":"1.9"}},{"type":"Feature","geometry":{"type":"Point","coordinates":[11.2691502,49.4375785]},"properties":{"maxheight":"4"}},{"type":"Feature","geometry":{"type":"Point","coordinates":[11.080011,49.6241385]},"properties":{"maxweight":"2"}},{"type":"Feature","geometry":{"type":"Point","coordinates":[11.1074861,49.6235135]},"properties":{"maxweight":"1.5"}},{"type":"Feature","geometry":{"type":"Point","coordinates":[11.2773775,49.7709635]},"properties":{"maxweight":"3"}},{"type":"Feature","geometry":{"type":"Point","coordinates":[11.2703982,49.4479811]},"properties":{"maxweight":"1.5"}},{"type":"Feature","geometry":{"type":"Point","coordinates":[11.0860384,49.6139163]},"properties":{"maxweight":"2"}},{"type":"Feature","geometry":{"type":"Point","coordinates":[11.3409532,49.6230823]},"properties":{"maxweight":"3"}},{"type":"Feature","geometry":{"type":"Point","coordinates":[11.2099258,49.6385531]},"properties":{"hgv":"no"}},{"type":"Feature","geometry":{"type":"Point","coordinates":[11.0322687,49.6563652]},"properties":{"hgv":"destination"}},{"type":"Feature","geometry":{"type":"Point","coordinates":[11.0102343,49.0631609]},"properties":{"maxweight":"6"}},{"type":"Feature","geometry":{"type":"Point","coordinates":[11.6221985,49.5636038]},"properties":{"maxweight":"3.5"}},{"type":"Feature","geometry":{"type":"Point","coordinates":[11.0621217,49.528047]},"properties":{"maxweightrating:hgv":"16"}},{"type":"Feature","geometry":{"type":"Point","coordinates":[11.1229394,49.5551064]},"properties":{"maxweightrating:hgv":"16"}},{"type":"Feature","geometry":{"type":"Point","coordinates":[11.0775451,49.4471846]},"properties":{"maxheight":"2"}},{"type":"Feature","geometry":{"type":"Point","coordinates":[11.0767474,49.4494329]},"properties":{"maxheight":"2.1"}},{"type":"Feature","geometry":{"type":"Point","coordinates":[11.2846949,49.3407403]},"properties":{"maxweight":"30"}},{"type":"Feature","geometry":{"type":"Point","coordinates":[11.0132949,49.3303033]},"properties":{"maxweight":"5.5"}},{"type":"Feature","geometry":{"type":"Point","coordinates":[11.7055604,49.8724656]},"properties":{"maxweight":"5"}},{"type":"Feature","geometry":{"type":"Point","coordinates":[11.5764095,49.9401555]},"properties":{"maxheight":"2"}},{"type":"Feature","geometry":{"type":"Point","coordinates":[11.2247073,49.9104222]},"properties":{"maxweight":"16"}},{"type":"Feature","geometry":{"type":"Point","coordinates":[11.7213421,49.8789314]},"properties":{"maxweight":"5"}},{"type":"Feature","geometry":{"type":"Point","coordinates":[11.1917132,49.5741813]},"properties":{"maxweight":"7.5"}},{"type":"Feature","geometry":{"type":"Point","coordinates":[11.704634,49.865697]},"properties":{"maxweight":"5"}},{"type":"Feature","geometry":{"type":"Point","coordinates":[11.6958612,49.8653369]},"properties":{"maxweight":"5"}},{"type":"Feature","geometry":{"type":"Point","coordinates":[11.7230383,49.944646]},"properties":{"maxheight":"4.6"}},{"type":"Feature","geometry":{"type":"Point","coordinates":[11.0510173,49.774841]},"properties":{"hgv":"destination"}},{"type":"Feature","geometry":{"type":"Point","coordinates":[11.0224352,49.9423304]},"properties":{"maxweight":"10"}},{"type":"Feature","geometry":{"type":"Point","coordinates":[11.3100164,49.5124344]},"properties":{"maxweight":"5"}},{"type":"Feature","geometry":{"type":"Point","coordinates":[11.3536458,49.5042888]},"properties":{"maxheight":"3.6"}},{"type":"Feature","geometry":{"type":"Point","coordinates":[11.7634979,49.4912007]},"properties":{"maxweight":"7.5"}},{"type":"Feature","geometry":{"type":"Point","coordinates":[11.3160908,49.3549246]},"properties":{"maxweight":"12"}},{"type":"Feature","geometry":{"type":"Point","coordinates":[11.0131375,49.7982213]},"properties":{"hgv":"destination","maxweight":"7.5"}},{"type":"Feature","geometry":{"type":"Point","coordinates":[11.0554671,49.3508077]},"properties":{"maxweight":"5"}},{"type":"Feature","geometry":{"type":"Point","coordinates":[11.902938,49.6376252]},"properties":{"hgv":"no"}},{"type":"Feature","geometry":{"type":"Point","coordinates":[11.9087223,49.6200206]},"properties":{"hgv":"destination"}},{"type":"Feature","geometry":{"type":"Point","coordinates":[11.9379432,49.6343084]},"properties":{"maxweight":"7.5"}},{"type":"Feature","geometry":{"type":"Point","coordinates":[11.4000926,49.370592]},"properties":{"maxweight":"3.5"}},{"type":"Feature","geometry":{"type":"Point","coordinates":[11.4031124,49.3700527]},"properties":{"maxweight":"3.5"}},{"type":"Feature","geometry":{"type":"Point","coordinates":[11.0313665,49.9637352]},"properties":{"hgv":"destination"}},{"type":"Feature","geometry":{"type":"Point","coordinates":[11.0313567,49.9636606]},"properties":{"hgv":"destination"}},{"type":"Feature","geometry":{"type":"Point","coordinates":[11.0866887,49.4570925]},"properties":{"maxheight":"2.5"}},{"type":"Feature","geometry":{"type":"Point","coordinates":[11.0874213,49.4557063]},"properties":{"maxheight":"3.5"}},{"type":"Feature","geometry":{"type":"Point","coordinates":[11.0611135,49.7698457]},"properties":{"maxweight":"6"}},{"type":"Feature","geometry":{"type":"Point","coordinates":[11.0518728,49.3564946]},"properties":{"hgv":"no"}},{"type":"Feature","geometry":{"type":"Point","coordinates":[11.0519359,49.356974]},"properties":{"hgv":"no"}},{"type":"Feature","geometry":{"type":"Point","coordinates":[11.0521587,49.3570233]},"properties":{"hgv":"no"}},{"type":"Feature","geometry":{"type":"Point","coordinates":[11.0515637,49.3569466]},"properties":{"hgv":"no"}},{"type":"Feature","geometry":{"type":"Point","coordinates":[11.0727482,49.4497602]},"properties":{"maxweight":"16"}},{"type":"Feature","geometry":{"type":"Point","coordinates":[11.429811,49.3335337]},"properties":{"maxweight":"7.5"}},{"type":"Feature","geometry":{"type":"Point","coordinates":[11.4368673,49.3230971]},"properties":{"maxweight":"8"}},{"type":"Feature","geometry":{"type":"Point","coordinates":[11.4550273,49.2785143]},"properties":{"hgv":"delivery"}},{"type":"Feature","geometry":{"type":"Point","coordinates":[11.2873565,49.9441063]},"properties":{"maxweight":"3.5"}},{"type":"Feature","geometry":{"type":"Point","coordinates":[11.1058692,49.45116]},"properties":{"maxheight":"3.8"}},{"type":"Feature","geometry":{"type":"Point","coordinates":[11.7217652,49.8856653]},"properties":{"maxweight":"5"}},{"type":"Feature","geometry":{"type":"Point","coordinates":[11.1161968,49.391902]},"properties":{"maxheight":"default"}},{"type":"Feature","geometry":{"type":"Point","coordinates":[11.0722774,49.4519254]},"properties":{"hgv":"no","maxwidth":"2","maxweight":"12"}},{"type":"Feature","geometry":{"type":"Point","coordinates":[11.8863185,49.5762769]},"properties":{"hgv":"destination"}},{"type":"Feature","geometry":{"type":"Point","coordinates":[11.5500038,49.8980601]},"properties":{"maxweight":"3.5"}},{"type":"Feature","geometry":{"type":"Point","coordinates":[11.2530474,49.9599201]},"properties":{"maxweight":"30"}},{"type":"Feature","geometry":{"type":"Point","coordinates":[11.2529835,49.9597889]},"properties":{"maxweight":"30"}},{"type":"Feature","geometry":{"type":"Point","coordinates":[11.529672,49.9372192]},"properties":{"hgv":"no"}},{"type":"Feature","geometry":{"type":"Point","coordinates":[11.5022121,49.9418415]},"properties":{"maxweight":"3.8"}},{"type":"Feature","geometry":{"type":"Point","coordinates":[11.0807578,49.4454434]},"properties":{"maxheight":"3.6"}},{"type":"Feature","geometry":{"type":"Point","coordinates":[11.2812511,49.50941]},"properties":{"maxweight":"15"}},{"type":"Feature","geometry":{"type":"Point","coordinates":[11.2811588,49.5096691]},"properties":{"maxweight":"15"}},{"type":"Feature","geometry":{"type":"Point","coordinates":[11.3369043,49.1945679]},"properties":{"maxweight":"7.5"}},{"type":"Feature","geometry":{"type":"Point","coordinates":[11.6246526,49.5254903]},"properties":{"maxlength":"6"}},{"type":"Feature","geometry":{"type":"Point","coordinates":[11.4432874,49.1121523]},"properties":{"maxwidth":"4.2"}},{"type":"Feature","geometry":{"type":"Point","coordinates":[11.0229847,49.3297732]},"properties":{"hgv":"destination"}},{"type":"Feature","geometry":{"type":"Point","coordinates":[11.0230838,49.3300983]},"properties":{"hgv":"destination"}},{"type":"Feature","geometry":{"type":"Point","coordinates":[11.4895234,49.8224936]},"properties":{"maxweight":"12"}},{"type":"Feature","geometry":{"type":"Point","coordinates":[11.1764778,49.2110861]},"properties":{"maxwidth":"12","maxlength":"190"}},{"type":"Feature","geometry":{"type":"Point","coordinates":[11.2248853,49.1945272]},"properties":{"maxwidth":"12","maxlength":"190"}},{"type":"Feature","geometry":{"type":"Point","coordinates":[11.4365446,49.1519123]},"properties":{"maxwidth":"12","maxlength":"190"}},{"type":"Feature","geometry":{"type":"Point","coordinates":[11.4439767,49.0909673]},"properties":{"maxwidth":"12","maxlength":"190"}},{"type":"Feature","geometry":{"type":"Point","coordinates":[11.561412,49.032608]},"properties":{"maxwidth":"12","maxlength":"190"}},{"type":"Feature","geometry":{"type":"Point","coordinates":[11.4607079,49.0705671]},"properties":{"maxweight":"10"}},{"type":"Feature","geometry":{"type":"Point","coordinates":[11.1700859,49.2130567]},"properties":{"maxweight":"10"}},{"type":"Feature","geometry":{"type":"Point","coordinates":[11.1706832,49.2127649]},"properties":{"maxweight":"10"}},{"type":"Feature","geometry":{"type":"Point","coordinates":[11.5387157,49.4133273]},"properties":{"maxweight":"7.5"}},{"type":"Feature","geometry":{"type":"Point","coordinates":[11.0388571,49.686027]},"properties":{"maxwidth":"12","maxlength":"190"}},{"type":"Feature","geometry":{"type":"Point","coordinates":[11.3260111,49.5105063]},"properties":{"maxheight":"3.1"}},{"type":"Feature","geometry":{"type":"Point","coordinates":[11.1273696,49.3470534]},"properties":{"maxweight":"3"}},{"type":"Feature","geometry":{"type":"Point","coordinates":[11.1279261,49.3465205]},"properties":{"maxweight":"3"}},{"type":"Feature","geometry":{"type":"Point","coordinates":[11.0475229,49.7446325]},"properties":{"maxwidth":"12","maxlength":"190"}},{"type":"Feature","geometry":{"type":"Point","coordinates":[11.4153514,49.3679275]},"properties":{"maxweight":"3.5"}},{"type":"Feature","geometry":{"type":"Point","coordinates":[11.0015701,49.8169614]},"properties":{"maxweight":"7.5"}},{"type":"Feature","geometry":{"type":"Point","coordinates":[11.1964027,49.574305]},"properties":{"hgv":"destination","maxweight":"7.5"}},{"type":"Feature","geometry":{"type":"Point","coordinates":[11.2286684,49.8822267]},"properties":{"maxheight":"2.4"}},{"type":"Feature","geometry":{"type":"Point","coordinates":[11.485044,49.9804194]},"properties":{"maxweight":"18"}},{"type":"Feature","geometry":{"type":"Point","coordinates":[11.5732562,49.6628084]},"properties":{"maxweight":"8"}},{"type":"Feature","geometry":{"type":"Point","coordinates":[11.5738281,49.6627552]},"properties":{"maxweight":"8"}},{"type":"Feature","geometry":{"type":"Point","coordinates":[11.5719775,49.662668]},"properties":{"maxweight":"8"}},{"type":"Feature","geometry":{"type":"Point","coordinates":[11.5725073,49.6628274]},"properties":{"maxweight":"8"}},{"type":"Feature","geometry":{"type":"Point","coordinates":[11.4159512,49.6815927]},"properties":{"maxweight":"3.5"}},{"type":"Feature","geometry":{"type":"Point","coordinates":[11.8060642,49.4739864]},"properties":{"maxweight":"7.5"}},{"type":"Feature","geometry":{"type":"Point","coordinates":[11.5553177,49.0841702]},"properties":{"maxweight":"6"}},{"type":"Feature","geometry":{"type":"Point","coordinates":[11.2811219,49.3491432]},"properties":{"maxweight":"3.5"}},{"type":"Feature","geometry":{"type":"Point","coordinates":[11.2978504,49.3424207]},"properties":{"maxweight":"3.5"}},{"type":"Feature","geometry":{"type":"Point","coordinates":[11.2598924,49.3585118]},"properties":{"maxheight":"default"}},{"type":"Feature","geometry":{"type":"Point","coordinates":[11.5616499,49.2380184]},"properties":{"maxweight":"6"}},{"type":"Feature","geometry":{"type":"Point","coordinates":[11.5650286,49.2372255]},"properties":{"maxweight":"7.5"}},{"type":"Feature","geometry":{"type":"Point","coordinates":[11.0639485,49.3541723]},"properties":{"maxheight":"below_default"}},{"type":"Feature","geometry":{"type":"Point","coordinates":[11.0605278,49.3651932]},"properties":{"maxheight":"below_default"}},{"type":"Feature","geometry":{"type":"Point","coordinates":[11.6205762,49.7634568]},"properties":{"maxweight":"3.5"}},{"type":"Feature","geometry":{"type":"Point","coordinates":[11.6071941,49.7607565]},"properties":{"maxweight":"3.5"}},{"type":"Feature","geometry":{"type":"Point","coordinates":[11.0259606,49.8049203]},"properties":{"maxweight":"5.5"}},{"type":"Feature","geometry":{"type":"Point","coordinates":[11.7825718,49.0519127]},"properties":{"maxwidth":"1.8"}},{"type":"Feature","geometry":{"type":"Point","coordinates":[11.0999973,49.4132649]},"properties":{"maxheight":"1.8"}},{"type":"Feature","geometry":{"type":"Point","coordinates":[11.1003626,49.4173554]},"properties":{"maxheight":"2.7"}},{"type":"Feature","geometry":{"type":"Point","coordinates":[11.7933348,49.0469713]},"properties":{"goods":"yes"}},{"type":"Feature","geometry":{"type":"Point","coordinates":[11.5976675,49.9367244]},"properties":{"maxheight":"2.8"}},{"type":"Feature","geometry":{"type":"Point","coordinates":[11.5843894,49.9536611]},"properties":{"hgv":"no"}},{"type":"Feature","geometry":{"type":"Point","coordinates":[11.9621892,49.1620041]},"properties":{"hgv":"delivery","maxheight":"default"}},{"type":"Feature","geometry":{"type":"Point","coordinates":[11.946005,49.1640162]},"properties":{"maxheight":"3.3","maxwidth":"2.3"}},{"type":"Feature","geometry":{"type":"Point","coordinates":[11.1498164,49.5211372]},"properties":{"hgv":"destination"}},{"type":"Feature","geometry":{"type":"Point","coordinates":[11.4879879,49.5518288]},"properties":{"maxheight":"default"}},{"type":"Feature","geometry":{"type":"Point","coordinates":[11.4090307,49.3705491]},"properties":{"maxweight":"6"}},{"type":"Feature","geometry":{"type":"Point","coordinates":[11.7496307,49.5159253]},"properties":{"maxweight":"7.5"}},{"type":"Feature","geometry":{"type":"Point","coordinates":[11.3392366,49.3929043]},"properties":{"hgv":"no"}},{"type":"Feature","geometry":{"type":"Point","coordinates":[11.3964783,49.3711048]},"properties":{"maxweight":"3.5"}},{"type":"Feature","geometry":{"type":"Point","coordinates":[11.8905342,49.4161844]},"properties":{"maxweight":"3.5"}},{"type":"Feature","geometry":{"type":"Point","coordinates":[11.4268233,49.3564139]},"properties":{"maxweight":"12"}},{"type":"Feature","geometry":{"type":"Point","coordinates":[11.3767274,49.4459044]},"properties":{"hgv":"no","goods":"yes","maxweight":"6"}},{"type":"Feature","geometry":{"type":"Point","coordinates":[11.378977,49.4440347]},"properties":{"hgv":"no","goods":"yes","maxweight":"6"}},{"type":"Feature","geometry":{"type":"Point","coordinates":[11.4622144,49.2805409]},"properties":{"hgv":"delivery"}},{"type":"Feature","geometry":{"type":"Point","coordinates":[11.4642641,49.2789023]},"properties":{"hgv":"delivery"}},{"type":"Feature","geometry":{"type":"Point","coordinates":[11.5717073,49.9447096]},"properties":{"maxheight":"3.8"}},{"type":"Feature","geometry":{"type":"Point","coordinates":[11.4315823,49.5063166]},"properties":{"maxweight":"6"}},{"type":"Feature","geometry":{"type":"Point","coordinates":[11.2722406,49.7997936]},"properties":{"maxheight:physical":"1.6m"}},{"type":"Feature","geometry":{"type":"Point","coordinates":[11.1916978,49.6671533]},"properties":{"maxweight":"7.5"}},{"type":"Feature","geometry":{"type":"Point","coordinates":[11.1916859,49.3272715]},"properties":{"hgv":"destination"}},{"type":"Feature","geometry":{"type":"Point","coordinates":[11.1581596,49.3105664]},"properties":{"hgv":"no"}},{"type":"Feature","geometry":{"type":"Point","coordinates":[11.3226138,49.3922785]},"properties":{"maxheight":"default"}},{"type":"Feature","geometry":{"type":"Point","coordinates":[11.5739937,49.9441395]},"properties":{"hgv":"no"}},{"type":"Feature","geometry":{"type":"Point","coordinates":[11.7898381,49.9196018]},"properties":{"maxweight":"5"}},{"type":"Feature","geometry":{"type":"Point","coordinates":[11.0509216,49.4935829]},"properties":{"maxheight":"2.6"}},{"type":"Feature","geometry":{"type":"Point","coordinates":[11.0509191,49.4934445]},"properties":{"maxheight":"2.6"}},{"type":"Feature","geometry":{"type":"Point","coordinates":[11.0509722,49.4933387]},"properties":{"maxheight":"2.6"}},{"type":"Feature","geometry":{"type":"Point","coordinates":[11.0510317,49.4932201]},"properties":{"maxheight":"2.6"}},{"type":"Feature","geometry":{"type":"Point","coordinates":[11.2976223,49.4441984]},"properties":{"maxweight":"6"}},{"type":"Feature","geometry":{"type":"Point","coordinates":[11.2962172,49.4453299]},"properties":{"maxweight":"6"}},{"type":"Feature","geometry":{"type":"Point","coordinates":[11.3084003,49.4482985]},"properties":{"maxweight":"5"}},{"type":"Feature","geometry":{"type":"Point","coordinates":[11.4200344,49.9669703]},"properties":{"maxweight":"3"}},{"type":"Feature","geometry":{"type":"Point","coordinates":[11.4280755,49.9659525]},"properties":{"maxweight":"3"}},{"type":"Feature","geometry":{"type":"Point","coordinates":[11.91191,49.3875901]},"properties":{"maxweight":"18"}},{"type":"Feature","geometry":{"type":"Point","coordinates":[11.2011863,49.4717947]},"properties":{"maxheight":"3.6"}},{"type":"Feature","geometry":{"type":"Point","coordinates":[11.5356131,49.7465342]},"properties":{"maxweight":"3.5"}},{"type":"Feature","geometry":{"type":"Point","coordinates":[11.9135631,49.6160347]},"properties":{"maxweight":"15"}},{"type":"Feature","geometry":{"type":"Point","coordinates":[11.5380347,49.7567945]},"properties":{"hgv":"delivery","maxweight":"7.5"}},{"type":"Feature","geometry":{"type":"Point","coordinates":[11.5391771,49.756596]},"properties":{"hgv":"delivery","maxweight":"7.5"}},{"type":"Feature","geometry":{"type":"Point","coordinates":[11.1021352,49.4346757]},"properties":{"maxheight":"default"}},{"type":"Feature","geometry":{"type":"Point","coordinates":[11.9251863,49.6108252]},"properties":{"maxweight":"7.5"}},{"type":"Feature","geometry":{"type":"Point","coordinates":[11.9304398,49.6213568]},"properties":{"hgv":"no"}},{"type":"Feature","geometry":{"type":"Point","coordinates":[11.6044474,49.9387985]},"properties":{"maxheight":"4"}},{"type":"Feature","geometry":{"type":"Point","coordinates":[11.6436857,49.9216582]},"properties":{"maxweight":"10"}},{"type":"Feature","geometry":{"type":"Point","coordinates":[11.1486408,49.1994246]},"properties":{"maxweight":"10"}},{"type":"Feature","geometry":{"type":"Point","coordinates":[11.1442374,49.2105883]},"properties":{"maxweight":"10"}},{"type":"Feature","geometry":{"type":"Point","coordinates":[11.1441021,49.2109008]},"properties":{"maxweight":"10"}},{"type":"Feature","geometry":{"type":"Point","coordinates":[11.9153357,49.6133995]},"properties":{"maxweight":"15"}},{"type":"Feature","geometry":{"type":"Point","coordinates":[11.9153357,49.6133995]},"properties":{"maxweight":"15"}},{"type":"Feature","geometry":{"type":"Point","coordinates":[11.3194169,49.5211201]},"properties":{"hgv":"no","goods":"no"}},{"type":"Feature","geometry":{"type":"Point","coordinates":[11.8873366,49.5859766]},"properties":{"hgv":"agricultural"}},{"type":"Feature","geometry":{"type":"Point","coordinates":[11.4076875,49.3703038]},"properties":{"maxweight":"3.5"}},{"type":"Feature","geometry":{"type":"Point","coordinates":[11.1094499,49.4679395]},"properties":{"maxweight":"2.8"}},{"type":"Feature","geometry":{"type":"Point","coordinates":[11.9450922,49.6961528]},"properties":{"maxweight":"3.5"}},{"type":"Feature","geometry":{"type":"Point","coordinates":[11.021889,49.3315874]},"properties":{"maxweight":"5.5"}},{"type":"Feature","geometry":{"type":"Point","coordinates":[11.0245703,49.3300399]},"properties":{"maxweight":"30"}},{"type":"Feature","geometry":{"type":"Point","coordinates":[11.4070471,49.9686969]},"properties":{"maxweight":"6"}},{"type":"Feature","geometry":{"type":"Point","coordinates":[11.4064305,49.9711896]},"properties":{"maxweight":"6"}},{"type":"Feature","geometry":{"type":"Point","coordinates":[11.4043097,49.9778403]},"properties":{"maxweight":"6"}},{"type":"Feature","geometry":{"type":"Point","coordinates":[11.7903516,49.2981822]},"properties":{"maxweight":"10"}},{"type":"Feature","geometry":{"type":"Point","coordinates":[11.4167978,49.5063623]},"properties":{"maxlength":"10"}},{"type":"Feature","geometry":{"type":"Point","coordinates":[11.4147156,49.5071219]},"properties":{"hgv":"destination"}},{"type":"Feature","geometry":{"type":"Point","coordinates":[11.4237971,49.5005017]},"properties":{"maxheight":"default"}},{"type":"Feature","geometry":{"type":"Point","coordinates":[11.4717865,49.3125334]},"properties":{"hgv":"no"}},{"type":"Feature","geometry":{"type":"Point","coordinates":[11.1324943,49.2267415]},"properties":{"maxweight":"5"}},{"type":"Feature","geometry":{"type":"Point","coordinates":[11.5933293,49.9427839]},"properties":{"maxheight":"5"}},{"type":"Feature","geometry":{"type":"Point","coordinates":[11.5723806,49.945109]},"properties":{"goods":"designated"}},{"type":"Feature","geometry":{"type":"Point","coordinates":[11.0124328,49.7893521]},"properties":{"maxweight":"5.5"}},{"type":"Feature","geometry":{"type":"Point","coordinates":[11.5232767,49.9355952]},"properties":{"maxweight":"7.5"}},{"type":"Feature","geometry":{"type":"Point","coordinates":[11.2285718,49.8823892]},"properties":{"maxheight":"2.9"}},{"type":"Feature","geometry":{"type":"Point","coordinates":[11.2901213,49.3344958]},"properties":{"maxweight":"10"}},{"type":"Feature","geometry":{"type":"Point","coordinates":[11.2818063,49.9435419]},"properties":{"maxweight":"12"}},{"type":"Feature","geometry":{"type":"Point","coordinates":[11.3433459,49.568038]},"properties":{"maxweight":"6"}},{"type":"Feature","geometry":{"type":"Point","coordinates":[11.3440812,49.5563055]},"properties":{"maxlength":"7"}},{"type":"Feature","geometry":{"type":"Point","coordinates":[11.2363434,49.9208476]},"properties":{"maxweight":"1.5"}},{"type":"Feature","geometry":{"type":"Point","coordinates":[11.2933903,49.8718775]},"properties":{"hgv":"no","goods":"no"}},{"type":"Feature","geometry":{"type":"Point","coordinates":[11.0172045,49.596468]},"properties":{"maxwidth":"4"}},{"type":"Feature","geometry":{"type":"Point","coordinates":[11.7494992,49.9211824]},"properties":{"maxweight":"5.5"}},{"type":"Feature","geometry":{"type":"Point","coordinates":[11.5839071,49.5423183]},"properties":{"maxweight":"30"}},{"type":"Feature","geometry":{"type":"Point","coordinates":[11.0617214,49.2371992]},"properties":{"maxweight":"5"}},{"type":"Feature","geometry":{"type":"Point","coordinates":[11.5839353,49.9558343]},"properties":{"hgv":"no"}},{"type":"Feature","geometry":{"type":"Point","coordinates":[11.5843046,49.9547066]},"properties":{"maxweight":"2.8"}},{"type":"Feature","geometry":{"type":"Point","coordinates":[11.056037,49.2368275]},"properties":{"maxweight":"5"}},{"type":"Feature","geometry":{"type":"Point","coordinates":[11.0636018,49.2372037]},"properties":{"maxweight":"5"}},{"type":"Feature","geometry":{"type":"Point","coordinates":[11.4534453,49.175827]},"properties":{"maxwidth":"4.2"}},{"type":"Feature","geometry":{"type":"Point","coordinates":[11.4530731,49.1795161]},"properties":{"maxwidth":"4.2"}},{"type":"Feature","geometry":{"type":"Point","coordinates":[11.4527434,49.1824167]},"properties":{"maxwidth":"4.2"}},{"type":"Feature","geometry":{"type":"Point","coordinates":[11.4523659,49.1859871]},"properties":{"maxwidth":"4.2"}},{"type":"Feature","geometry":{"type":"Point","coordinates":[11.4530501,49.2037108]},"properties":{"maxwidth":"4.2"}},{"type":"Feature","geometry":{"type":"Point","coordinates":[11.2305779,49.5580784]},"properties":{"maxweight":"6"}},{"type":"Feature","geometry":{"type":"Point","coordinates":[11.228876,49.5563427]},"properties":{"maxweight":"6"}},{"type":"Feature","geometry":{"type":"Point","coordinates":[11.6084878,49.9494745]},"properties":{"maxheight":"default"}},{"type":"Feature","geometry":{"type":"Point","coordinates":[11.4536252,49.2232511]},"properties":{"maxwidth":"4.2"}},{"type":"Feature","geometry":{"type":"Point","coordinates":[11.4371204,49.3231936]},"properties":{"maxweight":"8"}},{"type":"Feature","geometry":{"type":"Point","coordinates":[11.4285146,49.3367046]},"properties":{"maxweight":"8"}},{"type":"Feature","geometry":{"type":"Point","coordinates":[11.3196875,49.3434081]},"properties":{"maxwidth":"4.2"}},{"type":"Feature","geometry":{"type":"Point","coordinates":[11.316489,49.3414213]},"properties":{"maxwidth":"4.2"}},{"type":"Feature","geometry":{"type":"Point","coordinates":[11.312557,49.3415231]},"properties":{"maxwidth":"4.2"}},{"type":"Feature","geometry":{"type":"Point","coordinates":[11.3088471,49.3398988]},"properties":{"maxwidth":"4.2"}},{"type":"Feature","geometry":{"type":"Point","coordinates":[11.3017196,49.3390326]},"properties":{"maxwidth":"4.2"}},{"type":"Feature","geometry":{"type":"Point","coordinates":[11.2926297,49.3376778]},"properties":{"maxwidth":"4.2"}},{"type":"Feature","geometry":{"type":"Point","coordinates":[11.297201,49.3371529]},"properties":{"maxwidth":"4.2"}},{"type":"Feature","geometry":{"type":"Point","coordinates":[11.2885616,49.3395045]},"properties":{"maxwidth":"4.2"}},{"type":"Feature","geometry":{"type":"Point","coordinates":[11.2842123,49.3398274]},"properties":{"maxwidth":"4.2"}},{"type":"Feature","geometry":{"type":"Point","coordinates":[11.2790647,49.339505]},"properties":{"maxwidth":"4.2"}},{"type":"Feature","geometry":{"type":"Point","coordinates":[11.2742136,49.3395511]},"properties":{"maxwidth":"4.2"}},{"type":"Feature","geometry":{"type":"Point","coordinates":[11.2691597,49.3396191]},"properties":{"maxwidth":"4.2"}},{"type":"Feature","geometry":{"type":"Point","coordinates":[11.2642914,49.3392848]},"properties":{"maxwidth":"4.2"}},{"type":"Feature","geometry":{"type":"Point","coordinates":[11.2583246,49.3383232]},"properties":{"maxwidth":"4.2"}},{"type":"Feature","geometry":{"type":"Point","coordinates":[11.2544501,49.3387764]},"properties":{"maxwidth":"4.2"}},{"type":"Feature","geometry":{"type":"Point","coordinates":[11.250521,49.3391491]},"properties":{"maxwidth":"4.2"}},{"type":"Feature","geometry":{"type":"Point","coordinates":[11.2463723,49.3391501]},"properties":{"maxwidth":"4.2"}},{"type":"Feature","geometry":{"type":"Point","coordinates":[11.2422098,49.3403969]},"properties":{"maxwidth":"4.2"}},{"type":"Feature","geometry":{"type":"Point","coordinates":[11.2035033,49.3591056]},"properties":{"maxweight":"3.6"}},{"type":"Feature","geometry":{"type":"Point","coordinates":[11.2329207,49.3448676]},"properties":{"maxwidth":"4.2"}},{"type":"Feature","geometry":{"type":"Point","coordinates":[11.20886,49.3509378]},"properties":{"maxwidth":"4.2"}},{"type":"Feature","geometry":{"type":"Point","coordinates":[11.228198,49.3460031]},"properties":{"maxwidth":"4.2"}},{"type":"Feature","geometry":{"type":"Point","coordinates":[11.2054717,49.3528186]},"properties":{"maxwidth":"4.2"}},{"type":"Feature","geometry":{"type":"Point","coordinates":[11.2172385,49.3489334]},"properties":{"maxwidth":"4.2"}},{"type":"Feature","geometry":{"type":"Point","coordinates":[11.212464,49.3498697]},"properties":{"maxwidth":"4.2"}},{"type":"Feature","geometry":{"type":"Point","coordinates":[11.1959872,49.3608277]},"properties":{"maxwidth":"4.2"}},{"type":"Feature","geometry":{"type":"Point","coordinates":[11.1086563,49.3691929]},"properties":{"maxwidth":"4.2"}},{"type":"Feature","geometry":{"type":"Point","coordinates":[11.2244324,49.346919]},"properties":{"maxwidth":"4.2"}},{"type":"Feature","geometry":{"type":"Point","coordinates":[11.2036125,49.3591673]},"properties":{"maxwidth":"4.2"}},{"type":"Feature","geometry":{"type":"Point","coordinates":[11.2035507,49.3591946]},"properties":{"maxweight":"3.6"}},{"type":"Feature","geometry":{"type":"Point","coordinates":[11.1959099,49.3608101]},"properties":{"maxweight":"6"}},{"type":"Feature","geometry":{"type":"Point","coordinates":[11.2381017,49.3436171]},"properties":{"maxwidth":"4.2"}},{"type":"Feature","geometry":{"type":"Point","coordinates":[11.1037295,49.3713941]},"properties":{"maxwidth":"4.2"}},{"type":"Feature","geometry":{"type":"Point","coordinates":[11.1123739,49.3661511]},"properties":{"maxwidth":"4.2"}},{"type":"Feature","geometry":{"type":"Point","coordinates":[11.1077891,49.3697093]},"properties":{"maxwidth":"4.2"}},{"type":"Feature","geometry":{"type":"Point","coordinates":[11.1699639,49.3646737]},"properties":{"maxwidth":"4.2"}},{"type":"Feature","geometry":{"type":"Point","coordinates":[11.113073,49.550757]},"properties":{"maxweightrating:hgv":"16"}},{"type":"Feature","geometry":{"type":"Point","coordinates":[11.1280089,49.5756024]},"properties":{"maxweight":"1.5"}},{"type":"Feature","geometry":{"type":"Point","coordinates":[11.0968634,49.3765073]},"properties":{"maxwidth":"4.2"}},{"type":"Feature","geometry":{"type":"Point","coordinates":[11.0954179,49.3803016]},"properties":{"maxwidth":"4.2"}},{"type":"Feature","geometry":{"type":"Point","coordinates":[11.0924092,49.3872003]},"properties":{"maxwidth":"4.2"}},{"type":"Feature","geometry":{"type":"Point","coordinates":[11.0841556,49.3940541]},"properties":{"maxwidth":"4.2"}},{"type":"Feature","geometry":{"type":"Point","coordinates":[11.0800369,49.403706]},"properties":{"maxwidth":"4.2"}},{"type":"Feature","geometry":{"type":"Point","coordinates":[11.2174603,49.0007813]},"properties":{"maxweight":"3.5"}},{"type":"Feature","geometry":{"type":"Point","coordinates":[11.3580008,49.0015497]},"properties":{"maxweight":"5.5"}},{"type":"Feature","geometry":{"type":"Point","coordinates":[11.2375412,49.5600681]},"properties":{"maxweight":"6"}},{"type":"Feature","geometry":{"type":"Point","coordinates":[11.1590717,49.4072598]},"properties":{"maxwidth":"1"}},{"type":"Feature","geometry":{"type":"Point","coordinates":[11.0255868,49.8972467]},"properties":{"maxweight":"3.5"}},{"type":"Feature","geometry":{"type":"Point","coordinates":[11.1805234,49.1494846]},"properties":{"maxweight":"10"}},{"type":"Feature","geometry":{"type":"Point","coordinates":[11.1867663,49.1968652]},"properties":{"hgv":"delivery"}},{"type":"Feature","geometry":{"type":"Point","coordinates":[11.1641668,49.1787137]},"properties":{"maxweight":"10"}},{"type":"Feature","geometry":{"type":"Point","coordinates":[11.1935002,49.1916979]},"properties":{"maxweight":"3.5"}},{"type":"Feature","geometry":{"type":"Point","coordinates":[11.2271934,49.5553299]},"properties":{"maxweight":"6"}},{"type":"Feature","geometry":{"type":"Point","coordinates":[11.2748773,49.5724069]},"properties":{"maxweight":"3"}},{"type":"Feature","geometry":{"type":"Point","coordinates":[11.3060591,49.5124558]},"properties":{"maxweight":"5"}},{"type":"Feature","geometry":{"type":"Point","coordinates":[11.193199,49.1924485]},"properties":{"maxweight":"3.5"}},{"type":"Feature","geometry":{"type":"Point","coordinates":[11.1929108,49.1928947]},"properties":{"maxweight":"3.5"}},{"type":"Feature","geometry":{"type":"Point","coordinates":[11.1290402,49.2276107]},"properties":{"maxweight":"7.5"}},{"type":"Feature","geometry":{"type":"Point","coordinates":[11.5209589,49.9227259]},"properties":{"maxweight":"8"}},{"type":"Feature","geometry":{"type":"Point","coordinates":[11.2083099,49.294575]},"properties":{"maxheight":"default"}},{"type":"Feature","geometry":{"type":"Point","coordinates":[11.2023897,49.2034844]},"properties":{"maxweight":"10"}},{"type":"Feature","geometry":{"type":"Point","coordinates":[11.3678006,49.5891868]},"properties":{"maxweight":"5.5"}},{"type":"Feature","geometry":{"type":"Point","coordinates":[11.3468854,49.3285179]},"properties":{"hgv":"delivery","maxweight":"7.5"}},{"type":"Feature","geometry":{"type":"Point","coordinates":[11.3470073,49.3280718]},"properties":{"hgv":"delivery","maxweight":"7.5"}},{"type":"Feature","geometry":{"type":"Point","coordinates":[11.142951,49.413517]},"properties":{"hgv":"no"}},{"type":"Feature","geometry":{"type":"Point","coordinates":[11.1175451,49.4262006]},"properties":{"maxweight":"12"}},{"type":"Feature","geometry":{"type":"Point","coordinates":[11.121832,49.4234756]},"properties":{"maxweight":"12"}},{"type":"Feature","geometry":{"type":"Point","coordinates":[11.0927626,49.433796]},"properties":{"maxheight":"3.4"}},{"type":"Feature","geometry":{"type":"Point","coordinates":[11.4714903,49.8084747]},"properties":{"maxweight":"3"}},{"type":"Feature","geometry":{"type":"Point","coordinates":[11.326419,49.0572079]},"properties":{"maxheight":"default"}},{"type":"Feature","geometry":{"type":"Point","coordinates":[11.0357825,49.4436611]},"properties":{"maxheight":"default"}},{"type":"Feature","geometry":{"type":"Point","coordinates":[11.4854992,49.8624066]},"properties":{"maxweight":"7.5"}},{"type":"Feature","geometry":{"type":"Point","coordinates":[11.5378174,49.5563054]},"properties":{"maxheight":"2.2","maxwidth":"2.2","maxweight":"3.5"}},{"type":"Feature","geometry":{"type":"Point","coordinates":[11.7916052,49.1077388]},"properties":{"maxweight":"15"}},{"type":"Feature","geometry":{"type":"Point","coordinates":[11.2730643,49.5806931]},"properties":{"maxweight":"5"}},{"type":"Feature","geometry":{"type":"Point","coordinates":[11.3366159,49.3411083]},"properties":{"maxweight":"5"}},{"type":"Feature","geometry":{"type":"Point","coordinates":[11.3356917,49.3412018]},"properties":{"maxweight":"5"}},{"type":"Feature","geometry":{"type":"Point","coordinates":[11.1024011,49.7154579]},"properties":{"maxweight":"9"}},{"type":"Feature","geometry":{"type":"Point","coordinates":[11.5820666,49.9462745]},"properties":{"maxheight":"2.1"}},{"type":"Feature","geometry":{"type":"Point","coordinates":[11.4512532,49.0036831]},"properties":{"maxheight":"3.1","maxweight":"3.5"}},{"type":"Feature","geometry":{"type":"Point","coordinates":[11.2938914,49.403164]},"properties":{"maxheight":"default"}},{"type":"Feature","geometry":{"type":"Point","coordinates":[11.0331137,49.5326423]},"properties":{"maxheight":"default"}},{"type":"Feature","geometry":{"type":"Point","coordinates":[11.4400464,49.8222406]},"properties":{"maxweight":"8"}},{"type":"Feature","geometry":{"type":"Point","coordinates":[11.4345211,49.8303126]},"properties":{"maxweight":"10"}},{"type":"Feature","geometry":{"type":"Point","coordinates":[11.7415602,49.5078949]},"properties":{"hgv":"destination","maxweight":"7.5"}},{"type":"Feature","geometry":{"type":"Point","coordinates":[11.5395874,49.557108]},"properties":{"maxheight":"2.2","maxwidth":"2.2","maxweight":"3.5"}},{"type":"Feature","geometry":{"type":"Point","coordinates":[11.2348045,49.2751299]},"properties":{"maxweight":"5.5t"}},{"type":"Feature","geometry":{"type":"Point","coordinates":[11.5165685,49.6100938]},"properties":{"maxheight":"3.9"}},{"type":"Feature","geometry":{"type":"Point","coordinates":[11.0454023,49.3174504]},"properties":{"hgv":"destination"}},{"type":"Feature","geometry":{"type":"Point","coordinates":[11.0857724,49.4456026]},"properties":{"maxheight":"3.8"}},{"type":"Feature","geometry":{"type":"Point","coordinates":[11.5721394,49.7736686]},"properties":{"maxweight":"12"}},{"type":"Feature","geometry":{"type":"Point","coordinates":[11.1838972,49.4716255]},"properties":{"maxheight":"3"}},{"type":"Feature","geometry":{"type":"Point","coordinates":[11.7427567,49.5055708]},"properties":{"maxheight":"1.4","maxweight":"2"}},{"type":"Feature","geometry":{"type":"Point","coordinates":[11.1641092,49.462388]},"properties":{"maxheight":"3.5"}},{"type":"Feature","geometry":{"type":"Point","coordinates":[11.7079821,49.8959674]},"properties":{"maxweight":"5"}},{"type":"Feature","geometry":{"type":"Point","coordinates":[11.2284507,49.2490364]},"properties":{"maxweight":"10"}},{"type":"Feature","geometry":{"type":"Point","coordinates":[11.4529009,49.3093835]},"properties":{"maxweight":"8 t"}},{"type":"Feature","geometry":{"type":"Point","coordinates":[11.4747262,49.4936162]},"properties":{"maxweight":"2.8"}},{"type":"Feature","geometry":{"type":"Point","coordinates":[11.4824995,49.5981529]},"properties":{"maxheight":"2.2"}},{"type":"Feature","geometry":{"type":"Point","coordinates":[11.739063,49.5081769]},"properties":{"maxweight":"16"}},{"type":"Feature","geometry":{"type":"Point","coordinates":[11.7391562,49.5081647]},"properties":{"hgv":"destination","maxweight":"7.5"}},{"type":"Feature","geometry":{"type":"Point","coordinates":[11.3842518,49.4446496]},"properties":{"hgv":"no","goods":"yes","maxweight":"6"}},{"type":"Feature","geometry":{"type":"Point","coordinates":[11.0768832,49.4561385]},"properties":{"maxheight":"below_default"}},{"type":"Feature","geometry":{"type":"Point","coordinates":[11.8004933,49.8885445]},"properties":{"maxweight":"3"}},{"type":"Feature","geometry":{"type":"Point","coordinates":[11.4076104,49.5100002]},"properties":{"hgv":"destination"}},{"type":"Feature","geometry":{"type":"Point","coordinates":[11.6225852,49.81722]},"properties":{"maxweight":"6"}},{"type":"Feature","geometry":{"type":"Point","coordinates":[11.4700913,49.4924503]},"properties":{"maxweight":"12"}},{"type":"Feature","geometry":{"type":"Point","coordinates":[11.5066713,49.322784]},"properties":{"maxweight":"6"}},{"type":"Feature","geometry":{"type":"Point","coordinates":[11.1352469,49.4685475]},"properties":{"maxheight":"1.7"}},{"type":"Feature","geometry":{"type":"Point","coordinates":[11.5462891,49.938704]},"properties":{"goods":"yes"}},{"type":"Feature","geometry":{"type":"Point","coordinates":[11.5445991,49.9383695]},"properties":{"goods":"yes"}},{"type":"Feature","geometry":{"type":"Point","coordinates":[11.5451615,49.9387164]},"properties":{"goods":"yes"}},{"type":"Feature","geometry":{"type":"Point","coordinates":[11.5441823,49.9386698]},"properties":{"goods":"yes"}},{"type":"Feature","geometry":{"type":"Point","coordinates":[11.2192367,49.8119291]},"properties":{"maxweight":"3.5"}},{"type":"Feature","geometry":{"type":"Point","coordinates":[11.2135525,49.8169614]},"properties":{"maxweight":"7.5"}},{"type":"Feature","geometry":{"type":"Point","coordinates":[11.1925771,49.4691833]},"properties":{"maxheight":"3"}},{"type":"Feature","geometry":{"type":"Point","coordinates":[11.0363298,49.3756259]},"properties":{"maxheight":"3.3"}},{"type":"Feature","geometry":{"type":"Point","coordinates":[11.0005726,49.6131023]},"properties":{"maxheight":"4"}},{"type":"Feature","geometry":{"type":"Point","coordinates":[11.5342151,49.9365833]},"properties":{"hgv":"no","goods":"yes","maxweight":"7.5"}},{"type":"Feature","geometry":{"type":"Point","coordinates":[11.5330121,49.9365084]},"properties":{"hgv":"no","goods":"yes","maxweight":"7.5"}},{"type":"Feature","geometry":{"type":"Point","coordinates":[11.0134209,49.6004437]},"properties":{"hgv":"no"}},{"type":"Feature","geometry":{"type":"Point","coordinates":[11.2135365,49.0858698]},"properties":{"hgv":"no"}},{"type":"Feature","geometry":{"type":"Point","coordinates":[11.0112468,49.4421659]},"properties":{"hgv":"no"}},{"type":"Feature","geometry":{"type":"Point","coordinates":[11.0598517,49.4426833]},"properties":{"maxheight":"default"}},{"type":"Feature","geometry":{"type":"Point","coordinates":[11.5122702,49.5008975]},"properties":{"maxweight":"16"}},{"type":"Feature","geometry":{"type":"Point","coordinates":[11.1196293,49.6290251]},"properties":{"maxweight":"1.5"}},{"type":"Feature","geometry":{"type":"Point","coordinates":[11.0822272,49.4156666]},"properties":{"maxheight":"3.2"}},{"type":"Feature","geometry":{"type":"Point","coordinates":[11.0849143,49.4157701]},"properties":{"maxheight":"3.2"}},{"type":"Feature","geometry":{"type":"Point","coordinates":[11.0822318,49.4156379]},"properties":{"maxheight":"3.2"}},{"type":"Feature","geometry":{"type":"Point","coordinates":[11.0668167,49.7026867]},"properties":{"maxheight":"default"}},{"type":"Feature","geometry":{"type":"Point","coordinates":[11.0473029,49.4229397]},"properties":{"maxheight":"3.3"}},{"type":"Feature","geometry":{"type":"Point","coordinates":[11.0009183,49.4675811]},"properties":{"maxheight":"3.5"}},{"type":"Feature","geometry":{"type":"Point","coordinates":[11.1525189,49.2244471]},"properties":{"maxweight":"24"}},{"type":"Feature","geometry":{"type":"Point","coordinates":[11.0579659,49.7261264]},"properties":{"maxweight":"2.8"}},{"type":"Feature","geometry":{"type":"Point","coordinates":[11.0571445,49.7263527]},"properties":{"maxweight":"2.8"}},{"type":"Feature","geometry":{"type":"Point","coordinates":[11.0621805,49.7194364]},"properties":{"maxweight":"16"}},{"type":"Feature","geometry":{"type":"Point","coordinates":[11.5760519,49.8729868]},"properties":{"maxweight":"2"}},{"type":"Feature","geometry":{"type":"Point","coordinates":[11.9545535,49.1570056]},"properties":{"maxheight":"default"}},{"type":"Feature","geometry":{"type":"Point","coordinates":[11.4323369,49.5076661]},"properties":{"maxheight":"3.4"}},{"type":"Feature","geometry":{"type":"Point","coordinates":[11.4319752,49.5091183]},"properties":{"maxheight":"3"}},{"type":"Feature","geometry":{"type":"Point","coordinates":[11.4320826,49.5092529]},"properties":{"maxweight":"2"}},{"type":"Feature","geometry":{"type":"Point","coordinates":[11.4278283,49.5089086]},"properties":{"maxheight":"2.05"}},{"type":"Feature","geometry":{"type":"Point","coordinates":[11.0938556,49.4748058]},"properties":{"maxweight":"5.0"}},{"type":"Feature","geometry":{"type":"Point","coordinates":[11.954455,49.5443764]},"properties":{"maxweight":"3"}},{"type":"Feature","geometry":{"type":"Point","coordinates":[11.1395375,49.4114702]},"properties":{"maxheight":"4.5"}},{"type":"Feature","geometry":{"type":"Point","coordinates":[11.8543509,49.4815837]},"properties":{"maxweight":"7.5"}},{"type":"Feature","geometry":{"type":"Point","coordinates":[11.1338768,49.4022806]},"properties":{"maxheight":"2"}},{"type":"Feature","geometry":{"type":"Point","coordinates":[11.2993041,49.4038265]},"properties":{"maxheight":"default"}},{"type":"Feature","geometry":{"type":"Point","coordinates":[11.8510048,49.4620325]},"properties":{"maxheight":"3.7"}},{"type":"Feature","geometry":{"type":"Point","coordinates":[11.3914472,49.7115199]},"properties":{"maxweight":"3.5"}},{"type":"Feature","geometry":{"type":"Point","coordinates":[11.401578,49.7108187]},"properties":{"maxweight":"3.5"}},{"type":"Feature","geometry":{"type":"Point","coordinates":[11.0005896,49.8427919]},"properties":{"maxheight":"default"}},{"type":"Feature","geometry":{"type":"Point","coordinates":[11.2493136,49.1723895]},"properties":{"maxweight":"10"}},{"type":"Feature","geometry":{"type":"Point","coordinates":[11.7517661,49.4851715]},"properties":{"maxweight":"3"}},{"type":"Feature","geometry":{"type":"Point","coordinates":[11.0171838,49.5869845]},"properties":{"maxheight":"default"}},{"type":"Feature","geometry":{"type":"Point","coordinates":[11.4189805,49.6835166]},"properties":{"maxheight":"1.8"}},{"type":"Feature","geometry":{"type":"Point","coordinates":[11.0987973,49.460393]},"properties":{"maxheight":"2.1"}},{"type":"Feature","geometry":{"type":"Point","coordinates":[11.1350422,49.5756245]},"properties":{"maxweight":"3.5"}},{"type":"Feature","geometry":{"type":"Point","coordinates":[11.045357,49.4970867]},"properties":{"hgv":"destination"}},{"type":"Feature","geometry":{"type":"Point","coordinates":[11.0459895,49.4967558]},"properties":{"hgv":"destination"}},{"type":"Feature","geometry":{"type":"Point","coordinates":[11.5382641,49.7567564]},"properties":{"hgv":"delivery","maxweight":"7.5"}},{"type":"Feature","geometry":{"type":"Point","coordinates":[11.0671101,49.7331141]},"properties":{"maxweight":"30"}},{"type":"Feature","geometry":{"type":"Point","coordinates":[11.0686613,49.7292774]},"properties":{"maxheight":"2.8"}},{"type":"Feature","geometry":{"type":"Point","coordinates":[11.7435962,49.9154496]},"properties":{"maxweight":"5.5"}},{"type":"Feature","geometry":{"type":"Point","coordinates":[11.7475293,49.9194657]},"properties":{"maxweight":"5.5"}},{"type":"Feature","geometry":{"type":"Point","coordinates":[11.2835513,49.5094248]},"properties":{"hgv":"delivery"}},{"type":"Feature","geometry":{"type":"Point","coordinates":[11.5655827,49.9462065]},"properties":{"maxweight":"5"}},{"type":"Feature","geometry":{"type":"Point","coordinates":[11.7644484,49.883367]},"properties":{"maxweight":"7.5"}},{"type":"Feature","geometry":{"type":"Point","coordinates":[11.763248,49.8813538]},"properties":{"maxweight":"7.5"}},{"type":"Feature","geometry":{"type":"Point","coordinates":[11.2767376,49.5370884]},"properties":{"maxweight":"5"}},{"type":"Feature","geometry":{"type":"Point","coordinates":[11.2930309,49.5059568]},"properties":{"maxheight":"4"}},{"type":"Feature","geometry":{"type":"Point","coordinates":[11.3433749,49.5559875]},"properties":{"maxweight":"7.5"}},{"type":"Feature","geometry":{"type":"Point","coordinates":[11.0066575,49.5942063]},"properties":{"hgv":"no","maxheight":"3.5","maxweight":"30"}},{"type":"Feature","geometry":{"type":"Point","coordinates":[11.0064978,49.5945795]},"properties":{"maxheight":"2"}},{"type":"Feature","geometry":{"type":"Point","coordinates":[11.7428923,49.9148276]},"properties":{"maxweight":"5.5"}},{"type":"Feature","geometry":{"type":"Point","coordinates":[11.2865354,49.5137972]},"properties":{"maxheight":"below_default"}},{"type":"Feature","geometry":{"type":"Point","coordinates":[11.278481,49.512702]},"properties":{"maxweight":"2.8"}},{"type":"Feature","geometry":{"type":"Point","coordinates":[11.2550738,49.5198076]},"properties":{"hgv":"no"}},{"type":"Feature","geometry":{"type":"Point","coordinates":[11.2551442,49.5199354]},"properties":{"hgv":"no"}},{"type":"Feature","geometry":{"type":"Point","coordinates":[11.2555069,49.5200442]},"properties":{"hgv":"no"}},{"type":"Feature","geometry":{"type":"Point","coordinates":[11.4386847,49.5047773]},"properties":{"maxweight":"35"}},{"type":"Feature","geometry":{"type":"Point","coordinates":[11.055184,49.7747552]},"properties":{"maxweight":"3"}},{"type":"Feature","geometry":{"type":"Point","coordinates":[11.4816868,49.9978871]},"properties":{"maxweight":"12"}},{"type":"Feature","geometry":{"type":"Point","coordinates":[11.290241,49.507719]},"properties":{"hgv":"destination"}},{"type":"Feature","geometry":{"type":"Point","coordinates":[11.2793906,49.5114578]},"properties":{"maxheight":"3.7"}},{"type":"Feature","geometry":{"type":"Point","coordinates":[11.3192084,49.521529]},"properties":{"hgv":"no","goods":"no"}},{"type":"Feature","geometry":{"type":"Point","coordinates":[11.3159172,49.5301485]},"properties":{"maxheight":"default"}},{"type":"Feature","geometry":{"type":"Point","coordinates":[11.3605987,49.5926112]},"properties":{"maxheight":"default"}},{"type":"Feature","geometry":{"type":"Point","coordinates":[11.0016935,49.4687031]},"properties":{"hgv":"no","maxweight":"7.5"}},{"type":"Feature","geometry":{"type":"Point","coordinates":[11.2306798,49.5582623]},"properties":{"maxweight":"6"}},{"type":"Feature","geometry":{"type":"Point","coordinates":[11.3416881,49.562383]},"properties":{"maxheight":"1.60"}},{"type":"Feature","geometry":{"type":"Point","coordinates":[11.1122942,49.8890845]},"properties":{"maxweight":"5"}},{"type":"Feature","geometry":{"type":"Point","coordinates":[11.1540332,49.8693327]},"properties":{"maxweight":"5"}},{"type":"Feature","geometry":{"type":"Point","coordinates":[11.3773568,49.5112049]},"properties":{"hgv":"no","maxweight":"3"}},{"type":"Feature","geometry":{"type":"Point","coordinates":[11.5273723,49.4303047]},"properties":{"maxweight":"7.5"}},{"type":"Feature","geometry":{"type":"Point","coordinates":[11.5151651,49.4204142]},"properties":{"maxweight":"7.5"}},{"type":"Feature","geometry":{"type":"Point","coordinates":[11.433796,49.5114833]},"properties":{"hgv":"no","goods":"no"}},{"type":"Feature","geometry":{"type":"Point","coordinates":[11.4332031,49.5080149]},"properties":{"maxweight":"3.5"}},{"type":"Feature","geometry":{"type":"Point","coordinates":[11.4339747,49.5109439]},"properties":{"hgv":"no","goods":"no"}},{"type":"Feature","geometry":{"type":"Point","coordinates":[11.4313065,49.5443534]},"properties":{"maxweight":"16"}},{"type":"Feature","geometry":{"type":"Point","coordinates":[11.8023266,49.6209941]},"properties":{"maxheight":"4"}},{"type":"Feature","geometry":{"type":"Point","coordinates":[11.4317274,49.5101795]},"properties":{"maxheight":"3.1"}},{"type":"Feature","geometry":{"type":"Point","coordinates":[11.1235538,49.4352532]},"properties":{"hgv":"no"}},{"type":"Feature","geometry":{"type":"Point","coordinates":[11.3420832,49.543047]},"properties":{"maxweight":"7.5"}},{"type":"Feature","geometry":{"type":"Point","coordinates":[11.3425707,49.5439562]},"properties":{"maxweight":"7.5"}},{"type":"Feature","geometry":{"type":"Point","coordinates":[11.1450922,49.8031872]},"properties":{"maxweight":"3.5"}},{"type":"Feature","geometry":{"type":"Point","coordinates":[11.137001,49.8037655]},"properties":{"maxweight":"3.5"}},{"type":"Feature","geometry":{"type":"Point","coordinates":[11.860555,49.4414689]},"properties":{"maxheight":"2.1"}},{"type":"Feature","geometry":{"type":"Point","coordinates":[11.8348387,49.4712554]},"properties":{"maxheight":"3.1"}},{"type":"Feature","geometry":{"type":"Point","coordinates":[11.1821879,49.1960882]},"properties":{"maxweight":"3.5"}},{"type":"Feature","geometry":{"type":"Point","coordinates":[11.1805812,49.1957863]},"properties":{"maxweight":"3.5"}},{"type":"Feature","geometry":{"type":"Point","coordinates":[11.0598986,49.7503682]},"properties":{"hgv":"designated"}},{"type":"Feature","geometry":{"type":"Point","coordinates":[11.5342542,49.4291621]},"properties":{"maxweight":"7.5"}},{"type":"Feature","geometry":{"type":"Point","coordinates":[11.1447439,49.7548524]},"properties":{"maxweight":"3.5"}},{"type":"Feature","geometry":{"type":"Point","coordinates":[11.0275902,49.5395347]},"properties":{"maxheight":"default"}},{"type":"Feature","geometry":{"type":"Point","coordinates":[11.001196,49.6130243]},"properties":{"maxheight":"3.2"}},{"type":"Feature","geometry":{"type":"Point","coordinates":[11.005657,49.5897408]},"properties":{"maxweight":"3.5"}},{"type":"Feature","geometry":{"type":"Point","coordinates":[11.1569743,49.9755464]},"properties":{"maxweight":"3.5"}},{"type":"Feature","geometry":{"type":"Point","coordinates":[11.8864219,49.0698707]},"properties":{"maxheight":"default"}},{"type":"Feature","geometry":{"type":"Point","coordinates":[11.8872094,49.0696143]},"properties":{"maxheight":"3.6"}},{"type":"Feature","geometry":{"type":"Point","coordinates":[11.7998324,49.0961011]},"properties":{"maxheight":"2.5","maxwidth":"3.0"}},{"type":"Feature","geometry":{"type":"Point","coordinates":[11.5849258,49.4895296]},"properties":{"maxweight":"12"}},{"type":"Feature","geometry":{"type":"Point","coordinates":[11.5182667,49.4349991]},"properties":{"maxweight":"7.5"}},{"type":"Feature","geometry":{"type":"Point","coordinates":[11.864407,49.4340928]},"properties":{"hgv":"private"}},{"type":"Feature","geometry":{"type":"Point","coordinates":[11.2676631,49.8057569]},"properties":{"maxweight":"3.5"}},{"type":"Feature","geometry":{"type":"Point","coordinates":[11.2119781,49.2625468]},"properties":{"hgv":"no"}},{"type":"Feature","geometry":{"type":"Point","coordinates":[11.7629636,49.4919338]},"properties":{"maxweight":"7.5"}},{"type":"Feature","geometry":{"type":"Point","coordinates":[11.7564036,49.5162374]},"properties":{"maxweight":"7.5"}},{"type":"Feature","geometry":{"type":"Point","coordinates":[11.4227369,49.554251]},"properties":{"maxweight":"30"}},{"type":"Feature","geometry":{"type":"Point","coordinates":[11.4204176,49.5570126]},"properties":{"maxweight":"6"}},{"type":"Feature","geometry":{"type":"Point","coordinates":[11.124822,49.7246152]},"properties":{"maxweight":"1.5"}},{"type":"Feature","geometry":{"type":"Point","coordinates":[11.5406342,49.472657]},"properties":{"maxweight":"3.5"}},{"type":"Feature","geometry":{"type":"Point","coordinates":[11.4747421,49.493076]},"properties":{"maxweight":"2.8"}},{"type":"Feature","geometry":{"type":"Point","coordinates":[11.5710854,49.9467441]},"properties":{"maxweight":"16"}},{"type":"Feature","geometry":{"type":"Point","coordinates":[11.1316623,49.4596287]},"properties":{"hgv":"yes"}},{"type":"Feature","geometry":{"type":"Point","coordinates":[11.0671613,49.4125183]},"properties":{"maxheight":"default"}},{"type":"Feature","geometry":{"type":"Point","coordinates":[11.2824204,49.5373003]},"properties":{"maxweight":"5"}},{"type":"Feature","geometry":{"type":"Point","coordinates":[11.1607657,49.1751011]},"properties":{"maxweight":"10"}},{"type":"Feature","geometry":{"type":"Point","coordinates":[11.1583422,49.1702676]},"properties":{"maxweight":"10"}},{"type":"Feature","geometry":{"type":"Point","coordinates":[11.1578276,49.1700047]},"properties":{"maxweight":"10"}},{"type":"Feature","geometry":{"type":"Point","coordinates":[11.3527285,49.376876]},"properties":{"hgv":"delivery","maxheight":"4.2"}},{"type":"Feature","geometry":{"type":"Point","coordinates":[11.370863,49.4822979]},"properties":{"maxweight":"2.8"}},{"type":"Feature","geometry":{"type":"Point","coordinates":[11.5985561,49.9307454]},"properties":{"maxheight":"2.2"}},{"type":"Feature","geometry":{"type":"Point","coordinates":[11.0127049,49.5950989]},"properties":{"maxheight":"3.40"}},{"type":"Feature","geometry":{"type":"Point","coordinates":[11.6463443,49.9566113]},"properties":{"maxweight":"16"}},{"type":"Feature","geometry":{"type":"Point","coordinates":[11.0836196,49.6155243]},"properties":{"maxweight":"2"}},{"type":"Feature","geometry":{"type":"Point","coordinates":[11.1743261,49.6779624]},"properties":{"maxweight":"7.5"}},{"type":"Feature","geometry":{"type":"Point","coordinates":[11.0944764,49.4747332]},"properties":{"hgv":"no"}},{"type":"Feature","geometry":{"type":"Point","coordinates":[11.5948776,49.9337224]},"properties":{"hgv":"no"}},{"type":"Feature","geometry":{"type":"Point","coordinates":[11.6209444,49.5660338]},"properties":{"maxweight":"3.5"}},{"type":"Feature","geometry":{"type":"Point","coordinates":[11.601604,49.9347378]},"properties":{"maxweight":"7.5"}},{"type":"Feature","geometry":{"type":"Point","coordinates":[11.6171686,49.565378]},"properties":{"maxweight":"3.5"}},{"type":"Feature","geometry":{"type":"Point","coordinates":[11.6149653,49.5705821]},"properties":{"maxweight":"3.5"}},{"type":"Feature","geometry":{"type":"Point","coordinates":[11.1290983,49.5395021]},"properties":{"maxweight":"0.1"}},{"type":"Feature","geometry":{"type":"Point","coordinates":[11.1149317,49.4603047]},"properties":{"maxheight":"2"}},{"type":"Feature","geometry":{"type":"Point","coordinates":[11.1301899,49.4611775]},"properties":{"maxweight":"1.5"}},{"type":"Feature","geometry":{"type":"Point","coordinates":[11.5141963,49.9233037]},"properties":{"maxweight":"8"}},{"type":"Feature","geometry":{"type":"Point","coordinates":[11.5051824,49.9298857]},"properties":{"hgv":"no","maxweight":"3.5"}},{"type":"Feature","geometry":{"type":"Point","coordinates":[11.505444,49.9303303]},"properties":{"hgv":"no"}},{"type":"Feature","geometry":{"type":"Point","coordinates":[11.5165688,49.9228683]},"properties":{"maxweight":"8"}},{"type":"Feature","geometry":{"type":"Point","coordinates":[11.4214635,49.5008119]},"properties":{"maxheight":"default"}},{"type":"Feature","geometry":{"type":"Point","coordinates":[11.7686122,49.4103993]},"properties":{"maxheight":"default"}},{"type":"Feature","geometry":{"type":"Point","coordinates":[11.7681699,49.4100623]},"properties":{"maxheight":"default"}},{"type":"Feature","geometry":{"type":"Point","coordinates":[11.0773591,49.7664649]},"properties":{"maxweight":"5"}},{"type":"Feature","geometry":{"type":"Point","coordinates":[11.7375469,49.5032568]},"properties":{"maxweight":"16"}},{"type":"Feature","geometry":{"type":"Point","coordinates":[11.7429743,49.5004782]},"properties":{"maxweight":"18"}},{"type":"Feature","geometry":{"type":"Point","coordinates":[11.752587,49.4969357]},"properties":{"maxweight":"6"}},{"type":"Feature","geometry":{"type":"Point","coordinates":[11.9396035,49.1741026]},"properties":{"hgv":"private","goods":"private"}},{"type":"Feature","geometry":{"type":"Point","coordinates":[11.1284119,49.4640584]},"properties":{"maxheight":"3.8"}},{"type":"Feature","geometry":{"type":"Point","coordinates":[11.2344073,49.2513887]},"properties":{"maxheight":"3.0"}},{"type":"Feature","geometry":{"type":"Point","coordinates":[11.079863,49.6233729]},"properties":{"maxweight":"2"}},{"type":"Feature","geometry":{"type":"Point","coordinates":[11.1311994,49.6201366]},"properties":{"maxweight":"10"}},{"type":"Feature","geometry":{"type":"Point","coordinates":[11.1045482,49.6273029]},"properties":{"maxweight":"2"}},{"type":"Feature","geometry":{"type":"Point","coordinates":[11.103985,49.6272869]},"properties":{"maxweight":"2"}},{"type":"Feature","geometry":{"type":"Point","coordinates":[11.3737256,49.4475457]},"properties":{"hgv":"no","goods":"yes","maxweight":"6"}},{"type":"Feature","geometry":{"type":"Point","coordinates":[11.7649224,49.4075096]},"properties":{"hgv":"no"}},{"type":"Feature","geometry":{"type":"Point","coordinates":[11.0440707,49.4980555]},"properties":{"hgv":"destination"}},{"type":"Feature","geometry":{"type":"Point","coordinates":[11.4302807,49.5155332]},"properties":{"maxweight":"3.5"}},{"type":"Feature","geometry":{"type":"Point","coordinates":[11.1699966,49.4765591]},"properties":{"maxheight":"2.8"}},{"type":"Feature","geometry":{"type":"Point","coordinates":[11.2373194,49.4517698]},"properties":{"maxheight":"default"}},{"type":"Feature","geometry":{"type":"Point","coordinates":[11.1280854,49.6275685]},"properties":{"maxweight":"16"}},{"type":"Feature","geometry":{"type":"Point","coordinates":[11.1449065,49.4634208]},"properties":{"hgv":"no"}},{"type":"Feature","geometry":{"type":"Point","coordinates":[11.0148384,49.8070302]},"properties":{"maxheight":"default"}},{"type":"Feature","geometry":{"type":"Point","coordinates":[11.0968147,49.4494488]},"properties":{"maxheight":"3.4"}},{"type":"Feature","geometry":{"type":"Point","coordinates":[11.7921546,49.4920737]},"properties":{"hgv":"no","goods":"no"}},{"type":"Feature","geometry":{"type":"Point","coordinates":[11.170039,49.4823614]},"properties":{"maxheight":"default"}},{"type":"Feature","geometry":{"type":"Point","coordinates":[11.2508751,49.6912684]},"properties":{"maxweight":"7.5"}},{"type":"Feature","geometry":{"type":"Point","coordinates":[11.1187009,49.5970281]},"properties":{"maxweight":"16"}},{"type":"Feature","geometry":{"type":"Point","coordinates":[11.1874305,49.6356697]},"properties":{"maxweight":"3.5"}},{"type":"Feature","geometry":{"type":"Point","coordinates":[11.1927886,49.6376633]},"properties":{"maxweight":"3.5"}},{"type":"Feature","geometry":{"type":"Point","coordinates":[11.0598313,49.698032]},"properties":{"hgv":"no"}},{"type":"Feature","geometry":{"type":"Point","coordinates":[11.0599195,49.6975781]},"properties":{"hgv":"no"}},{"type":"Feature","geometry":{"type":"Point","coordinates":[11.0599953,49.6972764]},"properties":{"hgv":"no"}},{"type":"Feature","geometry":{"type":"Point","coordinates":[11.0598117,49.6981777]},"properties":{"hgv":"no"}},{"type":"Feature","geometry":{"type":"Point","coordinates":[11.0598542,49.69788]},"properties":{"hgv":"no"}},{"type":"Feature","geometry":{"type":"Point","coordinates":[11.0597595,49.6984818]},"properties":{"hgv":"no"}},{"type":"Feature","geometry":{"type":"Point","coordinates":[11.0599639,49.6974266]},"properties":{"hgv":"no"}},{"type":"Feature","geometry":{"type":"Point","coordinates":[11.0597898,49.6989148]},"properties":{"hgv":"no"}},{"type":"Feature","geometry":{"type":"Point","coordinates":[11.0597432,49.6987816]},"properties":{"hgv":"no"}},{"type":"Feature","geometry":{"type":"Point","coordinates":[11.059877,49.6977343]},"properties":{"hgv":"no"}},{"type":"Feature","geometry":{"type":"Point","coordinates":[11.0597464,49.6986275]},"properties":{"hgv":"no"}},{"type":"Feature","geometry":{"type":"Point","coordinates":[11.0597824,49.6983234]},"properties":{"hgv":"no"}},{"type":"Feature","geometry":{"type":"Point","coordinates":[11.5684842,49.4319833]},"properties":{"maxweight":"7.5"}},{"type":"Feature","geometry":{"type":"Point","coordinates":[11.1663107,49.3856155]},"properties":{"hgv":"no"}},{"type":"Feature","geometry":{"type":"Point","coordinates":[11.0426401,49.6028719]},"properties":{"maxheight":"1.8"}},{"type":"Feature","geometry":{"type":"Point","coordinates":[11.1193952,49.5969182]},"properties":{"maxweight":"16"}},{"type":"Feature","geometry":{"type":"Point","coordinates":[11.1199528,49.5966821]},"properties":{"maxweight":"16"}},{"type":"Feature","geometry":{"type":"Point","coordinates":[11.0589436,49.97711]},"properties":{"maxlength":"10"}},{"type":"Feature","geometry":{"type":"Point","coordinates":[11.0758827,49.6219942]},"properties":{"maxweight":"2"}},{"type":"Feature","geometry":{"type":"Point","coordinates":[11.0706284,49.6189281]},"properties":{"maxweight":"2"}},{"type":"Feature","geometry":{"type":"Point","coordinates":[11.0643688,49.45313]},"properties":{"maxheight":"2.4"}},{"type":"Feature","geometry":{"type":"Point","coordinates":[11.064092,49.4526327]},"properties":{"maxheight":"2.4"}},{"type":"Feature","geometry":{"type":"Point","coordinates":[11.0631194,49.4539283]},"properties":{"maxheight":"3.5"}},{"type":"Feature","geometry":{"type":"Point","coordinates":[11.0637571,49.4538948]},"properties":{"maxheight":"3.3"}},{"type":"Feature","geometry":{"type":"Point","coordinates":[11.1987603,49.7060963]},"properties":{"maxweight":"7.5"}},{"type":"Feature","geometry":{"type":"Point","coordinates":[11.1312336,49.4772512]},"properties":{"maxweight":"24"}},{"type":"Feature","geometry":{"type":"Point","coordinates":[11.0135474,49.4741523]},"properties":{"maxheight":"default"}},{"type":"Feature","geometry":{"type":"Point","coordinates":[11.9479391,49.5181917]},"properties":{"maxweight":"7.5"}},{"type":"Feature","geometry":{"type":"Point","coordinates":[11.9501097,49.5188586]},"properties":{"maxweight":"7.5"}},{"type":"Feature","geometry":{"type":"Point","coordinates":[11.0559496,49.4455846]},"properties":{"maxheight":"3.8"}},{"type":"Feature","geometry":{"type":"Point","coordinates":[11.3435062,49.8447459]},"properties":{"maxwidth":"2.4","maxweight":"2.8"}},{"type":"Feature","geometry":{"type":"Point","coordinates":[11.0572683,49.4696395]},"properties":{"hgv":"destination"}},{"type":"Feature","geometry":{"type":"Point","coordinates":[11.0686403,49.4707252]},"properties":{"hgv":"no","maxheight":"3.5"}},{"type":"Feature","geometry":{"type":"Point","coordinates":[11.0603441,49.4519115]},"properties":{"maxheight":"3.7"}},{"type":"Feature","geometry":{"type":"Point","coordinates":[11.1786017,49.6841963]},"properties":{"maxweight":"7.5"}},{"type":"Feature","geometry":{"type":"Point","coordinates":[11.06714,49.5255664]},"properties":{"hgv":"designated"}},{"type":"Feature","geometry":{"type":"Point","coordinates":[11.0671322,49.5265176]},"properties":{"hgv":"designated"}},{"type":"Feature","geometry":{"type":"Point","coordinates":[11.0175615,49.700078]},"properties":{"maxweight":"5.5"}},{"type":"Feature","geometry":{"type":"Point","coordinates":[11.0938684,49.4749555]},"properties":{"maxheight":"2","maxweight":"5.0"}},{"type":"Feature","geometry":{"type":"Point","coordinates":[11.5376059,49.5657877]},"properties":{"maxweight":"3"}},{"type":"Feature","geometry":{"type":"Point","coordinates":[11.5380191,49.5642999]},"properties":{"maxweight":"8"}},{"type":"Feature","geometry":{"type":"Point","coordinates":[11.5374175,49.5656825]},"properties":{"maxweight":"3"}},{"type":"Feature","geometry":{"type":"Point","coordinates":[11.5404565,49.5661657]},"properties":{"maxweight":"3"}},{"type":"Feature","geometry":{"type":"Point","coordinates":[11.5960123,49.8439477]},"properties":{"maxweight":"3.5"}},{"type":"Feature","geometry":{"type":"Point","coordinates":[11.5393384,49.5570757]},"properties":{"maxheight":"2.2","maxwidth":"2.2","maxweight":"3.5"}},{"type":"Feature","geometry":{"type":"Point","coordinates":[11.3392208,49.3415852]},"properties":{"maxweight":"5"}},{"type":"Feature","geometry":{"type":"Point","coordinates":[11.3294048,49.342986]},"properties":{"maxweight":"5"}},{"type":"Feature","geometry":{"type":"Point","coordinates":[11.0026255,49.5962028]},"properties":{"hgv":"yes"}},{"type":"Feature","geometry":{"type":"Point","coordinates":[11.0380315,49.6865628]},"properties":{"maxweight":"24"}},{"type":"Feature","geometry":{"type":"Point","coordinates":[11.0882417,49.6131406]},"properties":{"maxweight":"2"}},{"type":"Feature","geometry":{"type":"Point","coordinates":[11.1491637,49.5336643]},"properties":{"maxheight":"3.8"}},{"type":"Feature","geometry":{"type":"Point","coordinates":[11.1502985,49.5219107]},"properties":{"hgv":"destination"}},{"type":"Feature","geometry":{"type":"Point","coordinates":[11.4945647,49.8204336]},"properties":{"maxweight":"12"}},{"type":"Feature","geometry":{"type":"Point","coordinates":[11.5045235,49.925469]},"properties":{"maxweight":"8"}},{"type":"Feature","geometry":{"type":"Point","coordinates":[11.5059142,49.9252862]},"properties":{"maxweight":"8"}},{"type":"Feature","geometry":{"type":"Point","coordinates":[11.503981,49.9268135]},"properties":{"maxweight":"8"}},{"type":"Feature","geometry":{"type":"Point","coordinates":[11.512392,49.4997374]},"properties":{"maxweight":"16"}},{"type":"Feature","geometry":{"type":"Point","coordinates":[11.4581465,49.084756]},"properties":{"maxweight":"15"}},{"type":"Feature","geometry":{"type":"Point","coordinates":[11.4496799,49.1035321]},"properties":{"maxweight":"15"}},{"type":"Feature","geometry":{"type":"Point","coordinates":[11.3436668,49.4080736]},"properties":{"maxheight":"4.2"}},{"type":"Feature","geometry":{"type":"Point","coordinates":[11.4722448,49.5117285]},"properties":{"hgv":"no"}},{"type":"Feature","geometry":{"type":"Point","coordinates":[11.1451786,49.7554777]},"properties":{"maxweight":"5.5"}},{"type":"Feature","geometry":{"type":"Point","coordinates":[11.5216695,49.5001478]},"properties":{"maxheight":"3.3"}},{"type":"Feature","geometry":{"type":"Point","coordinates":[11.125862,49.3475258]},"properties":{"maxweight":"3"}},{"type":"Feature","geometry":{"type":"Point","coordinates":[11.1244123,49.3492281]},"properties":{"hgv":"agricultural;forestry"}},{"type":"Feature","geometry":{"type":"Point","coordinates":[11.9162591,49.4144588]},"properties":{"maxweight":"3.5"}},{"type":"Feature","geometry":{"type":"Point","coordinates":[11.5846699,49.7957786]},"properties":{"maxheight":"3.3"}},{"type":"Feature","geometry":{"type":"Point","coordinates":[11.3434321,49.5459421]},"properties":{"maxweight":"7.5"}},{"type":"Feature","geometry":{"type":"Point","coordinates":[11.342266,49.5432209]},"properties":{"maxweight":"7.5"}},{"type":"Feature","geometry":{"type":"Point","coordinates":[11.1360326,49.741819]},"properties":{"hgv":"no","goods":"no"}},{"type":"Feature","geometry":{"type":"Point","coordinates":[11.0175342,49.4316025]},"properties":{"maxheight":"default"}},{"type":"Feature","geometry":{"type":"Point","coordinates":[11.0031435,49.4388344]},"properties":{"maxheight":"default"}},{"type":"Feature","geometry":{"type":"Point","coordinates":[11.0622633,49.4411826]},"properties":{"maxheight":"3.9"}},{"type":"Feature","geometry":{"type":"Point","coordinates":[11.0085213,49.3197704]},"properties":{"maxwidth":"3"}},{"type":"Feature","geometry":{"type":"Point","coordinates":[11.9277056,49.3524589]},"properties":{"maxweight":"12"}},{"type":"Feature","geometry":{"type":"Point","coordinates":[11.0086921,49.7955395]},"properties":{"maxweight":"16"}},{"type":"Feature","geometry":{"type":"Point","coordinates":[11.1294112,49.4305966]},"properties":{"maxheight":"3.8"}},{"type":"Feature","geometry":{"type":"Point","coordinates":[11.3648049,49.5592845]},"properties":{"maxweight":"5"}},{"type":"Feature","geometry":{"type":"Point","coordinates":[11.0228926,49.4616534]},"properties":{"maxheight":"default"}},{"type":"Feature","geometry":{"type":"Point","coordinates":[11.02296,49.4614637]},"properties":{"maxheight":"default"}},{"type":"Feature","geometry":{"type":"Point","coordinates":[11.7462082,49.917113]},"properties":{"maxweight":"5.5"}},{"type":"Feature","geometry":{"type":"Point","coordinates":[11.5625927,49.7544448]},"properties":{"maxweight":"3.5"}},{"type":"Feature","geometry":{"type":"Point","coordinates":[11.5646248,49.75906]},"properties":{"maxweight":"3.5"}},{"type":"Feature","geometry":{"type":"Point","coordinates":[11.5402804,49.7533814]},"properties":{"maxweight":"10"}},{"type":"Feature","geometry":{"type":"Point","coordinates":[11.0610437,49.4810518]},"properties":{"hgv":"no"}},{"type":"Feature","geometry":{"type":"Point","coordinates":[11.0624728,49.481257]},"properties":{"hgv":"no"}},{"type":"Feature","geometry":{"type":"Point","coordinates":[11.0610861,49.4807536]},"properties":{"hgv":"no"}},{"type":"Feature","geometry":{"type":"Point","coordinates":[11.0610217,49.4812099]},"properties":{"hgv":"no"}},{"type":"Feature","geometry":{"type":"Point","coordinates":[11.86178,49.4541313]},"properties":{"hgv":"delivery"}},{"type":"Feature","geometry":{"type":"Point","coordinates":[11.5275063,49.7356651]},"properties":{"maxweight":"10"}},{"type":"Feature","geometry":{"type":"Point","coordinates":[11.0901655,49.2467297]},"properties":{"hgv":"no"}},{"type":"Feature","geometry":{"type":"Point","coordinates":[11.2653537,49.5538898]},"properties":{"hgv":"no"}},{"type":"Feature","geometry":{"type":"Point","coordinates":[11.2865733,49.4527659]},"properties":{"maxweight":"2.5"}},{"type":"Feature","geometry":{"type":"Point","coordinates":[11.1867627,49.1962514]},"properties":{"hgv":"delivery"}},{"type":"Feature","geometry":{"type":"Point","coordinates":[11.1868912,49.1965773]},"properties":{"hgv":"delivery"}},{"type":"Feature","geometry":{"type":"Point","coordinates":[11.187317,49.1962436]},"properties":{"hgv":"delivery"}},{"type":"Feature","geometry":{"type":"Point","coordinates":[11.187226,49.1959893]},"properties":{"hgv":"no"}},{"type":"Feature","geometry":{"type":"Point","coordinates":[11.2104206,49.2360796]},"properties":{"maxweight":"10"}},{"type":"Feature","geometry":{"type":"Point","coordinates":[11.8581585,49.4479986]},"properties":{"maxheight":"3.4"}},{"type":"Feature","geometry":{"type":"Point","coordinates":[11.858057,49.4481266]},"properties":{"maxweight":"30"}},{"type":"Feature","geometry":{"type":"Point","coordinates":[11.8626794,49.4446193]},"properties":{"maxweight":"30"}},{"type":"Feature","geometry":{"type":"Point","coordinates":[11.8883135,49.4675382]},"properties":{"hgv":"agricultural"}},{"type":"Feature","geometry":{"type":"Point","coordinates":[11.4496196,49.2870832]},"properties":{"hgv":"delivery","maxweightrating:hgv":"7.5"}},{"type":"Feature","geometry":{"type":"Point","coordinates":[11.7479698,49.9616653]},"properties":{"maxweight":"5"}},{"type":"Feature","geometry":{"type":"Point","coordinates":[11.323198,49.3441498]},"properties":{"maxweight":"5"}},{"type":"Feature","geometry":{"type":"Point","coordinates":[11.3794898,49.3163104]},"properties":{"maxwidth":"3","maxweight":"7"}},{"type":"Feature","geometry":{"type":"Point","coordinates":[11.0026366,49.5961716]},"properties":{"hgv":"yes"}},{"type":"Feature","geometry":{"type":"Point","coordinates":[11.2928969,49.5252512]},"properties":{"maxweight":"5.5"}},{"type":"Feature","geometry":{"type":"Point","coordinates":[11.2850359,49.5374886]},"properties":{"maxweight":"5"}},{"type":"Feature","geometry":{"type":"Point","coordinates":[11.4580287,49.2728193]},"properties":{"maxheight":"4"}},{"type":"Feature","geometry":{"type":"Point","coordinates":[11.077028,49.233528]},"properties":{"maxheight":"1.75"}},{"type":"Feature","geometry":{"type":"Point","coordinates":[11.4075218,49.6225002]},"properties":{"maxweight":"5"}},{"type":"Feature","geometry":{"type":"Point","coordinates":[11.19205,49.3278684]},"properties":{"hgv":"no"}},{"type":"Feature","geometry":{"type":"Point","coordinates":[11.4470431,49.3339635]},"properties":{"maxweight":"7.5"}},{"type":"Feature","geometry":{"type":"Point","coordinates":[11.4404833,49.3296141]},"properties":{"maxweight":"12"}},{"type":"Feature","geometry":{"type":"Point","coordinates":[11.4621105,49.280011]},"properties":{"hgv":"delivery"}},{"type":"Feature","geometry":{"type":"Point","coordinates":[11.4300784,49.5070593]},"properties":{"maxweight":"5.5"}},{"type":"Feature","geometry":{"type":"Point","coordinates":[11.0289336,49.389195]},"properties":{"maxweight":"5.5"}},{"type":"Feature","geometry":{"type":"Point","coordinates":[11.5415671,49.5571788]},"properties":{"maxheight":"2.2","maxwidth":"2.2","maxweight":"3.5"}},{"type":"Feature","geometry":{"type":"Point","coordinates":[11.4973215,49.3185593]},"properties":{"maxweight":"6"}},{"type":"Feature","geometry":{"type":"Point","coordinates":[11.300174,49.6843557]},"properties":{"maxweight":"7.5"}},{"type":"Feature","geometry":{"type":"Point","coordinates":[11.4791827,49.2936976]},"properties":{"hgv":"delivery"}},{"type":"Feature","geometry":{"type":"Point","coordinates":[11.4820122,49.2916986]},"properties":{"hgv":"delivery"}},{"type":"Feature","geometry":{"type":"Point","coordinates":[11.4820097,49.3188701]},"properties":{"maxweight":"6"}},{"type":"Feature","geometry":{"type":"Point","coordinates":[11.4777249,49.3208108]},"properties":{"maxweight":"6"}},{"type":"Feature","geometry":{"type":"Point","coordinates":[11.6157279,49.9539961]},"properties":{"hgv":"no"}},{"type":"Feature","geometry":{"type":"Point","coordinates":[11.8915134,49.9579148]},"properties":{"maxweight":"5.5"}},{"type":"Feature","geometry":{"type":"Point","coordinates":[11.2750437,49.3015874]},"properties":{"maxweight":"6"}},{"type":"Feature","geometry":{"type":"Point","coordinates":[11.8850646,49.9670653]},"properties":{"maxweight":"12"}},{"type":"Feature","geometry":{"type":"Point","coordinates":[11.1930896,49.554148]},"properties":{"maxweight":"6"}},{"type":"Feature","geometry":{"type":"Point","coordinates":[11.3745858,49.5151057]},"properties":{"maxweight":"3"}},{"type":"Feature","geometry":{"type":"Point","coordinates":[11.6228365,49.0848881]},"properties":{"hgv":"no"}},{"type":"Feature","geometry":{"type":"Point","coordinates":[11.0333629,49.4591077]},"properties":{"maxweight":"3.5"}},{"type":"Feature","geometry":{"type":"Point","coordinates":[11.1392623,49.5279382]},"properties":{"hgv":"agricultural"}},{"type":"Feature","geometry":{"type":"Point","coordinates":[11.4357515,49.1987291]},"properties":{"maxweight":"7.5"}},{"type":"Feature","geometry":{"type":"Point","coordinates":[11.457589,49.2817679]},"properties":{"maxheight":"below_default"}},{"type":"Feature","geometry":{"type":"Point","coordinates":[11.4783807,49.2941391]},"properties":{"hgv":"delivery"}},{"type":"Feature","geometry":{"type":"Point","coordinates":[11.04403,49.50149]},"properties":{"hgv":"destination"}},{"type":"Feature","geometry":{"type":"Point","coordinates":[11.512444,49.5003855]},"properties":{"maxweight":"16"}},{"type":"Feature","geometry":{"type":"Point","coordinates":[11.5111143,49.9245661]},"properties":{"maxweight":"8"}},{"type":"Feature","geometry":{"type":"Point","coordinates":[11.0358649,49.3392942]},"properties":{"maxweight":"3.5"}},{"type":"Feature","geometry":{"type":"Point","coordinates":[11.2502606,49.7002067]},"properties":{"maxweight":"3.5"}},{"type":"Feature","geometry":{"type":"Point","coordinates":[11.5448289,49.5683445]},"properties":{"maxweight":"3"}},{"type":"Feature","geometry":{"type":"Point","coordinates":[11.5618042,49.6761867]},"properties":{"maxheight":"2.9"}},{"type":"Feature","geometry":{"type":"Point","coordinates":[11.5185491,49.0174074]},"properties":{"maxweight":"6"}},{"type":"Feature","geometry":{"type":"Point","coordinates":[11.340573,49.6236087]},"properties":{"maxweight":"3"}},{"type":"Feature","geometry":{"type":"Point","coordinates":[11.3374406,49.624889]},"properties":{"maxweight":"3"}},{"type":"Feature","geometry":{"type":"Point","coordinates":[11.3533899,49.2854609]},"properties":{"maxweight":"7"}},{"type":"Feature","geometry":{"type":"Point","coordinates":[11.9653543,49.5830622]},"properties":{"maxweight":"7.5"}},{"type":"Feature","geometry":{"type":"Point","coordinates":[11.5142313,49.2038404]},"properties":{"maxheight":"3.1"}},{"type":"Feature","geometry":{"type":"Point","coordinates":[11.2865256,49.3890362]},"properties":{"maxweight":"3.5"}},{"type":"Feature","geometry":{"type":"Point","coordinates":[11.4972803,49.2770288]},"properties":{"hgv":"delivery"}},{"type":"Feature","geometry":{"type":"Point","coordinates":[11.3359768,49.6258168]},"properties":{"maxweight":"3"}},{"type":"Feature","geometry":{"type":"Point","coordinates":[11.3409393,49.6214578]},"properties":{"maxweight":"3"}},{"type":"Feature","geometry":{"type":"Point","coordinates":[11.7646698,49.4904812]},"properties":{"maxweight":"7.5"}},{"type":"Feature","geometry":{"type":"Point","coordinates":[11.7570185,49.505091]},"properties":{"maxheight":"2.5"}},{"type":"Feature","geometry":{"type":"Point","coordinates":[11.030423,49.4143834]},"properties":{"maxlength":"10"}},{"type":"Feature","geometry":{"type":"Point","coordinates":[11.0290729,49.4148942]},"properties":{"maxlength":"10"}},{"type":"Feature","geometry":{"type":"Point","coordinates":[11.5407884,49.7557982]},"properties":{"maxwidth":"2.2"}},{"type":"Feature","geometry":{"type":"Point","coordinates":[11.6250563,49.5622187]},"properties":{"maxweight":"3.5"}},{"type":"Feature","geometry":{"type":"Point","coordinates":[11.6240448,49.5627633]},"properties":{"maxweight":"3.5"}},{"type":"Feature","geometry":{"type":"Point","coordinates":[11.9519349,49.160798]},"properties":{"hgv":"no","maxheight":"3.3","maxwidth":"2.3"}},{"type":"Feature","geometry":{"type":"Point","coordinates":[11.9501225,49.1610531]},"properties":{"maxheight":"3.3","maxwidth":"2.3"}},{"type":"Feature","geometry":{"type":"Point","coordinates":[11.9484236,49.1631523]},"properties":{"maxheight":"3.3","maxwidth":"2.3"}},{"type":"Feature","geometry":{"type":"Point","coordinates":[11.7237526,49.4754274]},"properties":{"maxweight":"7.5"}},{"type":"Feature","geometry":{"type":"Point","coordinates":[11.5931235,49.8419835]},"properties":{"maxweight":"3.5"}},{"type":"Feature","geometry":{"type":"Point","coordinates":[11.7232283,49.5140864]},"properties":{"maxheight":"2.9"}},{"type":"Feature","geometry":{"type":"Point","coordinates":[11.1920349,49.1893587]},"properties":{"maxweight":"3.5"}},{"type":"Feature","geometry":{"type":"Point","coordinates":[11.1921907,49.1879088]},"properties":{"maxweight":"3.5"}},{"type":"Feature","geometry":{"type":"Point","coordinates":[11.5737614,49.7793552]},"properties":{"maxheight":"3"}},{"type":"Feature","geometry":{"type":"Point","coordinates":[11.0831401,49.4663496]},"properties":{"hgv":"no","maxweight":"3.5"}},{"type":"Feature","geometry":{"type":"Point","coordinates":[11.0649079,49.4744469]},"properties":{"maxheight":"3"}},{"type":"Feature","geometry":{"type":"Point","coordinates":[11.0811943,49.4676421]},"properties":{"maxheight":"3.3"}},{"type":"Feature","geometry":{"type":"Point","coordinates":[11.0574085,49.4839889]},"properties":{"maxweight":"7.5"}},{"type":"Feature","geometry":{"type":"Point","coordinates":[11.2152231,49.9277776]},"properties":{"maxweight":"6"}},{"type":"Feature","geometry":{"type":"Point","coordinates":[11.071484,49.4717535]},"properties":{"maxheight":"default"}},{"type":"Feature","geometry":{"type":"Point","coordinates":[11.0734313,49.4712249]},"properties":{"maxheight":"below_default"}},{"type":"Feature","geometry":{"type":"Point","coordinates":[11.0755834,49.4698549]},"properties":{"maxheight":"default"}},{"type":"Feature","geometry":{"type":"Point","coordinates":[11.7802093,49.9772314]},"properties":{"maxweight":"5"}},{"type":"Feature","geometry":{"type":"Point","coordinates":[11.2532134,49.2036125]},"properties":{"maxweight":"6"}},{"type":"Feature","geometry":{"type":"Point","coordinates":[11.2216081,49.2234182]},"properties":{"maxweight":"7.5"}},{"type":"Feature","geometry":{"type":"Point","coordinates":[11.266559,49.3026534]},"properties":{"maxweight":"6"}},{"type":"Feature","geometry":{"type":"Point","coordinates":[11.0676444,49.4573201]},"properties":{"hgv":"no"}},{"type":"Feature","geometry":{"type":"Point","coordinates":[11.0742178,49.4516072]},"properties":{"maxheight":"1.8"}},{"type":"Feature","geometry":{"type":"Point","coordinates":[11.0985007,49.4594561]},"properties":{"maxheight":"3.6"}},{"type":"Feature","geometry":{"type":"Point","coordinates":[11.0359478,49.4460632]},"properties":{"maxheight":"default"}},{"type":"Feature","geometry":{"type":"Point","coordinates":[11.1033407,49.4733663]},"properties":{"maxheight":"default"}},{"type":"Feature","geometry":{"type":"Point","coordinates":[11.5949133,49.6913069]},"properties":{"maxweight":"6"}},{"type":"Feature","geometry":{"type":"Point","coordinates":[11.5957178,49.7009648]},"properties":{"maxweight":"6"}},{"type":"Feature","geometry":{"type":"Point","coordinates":[11.2429515,49.7286648]},"properties":{"maxweight":"5.5"}},{"type":"Feature","geometry":{"type":"Point","coordinates":[11.00139,49.5017937]},"properties":{"maxweight":"24"}},{"type":"Feature","geometry":{"type":"Point","coordinates":[11.2607109,49.2691506]},"properties":{"maxweight":"10"}},{"type":"Feature","geometry":{"type":"Point","coordinates":[11.1295262,49.6123636]},"properties":{"maxheight":"3.2 m"}},{"type":"Feature","geometry":{"type":"Point","coordinates":[11.0669686,49.4709842]},"properties":{"maxheight":"default"}},{"type":"Feature","geometry":{"type":"Point","coordinates":[11.0405511,49.4506447]},"properties":{"maxheight":"default"}},{"type":"Feature","geometry":{"type":"Point","coordinates":[11.0252612,49.4286427]},"properties":{"maxheight":"default"}},{"type":"Feature","geometry":{"type":"Point","coordinates":[11.0645768,49.4138437]},"properties":{"maxheight":"default"}},{"type":"Feature","geometry":{"type":"Point","coordinates":[11.0238892,49.4168666]},"properties":{"maxlength":"10"}},{"type":"Feature","geometry":{"type":"Point","coordinates":[11.0653751,49.3322091]},"properties":{"maxheight":"below_default"}},{"type":"Feature","geometry":{"type":"Point","coordinates":[11.4177615,49.8843351]},"properties":{"maxweight":"6"}},{"type":"Feature","geometry":{"type":"Point","coordinates":[11.0891603,49.4474162]},"properties":{"maxheight":"4.0"}},{"type":"Feature","geometry":{"type":"Point","coordinates":[11.6504219,49.9857277]},"properties":{"maxwidth":"4","maxweight":"5"}},{"type":"Feature","geometry":{"type":"Point","coordinates":[11.6521567,49.985559]},"properties":{"maxwidth":"4","maxweight":"5"}},{"type":"Feature","geometry":{"type":"Point","coordinates":[11.0666696,49.4220513]},"properties":{"maxheight":"default"}},{"type":"Feature","geometry":{"type":"Point","coordinates":[11.1786797,49.745889]},"properties":{"maxweight":"3.5"}},{"type":"Feature","geometry":{"type":"Point","coordinates":[11.7645129,49.4909322]},"properties":{"maxwidth":"2","maxweight":"7.5"}},{"type":"Feature","geometry":{"type":"Point","coordinates":[11.5777571,49.7825607]},"properties":{"maxheight":"4"}},{"type":"Feature","geometry":{"type":"Point","coordinates":[11.5462459,49.7760809]},"properties":{"maxheight":"3.8"}},{"type":"Feature","geometry":{"type":"Point","coordinates":[11.5969135,49.8010236]},"properties":{"maxweight":"3.5"}},{"type":"Feature","geometry":{"type":"Point","coordinates":[11.5982076,49.8030853]},"properties":{"maxweight":"3.5"}},{"type":"Feature","geometry":{"type":"Point","coordinates":[11.0546526,49.4899269]},"properties":{"maxheight":"default"}},{"type":"Feature","geometry":{"type":"Point","coordinates":[11.0541694,49.4902595]},"properties":{"maxheight":"default"}},{"type":"Feature","geometry":{"type":"Point","coordinates":[11.016605,49.8236968]},"properties":{"hgv":"no"}},{"type":"Feature","geometry":{"type":"Point","coordinates":[11.0175652,49.8233126]},"properties":{"hgv":"no"}},{"type":"Feature","geometry":{"type":"Point","coordinates":[11.0028938,49.8209004]},"properties":{"hgv":"no","maxheight":"3.4"}},{"type":"Feature","geometry":{"type":"Point","coordinates":[11.7782791,49.9924432]},"properties":{"maxweight":"15"}},{"type":"Feature","geometry":{"type":"Point","coordinates":[11.0533527,49.8512067]},"properties":{"maxwidth":"2"}},{"type":"Feature","geometry":{"type":"Point","coordinates":[11.0569919,49.8500666]},"properties":{"maxwidth":"2"}},{"type":"Feature","geometry":{"type":"Point","coordinates":[11.1833241,49.4097972]},"properties":{"maxheight":"default"}},{"type":"Feature","geometry":{"type":"Point","coordinates":[11.1944469,49.4062191]},"properties":{"maxheight":"default"}},{"type":"Feature","geometry":{"type":"Point","coordinates":[11.0673063,49.7268421]},"properties":{"maxweight":"7.5"}},{"type":"Feature","geometry":{"type":"Point","coordinates":[11.1925396,49.1876764]},"properties":{"maxweight":"3.5"}},{"type":"Feature","geometry":{"type":"Point","coordinates":[11.263814,49.4357924]},"properties":{"maxweight":"12"}},{"type":"Feature","geometry":{"type":"Point","coordinates":[11.113302,49.4136519]},"properties":{"maxheight":"below_default"}},{"type":"Feature","geometry":{"type":"Point","coordinates":[11.762701,49.491777]},"properties":{"maxweight":"7.5"}},{"type":"Feature","geometry":{"type":"Point","coordinates":[11.3949668,49.3456831]},"properties":{"maxweight":"7.5"}},{"type":"Feature","geometry":{"type":"Point","coordinates":[11.0061988,49.4014421]},"properties":{"maxweight":"5.5"}},{"type":"Feature","geometry":{"type":"Point","coordinates":[11.7506691,49.9428174]},"properties":{"maxweight":"5"}},{"type":"Feature","geometry":{"type":"Point","coordinates":[11.7698782,49.923783]},"properties":{"maxweight":"5"}},{"type":"Feature","geometry":{"type":"Point","coordinates":[11.3746929,49.5107864]},"properties":{"maxweight":"5.5"}},{"type":"Feature","geometry":{"type":"Point","coordinates":[11.1047849,49.4134172]},"properties":{"maxheight:physical":"2.8"}},{"type":"Feature","geometry":{"type":"Point","coordinates":[11.540819,49.4134226]},"properties":{"maxweight":"7.5"}},{"type":"Feature","geometry":{"type":"Point","coordinates":[11.5358061,49.4135014]},"properties":{"maxweight":"7.5"}},{"type":"Feature","geometry":{"type":"Point","coordinates":[11.3695893,49.5020264]},"properties":{"maxweight":"5.5"}},{"type":"Feature","geometry":{"type":"Point","coordinates":[11.3704442,49.501911]},"properties":{"maxweight":"5.5"}},{"type":"Feature","geometry":{"type":"Point","coordinates":[11.8313996,49.4815157]},"properties":{"maxweight":"30"}},{"type":"Feature","geometry":{"type":"Point","coordinates":[11.402069,49.3874857]},"properties":{"maxweight":"3"}},{"type":"Feature","geometry":{"type":"Point","coordinates":[11.6194009,49.5646077]},"properties":{"maxweight":"3.5"}},{"type":"Feature","geometry":{"type":"Point","coordinates":[11.5404365,49.7565974]},"properties":{"hgv":"delivery","maxweight":"7.5"}},{"type":"Feature","geometry":{"type":"Point","coordinates":[11.5404664,49.7560158]},"properties":{"goods":"yes"}},{"type":"Feature","geometry":{"type":"Point","coordinates":[11.2448251,49.7307306]},"properties":{"maxweight":"5.5"}},{"type":"Feature","geometry":{"type":"Point","coordinates":[11.3127133,49.5165647]},"properties":{"maxheight":"4"}},{"type":"Feature","geometry":{"type":"Point","coordinates":[11.6517972,49.9856193]},"properties":{"maxwidth":"4","maxweight":"5"}},{"type":"Feature","geometry":{"type":"Point","coordinates":[11.0817283,49.534371]},"properties":{"maxweightrating:hgv":"16"}},{"type":"Feature","geometry":{"type":"Point","coordinates":[11.0520267,49.4569118]},"properties":{"maxheight":"2.0"}},{"type":"Feature","geometry":{"type":"Point","coordinates":[11.0522326,49.4568526]},"properties":{"maxheight":"2.0"}},{"type":"Feature","geometry":{"type":"Point","coordinates":[11.0516557,49.4570598]},"properties":{"maxheight":"2.0"}},{"type":"Feature","geometry":{"type":"Point","coordinates":[11.0518155,49.4569678]},"properties":{"maxheight":"2.0"}},{"type":"Feature","geometry":{"type":"Point","coordinates":[11.3849494,49.8136569]},"properties":{"maxweight":"5.5"}},{"type":"Feature","geometry":{"type":"Point","coordinates":[11.0428725,49.646479]},"properties":{"maxlength":"9"}},{"type":"Feature","geometry":{"type":"Point","coordinates":[11.1362067,49.4610023]},"properties":{"maxheight":"2.3"}},{"type":"Feature","geometry":{"type":"Point","coordinates":[11.136232,49.4612634]},"properties":{"maxheight":"3.8"}},{"type":"Feature","geometry":{"type":"Point","coordinates":[11.4550663,49.3306468]},"properties":{"maxheight":"default"}},{"type":"Feature","geometry":{"type":"Point","coordinates":[11.0889713,49.9277814]},"properties":{"maxweight":"5.5"}},{"type":"Feature","geometry":{"type":"Point","coordinates":[11.3065588,49.5166003]},"properties":{"maxheight":"default"}},{"type":"Feature","geometry":{"type":"Point","coordinates":[11.9930785,49.8519434]},"properties":{"maxweight":"7.5"}},{"type":"Feature","geometry":{"type":"Point","coordinates":[11.9541905,49.8523762]},"properties":{"maxweight":"5"}},{"type":"Feature","geometry":{"type":"Point","coordinates":[11.9551159,49.8539011]},"properties":{"maxweight":"5"}},{"type":"Feature","geometry":{"type":"Point","coordinates":[11.0905478,49.4647718]},"properties":{"maxheight":"below_default"}},{"type":"Feature","geometry":{"type":"Point","coordinates":[11.3238841,49.3332685]},"properties":{"maxheight":"2.8"}},{"type":"Feature","geometry":{"type":"Point","coordinates":[11.4333105,49.8212005]},"properties":{"maxweight":"8"}},{"type":"Feature","geometry":{"type":"Point","coordinates":[11.2434632,49.0861599]},"properties":{"maxweight":"10"}},{"type":"Feature","geometry":{"type":"Point","coordinates":[11.0594384,49.2373178]},"properties":{"maxweight":"5"}},{"type":"Feature","geometry":{"type":"Point","coordinates":[11.0587723,49.2365032]},"properties":{"maxweight":"5"}},{"type":"Feature","geometry":{"type":"Point","coordinates":[11.0546583,49.2357585]},"properties":{"maxweight":"5"}},{"type":"Feature","geometry":{"type":"Point","coordinates":[11.0441701,49.4727645]},"properties":{"maxweight":"6"}},{"type":"Feature","geometry":{"type":"Point","coordinates":[11.1219962,49.8321227]},"properties":{"maxweight":"5.5"}},{"type":"Feature","geometry":{"type":"Point","coordinates":[11.300182,49.6844119]},"properties":{"maxweight":"7.5"}},{"type":"Feature","geometry":{"type":"Point","coordinates":[11.300122,49.6839567]},"properties":{"maxweight":"7.5"}},{"type":"Feature","geometry":{"type":"Point","coordinates":[11.0817308,49.3333201]},"properties":{"maxweight":"12"}},{"type":"Feature","geometry":{"type":"Point","coordinates":[11.015729,49.3112059]},"properties":{"maxweight":"5.5"}},{"type":"Feature","geometry":{"type":"Point","coordinates":[11.0200732,49.3125075]},"properties":{"maxweight":"5.5"}},{"type":"Feature","geometry":{"type":"Point","coordinates":[11.0352361,49.9545625]},"properties":{"hgv":"destination"}},{"type":"Feature","geometry":{"type":"Point","coordinates":[11.0318441,49.9646777]},"properties":{"hgv":"destination"}},{"type":"Feature","geometry":{"type":"Point","coordinates":[11.080185,49.4159343]},"properties":{"maxheight":"3.6"}},{"type":"Feature","geometry":{"type":"Point","coordinates":[11.1566199,49.1707027]},"properties":{"maxweight":"10"}},{"type":"Feature","geometry":{"type":"Point","coordinates":[11.1577348,49.1699785]},"properties":{"maxweight":"10"}},{"type":"Feature","geometry":{"type":"Point","coordinates":[11.6135029,49.8877307]},"properties":{"maxweight":"3"}},{"type":"Feature","geometry":{"type":"Point","coordinates":[11.5809029,49.9460516]},"properties":{"maxheight":"default"}},{"type":"Feature","geometry":{"type":"Point","coordinates":[11.0570213,49.0756972]},"properties":{"maxweight":"6"}},{"type":"Feature","geometry":{"type":"Point","coordinates":[11.5486708,49.7509506]},"properties":{"maxweight":"3.5"}},{"type":"Feature","geometry":{"type":"Point","coordinates":[11.7397418,49.0762189]},"properties":{"maxweight":"12"}},{"type":"Feature","geometry":{"type":"Point","coordinates":[11.7360438,49.0635494]},"properties":{"maxweight":"5.5"}},{"type":"Feature","geometry":{"type":"Point","coordinates":[11.1089898,49.7208074]},"properties":{"hgv":"no"}},{"type":"Feature","geometry":{"type":"Point","coordinates":[11.0769643,49.3715311]},"properties":{"maxheight":"below_default"}},{"type":"Feature","geometry":{"type":"Point","coordinates":[11.0453158,49.9886626]},"properties":{"maxweight":"7.5"}},{"type":"Feature","geometry":{"type":"Point","coordinates":[11.0452624,49.9886505]},"properties":{"maxweight":"7.5"}},{"type":"Feature","geometry":{"type":"Point","coordinates":[11.756992,49.4943506]},"properties":{"maxweight":"6"}},{"type":"Feature","geometry":{"type":"Point","coordinates":[11.7217979,49.9397791]},"properties":{"maxweight":"12"}},{"type":"Feature","geometry":{"type":"Point","coordinates":[11.0350515,49.4585504]},"properties":{"maxheight":"2.5"}},{"type":"Feature","geometry":{"type":"Point","coordinates":[11.0338451,49.4588489]},"properties":{"maxweight":"3.5"}},{"type":"Feature","geometry":{"type":"Point","coordinates":[11.1186758,49.4260531]},"properties":{"maxweight":"12"}},{"type":"Feature","geometry":{"type":"Point","coordinates":[11.1193855,49.4259469]},"properties":{"maxweight":"12"}},{"type":"Feature","geometry":{"type":"Point","coordinates":[11.6469169,49.984484]},"properties":{"maxwidth":"4","maxweight":"5"}},{"type":"Feature","geometry":{"type":"Point","coordinates":[11.0848206,49.3704002]},"properties":{"maxweight":"2.5"}},{"type":"Feature","geometry":{"type":"Point","coordinates":[11.0847274,49.3702564]},"properties":{"maxweight":"2.5"}},{"type":"Feature","geometry":{"type":"Point","coordinates":[11.4009739,49.4711457]},"properties":{"maxheight":"2.5"}},{"type":"Feature","geometry":{"type":"Point","coordinates":[11.3516168,49.3998424]},"properties":{"maxweight":"3.5"}},{"type":"Feature","geometry":{"type":"Point","coordinates":[11.5123227,49.4395555]},"properties":{"maxweight":"7.5"}},{"type":"Feature","geometry":{"type":"Point","coordinates":[11.5242633,49.417503]},"properties":{"maxweight":"7.5"}},{"type":"Feature","geometry":{"type":"Point","coordinates":[11.5229905,49.4181281]},"properties":{"maxweight":"7.5"}},{"type":"Feature","geometry":{"type":"Point","coordinates":[11.5249113,49.4173165]},"properties":{"maxweight":"7.5"}},{"type":"Feature","geometry":{"type":"Point","coordinates":[11.7783788,49.8671583]},"properties":{"maxweight":"6"}},{"type":"Feature","geometry":{"type":"Point","coordinates":[11.3354535,49.690075]},"properties":{"maxweight":"5"}},{"type":"Feature","geometry":{"type":"Point","coordinates":[11.0180271,49.3304177]},"properties":{"maxweight":"12"}},{"type":"Feature","geometry":{"type":"Point","coordinates":[11.8900994,49.828588]},"properties":{"maxheight":"3.5"}},{"type":"Feature","geometry":{"type":"Point","coordinates":[11.3188986,49.5215307]},"properties":{"hgv":"no","goods":"no"}},{"type":"Feature","geometry":{"type":"Point","coordinates":[11.0301392,49.5447514]},"properties":{"hgv":"designated"}},{"type":"Feature","geometry":{"type":"Point","coordinates":[11.0020193,49.4543474]},"properties":{"hgv":"yes"}},{"type":"Feature","geometry":{"type":"Point","coordinates":[11.5495471,49.5714959]},"properties":{"maxweight":"3"}},{"type":"Feature","geometry":{"type":"Point","coordinates":[11.0531116,49.4378231]},"properties":{"maxheight":"5"}},{"type":"Feature","geometry":{"type":"Point","coordinates":[11.0991729,49.3553291]},"properties":{"maxheight":"3.5"}},{"type":"Feature","geometry":{"type":"Point","coordinates":[11.469243,49.4940227]},"properties":{"maxweight":"12"}},{"type":"Feature","geometry":{"type":"Point","coordinates":[11.5520518,49.298244]},"properties":{"maxheight":"default"}},{"type":"Feature","geometry":{"type":"Point","coordinates":[11.5510332,49.2995213]},"properties":{"maxheight":"default"}},{"type":"Feature","geometry":{"type":"Point","coordinates":[11.6894673,49.184163]},"properties":{"maxheight":"default"}},{"type":"Feature","geometry":{"type":"Point","coordinates":[11.6571335,49.2053426]},"properties":{"maxheight":"default"}},{"type":"Feature","geometry":{"type":"Point","coordinates":[11.449694,49.3410222]},"properties":{"maxheight":"default"}},{"type":"Feature","geometry":{"type":"Point","coordinates":[11.455457,49.3302484]},"properties":{"maxheight":"default"}},{"type":"Feature","geometry":{"type":"Point","coordinates":[11.8068637,49.1713259]},"properties":{"maxheight":"default"}},{"type":"Feature","geometry":{"type":"Point","coordinates":[11.9381984,49.0342829]},"properties":{"maxheight":"default"}},{"type":"Feature","geometry":{"type":"Point","coordinates":[11.9783861,49.0143506]},"properties":{"maxheight":"default"}},{"type":"Feature","geometry":{"type":"Point","coordinates":[11.8841932,49.09971]},"properties":{"maxheight":"default"}},{"type":"Feature","geometry":{"type":"Point","coordinates":[11.9094082,49.071899]},"properties":{"maxheight":"default"}},{"type":"Feature","geometry":{"type":"Point","coordinates":[11.8655871,49.1343713]},"properties":{"maxheight":"default"}},{"type":"Feature","geometry":{"type":"Point","coordinates":[11.9206358,49.0597521]},"properties":{"maxheight":"default"}},{"type":"Feature","geometry":{"type":"Point","coordinates":[11.9299008,49.0446868]},"properties":{"maxheight":"default"}},{"type":"Feature","geometry":{"type":"Point","coordinates":[11.055153,49.4850636]},"properties":{"maxheight":"2.1"}},{"type":"Feature","geometry":{"type":"Point","coordinates":[11.0995716,49.3561963]},"properties":{"hgv":"no"}},{"type":"Feature","geometry":{"type":"Point","coordinates":[11.3447906,49.9355101]},"properties":{"maxweight":"7.5"}},{"type":"Feature","geometry":{"type":"Point","coordinates":[11.0387812,49.4352925]},"properties":{"maxheight":"4"}},{"type":"Feature","geometry":{"type":"Point","coordinates":[11.3375342,49.552439]},"properties":{"maxheight":"1.6"}},{"type":"Feature","geometry":{"type":"Point","coordinates":[11.0827349,49.4615928]},"properties":{"maxheight":"3.8"}},{"type":"Feature","geometry":{"type":"Point","coordinates":[11.6325811,49.6856391]},"properties":{"maxheight":"4"}},{"type":"Feature","geometry":{"type":"Point","coordinates":[11.3192656,49.5215338]},"properties":{"hgv":"no","goods":"no"}},{"type":"Feature","geometry":{"type":"Point","coordinates":[11.3244325,49.5213321]},"properties":{"maxheight":"below_default"}},{"type":"Feature","geometry":{"type":"Point","coordinates":[11.7431945,49.9115311]},"properties":{"maxweight":"5"}},{"type":"Feature","geometry":{"type":"Point","coordinates":[11.8397746,49.4593695]},"properties":{"maxweight":"7.5"}},{"type":"Feature","geometry":{"type":"Point","coordinates":[11.050783,49.4299817]},"properties":{"maxweight":"16"}},{"type":"Feature","geometry":{"type":"Point","coordinates":[11.8315937,49.4438996]},"properties":{"maxheight":"default"}},{"type":"Feature","geometry":{"type":"Point","coordinates":[11.8883112,49.4158431]},"properties":{"maxweight":"3.5"}},{"type":"Feature","geometry":{"type":"Point","coordinates":[11.1291344,49.4838139]},"properties":{"hgv":"no"}},{"type":"Feature","geometry":{"type":"Point","coordinates":[11.1286864,49.481865]},"properties":{"hgv":"no"}},{"type":"Feature","geometry":{"type":"Point","coordinates":[11.3661527,49.5909854]},"properties":{"maxweight":"5.5"}},{"type":"Feature","geometry":{"type":"Point","coordinates":[11.3657291,49.5907129]},"properties":{"maxweight":"5.5"}},{"type":"Feature","geometry":{"type":"Point","coordinates":[11.8190434,49.4881736]},"properties":{"maxheight":"3.2"}},{"type":"Feature","geometry":{"type":"Point","coordinates":[11.8292639,49.4797412]},"properties":{"maxheight":"3.2"}},{"type":"Feature","geometry":{"type":"Point","coordinates":[11.6209871,49.5240204]},"properties":{"maxheight":"3.3"}},{"type":"Feature","geometry":{"type":"Point","coordinates":[11.0735482,49.236437]},"properties":{"maxweight":"12"}},{"type":"Feature","geometry":{"type":"Point","coordinates":[11.0218921,49.4523346]},"properties":{"maxweight":"7.5"}},{"type":"Feature","geometry":{"type":"Point","coordinates":[11.0214613,49.4503487]},"properties":{"maxweight":"7.5"}},{"type":"Feature","geometry":{"type":"Point","coordinates":[11.0214613,49.4503487]},"properties":{"maxweight":"7.5"}},{"type":"Feature","geometry":{"type":"Point","coordinates":[11.6109912,49.7624778]},"properties":{"maxweight":"3.5"}},{"type":"Feature","geometry":{"type":"Point","coordinates":[11.143032,49.8048997]},"properties":{"maxweight":"3.5"}},{"type":"Feature","geometry":{"type":"Point","coordinates":[11.2160231,49.9560943]},"properties":{"maxweight":"12"}},{"type":"Feature","geometry":{"type":"Point","coordinates":[11.6239829,49.8422364]},"properties":{"hgv":"no"}},{"type":"Feature","geometry":{"type":"Point","coordinates":[11.4074462,49.9966395]},"properties":{"maxweight":"6"}},{"type":"Feature","geometry":{"type":"Point","coordinates":[11.2229595,49.8972837]},"properties":{"maxweight":"1.5"}},{"type":"Feature","geometry":{"type":"Point","coordinates":[11.2501911,49.6988676]},"properties":{"maxweight":"3.5"}},{"type":"Feature","geometry":{"type":"Point","coordinates":[11.0104946,49.5261729]},"properties":{"maxweight":"16"}},{"type":"Feature","geometry":{"type":"Point","coordinates":[11.3328512,49.7603593]},"properties":{"maxweight":"3.5"}},{"type":"Feature","geometry":{"type":"Point","coordinates":[11.3347429,49.7605072]},"properties":{"maxweight":"3.5"}},{"type":"Feature","geometry":{"type":"Point","coordinates":[11.5520156,49.7500274]},"properties":{"maxweight":"3.5"}},{"type":"Feature","geometry":{"type":"Point","coordinates":[11.371539,49.508991]},"properties":{"maxweight":"16"}},{"type":"Feature","geometry":{"type":"Point","coordinates":[11.9719648,49.8947481]},"properties":{"maxweight":"5.5"}},{"type":"Feature","geometry":{"type":"Point","coordinates":[11.8878161,49.6019089]},"properties":{"hgv":"no"}},{"type":"Feature","geometry":{"type":"Point","coordinates":[11.8881018,49.5983397]},"properties":{"maxweight":"15"}},{"type":"Feature","geometry":{"type":"Point","coordinates":[11.0481115,49.6997792]},"properties":{"maxheight":"below_default"}},{"type":"Feature","geometry":{"type":"Point","coordinates":[11.267776,49.8011423]},"properties":{"maxweight":"3.5"}},{"type":"Feature","geometry":{"type":"Point","coordinates":[11.8905808,49.8288143]},"properties":{"maxheight":"3.5"}},{"type":"Feature","geometry":{"type":"Point","coordinates":[11.8846273,49.8273276]},"properties":{"maxheight":"3.5"}},{"type":"Feature","geometry":{"type":"Point","coordinates":[11.8723302,49.8365977]},"properties":{"maxweight":"6"}},{"type":"Feature","geometry":{"type":"Point","coordinates":[11.8845629,49.8273018]},"properties":{"maxheight":"3.5"}},{"type":"Feature","geometry":{"type":"Point","coordinates":[11.5130257,49.0582814]},"properties":{"maxweight":"5"}},{"type":"Feature","geometry":{"type":"Point","coordinates":[11.2810738,49.1234873]},"properties":{"maxweight":"6"}},{"type":"Feature","geometry":{"type":"Point","coordinates":[11.2858543,49.12085]},"properties":{"maxweight":"6"}},{"type":"Feature","geometry":{"type":"Point","coordinates":[11.0751797,49.2121268]},"properties":{"maxheight":"4"}},{"type":"Feature","geometry":{"type":"Point","coordinates":[11.0066205,49.5942938]},"properties":{"hgv":"no","maxheight":"3","maxweight":"30"}},{"type":"Feature","geometry":{"type":"Point","coordinates":[11.2005472,49.3941864]},"properties":{"maxheight":"default"}},{"type":"Feature","geometry":{"type":"Point","coordinates":[11.1775375,49.4763922]},"properties":{"maxheight":"default"}},{"type":"Feature","geometry":{"type":"Point","coordinates":[11.0054071,49.6461777]},"properties":{"maxweight":"24"}},{"type":"Feature","geometry":{"type":"Point","coordinates":[11.0038166,49.6537189]},"properties":{"maxweight":"7.5"}},{"type":"Feature","geometry":{"type":"Point","coordinates":[11.7957155,49.9175573]},"properties":{"maxweight":"5"}},{"type":"Feature","geometry":{"type":"Point","coordinates":[11.0916352,49.2451774]},"properties":{"maxheight":"2.5"}},{"type":"Feature","geometry":{"type":"Point","coordinates":[11.1877475,49.1941578]},"properties":{"maxlength":"10.5"}},{"type":"Feature","geometry":{"type":"Point","coordinates":[11.8280501,49.4232019]},"properties":{"hgv":"no"}},{"type":"Feature","geometry":{"type":"Point","coordinates":[11.887379,49.8504305]},"properties":{"maxheight":"default"}},{"type":"Feature","geometry":{"type":"Point","coordinates":[11.8902781,49.581955]},"properties":{"maxweight":"7.5"}},{"type":"Feature","geometry":{"type":"Point","coordinates":[11.7432649,49.4760229]},"properties":{"maxweight":"7.5"}},{"type":"Feature","geometry":{"type":"Point","coordinates":[11.217016,49.2453736]},"properties":{"maxheight":"4"}},{"type":"Feature","geometry":{"type":"Point","coordinates":[11.1645339,49.2800915]},"properties":{"hgv":"no","maxweight":"5"}},{"type":"Feature","geometry":{"type":"Point","coordinates":[11.2176274,49.0828771]},"properties":{"maxweight":"6"}},{"type":"Feature","geometry":{"type":"Point","coordinates":[11.6382445,49.9202391]},"properties":{"maxweight":"12"}},{"type":"Feature","geometry":{"type":"Point","coordinates":[11.4329244,49.510291]},"properties":{"hgv":"no"}},{"type":"Feature","geometry":{"type":"Point","coordinates":[11.0875396,49.4630825]},"properties":{"maxheight":"3"}},{"type":"Feature","geometry":{"type":"Point","coordinates":[11.0890136,49.4627048]},"properties":{"maxheight":"below_default"}},{"type":"Feature","geometry":{"type":"Point","coordinates":[11.0678346,49.5268356]},"properties":{"hgv":"no"}},{"type":"Feature","geometry":{"type":"Point","coordinates":[11.0667852,49.5255516]},"properties":{"hgv":"no"}},{"type":"Feature","geometry":{"type":"Point","coordinates":[11.2393845,49.6701286]},"properties":{"maxweight":"7.5"}},{"type":"Feature","geometry":{"type":"Point","coordinates":[11.075279,49.9193496]},"properties":{"maxweight":"3.5"}},{"type":"Feature","geometry":{"type":"Point","coordinates":[11.5937375,49.8419651]},"properties":{"maxweight":"3.5"}},{"type":"Feature","geometry":{"type":"Point","coordinates":[11.0043468,49.4200445]},"properties":{"maxheight":"6"}},{"type":"Feature","geometry":{"type":"Point","coordinates":[11.1886296,49.7503611]},"properties":{"maxweight":"3.5"}},{"type":"Feature","geometry":{"type":"Point","coordinates":[11.1981349,49.1678659]},"properties":{"maxweight":"7.5"}},{"type":"Feature","geometry":{"type":"Point","coordinates":[11.9922526,49.6214257]},"properties":{"maxweight":"7.5"}},{"type":"Feature","geometry":{"type":"Point","coordinates":[11.2623073,49.1510653]},"properties":{"maxweight":"6"}},{"type":"Feature","geometry":{"type":"Point","coordinates":[11.2118425,49.1778178]},"properties":{"maxweight":"6"}},{"type":"Feature","geometry":{"type":"Point","coordinates":[11.2116094,49.1758121]},"properties":{"maxweight":"6"}},{"type":"Feature","geometry":{"type":"Point","coordinates":[11.2612661,49.1610083]},"properties":{"maxheight":"2.9"}},{"type":"Feature","geometry":{"type":"Point","coordinates":[11.2613458,49.1591115]},"properties":{"hgv":"no"}},{"type":"Feature","geometry":{"type":"Point","coordinates":[11.2590332,49.1507731]},"properties":{"maxweight":"6"}},{"type":"Feature","geometry":{"type":"Point","coordinates":[11.0183707,49.326152]},"properties":{"maxweight":"2.8"}},{"type":"Feature","geometry":{"type":"Point","coordinates":[11.0320423,49.6569534]},"properties":{"hgv":"destination"}},{"type":"Feature","geometry":{"type":"Point","coordinates":[11.2195557,49.1654926]},"properties":{"maxweight":"6"}},{"type":"Feature","geometry":{"type":"Point","coordinates":[11.2434645,49.1663692]},"properties":{"maxweight":"10"}},{"type":"Feature","geometry":{"type":"Point","coordinates":[11.2416882,49.1643472]},"properties":{"maxweight":"10"}},{"type":"Feature","geometry":{"type":"Point","coordinates":[11.9373431,49.5366256]},"properties":{"maxweight":"7.5"}},{"type":"Feature","geometry":{"type":"Point","coordinates":[11.5444388,49.3103786]},"properties":{"maxheight":"3.9"}},{"type":"Feature","geometry":{"type":"Point","coordinates":[11.4937252,49.3013825]},"properties":{"maxweight":"1.5"}},{"type":"Feature","geometry":{"type":"Point","coordinates":[11.032111,49.9505415]},"properties":{"maxweight":"10"}},{"type":"Feature","geometry":{"type":"Point","coordinates":[11.8603871,49.4415174]},"properties":{"maxheight":"2.1"}},{"type":"Feature","geometry":{"type":"Point","coordinates":[11.0004633,49.8668581]},"properties":{"maxweight":"30"}},{"type":"Feature","geometry":{"type":"Point","coordinates":[11.790937,49.3984789]},"properties":{"maxheight":"default"}},{"type":"Feature","geometry":{"type":"Point","coordinates":[11.6211742,49.9817618]},"properties":{"maxweight":"3.5"}},{"type":"Feature","geometry":{"type":"Point","coordinates":[11.1436827,49.7546663]},"properties":{"maxweight":"3.5"}},{"type":"Feature","geometry":{"type":"Point","coordinates":[11.1390802,49.7571822]},"properties":{"maxweight":"5.5"}},{"type":"Feature","geometry":{"type":"Point","coordinates":[11.0695854,49.7746071]},"properties":{"maxweight":"5"}},{"type":"Feature","geometry":{"type":"Point","coordinates":[11.9565232,49.8523039]},"properties":{"maxweight":"5"}},{"type":"Feature","geometry":{"type":"Point","coordinates":[11.9529992,49.8551221]},"properties":{"maxweight":"5"}},{"type":"Feature","geometry":{"type":"Point","coordinates":[11.0275357,49.595857]},"properties":{"maxheight":"default"}},{"type":"Feature","geometry":{"type":"Point","coordinates":[11.0114027,49.6004391]},"properties":{"maxheight":"3.5","maxweightrating:hgv":"7.5"}},{"type":"Feature","geometry":{"type":"Point","coordinates":[11.0115329,49.6004166]},"properties":{"maxweightrating:hgv":"7.5"}},{"type":"Feature","geometry":{"type":"Point","coordinates":[11.0276891,49.5925701]},"properties":{"maxheight":"1.9"}},{"type":"Feature","geometry":{"type":"Point","coordinates":[11.3442491,49.5529289]},"properties":{"maxweight":"7.5"}},{"type":"Feature","geometry":{"type":"Point","coordinates":[11.0219189,49.3306417]},"properties":{"maxweight":"5.5"}},{"type":"Feature","geometry":{"type":"Point","coordinates":[11.0537002,49.812666]},"properties":{"maxweight":"5.5"}},{"type":"Feature","geometry":{"type":"Point","coordinates":[11.022984,49.8233692]},"properties":{"hgv":"no"}},{"type":"Feature","geometry":{"type":"Point","coordinates":[11.1291516,49.9712174]},"properties":{"maxweight":"12"}},{"type":"Feature","geometry":{"type":"Point","coordinates":[11.4664072,49.6534007]},"properties":{"maxweight":"16"}},{"type":"Feature","geometry":{"type":"Point","coordinates":[11.0917875,49.8746659]},"properties":{"maxweight":"5.5"}},{"type":"Feature","geometry":{"type":"Point","coordinates":[11.1204926,49.8786544]},"properties":{"maxweight":"7.5"}},{"type":"Feature","geometry":{"type":"Point","coordinates":[11.0753231,49.4450493]},"properties":{"maxheight":"3.6"}},{"type":"Feature","geometry":{"type":"Point","coordinates":[11.0839863,49.9961525]},"properties":{"maxweight":"5.5"}},{"type":"Feature","geometry":{"type":"Point","coordinates":[11.0828105,49.9961473]},"properties":{"maxweight":"5.5"}},{"type":"Feature","geometry":{"type":"Point","coordinates":[11.1333952,49.9041305]},"properties":{"maxweight":"3.5"}},{"type":"Feature","geometry":{"type":"Point","coordinates":[11.1321496,49.8987008]},"properties":{"maxweight":"3.5"}},{"type":"Feature","geometry":{"type":"Point","coordinates":[11.0323461,49.8021143]},"properties":{"hgv":"delivery"}},{"type":"Feature","geometry":{"type":"Point","coordinates":[11.0311829,49.8017996]},"properties":{"hgv":"delivery"}},{"type":"Feature","geometry":{"type":"Point","coordinates":[11.0319789,49.8020125]},"properties":{"hgv":"delivery"}},{"type":"Feature","geometry":{"type":"Point","coordinates":[11.0852154,49.4562301]},"properties":{"maxheight":"3.1"}},{"type":"Feature","geometry":{"type":"Point","coordinates":[11.0881635,49.4566419]},"properties":{"maxheight":"2"}},{"type":"Feature","geometry":{"type":"Point","coordinates":[11.0869994,49.4570766]},"properties":{"maxheight":"below_default"}},{"type":"Feature","geometry":{"type":"Point","coordinates":[11.086484,49.4558897]},"properties":{"maxheight":"2"}},{"type":"Feature","geometry":{"type":"Point","coordinates":[11.4601792,49.2630744]},"properties":{"hgv":"no"}},{"type":"Feature","geometry":{"type":"Point","coordinates":[11.0505683,49.8978249]},"properties":{"maxweight":"7.5"}},{"type":"Feature","geometry":{"type":"Point","coordinates":[11.652121,49.5951677]},"properties":{"maxweight":"3.5"}},{"type":"Feature","geometry":{"type":"Point","coordinates":[11.6969923,49.9710807]},"properties":{"maxweight":"5"}},{"type":"Feature","geometry":{"type":"Point","coordinates":[11.1629317,49.9446582]},"properties":{"hgv":"no"}},{"type":"Feature","geometry":{"type":"Point","coordinates":[11.8380358,49.8342126]},"properties":{"maxweight":"5.5"}},{"type":"Feature","geometry":{"type":"Point","coordinates":[11.0051971,49.5895132]},"properties":{"maxheight":"3.0"}},{"type":"Feature","geometry":{"type":"Point","coordinates":[11.0058617,49.5890188]},"properties":{"maxheight":"3.5"}},{"type":"Feature","geometry":{"type":"Point","coordinates":[11.7505398,49.5155015]},"properties":{"maxweight":"7.5"}},{"type":"Feature","geometry":{"type":"Point","coordinates":[11.0320988,49.9504673]},"properties":{"maxweight":"10"}},{"type":"Feature","geometry":{"type":"Point","coordinates":[11.0303253,49.9487006]},"properties":{"maxweight":"10"}},{"type":"Feature","geometry":{"type":"Point","coordinates":[11.7514381,49.5158579]},"properties":{"maxweight":"7.5"}},{"type":"Feature","geometry":{"type":"Point","coordinates":[11.613649,49.7783139]},"properties":{"maxweight":"1.5"}},{"type":"Feature","geometry":{"type":"Point","coordinates":[11.6037566,49.8065209]},"properties":{"maxweight":"3.5"}},{"type":"Feature","geometry":{"type":"Point","coordinates":[11.954036,49.1629675]},"properties":{"hgv":"no"}},{"type":"Feature","geometry":{"type":"Point","coordinates":[11.0130731,49.6026242]},"properties":{"maxheight":"2"}},{"type":"Feature","geometry":{"type":"Point","coordinates":[11.013102,49.6026975]},"properties":{"maxheight":"3.6"}},{"type":"Feature","geometry":{"type":"Point","coordinates":[11.287082,49.5159147]},"properties":{"maxheight":"3.6"}},{"type":"Feature","geometry":{"type":"Point","coordinates":[11.2772287,49.5200495]},"properties":{"maxweight":"2.8"}},{"type":"Feature","geometry":{"type":"Point","coordinates":[11.377,49.5106612]},"properties":{"hgv":"no"}},{"type":"Feature","geometry":{"type":"Point","coordinates":[11.2125378,49.0863796]},"properties":{"hgv":"no"}},{"type":"Feature","geometry":{"type":"Point","coordinates":[11.2877142,49.5150205]},"properties":{"maxheight":"default"}},{"type":"Feature","geometry":{"type":"Point","coordinates":[11.0134856,49.6027502]},"properties":{"maxheight":"2"}},{"type":"Feature","geometry":{"type":"Point","coordinates":[11.6158497,49.812011]},"properties":{"maxweight":"15"}},{"type":"Feature","geometry":{"type":"Point","coordinates":[11.2701175,49.5042264]},"properties":{"hgv":"no"}},{"type":"Feature","geometry":{"type":"Point","coordinates":[11.0702824,49.6190137]},"properties":{"maxweight":"2"}},{"type":"Feature","geometry":{"type":"Point","coordinates":[11.2780904,49.5135826]},"properties":{"maxweight":"12"}},{"type":"Feature","geometry":{"type":"Point","coordinates":[11.2784418,49.5137785]},"properties":{"maxweight":"12"}},{"type":"Feature","geometry":{"type":"Point","coordinates":[11.3535769,49.3735888]},"properties":{"maxheight":"1.5"}},{"type":"Feature","geometry":{"type":"Point","coordinates":[11.1209829,49.4239732]},"properties":{"maxweight":"12"}},{"type":"Feature","geometry":{"type":"Point","coordinates":[11.1426499,49.2097138]},"properties":{"maxweight":"10"}},{"type":"Feature","geometry":{"type":"Point","coordinates":[11.0705496,49.6192883]},"properties":{"maxweight":"2"}},{"type":"Feature","geometry":{"type":"Point","coordinates":[11.0413057,49.7487848]},"properties":{"maxweight":"5"}},{"type":"Feature","geometry":{"type":"Point","coordinates":[11.8842622,49.8680245]},"properties":{"hgv":"no","goods":"no"}},{"type":"Feature","geometry":{"type":"Point","coordinates":[11.1077634,49.4465759]},"properties":{"maxheight":"4","maxweight":"12"}},{"type":"Feature","geometry":{"type":"Point","coordinates":[11.0495409,49.4357786]},"properties":{"maxheight":"3.8"}},{"type":"Feature","geometry":{"type":"Point","coordinates":[11.0683469,49.4429124]},"properties":{"maxheight":"3.5"}},{"type":"Feature","geometry":{"type":"Point","coordinates":[11.3315833,49.8966976]},"properties":{"maxweight":"7.5"}},{"type":"Feature","geometry":{"type":"Point","coordinates":[11.3310927,49.8970285]},"properties":{"maxweight":"7.5"}},{"type":"Feature","geometry":{"type":"Point","coordinates":[11.6006482,49.767807]},"properties":{"maxwidth":"2.2"}},{"type":"Feature","geometry":{"type":"Point","coordinates":[11.60143,49.7687284]},"properties":{"maxweight":"7.5"}},{"type":"Feature","geometry":{"type":"Point","coordinates":[11.5044683,49.9303467]},"properties":{"maxweight":"3.5"}},{"type":"Feature","geometry":{"type":"Point","coordinates":[11.5090818,49.9251932]},"properties":{"maxweight":"8"}},{"type":"Feature","geometry":{"type":"Point","coordinates":[11.0626925,49.4386445]},"properties":{"maxheight":"default"}},{"type":"Feature","geometry":{"type":"Point","coordinates":[11.2159762,49.0943277]},"properties":{"maxweight":"6"}},{"type":"Feature","geometry":{"type":"Point","coordinates":[11.0234728,49.5888724]},"properties":{"goods":"delivery"}},{"type":"Feature","geometry":{"type":"Point","coordinates":[11.4719924,49.5933377]},"properties":{"maxheight":"default"}},{"type":"Feature","geometry":{"type":"Point","coordinates":[11.1812494,49.6206903]},"properties":{"maxweight":"1.5"}},{"type":"Feature","geometry":{"type":"Point","coordinates":[11.0152682,49.4835496]},"properties":{"maxweight":"3.5"}},{"type":"Feature","geometry":{"type":"Point","coordinates":[11.7524099,49.517149]},"properties":{"maxweight":"7.5"}},{"type":"Feature","geometry":{"type":"Point","coordinates":[11.0805137,49.4528966]},"properties":{"maxheight":"3.1"}},{"type":"Feature","geometry":{"type":"Point","coordinates":[11.2202415,49.0899639]},"properties":{"maxweight":"6"}},{"type":"Feature","geometry":{"type":"Point","coordinates":[11.4677743,49.6502698]},"properties":{"maxweight":"3"}},{"type":"Feature","geometry":{"type":"Point","coordinates":[11.2583645,49.4629873]},"properties":{"hgv":"no"}},{"type":"Feature","geometry":{"type":"Point","coordinates":[11.2582179,49.4632845]},"properties":{"hgv":"no"}},{"type":"Feature","geometry":{"type":"Point","coordinates":[11.555402,49.7265979]},"properties":{"maxheight":"3.3"}},{"type":"Feature","geometry":{"type":"Point","coordinates":[11.8300824,49.8268915]},"properties":{"maxweight":"5.5"}},{"type":"Feature","geometry":{"type":"Point","coordinates":[11.0597264,49.9706112]},"properties":{"maxlength":"10"}},{"type":"Feature","geometry":{"type":"Point","coordinates":[11.0588292,49.9713088]},"properties":{"maxlength":"10"}},{"type":"Feature","geometry":{"type":"Point","coordinates":[11.9635997,49.6800674]},"properties":{"maxweight":"7.5"}},{"type":"Feature","geometry":{"type":"Point","coordinates":[11.9619212,49.6796907]},"properties":{"maxweight":"7.5"}},{"type":"Feature","geometry":{"type":"Point","coordinates":[11.4921066,49.0431995]},"properties":{"maxweight":"3.5"}},{"type":"Feature","geometry":{"type":"Point","coordinates":[11.2139109,49.262853]},"properties":{"maxheight":"3.8"}},{"type":"Feature","geometry":{"type":"Point","coordinates":[11.1233488,49.5476089]},"properties":{"hgv":"agricultural"}},{"type":"Feature","geometry":{"type":"Point","coordinates":[11.2245516,49.2218185]},"properties":{"hgv":"designated"}},{"type":"Feature","geometry":{"type":"Point","coordinates":[11.0380591,49.451515]},"properties":{"maxheight":"default"}},{"type":"Feature","geometry":{"type":"Point","coordinates":[11.0303645,49.4603815]},"properties":{"maxheight":"5.5"}},{"type":"Feature","geometry":{"type":"Point","coordinates":[11.035051,49.458718]},"properties":{"maxheight":"2.5"}},{"type":"Feature","geometry":{"type":"Point","coordinates":[11.0558423,49.489681]},"properties":{"maxweight":"5.5"}},{"type":"Feature","geometry":{"type":"Point","coordinates":[11.0313945,49.4602541]},"properties":{"maxheight":"5"}},{"type":"Feature","geometry":{"type":"Point","coordinates":[11.8323036,49.8278923]},"properties":{"maxweight":"5.5"}},{"type":"Feature","geometry":{"type":"Point","coordinates":[11.0289376,49.4602243]},"properties":{"maxheight":"4"}},{"type":"Feature","geometry":{"type":"Point","coordinates":[11.029899,49.4599214]},"properties":{"maxheight":"4"}},{"type":"Feature","geometry":{"type":"Point","coordinates":[11.0287008,49.4602519]},"properties":{"hgv":"no"}},{"type":"Feature","geometry":{"type":"Point","coordinates":[11.0314449,49.4605611]},"properties":{"maxheight":"5"}},{"type":"Feature","geometry":{"type":"Point","coordinates":[11.8142034,49.8049787]},"properties":{"maxweight":"3.5"}},{"type":"Feature","geometry":{"type":"Point","coordinates":[11.1334103,49.4249251]},"properties":{"hgv":"no","maxheight":"2"}},{"type":"Feature","geometry":{"type":"Point","coordinates":[11.1333936,49.4247602]},"properties":{"maxheight":"2"}},{"type":"Feature","geometry":{"type":"Point","coordinates":[11.1332382,49.4233587]},"properties":{"hgv":"no"}},{"type":"Feature","geometry":{"type":"Point","coordinates":[11.9699977,49.4692539]},"properties":{"maxweight":"16"}},{"type":"Feature","geometry":{"type":"Point","coordinates":[11.9551199,49.5218292]},"properties":{"maxweight":"7.5"}},{"type":"Feature","geometry":{"type":"Point","coordinates":[11.6328063,49.6927741]},"properties":{"maxweight":"7.5"}},{"type":"Feature","geometry":{"type":"Point","coordinates":[11.9586338,49.158973]},"properties":{"maxlength":"8"}},{"type":"Feature","geometry":{"type":"Point","coordinates":[11.4553634,49.28289]},"properties":{"maxweight":"12"}},{"type":"Feature","geometry":{"type":"Point","coordinates":[11.4551044,49.2828203]},"properties":{"maxheight":"2.1"}},{"type":"Feature","geometry":{"type":"Point","coordinates":[11.0860764,49.4451632]},"properties":{"maxheight":"3.5"}},{"type":"Feature","geometry":{"type":"Point","coordinates":[11.9442067,49.5473005]},"properties":{"maxweight":"3"}},{"type":"Feature","geometry":{"type":"Point","coordinates":[11.9445566,49.546621]},"properties":{"maxweight":"2"}},{"type":"Feature","geometry":{"type":"Point","coordinates":[11.2510574,49.7003166]},"properties":{"maxweight":"3.5"}},{"type":"Feature","geometry":{"type":"Point","coordinates":[11.0323127,49.3890162]},"properties":{"maxweight":"5.5"}},{"type":"Feature","geometry":{"type":"Point","coordinates":[11.0297958,49.3901337]},"properties":{"maxweight":"5.5"}},{"type":"Feature","geometry":{"type":"Point","coordinates":[11.1013387,49.4561573]},"properties":{"maxheight":"2.8","maxweight":"2.8"}},{"type":"Feature","geometry":{"type":"Point","coordinates":[11.2046621,49.3337008]},"properties":{"maxheight":"default"}},{"type":"Feature","geometry":{"type":"Point","coordinates":[11.1944202,49.4061608]},"properties":{"maxheight":"default"}},{"type":"Feature","geometry":{"type":"Point","coordinates":[11.0146918,49.8070019]},"properties":{"maxheight":"default"}},{"type":"Feature","geometry":{"type":"Point","coordinates":[11.005656,49.7943763]},"properties":{"maxweight":"16"}},{"type":"Feature","geometry":{"type":"Point","coordinates":[11.0077817,49.7946156]},"properties":{"maxweight":"16.0"}},{"type":"Feature","geometry":{"type":"Point","coordinates":[11.1060128,49.4599629]},"properties":{"maxheight":"2.4"}},{"type":"Feature","geometry":{"type":"Point","coordinates":[11.1054297,49.4601506]},"properties":{"maxheight":"4"}},{"type":"Feature","geometry":{"type":"Point","coordinates":[11.1058658,49.4595631]},"properties":{"maxheight":"below_default"}},{"type":"Feature","geometry":{"type":"Point","coordinates":[11.0962835,49.4622725]},"properties":{"maxheight":"below_default"}},{"type":"Feature","geometry":{"type":"Point","coordinates":[11.0878255,49.4502138]},"properties":{"maxweight":"18"}},{"type":"Feature","geometry":{"type":"Point","coordinates":[11.0882621,49.4503782]},"properties":{"maxweight":"18"}},{"type":"Feature","geometry":{"type":"Point","coordinates":[11.083678,49.4527297]},"properties":{"maxheight":"2.1"}},{"type":"Feature","geometry":{"type":"Point","coordinates":[11.0814792,49.4529849]},"properties":{"maxheight":"2.1"}},{"type":"Feature","geometry":{"type":"Point","coordinates":[11.0979651,49.4560152]},"properties":{"maxheight":"3.2"}},{"type":"Feature","geometry":{"type":"Point","coordinates":[11.0970779,49.4558917]},"properties":{"maxheight":"3.2"}},{"type":"Feature","geometry":{"type":"Point","coordinates":[11.3956927,49.8915533]},"properties":{"maxwidth":"2.3"}},{"type":"Feature","geometry":{"type":"Point","coordinates":[11.8477588,49.7893029]},"properties":{"maxweight":"3.5"}},{"type":"Feature","geometry":{"type":"Point","coordinates":[11.0871317,49.4582376]},"properties":{"maxheight":"below_default"}},{"type":"Feature","geometry":{"type":"Point","coordinates":[11.08647,49.4572384]},"properties":{"maxweight":"7.5"}},{"type":"Feature","geometry":{"type":"Point","coordinates":[11.1243629,49.4746549]},"properties":{"maxweight":"12"}},{"type":"Feature","geometry":{"type":"Point","coordinates":[11.1645117,49.3955159]},"properties":{"hgv":"forestry"}},{"type":"Feature","geometry":{"type":"Point","coordinates":[11.0836323,49.4581295]},"properties":{"maxweight":"12"}},{"type":"Feature","geometry":{"type":"Point","coordinates":[11.0835426,49.4585731]},"properties":{"maxweight":"12"}},{"type":"Feature","geometry":{"type":"Point","coordinates":[11.0822457,49.44959]},"properties":{"maxheight":"2.1"}},{"type":"Feature","geometry":{"type":"Point","coordinates":[11.0807089,49.4457044]},"properties":{"maxheight":"3.6"}},{"type":"Feature","geometry":{"type":"Point","coordinates":[11.1279617,49.4086052]},"properties":{"maxheight":"2"}},{"type":"Feature","geometry":{"type":"Point","coordinates":[11.1287886,49.4091225]},"properties":{"maxheight":"2"}},{"type":"Feature","geometry":{"type":"Point","coordinates":[11.0745981,49.452367]},"properties":{"maxwidth":"2","maxweight":"12"}},{"type":"Feature","geometry":{"type":"Point","coordinates":[11.0745604,49.4528606]},"properties":{"maxweight":"12"}},{"type":"Feature","geometry":{"type":"Point","coordinates":[11.3234676,49.5555832]},"properties":{"maxheight":"4"}},{"type":"Feature","geometry":{"type":"Point","coordinates":[11.0757422,49.4563254]},"properties":{"maxweight":"7.5"}},{"type":"Feature","geometry":{"type":"Point","coordinates":[11.0753307,49.4568209]},"properties":{"maxweight":"7.5"}},{"type":"Feature","geometry":{"type":"Point","coordinates":[11.0673441,49.4389994]},"properties":{"maxheight":"default"}},{"type":"Feature","geometry":{"type":"Point","coordinates":[11.0663918,49.4497392]},"properties":{"maxheight":"3.4"}},{"type":"Feature","geometry":{"type":"Point","coordinates":[11.1034687,49.4732038]},"properties":{"maxheight":"default"}},{"type":"Feature","geometry":{"type":"Point","coordinates":[11.534464,49.0953218]},"properties":{"maxweight":"3.5"}},{"type":"Feature","geometry":{"type":"Point","coordinates":[11.0700732,49.4512846]},"properties":{"maxweight":"12"}},{"type":"Feature","geometry":{"type":"Point","coordinates":[11.0815988,49.4500852]},"properties":{"maxheight":"4"}},{"type":"Feature","geometry":{"type":"Point","coordinates":[11.080377,49.450291]},"properties":{"maxheight":"default"}},{"type":"Feature","geometry":{"type":"Point","coordinates":[11.0792411,49.4551275]},"properties":{"maxheight":"2.7"}},{"type":"Feature","geometry":{"type":"Point","coordinates":[11.4960694,49.1230254]},"properties":{"maxweight":"6"}},{"type":"Feature","geometry":{"type":"Point","coordinates":[11.1202866,49.464963]},"properties":{"maxwidth":"2"}},{"type":"Feature","geometry":{"type":"Point","coordinates":[11.1280021,49.4663371]},"properties":{"maxheight":"3.6"}},{"type":"Feature","geometry":{"type":"Point","coordinates":[11.1303478,49.4590341]},"properties":{"maxheight":"3.5"}},{"type":"Feature","geometry":{"type":"Point","coordinates":[11.104785,49.44693]},"properties":{"maxheight":"4"}},{"type":"Feature","geometry":{"type":"Point","coordinates":[11.127002,49.4581796]},"properties":{"hgv":"destination"}},{"type":"Feature","geometry":{"type":"Point","coordinates":[11.1292296,49.4750318]},"properties":{"maxweight":"24"}},{"type":"Feature","geometry":{"type":"Point","coordinates":[11.136767,49.502398]},"properties":{"hgv":"no"}},{"type":"Feature","geometry":{"type":"Point","coordinates":[11.0545617,49.4893537]},"properties":{"maxweight":"5.5"}},{"type":"Feature","geometry":{"type":"Point","coordinates":[11.0501153,49.4978551]},"properties":{"maxheight":"3.9"}},{"type":"Feature","geometry":{"type":"Point","coordinates":[11.054782,49.4834121]},"properties":{"maxweight":"7.5"}},{"type":"Feature","geometry":{"type":"Point","coordinates":[11.2064392,49.4217746]},"properties":{"hgv":"designated"}},{"type":"Feature","geometry":{"type":"Point","coordinates":[11.1409776,49.4637136]},"properties":{"maxlength":"12"}},{"type":"Feature","geometry":{"type":"Point","coordinates":[11.0621421,49.4622045]},"properties":{"maxheight":"3.1"}},{"type":"Feature","geometry":{"type":"Point","coordinates":[11.1768909,49.4764382]},"properties":{"maxheight":"default"}},{"type":"Feature","geometry":{"type":"Point","coordinates":[11.4448705,49.005129]},"properties":{"maxweight":"7.5"}},{"type":"Feature","geometry":{"type":"Point","coordinates":[11.0236547,49.4613874]},"properties":{"maxheight":"3.7","maxweight":"12"}},{"type":"Feature","geometry":{"type":"Point","coordinates":[11.0174165,49.4693956]},"properties":{"maxwidth":"2.0"}},{"type":"Feature","geometry":{"type":"Point","coordinates":[11.0161795,49.4686918]},"properties":{"maxheight":"default"}},{"type":"Feature","geometry":{"type":"Point","coordinates":[11.0162233,49.4710566]},"properties":{"maxheight":"default"}},{"type":"Feature","geometry":{"type":"Point","coordinates":[11.0589393,49.4424976]},"properties":{"maxheight":"3.9"}},{"type":"Feature","geometry":{"type":"Point","coordinates":[11.0583876,49.4429289]},"properties":{"maxweight":"16"}},{"type":"Feature","geometry":{"type":"Point","coordinates":[11.0612647,49.4417535]},"properties":{"maxheight":"3.9"}},{"type":"Feature","geometry":{"type":"Point","coordinates":[11.064643,49.4364208]},"properties":{"maxheight":"3.5"}},{"type":"Feature","geometry":{"type":"Point","coordinates":[11.0636969,49.4379433]},"properties":{"maxheight":"3.9"}},{"type":"Feature","geometry":{"type":"Point","coordinates":[11.063281,49.4296231]},"properties":{"maxheight":"default"}},{"type":"Feature","geometry":{"type":"Point","coordinates":[11.1155663,49.4434299]},"properties":{"hgv":"destination"}},{"type":"Feature","geometry":{"type":"Point","coordinates":[11.0571484,49.4288571]},"properties":{"maxheight":"1.85","maxwidth":"2.10"}},{"type":"Feature","geometry":{"type":"Point","coordinates":[11.0571642,49.4289008]},"properties":{"maxheight":"1.85","maxwidth":"2.10"}},{"type":"Feature","geometry":{"type":"Point","coordinates":[11.0568386,49.4282268]},"properties":{"maxheight":"1.85","maxwidth":"2.10"}},{"type":"Feature","geometry":{"type":"Point","coordinates":[11.058559,49.4284673]},"properties":{"maxheight":"default"}},{"type":"Feature","geometry":{"type":"Point","coordinates":[11.0567766,49.428126]},"properties":{"maxheight":"1.85","maxwidth":"2.10"}},{"type":"Feature","geometry":{"type":"Point","coordinates":[11.057903,49.4285746]},"properties":{"maxheight":"1.85","maxwidth":"2.10"}},{"type":"Feature","geometry":{"type":"Point","coordinates":[11.3440931,49.5501667]},"properties":{"maxweight":"7.5"}},{"type":"Feature","geometry":{"type":"Point","coordinates":[11.1676873,49.3857124]},"properties":{"hgv":"yes"}},{"type":"Feature","geometry":{"type":"Point","coordinates":[11.0754747,49.4448857]},"properties":{"maxheight":"3.6"}},{"type":"Feature","geometry":{"type":"Point","coordinates":[11.0758297,49.4438533]},"properties":{"maxheight":"3.7"}},{"type":"Feature","geometry":{"type":"Point","coordinates":[11.077692,49.4452152]},"properties":{"maxheight":"3.6"}},{"type":"Feature","geometry":{"type":"Point","coordinates":[11.0859616,49.4479169]},"properties":{"maxheight":"default"}},{"type":"Feature","geometry":{"type":"Point","coordinates":[11.0862933,49.4481835]},"properties":{"maxheight":"2"}},{"type":"Feature","geometry":{"type":"Point","coordinates":[11.9561469,49.5268316]},"properties":{"maxweight":"7.5"}},{"type":"Feature","geometry":{"type":"Point","coordinates":[11.9577461,49.5268449]},"properties":{"hgv":"delivery","goods":"delivery"}},{"type":"Feature","geometry":{"type":"Point","coordinates":[11.0808395,49.4457173]},"properties":{"maxheight":"3.6"}},{"type":"Feature","geometry":{"type":"Point","coordinates":[11.0808914,49.4455178]},"properties":{"maxheight":"3.6"}},{"type":"Feature","geometry":{"type":"Point","coordinates":[11.3979618,49.3707622]},"properties":{"maxweight":"3.5"}},{"type":"Feature","geometry":{"type":"Point","coordinates":[11.0767608,49.4449929]},"properties":{"maxheight":"3.6"}},{"type":"Feature","geometry":{"type":"Point","coordinates":[11.0758452,49.4449796]},"properties":{"maxheight":"3.6"}},{"type":"Feature","geometry":{"type":"Point","coordinates":[11.5123562,49.5013656]},"properties":{"maxweight":"16"}},{"type":"Feature","geometry":{"type":"Point","coordinates":[11.0301496,49.7631061]},"properties":{"hgv":"destination"}},{"type":"Feature","geometry":{"type":"Point","coordinates":[11.3204379,49.5445237]},"properties":{"maxheight":"4"}},{"type":"Feature","geometry":{"type":"Point","coordinates":[11.3189183,49.5444503]},"properties":{"maxweight":"16"}},{"type":"Feature","geometry":{"type":"Point","coordinates":[11.3404048,49.5611156]},"properties":{"hgv":"no"}},{"type":"Feature","geometry":{"type":"Point","coordinates":[11.3392665,49.5573518]},"properties":{"hgv":"no"}},{"type":"Feature","geometry":{"type":"Point","coordinates":[11.3391764,49.5576841]},"properties":{"hgv":"no"}},{"type":"Feature","geometry":{"type":"Point","coordinates":[11.3422264,49.5430457]},"properties":{"maxweight":"7.5"}},{"type":"Feature","geometry":{"type":"Point","coordinates":[11.3432763,49.5454704]},"properties":{"maxweight":"7.5"}},{"type":"Feature","geometry":{"type":"Point","coordinates":[11.2813863,49.5091563]},"properties":{"maxweight":"15"}},{"type":"Feature","geometry":{"type":"Point","coordinates":[11.2820722,49.5086442]},"properties":{"maxweight":"15"}},{"type":"Feature","geometry":{"type":"Point","coordinates":[11.2870545,49.5089162]},"properties":{"hgv":"destination"}},{"type":"Feature","geometry":{"type":"Point","coordinates":[11.3734899,49.5100302]},"properties":{"maxweight":"5.5"}},{"type":"Feature","geometry":{"type":"Point","coordinates":[11.3636469,49.5948599]},"properties":{"maxweight":"5.5"}},{"type":"Feature","geometry":{"type":"Point","coordinates":[11.4077451,49.6226879]},"properties":{"maxweight":"5"}},{"type":"Feature","geometry":{"type":"Point","coordinates":[11.4067644,49.6243688]},"properties":{"maxweight":"5"}},{"type":"Feature","geometry":{"type":"Point","coordinates":[11.1690563,49.4113076]},"properties":{"hgv":"no"}},{"type":"Feature","geometry":{"type":"Point","coordinates":[11.2001595,49.3787354]},"properties":{"maxheight":"default"}},{"type":"Feature","geometry":{"type":"Point","coordinates":[11.3988795,49.6208527]},"properties":{"maxweight":"5"}},{"type":"Feature","geometry":{"type":"Point","coordinates":[11.2744203,49.5364924]},"properties":{"maxweight":"5"}},{"type":"Feature","geometry":{"type":"Point","coordinates":[11.4075501,49.6223173]},"properties":{"maxweight":"5"}},{"type":"Feature","geometry":{"type":"Point","coordinates":[11.0091672,49.8234544]},"properties":{"maxheight":"default"}},{"type":"Feature","geometry":{"type":"Point","coordinates":[11.4138666,49.5096854]},"properties":{"maxheight":"3","maxwidth":"2","maxweight":"1.5"}},{"type":"Feature","geometry":{"type":"Point","coordinates":[11.4190332,49.517604]},"properties":{"maxweight":"12"}},{"type":"Feature","geometry":{"type":"Point","coordinates":[11.2742876,49.5210661]},"properties":{"maxweight":"2.8"}},{"type":"Feature","geometry":{"type":"Point","coordinates":[11.8683211,49.4658259]},"properties":{"hgv":"agricultural"}},{"type":"Feature","geometry":{"type":"Point","coordinates":[11.8652081,49.4647996]},"properties":{"hgv":"agricultural"}},{"type":"Feature","geometry":{"type":"Point","coordinates":[11.0615284,49.4216656]},"properties":{"maxheight":"3.2"}},{"type":"Feature","geometry":{"type":"Point","coordinates":[11.0680751,49.4125742]},"properties":{"maxheight":"default"}},{"type":"Feature","geometry":{"type":"Point","coordinates":[11.0647667,49.4128666]},"properties":{"maxheight":"default"}},{"type":"Feature","geometry":{"type":"Point","coordinates":[11.0642169,49.4137337]},"properties":{"maxheight":"default"}},{"type":"Feature","geometry":{"type":"Point","coordinates":[11.0641887,49.4257526]},"properties":{"maxheight":"default"}},{"type":"Feature","geometry":{"type":"Point","coordinates":[11.9495484,49.1609396]},"properties":{"maxheight":"3.3","maxwidth":"2.3"}},{"type":"Feature","geometry":{"type":"Point","coordinates":[11.1166823,49.4508517]},"properties":{"maxheight":"3.5"}},{"type":"Feature","geometry":{"type":"Point","coordinates":[11.0747398,49.3998292]},"properties":{"maxheight":"default"}},{"type":"Feature","geometry":{"type":"Point","coordinates":[11.1048419,49.3951718]},"properties":{"maxheight":"default"}},{"type":"Feature","geometry":{"type":"Point","coordinates":[11.8106522,49.5215601]},"properties":{"maxweight":"7.5"}},{"type":"Feature","geometry":{"type":"Point","coordinates":[11.8015074,49.5164294]},"properties":{"maxweight":"7.5"}},{"type":"Feature","geometry":{"type":"Point","coordinates":[11.7838691,49.5571432]},"properties":{"maxweight":"7.5"}},{"type":"Feature","geometry":{"type":"Point","coordinates":[11.7852566,49.5636467]},"properties":{"maxweight":"7.5"}},{"type":"Feature","geometry":{"type":"Point","coordinates":[11.1309849,49.6129758]},"properties":{"maxheight":"3.2 m"}},{"type":"Feature","geometry":{"type":"Point","coordinates":[11.1318556,49.6129721]},"properties":{"maxheight":"3.2 m"}},{"type":"Feature","geometry":{"type":"Point","coordinates":[11.5374346,49.7568304]},"properties":{"hgv":"delivery","maxweight":"7.5"}},{"type":"Feature","geometry":{"type":"Point","coordinates":[11.1080229,49.4468215]},"properties":{"maxweight":"12"}},{"type":"Feature","geometry":{"type":"Point","coordinates":[11.1096691,49.4449778]},"properties":{"maxheight":"1.8"}},{"type":"Feature","geometry":{"type":"Point","coordinates":[11.0975203,49.4474056]},"properties":{"maxheight":"default"}},{"type":"Feature","geometry":{"type":"Point","coordinates":[11.0965103,49.4488945]},"properties":{"maxheight":"3.8"}},{"type":"Feature","geometry":{"type":"Point","coordinates":[11.2814532,49.5000378]},"properties":{"hgv":"destination","maxheight":"default"}},{"type":"Feature","geometry":{"type":"Point","coordinates":[11.2854716,49.5158376]},"properties":{"maxweight":"2.8"}},{"type":"Feature","geometry":{"type":"Point","coordinates":[11.278548,49.512601]},"properties":{"hgv":"no"}},{"type":"Feature","geometry":{"type":"Point","coordinates":[11.1061072,49.4133658]},"properties":{"maxheight":"2.8","maxweight":"2.8"}},{"type":"Feature","geometry":{"type":"Point","coordinates":[11.1124463,49.359248]},"properties":{"maxheight":"default"}},{"type":"Feature","geometry":{"type":"Point","coordinates":[11.1323829,49.40353]},"properties":{"maxheight":"2.30"}},{"type":"Feature","geometry":{"type":"Point","coordinates":[11.1013947,49.439]},"properties":{"maxheight":"3.5"}},{"type":"Feature","geometry":{"type":"Point","coordinates":[11.0932108,49.4301542]},"properties":{"hgv":"delivery"}},{"type":"Feature","geometry":{"type":"Point","coordinates":[11.124922,49.4182428]},"properties":{"hgv":"delivery"}},{"type":"Feature","geometry":{"type":"Point","coordinates":[11.2776019,49.4816094]},"properties":{"maxweight":"3"}},{"type":"Feature","geometry":{"type":"Point","coordinates":[11.09769,49.4466647]},"properties":{"maxheight":"default"}},{"type":"Feature","geometry":{"type":"Point","coordinates":[11.0613854,49.3727907]},"properties":{"maxheight":"below_default"}},{"type":"Feature","geometry":{"type":"Point","coordinates":[11.9395024,49.5378496]},"properties":{"maxweight":"7.5"}},{"type":"Feature","geometry":{"type":"Point","coordinates":[11.1449118,49.4121539]},"properties":{"hgv":"no"}},{"type":"Feature","geometry":{"type":"Point","coordinates":[11.0620464,49.9694895]},"properties":{"maxlength":"10"}},{"type":"Feature","geometry":{"type":"Point","coordinates":[11.1249571,49.4180206]},"properties":{"hgv":"delivery"}},{"type":"Feature","geometry":{"type":"Point","coordinates":[11.5243822,49.9356878]},"properties":{"maxweight":"7.5"}},{"type":"Feature","geometry":{"type":"Point","coordinates":[11.525961,49.9362355]},"properties":{"maxweight":"7.5"}},{"type":"Feature","geometry":{"type":"Point","coordinates":[11.5306705,49.9365252]},"properties":{"hgv":"no","goods":"yes","maxweight":"7.5"}},{"type":"Feature","geometry":{"type":"Point","coordinates":[11.5105515,49.7771842]},"properties":{"maxheight":"default"}},{"type":"Feature","geometry":{"type":"Point","coordinates":[11.4056414,49.3702304]},"properties":{"maxweight":"3.5"}},{"type":"Feature","geometry":{"type":"Point","coordinates":[11.5454324,49.9386207]},"properties":{"goods":"yes"}},{"type":"Feature","geometry":{"type":"Point","coordinates":[11.5454718,49.938414]},"properties":{"goods":"yes"}},{"type":"Feature","geometry":{"type":"Point","coordinates":[11.5446095,49.9382186]},"properties":{"goods":"yes"}},{"type":"Feature","geometry":{"type":"Point","coordinates":[11.2640023,49.473258]},"properties":{"maxweight":"16"}},{"type":"Feature","geometry":{"type":"Point","coordinates":[11.4679352,49.6531178]},"properties":{"maxweight":"16"}},{"type":"Feature","geometry":{"type":"Point","coordinates":[11.4681397,49.6509894]},"properties":{"maxweight":"3"}},{"type":"Feature","geometry":{"type":"Point","coordinates":[11.468015,49.6515025]},"properties":{"maxweight":"16"}},{"type":"Feature","geometry":{"type":"Point","coordinates":[11.4645067,49.6541759]},"properties":{"maxweight":"16"}},{"type":"Feature","geometry":{"type":"Point","coordinates":[11.4471845,49.6571842]},"properties":{"maxweight":"16"}},{"type":"Feature","geometry":{"type":"Point","coordinates":[11.4673079,49.65394]},"properties":{"maxwidth":"1.8"}},{"type":"Feature","geometry":{"type":"Point","coordinates":[11.0656321,49.2243576]},"properties":{"maxheight":"2.5"}},{"type":"Feature","geometry":{"type":"Point","coordinates":[11.2319449,49.4460221]},"properties":{"maxheight":"default"}},{"type":"Feature","geometry":{"type":"Point","coordinates":[11.0245663,49.3299959]},"properties":{"maxweight":"30"}},{"type":"Feature","geometry":{"type":"Point","coordinates":[11.9353054,49.5404892]},"properties":{"maxlength":"10"}},{"type":"Feature","geometry":{"type":"Point","coordinates":[11.0257672,49.4276579]},"properties":{"maxheight":"default"}},{"type":"Feature","geometry":{"type":"Point","coordinates":[11.0565375,49.7701639]},"properties":{"maxweight":"18"}},{"type":"Feature","geometry":{"type":"Point","coordinates":[11.1968007,49.3623768]},"properties":{"maxweight":"6"}},{"type":"Feature","geometry":{"type":"Point","coordinates":[11.007641,49.4414213]},"properties":{"maxweight":"7.5"}},{"type":"Feature","geometry":{"type":"Point","coordinates":[11.0069731,49.4421428]},"properties":{"maxweight":"7.5"}},{"type":"Feature","geometry":{"type":"Point","coordinates":[11.0069762,49.442241]},"properties":{"maxweight":"7.5"}},{"type":"Feature","geometry":{"type":"Point","coordinates":[11.2467801,49.4839861]},"properties":{"maxheight":"3"}},{"type":"Feature","geometry":{"type":"Point","coordinates":[11.2364229,49.4805162]},"properties":{"maxheight":"3.7"}},{"type":"Feature","geometry":{"type":"Point","coordinates":[11.2286642,49.480221]},"properties":{"hgv":"unsuitable"}},{"type":"Feature","geometry":{"type":"Point","coordinates":[11.0006205,49.4670234]},"properties":{"maxheight":"3.5"}},{"type":"Feature","geometry":{"type":"Point","coordinates":[11.1398691,49.3558441]},"properties":{"hgv":"destination","goods":"delivery"}},{"type":"Feature","geometry":{"type":"Point","coordinates":[11.1555884,49.5381777]},"properties":{"hgv":"destination"}},{"type":"Feature","geometry":{"type":"Point","coordinates":[11.1669144,49.5243535]},"properties":{"maxheight":"2.6"}},{"type":"Feature","geometry":{"type":"Point","coordinates":[11.0840858,49.4096344]},"properties":{"hgv":"no"}},{"type":"Feature","geometry":{"type":"Point","coordinates":[11.1061903,49.3548272]},"properties":{"maxheight":"3.8"}},{"type":"Feature","geometry":{"type":"Point","coordinates":[11.0725968,49.3405181]},"properties":{"maxweight":"12"}},{"type":"Feature","geometry":{"type":"Point","coordinates":[11.0720728,49.3414248]},"properties":{"maxweight":"12"}},{"type":"Feature","geometry":{"type":"Point","coordinates":[11.1219511,49.3492808]},"properties":{"hgv":"agricultural;forestry"}},{"type":"Feature","geometry":{"type":"Point","coordinates":[11.4306031,49.5124427]},"properties":{"maxweight":"7.5"}},{"type":"Feature","geometry":{"type":"Point","coordinates":[11.2540647,49.6549873]},"properties":{"maxheight":"below_default"}},{"type":"Feature","geometry":{"type":"Point","coordinates":[11.2699858,49.3653097]},"properties":{"maxheight":"default"}},{"type":"Feature","geometry":{"type":"Point","coordinates":[11.4277299,49.509462]},"properties":{"maxheight":"3.4"}},{"type":"Feature","geometry":{"type":"Point","coordinates":[11.2005608,49.575731]},"properties":{"maxweight":"7.5"}},{"type":"Feature","geometry":{"type":"Point","coordinates":[11.0130281,49.5368567]},"properties":{"maxweight":"2.8"}},{"type":"Feature","geometry":{"type":"Point","coordinates":[11.128793,49.613494]},"properties":{"maxheight":"3.2 m"}},{"type":"Feature","geometry":{"type":"Point","coordinates":[11.1295583,49.6130631]},"properties":{"maxheight":"3.2 m"}},{"type":"Feature","geometry":{"type":"Point","coordinates":[11.7979552,49.7572321]},"properties":{"hgv":"agricultural;delivery"}},{"type":"Feature","geometry":{"type":"Point","coordinates":[11.7982228,49.7668929]},"properties":{"maxweight":"3"}},{"type":"Feature","geometry":{"type":"Point","coordinates":[11.8231195,49.7532452]},"properties":{"maxweight":"7.5"}},{"type":"Feature","geometry":{"type":"Point","coordinates":[11.0055186,49.5644663]},"properties":{"maxweight":"7.5"}},{"type":"Feature","geometry":{"type":"Point","coordinates":[11.9674195,49.6814037]},"properties":{"maxweight":"7.5"}},{"type":"Feature","geometry":{"type":"Point","coordinates":[11.9669669,49.6811867]},"properties":{"maxweight":"7.5"}},{"type":"Feature","geometry":{"type":"Point","coordinates":[11.9137526,49.791415]},"properties":{"maxweight":"7.5"}},{"type":"Feature","geometry":{"type":"Point","coordinates":[11.8947185,49.8297058]},"properties":{"maxheight":"3.5"}},{"type":"Feature","geometry":{"type":"Point","coordinates":[11.3390065,49.5612728]},"properties":{"hgv":"no"}},{"type":"Feature","geometry":{"type":"Point","coordinates":[11.0285513,49.540047]},"properties":{"maxheight":"default"}},{"type":"Feature","geometry":{"type":"Point","coordinates":[11.002014,49.4096289]},"properties":{"maxheight":"default"}},{"type":"Feature","geometry":{"type":"Point","coordinates":[11.1572017,49.6138804]},"properties":{"maxweight":"1.5"}},{"type":"Feature","geometry":{"type":"Point","coordinates":[11.1723084,49.6208671]},"properties":{"maxweight":"1.5"}},{"type":"Feature","geometry":{"type":"Point","coordinates":[11.0918257,49.2483327]},"properties":{"maxheight":"4"}},{"type":"Feature","geometry":{"type":"Point","coordinates":[11.0897865,49.2440052]},"properties":{"maxweight":"3.5"}},{"type":"Feature","geometry":{"type":"Point","coordinates":[11.0071505,49.6234745]},"properties":{"hgv":"no","goods":"no"}},{"type":"Feature","geometry":{"type":"Point","coordinates":[11.0064104,49.6208602]},"properties":{"maxweight":"1.5"}},{"type":"Feature","geometry":{"type":"Point","coordinates":[11.3383757,49.0453034]},"properties":{"hgv":"no"}},{"type":"Feature","geometry":{"type":"Point","coordinates":[11.3379794,49.045585]},"properties":{"hgv":"no"}},{"type":"Feature","geometry":{"type":"Point","coordinates":[11.3379794,49.045585]},"properties":{"hgv":"no"}},{"type":"Feature","geometry":{"type":"Point","coordinates":[11.2961954,49.9395305]},"properties":{"maxweight":"3.5"}},{"type":"Feature","geometry":{"type":"Point","coordinates":[11.3020882,49.9430989]},"properties":{"maxweight":"3.5"}},{"type":"Feature","geometry":{"type":"Point","coordinates":[11.9447141,49.5522861]},"properties":{"maxwidth":"4"}},{"type":"Feature","geometry":{"type":"Point","coordinates":[11.9455514,49.5521973]},"properties":{"maxwidth":"4"}},{"type":"Feature","geometry":{"type":"Point","coordinates":[11.9463868,49.5521919]},"properties":{"maxwidth":"4"}},{"type":"Feature","geometry":{"type":"Point","coordinates":[11.9438503,49.5523243]},"properties":{"maxwidth":"4"}},{"type":"Feature","geometry":{"type":"Point","coordinates":[11.9036188,49.7412836]},"properties":{"maxweight":"2.5"}},{"type":"Feature","geometry":{"type":"Point","coordinates":[11.9526369,49.5449304]},"properties":{"maxweight":"3"}},{"type":"Feature","geometry":{"type":"Point","coordinates":[11.0030473,49.6029459]},"properties":{"maxweight":"5"}},{"type":"Feature","geometry":{"type":"Point","coordinates":[11.1058141,49.4190587]},"properties":{"hgv":"no"}},{"type":"Feature","geometry":{"type":"Point","coordinates":[11.2980517,49.1176387]},"properties":{"maxweight":"6"}},{"type":"Feature","geometry":{"type":"Point","coordinates":[11.5713732,49.282549]},"properties":{"maxweight":"7.5"}},{"type":"Feature","geometry":{"type":"Point","coordinates":[11.5712975,49.282859]},"properties":{"maxweight":"7.5"}},{"type":"Feature","geometry":{"type":"Point","coordinates":[11.218198,49.6120301]},"properties":{"maxweight":"5"}},{"type":"Feature","geometry":{"type":"Point","coordinates":[11.7995253,49.8848758]},"properties":{"maxweight":"3"}},{"type":"Feature","geometry":{"type":"Point","coordinates":[11.8829947,49.8267942]},"properties":{"maxheight":"3.5"}},{"type":"Feature","geometry":{"type":"Point","coordinates":[11.8490914,49.8735888]},"properties":{"maxweight":"3.5"}},{"type":"Feature","geometry":{"type":"Point","coordinates":[11.8701455,49.8648895]},"properties":{"maxheight":"default"}},{"type":"Feature","geometry":{"type":"Point","coordinates":[11.9480987,49.7593252]},"properties":{"hgv":"no"}},{"type":"Feature","geometry":{"type":"Point","coordinates":[11.9728827,49.7362193]},"properties":{"maxweight":"9"}},{"type":"Feature","geometry":{"type":"Point","coordinates":[11.5894457,49.29583]},"properties":{"hgv":"no"}},{"type":"Feature","geometry":{"type":"Point","coordinates":[11.837518,49.8309401]},"properties":{"maxweight":"5.5"}},{"type":"Feature","geometry":{"type":"Point","coordinates":[11.8704718,49.8597509]},"properties":{"maxweight":"3.5"}},{"type":"Feature","geometry":{"type":"Point","coordinates":[11.8636639,49.8549617]},"properties":{"maxweight":"3.5"}},{"type":"Feature","geometry":{"type":"Point","coordinates":[11.1004582,49.6627936]},"properties":{"maxheight":"30"}},{"type":"Feature","geometry":{"type":"Point","coordinates":[11.1046994,49.6277565]},"properties":{"maxweight":"3.5"}},{"type":"Feature","geometry":{"type":"Point","coordinates":[11.9331935,49.5409768]},"properties":{"maxwidth":"4","maxweight":"7.5"}},{"type":"Feature","geometry":{"type":"Point","coordinates":[11.8750465,49.8186085]},"properties":{"maxweight":"8.5"}},{"type":"Feature","geometry":{"type":"Point","coordinates":[11.9234071,49.788604]},"properties":{"maxweight":"7.5"}},{"type":"Feature","geometry":{"type":"Point","coordinates":[11.9646489,49.6802527]},"properties":{"maxweight":"7.5"}},{"type":"Feature","geometry":{"type":"Point","coordinates":[11.9725074,49.6841321]},"properties":{"maxweight":"7.5"}},{"type":"Feature","geometry":{"type":"Point","coordinates":[11.5091259,49.6137964]},"properties":{"maxheight":"2.5"}},{"type":"Feature","geometry":{"type":"Point","coordinates":[11.470958,49.0383393]},"properties":{"maxheight":"2.35"}},{"type":"Feature","geometry":{"type":"Point","coordinates":[11.8530609,49.4797995]},"properties":{"maxweight":"7.5"}},{"type":"Feature","geometry":{"type":"Point","coordinates":[11.8514815,49.4860847]},"properties":{"maxweight":"7.5"}},{"type":"Feature","geometry":{"type":"Point","coordinates":[11.8654968,49.4861705]},"properties":{"maxweight":"7.5"}},{"type":"Feature","geometry":{"type":"Point","coordinates":[11.8406365,49.4534404]},"properties":{"maxheight":"default"}},{"type":"Feature","geometry":{"type":"Point","coordinates":[11.8586904,49.4719159]},"properties":{"hgv":"destination"}},{"type":"Feature","geometry":{"type":"Point","coordinates":[11.8696394,49.4407838]},"properties":{"maxweight":"5"}},{"type":"Feature","geometry":{"type":"Point","coordinates":[11.8586822,49.4844938]},"properties":{"maxweight":"7.5"}},{"type":"Feature","geometry":{"type":"Point","coordinates":[11.3580225,49.7877325]},"properties":{"maxheight":"2.75","maxweight":"7.5"}},{"type":"Feature","geometry":{"type":"Point","coordinates":[11.4087404,49.7724826]},"properties":{"maxweight":"5.5"}},{"type":"Feature","geometry":{"type":"Point","coordinates":[11.4067175,49.7698054]},"properties":{"maxweight":"5"}},{"type":"Feature","geometry":{"type":"Point","coordinates":[11.0880683,49.6597154]},"properties":{"maxweight":"3"}},{"type":"Feature","geometry":{"type":"Point","coordinates":[11.7908216,49.3983943]},"properties":{"maxheight":"default"}},{"type":"Feature","geometry":{"type":"Point","coordinates":[11.3143778,49.7677664]},"properties":{"maxweight":"6"}},{"type":"Feature","geometry":{"type":"Point","coordinates":[11.1781801,49.683056]},"properties":{"maxweight":"7.5"}},{"type":"Feature","geometry":{"type":"Point","coordinates":[11.1835925,49.6672285]},"properties":{"maxweight":"7.5"}},{"type":"Feature","geometry":{"type":"Point","coordinates":[11.2122326,49.6668846]},"properties":{"maxweight":"7.5"}},{"type":"Feature","geometry":{"type":"Point","coordinates":[11.2403782,49.7704737]},"properties":{"maxweight":"3.5"}},{"type":"Feature","geometry":{"type":"Point","coordinates":[11.4310748,49.2871642]},"properties":{"maxheight":"default"}},{"type":"Feature","geometry":{"type":"Point","coordinates":[11.1006885,49.6616188]},"properties":{"maxheight":"30"}},{"type":"Feature","geometry":{"type":"Point","coordinates":[11.5866439,49.0353696]},"properties":{"hgv":"destination"}},{"type":"Feature","geometry":{"type":"Point","coordinates":[11.9659214,49.1589841]},"properties":{"hgv":"delivery"}},{"type":"Feature","geometry":{"type":"Point","coordinates":[11.9631806,49.1592366]},"properties":{"hgv":"delivery"}},{"type":"Feature","geometry":{"type":"Point","coordinates":[11.9637239,49.1586101]},"properties":{"hgv":"delivery"}},{"type":"Feature","geometry":{"type":"Point","coordinates":[11.0170166,49.5940949]},"properties":{"maxheight":"2"}},{"type":"Feature","geometry":{"type":"Point","coordinates":[11.7583409,49.50337]},"properties":{"maxheight":"2.5"}},{"type":"Feature","geometry":{"type":"Point","coordinates":[11.0520698,49.3209964]},"properties":{"maxheight":"3.5","maxweight":"7.5"}},{"type":"Feature","geometry":{"type":"Point","coordinates":[11.2442555,49.7014746]},"properties":{"maxweight":"7.5"}},{"type":"Feature","geometry":{"type":"Point","coordinates":[11.5034904,49.008016]},"properties":{"hgv":"no","maxheight":"below_default"}},{"type":"Feature","geometry":{"type":"Point","coordinates":[11.3300511,49.5665412]},"properties":{"maxheight":"default"}},{"type":"Feature","geometry":{"type":"Point","coordinates":[11.1806746,49.4659199]},"properties":{"maxheight":"2.2"}},{"type":"Feature","geometry":{"type":"Point","coordinates":[11.0322218,49.7662875]},"properties":{"maxweight":"6"}},{"type":"Feature","geometry":{"type":"Point","coordinates":[11.0067914,49.7953047]},"properties":{"maxheight":"3"}},{"type":"Feature","geometry":{"type":"Point","coordinates":[11.623029,49.7648564]},"properties":{"maxweight":"3.5"}},{"type":"Feature","geometry":{"type":"Point","coordinates":[11.6052951,49.7601635]},"properties":{"maxweight":"3.5"}},{"type":"Feature","geometry":{"type":"Point","coordinates":[11.0503389,49.3508982]},"properties":{"maxheight":"3.1"}},{"type":"Feature","geometry":{"type":"Point","coordinates":[11.4357078,49.1223887]},"properties":{"hgv":"no"}},{"type":"Feature","geometry":{"type":"Point","coordinates":[11.1393735,49.2131165]},"properties":{"hgv":"no"}},{"type":"Feature","geometry":{"type":"Point","coordinates":[11.2425308,49.7753499]},"properties":{"maxweight":"3.5"}},{"type":"Feature","geometry":{"type":"Point","coordinates":[11.8797658,49.538084]},"properties":{"maxheight":"3.1"}},{"type":"Feature","geometry":{"type":"Point","coordinates":[11.0000788,49.9238695]},"properties":{"maxweight":"3.5"}},{"type":"Feature","geometry":{"type":"Point","coordinates":[11.5263143,49.967513]},"properties":{"hgv":"destination"}},{"type":"Feature","geometry":{"type":"Point","coordinates":[11.0664541,49.4267956]},"properties":{"maxheight":"2.1"}},{"type":"Feature","geometry":{"type":"Point","coordinates":[11.6577188,49.9525563]},"properties":{"maxweight":"5"}},{"type":"Feature","geometry":{"type":"Point","coordinates":[11.4164404,49.6823875]},"properties":{"maxweight":"3.5"}},{"type":"Feature","geometry":{"type":"Point","coordinates":[11.1325884,49.437755]},"properties":{"maxweight":"16"}},{"type":"Feature","geometry":{"type":"Point","coordinates":[11.178576,49.4684204]},"properties":{"hgv":"destination"}},{"type":"Feature","geometry":{"type":"Point","coordinates":[11.2803753,49.5106075]},"properties":{"maxweight":"15"}},{"type":"Feature","geometry":{"type":"Point","coordinates":[11.2443824,49.4930777]},"properties":{"maxweight":"3.5"}},{"type":"Feature","geometry":{"type":"Point","coordinates":[11.3381987,49.5228816]},"properties":{"maxheight":"default"}},{"type":"Feature","geometry":{"type":"Point","coordinates":[11.032092,49.4476987]},"properties":{"hgv":"no"}},{"type":"Feature","geometry":{"type":"Point","coordinates":[11.0922595,49.4482356]},"properties":{"maxweight":"7.5"}},{"type":"Feature","geometry":{"type":"Point","coordinates":[11.3434344,49.5461931]},"properties":{"maxweight":"7.5"}},{"type":"Feature","geometry":{"type":"Point","coordinates":[11.444315,49.1078346]},"properties":{"maxheight":"3"}},{"type":"Feature","geometry":{"type":"Point","coordinates":[11.1560945,49.1967113]},"properties":{"maxweight":"16"}},{"type":"Feature","geometry":{"type":"Point","coordinates":[11.9195121,49.0613564]},"properties":{"maxheight":"default"}},{"type":"Feature","geometry":{"type":"Point","coordinates":[11.0578352,49.4285067]},"properties":{"maxheight":"1.85","maxwidth":"2.10"}},{"type":"Feature","geometry":{"type":"Point","coordinates":[11.0570079,49.4280153]},"properties":{"maxheight":"1.85","maxwidth":"2.10"}},{"type":"Feature","geometry":{"type":"Point","coordinates":[11.0945597,49.4281255]},"properties":{"hgv":"no"}},{"type":"Feature","geometry":{"type":"Point","coordinates":[11.506678,49.3196631]},"properties":{"hgv":"no","goods":"no"}},{"type":"Feature","geometry":{"type":"Point","coordinates":[11.0837755,49.4560308]},"properties":{"maxheight":"3.60"}},{"type":"Feature","geometry":{"type":"Point","coordinates":[11.1318859,49.7415177]},"properties":{"maxweight":"5.5"}},{"type":"Feature","geometry":{"type":"Point","coordinates":[11.202785,49.4637141]},"properties":{"maxweight":"18"}},{"type":"Feature","geometry":{"type":"Point","coordinates":[11.5981328,49.1266521]},"properties":{"maxweight":"3"}},{"type":"Feature","geometry":{"type":"Point","coordinates":[11.4752259,49.3138602]},"properties":{"hgv":"designated"}},{"type":"Feature","geometry":{"type":"Point","coordinates":[11.125163,49.5558007]},"properties":{"maxweightrating:hgv":"16"}},{"type":"Feature","geometry":{"type":"Point","coordinates":[11.0035234,49.4614293]},"properties":{"maxweight":"7.5"}},{"type":"Feature","geometry":{"type":"Point","coordinates":[11.5809122,49.8708582]},"properties":{"maxweight":"2"}},{"type":"Feature","geometry":{"type":"Point","coordinates":[11.5764807,49.8728755]},"properties":{"maxweight":"2"}},{"type":"Feature","geometry":{"type":"Point","coordinates":[11.4762512,49.0352125]},"properties":{"maxweight":"30"}},{"type":"Feature","geometry":{"type":"Point","coordinates":[11.4754972,49.0350726]},"properties":{"hgv":"no"}},{"type":"Feature","geometry":{"type":"Point","coordinates":[11.0130454,49.5866352]},"properties":{"maxheight":"3.6"}},{"type":"Feature","geometry":{"type":"Point","coordinates":[11.0196681,49.4538815]},"properties":{"maxheight":"3.2"}},{"type":"Feature","geometry":{"type":"Point","coordinates":[11.0196487,49.4535744]},"properties":{"maxheight":"3.2"}},{"type":"Feature","geometry":{"type":"Point","coordinates":[11.0145908,49.4531587]},"properties":{"maxheight":"2.80"}},{"type":"Feature","geometry":{"type":"Point","coordinates":[11.2233612,49.4378306]},"properties":{"maxheight":"default"}},{"type":"Feature","geometry":{"type":"Point","coordinates":[11.2675661,49.4884984]},"properties":{"maxweight":"5"}},{"type":"Feature","geometry":{"type":"Point","coordinates":[11.4507378,49.0042204]},"properties":{"maxheight":"2.10"}},{"type":"Feature","geometry":{"type":"Point","coordinates":[11.9805984,49.7428357]},"properties":{"maxweight":"3.5"}},{"type":"Feature","geometry":{"type":"Point","coordinates":[11.4507794,49.0037581]},"properties":{"maxheight":"3.1"}},{"type":"Feature","geometry":{"type":"Point","coordinates":[11.2708013,49.9525691]},"properties":{"maxweight":"30"}},{"type":"Feature","geometry":{"type":"Point","coordinates":[11.2774178,49.776059]},"properties":{"maxweight":"3"}},{"type":"Feature","geometry":{"type":"Point","coordinates":[11.2424509,49.7704224]},"properties":{"maxweight":"3.5"}},{"type":"Feature","geometry":{"type":"Point","coordinates":[11.2911647,49.9398414]},"properties":{"maxheight":"2.5","maxwidth":"2.1"}},{"type":"Feature","geometry":{"type":"Point","coordinates":[11.1850668,49.7819409]},"properties":{"hgv":"no"}},{"type":"Feature","geometry":{"type":"Point","coordinates":[11.1851045,49.7819578]},"properties":{"hgv":"no"}},{"type":"Feature","geometry":{"type":"Point","coordinates":[11.5992052,49.370515]},"properties":{"maxheight":"2.7","maxwidth":"2"}},{"type":"Feature","geometry":{"type":"Point","coordinates":[11.6035457,49.369239]},"properties":{"maxweight":"6"}},{"type":"Feature","geometry":{"type":"Point","coordinates":[11.6057797,49.3695378]},"properties":{"maxheight":"2.4"}},{"type":"Feature","geometry":{"type":"Point","coordinates":[11.0633906,49.4485014]},"properties":{"maxheight":"default"}},{"type":"Feature","geometry":{"type":"Point","coordinates":[11.2652467,49.6992481]},"properties":{"hgv":"no"}},{"type":"Feature","geometry":{"type":"Point","coordinates":[11.6158321,49.9531273]},"properties":{"hgv":"no","maxweight":"9"}},{"type":"Feature","geometry":{"type":"Point","coordinates":[11.7985554,49.7612925]},"properties":{"maxheight":"2.3"}},{"type":"Feature","geometry":{"type":"Point","coordinates":[11.140532,49.7417247]},"properties":{"hgv":"no","goods":"no"}},{"type":"Feature","geometry":{"type":"Point","coordinates":[11.1404476,49.7417477]},"properties":{"hgv":"no","goods":"no"}},{"type":"Feature","geometry":{"type":"Point","coordinates":[11.7628999,49.7927149]},"properties":{"maxweight":"7.5"}},{"type":"Feature","geometry":{"type":"Point","coordinates":[11.779926,49.7874307]},"properties":{"maxweight":"3.5"}},{"type":"Feature","geometry":{"type":"Point","coordinates":[11.5122663,49.5009588]},"properties":{"maxweight":"16"}},{"type":"Feature","geometry":{"type":"Point","coordinates":[11.0298081,49.7641877]},"properties":{"hgv":"destination"}},{"type":"Feature","geometry":{"type":"Point","coordinates":[11.3532129,49.3865478]},"properties":{"maxheight":"2"}},{"type":"Feature","geometry":{"type":"Point","coordinates":[11.9429072,49.2046376]},"properties":{"maxweight":"12"}},{"type":"Feature","geometry":{"type":"Point","coordinates":[11.6546851,49.9552363]},"properties":{"maxweight":"5"}},{"type":"Feature","geometry":{"type":"Point","coordinates":[11.1264237,49.462982]},"properties":{"maxheight":"2 m"}},{"type":"Feature","geometry":{"type":"Point","coordinates":[11.0639042,49.4259953]},"properties":{"maxheight":"default"}},{"type":"Feature","geometry":{"type":"Point","coordinates":[11.579813,49.0267653]},"properties":{"maxheight":"4"}},{"type":"Feature","geometry":{"type":"Point","coordinates":[11.0938175,49.4748056]},"properties":{"maxweight":"5.0"}},{"type":"Feature","geometry":{"type":"Point","coordinates":[11.1219167,49.4249804]},"properties":{"maxweight":"12"}},{"type":"Feature","geometry":{"type":"Point","coordinates":[11.6077761,49.9931931]},"properties":{"maxheight":"default"}},{"type":"Feature","geometry":{"type":"Point","coordinates":[11.6166639,49.5775733]},"properties":{"maxweight":"3.5"}},{"type":"Feature","geometry":{"type":"Point","coordinates":[11.0297209,49.4217849]},"properties":{"maxheight":"2"}},{"type":"Feature","geometry":{"type":"Point","coordinates":[11.8662988,49.445755]},"properties":{"maxheight":"2.10"}},{"type":"Feature","geometry":{"type":"Point","coordinates":[11.09083,49.2467526]},"properties":{"maxweight":"7.5"}},{"type":"Feature","geometry":{"type":"Point","coordinates":[11.0910099,49.2473478]},"properties":{"maxweight":"7.5"}},{"type":"Feature","geometry":{"type":"Point","coordinates":[11.0909403,49.2470648]},"properties":{"maxweight":"7.5"}},{"type":"Feature","geometry":{"type":"Point","coordinates":[11.1269214,49.6128081]},"properties":{"maxheight":"3.2 m"}},{"type":"Feature","geometry":{"type":"Point","coordinates":[11.1276937,49.6129357]},"properties":{"maxheight":"3.2 m"}},{"type":"Feature","geometry":{"type":"Point","coordinates":[11.1277563,49.6148239]},"properties":{"maxheight":"3.2 m"}},{"type":"Feature","geometry":{"type":"Point","coordinates":[11.1285478,49.6142077]},"properties":{"maxheight":"3.2 m"}},{"type":"Feature","geometry":{"type":"Point","coordinates":[11.2340444,49.7527776]},"properties":{"maxweight":"3.5"}},{"type":"Feature","geometry":{"type":"Point","coordinates":[11.2334947,49.7520904]},"properties":{"maxweight":"3.5"}},{"type":"Feature","geometry":{"type":"Point","coordinates":[11.2775178,49.7758033]},"properties":{"maxweight":"3"}},{"type":"Feature","geometry":{"type":"Point","coordinates":[11.2708612,49.7693399]},"properties":{"maxweight":"3"}},{"type":"Feature","geometry":{"type":"Point","coordinates":[11.5336498,49.5575196]},"properties":{"maxweight":"7.5"}},{"type":"Feature","geometry":{"type":"Point","coordinates":[11.062814,49.4485226]},"properties":{"maxheight":"default"}},{"type":"Feature","geometry":{"type":"Point","coordinates":[11.226588,49.5941835]},"properties":{"maxheight":"4.0"}},{"type":"Feature","geometry":{"type":"Point","coordinates":[11.2262081,49.5941483]},"properties":{"maxheight":"3.5"}},{"type":"Feature","geometry":{"type":"Point","coordinates":[11.0428624,49.4204422]},"properties":{"maxheight":"below_default"}},{"type":"Feature","geometry":{"type":"Point","coordinates":[11.0293754,49.4970559]},"properties":{"maxweight":"5.5"}},{"type":"Feature","geometry":{"type":"Point","coordinates":[11.1909999,49.5743989]},"properties":{"maxheight":"none"}},{"type":"Feature","geometry":{"type":"Point","coordinates":[11.0972102,49.2433705]},"properties":{"hgv":"destination"}},{"type":"Feature","geometry":{"type":"Point","coordinates":[11.0681803,49.4575399]},"properties":{"maxheight":"below_default"}},{"type":"Feature","geometry":{"type":"Point","coordinates":[11.8011001,49.4260427]},"properties":{"maxheight":"default"}},{"type":"Feature","geometry":{"type":"Point","coordinates":[11.053719,49.7259607]},"properties":{"maxheight":"default"}},{"type":"Feature","geometry":{"type":"Point","coordinates":[11.1499932,49.5251153]},"properties":{"maxheight":"3.3"}},{"type":"Feature","geometry":{"type":"Point","coordinates":[11.1504909,49.5203755]},"properties":{"maxheight":"2.8"}},{"type":"Feature","geometry":{"type":"Point","coordinates":[11.1351941,49.5113275]},"properties":{"maxheight":"4.5"}},{"type":"Feature","geometry":{"type":"Point","coordinates":[11.2927813,49.4026756]},"properties":{"maxheight":"default"}},{"type":"Feature","geometry":{"type":"Point","coordinates":[11.6040658,49.9272089]},"properties":{"maxheight":"default"}},{"type":"Feature","geometry":{"type":"Point","coordinates":[11.6078798,49.9866704]},"properties":{"maxheight":"default"}},{"type":"Feature","geometry":{"type":"Point","coordinates":[11.2126015,49.0868777]},"properties":{"hgv":"no"}},{"type":"Feature","geometry":{"type":"Point","coordinates":[11.2212247,49.0864158]},"properties":{"maxweight":"6"}},{"type":"Feature","geometry":{"type":"Point","coordinates":[11.5926816,49.2672228]},"properties":{"maxweight":"7.5"}},{"type":"Feature","geometry":{"type":"Point","coordinates":[11.0065367,49.312939]},"properties":{"maxweight":"5.5"}},{"type":"Feature","geometry":{"type":"Point","coordinates":[11.006201,49.3220817]},"properties":{"maxwidth":"3"}},{"type":"Feature","geometry":{"type":"Point","coordinates":[11.0043959,49.3237751]},"properties":{"maxwidth":"3"}},{"type":"Feature","geometry":{"type":"Point","coordinates":[11.2956008,49.0858467]},"properties":{"maxweight":"6"}},{"type":"Feature","geometry":{"type":"Point","coordinates":[11.5810044,49.9461393]},"properties":{"maxheight":"default"}},{"type":"Feature","geometry":{"type":"Point","coordinates":[11.1465991,49.1420712]},"properties":{"hgv":"no"}},{"type":"Feature","geometry":{"type":"Point","coordinates":[11.5611935,49.8686985]},"properties":{"maxwidth":"2.3"}},{"type":"Feature","geometry":{"type":"Point","coordinates":[11.0146736,49.4824729]},"properties":{"maxweight":"3.5"}},{"type":"Feature","geometry":{"type":"Point","coordinates":[11.3517252,49.3531511]},"properties":{"maxheight":"below_default"}},{"type":"Feature","geometry":{"type":"Point","coordinates":[11.016335,49.5535339]},"properties":{"maxheight":"7.5"}},{"type":"Feature","geometry":{"type":"Point","coordinates":[11.4697621,49.4935832]},"properties":{"maxweight":"12"}},{"type":"Feature","geometry":{"type":"Point","coordinates":[11.3269573,49.1998524]},"properties":{"maxheight":"2.8"}},{"type":"Feature","geometry":{"type":"Point","coordinates":[11.1119897,49.4506546]},"properties":{"maxheight":"3.5"}},{"type":"Feature","geometry":{"type":"Point","coordinates":[11.1292191,49.4304294]},"properties":{"maxheight":"3.7"}},{"type":"Feature","geometry":{"type":"Point","coordinates":[11.0194253,49.4627372]},"properties":{"maxheight":"6"}},{"type":"Feature","geometry":{"type":"Point","coordinates":[11.8848574,49.5341681]},"properties":{"maxweight":"5"}},{"type":"Feature","geometry":{"type":"Point","coordinates":[11.0169535,49.598023]},"properties":{"maxheight":"below_default"}},{"type":"Feature","geometry":{"type":"Point","coordinates":[11.0163405,49.5969151]},"properties":{"maxweight":"12 t"}},{"type":"Feature","geometry":{"type":"Point","coordinates":[11.1868912,49.1965773]},"properties":{"hgv":"delivery"}},{"type":"Feature","geometry":{"type":"Point","coordinates":[11.1690875,49.557356]},"properties":{"maxweight":"3.5"}},{"type":"Feature","geometry":{"type":"Point","coordinates":[11.0041492,49.4608658]},"properties":{"maxweight":"7.5"}},{"type":"Feature","geometry":{"type":"Point","coordinates":[11.9073635,49.6757609]},"properties":{"maxweight":"10"}},{"type":"Feature","geometry":{"type":"Point","coordinates":[11.9053374,49.7049519]},"properties":{"hgv":"no"}},{"type":"Feature","geometry":{"type":"Point","coordinates":[11.9527396,49.1602496]},"properties":{"maxheight":"2"}},{"type":"Feature","geometry":{"type":"Point","coordinates":[11.083707,49.4410802]},"properties":{"maxheight":"2"}},{"type":"Feature","geometry":{"type":"Point","coordinates":[11.0025815,49.594101]},"properties":{"maxheight":"3.9"}},{"type":"Feature","geometry":{"type":"Point","coordinates":[11.0048464,49.5933654]},"properties":{"maxheight":"4"}},{"type":"Feature","geometry":{"type":"Point","coordinates":[11.0048359,49.5936268]},"properties":{"maxheight":"below_default"}},{"type":"Feature","geometry":{"type":"Point","coordinates":[11.5140627,49.4226429]},"properties":{"maxweight":"7.5"}},{"type":"Feature","geometry":{"type":"Point","coordinates":[11.2429205,49.7295706]},"properties":{"maxweight":"3.5"}},{"type":"Feature","geometry":{"type":"Point","coordinates":[11.6001849,49.9283961]},"properties":{"maxweight":"7.5"}},{"type":"Feature","geometry":{"type":"Point","coordinates":[11.6002091,49.9283505]},"properties":{"maxweight":"7.5"}},{"type":"Feature","geometry":{"type":"Point","coordinates":[11.2948906,49.4030154]},"properties":{"maxheight":"default"}},{"type":"Feature","geometry":{"type":"Point","coordinates":[11.1522383,49.3732834]},"properties":{"maxheight":"default"}},{"type":"Feature","geometry":{"type":"Point","coordinates":[11.0740721,49.3280047]},"properties":{"maxheight":"default"}},{"type":"Feature","geometry":{"type":"Point","coordinates":[11.6899127,49.4241099]},"properties":{"hgv":"designated"}},{"type":"Feature","geometry":{"type":"Point","coordinates":[11.6903191,49.4242739]},"properties":{"hgv":"designated"}},{"type":"Feature","geometry":{"type":"Point","coordinates":[11.6486744,49.5983233]},"properties":{"maxweight":"3.5"}},{"type":"Feature","geometry":{"type":"Point","coordinates":[11.6550913,49.5984615]},"properties":{"maxweight":"3.5"}},{"type":"Feature","geometry":{"type":"Point","coordinates":[11.5839587,49.4071411]},"properties":{"maxheight":"default"}},{"type":"Feature","geometry":{"type":"Point","coordinates":[11.9120873,49.3955229]},"properties":{"hgv":"yes"}},{"type":"Feature","geometry":{"type":"Point","coordinates":[11.7246383,49.4184564]},"properties":{"maxheight":"default"}},{"type":"Feature","geometry":{"type":"Point","coordinates":[11.4874738,49.2773056]},"properties":{"hgv":"delivery"}},{"type":"Feature","geometry":{"type":"Point","coordinates":[11.0594659,49.5257389]},"properties":{"maxweightrating:hgv":"16"}},{"type":"Feature","geometry":{"type":"Point","coordinates":[11.3128314,49.5169498]},"properties":{"maxheight":"4"}},{"type":"Feature","geometry":{"type":"Point","coordinates":[11.3129546,49.5170318]},"properties":{"maxheight":"4"}},{"type":"Feature","geometry":{"type":"Point","coordinates":[11.3125771,49.5165453]},"properties":{"maxheight":"4"}},{"type":"Feature","geometry":{"type":"Point","coordinates":[11.341817,49.0437315]},"properties":{"hgv":"designated"}},{"type":"Feature","geometry":{"type":"Point","coordinates":[11.3522728,49.0415323]},"properties":{"hgv":"designated"}},{"type":"Feature","geometry":{"type":"Point","coordinates":[11.1064581,49.4590182]},"properties":{"maxheight":"3"}},{"type":"Feature","geometry":{"type":"Point","coordinates":[11.0804026,49.4160927]},"properties":{"maxheight":"3.6"}},{"type":"Feature","geometry":{"type":"Point","coordinates":[11.0582282,49.4284661]},"properties":{"maxheight":"default"}},{"type":"Feature","geometry":{"type":"Point","coordinates":[11.0584047,49.4284899]},"properties":{"maxheight":"default"}},{"type":"Feature","geometry":{"type":"Point","coordinates":[11.131556,49.6130216]},"properties":{"maxheight":"3.2 m"}},{"type":"Feature","geometry":{"type":"Point","coordinates":[11.1834768,49.6348423]},"properties":{"maxweight":"3.5"}},{"type":"Feature","geometry":{"type":"Point","coordinates":[11.0047651,49.5701555]},"properties":{"maxweight":"5"}},{"type":"Feature","geometry":{"type":"Point","coordinates":[11.068852,49.465328]},"properties":{"maxheight":"3"}},{"type":"Feature","geometry":{"type":"Point","coordinates":[11.0706184,49.4665127]},"properties":{"maxheight":"3.75"}},{"type":"Feature","geometry":{"type":"Point","coordinates":[11.0550035,49.443546]},"properties":{"maxheight":"default"}},{"type":"Feature","geometry":{"type":"Point","coordinates":[11.3443892,49.3506782]},"properties":{"maxheight":"2.5"}},{"type":"Feature","geometry":{"type":"Point","coordinates":[11.6512223,49.9270772]},"properties":{"maxweight":"16"}},{"type":"Feature","geometry":{"type":"Point","coordinates":[11.5123199,49.5012214]},"properties":{"maxweight":"16"}},{"type":"Feature","geometry":{"type":"Point","coordinates":[11.0648766,49.4596734]},"properties":{"hgv":"no"}},{"type":"Feature","geometry":{"type":"Point","coordinates":[11.9746276,49.8896743]},"properties":{"maxweight":"24"}},{"type":"Feature","geometry":{"type":"Point","coordinates":[11.9701011,49.900092]},"properties":{"maxweight":"5.5"}},{"type":"Feature","geometry":{"type":"Point","coordinates":[11.6956362,49.6238593]},"properties":{"maxweight":"16"}},{"type":"Feature","geometry":{"type":"Point","coordinates":[11.374484,49.8938905]},"properties":{"maxweight":"3.5"}},{"type":"Feature","geometry":{"type":"Point","coordinates":[11.163956,49.4622309]},"properties":{"maxheight":"3.5"}},{"type":"Feature","geometry":{"type":"Point","coordinates":[11.5014108,49.3193946]},"properties":{"maxweight":"6"}},{"type":"Feature","geometry":{"type":"Point","coordinates":[11.5003359,49.3193193]},"properties":{"maxweight":"6"}},{"type":"Feature","geometry":{"type":"Point","coordinates":[11.2056566,49.5511071]},"properties":{"maxweight":"6"}},{"type":"Feature","geometry":{"type":"Point","coordinates":[11.1188908,49.98845]},"properties":{"maxheight":"default"}},{"type":"Feature","geometry":{"type":"Point","coordinates":[11.1193615,49.9886835]},"properties":{"maxheight":"default"}},{"type":"Feature","geometry":{"type":"Point","coordinates":[11.2016486,49.4720559]},"properties":{"maxheight":"default"}},{"type":"Feature","geometry":{"type":"Point","coordinates":[11.0081382,49.8281276]},"properties":{"maxheight":"default"}},{"type":"Feature","geometry":{"type":"Point","coordinates":[11.1342908,49.4600876]},"properties":{"maxweight":"2.8"}},{"type":"Feature","geometry":{"type":"Point","coordinates":[11.4940928,49.3175591]},"properties":{"maxweight":"6"}},{"type":"Feature","geometry":{"type":"Point","coordinates":[11.5611575,49.3135835]},"properties":{"maxweight":"7.5"}},{"type":"Feature","geometry":{"type":"Point","coordinates":[11.041911,49.7787476]},"properties":{"maxheight":"default"}},{"type":"Feature","geometry":{"type":"Point","coordinates":[11.0254167,49.7949948]},"properties":{"maxheight":"default"}},{"type":"Feature","geometry":{"type":"Point","coordinates":[11.0242851,49.7960996]},"properties":{"maxheight":"default"}},{"type":"Feature","geometry":{"type":"Point","coordinates":[11.4766267,49.2461934]},"properties":{"maxweight":"7.5"}},{"type":"Feature","geometry":{"type":"Point","coordinates":[11.6487361,49.6008999]},"properties":{"maxweight":"3.5"}},{"type":"Feature","geometry":{"type":"Point","coordinates":[11.6565817,49.5807009]},"properties":{"maxweight":"7.5"}},{"type":"Feature","geometry":{"type":"Point","coordinates":[11.0810147,49.4635258]},"properties":{"maxheight":"below_default"}},{"type":"Feature","geometry":{"type":"Point","coordinates":[11.0812688,49.4635205]},"properties":{"maxheight":"below_default"}},{"type":"Feature","geometry":{"type":"Point","coordinates":[11.0804622,49.4635453]},"properties":{"maxheight":"below_default"}},{"type":"Feature","geometry":{"type":"Point","coordinates":[11.8577717,49.4433059]},"properties":{"maxheight":"below_default"}},{"type":"Feature","geometry":{"type":"Point","coordinates":[11.2188938,49.8109998]},"properties":{"maxweight":"7.5"}},{"type":"Feature","geometry":{"type":"Point","coordinates":[11.2347486,49.7534516]},"properties":{"maxweight":"3.5"}},{"type":"Feature","geometry":{"type":"Point","coordinates":[11.2392261,49.7588398]},"properties":{"maxweight":"3.5"}},{"type":"Feature","geometry":{"type":"Point","coordinates":[11.0775519,49.4617752]},"properties":{"maxheight":"3.3"}},{"type":"Feature","geometry":{"type":"Point","coordinates":[11.0622724,49.4632864]},"properties":{"maxweight":"6"}},{"type":"Feature","geometry":{"type":"Point","coordinates":[11.0569984,49.743781]},"properties":{"maxheight":"default"}},{"type":"Feature","geometry":{"type":"Point","coordinates":[11.0594839,49.7478095]},"properties":{"maxheight":"default"}},{"type":"Feature","geometry":{"type":"Point","coordinates":[11.0590657,49.7466141]},"properties":{"maxheight":"default"}},{"type":"Feature","geometry":{"type":"Point","coordinates":[11.0539637,49.7364038]},"properties":{"maxheight":"default"}},{"type":"Feature","geometry":{"type":"Point","coordinates":[11.0144231,49.4406946]},"properties":{"maxheight":"3.2"}},{"type":"Feature","geometry":{"type":"Point","coordinates":[11.948789,49.5150051]},"properties":{"maxweight":"7.5"}},{"type":"Feature","geometry":{"type":"Point","coordinates":[11.2635783,49.492142]},"properties":{"maxheight":"3.1"}},{"type":"Feature","geometry":{"type":"Point","coordinates":[11.3407284,49.5076645]},"properties":{"maxheight":"3.5"}},{"type":"Feature","geometry":{"type":"Point","coordinates":[11.3535041,49.5008938]},"properties":{"maxweight":"12"}},{"type":"Feature","geometry":{"type":"Point","coordinates":[11.0531337,49.3229171]},"properties":{"maxheight":"3.5","maxweight":"7.5"}},{"type":"Feature","geometry":{"type":"Point","coordinates":[11.0544831,49.3228708]},"properties":{"maxheight":"3.5","maxweight":"7.5"}},{"type":"Feature","geometry":{"type":"Point","coordinates":[11.0527197,49.3215988]},"properties":{"maxheight":"3.5","maxweight":"7.5"}},{"type":"Feature","geometry":{"type":"Point","coordinates":[11.0531026,49.3209322]},"properties":{"maxheight":"3.5","maxweight":"7.5"}},{"type":"Feature","geometry":{"type":"Point","coordinates":[11.0530313,49.3222]},"properties":{"maxheight":"3.5","maxweight":"7.5"}},{"type":"Feature","geometry":{"type":"Point","coordinates":[11.0530786,49.3227728]},"properties":{"maxheight":"3.5","maxweight":"7.5"}},{"type":"Feature","geometry":{"type":"Point","coordinates":[11.3750595,49.5148204]},"properties":{"maxheight":"4"}},{"type":"Feature","geometry":{"type":"Point","coordinates":[11.3685609,49.5157412]},"properties":{"maxheight":"4"}},{"type":"Feature","geometry":{"type":"Point","coordinates":[11.3849314,49.5133104]},"properties":{"maxheight":"3.4"}},{"type":"Feature","geometry":{"type":"Point","coordinates":[11.268915,49.793805]},"properties":{"maxlength":"14"}},{"type":"Feature","geometry":{"type":"Point","coordinates":[11.2646442,49.7979427]},"properties":{"maxlength":"14"}},{"type":"Feature","geometry":{"type":"Point","coordinates":[11.0305849,49.5456309]},"properties":{"hgv":"no"}},{"type":"Feature","geometry":{"type":"Point","coordinates":[11.2368466,49.9595308]},"properties":{"maxweight":"26"}},{"type":"Feature","geometry":{"type":"Point","coordinates":[11.20439,49.3561188]},"properties":{"maxheight":"default"}},{"type":"Feature","geometry":{"type":"Point","coordinates":[11.3336122,49.7812698]},"properties":{"maxwidth":"2.6"}},{"type":"Feature","geometry":{"type":"Point","coordinates":[11.310027,49.5118944]},"properties":{"maxheight":"3.5","maxweight":"5"}},{"type":"Feature","geometry":{"type":"Point","coordinates":[11.3121975,49.5093602]},"properties":{"maxweight":"5"}},{"type":"Feature","geometry":{"type":"Point","coordinates":[11.3594217,49.6748658]},"properties":{"maxweight":"7.5"}},{"type":"Feature","geometry":{"type":"Point","coordinates":[11.3543213,49.0410665]},"properties":{"maxheight":"default"}},{"type":"Feature","geometry":{"type":"Point","coordinates":[11.2815622,49.5089669]},"properties":{"maxweight":"15"}},{"type":"Feature","geometry":{"type":"Point","coordinates":[11.3561346,49.0454952]},"properties":{"maxheight":"3"}},{"type":"Feature","geometry":{"type":"Point","coordinates":[11.3563051,49.0454671]},"properties":{"maxheight":"3"}},{"type":"Feature","geometry":{"type":"Point","coordinates":[11.3506998,49.0460855]},"properties":{"hgv":"no"}},{"type":"Feature","geometry":{"type":"Point","coordinates":[11.3508121,49.0460607]},"properties":{"hgv":"no","maxheight":"2.9"}},{"type":"Feature","geometry":{"type":"Point","coordinates":[11.1342393,49.4385211]},"properties":{"maxweight":"16"}},{"type":"Feature","geometry":{"type":"Point","coordinates":[11.1904746,49.119531]},"properties":{"maxweight":"7.5"}},{"type":"Feature","geometry":{"type":"Point","coordinates":[11.2646492,49.222986]},"properties":{"maxweight":"6"}},{"type":"Feature","geometry":{"type":"Point","coordinates":[11.2032873,49.2229658]},"properties":{"maxweight":"7.5"}},{"type":"Feature","geometry":{"type":"Point","coordinates":[11.2077083,49.2211897]},"properties":{"maxweight":"7.5"}},{"type":"Feature","geometry":{"type":"Point","coordinates":[11.0500326,49.6764693]},"properties":{"maxheight":"default"}},{"type":"Feature","geometry":{"type":"Point","coordinates":[11.0583458,49.688219]},"properties":{"maxheight":"default"}},{"type":"Feature","geometry":{"type":"Point","coordinates":[11.0486682,49.6747855]},"properties":{"maxheight":"default"}},{"type":"Feature","geometry":{"type":"Point","coordinates":[11.1622382,49.1683771]},"properties":{"maxweight":"10"}},{"type":"Feature","geometry":{"type":"Point","coordinates":[11.148611,49.1994596]},"properties":{"maxweight":"10"}},{"type":"Feature","geometry":{"type":"Point","coordinates":[11.2171848,49.1954455]},"properties":{"maxweight":"6"}},{"type":"Feature","geometry":{"type":"Point","coordinates":[11.2830663,49.1490223]},"properties":{"maxweight":"6"}},{"type":"Feature","geometry":{"type":"Point","coordinates":[11.0572679,49.6869535]},"properties":{"maxheight":"default"}},{"type":"Feature","geometry":{"type":"Point","coordinates":[11.056539,49.7340144]},"properties":{"maxweight":"5.5"}},{"type":"Feature","geometry":{"type":"Point","coordinates":[11.1761523,49.2110422]},"properties":{"maxweight":"24"}},{"type":"Feature","geometry":{"type":"Point","coordinates":[11.1730333,49.1784317]},"properties":{"maxweight":"10"}},{"type":"Feature","geometry":{"type":"Point","coordinates":[11.171076,49.1786462]},"properties":{"maxweight":"10"}},{"type":"Feature","geometry":{"type":"Point","coordinates":[11.8205623,49.7874082]},"properties":{"hgv":"no"}},{"type":"Feature","geometry":{"type":"Point","coordinates":[11.7822296,49.7927951]},"properties":{"maxweight":"10"}},{"type":"Feature","geometry":{"type":"Point","coordinates":[11.1471328,49.2031183]},"properties":{"maxweight":"10"}},{"type":"Feature","geometry":{"type":"Point","coordinates":[11.0624138,49.6991512]},"properties":{"maxheight":"default"}},{"type":"Feature","geometry":{"type":"Point","coordinates":[11.0584851,49.7248921]},"properties":{"maxweight":"5.5"}},{"type":"Feature","geometry":{"type":"Point","coordinates":[11.855308,49.7769023]},"properties":{"maxweight":"3.5"}},{"type":"Feature","geometry":{"type":"Point","coordinates":[11.8617854,49.7663084]},"properties":{"maxweight":"12"}},{"type":"Feature","geometry":{"type":"Point","coordinates":[11.0116255,49.6374138]},"properties":{"maxheight":"default"}},{"type":"Feature","geometry":{"type":"Point","coordinates":[11.0319283,49.6522448]},"properties":{"maxheight":"default"}},{"type":"Feature","geometry":{"type":"Point","coordinates":[11.0090164,49.6326313]},"properties":{"maxheight":"default"}},{"type":"Feature","geometry":{"type":"Point","coordinates":[11.0096455,49.6340124]},"properties":{"maxheight":"default"}},{"type":"Feature","geometry":{"type":"Point","coordinates":[11.1928517,49.2383307]},"properties":{"maxweight":"10"}},{"type":"Feature","geometry":{"type":"Point","coordinates":[11.1448494,49.2078345]},"properties":{"maxweight":"10"}},{"type":"Feature","geometry":{"type":"Point","coordinates":[11.2536879,49.7610328]},"properties":{"maxweight":"3.5"}},{"type":"Feature","geometry":{"type":"Point","coordinates":[11.3211817,49.4847764]},"properties":{"maxweight":"5"}},{"type":"Feature","geometry":{"type":"Point","coordinates":[11.3211385,49.4847305]},"properties":{"maxweight":"5"}},{"type":"Feature","geometry":{"type":"Point","coordinates":[11.3217712,49.485596]},"properties":{"maxweight":"5"}},{"type":"Feature","geometry":{"type":"Point","coordinates":[11.2147343,49.8197784]},"properties":{"maxweight":"7.5"}},{"type":"Feature","geometry":{"type":"Point","coordinates":[11.4367849,49.9651847]},"properties":{"maxweight":"3"}},{"type":"Feature","geometry":{"type":"Point","coordinates":[11.1521624,49.7328032]},"properties":{"maxweight":"7.5"}},{"type":"Feature","geometry":{"type":"Point","coordinates":[11.128629,49.6136255]},"properties":{"maxheight":"3.2 m"}},{"type":"Feature","geometry":{"type":"Point","coordinates":[11.2490351,49.464675]},"properties":{"maxheight":"4"}},{"type":"Feature","geometry":{"type":"Point","coordinates":[11.1954782,49.405977]},"properties":{"maxheight":"default"}},{"type":"Feature","geometry":{"type":"Point","coordinates":[11.1966264,49.4057765]},"properties":{"maxheight":"default"}},{"type":"Feature","geometry":{"type":"Point","coordinates":[11.1295304,49.6120774]},"properties":{"maxheight":"3.2 m"}},{"type":"Feature","geometry":{"type":"Point","coordinates":[11.0531403,49.3207132]},"properties":{"maxheight":"3.5","maxweight":"7.5"}},{"type":"Feature","geometry":{"type":"Point","coordinates":[11.0531481,49.3206526]},"properties":{"maxheight":"3.5","maxweight":"7.5"}},{"type":"Feature","geometry":{"type":"Point","coordinates":[11.0529046,49.322191]},"properties":{"maxheight":"3.5","maxweight":"7.5"}},{"type":"Feature","geometry":{"type":"Point","coordinates":[11.0707192,49.4410452]},"properties":{"maxheight":"3.5"}},{"type":"Feature","geometry":{"type":"Point","coordinates":[11.0496779,49.4329908]},"properties":{"maxheight":"3.3"}},{"type":"Feature","geometry":{"type":"Point","coordinates":[11.179774,49.4674809]},"properties":{"hgv":"no"}},{"type":"Feature","geometry":{"type":"Point","coordinates":[11.8032758,49.6281157]},"properties":{"maxweight":"12"}},{"type":"Feature","geometry":{"type":"Point","coordinates":[11.3389495,49.7599954]},"properties":{"maxweight":"3.5"}},{"type":"Feature","geometry":{"type":"Point","coordinates":[11.3382649,49.7695256]},"properties":{"maxheight":"2.5","maxweight":"10"}},{"type":"Feature","geometry":{"type":"Point","coordinates":[11.3233182,49.7571488]},"properties":{"maxweight":"6"}},{"type":"Feature","geometry":{"type":"Point","coordinates":[11.1051718,49.4491503]},"properties":{"maxheight":"4"}},{"type":"Feature","geometry":{"type":"Point","coordinates":[11.1054623,49.4476167]},"properties":{"maxheight":"4"}},{"type":"Feature","geometry":{"type":"Point","coordinates":[11.2373591,49.1466651]},"properties":{"maxweight":"6"}},{"type":"Feature","geometry":{"type":"Point","coordinates":[11.2423106,49.1446837]},"properties":{"maxweight":"6"}},{"type":"Feature","geometry":{"type":"Point","coordinates":[11.341794,49.3821663]},"properties":{"maxheight":"2.8"}},{"type":"Feature","geometry":{"type":"Point","coordinates":[11.2391606,49.4816137]},"properties":{"maxheight":"default"}},{"type":"Feature","geometry":{"type":"Point","coordinates":[11.0623408,49.4803631]},"properties":{"hgv":"no"}},{"type":"Feature","geometry":{"type":"Point","coordinates":[11.062475,49.4806598]},"properties":{"hgv":"no"}},{"type":"Feature","geometry":{"type":"Point","coordinates":[11.0611071,49.4806059]},"properties":{"hgv":"no"}},{"type":"Feature","geometry":{"type":"Point","coordinates":[11.0611071,49.4806059]},"properties":{"hgv":"no"}},{"type":"Feature","geometry":{"type":"Point","coordinates":[11.0624831,49.4809662]},"properties":{"hgv":"no"}},{"type":"Feature","geometry":{"type":"Point","coordinates":[11.0622507,49.480512]},"properties":{"hgv":"no"}},{"type":"Feature","geometry":{"type":"Point","coordinates":[11.0723649,49.4941277]},"properties":{"maxheight":"2 m"}},{"type":"Feature","geometry":{"type":"Point","coordinates":[11.4747667,49.8115331]},"properties":{"maxweight":"3"}},{"type":"Feature","geometry":{"type":"Point","coordinates":[11.0721555,49.4947159]},"properties":{"maxheight":"9 m","maxwidth":"44 m"}},{"type":"Feature","geometry":{"type":"Point","coordinates":[11.0892528,49.4933443]},"properties":{"maxheight":"4 m"}},{"type":"Feature","geometry":{"type":"Point","coordinates":[11.2895547,49.5148738]},"properties":{"maxheight":"2.1"}},{"type":"Feature","geometry":{"type":"Point","coordinates":[11.2897119,49.5149887]},"properties":{"maxheight":"2.1"}},{"type":"Feature","geometry":{"type":"Point","coordinates":[11.2900434,49.5151405]},"properties":{"maxheight":"2.1"}},{"type":"Feature","geometry":{"type":"Point","coordinates":[11.2900224,49.5153896]},"properties":{"maxheight":"2.1"}},{"type":"Feature","geometry":{"type":"Point","coordinates":[11.2898897,49.515077]},"properties":{"maxheight":"2.1"}},{"type":"Feature","geometry":{"type":"Point","coordinates":[11.2892834,49.5149469]},"properties":{"maxheight":"2.1"}},{"type":"Feature","geometry":{"type":"Point","coordinates":[11.2894534,49.514929]},"properties":{"maxheight":"2.1"}},{"type":"Feature","geometry":{"type":"Point","coordinates":[11.2896368,49.5153066]},"properties":{"maxheight":"2.1"}},{"type":"Feature","geometry":{"type":"Point","coordinates":[11.2509043,49.1546984]},"properties":{"maxweight":"6"}},{"type":"Feature","geometry":{"type":"Point","coordinates":[11.3036933,49.5187685]},"properties":{"maxheight":"3.9"}},{"type":"Feature","geometry":{"type":"Point","coordinates":[11.2384094,49.1508872]},"properties":{"maxweight":"6"}},{"type":"Feature","geometry":{"type":"Point","coordinates":[11.0746223,49.4638696]},"properties":{"maxheight":"2.55"}},{"type":"Feature","geometry":{"type":"Point","coordinates":[11.1113278,49.4456634]},"properties":{"maxheight":"4"}},{"type":"Feature","geometry":{"type":"Point","coordinates":[11.0394857,49.4265489]},"properties":{"hgv":"no"}},{"type":"Feature","geometry":{"type":"Point","coordinates":[11.2703532,49.5491702]},"properties":{"hgv":"no"}},{"type":"Feature","geometry":{"type":"Point","coordinates":[11.6041193,49.9604568]},"properties":{"hgv":"delivery"}},{"type":"Feature","geometry":{"type":"Point","coordinates":[11.7405731,49.9096783]},"properties":{"maxweight":"5"}},{"type":"Feature","geometry":{"type":"Point","coordinates":[11.1268318,49.5241233]},"properties":{"hgv":"no"}},{"type":"Feature","geometry":{"type":"Point","coordinates":[11.0094387,49.924872]},"properties":{"maxweight":"7.5"}},{"type":"Feature","geometry":{"type":"Point","coordinates":[11.0755773,49.9203229]},"properties":{"maxweight":"3.5"}},{"type":"Feature","geometry":{"type":"Point","coordinates":[11.115381,49.3925827]},"properties":{"maxheight":"default"}},{"type":"Feature","geometry":{"type":"Point","coordinates":[11.1148885,49.3926627]},"properties":{"maxheight":"default"}},{"type":"Feature","geometry":{"type":"Point","coordinates":[11.1407415,49.4538808]},"properties":{"maxheight":"2"}},{"type":"Feature","geometry":{"type":"Point","coordinates":[11.1405454,49.4526801]},"properties":{"maxheight":"2"}},{"type":"Feature","geometry":{"type":"Point","coordinates":[11.140049,49.4534065]},"properties":{"maxheight":"2"}},{"type":"Feature","geometry":{"type":"Point","coordinates":[11.1406866,49.4546427]},"properties":{"maxheight":"2"}},{"type":"Feature","geometry":{"type":"Point","coordinates":[11.2511033,49.2019543]},"properties":{"maxweight":"6"}},{"type":"Feature","geometry":{"type":"Point","coordinates":[11.2505169,49.2018419]},"properties":{"maxweight":"6"}},{"type":"Feature","geometry":{"type":"Point","coordinates":[11.2587389,49.1566587]},"properties":{"hgv":"delivery"}},{"type":"Feature","geometry":{"type":"Point","coordinates":[11.2102322,49.8236288]},"properties":{"maxweight":"7.5"}},{"type":"Feature","geometry":{"type":"Point","coordinates":[11.2536558,49.7696496]},"properties":{"maxweight":"3.5"}},{"type":"Feature","geometry":{"type":"Point","coordinates":[11.2772193,49.775396]},"properties":{"maxweight":"3"}},{"type":"Feature","geometry":{"type":"Point","coordinates":[11.2769141,49.7747841]},"properties":{"maxweight":"3"}},{"type":"Feature","geometry":{"type":"Point","coordinates":[11.4362533,49.3460215]},"properties":{"maxweight":"12"}},{"type":"Feature","geometry":{"type":"Point","coordinates":[11.0233639,49.5882929]},"properties":{"goods":"delivery"}},{"type":"Feature","geometry":{"type":"Point","coordinates":[11.1825679,49.7780977]},"properties":{"maxheight":"3.8"}},{"type":"Feature","geometry":{"type":"Point","coordinates":[11.182611,49.7785969]},"properties":{"maxheight":"3.8"}},{"type":"Feature","geometry":{"type":"Point","coordinates":[11.6293054,49.167239]},"properties":{"maxheight":"3.2"}},{"type":"Feature","geometry":{"type":"Point","coordinates":[11.2443259,49.4592585]},"properties":{"maxheight":"default"}},{"type":"Feature","geometry":{"type":"Point","coordinates":[11.4580821,49.3080835]},"properties":{"maxweight":"12"}},{"type":"Feature","geometry":{"type":"Point","coordinates":[11.4586863,49.2988039]},"properties":{"maxweight":"12"}},{"type":"Feature","geometry":{"type":"Point","coordinates":[11.104277,49.2477865]},"properties":{"maxheight":"2.7"}},{"type":"Feature","geometry":{"type":"Point","coordinates":[11.2038591,49.3498154]},"properties":{"maxheight":"default"}},{"type":"Feature","geometry":{"type":"Point","coordinates":[11.2036176,49.3491619]},"properties":{"maxheight":"default"}},{"type":"Feature","geometry":{"type":"Point","coordinates":[11.193049,49.0051046]},"properties":{"maxweight":"30"}},{"type":"Feature","geometry":{"type":"Point","coordinates":[11.0660874,49.4128216]},"properties":{"maxheight":"default"}},{"type":"Feature","geometry":{"type":"Point","coordinates":[11.083997,49.3948469]},"properties":{"maxheight":"default"}},{"type":"Feature","geometry":{"type":"Point","coordinates":[11.0844607,49.3949146]},"properties":{"maxheight":"default"}},{"type":"Feature","geometry":{"type":"Point","coordinates":[11.0751564,49.3996297]},"properties":{"maxheight":"default"}},{"type":"Feature","geometry":{"type":"Point","coordinates":[11.10579,49.394995]},"properties":{"maxheight":"default"}},{"type":"Feature","geometry":{"type":"Point","coordinates":[11.0676937,49.4186886]},"properties":{"maxheight":"default"}},{"type":"Feature","geometry":{"type":"Point","coordinates":[11.0662465,49.4223755]},"properties":{"maxheight":"default"}},{"type":"Feature","geometry":{"type":"Point","coordinates":[11.0638107,49.4255]},"properties":{"maxheight":"default"}},{"type":"Feature","geometry":{"type":"Point","coordinates":[11.0665065,49.4128121]},"properties":{"maxheight":"default"}},{"type":"Feature","geometry":{"type":"Point","coordinates":[11.0544569,49.4178048]},"properties":{"maxheight":"default"}},{"type":"Feature","geometry":{"type":"Point","coordinates":[11.0633089,49.4274179]},"properties":{"maxheight":"default"}},{"type":"Feature","geometry":{"type":"Point","coordinates":[11.0628815,49.4384609]},"properties":{"maxheight":"default"}},{"type":"Feature","geometry":{"type":"Point","coordinates":[11.0576252,49.5303883]},"properties":{"maxheight":"default"}},{"type":"Feature","geometry":{"type":"Point","coordinates":[11.0158959,49.5457662]},"properties":{"maxheight":"default"}},{"type":"Feature","geometry":{"type":"Point","coordinates":[11.0300136,49.5385077]},"properties":{"maxheight":"default"}},{"type":"Feature","geometry":{"type":"Point","coordinates":[11.0260731,49.5398692]},"properties":{"maxheight":"default"}},{"type":"Feature","geometry":{"type":"Point","coordinates":[11.0331016,49.5316654]},"properties":{"maxheight":"default"}},{"type":"Feature","geometry":{"type":"Point","coordinates":[11.0267754,49.5393323]},"properties":{"maxheight":"default"}},{"type":"Feature","geometry":{"type":"Point","coordinates":[11.0326864,49.5508949]},"properties":{"maxheight":"default"}},{"type":"Feature","geometry":{"type":"Point","coordinates":[11.0307397,49.5433483]},"properties":{"maxheight":"default"}},{"type":"Feature","geometry":{"type":"Point","coordinates":[11.4403355,49.4990065]},"properties":{"maxheight":"2.0"}},{"type":"Feature","geometry":{"type":"Point","coordinates":[11.0724911,49.6200018]},"properties":{"maxweight":"2"}},{"type":"Feature","geometry":{"type":"Point","coordinates":[11.0038401,49.4849077]},"properties":{"maxheight":"default"}},{"type":"Feature","geometry":{"type":"Point","coordinates":[11.0139496,49.4735987]},"properties":{"maxheight":"default"}},{"type":"Feature","geometry":{"type":"Point","coordinates":[11.0045505,49.4827349]},"properties":{"maxheight":"default"}},{"type":"Feature","geometry":{"type":"Point","coordinates":[11.0064607,49.480165]},"properties":{"maxheight":"default"}},{"type":"Feature","geometry":{"type":"Point","coordinates":[11.0068887,49.4800086]},"properties":{"maxheight":"default"}},{"type":"Feature","geometry":{"type":"Point","coordinates":[11.4554058,49.2829876]},"properties":{"maxweight":"12"}},{"type":"Feature","geometry":{"type":"Point","coordinates":[11.2621949,49.1605406]},"properties":{"maxheight":"default"}},{"type":"Feature","geometry":{"type":"Point","coordinates":[11.114365,49.3492025]},"properties":{"hgv":"delivery","maxweight":"40"}},{"type":"Feature","geometry":{"type":"Point","coordinates":[11.1060876,49.3455581]},"properties":{"hgv":"no","goods":"no","maxwidth":"2.2","maxweight":"12"}},{"type":"Feature","geometry":{"type":"Point","coordinates":[11.1057773,49.3457863]},"properties":{"hgv":"no","goods":"no","maxwidth":"2.2","maxweight":"12"}},{"type":"Feature","geometry":{"type":"Point","coordinates":[11.071257,49.2852289]},"properties":{"maxheight":"2.9"}},{"type":"Feature","geometry":{"type":"Point","coordinates":[11.513205,49.7483746]},"properties":{"hgv":"designated"}},{"type":"Feature","geometry":{"type":"Point","coordinates":[11.6744007,49.9851105]},"properties":{"maxweight":"5"}},{"type":"Feature","geometry":{"type":"Point","coordinates":[11.5278341,49.9676948]},"properties":{"hgv":"destination"}},{"type":"Feature","geometry":{"type":"Point","coordinates":[11.5306861,49.9675813]},"properties":{"hgv":"destination"}},{"type":"Feature","geometry":{"type":"Point","coordinates":[11.5299371,49.9673674]},"properties":{"hgv":"destination"}},{"type":"Feature","geometry":{"type":"Point","coordinates":[11.5312321,49.96795]},"properties":{"hgv":"destination"}},{"type":"Feature","geometry":{"type":"Point","coordinates":[11.5302416,49.9681773]},"properties":{"hgv":"destination"}},{"type":"Feature","geometry":{"type":"Point","coordinates":[11.5173971,49.9650241]},"properties":{"maxweight":"5"}},{"type":"Feature","geometry":{"type":"Point","coordinates":[11.5168509,49.965186]},"properties":{"maxweight":"5"}},{"type":"Feature","geometry":{"type":"Point","coordinates":[11.5157222,49.9654463]},"properties":{"maxweight":"5"}},{"type":"Feature","geometry":{"type":"Point","coordinates":[11.23221,49.3714709]},"properties":{"maxheight:physical":"2"}},{"type":"Feature","geometry":{"type":"Point","coordinates":[11.2521085,49.3611248]},"properties":{"hgv":"no"}},{"type":"Feature","geometry":{"type":"Point","coordinates":[11.0378016,49.3989674]},"properties":{"maxheight":"default"}},{"type":"Feature","geometry":{"type":"Point","coordinates":[11.1107107,49.4523659]},"properties":{"maxheight":"3.8"}},{"type":"Feature","geometry":{"type":"Point","coordinates":[11.075402,49.4495762]},"properties":{"maxheight":"1.9"}},{"type":"Feature","geometry":{"type":"Point","coordinates":[11.8152567,49.0916272]},"properties":{"maxheight":"below_default"}},{"type":"Feature","geometry":{"type":"Point","coordinates":[11.2342723,49.2451303]},"properties":{"maxweight":"10"}},{"type":"Feature","geometry":{"type":"Point","coordinates":[11.1417966,49.4965793]},"properties":{"maxheight":"default"}},{"type":"Feature","geometry":{"type":"Point","coordinates":[11.1408802,49.4972331]},"properties":{"maxheight":"default"}},{"type":"Feature","geometry":{"type":"Point","coordinates":[11.1348137,49.4994382]},"properties":{"maxheight":"default"}},{"type":"Feature","geometry":{"type":"Point","coordinates":[11.1750396,49.478666]},"properties":{"maxheight":"default"}},{"type":"Feature","geometry":{"type":"Point","coordinates":[11.0756843,49.4494044]},"properties":{"maxheight":"1.9"}},{"type":"Feature","geometry":{"type":"Point","coordinates":[11.1895655,49.4672916]},"properties":{"maxheight":"default"}},{"type":"Feature","geometry":{"type":"Point","coordinates":[11.1862386,49.4692725]},"properties":{"maxheight":"default"}},{"type":"Feature","geometry":{"type":"Point","coordinates":[11.1874216,49.4686812]},"properties":{"maxheight":"default"}},{"type":"Feature","geometry":{"type":"Point","coordinates":[11.2084358,49.1948929]},"properties":{"goods":"delivery"}},{"type":"Feature","geometry":{"type":"Point","coordinates":[11.2088091,49.1948522]},"properties":{"goods":"delivery"}},{"type":"Feature","geometry":{"type":"Point","coordinates":[11.5395468,49.751018]},"properties":{"maxweight":"7.5"}},{"type":"Feature","geometry":{"type":"Point","coordinates":[11.2078214,49.1946863]},"properties":{"goods":"delivery"}},{"type":"Feature","geometry":{"type":"Point","coordinates":[11.7670399,49.4897888]},"properties":{"maxweight":"6"}},{"type":"Feature","geometry":{"type":"Point","coordinates":[11.7617381,49.4914298]},"properties":{"maxweight":"7.5"}},{"type":"Feature","geometry":{"type":"Point","coordinates":[11.7622357,49.4915394]},"properties":{"maxweight":"7.5"}},{"type":"Feature","geometry":{"type":"Point","coordinates":[11.0514373,49.3221118]},"properties":{"hgv":"destination","maxweight":"7.5"}},{"type":"Feature","geometry":{"type":"Point","coordinates":[11.0544283,49.3220119]},"properties":{"maxheight":"3.5","maxweight":"7.5"}},{"type":"Feature","geometry":{"type":"Point","coordinates":[11.0532319,49.3217791]},"properties":{"maxheight":"3.5","maxweight":"7.5"}},{"type":"Feature","geometry":{"type":"Point","coordinates":[11.0531822,49.3220631]},"properties":{"maxheight":"3.5","maxweight":"7.5"}},{"type":"Feature","geometry":{"type":"Point","coordinates":[11.0543799,49.3225686]},"properties":{"maxheight":"3.5","maxweight":"7.5"}},{"type":"Feature","geometry":{"type":"Point","coordinates":[11.0532565,49.3216387]},"properties":{"maxheight":"3.5","maxweight":"7.5"}},{"type":"Feature","geometry":{"type":"Point","coordinates":[11.0534024,49.3207934]},"properties":{"maxheight":"3.5","maxweight":"7.5"}},{"type":"Feature","geometry":{"type":"Point","coordinates":[11.0543936,49.3244019]},"properties":{"hgv":"delivery","maxheight":"4","maxweight":"7.5"}},{"type":"Feature","geometry":{"type":"Point","coordinates":[11.0531997,49.3219633]},"properties":{"maxheight":"3.5","maxweight":"7.5"}},{"type":"Feature","geometry":{"type":"Point","coordinates":[11.1562205,49.3726562]},"properties":{"maxheight":"default"}},{"type":"Feature","geometry":{"type":"Point","coordinates":[11.0505564,49.3253916]},"properties":{"maxheight":"default"}},{"type":"Feature","geometry":{"type":"Point","coordinates":[11.0844876,49.3200849]},"properties":{"maxheight":"default"}},{"type":"Feature","geometry":{"type":"Point","coordinates":[11.9361654,49.3373454]},"properties":{"maxheight":"2.8"}},{"type":"Feature","geometry":{"type":"Point","coordinates":[11.9284551,49.3523969]},"properties":{"maxweight":"12"}},{"type":"Feature","geometry":{"type":"Point","coordinates":[11.0507189,49.3252968]},"properties":{"maxheight":"default"}},{"type":"Feature","geometry":{"type":"Point","coordinates":[11.071446,49.4691004]},"properties":{"maxheight":"3"}},{"type":"Feature","geometry":{"type":"Point","coordinates":[11.0395446,49.9744502]},"properties":{"maxweight":"5.5"}},{"type":"Feature","geometry":{"type":"Point","coordinates":[11.5283314,49.9667282]},"properties":{"hgv":"destination"}},{"type":"Feature","geometry":{"type":"Point","coordinates":[11.1300924,49.4613803]},"properties":{"maxweight":"1.5"}},{"type":"Feature","geometry":{"type":"Point","coordinates":[11.1162227,49.4384187]},"properties":{"maxheight":"default"}},{"type":"Feature","geometry":{"type":"Point","coordinates":[11.1159256,49.4384877]},"properties":{"maxheight":"default"}},{"type":"Feature","geometry":{"type":"Point","coordinates":[11.1154086,49.4386975]},"properties":{"maxheight":"default"}},{"type":"Feature","geometry":{"type":"Point","coordinates":[11.1163999,49.4383759]},"properties":{"maxheight":"default"}},{"type":"Feature","geometry":{"type":"Point","coordinates":[11.1161771,49.4385177]},"properties":{"maxheight":"default"}},{"type":"Feature","geometry":{"type":"Point","coordinates":[11.5395202,49.5570934]},"properties":{"maxheight":"2.2"}},{"type":"Feature","geometry":{"type":"Point","coordinates":[11.0248974,49.5935427]},"properties":{"maxheight":"2"}},{"type":"Feature","geometry":{"type":"Point","coordinates":[11.0240732,49.5935534]},"properties":{"maxheight":"2","maxweight":"2.5"}},{"type":"Feature","geometry":{"type":"Point","coordinates":[11.0700274,49.4034966]},"properties":{"maxheight":"5"}},{"type":"Feature","geometry":{"type":"Point","coordinates":[11.6217813,49.5646209]},"properties":{"maxweight":"3.5"}},{"type":"Feature","geometry":{"type":"Point","coordinates":[11.0083555,49.5916215]},"properties":{"maxweight":"3.5"}},{"type":"Feature","geometry":{"type":"Point","coordinates":[11.0082686,49.5902371]},"properties":{"maxweight":"2.5"}},{"type":"Feature","geometry":{"type":"Point","coordinates":[11.0906212,49.2451342]},"properties":{"maxweight":"7.5"}},{"type":"Feature","geometry":{"type":"Point","coordinates":[11.1796818,49.1801845]},"properties":{"hgv":"no"}},{"type":"Feature","geometry":{"type":"Point","coordinates":[11.0525531,49.3225759]},"properties":{"maxheight":"3.5","maxweight":"7.5"}},{"type":"Feature","geometry":{"type":"Point","coordinates":[11.052528,49.322723]},"properties":{"maxheight":"3.5","maxweight":"7.5"}},{"type":"Feature","geometry":{"type":"Point","coordinates":[11.0517165,49.3223715]},"properties":{"maxheight":"3.5","maxweight":"7.5"}},{"type":"Feature","geometry":{"type":"Point","coordinates":[11.0523811,49.3228519]},"properties":{"maxheight":"3.5","maxweight":"7.5"}},{"type":"Feature","geometry":{"type":"Point","coordinates":[11.0533704,49.3232122]},"properties":{"maxheight":"4","maxweight":"7.5"}},{"type":"Feature","geometry":{"type":"Point","coordinates":[11.0515974,49.3230704]},"properties":{"maxheight":"3.5","maxweight":"7.5"}},{"type":"Feature","geometry":{"type":"Point","coordinates":[11.0527892,49.3228862]},"properties":{"maxheight":"3.5","maxweight":"7.5"}},{"type":"Feature","geometry":{"type":"Point","coordinates":[11.052868,49.3224506]},"properties":{"maxheight":"3.5","maxweight":"7.5"}},{"type":"Feature","geometry":{"type":"Point","coordinates":[11.5297987,49.9678105]},"properties":{"hgv":"destination"}},{"type":"Feature","geometry":{"type":"Point","coordinates":[11.0976693,49.4438081]},"properties":{"maxheight":"1.8","maxwidth":"1.8"}},{"type":"Feature","geometry":{"type":"Point","coordinates":[11.5941795,49.0284003]},"properties":{"maxheight":"2.2"}},{"type":"Feature","geometry":{"type":"Point","coordinates":[11.7645576,49.4907635]},"properties":{"maxwidth":"2","maxweight":"7.5"}},{"type":"Feature","geometry":{"type":"Point","coordinates":[11.5771648,49.0308746]},"properties":{"maxheight":"2.2"}},{"type":"Feature","geometry":{"type":"Point","coordinates":[11.1280311,49.4641191]},"properties":{"maxheight":"3.8"}},{"type":"Feature","geometry":{"type":"Point","coordinates":[11.1281234,49.4640546]},"properties":{"maxheight":"3.8"}},{"type":"Feature","geometry":{"type":"Point","coordinates":[11.0078447,49.1146359]},"properties":{"maxheight":"default"}},{"type":"Feature","geometry":{"type":"Point","coordinates":[11.6162707,49.8848056]},"properties":{"maxweight":"3"}},{"type":"Feature","geometry":{"type":"Point","coordinates":[11.0404522,49.6629895]},"properties":{"maxheight":"default"}},{"type":"Feature","geometry":{"type":"Point","coordinates":[11.5295685,49.9674373]},"properties":{"hgv":"destination"}},{"type":"Feature","geometry":{"type":"Point","coordinates":[11.5284603,49.9676401]},"properties":{"hgv":"destination"}},{"type":"Feature","geometry":{"type":"Point","coordinates":[11.1080389,49.4473649]},"properties":{"maxweight":"12"}},{"type":"Feature","geometry":{"type":"Point","coordinates":[11.105529,49.4480891]},"properties":{"maxheight":"4"}},{"type":"Feature","geometry":{"type":"Point","coordinates":[11.0776845,49.4553924]},"properties":{"maxheight":"2.5"}},{"type":"Feature","geometry":{"type":"Point","coordinates":[11.0077348,49.5890685]},"properties":{"maxheight":"2"}},{"type":"Feature","geometry":{"type":"Point","coordinates":[11.0305327,49.5671434]},"properties":{"maxheight":"default"}},{"type":"Feature","geometry":{"type":"Point","coordinates":[11.0236249,49.5720509]},"properties":{"maxheight":"default"}},{"type":"Feature","geometry":{"type":"Point","coordinates":[11.1204465,49.4810645]},"properties":{"maxheight":"default"}},{"type":"Feature","geometry":{"type":"Point","coordinates":[11.1833415,49.1899838]},"properties":{"hgv":"destination","maxweight":"3.5"}},{"type":"Feature","geometry":{"type":"Point","coordinates":[11.1829652,49.192513]},"properties":{"hgv":"destination","maxweight":"3.5"}},{"type":"Feature","geometry":{"type":"Point","coordinates":[11.1855622,49.1966274]},"properties":{"maxweight":"3.5"}},{"type":"Feature","geometry":{"type":"Point","coordinates":[11.1876423,49.1959594]},"properties":{"maxweight":"3.5"}},{"type":"Feature","geometry":{"type":"Point","coordinates":[11.1850291,49.1940871]},"properties":{"maxweight":"3.5"}},{"type":"Feature","geometry":{"type":"Point","coordinates":[11.1784674,49.194871]},"properties":{"maxweight":"3.5"}},{"type":"Feature","geometry":{"type":"Point","coordinates":[11.0902569,49.4351358]},"properties":{"hgv":"no"}},{"type":"Feature","geometry":{"type":"Point","coordinates":[11.7655515,49.49064]},"properties":{"maxwidth":"2"}},{"type":"Feature","geometry":{"type":"Point","coordinates":[11.3789899,49.5871051]},"properties":{"maxweight":"6"}},{"type":"Feature","geometry":{"type":"Point","coordinates":[11.402238,49.6112304]},"properties":{"maxweight":"5"}},{"type":"Feature","geometry":{"type":"Point","coordinates":[11.0729729,49.2799027]},"properties":{"maxheight":"3.1"}},{"type":"Feature","geometry":{"type":"Point","coordinates":[11.7216791,49.7495588]},"properties":{"maxweight":"6"}},{"type":"Feature","geometry":{"type":"Point","coordinates":[11.4443136,49.6323398]},"properties":{"hgv":"agricultural"}},{"type":"Feature","geometry":{"type":"Point","coordinates":[11.0146274,49.4820981]},"properties":{"maxweight":"3.5"}},{"type":"Feature","geometry":{"type":"Point","coordinates":[11.0516699,49.3226592]},"properties":{"maxheight":"3.5","maxweight":"7.5"}},{"type":"Feature","geometry":{"type":"Point","coordinates":[11.0517583,49.3221129]},"properties":{"maxheight":"3.5","maxweight":"7.5"}},{"type":"Feature","geometry":{"type":"Point","coordinates":[11.8907626,49.8707792]},"properties":{"maxheight":"3.9"}},{"type":"Feature","geometry":{"type":"Point","coordinates":[11.8254265,49.7877336]},"properties":{"maxweight":"5.5"}},{"type":"Feature","geometry":{"type":"Point","coordinates":[11.8253861,49.78785]},"properties":{"maxweight":"5.5"}},{"type":"Feature","geometry":{"type":"Point","coordinates":[11.891137,49.8231232]},"properties":{"maxweight":"12.5"}},{"type":"Feature","geometry":{"type":"Point","coordinates":[11.8915323,49.8232582]},"properties":{"maxweight":"12.5"}},{"type":"Feature","geometry":{"type":"Point","coordinates":[11.8861493,49.8209222]},"properties":{"maxweight":"12"}},{"type":"Feature","geometry":{"type":"Point","coordinates":[11.1931091,49.192617]},"properties":{"maxweight":"3.5"}},{"type":"Feature","geometry":{"type":"Point","coordinates":[11.0514481,49.3204182]},"properties":{"hgv":"destination","maxweight":"7.5"}},{"type":"Feature","geometry":{"type":"Point","coordinates":[11.0443301,49.3210172]},"properties":{"maxheight":"default"}},{"type":"Feature","geometry":{"type":"Point","coordinates":[11.0531078,49.3226156]},"properties":{"maxheight":"3.5","maxweight":"7.5"}},{"type":"Feature","geometry":{"type":"Point","coordinates":[11.0525531,49.3225759]},"properties":{"maxheight":"3.5","maxweight":"7.5"}},{"type":"Feature","geometry":{"type":"Point","coordinates":[11.1055348,49.4588643]},"properties":{"maxheight":"3"}},{"type":"Feature","geometry":{"type":"Point","coordinates":[11.0036279,49.4613422]},"properties":{"maxweight":"7.5"}},{"type":"Feature","geometry":{"type":"Point","coordinates":[11.1977606,49.4135052]},"properties":{"maxheight":"default"}},{"type":"Feature","geometry":{"type":"Point","coordinates":[11.1115244,49.2506175]},"properties":{"maxheight":"default"}},{"type":"Feature","geometry":{"type":"Point","coordinates":[11.1107298,49.2550195]},"properties":{"maxheight":"default"}},{"type":"Feature","geometry":{"type":"Point","coordinates":[11.3175843,49.3357178]},"properties":{"maxheight":"3.5"}},{"type":"Feature","geometry":{"type":"Point","coordinates":[11.5940499,49.9338385]},"properties":{"hgv":"no"}},{"type":"Feature","geometry":{"type":"Point","coordinates":[11.2136052,49.2628215]},"properties":{"maxheight":"3.8"}},{"type":"Feature","geometry":{"type":"Point","coordinates":[11.3364426,49.0465324]},"properties":{"hgv":"no","goods":"no"}},{"type":"Feature","geometry":{"type":"Point","coordinates":[11.2163098,49.2453014]},"properties":{"maxheight":"4"}},{"type":"Feature","geometry":{"type":"Point","coordinates":[11.3522224,49.3792346]},"properties":{"hgv":"delivery"}},{"type":"Feature","geometry":{"type":"Point","coordinates":[11.0491185,49.4351316]},"properties":{"maxheight":"3.8"}},{"type":"Feature","geometry":{"type":"Point","coordinates":[11.2730679,49.1301971]},"properties":{"hgv":"no"}},{"type":"Feature","geometry":{"type":"Point","coordinates":[11.2729462,49.1298438]},"properties":{"hgv":"designated"}},{"type":"Feature","geometry":{"type":"Point","coordinates":[11.2708803,49.1295868]},"properties":{"hgv":"no"}},{"type":"Feature","geometry":{"type":"Point","coordinates":[11.2252829,49.2187113]},"properties":{"hgv":"designated"}},{"type":"Feature","geometry":{"type":"Point","coordinates":[11.2245464,49.2210706]},"properties":{"hgv":"no"}},{"type":"Feature","geometry":{"type":"Point","coordinates":[11.2712478,49.1295043]},"properties":{"hgv":"designated"}},{"type":"Feature","geometry":{"type":"Point","coordinates":[11.5071917,49.7733]},"properties":{"maxheight":"default"}},{"type":"Feature","geometry":{"type":"Point","coordinates":[11.024575,49.8229485]},"properties":{"hgv":"no"}},{"type":"Feature","geometry":{"type":"Point","coordinates":[11.8615504,49.7712351]},"properties":{"maxweight":"3.5"}},{"type":"Feature","geometry":{"type":"Point","coordinates":[11.3901756,49.813221]},"properties":{"maxweight":"5.5"}},{"type":"Feature","geometry":{"type":"Point","coordinates":[11.4095972,49.8163584]},"properties":{"maxweight":"5"}},{"type":"Feature","geometry":{"type":"Point","coordinates":[11.9366529,49.6440559]},"properties":{"maxweight":"7.5"}},{"type":"Feature","geometry":{"type":"Point","coordinates":[11.1871825,49.1270116]},"properties":{"maxweight":"7.5"}},{"type":"Feature","geometry":{"type":"Point","coordinates":[11.3887599,49.0726196]},"properties":{"maxweight":"7.5"}},{"type":"Feature","geometry":{"type":"Point","coordinates":[11.0013809,49.2252827]},"properties":{"maxweight":"3.5"}},{"type":"Feature","geometry":{"type":"Point","coordinates":[11.2104957,49.2563866]},"properties":{"maxweight":"10"}},{"type":"Feature","geometry":{"type":"Point","coordinates":[11.131674,49.2191664]},"properties":{"maxlength":"10"}},{"type":"Feature","geometry":{"type":"Point","coordinates":[11.1209148,49.1151664]},"properties":{"maxwidth":"2","maxweight":"12"}},{"type":"Feature","geometry":{"type":"Point","coordinates":[11.8060188,49.0967054]},"properties":{"maxheight":"2","maxweight":"3"}},{"type":"Feature","geometry":{"type":"Point","coordinates":[11.4326985,49.5055103]},"properties":{"maxweight":"30"}},{"type":"Feature","geometry":{"type":"Point","coordinates":[11.1720402,49.1845619]},"properties":{"maxweight":"10"}},{"type":"Feature","geometry":{"type":"Point","coordinates":[11.172023,49.1834685]},"properties":{"maxweight":"10"}},{"type":"Feature","geometry":{"type":"Point","coordinates":[11.9838569,49.9204876]},"properties":{"maxweight":"7.5"}},{"type":"Feature","geometry":{"type":"Point","coordinates":[11.1304099,49.2284944]},"properties":{"maxweight":"7.5"}},{"type":"Feature","geometry":{"type":"Point","coordinates":[11.1813556,49.1975304]},"properties":{"maxweight":"10"}},{"type":"Feature","geometry":{"type":"Point","coordinates":[11.090547,49.2459019]},"properties":{"maxweight":"7.5"}},{"type":"Feature","geometry":{"type":"Point","coordinates":[11.0825326,49.1121004]},"properties":{"maxweight":"7.5"}},{"type":"Feature","geometry":{"type":"Point","coordinates":[11.2240964,49.223873]},"properties":{"maxheight":"3.8"}},{"type":"Feature","geometry":{"type":"Point","coordinates":[11.227879,49.2138035]},"properties":{"maxheight":"3.7"}},{"type":"Feature","geometry":{"type":"Point","coordinates":[11.2198709,49.2421958]},"properties":{"maxheight":"3.4"}},{"type":"Feature","geometry":{"type":"Point","coordinates":[11.2176271,49.2221214]},"properties":{"maxweight":"7.5"}},{"type":"Feature","geometry":{"type":"Point","coordinates":[11.7665882,49.4081953]},"properties":{"maxheight":"default"}},{"type":"Feature","geometry":{"type":"Point","coordinates":[11.1911422,49.2301395]},"properties":{"maxweight":"3.8"}},{"type":"Feature","geometry":{"type":"Point","coordinates":[11.1710705,49.175043]},"properties":{"maxweight":"10"}},{"type":"Feature","geometry":{"type":"Point","coordinates":[11.1824675,49.1766143]},"properties":{"maxweight":"10"}},{"type":"Feature","geometry":{"type":"Point","coordinates":[11.2944043,49.3430242]},"properties":{"maxweight":"3.5"}},{"type":"Feature","geometry":{"type":"Point","coordinates":[11.446315,49.0789458]},"properties":{"maxweight":"15"}},{"type":"Feature","geometry":{"type":"Point","coordinates":[11.1860198,49.2368903]},"properties":{"maxweight":"10"}},{"type":"Feature","geometry":{"type":"Point","coordinates":[11.5877156,49.0347955]},"properties":{"hgv":"destination"}},{"type":"Feature","geometry":{"type":"Point","coordinates":[11.590164,49.0341569]},"properties":{"hgv":"destination"}},{"type":"Feature","geometry":{"type":"Point","coordinates":[11.1296446,49.4063808]},"properties":{"maxheight":"default"}},{"type":"Feature","geometry":{"type":"Point","coordinates":[11.5932421,49.9428259]},"properties":{"hgv":"no"}},{"type":"Feature","geometry":{"type":"Point","coordinates":[11.592144,49.9424768]},"properties":{"hgv":"no"}},{"type":"Feature","geometry":{"type":"Point","coordinates":[11.5686322,49.9298071]},"properties":{"hgv":"destination"}},{"type":"Feature","geometry":{"type":"Point","coordinates":[11.5677969,49.9375375]},"properties":{"hgv":"destination"}},{"type":"Feature","geometry":{"type":"Point","coordinates":[11.5670758,49.9349896]},"properties":{"hgv":"destination"}},{"type":"Feature","geometry":{"type":"Point","coordinates":[11.9327317,49.7535967]},"properties":{"maxweight":"5"}},{"type":"Feature","geometry":{"type":"Point","coordinates":[11.5992209,49.9554461]},"properties":{"hgv":"destination"}},{"type":"Feature","geometry":{"type":"Point","coordinates":[11.5861274,49.9537386]},"properties":{"hgv":"no"}},{"type":"Feature","geometry":{"type":"Point","coordinates":[11.5876408,49.9538052]},"properties":{"hgv":"no"}},{"type":"Feature","geometry":{"type":"Point","coordinates":[11.5844993,49.9565882]},"properties":{"hgv":"no"}},{"type":"Feature","geometry":{"type":"Point","coordinates":[11.5887247,49.9535744]},"properties":{"hgv":"no"}},{"type":"Feature","geometry":{"type":"Point","coordinates":[11.5845828,49.9536698]},"properties":{"hgv":"no"}},{"type":"Feature","geometry":{"type":"Point","coordinates":[11.1268363,49.4080807]},"properties":{"maxheight":"default"}},{"type":"Feature","geometry":{"type":"Point","coordinates":[11.0223613,49.557354]},"properties":{"maxweight":"7.5"}},{"type":"Feature","geometry":{"type":"Point","coordinates":[11.2860527,49.5004072]},"properties":{"maxheight":"default"}},{"type":"Feature","geometry":{"type":"Point","coordinates":[11.2853655,49.4995203]},"properties":{"maxheight":"default"}},{"type":"Feature","geometry":{"type":"Point","coordinates":[11.2945256,49.5065875]},"properties":{"maxheight":"default"}},{"type":"Feature","geometry":{"type":"Point","coordinates":[11.4397984,49.512933]},"properties":{"maxheight":"2.65"}},{"type":"Feature","geometry":{"type":"Point","coordinates":[11.440054,49.5130952]},"properties":{"maxheight":"2.65"}},{"type":"Feature","geometry":{"type":"Point","coordinates":[11.2155125,49.2483509]},"properties":{"maxheight":"default"}},{"type":"Feature","geometry":{"type":"Point","coordinates":[11.2605029,49.1758505]},"properties":{"maxheight":"default"}},{"type":"Feature","geometry":{"type":"Point","coordinates":[11.2636551,49.1635686]},"properties":{"maxheight":"default"}},{"type":"Feature","geometry":{"type":"Point","coordinates":[11.2650443,49.1560114]},"properties":{"maxheight":"default"}},{"type":"Feature","geometry":{"type":"Point","coordinates":[11.0765461,49.4450599]},"properties":{"maxheight":"2.1"}},{"type":"Feature","geometry":{"type":"Point","coordinates":[11.0142559,49.4646153]},"properties":{"maxheight":"default"}},{"type":"Feature","geometry":{"type":"Point","coordinates":[11.0153715,49.4650411]},"properties":{"maxheight":"default"}},{"type":"Feature","geometry":{"type":"Point","coordinates":[11.0163677,49.4687703]},"properties":{"maxheight":"default"}},{"type":"Feature","geometry":{"type":"Point","coordinates":[11.0153883,49.4642126]},"properties":{"maxheight":"default"}},{"type":"Feature","geometry":{"type":"Point","coordinates":[11.0162691,49.4703975]},"properties":{"maxheight":"default"}},{"type":"Feature","geometry":{"type":"Point","coordinates":[11.0149061,49.4635562]},"properties":{"maxheight":"default"}},{"type":"Feature","geometry":{"type":"Point","coordinates":[11.0150857,49.4630364]},"properties":{"maxheight":"default"}},{"type":"Feature","geometry":{"type":"Point","coordinates":[11.0242768,49.4571851]},"properties":{"maxheight":"default"}},{"type":"Feature","geometry":{"type":"Point","coordinates":[11.0533079,49.4181495]},"properties":{"maxheight":"default"}},{"type":"Feature","geometry":{"type":"Point","coordinates":[11.0440018,49.4210979]},"properties":{"maxheight":"default"}},{"type":"Feature","geometry":{"type":"Point","coordinates":[11.0439359,49.4212101]},"properties":{"maxheight":"default"}},{"type":"Feature","geometry":{"type":"Point","coordinates":[11.0289851,49.4269258]},"properties":{"maxheight":"default"}},{"type":"Feature","geometry":{"type":"Point","coordinates":[11.0359515,49.4237348]},"properties":{"maxheight":"default"}},{"type":"Feature","geometry":{"type":"Point","coordinates":[11.0398457,49.4224048]},"properties":{"maxheight":"default"}},{"type":"Feature","geometry":{"type":"Point","coordinates":[11.0672555,49.470448]},"properties":{"maxheight":"default"}},{"type":"Feature","geometry":{"type":"Point","coordinates":[11.1136315,49.4595829]},"properties":{"maxheight":"default"}},{"type":"Feature","geometry":{"type":"Point","coordinates":[11.002286,49.439616]},"properties":{"maxheight":"default"}},{"type":"Feature","geometry":{"type":"Point","coordinates":[11.0628343,49.4355463]},"properties":{"maxheight":"default"}},{"type":"Feature","geometry":{"type":"Point","coordinates":[11.1810098,49.1486107]},"properties":{"maxweight":"10"}},{"type":"Feature","geometry":{"type":"Point","coordinates":[11.1805948,49.149373]},"properties":{"maxweight":"10"}},{"type":"Feature","geometry":{"type":"Point","coordinates":[11.1765121,49.1548141]},"properties":{"maxweight":"10"}},{"type":"Feature","geometry":{"type":"Point","coordinates":[11.177259,49.1551422]},"properties":{"maxweight":"10"}},{"type":"Feature","geometry":{"type":"Point","coordinates":[11.4505094,49.0037799]},"properties":{"maxheight":"3.1"}},{"type":"Feature","geometry":{"type":"Point","coordinates":[11.0742423,49.4514998]},"properties":{"maxheight":"1.8"}},{"type":"Feature","geometry":{"type":"Point","coordinates":[11.0798009,49.4357076]},"properties":{"maxheight":"2.8"}},{"type":"Feature","geometry":{"type":"Point","coordinates":[11.079013,49.4364106]},"properties":{"maxheight":"below_default"}},{"type":"Feature","geometry":{"type":"Point","coordinates":[11.0793725,49.4365129]},"properties":{"maxheight":"below_default"}},{"type":"Feature","geometry":{"type":"Point","coordinates":[11.0855775,49.4482285]},"properties":{"maxheight":"default"}},{"type":"Feature","geometry":{"type":"Point","coordinates":[11.0510317,49.4932201]},"properties":{"maxheight":"2.6"}},{"type":"Feature","geometry":{"type":"Point","coordinates":[11.5911012,49.0339578]},"properties":{"hgv":"destination"}},{"type":"Feature","geometry":{"type":"Point","coordinates":[11.4325402,49.3289626]},"properties":{"maxweight":"7.5"}},{"type":"Feature","geometry":{"type":"Point","coordinates":[11.4398004,49.6502098]},"properties":{"hgv":"no","maxheight":"3"}},{"type":"Feature","geometry":{"type":"Point","coordinates":[11.2110738,49.3815463]},"properties":{"maxheight":"5"}},{"type":"Feature","geometry":{"type":"Point","coordinates":[11.2278435,49.5557418]},"properties":{"maxweight":"6"}},{"type":"Feature","geometry":{"type":"Point","coordinates":[11.2420674,49.5608593]},"properties":{"maxweight":"6"}},{"type":"Feature","geometry":{"type":"Point","coordinates":[11.2304077,49.5572745]},"properties":{"maxweight":"6"}},{"type":"Feature","geometry":{"type":"Point","coordinates":[11.0792216,49.4940632]},"properties":{"maxheight":"3.3 m"}},{"type":"Feature","geometry":{"type":"Point","coordinates":[11.0788257,49.4940045]},"properties":{"maxheight":"3.3 m"}},{"type":"Feature","geometry":{"type":"Point","coordinates":[11.4051273,49.6224696]},"properties":{"maxweight":"5"}},{"type":"Feature","geometry":{"type":"Point","coordinates":[11.4817897,49.7201783]},"properties":{"maxheight":"default"}},{"type":"Feature","geometry":{"type":"Point","coordinates":[11.467522,49.7061788]},"properties":{"maxheight":"default"}},{"type":"Feature","geometry":{"type":"Point","coordinates":[11.2765055,49.5203578]},"properties":{"maxweight":"2.8"}},{"type":"Feature","geometry":{"type":"Point","coordinates":[11.0598171,49.454254]},"properties":{"maxheight":"4"}},{"type":"Feature","geometry":{"type":"Point","coordinates":[11.5658952,49.9366208]},"properties":{"hgv":"destination"}},{"type":"Feature","geometry":{"type":"Point","coordinates":[11.5688111,49.9395396]},"properties":{"hgv":"destination"}},{"type":"Feature","geometry":{"type":"Point","coordinates":[11.1434451,49.4130246]},"properties":{"hgv":"no"}},{"type":"Feature","geometry":{"type":"Point","coordinates":[11.1742619,49.4129709]},"properties":{"maxheight":"default"}},{"type":"Feature","geometry":{"type":"Point","coordinates":[11.1292309,49.4292534]},"properties":{"hgv":"no"}},{"type":"Feature","geometry":{"type":"Point","coordinates":[11.1174515,49.4372256]},"properties":{"maxheight":"default"}},{"type":"Feature","geometry":{"type":"Point","coordinates":[11.1172595,49.4371089]},"properties":{"maxheight":"default"}},{"type":"Feature","geometry":{"type":"Point","coordinates":[11.1321091,49.4590429]},"properties":{"maxheight":"3.5"}},{"type":"Feature","geometry":{"type":"Point","coordinates":[11.5442892,49.9384271]},"properties":{"goods":"yes"}},{"type":"Feature","geometry":{"type":"Point","coordinates":[11.543788,49.9385598]},"properties":{"goods":"yes"}},{"type":"Feature","geometry":{"type":"Point","coordinates":[11.5443347,49.9387105]},"properties":{"goods":"yes"}},{"type":"Feature","geometry":{"type":"Point","coordinates":[11.5445743,49.9387738]},"properties":{"goods":"yes"}},{"type":"Feature","geometry":{"type":"Point","coordinates":[11.5204318,49.9790643]},"properties":{"maxweight":"12"}},{"type":"Feature","geometry":{"type":"Point","coordinates":[11.7981309,49.5257565]},"properties":{"hgv":"destination","maxweight":"7.5"}},{"type":"Feature","geometry":{"type":"Point","coordinates":[11.797953,49.5240709]},"properties":{"hgv":"destination","maxweight":"7.5"}},{"type":"Feature","geometry":{"type":"Point","coordinates":[11.4590185,49.2979808]},"properties":{"maxweight":"12"}},{"type":"Feature","geometry":{"type":"Point","coordinates":[11.4588936,49.2980045]},"properties":{"maxweight":"12"}},{"type":"Feature","geometry":{"type":"Point","coordinates":[11.4526813,49.2806219]},"properties":{"hgv":"no"}},{"type":"Feature","geometry":{"type":"Point","coordinates":[11.4558325,49.282642]},"properties":{"maxweight":"12"}},{"type":"Feature","geometry":{"type":"Point","coordinates":[11.4545552,49.2828544]},"properties":{"maxweight":"12"}},{"type":"Feature","geometry":{"type":"Point","coordinates":[11.0825113,49.4651104]},"properties":{"maxheight":"3.50"}},{"type":"Feature","geometry":{"type":"Point","coordinates":[11.0019454,49.8166129]},"properties":{"maxweight":"7.5"}},{"type":"Feature","geometry":{"type":"Point","coordinates":[11.601042,49.8943269]},"properties":{"hgv":"designated"}},{"type":"Feature","geometry":{"type":"Point","coordinates":[11.5994273,49.8947415]},"properties":{"hgv":"designated"}},{"type":"Feature","geometry":{"type":"Point","coordinates":[11.1859559,49.1967682]},"properties":{"maxweight":"3.5"}},{"type":"Feature","geometry":{"type":"Point","coordinates":[11.0781141,49.1072856]},"properties":{"maxweight":"7.5"}},{"type":"Feature","geometry":{"type":"Point","coordinates":[11.0936509,49.0966851]},"properties":{"maxweight":"12"}},{"type":"Feature","geometry":{"type":"Point","coordinates":[11.0868275,49.1177608]},"properties":{"maxweight":"7.5"}},{"type":"Feature","geometry":{"type":"Point","coordinates":[11.0729945,49.106477]},"properties":{"maxweight":"7.5"}},{"type":"Feature","geometry":{"type":"Point","coordinates":[11.0846606,49.1016149]},"properties":{"maxweight":"12"}},{"type":"Feature","geometry":{"type":"Point","coordinates":[11.0916743,49.0994333]},"properties":{"maxweight":"12"}},{"type":"Feature","geometry":{"type":"Point","coordinates":[11.0958771,49.0935429]},"properties":{"maxweight":"12"}},{"type":"Feature","geometry":{"type":"Point","coordinates":[11.1482095,49.2000452]},"properties":{"maxweight":"10"}},{"type":"Feature","geometry":{"type":"Point","coordinates":[11.1699922,49.2132]},"properties":{"maxweight":"10"}},{"type":"Feature","geometry":{"type":"Point","coordinates":[11.739561,49.5081179]},"properties":{"hgv":"destination","maxweight":"7.5"}},{"type":"Feature","geometry":{"type":"Point","coordinates":[11.757682,49.5046601]},"properties":{"maxheight":"2.5"}},{"type":"Feature","geometry":{"type":"Point","coordinates":[11.0634786,49.4274095]},"properties":{"maxheight":"default"}},{"type":"Feature","geometry":{"type":"Point","coordinates":[11.2808444,49.5211058]},"properties":{"maxweight":"7.5"}},{"type":"Feature","geometry":{"type":"Point","coordinates":[11.4745751,49.0339558]},"properties":{"hgv":"delivery"}},{"type":"Feature","geometry":{"type":"Point","coordinates":[11.5891901,49.0345164]},"properties":{"hgv":"destination"}},{"type":"Feature","geometry":{"type":"Point","coordinates":[11.6008246,49.0471322]},"properties":{"maxweight":"12"}},{"type":"Feature","geometry":{"type":"Point","coordinates":[11.5199163,49.014133]},"properties":{"maxweight":"6"}},{"type":"Feature","geometry":{"type":"Point","coordinates":[11.8979207,49.6271993]},"properties":{"hgv":"agricultural"}},{"type":"Feature","geometry":{"type":"Point","coordinates":[11.7674007,49.4903444]},"properties":{"maxweight":"7.5"}},{"type":"Feature","geometry":{"type":"Point","coordinates":[11.7665038,49.4902912]},"properties":{"maxweight":"7.5"}},{"type":"Feature","geometry":{"type":"Point","coordinates":[11.7654039,49.4904689]},"properties":{"maxwidth":"2","maxweight":"7.5"}},{"type":"Feature","geometry":{"type":"Point","coordinates":[11.7654588,49.4900693]},"properties":{"maxweight":"7.5"}},{"type":"Feature","geometry":{"type":"Point","coordinates":[11.7667911,49.4908269]},"properties":{"maxwidth":"2"}},{"type":"Feature","geometry":{"type":"Point","coordinates":[11.541744,49.8742188]},"properties":{"maxheight":"default"}},{"type":"Feature","geometry":{"type":"Point","coordinates":[11.576973,49.8820381]},"properties":{"maxheight":"default"}},{"type":"Feature","geometry":{"type":"Point","coordinates":[11.486627,49.0401582]},"properties":{"maxweight":"12"}},{"type":"Feature","geometry":{"type":"Point","coordinates":[11.3723492,49.0785336]},"properties":{"maxweight":"7.5"}},{"type":"Feature","geometry":{"type":"Point","coordinates":[11.0344113,49.7670185]},"properties":{"maxweight":"5.5"}},{"type":"Feature","geometry":{"type":"Point","coordinates":[11.2647776,49.6989661]},"properties":{"hgv":"no"}},{"type":"Feature","geometry":{"type":"Point","coordinates":[11.0256079,49.5889531]},"properties":{"maxheight":"2"}},{"type":"Feature","geometry":{"type":"Point","coordinates":[11.8637164,49.4640098]},"properties":{"hgv":"agricultural"}},{"type":"Feature","geometry":{"type":"Point","coordinates":[11.5035948,49.0077735]},"properties":{"hgv":"no"}},{"type":"Feature","geometry":{"type":"Point","coordinates":[11.5265974,49.0222616]},"properties":{"maxweight":"6"}},{"type":"Feature","geometry":{"type":"Point","coordinates":[11.4503801,49.0046827]},"properties":{"maxheight":"2.10"}},{"type":"Feature","geometry":{"type":"Point","coordinates":[11.4505216,49.0040829]},"properties":{"maxheight":"2.10"}},{"type":"Feature","geometry":{"type":"Point","coordinates":[11.7068914,49.8668232]},"properties":{"maxweight":"5"}},{"type":"Feature","geometry":{"type":"Point","coordinates":[11.0761737,49.4432186]},"properties":{"maxheight":"below_default"}},{"type":"Feature","geometry":{"type":"Point","coordinates":[11.2185921,49.594864]},"properties":{"maxheight":"2.6","maxweight":"7.5"}},{"type":"Feature","geometry":{"type":"Point","coordinates":[11.9676357,49.1592047]},"properties":{"hgv":"delivery"}},{"type":"Feature","geometry":{"type":"Point","coordinates":[11.9534928,49.1609914]},"properties":{"hgv":"no","maxwidth":"2.3"}},{"type":"Feature","geometry":{"type":"Point","coordinates":[11.0506427,49.4516209]},"properties":{"maxheight":"3"}},{"type":"Feature","geometry":{"type":"Point","coordinates":[11.9712145,49.6833127]},"properties":{"maxweight":"7.5"}},{"type":"Feature","geometry":{"type":"Point","coordinates":[11.966368,49.680853]},"properties":{"maxweight":"7.5"}},{"type":"Feature","geometry":{"type":"Point","coordinates":[11.9657729,49.6805781]},"properties":{"maxweight":"7.5"}},{"type":"Feature","geometry":{"type":"Point","coordinates":[11.9594031,49.678849]},"properties":{"maxweight":"7.5"}},{"type":"Feature","geometry":{"type":"Point","coordinates":[11.2241915,49.4388757]},"properties":{"maxheight":"default"}},{"type":"Feature","geometry":{"type":"Point","coordinates":[11.8683813,49.487581]},"properties":{"maxweight":"7.5"}},{"type":"Feature","geometry":{"type":"Point","coordinates":[11.0577815,49.0701451]},"properties":{"maxweight":"6"}},{"type":"Feature","geometry":{"type":"Point","coordinates":[11.1397909,49.3770618]},"properties":{"maxheight":"default"}},{"type":"Feature","geometry":{"type":"Point","coordinates":[11.0204588,49.3106557]},"properties":{"maxheight":"default"}},{"type":"Feature","geometry":{"type":"Point","coordinates":[11.061714,49.6991188]},"properties":{"maxheight":"default"}},{"type":"Feature","geometry":{"type":"Point","coordinates":[11.1670455,49.1652645]},"properties":{"maxweight":"10"}},{"type":"Feature","geometry":{"type":"Point","coordinates":[11.0149272,49.4176172]},"properties":{"maxweight":"26"}},{"type":"Feature","geometry":{"type":"Point","coordinates":[11.0163972,49.4173509]},"properties":{"maxweight":"26"}},{"type":"Feature","geometry":{"type":"Point","coordinates":[11.8691105,49.4884383]},"properties":{"maxweight":"7.5"}},{"type":"Feature","geometry":{"type":"Point","coordinates":[11.4057383,49.0693623]},"properties":{"hgv":"agricultural"}},{"type":"Feature","geometry":{"type":"Point","coordinates":[11.1401052,49.4230211]},"properties":{"maxheight":"4"}},{"type":"Feature","geometry":{"type":"Point","coordinates":[11.8876844,49.090192]},"properties":{"maxheight":"default"}},{"type":"Feature","geometry":{"type":"Point","coordinates":[11.1188366,49.438247]},"properties":{"hgv":"no"}},{"type":"Feature","geometry":{"type":"Point","coordinates":[11.1031605,49.4369102]},"properties":{"maxheight":"2"}},{"type":"Feature","geometry":{"type":"Point","coordinates":[11.0470645,49.0620747]},"properties":{"maxweight":"6"}},{"type":"Feature","geometry":{"type":"Point","coordinates":[11.047159,49.0600219]},"properties":{"maxweight":"6"}},{"type":"Feature","geometry":{"type":"Point","coordinates":[11.134876,49.3796465]},"properties":{"maxheight":"default"}},{"type":"Feature","geometry":{"type":"Point","coordinates":[11.9156583,49.4161732]},"properties":{"maxweight":"3.5"}},{"type":"Feature","geometry":{"type":"Point","coordinates":[11.1981389,49.3630439]},"properties":{"maxheight":"default"}},{"type":"Feature","geometry":{"type":"Point","coordinates":[11.3158672,49.5291138]},"properties":{"maxheight":"default"}},{"type":"Feature","geometry":{"type":"Point","coordinates":[11.3049399,49.5164584]},"properties":{"maxheight":"default"}},{"type":"Feature","geometry":{"type":"Point","coordinates":[11.3271685,49.5670752]},"properties":{"hgv":"no"}},{"type":"Feature","geometry":{"type":"Point","coordinates":[11.4189015,49.6292046]},"properties":{"maxheight":"default"}},{"type":"Feature","geometry":{"type":"Point","coordinates":[11.5134311,49.749244]},"properties":{"hgv":"no","goods":"no"}},{"type":"Feature","geometry":{"type":"Point","coordinates":[11.511958,49.7463983]},"properties":{"hgv":"designated"}},{"type":"Feature","geometry":{"type":"Point","coordinates":[11.5106854,49.7489519]},"properties":{"hgv":"no","goods":"no"}},{"type":"Feature","geometry":{"type":"Point","coordinates":[11.6053032,49.912516]},"properties":{"maxheight":"default"}},{"type":"Feature","geometry":{"type":"Point","coordinates":[11.3722326,49.8986108]},"properties":{"maxweight":"5"}},{"type":"Feature","geometry":{"type":"Point","coordinates":[11.0027074,49.5959734]},"properties":{"hgv":"yes"}},{"type":"Feature","geometry":{"type":"Point","coordinates":[11.8139476,49.0952201]},"properties":{"maxweight":"7.5"}},{"type":"Feature","geometry":{"type":"Point","coordinates":[11.1442258,49.2086986]},"properties":{"maxweight":"10"}},{"type":"Feature","geometry":{"type":"Point","coordinates":[11.4410982,49.288074]},"properties":{"maxheight":"2.8"}},{"type":"Feature","geometry":{"type":"Point","coordinates":[11.3230992,49.5528352]},"properties":{"maxheight":"default"}},{"type":"Feature","geometry":{"type":"Point","coordinates":[11.4486587,49.6505876]},"properties":{"maxheight":"default"}},{"type":"Feature","geometry":{"type":"Point","coordinates":[11.5495719,49.8796715]},"properties":{"maxheight":"default"}},{"type":"Feature","geometry":{"type":"Point","coordinates":[11.2241642,49.4657283]},"properties":{"maxheight":"default"}},{"type":"Feature","geometry":{"type":"Point","coordinates":[11.2333708,49.4472019]},"properties":{"maxheight":"default"}},{"type":"Feature","geometry":{"type":"Point","coordinates":[11.2435205,49.4585487]},"properties":{"maxheight":"default"}},{"type":"Feature","geometry":{"type":"Point","coordinates":[11.4607504,49.2631588]},"properties":{"hgv":"no"}},{"type":"Feature","geometry":{"type":"Point","coordinates":[11.4689261,49.0362821]},"properties":{"hgv":"delivery"}},{"type":"Feature","geometry":{"type":"Point","coordinates":[11.019604,49.5426872]},"properties":{"maxheight":"default"}},{"type":"Feature","geometry":{"type":"Point","coordinates":[11.6067231,49.9763218]},"properties":{"maxheight":"default"}},{"type":"Feature","geometry":{"type":"Point","coordinates":[11.607232,49.9548124]},"properties":{"maxheight":"default"}},{"type":"Feature","geometry":{"type":"Point","coordinates":[11.6058586,49.959491]},"properties":{"maxheight":"default"}},{"type":"Feature","geometry":{"type":"Point","coordinates":[11.5813857,49.9566498]},"properties":{"maxheight":"default"}},{"type":"Feature","geometry":{"type":"Point","coordinates":[11.1852868,49.1770197]},"properties":{"maxweight":"10"}},{"type":"Feature","geometry":{"type":"Point","coordinates":[11.5814295,49.9461198]},"properties":{"maxheight":"5"}},{"type":"Feature","geometry":{"type":"Point","coordinates":[11.613983,49.5660137]},"properties":{"maxweight":"3.5"}},{"type":"Feature","geometry":{"type":"Point","coordinates":[11.7393121,49.15001]},"properties":{"maxweight":"6"}},{"type":"Feature","geometry":{"type":"Point","coordinates":[11.2120225,49.1724351]},"properties":{"maxweight":"6"}},{"type":"Feature","geometry":{"type":"Point","coordinates":[11.803467,49.5333266]},"properties":{"maxheight":"2.8"}},{"type":"Feature","geometry":{"type":"Point","coordinates":[11.2130487,49.1666897]},"properties":{"maxweight":"6"}},{"type":"Feature","geometry":{"type":"Point","coordinates":[11.175246,49.1719476]},"properties":{"maxweight":"10"}},{"type":"Feature","geometry":{"type":"Point","coordinates":[11.2994597,49.4038917]},"properties":{"maxheight":"default"}},{"type":"Feature","geometry":{"type":"Point","coordinates":[11.4063311,49.3702734]},"properties":{"maxweight":"3.5"}},{"type":"Feature","geometry":{"type":"Point","coordinates":[11.1004035,49.4417858]},"properties":{"maxheight":"2.4"}},{"type":"Feature","geometry":{"type":"Point","coordinates":[11.1286907,49.6113725]},"properties":{"maxheight":"3.2 m"}},{"type":"Feature","geometry":{"type":"Point","coordinates":[11.128678,49.6113455]},"properties":{"maxheight":"3.2 m"}},{"type":"Feature","geometry":{"type":"Point","coordinates":[11.1295577,49.6125764]},"properties":{"maxheight":"3.2 m"}},{"type":"Feature","geometry":{"type":"Point","coordinates":[11.1295747,49.6128172]},"properties":{"maxheight":"3.2 m"}},{"type":"Feature","geometry":{"type":"Point","coordinates":[11.0697746,49.4616315]},"properties":{"maxheight":"3.40"}},{"type":"Feature","geometry":{"type":"Point","coordinates":[11.0942028,49.441339]},"properties":{"maxheight":"3.1"}},{"type":"Feature","geometry":{"type":"Point","coordinates":[11.2043121,49.4203419]},"properties":{"maxheight":"default"}},{"type":"Feature","geometry":{"type":"Point","coordinates":[11.1977801,49.4139049]},"properties":{"maxheight":"default"}},{"type":"Feature","geometry":{"type":"Point","coordinates":[11.1260388,49.6126599]},"properties":{"maxweight":"7.5"}},{"type":"Feature","geometry":{"type":"Point","coordinates":[11.0884598,49.6023898]},"properties":{"maxweight":"1.5"}},{"type":"Feature","geometry":{"type":"Point","coordinates":[11.8049535,49.6107255]},"properties":{"maxheight":"3","maxwidth":"2.5"}},{"type":"Feature","geometry":{"type":"Point","coordinates":[11.1213745,49.4569693]},"properties":{"maxheight":"default"}},{"type":"Feature","geometry":{"type":"Point","coordinates":[11.122149,49.4566416]},"properties":{"maxheight":"default"}},{"type":"Feature","geometry":{"type":"Point","coordinates":[11.0455422,49.151838]},"properties":{"maxheight":"4"}},{"type":"Feature","geometry":{"type":"Point","coordinates":[11.0156301,49.1201161]},"properties":{"maxheight":"default"}},{"type":"Feature","geometry":{"type":"Point","coordinates":[11.1856089,49.960092]},"properties":{"maxweight":"5.5"}},{"type":"Feature","geometry":{"type":"Point","coordinates":[11.0104453,49.6002895]},"properties":{"maxheight":"3.30"}},{"type":"Feature","geometry":{"type":"Point","coordinates":[11.1012842,49.439071]},"properties":{"maxheight":"3.5"}},{"type":"Feature","geometry":{"type":"Point","coordinates":[11.1012052,49.4391107]},"properties":{"maxheight":"3.5"}},{"type":"Feature","geometry":{"type":"Point","coordinates":[11.5341498,49.2311762]},"properties":{"hgv":"no"}},{"type":"Feature","geometry":{"type":"Point","coordinates":[11.0755532,49.414952]},"properties":{"maxheight":"2.5"}},{"type":"Feature","geometry":{"type":"Point","coordinates":[11.2989593,49.4039257]},"properties":{"maxheight":"default"}},{"type":"Feature","geometry":{"type":"Point","coordinates":[11.2995457,49.4040172]},"properties":{"maxheight":"default"}},{"type":"Feature","geometry":{"type":"Point","coordinates":[11.1913531,49.2301026]},"properties":{"maxweight":"3.8"}},{"type":"Feature","geometry":{"type":"Point","coordinates":[11.8324081,49.0826406]},"properties":{"maxheight":"3"}},{"type":"Feature","geometry":{"type":"Point","coordinates":[11.6162347,49.8123636]},"properties":{"maxweight":"15"}},{"type":"Feature","geometry":{"type":"Point","coordinates":[11.6168577,49.8128305]},"properties":{"maxweight":"15"}},{"type":"Feature","geometry":{"type":"Point","coordinates":[11.8872367,49.828083]},"properties":{"maxheight":"3.5"}},{"type":"Feature","geometry":{"type":"Point","coordinates":[11.1566316,49.5370573]},"properties":{"hgv":"no"}},{"type":"Feature","geometry":{"type":"Point","coordinates":[11.1572827,49.5379582]},"properties":{"hgv":"no"}},{"type":"Feature","geometry":{"type":"Point","coordinates":[11.1069192,49.2438387]},"properties":{"maxheight":"default"}},{"type":"Feature","geometry":{"type":"Point","coordinates":[11.356477,49.0454398]},"properties":{"maxheight":"3"}},{"type":"Feature","geometry":{"type":"Point","coordinates":[11.146939,49.413677]},"properties":{"maxheight":"2.1"}},{"type":"Feature","geometry":{"type":"Point","coordinates":[11.104861,49.4511558]},"properties":{"maxheight":"3.8"}},{"type":"Feature","geometry":{"type":"Point","coordinates":[11.4842124,49.170478]},"properties":{"maxweight":"5"}},{"type":"Feature","geometry":{"type":"Point","coordinates":[11.0484278,49.3280404]},"properties":{"hgv":"no"}},{"type":"Feature","geometry":{"type":"Point","coordinates":[11.1321733,49.4025839]},"properties":{"maxheight":"2.8"}},{"type":"Feature","geometry":{"type":"Point","coordinates":[11.2655406,49.8040091]},"properties":{"maxweight":"3.5"}},{"type":"Feature","geometry":{"type":"Point","coordinates":[11.8407068,49.1579979]},"properties":{"maxheight":"default"}},{"type":"Feature","geometry":{"type":"Point","coordinates":[11.1058164,49.4403854]},"properties":{"maxheight":"default"}},{"type":"Feature","geometry":{"type":"Point","coordinates":[11.1298563,49.2273829]},"properties":{"maxweight":"14"}},{"type":"Feature","geometry":{"type":"Point","coordinates":[11.0365286,49.4349546]},"properties":{"hgv":"no"}},{"type":"Feature","geometry":{"type":"Point","coordinates":[11.0397579,49.4464592]},"properties":{"hgv":"designated"}},{"type":"Feature","geometry":{"type":"Point","coordinates":[11.0398631,49.4466596]},"properties":{"hgv":"designated"}},{"type":"Feature","geometry":{"type":"Point","coordinates":[11.0399711,49.4468654]},"properties":{"hgv":"designated"}},{"type":"Feature","geometry":{"type":"Point","coordinates":[11.4194327,49.645374]},"properties":{"maxwidth":"0.4"}},{"type":"Feature","geometry":{"type":"Point","coordinates":[11.6060641,49.959527]},"properties":{"maxheight":"default"}},{"type":"Feature","geometry":{"type":"Point","coordinates":[11.4229922,49.6325005]},"properties":{"maxheight":"4.3"}},{"type":"Feature","geometry":{"type":"Point","coordinates":[11.5081236,49.6074419]},"properties":{"maxheight":"4"}},{"type":"Feature","geometry":{"type":"Point","coordinates":[11.5035818,49.6058712]},"properties":{"maxheight":"4"}},{"type":"Feature","geometry":{"type":"Point","coordinates":[11.5197303,49.6113905]},"properties":{"maxheight":"3.8"}},{"type":"Feature","geometry":{"type":"Point","coordinates":[11.5048205,49.6053993]},"properties":{"maxweight":"3.5"}},{"type":"Feature","geometry":{"type":"Point","coordinates":[11.198155,49.4649949]},"properties":{"maxheight":"default"}},{"type":"Feature","geometry":{"type":"Point","coordinates":[11.1963274,49.4651154]},"properties":{"maxheight":"default"}},{"type":"Feature","geometry":{"type":"Point","coordinates":[11.2021148,49.4646208]},"properties":{"maxheight":"default"}},{"type":"Feature","geometry":{"type":"Point","coordinates":[11.2602975,49.1573895]},"properties":{"hgv":"delivery"}},{"type":"Feature","geometry":{"type":"Point","coordinates":[11.0121123,49.4650381]},"properties":{"maxheight":"3.7"}},{"type":"Feature","geometry":{"type":"Point","coordinates":[11.422511,49.8794905]},"properties":{"maxweight":"6"}},{"type":"Feature","geometry":{"type":"Point","coordinates":[11.9496098,49.3400044]},"properties":{"maxweight":"5"}},{"type":"Feature","geometry":{"type":"Point","coordinates":[11.9511855,49.3398726]},"properties":{"maxweight":"5"}},{"type":"Feature","geometry":{"type":"Point","coordinates":[11.0164284,49.4319646]},"properties":{"maxheight":"default"}},{"type":"Feature","geometry":{"type":"Point","coordinates":[11.0283738,49.4271045]},"properties":{"maxheight":"default"}},{"type":"Feature","geometry":{"type":"Point","coordinates":[11.5839672,49.4072635]},"properties":{"maxheight":"default"}},{"type":"Feature","geometry":{"type":"Point","coordinates":[11.7661877,49.4081308]},"properties":{"maxheight":"default"}},{"type":"Feature","geometry":{"type":"Point","coordinates":[11.9189601,49.7992794]},"properties":{"maxweight":"7.5"}},{"type":"Feature","geometry":{"type":"Point","coordinates":[11.0031413,49.4861986]},"properties":{"maxheight":"default"}},{"type":"Feature","geometry":{"type":"Point","coordinates":[11.0682465,49.4419161]},"properties":{"maxheight":"3.5"}},{"type":"Feature","geometry":{"type":"Point","coordinates":[11.9965825,49.4469777]},"properties":{"maxweight":"7.5"}},{"type":"Feature","geometry":{"type":"Point","coordinates":[11.0639941,49.5279702]},"properties":{"maxheight":"default"}},{"type":"Feature","geometry":{"type":"Point","coordinates":[11.0423957,49.9825317]},"properties":{"maxheight":"below_default"}},{"type":"Feature","geometry":{"type":"Point","coordinates":[11.1089413,49.4602236]},"properties":{"maxweight":"16"}},{"type":"Feature","geometry":{"type":"Point","coordinates":[11.0091436,49.8242453]},"properties":{"maxheight":"default"}},{"type":"Feature","geometry":{"type":"Point","coordinates":[11.5033238,49.9405934]},"properties":{"maxweight":"3.8"}},{"type":"Feature","geometry":{"type":"Point","coordinates":[11.0910774,49.5136852]},"properties":{"maxheight":"default"}},{"type":"Feature","geometry":{"type":"Point","coordinates":[11.1677521,49.5268892]},"properties":{"hgv":"agricultural"}},{"type":"Feature","geometry":{"type":"Point","coordinates":[11.1667986,49.5267189]},"properties":{"hgv":"agricultural"}},{"type":"Feature","geometry":{"type":"Point","coordinates":[11.5059335,49.9253993]},"properties":{"maxweight":"8"}},{"type":"Feature","geometry":{"type":"Point","coordinates":[11.5040366,49.9264744]},"properties":{"maxweight":"8"}},{"type":"Feature","geometry":{"type":"Point","coordinates":[11.4991003,49.9292248]},"properties":{"maxwidth":"2.2"}},{"type":"Feature","geometry":{"type":"Point","coordinates":[11.0950834,49.4748134]},"properties":{"maxheight":"2"}},{"type":"Feature","geometry":{"type":"Point","coordinates":[11.8578743,49.4491465]},"properties":{"maxheight":"3.5"}},{"type":"Feature","geometry":{"type":"Point","coordinates":[11.0974771,49.4740516]},"properties":{"maxweight":"3.5"}},{"type":"Feature","geometry":{"type":"Point","coordinates":[11.8886646,49.4671384]},"properties":{"hgv":"agricultural"}},{"type":"Feature","geometry":{"type":"Point","coordinates":[11.0343337,49.6547121]},"properties":{"maxheight":"default"}},{"type":"Feature","geometry":{"type":"Point","coordinates":[11.8419079,49.1544759]},"properties":{"maxheight":"default"}},{"type":"Feature","geometry":{"type":"Point","coordinates":[11.5246498,49.9684289]},"properties":{"hgv":"destination"}},{"type":"Feature","geometry":{"type":"Point","coordinates":[11.0956629,49.4431633]},"properties":{"maxheight":"4.3"}},{"type":"Feature","geometry":{"type":"Point","coordinates":[11.0864764,49.4434998]},"properties":{"maxheight":"3.2"}},{"type":"Feature","geometry":{"type":"Point","coordinates":[11.9355476,49.7842355]},"properties":{"maxweight":"7.5"}},{"type":"Feature","geometry":{"type":"Point","coordinates":[11.5145855,49.7380211]},"properties":{"hgv":"agricultural;forestry"}},{"type":"Feature","geometry":{"type":"Point","coordinates":[11.5148913,49.7381803]},"properties":{"hgv":"agricultural;forestry"}},{"type":"Feature","geometry":{"type":"Point","coordinates":[11.1718089,49.526473]},"properties":{"hgv":"agricultural"}},{"type":"Feature","geometry":{"type":"Point","coordinates":[11.1727925,49.5257643]},"properties":{"hgv":"agricultural"}},{"type":"Feature","geometry":{"type":"Point","coordinates":[11.4366602,49.6464165]},"properties":{"hgv":"no"}},{"type":"Feature","geometry":{"type":"Point","coordinates":[11.4365842,49.6468544]},"properties":{"hgv":"designated"}},{"type":"Feature","geometry":{"type":"Point","coordinates":[11.436527,49.6464032]},"properties":{"hgv":"no"}},{"type":"Feature","geometry":{"type":"Point","coordinates":[11.4404556,49.6498984]},"properties":{"hgv":"designated"}},{"type":"Feature","geometry":{"type":"Point","coordinates":[11.4413513,49.6502939]},"properties":{"hgv":"no"}},{"type":"Feature","geometry":{"type":"Point","coordinates":[11.9226279,49.796004]},"properties":{"hgv":"no"}},{"type":"Feature","geometry":{"type":"Point","coordinates":[11.9265283,49.7968521]},"properties":{"hgv":"no"}},{"type":"Feature","geometry":{"type":"Point","coordinates":[11.2791818,49.5075768]},"properties":{"maxheight":"3.7"}},{"type":"Feature","geometry":{"type":"Point","coordinates":[11.0930049,49.2513965]},"properties":{"hgv":"destination"}},{"type":"Feature","geometry":{"type":"Point","coordinates":[11.1101739,49.2521754]},"properties":{"maxheight":"4.0"}},{"type":"Feature","geometry":{"type":"Point","coordinates":[11.110226,49.2518135]},"properties":{"maxheight":"4.0"}},{"type":"Feature","geometry":{"type":"Point","coordinates":[11.1110674,49.251521]},"properties":{"maxheight":"4.0"}},{"type":"Feature","geometry":{"type":"Point","coordinates":[11.1107522,49.2522208]},"properties":{"maxheight":"4.0"}},{"type":"Feature","geometry":{"type":"Point","coordinates":[11.2368305,49.1692606]},"properties":{"maxweight":"6"}},{"type":"Feature","geometry":{"type":"Point","coordinates":[11.0543948,49.3211754]},"properties":{"maxheight":"3.5","maxweight":"7.5"}},{"type":"Feature","geometry":{"type":"Point","coordinates":[11.053324,49.321233]},"properties":{"maxheight":"3.5","maxweight":"7.5"}},{"type":"Feature","geometry":{"type":"Point","coordinates":[11.0517814,49.3219724]},"properties":{"maxheight":"3.5","maxweight":"7.5"}},{"type":"Feature","geometry":{"type":"Point","coordinates":[11.0518293,49.3216738]},"properties":{"maxheight":"3.5","maxweight":"7.5"}},{"type":"Feature","geometry":{"type":"Point","coordinates":[11.0518063,49.3218215]},"properties":{"maxheight":"3.5","maxweight":"7.5"}},{"type":"Feature","geometry":{"type":"Point","coordinates":[11.0526746,49.3218877]},"properties":{"maxheight":"3.5","maxweight":"7.5"}},{"type":"Feature","geometry":{"type":"Point","coordinates":[11.0527885,49.321194]},"properties":{"maxheight":"3.5","maxweight":"7.5"}},{"type":"Feature","geometry":{"type":"Point","coordinates":[11.0544283,49.3220119]},"properties":{"maxheight":"3.5","maxweight":"7.5"}},{"type":"Feature","geometry":{"type":"Point","coordinates":[11.0394923,49.3237143]},"properties":{"maxheight":"4.40"}},{"type":"Feature","geometry":{"type":"Point","coordinates":[11.0295758,49.3265569]},"properties":{"maxheight":"3.1"}},{"type":"Feature","geometry":{"type":"Point","coordinates":[11.0531618,49.3205749]},"properties":{"maxheight":"3.5","maxweight":"7.5"}},{"type":"Feature","geometry":{"type":"Point","coordinates":[11.0521385,49.3207137]},"properties":{"maxheight":"3.5","maxweight":"7.5"}},{"type":"Feature","geometry":{"type":"Point","coordinates":[11.0528069,49.3210493]},"properties":{"maxheight":"3.5","maxweight":"7.5"}},{"type":"Feature","geometry":{"type":"Point","coordinates":[11.0528555,49.3207722]},"properties":{"maxheight":"3.5","maxweight":"7.5"}},{"type":"Feature","geometry":{"type":"Point","coordinates":[11.0527885,49.321194]},"properties":{"maxheight":"3.5","maxweight":"7.5"}},{"type":"Feature","geometry":{"type":"Point","coordinates":[11.0530502,49.3213634]},"properties":{"maxheight":"3.5","maxweight":"7.5"}},{"type":"Feature","geometry":{"type":"Point","coordinates":[11.1551259,49.537477]},"properties":{"hgv":"destination"}},{"type":"Feature","geometry":{"type":"Point","coordinates":[11.1881297,49.5245662]},"properties":{"hgv":"agricultural"}},{"type":"Feature","geometry":{"type":"Point","coordinates":[11.4269579,49.5091739]},"properties":{"maxheight":"1.9"}},{"type":"Feature","geometry":{"type":"Point","coordinates":[11.1242083,49.4382634]},"properties":{"hgv":"no"}},{"type":"Feature","geometry":{"type":"Point","coordinates":[11.9743263,49.7362381]},"properties":{"maxweight":"9"}},{"type":"Feature","geometry":{"type":"Point","coordinates":[11.9747394,49.7385736]},"properties":{"maxweight":"9"}},{"type":"Feature","geometry":{"type":"Point","coordinates":[11.0372249,49.4600411]},"properties":{"maxheight":"2.5"}},{"type":"Feature","geometry":{"type":"Point","coordinates":[11.9351628,49.0361472]},"properties":{"maxheight":"default"}},{"type":"Feature","geometry":{"type":"Point","coordinates":[11.882563,49.1028442]},"properties":{"maxheight":"default"}},{"type":"Feature","geometry":{"type":"Point","coordinates":[11.8634429,49.136728]},"properties":{"maxheight":"default"}},{"type":"Feature","geometry":{"type":"Point","coordinates":[11.4918413,49.3139491]},"properties":{"maxheight":"default"}},{"type":"Feature","geometry":{"type":"Point","coordinates":[11.4759493,49.3161735]},"properties":{"maxheight":"default"}},{"type":"Feature","geometry":{"type":"Point","coordinates":[11.4752859,49.3165106]},"properties":{"maxheight":"default"}},{"type":"Feature","geometry":{"type":"Point","coordinates":[11.045913,49.338186]},"properties":{"hgv":"delivery"}},{"type":"Feature","geometry":{"type":"Point","coordinates":[11.3672813,49.1266593]},"properties":{"maxweight":"6 t"}},{"type":"Feature","geometry":{"type":"Point","coordinates":[11.0545684,49.4921454]},"properties":{"hgv":"no"}},{"type":"Feature","geometry":{"type":"Point","coordinates":[11.0527016,49.4894274]},"properties":{"maxweight":"5.5"}},{"type":"Feature","geometry":{"type":"Point","coordinates":[11.2652789,49.767245]},"properties":{"maxweight":"3"}},{"type":"Feature","geometry":{"type":"Point","coordinates":[11.1355121,49.3773228]},"properties":{"maxheight":"default"}},{"type":"Feature","geometry":{"type":"Point","coordinates":[11.0654245,49.4119367]},"properties":{"maxheight":"default"}},{"type":"Feature","geometry":{"type":"Point","coordinates":[11.1292901,49.4586336]},"properties":{"maxheight":"3"}},{"type":"Feature","geometry":{"type":"Point","coordinates":[11.1285587,49.4585017]},"properties":{"maxheight":"2.5"}},{"type":"Feature","geometry":{"type":"Point","coordinates":[11.1283648,49.458433]},"properties":{"maxheight":"3.2"}},{"type":"Feature","geometry":{"type":"Point","coordinates":[11.0059789,49.9251162]},"properties":{"maxweight":"3.5"}},{"type":"Feature","geometry":{"type":"Point","coordinates":[11.304771,49.5165445]},"properties":{"maxheight":"default"}},{"type":"Feature","geometry":{"type":"Point","coordinates":[11.2263132,49.4654688]},"properties":{"maxheight":"default"}},{"type":"Feature","geometry":{"type":"Point","coordinates":[11.073437,49.4538679]},"properties":{"maxweight":"12"}},{"type":"Feature","geometry":{"type":"Point","coordinates":[11.5509842,49.9390456]},"properties":{"maxweight":"3"}},{"type":"Feature","geometry":{"type":"Point","coordinates":[11.0621941,49.5286358]},"properties":{"maxheight":"default"}},{"type":"Feature","geometry":{"type":"Point","coordinates":[11.0577835,49.5305015]},"properties":{"maxheight":"default"}},{"type":"Feature","geometry":{"type":"Point","coordinates":[11.8058809,49.0937212]},"properties":{"maxheight":"default"}},{"type":"Feature","geometry":{"type":"Point","coordinates":[11.4465821,49.3430373]},"properties":{"maxheight":"default"}},{"type":"Feature","geometry":{"type":"Point","coordinates":[11.4741965,49.3163971]},"properties":{"maxheight":"default"}},{"type":"Feature","geometry":{"type":"Point","coordinates":[11.531107,49.4142855]},"properties":{"maxweight":"7.5"}},{"type":"Feature","geometry":{"type":"Point","coordinates":[11.7754042,49.1728605]},"properties":{"maxheight":"default"}},{"type":"Feature","geometry":{"type":"Point","coordinates":[11.754923,49.1773147]},"properties":{"maxheight":"default"}},{"type":"Feature","geometry":{"type":"Point","coordinates":[11.748405,49.1770458]},"properties":{"maxheight":"default"}},{"type":"Feature","geometry":{"type":"Point","coordinates":[11.750022,49.1769909]},"properties":{"maxheight":"default"}},{"type":"Feature","geometry":{"type":"Point","coordinates":[11.7547099,49.1771915]},"properties":{"maxheight":"default"}},{"type":"Feature","geometry":{"type":"Point","coordinates":[11.7470236,49.1768625]},"properties":{"maxheight":"default"}},{"type":"Feature","geometry":{"type":"Point","coordinates":[11.7468943,49.1770608]},"properties":{"maxheight":"default"}},{"type":"Feature","geometry":{"type":"Point","coordinates":[11.0731348,49.3856431]},"properties":{"hgv":"private"}},{"type":"Feature","geometry":{"type":"Point","coordinates":[11.0427252,49.3306208]},"properties":{"hgv":"delivery"}},{"type":"Feature","geometry":{"type":"Point","coordinates":[11.7711025,49.4121114]},"properties":{"maxheight":"default"}},{"type":"Feature","geometry":{"type":"Point","coordinates":[11.101193,49.4304202]},"properties":{"hgv":"no","maxheight":"2.3"}},{"type":"Feature","geometry":{"type":"Point","coordinates":[11.030423,49.5669892]},"properties":{"maxheight":"default"}},{"type":"Feature","geometry":{"type":"Point","coordinates":[11.1555053,49.9778853]},"properties":{"maxweight":"12"}},{"type":"Feature","geometry":{"type":"Point","coordinates":[11.0076053,49.5937565]},"properties":{"maxheight":"3.8"}},{"type":"Feature","geometry":{"type":"Point","coordinates":[11.0082413,49.5933318]},"properties":{"maxheight":"default"}},{"type":"Feature","geometry":{"type":"Point","coordinates":[11.0079926,49.5935151]},"properties":{"maxheight":"default"}},{"type":"Feature","geometry":{"type":"Point","coordinates":[11.2011073,49.5224051]},"properties":{"hgv":"agricultural"}},{"type":"Feature","geometry":{"type":"Point","coordinates":[11.2204366,49.4764458]},"properties":{"maxheight":"4.7"}},{"type":"Feature","geometry":{"type":"Point","coordinates":[11.0328549,49.976]},"properties":{"hgv":"no"}},{"type":"Feature","geometry":{"type":"Point","coordinates":[11.8625326,49.4449403]},"properties":{"maxheight":"3"}},{"type":"Feature","geometry":{"type":"Point","coordinates":[11.8623129,49.445159]},"properties":{"maxheight":"3"}},{"type":"Feature","geometry":{"type":"Point","coordinates":[11.4131037,49.9670524]},"properties":{"maxweight":"3"}},{"type":"Feature","geometry":{"type":"Point","coordinates":[11.0953534,49.5422124]},"properties":{"maxweightrating:hgv":"16"}},{"type":"Feature","geometry":{"type":"Point","coordinates":[11.1178411,49.4239559]},"properties":{"hgv":"delivery"}},{"type":"Feature","geometry":{"type":"Point","coordinates":[11.7921467,49.492101]},"properties":{"hgv":"no","goods":"no"}},{"type":"Feature","geometry":{"type":"Point","coordinates":[11.7921099,49.4922548]},"properties":{"hgv":"no","goods":"no"}},{"type":"Feature","geometry":{"type":"Point","coordinates":[11.0311694,49.9610853]},"properties":{"hgv":"destination"}},{"type":"Feature","geometry":{"type":"Point","coordinates":[11.031413,49.9639784]},"properties":{"hgv":"destination"}},{"type":"Feature","geometry":{"type":"Point","coordinates":[11.0152514,49.5746443]},"properties":{"maxheight":"2"}},{"type":"Feature","geometry":{"type":"Point","coordinates":[11.5838196,49.0376346]},"properties":{"maxheight":"2.5"}},{"type":"Feature","geometry":{"type":"Point","coordinates":[11.1013215,49.4309797]},"properties":{"maxheight":"4.6"}},{"type":"Feature","geometry":{"type":"Point","coordinates":[11.0114182,49.3117219]},"properties":{"maxweight":"5.5"}},{"type":"Feature","geometry":{"type":"Point","coordinates":[11.0064454,49.3129108]},"properties":{"maxweight":"5.5"}},{"type":"Feature","geometry":{"type":"Point","coordinates":[11.1327082,49.4037542]},"properties":{"maxheight":"2.30"}},{"type":"Feature","geometry":{"type":"Point","coordinates":[11.8856006,49.8716134]},"properties":{"maxweight":"2.8"}},{"type":"Feature","geometry":{"type":"Point","coordinates":[11.4924809,49.8622001]},"properties":{"maxweight":"7.5"}},{"type":"Feature","geometry":{"type":"Point","coordinates":[11.4400212,49.3312739]},"properties":{"maxweight":"12"}},{"type":"Feature","geometry":{"type":"Point","coordinates":[11.116242,49.5520984]},"properties":{"maxweightrating:hgv":"16"}},{"type":"Feature","geometry":{"type":"Point","coordinates":[11.1176904,49.5531173]},"properties":{"maxweightrating:hgv":"16"}},{"type":"Feature","geometry":{"type":"Point","coordinates":[11.9435091,49.2059627]},"properties":{"maxwidth":"2.5"}},{"type":"Feature","geometry":{"type":"Point","coordinates":[11.0040227,49.583755]},"properties":{"maxheight":"3.6"}},{"type":"Feature","geometry":{"type":"Point","coordinates":[11.0033812,49.5868181]},"properties":{"maxheight":"3.7"}},{"type":"Feature","geometry":{"type":"Point","coordinates":[11.0356317,49.8121131]},"properties":{"maxweight":"5.5"}},{"type":"Feature","geometry":{"type":"Point","coordinates":[11.0051452,49.5888543]},"properties":{"maxheight":"4.2"}},{"type":"Feature","geometry":{"type":"Point","coordinates":[11.0118872,49.7997784]},"properties":{"hgv":"destination"}},{"type":"Feature","geometry":{"type":"Point","coordinates":[11.0525124,49.3182969]},"properties":{"hgv":"destination"}},{"type":"Feature","geometry":{"type":"Point","coordinates":[11.0620159,49.3339299]},"properties":{"maxheight":"default"}},{"type":"Feature","geometry":{"type":"Point","coordinates":[11.5731259,49.0326447]},"properties":{"maxheight":"3.4"}},{"type":"Feature","geometry":{"type":"Point","coordinates":[11.079075,49.4694848]},"properties":{"maxheight":"default"}},{"type":"Feature","geometry":{"type":"Point","coordinates":[11.0882785,49.4415436]},"properties":{"maxheight":"below_default"}},{"type":"Feature","geometry":{"type":"Point","coordinates":[11.0880059,49.4418508]},"properties":{"maxheight":"default"}},{"type":"Feature","geometry":{"type":"Point","coordinates":[11.1898877,49.3267423]},"properties":{"hgv":"destination"}},{"type":"Feature","geometry":{"type":"Point","coordinates":[11.1867911,49.3253842]},"properties":{"hgv":"no"}},{"type":"Feature","geometry":{"type":"Point","coordinates":[11.629327,49.2377436]},"properties":{"maxweight":"3.5"}},{"type":"Feature","geometry":{"type":"Point","coordinates":[11.1588514,49.3099678]},"properties":{"maxweight":"6"}},{"type":"Feature","geometry":{"type":"Point","coordinates":[11.6219939,49.1705233]},"properties":{"maxheight":"3.8"}},{"type":"Feature","geometry":{"type":"Point","coordinates":[11.5310313,49.9679091]},"properties":{"hgv":"destination"}},{"type":"Feature","geometry":{"type":"Point","coordinates":[11.5304308,49.9683147]},"properties":{"hgv":"destination"}},{"type":"Feature","geometry":{"type":"Point","coordinates":[11.7927341,49.0473225]},"properties":{"goods":"yes"}},{"type":"Feature","geometry":{"type":"Point","coordinates":[11.5620635,49.0233316]},"properties":{"maxheight":"2"}},{"type":"Feature","geometry":{"type":"Point","coordinates":[11.0228599,49.3294999]},"properties":{"hgv":"destination"}},{"type":"Feature","geometry":{"type":"Point","coordinates":[11.8665184,49.4438349]},"properties":{"maxheight":"4.0"}},{"type":"Feature","geometry":{"type":"Point","coordinates":[11.4756419,49.8151132]},"properties":{"maxweight":"3"}},{"type":"Feature","geometry":{"type":"Point","coordinates":[11.4745852,49.8144928]},"properties":{"maxweight":"3"}},{"type":"Feature","geometry":{"type":"Point","coordinates":[11.1784024,49.1939455]},"properties":{"maxweight":"3.5"}},{"type":"Feature","geometry":{"type":"Point","coordinates":[11.179225,49.1933205]},"properties":{"maxweight":"3.5"}},{"type":"Feature","geometry":{"type":"Point","coordinates":[11.8985314,49.0882496]},"properties":{"maxweight":"9"}},{"type":"Feature","geometry":{"type":"Point","coordinates":[11.5275052,49.9677678]},"properties":{"hgv":"destination"}},{"type":"Feature","geometry":{"type":"Point","coordinates":[11.8343353,49.7545803]},"properties":{"maxheight":"4"}},{"type":"Feature","geometry":{"type":"Point","coordinates":[11.1719117,49.1391896]},"properties":{"maxweight":"3.5"}},{"type":"Feature","geometry":{"type":"Point","coordinates":[11.1761346,49.1538871]},"properties":{"maxweight":"10"}},{"type":"Feature","geometry":{"type":"Point","coordinates":[11.1768248,49.1530718]},"properties":{"maxweight":"10"}},{"type":"Feature","geometry":{"type":"Point","coordinates":[11.0357281,49.4599057]},"properties":{"maxheight":"2.8"}},{"type":"Feature","geometry":{"type":"Point","coordinates":[11.0754375,49.618086]},"properties":{"maxweight":"2"}},{"type":"Feature","geometry":{"type":"Point","coordinates":[11.7415253,49.9433221]},"properties":{"maxweight":"5"}},{"type":"Feature","geometry":{"type":"Point","coordinates":[11.7445782,49.9429075]},"properties":{"maxweight":"5"}},{"type":"Feature","geometry":{"type":"Point","coordinates":[11.2488514,49.4636277]},"properties":{"maxheight":"below_default"}},{"type":"Feature","geometry":{"type":"Point","coordinates":[11.0065557,49.4561437]},"properties":{"hgv":"destination"}},{"type":"Feature","geometry":{"type":"Point","coordinates":[11.0163115,49.59725]},"properties":{"maxweight":"12 t"}},{"type":"Feature","geometry":{"type":"Point","coordinates":[11.0163118,49.5970535]},"properties":{"maxheight":"below_default","maxweight":"12 t"}},{"type":"Feature","geometry":{"type":"Point","coordinates":[11.5320919,49.4562516]},"properties":{"maxweight":"3.5"}},{"type":"Feature","geometry":{"type":"Point","coordinates":[11.085933,49.4489838]},"properties":{"maxheight":"3.3"}},{"type":"Feature","geometry":{"type":"Point","coordinates":[11.0857193,49.4492389]},"properties":{"maxheight":"3.3","maxweight":"12"}},{"type":"Feature","geometry":{"type":"Point","coordinates":[11.0033791,49.816125]},"properties":{"maxheight":"default"}},{"type":"Feature","geometry":{"type":"Point","coordinates":[11.9731105,49.5755962]},"properties":{"maxweight":"7.5"}},{"type":"Feature","geometry":{"type":"Point","coordinates":[11.8323756,49.4448553]},"properties":{"maxheight":"default"}},{"type":"Feature","geometry":{"type":"Point","coordinates":[11.300609,49.4115303]},"properties":{"maxweight":"3.5"}},{"type":"Feature","geometry":{"type":"Point","coordinates":[11.1042351,49.5466915]},"properties":{"maxweightrating:hgv":"16"}},{"type":"Feature","geometry":{"type":"Point","coordinates":[11.1048102,49.546866]},"properties":{"maxweightrating:hgv":"16"}},{"type":"Feature","geometry":{"type":"Point","coordinates":[11.7336132,49.4982466]},"properties":{"hgv":"destination"}},{"type":"Feature","geometry":{"type":"Point","coordinates":[11.1747535,49.1668194]},"properties":{"hgv":"no"}},{"type":"Feature","geometry":{"type":"Point","coordinates":[11.6080892,49.953238]},"properties":{"maxheight":"default"}},{"type":"Feature","geometry":{"type":"Point","coordinates":[11.1783409,49.192574]},"properties":{"maxweight":"3.5"}},{"type":"Feature","geometry":{"type":"Point","coordinates":[11.0761255,49.4310652]},"properties":{"maxheight":"3.75"}},{"type":"Feature","geometry":{"type":"Point","coordinates":[11.0093304,49.5709221]},"properties":{"hgv":"no"}},{"type":"Feature","geometry":{"type":"Point","coordinates":[11.0154038,49.5719523]},"properties":{"hgv":"no"}},{"type":"Feature","geometry":{"type":"Point","coordinates":[11.357099,49.5037517]},"properties":{"maxweight":"12"}},{"type":"Feature","geometry":{"type":"Point","coordinates":[11.0183474,49.5937527]},"properties":{"hgv":"no"}},{"type":"Feature","geometry":{"type":"Point","coordinates":[11.0789558,49.6235073]},"properties":{"maxweight":"2"}},{"type":"Feature","geometry":{"type":"Point","coordinates":[11.7198964,49.8826847]},"properties":{"maxweight":"5"}},{"type":"Feature","geometry":{"type":"Point","coordinates":[11.3281418,49.5676552]},"properties":{"hgv":"designated"}},{"type":"Feature","geometry":{"type":"Point","coordinates":[11.0707488,49.4460165]},"properties":{"maxheight":"3.4"}},{"type":"Feature","geometry":{"type":"Point","coordinates":[11.070577,49.4453417]},"properties":{"maxheight":"below_default"}},{"type":"Feature","geometry":{"type":"Point","coordinates":[11.2614216,49.1591239]},"properties":{"hgv":"no","goods":"no"}},{"type":"Feature","geometry":{"type":"Point","coordinates":[11.2613373,49.1591048]},"properties":{"hgv":"no","goods":"no"}},{"type":"Feature","geometry":{"type":"Point","coordinates":[11.0152052,49.4688157]},"properties":{"maxheight":"2.9"}},{"type":"Feature","geometry":{"type":"Point","coordinates":[11.0670628,49.7032395]},"properties":{"maxheight":"default"}},{"type":"Feature","geometry":{"type":"Point","coordinates":[11.0629401,49.4537637]},"properties":{"maxheight":"3.5"}},{"type":"Feature","geometry":{"type":"Point","coordinates":[11.0629383,49.4537111]},"properties":{"maxheight":"2"}},{"type":"Feature","geometry":{"type":"Point","coordinates":[11.0635194,49.4528135]},"properties":{"maxheight":"2.1","maxweight":"2.0"}},{"type":"Feature","geometry":{"type":"Point","coordinates":[11.0637628,49.4532847]},"properties":{"maxheight":"2.1","maxweight":"2.0"}},{"type":"Feature","geometry":{"type":"Point","coordinates":[11.0638426,49.4530863]},"properties":{"maxheight":"2.1","maxweight":"2.0"}},{"type":"Feature","geometry":{"type":"Point","coordinates":[11.085886,49.4620441]},"properties":{"maxheight":"3"}},{"type":"Feature","geometry":{"type":"Point","coordinates":[11.6023017,49.9614617]},"properties":{"hgv":"delivery"}},{"type":"Feature","geometry":{"type":"Point","coordinates":[11.6020007,49.9596693]},"properties":{"hgv":"delivery"}},{"type":"Feature","geometry":{"type":"Point","coordinates":[11.5704772,49.2828345]},"properties":{"maxheight":"2.2","maxweight":"7.5"}},{"type":"Feature","geometry":{"type":"Point","coordinates":[11.0698981,49.4649232]},"properties":{"maxheight":"below_default"}},{"type":"Feature","geometry":{"type":"Point","coordinates":[11.4996785,49.92909]},"properties":{"maxwidth":"2.2"}},{"type":"Feature","geometry":{"type":"Point","coordinates":[11.1936198,49.1914123]},"properties":{"maxweight":"3.5"}},{"type":"Feature","geometry":{"type":"Point","coordinates":[11.1936577,49.1910561]},"properties":{"maxweight":"3.5"}},{"type":"Feature","geometry":{"type":"Point","coordinates":[11.9495495,49.5476588]},"properties":{"maxwidth":"4"}},{"type":"Feature","geometry":{"type":"Point","coordinates":[11.9493756,49.5483288]},"properties":{"maxwidth":"4"}},{"type":"Feature","geometry":{"type":"Point","coordinates":[11.2066706,49.3653239]},"properties":{"maxheight":"2.8"}},{"type":"Feature","geometry":{"type":"Point","coordinates":[11.3687696,49.5023712]},"properties":{"maxheight":"3.1"}},{"type":"Feature","geometry":{"type":"Point","coordinates":[11.2682581,49.8060239]},"properties":{"maxweight":"3.5"}},{"type":"Feature","geometry":{"type":"Point","coordinates":[11.0228976,49.8007789]},"properties":{"hgv":"destination"}},{"type":"Feature","geometry":{"type":"Point","coordinates":[11.0026134,49.5885582]},"properties":{"maxheight":"default"}},{"type":"Feature","geometry":{"type":"Point","coordinates":[11.0149612,49.5760141]},"properties":{"maxheight":"2.5"}},{"type":"Feature","geometry":{"type":"Point","coordinates":[11.0914768,49.4558379]},"properties":{"maxheight":"2.2"}},{"type":"Feature","geometry":{"type":"Point","coordinates":[11.0920544,49.4560012]},"properties":{"maxheight":"2.2"}},{"type":"Feature","geometry":{"type":"Point","coordinates":[11.0915664,49.4565604]},"properties":{"maxheight":"3"}},{"type":"Feature","geometry":{"type":"Point","coordinates":[11.8601609,49.4454651]},"properties":{"maxheight":"2.9"}},{"type":"Feature","geometry":{"type":"Point","coordinates":[11.2035915,49.3578785]},"properties":{"hgv":"designated"}},{"type":"Feature","geometry":{"type":"Point","coordinates":[11.202668,49.3570571]},"properties":{"hgv":"designated"}},{"type":"Feature","geometry":{"type":"Point","coordinates":[11.026158,49.9764799]},"properties":{"hgv":"delivery"}},{"type":"Feature","geometry":{"type":"Point","coordinates":[11.0139108,49.5865793]},"properties":{"maxheight":"2.2"}},{"type":"Feature","geometry":{"type":"Point","coordinates":[11.106501,49.4323839]},"properties":{"maxheight":"default"}},{"type":"Feature","geometry":{"type":"Point","coordinates":[11.1079721,49.4330741]},"properties":{"maxheight":"default"}},{"type":"Feature","geometry":{"type":"Point","coordinates":[11.2698257,49.4348626]},"properties":{"hgv":"designated"}},{"type":"Feature","geometry":{"type":"Point","coordinates":[11.2709623,49.4350828]},"properties":{"hgv":"designated"}},{"type":"Feature","geometry":{"type":"Point","coordinates":[11.085265,49.447499]},"properties":{"maxheight":"default"}},{"type":"Feature","geometry":{"type":"Point","coordinates":[11.1172141,49.4807708]},"properties":{"maxheight":"below_default"}},{"type":"Feature","geometry":{"type":"Point","coordinates":[11.1228803,49.4825102]},"properties":{"hgv":"no"}},{"type":"Feature","geometry":{"type":"Point","coordinates":[11.1224398,49.4822109]},"properties":{"hgv":"no"}},{"type":"Feature","geometry":{"type":"Point","coordinates":[11.0001976,49.58906]},"properties":{"maxheight":"default"}},{"type":"Feature","geometry":{"type":"Point","coordinates":[11.0474107,49.3681419]},"properties":{"maxlength":"8"}},{"type":"Feature","geometry":{"type":"Point","coordinates":[11.0002737,49.5893143]},"properties":{"maxheight":"default"}},{"type":"Feature","geometry":{"type":"Point","coordinates":[11.4583478,49.2839842]},"properties":{"maxheight":"2.2"}},{"type":"Feature","geometry":{"type":"Point","coordinates":[11.0420228,49.3568064]},"properties":{"maxheight":"3.1"}},{"type":"Feature","geometry":{"type":"Point","coordinates":[11.2487731,49.4982889]},"properties":{"hgv":"destination"}},{"type":"Feature","geometry":{"type":"Point","coordinates":[11.0740812,49.4416195]},"properties":{"maxheight":"3.5"}},{"type":"Feature","geometry":{"type":"Point","coordinates":[11.0622017,49.4416298]},"properties":{"maxheight":"below_default"}},{"type":"Feature","geometry":{"type":"Point","coordinates":[11.0932289,49.2475489]},"properties":{"maxheight":"1.9"}},{"type":"Feature","geometry":{"type":"Point","coordinates":[11.0921873,49.2480836]},"properties":{"maxheight":"1.9"}},{"type":"Feature","geometry":{"type":"Point","coordinates":[11.5879051,49.0361602]},"properties":{"maxweight":"12"}},{"type":"Feature","geometry":{"type":"Point","coordinates":[11.0235354,49.5936951]},"properties":{"maxheight":"2","maxweight":"2.5"}},{"type":"Feature","geometry":{"type":"Point","coordinates":[11.1530793,49.6048939]},"properties":{"maxweight":"1.5"}},{"type":"Feature","geometry":{"type":"Point","coordinates":[11.0339241,49.9561232]},"properties":{"hgv":"destination"}},{"type":"Feature","geometry":{"type":"Point","coordinates":[11.0882794,49.9967056]},"properties":{"maxweight":"5.5"}},{"type":"Feature","geometry":{"type":"Point","coordinates":[11.0915278,49.9985224]},"properties":{"maxweight":"5.5"}},{"type":"Feature","geometry":{"type":"Point","coordinates":[11.0591361,49.9774665]},"properties":{"maxlength":"10"}},{"type":"Feature","geometry":{"type":"Point","coordinates":[11.0138509,49.5928427]},"properties":{"hgv":"no"}},{"type":"Feature","geometry":{"type":"Point","coordinates":[11.0317399,49.9668685]},"properties":{"hgv":"destination"}},{"type":"Feature","geometry":{"type":"Point","coordinates":[11.0593604,49.4436505]},"properties":{"maxheight":"3.8"}},{"type":"Feature","geometry":{"type":"Point","coordinates":[11.4568664,49.2827558]},"properties":{"maxheight":"2.2"}},{"type":"Feature","geometry":{"type":"Point","coordinates":[11.4567598,49.2831981]},"properties":{"maxheight":"2.2"}},{"type":"Feature","geometry":{"type":"Point","coordinates":[11.456676,49.2828536]},"properties":{"maxheight":"2.2"}},{"type":"Feature","geometry":{"type":"Point","coordinates":[11.456376,49.2830358]},"properties":{"maxheight":"2.2"}},{"type":"Feature","geometry":{"type":"Point","coordinates":[11.4561953,49.2831454]},"properties":{"maxheight":"2.2"}},{"type":"Feature","geometry":{"type":"Point","coordinates":[11.458551,49.2832274]},"properties":{"maxheight":"2.2"}},{"type":"Feature","geometry":{"type":"Point","coordinates":[11.456376,49.2830358]},"properties":{"maxheight":"2.2"}},{"type":"Feature","geometry":{"type":"Point","coordinates":[11.077827,49.4168581]},"properties":{"maxweight":"3.5"}},{"type":"Feature","geometry":{"type":"Point","coordinates":[11.0777922,49.4168974]},"properties":{"maxweight":"3.5"}},{"type":"Feature","geometry":{"type":"Point","coordinates":[11.6247766,49.68528]},"properties":{"hgv":"no"}},{"type":"Feature","geometry":{"type":"Point","coordinates":[11.1130279,49.4104357]},"properties":{"maxheight":"2"}},{"type":"Feature","geometry":{"type":"Point","coordinates":[11.05635,49.5228914]},"properties":{"maxweightrating:hgv":"16"}},{"type":"Feature","geometry":{"type":"Point","coordinates":[11.0585705,49.5244289]},"properties":{"maxweightrating:hgv":"16"}},{"type":"Feature","geometry":{"type":"Point","coordinates":[11.3972324,49.4722268]},"properties":{"maxheight":"2.3"}},{"type":"Feature","geometry":{"type":"Point","coordinates":[11.075729,49.444986]},"properties":{"maxheight":"3.6"}},{"type":"Feature","geometry":{"type":"Point","coordinates":[11.9492586,49.5477449]},"properties":{"maxwidth":"4"}},{"type":"Feature","geometry":{"type":"Point","coordinates":[11.0597311,49.7556849]},"properties":{"hgv":"designated"}},{"type":"Feature","geometry":{"type":"Point","coordinates":[11.1138279,49.34646]},"properties":{"hgv":"delivery","goods":"delivery"}},{"type":"Feature","geometry":{"type":"Point","coordinates":[11.5463902,49.7554037]},"properties":{"hgv":"delivery","maxweight":"7.5"}},{"type":"Feature","geometry":{"type":"Point","coordinates":[11.5448222,49.75603]},"properties":{"hgv":"delivery","maxweight":"7.5"}},{"type":"Feature","geometry":{"type":"Point","coordinates":[11.9519229,49.5470238]},"properties":{"hgv":"no"}},{"type":"Feature","geometry":{"type":"Point","coordinates":[11.0010601,49.4678789]},"properties":{"maxheight":"3.5"}},{"type":"Feature","geometry":{"type":"Point","coordinates":[11.1774461,49.1800972]},"properties":{"hgv":"no"}},{"type":"Feature","geometry":{"type":"Point","coordinates":[11.0244813,49.5818172]},"properties":{"maxweight":"30"}},{"type":"Feature","geometry":{"type":"Point","coordinates":[11.8529741,49.4485476]},"properties":{"maxheight":"2.05"}},{"type":"Feature","geometry":{"type":"Point","coordinates":[11.0698166,49.4617628]},"properties":{"maxheight":"3.80"}},{"type":"Feature","geometry":{"type":"Point","coordinates":[11.1095381,49.5090031]},"properties":{"maxheight":"4"}},{"type":"Feature","geometry":{"type":"Point","coordinates":[11.621147,49.0839802]},"properties":{"hgv":"no"}},{"type":"Feature","geometry":{"type":"Point","coordinates":[11.6207935,49.0834646]},"properties":{"hgv":"no"}},{"type":"Feature","geometry":{"type":"Point","coordinates":[11.4708412,49.0336216]},"properties":{"hgv":"delivery"}},{"type":"Feature","geometry":{"type":"Point","coordinates":[11.6345038,49.8431966]},"properties":{"hgv":"no"}},{"type":"Feature","geometry":{"type":"Point","coordinates":[11.0959017,49.4433001]},"properties":{"maxheight":"4.3"}},{"type":"Feature","geometry":{"type":"Point","coordinates":[11.0959018,49.4432029]},"properties":{"maxheight":"4.3"}},{"type":"Feature","geometry":{"type":"Point","coordinates":[11.0969227,49.4428655]},"properties":{"maxheight":"3.7"}},{"type":"Feature","geometry":{"type":"Point","coordinates":[11.4444221,49.1045247]},"properties":{"maxheight":"3"}},{"type":"Feature","geometry":{"type":"Point","coordinates":[11.9989299,49.7288839]},"properties":{"maxweight":"3.5"}},{"type":"Feature","geometry":{"type":"Point","coordinates":[11.0817561,49.3333831]},"properties":{"maxweight":"12"}},{"type":"Feature","geometry":{"type":"Point","coordinates":[11.8589181,49.4459253]},"properties":{"maxheight":"below_default"}},{"type":"Feature","geometry":{"type":"Point","coordinates":[11.048409,49.4074356]},"properties":{"maxheight":"4"}},{"type":"Feature","geometry":{"type":"Point","coordinates":[11.1215219,49.4208985]},"properties":{"hgv":"delivery"}},{"type":"Feature","geometry":{"type":"Point","coordinates":[11.1278429,49.4181949]},"properties":{"hgv":"destination"}},{"type":"Feature","geometry":{"type":"Point","coordinates":[11.3379998,49.7696839]},"properties":{"maxheight":"2.5","maxweight":"10"}},{"type":"Feature","geometry":{"type":"Point","coordinates":[11.3380688,49.7696359]},"properties":{"maxheight":"2.5","maxweight":"10"}},{"type":"Feature","geometry":{"type":"Point","coordinates":[11.1380029,49.3783953]},"properties":{"maxheight":"default"}},{"type":"Feature","geometry":{"type":"Point","coordinates":[11.1362637,49.3774701]},"properties":{"maxheight":"default"}},{"type":"Feature","geometry":{"type":"Point","coordinates":[11.1399511,49.3796303]},"properties":{"maxheight":"default"}},{"type":"Feature","geometry":{"type":"Point","coordinates":[11.1351384,49.3768818]},"properties":{"maxheight":"default"}},{"type":"Feature","geometry":{"type":"Point","coordinates":[11.1375816,49.3786752]},"properties":{"maxheight":"default"}},{"type":"Feature","geometry":{"type":"Point","coordinates":[11.1451742,49.3829356]},"properties":{"maxheight":"default"}},{"type":"Feature","geometry":{"type":"Point","coordinates":[11.4550882,49.2832408]},"properties":{"maxweight":"12"}},{"type":"Feature","geometry":{"type":"Point","coordinates":[11.8192217,49.5463998]},"properties":{"maxweight":"7.5"}},{"type":"Feature","geometry":{"type":"Point","coordinates":[11.5614981,49.0239087]},"properties":{"maxweight":"30"}},{"type":"Feature","geometry":{"type":"Point","coordinates":[11.0075272,49.3208717]},"properties":{"maxwidth":"3"}},{"type":"Feature","geometry":{"type":"Point","coordinates":[11.0723509,49.4486879]},"properties":{"maxheight":"below_default"}},{"type":"Feature","geometry":{"type":"Point","coordinates":[11.3308945,49.1978644]},"properties":{"maxheight":"2.8"}},{"type":"Feature","geometry":{"type":"Point","coordinates":[11.1490001,49.3852674]},"properties":{"maxweight":"16"}},{"type":"Feature","geometry":{"type":"Point","coordinates":[11.0427205,49.6458575]},"properties":{"maxlength":"9"}},{"type":"Feature","geometry":{"type":"Point","coordinates":[11.8069538,49.7477258]},"properties":{"maxweight":"6"}},{"type":"Feature","geometry":{"type":"Point","coordinates":[11.230365,49.9943356]},"properties":{"maxweight":"5"}},{"type":"Feature","geometry":{"type":"Point","coordinates":[11.2648088,49.1595173]},"properties":{"maxweight":"6"}},{"type":"Feature","geometry":{"type":"Point","coordinates":[11.2650435,49.158528]},"properties":{"maxweight":"6"}},{"type":"Feature","geometry":{"type":"Point","coordinates":[11.3753344,49.3158707]},"properties":{"maxwidth":"3","maxweight":"7"}},{"type":"Feature","geometry":{"type":"Point","coordinates":[11.060325,49.6970189]},"properties":{"hgv":"no"}},{"type":"Feature","geometry":{"type":"Point","coordinates":[11.0600796,49.6969304]},"properties":{"hgv":"no"}},{"type":"Feature","geometry":{"type":"Point","coordinates":[11.068963,49.4678691]},"properties":{"maxheight":"3.7"}},{"type":"Feature","geometry":{"type":"Point","coordinates":[11.0688883,49.4678571]},"properties":{"maxheight":"3.7"}},{"type":"Feature","geometry":{"type":"Point","coordinates":[11.0945322,49.4582804]},"properties":{"maxheight":"3.3"}},{"type":"Feature","geometry":{"type":"Point","coordinates":[11.550343,49.6265925]},"properties":{"maxheight":"3.6"}},{"type":"Feature","geometry":{"type":"Point","coordinates":[11.1129703,49.4161522]},"properties":{"maxheight":"3.5"}},{"type":"Feature","geometry":{"type":"Point","coordinates":[11.6027895,49.927987]},"properties":{"maxheight":"default"}},{"type":"Feature","geometry":{"type":"Point","coordinates":[11.6026595,49.9281594]},"properties":{"maxheight":"default"}},{"type":"Feature","geometry":{"type":"Point","coordinates":[11.6041328,49.927285]},"properties":{"maxheight":"default"}},{"type":"Feature","geometry":{"type":"Point","coordinates":[11.0703261,49.4452722]},"properties":{"maxheight":"below_default"}},{"type":"Feature","geometry":{"type":"Point","coordinates":[11.0321946,49.6525615]},"properties":{"maxheight":"default"}},{"type":"Feature","geometry":{"type":"Point","coordinates":[11.8504829,49.7881342]},"properties":{"maxweight":"3.5"}},{"type":"Feature","geometry":{"type":"Point","coordinates":[11.5713014,49.2828162]},"properties":{"maxweight":"7.5"}},{"type":"Feature","geometry":{"type":"Point","coordinates":[11.7196065,49.8810826]},"properties":{"maxweight":"5"}},{"type":"Feature","geometry":{"type":"Point","coordinates":[11.7200568,49.8812714]},"properties":{"maxweight":"5"}},{"type":"Feature","geometry":{"type":"Point","coordinates":[11.2523688,49.6297348]},"properties":{"hgv":"no","maxheight":"3"}},{"type":"Feature","geometry":{"type":"Point","coordinates":[11.5513685,49.4971981]},"properties":{"maxweight":"1"}},{"type":"Feature","geometry":{"type":"Point","coordinates":[11.0696376,49.4617567]},"properties":{"maxheight":"3.80"}},{"type":"Feature","geometry":{"type":"Point","coordinates":[11.0694467,49.4617545]},"properties":{"maxheight":"3.80"}},{"type":"Feature","geometry":{"type":"Point","coordinates":[11.0139459,49.5417867]},"properties":{"maxweight":"2.8"}},{"type":"Feature","geometry":{"type":"Point","coordinates":[11.8100007,49.8023602]},"properties":{"maxweight":"3.5"}},{"type":"Feature","geometry":{"type":"Point","coordinates":[11.049338,49.722062]},"properties":{"maxweight":"5.5"}},{"type":"Feature","geometry":{"type":"Point","coordinates":[11.0825689,49.4600106]},"properties":{"maxheight":"2"}},{"type":"Feature","geometry":{"type":"Point","coordinates":[11.290959,49.4777166]},"properties":{"hgv":"forestry"}},{"type":"Feature","geometry":{"type":"Point","coordinates":[11.9826258,49.0121531]},"properties":{"maxheight":"default"}},{"type":"Feature","geometry":{"type":"Point","coordinates":[11.9966757,49.940895]},"properties":{"maxweight":"30"}},{"type":"Feature","geometry":{"type":"Point","coordinates":[11.9554451,49.5817959]},"properties":{"maxweight":"7.5"}},{"type":"Feature","geometry":{"type":"Point","coordinates":[11.1267448,49.6318774]},"properties":{"maxweight":"1.5"}},{"type":"Feature","geometry":{"type":"Point","coordinates":[11.6927577,49.8073706]},"properties":{"maxheight":"3.5"}},{"type":"Feature","geometry":{"type":"Point","coordinates":[11.2238869,49.8859033]},"properties":{"maxweight":"3.5"}},{"type":"Feature","geometry":{"type":"Point","coordinates":[11.6883301,49.3354281]},"properties":{"maxweight":"10"}},{"type":"Feature","geometry":{"type":"Point","coordinates":[11.7823855,49.3083233]},"properties":{"maxweight":"3"}},{"type":"Feature","geometry":{"type":"Point","coordinates":[11.1290141,49.482565]},"properties":{"hgv":"no"}},{"type":"Feature","geometry":{"type":"Point","coordinates":[11.023056,49.5939123]},"properties":{"maxheight":"3.2"}},{"type":"Feature","geometry":{"type":"Point","coordinates":[11.0007334,49.6009522]},"properties":{"maxheight":"2.1"}},{"type":"Feature","geometry":{"type":"Point","coordinates":[11.8780018,49.8014867]},"properties":{"maxweight":"7.5"}},{"type":"Feature","geometry":{"type":"Point","coordinates":[11.3884343,49.4983099]},"properties":{"maxweight":"30"}},{"type":"Feature","geometry":{"type":"Point","coordinates":[11.0173842,49.597941]},"properties":{"maxheight":"below_default"}},{"type":"Feature","geometry":{"type":"Point","coordinates":[11.0163401,49.5974292]},"properties":{"maxweight":"12 t"}},{"type":"Feature","geometry":{"type":"Point","coordinates":[11.0893235,49.2974708]},"properties":{"maxheight":"default"}},{"type":"Feature","geometry":{"type":"Point","coordinates":[11.2835625,49.5065159]},"properties":{"maxheight":"default"}},{"type":"Feature","geometry":{"type":"Point","coordinates":[11.9139727,49.796662]},"properties":{"maxweight":"7.5"}},{"type":"Feature","geometry":{"type":"Point","coordinates":[11.9197016,49.786453]},"properties":{"maxweight":"7.5"}},{"type":"Feature","geometry":{"type":"Point","coordinates":[11.7515842,49.5182112]},"properties":{"maxweight":"7.5"}},{"type":"Feature","geometry":{"type":"Point","coordinates":[11.0940182,49.459192]},"properties":{"maxheight":"4"}},{"type":"Feature","geometry":{"type":"Point","coordinates":[11.0831114,49.4430752]},"properties":{"maxheight":"3.5"}},{"type":"Feature","geometry":{"type":"Point","coordinates":[11.8644577,49.8162486]},"properties":{"maxweight":"8.5"}},{"type":"Feature","geometry":{"type":"Point","coordinates":[11.9174404,49.7936642]},"properties":{"maxheight":"4"}},{"type":"Feature","geometry":{"type":"Point","coordinates":[11.0685667,49.4451191]},"properties":{"maxheight":"3.5"}},{"type":"Feature","geometry":{"type":"Point","coordinates":[11.1109279,49.3944371]},"properties":{"maxheight":"3.3"}},{"type":"Feature","geometry":{"type":"Point","coordinates":[11.0053819,49.5895546]},"properties":{"maxheight":"2.55"}},{"type":"Feature","geometry":{"type":"Point","coordinates":[11.4381621,49.106958]},"properties":{"maxheight":"3.5"}},{"type":"Feature","geometry":{"type":"Point","coordinates":[11.1358142,49.8391349]},"properties":{"maxweight":"5.5"}},{"type":"Feature","geometry":{"type":"Point","coordinates":[11.1460692,49.4110315]},"properties":{"hgv":"no"}},{"type":"Feature","geometry":{"type":"Point","coordinates":[11.0523899,49.4536553]},"properties":{"maxheight":"2","maxweight":"2"}},{"type":"Feature","geometry":{"type":"Point","coordinates":[11.8806874,49.865953]},"properties":{"maxheight":"3.8"}},{"type":"Feature","geometry":{"type":"Point","coordinates":[11.8782578,49.8610511]},"properties":{"hgv":"no","maxweight":"5"}},{"type":"Feature","geometry":{"type":"Point","coordinates":[11.9068627,49.0352744]},"properties":{"maxheight":"2"}},{"type":"Feature","geometry":{"type":"Point","coordinates":[11.1732295,49.525219]},"properties":{"hgv":"agricultural"}},{"type":"Feature","geometry":{"type":"Point","coordinates":[11.7651743,49.4905984]},"properties":{"maxwidth":"2","maxweight":"7.5"}},{"type":"Feature","geometry":{"type":"Point","coordinates":[11.2672018,49.8054459]},"properties":{"maxweight":"3.5"}},{"type":"Feature","geometry":{"type":"Point","coordinates":[11.9444272,49.2042501]},"properties":{"maxweight":"12"}},{"type":"Feature","geometry":{"type":"Point","coordinates":[11.7333575,49.4165631]},"properties":{"maxheight":"default"}},{"type":"Feature","geometry":{"type":"Point","coordinates":[11.0189292,49.6590682]},"properties":{"maxweight":"16"}},{"type":"Feature","geometry":{"type":"Point","coordinates":[11.9682365,49.6817892]},"properties":{"maxweight":"7.5"}},{"type":"Feature","geometry":{"type":"Point","coordinates":[11.0675603,49.4560195]},"properties":{"maxheight":"2.05"}},{"type":"Feature","geometry":{"type":"Point","coordinates":[11.6241523,49.8418128]},"properties":{"hgv":"no"}},{"type":"Feature","geometry":{"type":"Point","coordinates":[11.5124164,49.5016182]},"properties":{"maxheight":"3"}},{"type":"Feature","geometry":{"type":"Point","coordinates":[11.5150412,49.5013344]},"properties":{"maxheight":"1.9","maxheight:physical":"1.9"}},{"type":"Feature","geometry":{"type":"Point","coordinates":[11.3887033,49.5012666]},"properties":{"maxheight":"3.5"}},{"type":"Feature","geometry":{"type":"Point","coordinates":[11.4286869,49.1141194]},"properties":{"maxweight":"5"}},{"type":"Feature","geometry":{"type":"Point","coordinates":[11.0327414,49.6586916]},"properties":{"hgv":"destination"}},{"type":"Feature","geometry":{"type":"Point","coordinates":[11.3406014,49.3174673]},"properties":{"maxheight":"4.15"}},{"type":"Feature","geometry":{"type":"Point","coordinates":[11.081524,49.4927642]},"properties":{"maxheight":"2.1"}},{"type":"Feature","geometry":{"type":"Point","coordinates":[11.58116,49.0319286]},"properties":{"maxheight":"3.4"}},{"type":"Feature","geometry":{"type":"Point","coordinates":[11.4752062,49.0354442]},"properties":{"maxheight":"2.1"}},{"type":"Feature","geometry":{"type":"Point","coordinates":[11.4705774,49.0356027]},"properties":{"hgv":"delivery","maxweightrating:hgv":"7,5"}},{"type":"Feature","geometry":{"type":"Point","coordinates":[11.5909531,49.8421039]},"properties":{"maxweight":"3.5"}},{"type":"Feature","geometry":{"type":"Point","coordinates":[11.1873798,49.7503974]},"properties":{"maxweight":"3.5"}},{"type":"Feature","geometry":{"type":"Point","coordinates":[11.0864374,49.4724705]},"properties":{"maxheight":"4"}},{"type":"Feature","geometry":{"type":"Point","coordinates":[11.071219,49.4618961]},"properties":{"maxheight":"below_default"}},{"type":"Feature","geometry":{"type":"Point","coordinates":[11.0689236,49.4611045]},"properties":{"maxheight":"3.3"}},{"type":"Feature","geometry":{"type":"Point","coordinates":[11.0504158,49.4592194]},"properties":{"maxheight":"3.30"}},{"type":"Feature","geometry":{"type":"Point","coordinates":[11.9960699,49.9305198]},"properties":{"maxweight":"12"}},{"type":"Feature","geometry":{"type":"Point","coordinates":[11.9963574,49.9303369]},"properties":{"maxweight":"12"}},{"type":"Feature","geometry":{"type":"Point","coordinates":[11.275913,49.164992]},"properties":{"maxweight":"6"}},{"type":"Feature","geometry":{"type":"Point","coordinates":[11.0152384,49.4531569]},"properties":{"maxheight":"2.80"}},{"type":"Feature","geometry":{"type":"Point","coordinates":[11.4102354,49.5100166]},"properties":{"maxheight":"none"}},{"type":"Feature","geometry":{"type":"Point","coordinates":[11.1191316,49.4770844]},"properties":{"maxweight":"2.8"}},{"type":"Feature","geometry":{"type":"Point","coordinates":[11.1190498,49.4772194]},"properties":{"maxweight":"2.8"}},{"type":"Feature","geometry":{"type":"Point","coordinates":[11.1189603,49.4773672]},"properties":{"maxweight":"2.8"}},{"type":"Feature","geometry":{"type":"Point","coordinates":[11.118871,49.4775146]},"properties":{"maxweight":"2.8"}},{"type":"Feature","geometry":{"type":"Point","coordinates":[11.1195992,49.47786]},"properties":{"maxweight":"2.8"}},{"type":"Feature","geometry":{"type":"Point","coordinates":[11.1198877,49.477111]},"properties":{"maxweight":"2.8"}},{"type":"Feature","geometry":{"type":"Point","coordinates":[11.3479902,49.3837519]},"properties":{"maxheight":"2.8"}},{"type":"Feature","geometry":{"type":"Point","coordinates":[11.3482966,49.3839693]},"properties":{"maxheight":"2.8"}},{"type":"Feature","geometry":{"type":"Point","coordinates":[11.4045106,49.505047]},"properties":{"maxheight":"3.3"}},{"type":"Feature","geometry":{"type":"Point","coordinates":[11.404274,49.5049821]},"properties":{"maxheight":"2.65"}},{"type":"Feature","geometry":{"type":"Point","coordinates":[11.4041485,49.5054619]},"properties":{"maxheight":"2.7"}},{"type":"Feature","geometry":{"type":"Point","coordinates":[11.4168891,49.5153319]},"properties":{"maxweight":"30"}},{"type":"Feature","geometry":{"type":"Point","coordinates":[11.4133807,49.509582]},"properties":{"maxheight":"4"}},{"type":"Feature","geometry":{"type":"Point","coordinates":[11.3901371,49.5012429]},"properties":{"maxheight":"3.75"}},{"type":"Feature","geometry":{"type":"Point","coordinates":[11.2352031,49.1688131]},"properties":{"maxweight":"6"}},{"type":"Feature","geometry":{"type":"Point","coordinates":[11.030008,49.7640211]},"properties":{"hgv":"destination"}},{"type":"Feature","geometry":{"type":"Point","coordinates":[11.0754851,49.4457951]},"properties":{"maxweight":"16"}},{"type":"Feature","geometry":{"type":"Point","coordinates":[11.0925702,49.4753787]},"properties":{"maxweight":"2.8"}},{"type":"Feature","geometry":{"type":"Point","coordinates":[11.404141,49.5062537]},"properties":{"maxheight":"below_default"}},{"type":"Feature","geometry":{"type":"Point","coordinates":[11.6062765,49.9593909]},"properties":{"maxheight":"default"}},{"type":"Feature","geometry":{"type":"Point","coordinates":[11.9753608,49.5134229]},"properties":{"maxweight":"7.5"}},{"type":"Feature","geometry":{"type":"Point","coordinates":[11.9744583,49.5135341]},"properties":{"maxweight":"7.5"}},{"type":"Feature","geometry":{"type":"Point","coordinates":[11.4710084,49.0349323]},"properties":{"hgv":"delivery","maxweightrating:hgv":"7,5"}},{"type":"Feature","geometry":{"type":"Point","coordinates":[11.9545153,49.1642577]},"properties":{"hgv":"no"}},{"type":"Feature","geometry":{"type":"Point","coordinates":[11.0365804,49.4589602]},"properties":{"maxheight":"3.5"}},{"type":"Feature","geometry":{"type":"Point","coordinates":[11.0007327,49.6009314]},"properties":{"maxheight":"2.1"}},{"type":"Feature","geometry":{"type":"Point","coordinates":[11.0008709,49.6009502]},"properties":{"maxheight":"2.1"}},{"type":"Feature","geometry":{"type":"Point","coordinates":[11.0011256,49.599695]},"properties":{"maxheight":"2.1"}},{"type":"Feature","geometry":{"type":"Point","coordinates":[11.0356875,49.4445971]},"properties":{"maxheight":"default"}},{"type":"Feature","geometry":{"type":"Point","coordinates":[11.8892126,49.0915218]},"properties":{"hgv":"designated"}},{"type":"Feature","geometry":{"type":"Point","coordinates":[11.0195659,49.4534832]},"properties":{"maxheight":"3.2"}},{"type":"Feature","geometry":{"type":"Point","coordinates":[11.0090134,49.4545661]},"properties":{"hgv":"destination"}},{"type":"Feature","geometry":{"type":"Point","coordinates":[11.0227303,49.5937582]},"properties":{"maxheight":"3.2"}},{"type":"Feature","geometry":{"type":"Point","coordinates":[11.0227648,49.5937555]},"properties":{"maxheight":"3.2"}},{"type":"Feature","geometry":{"type":"Point","coordinates":[11.0225565,49.5937718]},"properties":{"maxheight":"3.2"}},{"type":"Feature","geometry":{"type":"Point","coordinates":[11.0551831,49.4526391]},"properties":{"maxheight":"5"}},{"type":"Feature","geometry":{"type":"Point","coordinates":[11.110988,49.4588168]},"properties":{"maxweight":"4"}},{"type":"Feature","geometry":{"type":"Point","coordinates":[11.1492724,49.414431]},"properties":{"maxheight":"2"}},{"type":"Feature","geometry":{"type":"Point","coordinates":[11.7789931,49.4906109]},"properties":{"maxwidth":"2.6","maxweight":"3.5"}},{"type":"Feature","geometry":{"type":"Point","coordinates":[11.0371075,49.4666447]},"properties":{"maxheight":"3.8"}},{"type":"Feature","geometry":{"type":"Point","coordinates":[11.8748202,49.851363]},"properties":{"maxweight":"3.5"}},{"type":"Feature","geometry":{"type":"Point","coordinates":[11.0666579,49.4468337]},"properties":{"maxheight":"2.1","maxweight":"2.5"}},{"type":"Feature","geometry":{"type":"Point","coordinates":[11.0665543,49.4470879]},"properties":{"maxheight":"2.1","maxweight":"2.5"}},{"type":"Feature","geometry":{"type":"Point","coordinates":[11.3798732,49.0009191]},"properties":{"hgv":"destination","maxweight":"7.5"}},{"type":"Feature","geometry":{"type":"Point","coordinates":[11.4127228,49.0431725]},"properties":{"hgv":"agricultural"}},{"type":"Feature","geometry":{"type":"Point","coordinates":[11.4382139,49.3384053]},"properties":{"maxweight":"12"}},{"type":"Feature","geometry":{"type":"Point","coordinates":[11.4359257,49.5099546]},"properties":{"maxweight":"2.8"}},{"type":"Feature","geometry":{"type":"Point","coordinates":[11.2073445,49.032258]},"properties":{"maxheight":"3.8"}},{"type":"Feature","geometry":{"type":"Point","coordinates":[11.4062936,49.0694948]},"properties":{"hgv":"agricultural"}},{"type":"Feature","geometry":{"type":"Point","coordinates":[11.4578241,49.2729823]},"properties":{"maxheight":"4"}},{"type":"Feature","geometry":{"type":"Point","coordinates":[11.4579252,49.2729018]},"properties":{"maxheight":"4"}},{"type":"Feature","geometry":{"type":"Point","coordinates":[11.4577587,49.2730728]},"properties":{"maxheight":"4"}},{"type":"Feature","geometry":{"type":"Point","coordinates":[11.4581714,49.2727677]},"properties":{"maxheight":"4"}},{"type":"Feature","geometry":{"type":"Point","coordinates":[11.4580598,49.2728556]},"properties":{"maxheight":"4"}},{"type":"Feature","geometry":{"type":"Point","coordinates":[11.4579538,49.2729368]},"properties":{"maxheight":"4"}},{"type":"Feature","geometry":{"type":"Point","coordinates":[11.4578523,49.2730153]},"properties":{"maxheight":"4"}},{"type":"Feature","geometry":{"type":"Point","coordinates":[11.0097784,49.5997441]},"properties":{"maxheight":"default"}},{"type":"Feature","geometry":{"type":"Point","coordinates":[11.0573047,49.4467284]},"properties":{"maxheight":"3.8"}},{"type":"Feature","geometry":{"type":"Point","coordinates":[11.0852683,49.4465832]},"properties":{"maxheight":"3.8"}},{"type":"Feature","geometry":{"type":"Point","coordinates":[11.0682651,49.4420577]},"properties":{"maxheight":"3.5"}},{"type":"Feature","geometry":{"type":"Point","coordinates":[11.0753918,49.4445475]},"properties":{"maxheight":"3.7"}},{"type":"Feature","geometry":{"type":"Point","coordinates":[11.0616098,49.4413116]},"properties":{"maxheight":"default"}},{"type":"Feature","geometry":{"type":"Point","coordinates":[11.0552741,49.4449869]},"properties":{"maxheight":"3.8"}},{"type":"Feature","geometry":{"type":"Point","coordinates":[11.856169,49.14343]},"properties":{"maxheight":"4.3"}},{"type":"Feature","geometry":{"type":"Point","coordinates":[11.3923828,49.5124603]},"properties":{"maxheight":"3.6"}},{"type":"Feature","geometry":{"type":"Point","coordinates":[11.731323,49.1585881]},"properties":{"maxheight":"4"}},{"type":"Feature","geometry":{"type":"Point","coordinates":[11.5962491,49.1307415]},"properties":{"maxweight":"12"}},{"type":"Feature","geometry":{"type":"Point","coordinates":[11.4394565,49.5042642]},"properties":{"maxheight":"4"}},{"type":"Feature","geometry":{"type":"Point","coordinates":[11.4271655,49.5107081]},"properties":{"maxheight":"3.6"}},{"type":"Feature","geometry":{"type":"Point","coordinates":[11.4364316,49.5123685]},"properties":{"maxheight":"4"}},{"type":"Feature","geometry":{"type":"Point","coordinates":[11.4393331,49.5041936]},"properties":{"maxheight":"4"}},{"type":"Feature","geometry":{"type":"Point","coordinates":[11.4388002,49.5040819]},"properties":{"maxheight":"4"}},{"type":"Feature","geometry":{"type":"Point","coordinates":[11.0330122,49.6575913]},"properties":{"hgv":"destination"}},{"type":"Feature","geometry":{"type":"Point","coordinates":[11.0322305,49.6577867]},"properties":{"hgv":"destination"}},{"type":"Feature","geometry":{"type":"Point","coordinates":[11.3342743,49.1713025]},"properties":{"maxheight":"none"}},{"type":"Feature","geometry":{"type":"Point","coordinates":[11.0149917,49.5956148]},"properties":{"maxheight":"below_default"}},{"type":"Feature","geometry":{"type":"Point","coordinates":[11.0306465,49.5775814]},"properties":{"maxheight":"2","maxweight":"3"}},{"type":"Feature","geometry":{"type":"Point","coordinates":[11.0171368,49.5872142]},"properties":{"maxheight":"default"}},{"type":"Feature","geometry":{"type":"Point","coordinates":[11.0171758,49.5872015]},"properties":{"maxheight":"default"}},{"type":"Feature","geometry":{"type":"Point","coordinates":[11.1293253,49.6118291]},"properties":{"maxheight":"3.2 m"}},{"type":"Feature","geometry":{"type":"Point","coordinates":[11.9537503,49.1617764]},"properties":{"hgv":"no"}},{"type":"Feature","geometry":{"type":"Point","coordinates":[11.4514163,49.0178743]},"properties":{"maxweightrating:hgv":"12"}},{"type":"Feature","geometry":{"type":"Point","coordinates":[11.018019,49.4636691]},"properties":{"maxheight":"below_default"}},{"type":"Feature","geometry":{"type":"Point","coordinates":[11.2160475,49.9561546]},"properties":{"maxweight":"12"}},{"type":"Feature","geometry":{"type":"Point","coordinates":[11.2540247,49.9596257]},"properties":{"maxweight":"16"}},{"type":"Feature","geometry":{"type":"Point","coordinates":[11.5348007,49.2311646]},"properties":{"hgv":"no"}},{"type":"Feature","geometry":{"type":"Point","coordinates":[11.0071252,49.5228262]},"properties":{"maxheight":"default"}},{"type":"Feature","geometry":{"type":"Point","coordinates":[11.0747522,49.4295073]},"properties":{"maxheight":"3.4"}},{"type":"Feature","geometry":{"type":"Point","coordinates":[11.0170413,49.6048445]},"properties":{"hgv":"destination","maxweight":"7.5"}},{"type":"Feature","geometry":{"type":"Point","coordinates":[11.4772556,49.2786187]},"properties":{"hgv":"delivery","maxweightrating:hgv":"7.5"}},{"type":"Feature","geometry":{"type":"Point","coordinates":[11.4764318,49.2769548]},"properties":{"hgv":"delivery","maxweightrating:hgv":"7.5"}},{"type":"Feature","geometry":{"type":"Point","coordinates":[11.4328744,49.2775467]},"properties":{"hgv":"delivery"}},{"type":"Feature","geometry":{"type":"Point","coordinates":[11.4627304,49.2808685]},"properties":{"hgv":"delivery"}},{"type":"Feature","geometry":{"type":"Point","coordinates":[11.5061446,49.2790611]},"properties":{"hgv":"delivery"}},{"type":"Feature","geometry":{"type":"Point","coordinates":[11.0583321,49.4572972]},"properties":{"maxheight":"3.20"}},{"type":"Feature","geometry":{"type":"Point","coordinates":[11.2985041,49.9408618]},"properties":{"maxweight":"3.5"}},{"type":"Feature","geometry":{"type":"Point","coordinates":[11.2995166,49.9417518]},"properties":{"maxweight":"3.5"}},{"type":"Feature","geometry":{"type":"Point","coordinates":[11.1379685,49.7472502]},"properties":{"maxweight":"5.5"}},{"type":"Feature","geometry":{"type":"Point","coordinates":[11.1383222,49.7474249]},"properties":{"maxweight":"5.5"}},{"type":"Feature","geometry":{"type":"Point","coordinates":[11.4145225,49.5101529]},"properties":{"maxheight":"3","maxwidth":"2","maxweight":"1.5"}},{"type":"Feature","geometry":{"type":"Point","coordinates":[11.4398521,49.5042703]},"properties":{"maxheight":"3.7"}},{"type":"Feature","geometry":{"type":"Point","coordinates":[11.4404142,49.5041821]},"properties":{"maxheight":"3.4"}},{"type":"Feature","geometry":{"type":"Point","coordinates":[11.177829,49.1932405]},"properties":{"maxweight":"3.5"}},{"type":"Feature","geometry":{"type":"Point","coordinates":[11.0863977,49.4469448]},"properties":{"maxheight":"3.60"}},{"type":"Feature","geometry":{"type":"Point","coordinates":[11.0873852,49.4470324]},"properties":{"maxheight":"3.9"}},{"type":"Feature","geometry":{"type":"Point","coordinates":[11.3172273,49.5128158]},"properties":{"maxweight":"5"}},{"type":"Feature","geometry":{"type":"Point","coordinates":[11.1249912,49.6124519]},"properties":{"maxweight":"7.5"}},{"type":"Feature","geometry":{"type":"Point","coordinates":[11.1263625,49.6127564]},"properties":{"maxweight":"7.5"}},{"type":"Feature","geometry":{"type":"Point","coordinates":[11.2004958,49.5742504]},"properties":{"hgv":"destination","maxweight":"7.5"}},{"type":"Feature","geometry":{"type":"Point","coordinates":[11.4461187,49.3337194]},"properties":{"maxweight":"7.5"}},{"type":"Feature","geometry":{"type":"Point","coordinates":[11.2999354,49.9420995]},"properties":{"maxweight":"3.5"}},{"type":"Feature","geometry":{"type":"Point","coordinates":[11.0024188,49.5758941]},"properties":{"maxheight":"2.0"}},{"type":"Feature","geometry":{"type":"Point","coordinates":[11.0017629,49.5761472]},"properties":{"maxheight":"2.0"}},{"type":"Feature","geometry":{"type":"Point","coordinates":[11.0577559,49.4298344]},"properties":{"maxheight":"2.8"}},{"type":"Feature","geometry":{"type":"Point","coordinates":[11.0576984,49.4298418]},"properties":{"maxheight":"2.8"}},{"type":"Feature","geometry":{"type":"Point","coordinates":[11.0576417,49.4298491]},"properties":{"maxheight":"2.8"}},{"type":"Feature","geometry":{"type":"Point","coordinates":[11.057576,49.4298575]},"properties":{"maxheight":"2.8"}},{"type":"Feature","geometry":{"type":"Point","coordinates":[11.0575131,49.4298656]},"properties":{"maxheight":"2.8"}},{"type":"Feature","geometry":{"type":"Point","coordinates":[11.0310938,49.5774744]},"properties":{"maxheight":"2","maxweight":"3"}},{"type":"Feature","geometry":{"type":"Point","coordinates":[11.4120703,49.9979716]},"properties":{"maxweight":"6"}},{"type":"Feature","geometry":{"type":"Point","coordinates":[11.0586796,49.4431278]},"properties":{"maxweight":"16"}},{"type":"Feature","geometry":{"type":"Point","coordinates":[11.0585204,49.443015]},"properties":{"maxweight":"16"}},{"type":"Feature","geometry":{"type":"Point","coordinates":[11.095832,49.4599069]},"properties":{"maxheight":"3.2"}},{"type":"Feature","geometry":{"type":"Point","coordinates":[11.096014,49.4593025]},"properties":{"maxheight":"3.2"}},{"type":"Feature","geometry":{"type":"Point","coordinates":[11.0262865,49.3732108]},"properties":{"maxheight":"3.7"}},{"type":"Feature","geometry":{"type":"Point","coordinates":[11.0214611,49.4179399]},"properties":{"maxlength":"10"}},{"type":"Feature","geometry":{"type":"Point","coordinates":[11.3771384,49.5108741]},"properties":{"maxweight":"3"}},{"type":"Feature","geometry":{"type":"Point","coordinates":[11.0063667,49.5948957]},"properties":{"hgv":"no","maxheight":"3.5","maxweight":"30"}},{"type":"Feature","geometry":{"type":"Point","coordinates":[11.4489683,49.2637691]},"properties":{"hgv":"delivery"}},{"type":"Feature","geometry":{"type":"Point","coordinates":[11.0539129,49.4578922]},"properties":{"maxheight":"3.6"}},{"type":"Feature","geometry":{"type":"Point","coordinates":[11.28284,49.4610688]},"properties":{"maxheight":"default"}},{"type":"Feature","geometry":{"type":"Point","coordinates":[11.4199118,49.5085078]},"properties":{"maxheight":"default"}},{"type":"Feature","geometry":{"type":"Point","coordinates":[11.4198918,49.5085505]},"properties":{"maxheight":"default"}},{"type":"Feature","geometry":{"type":"Point","coordinates":[11.1004684,49.4407381]},"properties":{"maxheight":"3.1"}},{"type":"Feature","geometry":{"type":"Point","coordinates":[11.0631876,49.4693474]},"properties":{"maxheight":"4.1"}},{"type":"Feature","geometry":{"type":"Point","coordinates":[11.0623433,49.4721872]},"properties":{"maxheight":"2.1"}},{"type":"Feature","geometry":{"type":"Point","coordinates":[11.4517069,49.8789531]},"properties":{"maxweight":"7.5"}},{"type":"Feature","geometry":{"type":"Point","coordinates":[11.3228668,49.6603028]},"properties":{"maxheight":"3.0"}},{"type":"Feature","geometry":{"type":"Point","coordinates":[11.8913443,49.5224748]},"properties":{"maxheight":"7.5"}},{"type":"Feature","geometry":{"type":"Point","coordinates":[11.7870458,49.5553147]},"properties":{"maxweight":"7.5"}},{"type":"Feature","geometry":{"type":"Point","coordinates":[11.0129673,49.5866829]},"properties":{"maxheight":"3.6"}},{"type":"Feature","geometry":{"type":"Point","coordinates":[11.0128552,49.5867475]},"properties":{"maxheight":"3.6"}},{"type":"Feature","geometry":{"type":"Point","coordinates":[11.0032982,49.5868542]},"properties":{"maxheight":"3.7"}},{"type":"Feature","geometry":{"type":"Point","coordinates":[11.0031947,49.5868998]},"properties":{"maxheight":"3.7"}},{"type":"Feature","geometry":{"type":"Point","coordinates":[11.004331,49.5837499]},"properties":{"maxheight":"3.6"}},{"type":"Feature","geometry":{"type":"Point","coordinates":[11.0042306,49.5837515]},"properties":{"maxheight":"3.6"}},{"type":"Feature","geometry":{"type":"Point","coordinates":[11.0842109,49.4096816]},"properties":{"hgv":"no"}},{"type":"Feature","geometry":{"type":"Point","coordinates":[11.2611587,49.1603555]},"properties":{"hgv":"yes"}},{"type":"Feature","geometry":{"type":"Point","coordinates":[11.0582367,49.4594968]},"properties":{"maxheight":"2.10"}},{"type":"Feature","geometry":{"type":"Point","coordinates":[11.05807,49.4592184]},"properties":{"maxheight":"default"}},{"type":"Feature","geometry":{"type":"Point","coordinates":[11.1272788,49.4175605]},"properties":{"hgv":"destination"}},{"type":"Feature","geometry":{"type":"Point","coordinates":[11.0454552,49.4581379]},"properties":{"maxheight":"3"}},{"type":"Feature","geometry":{"type":"Point","coordinates":[11.4332493,49.5072439]},"properties":{"maxweight":"20"}},{"type":"Feature","geometry":{"type":"Point","coordinates":[11.0211937,49.5968464]},"properties":{"maxheight":"below_default"}},{"type":"Feature","geometry":{"type":"Point","coordinates":[11.0238489,49.5964586]},"properties":{"maxheight":"2"}},{"type":"Feature","geometry":{"type":"Point","coordinates":[11.0516951,49.4415428]},"properties":{"maxheight":"3"}},{"type":"Feature","geometry":{"type":"Point","coordinates":[11.1286925,49.6137917]},"properties":{"maxheight":"3.2 m"}},{"type":"Feature","geometry":{"type":"Point","coordinates":[11.4506617,49.0037674]},"properties":{"maxheight":"3.1"}},{"type":"Feature","geometry":{"type":"Point","coordinates":[11.4478419,49.3221022]},"properties":{"maxweight":"12"}},{"type":"Feature","geometry":{"type":"Point","coordinates":[11.231309,49.3527463]},"properties":{"hgv":"no","goods":"destination"}},{"type":"Feature","geometry":{"type":"Point","coordinates":[11.0583128,49.4670991]},"properties":{"maxheight":"2"}},{"type":"Feature","geometry":{"type":"Point","coordinates":[11.0583164,49.4671995]},"properties":{"maxheight":"2"}},{"type":"Feature","geometry":{"type":"Point","coordinates":[11.0865315,49.4498613]},"properties":{"maxheight":"3.8"}},{"type":"Feature","geometry":{"type":"Point","coordinates":[11.4525582,49.3366856]},"properties":{"maxheight":"4.2"}},{"type":"Feature","geometry":{"type":"Point","coordinates":[11.0265127,49.4620626]},"properties":{"maxheight":"4"}},{"type":"Feature","geometry":{"type":"Point","coordinates":[11.5825349,49.9374752]},"properties":{"maxheight":"3.45"}},{"type":"Feature","geometry":{"type":"Point","coordinates":[11.5629145,49.9477824]},"properties":{"maxweight":"5"}},{"type":"Feature","geometry":{"type":"Point","coordinates":[11.5667732,49.9336828]},"properties":{"hgv":"destination"}},{"type":"Feature","geometry":{"type":"Point","coordinates":[11.9058194,49.6012933]},"properties":{"hgv":"no"}},{"type":"Feature","geometry":{"type":"Point","coordinates":[11.2991195,49.9769395]},"properties":{"maxweight":"5.5"}},{"type":"Feature","geometry":{"type":"Point","coordinates":[11.1202554,49.4163265]},"properties":{"maxheight":"2"}},{"type":"Feature","geometry":{"type":"Point","coordinates":[11.2259164,49.2203606]},"properties":{"hgv":"designated"}},{"type":"Feature","geometry":{"type":"Point","coordinates":[11.0086793,49.5917239]},"properties":{"maxweight":"3.5"}},{"type":"Feature","geometry":{"type":"Point","coordinates":[11.0085054,49.591653]},"properties":{"maxheight":"default","maxweight":"3.5"}},{"type":"Feature","geometry":{"type":"Point","coordinates":[11.5688346,49.9469084]},"properties":{"maxheight":"default"}},{"type":"Feature","geometry":{"type":"Point","coordinates":[11.558376,49.9399372]},"properties":{"maxweight":"30"}},{"type":"Feature","geometry":{"type":"Point","coordinates":[11.6800921,49.5140168]},"properties":{"maxheight":"3"}},{"type":"Feature","geometry":{"type":"Point","coordinates":[11.5839022,49.9548995]},"properties":{"maxweight":"2.8"}},{"type":"Feature","geometry":{"type":"Point","coordinates":[11.4756862,49.0352599]},"properties":{"maxweight":"3.5"}},{"type":"Feature","geometry":{"type":"Point","coordinates":[11.6001315,49.92957]},"properties":{"maxweight":"7.5"}},{"type":"Feature","geometry":{"type":"Point","coordinates":[11.4687308,49.0364651]},"properties":{"hgv":"delivery"}},{"type":"Feature","geometry":{"type":"Point","coordinates":[11.4684773,49.0363595]},"properties":{"hgv":"delivery"}},{"type":"Feature","geometry":{"type":"Point","coordinates":[11.4694146,49.0360343]},"properties":{"hgv":"delivery"}},{"type":"Feature","geometry":{"type":"Point","coordinates":[11.751036,49.1774133]},"properties":{"hgv":"designated"}},{"type":"Feature","geometry":{"type":"Point","coordinates":[11.7502448,49.1778467]},"properties":{"hgv":"no"}},{"type":"Feature","geometry":{"type":"Point","coordinates":[11.7505825,49.1767441]},"properties":{"hgv":"designated"}},{"type":"Feature","geometry":{"type":"Point","coordinates":[11.7493596,49.1761017]},"properties":{"hgv":"no"}},{"type":"Feature","geometry":{"type":"Point","coordinates":[11.1528781,49.4651418]},"properties":{"maxheight":"default"}},{"type":"Feature","geometry":{"type":"Point","coordinates":[11.0089746,49.5956483]},"properties":{"maxheight":"below_default"}},{"type":"Feature","geometry":{"type":"Point","coordinates":[11.0106769,49.5955811]},"properties":{"maxheight":"below_default"}},{"type":"Feature","geometry":{"type":"Point","coordinates":[11.0107849,49.5957238]},"properties":{"maxheight":"below_default"}},{"type":"Feature","geometry":{"type":"Point","coordinates":[11.0971649,49.4332583]},"properties":{"maxheight":"default"}},{"type":"Feature","geometry":{"type":"Point","coordinates":[11.0971509,49.4336218]},"properties":{"maxheight":"default"}},{"type":"Feature","geometry":{"type":"Point","coordinates":[11.0973052,49.4331447]},"properties":{"maxheight":"default"}},{"type":"Feature","geometry":{"type":"Point","coordinates":[11.0974159,49.4326377]},"properties":{"maxheight":"4.1"}},{"type":"Feature","geometry":{"type":"Point","coordinates":[11.4098186,49.2547708]},"properties":{"hgv":"no"}},{"type":"Feature","geometry":{"type":"Point","coordinates":[11.0562187,49.7695251]},"properties":{"maxweight":"18"}},{"type":"Feature","geometry":{"type":"Point","coordinates":[11.0563473,49.7689682]},"properties":{"maxweight":"18"}},{"type":"Feature","geometry":{"type":"Point","coordinates":[11.0563474,49.7684922]},"properties":{"maxweight":"18"}},{"type":"Feature","geometry":{"type":"Point","coordinates":[11.3352893,49.5166734]},"properties":{"maxheight":"default"}},{"type":"Feature","geometry":{"type":"Point","coordinates":[11.4693361,49.035696]},"properties":{"hgv":"delivery"}},{"type":"Feature","geometry":{"type":"Point","coordinates":[11.4170204,49.0447922]},"properties":{"hgv":"agricultural"}},{"type":"Feature","geometry":{"type":"Point","coordinates":[11.0310705,49.4318839]},"properties":{"maxheight":"default"}},{"type":"Feature","geometry":{"type":"Point","coordinates":[11.0853127,49.4475572]},"properties":{"maxheight":"default"}},{"type":"Feature","geometry":{"type":"Point","coordinates":[11.4393709,49.3321731]},"properties":{"maxweight":"12"}},{"type":"Feature","geometry":{"type":"Point","coordinates":[11.4384736,49.3363434]},"properties":{"maxweight":"12"}},{"type":"Feature","geometry":{"type":"Point","coordinates":[11.2242304,49.4784733]},"properties":{"maxheight":"default"}},{"type":"Feature","geometry":{"type":"Point","coordinates":[11.2241404,49.478605]},"properties":{"maxheight":"default"}},{"type":"Feature","geometry":{"type":"Point","coordinates":[11.2241835,49.478542]},"properties":{"maxheight":"default"}},{"type":"Feature","geometry":{"type":"Point","coordinates":[11.0142535,49.5927674]},"properties":{"maxheight":"default"}},{"type":"Feature","geometry":{"type":"Point","coordinates":[11.0088499,49.5951422]},"properties":{"maxheight":"default"}},{"type":"Feature","geometry":{"type":"Point","coordinates":[11.0078324,49.6059572]},"properties":{"maxheight":"3.5"}},{"type":"Feature","geometry":{"type":"Point","coordinates":[11.0078189,49.6059943]},"properties":{"maxheight":"3.5"}},{"type":"Feature","geometry":{"type":"Point","coordinates":[11.0288416,49.5955523]},"properties":{"maxheight":"3.8"}},{"type":"Feature","geometry":{"type":"Point","coordinates":[11.5396943,49.6151362]},"properties":{"maxheight":"3.2"}},{"type":"Feature","geometry":{"type":"Point","coordinates":[11.0244051,49.6930615]},"properties":{"maxweight":"5.5"}},{"type":"Feature","geometry":{"type":"Point","coordinates":[11.0125642,49.4120138]},"properties":{"maxheight":"2.1"}},{"type":"Feature","geometry":{"type":"Point","coordinates":[11.0618942,49.4452015]},"properties":{"maxlength":"10"}},{"type":"Feature","geometry":{"type":"Point","coordinates":[11.0066983,49.5942896]},"properties":{"maxheight":"2"}},{"type":"Feature","geometry":{"type":"Point","coordinates":[11.0155993,49.5941965]},"properties":{"maxheight":"below_default"}},{"type":"Feature","geometry":{"type":"Point","coordinates":[11.0298536,49.5453967]},"properties":{"maxheight":"3.85"}},{"type":"Feature","geometry":{"type":"Point","coordinates":[11.0299566,49.5453006]},"properties":{"maxheight":"3.85"}},{"type":"Feature","geometry":{"type":"Point","coordinates":[11.0297223,49.5450833]},"properties":{"maxheight":"3.85"}},{"type":"Feature","geometry":{"type":"Point","coordinates":[11.0455837,49.3201459]},"properties":{"maxheight":"default"}},{"type":"Feature","geometry":{"type":"Point","coordinates":[11.2652377,49.6991456]},"properties":{"hgv":"no"}},{"type":"Feature","geometry":{"type":"Point","coordinates":[11.4335362,49.5070704]},"properties":{"maxweight":"20"}},{"type":"Feature","geometry":{"type":"Point","coordinates":[11.9056413,49.705173]},"properties":{"hgv":"no"}},{"type":"Feature","geometry":{"type":"Point","coordinates":[11.9108042,49.6653949]},"properties":{"maxweight":"10"}},{"type":"Feature","geometry":{"type":"Point","coordinates":[11.9103583,49.6645926]},"properties":{"maxweight":"10"}},{"type":"Feature","geometry":{"type":"Point","coordinates":[11.2099947,49.3787054]},"properties":{"maxheight":"below_default"}},{"type":"Feature","geometry":{"type":"Point","coordinates":[11.1186728,49.4779475]},"properties":{"maxweight":"2.8"}},{"type":"Feature","geometry":{"type":"Point","coordinates":[11.1186915,49.477811]},"properties":{"maxweight":"2.8"}},{"type":"Feature","geometry":{"type":"Point","coordinates":[11.51315,49.0240263]},"properties":{"maxweight":"7.5"}},{"type":"Feature","geometry":{"type":"Point","coordinates":[11.8982516,49.6947083]},"properties":{"maxweight":"10"}},{"type":"Feature","geometry":{"type":"Point","coordinates":[11.4668422,49.0334602]},"properties":{"hgv":"delivery"}},{"type":"Feature","geometry":{"type":"Point","coordinates":[11.8530209,49.4482479]},"properties":{"maxheight":"2.05"}},{"type":"Feature","geometry":{"type":"Point","coordinates":[11.0761701,49.4459514]},"properties":{"maxweight":"7.5"}},{"type":"Feature","geometry":{"type":"Point","coordinates":[11.724085,49.5083095]},"properties":{"hgv":"destination"}},{"type":"Feature","geometry":{"type":"Point","coordinates":[11.0488308,49.4423009]},"properties":{"maxheight":"3"}},{"type":"Feature","geometry":{"type":"Point","coordinates":[11.0312213,49.5774677]},"properties":{"maxheight":"2","maxweight":"3"}},{"type":"Feature","geometry":{"type":"Point","coordinates":[11.0036186,49.5920449]},"properties":{"maxweight":"7.5"}},{"type":"Feature","geometry":{"type":"Point","coordinates":[11.0082321,49.5535748]},"properties":{"maxheight":"default"}},{"type":"Feature","geometry":{"type":"Point","coordinates":[11.8662549,49.4457433]},"properties":{"maxheight":"2.10"}},{"type":"Feature","geometry":{"type":"Point","coordinates":[11.5540589,49.629183]},"properties":{"maxheight":"4"}},{"type":"Feature","geometry":{"type":"Point","coordinates":[11.5839008,49.5422459]},"properties":{"maxweight":"30"}},{"type":"Feature","geometry":{"type":"Point","coordinates":[11.5839008,49.5422459]},"properties":{"maxweight":"30"}},{"type":"Feature","geometry":{"type":"Point","coordinates":[11.9502626,49.1618907]},"properties":{"maxheight":"3.3","maxwidth":"2.3"}},{"type":"Feature","geometry":{"type":"Point","coordinates":[11.0158314,49.5974226]},"properties":{"maxweight":"12 t"}},{"type":"Feature","geometry":{"type":"Point","coordinates":[11.0077987,49.82872]},"properties":{"maxheight":"default"}},{"type":"Feature","geometry":{"type":"Point","coordinates":[11.0099642,49.8197196]},"properties":{"maxheight":"default"}},{"type":"Feature","geometry":{"type":"Point","coordinates":[11.117235,49.5242029]},"properties":{"hgv":"no"}},{"type":"Feature","geometry":{"type":"Point","coordinates":[11.0691399,49.7822189]},"properties":{"maxweight":"5.5"}},{"type":"Feature","geometry":{"type":"Point","coordinates":[11.0640668,49.7732974]},"properties":{"maxweight":"5"}},{"type":"Feature","geometry":{"type":"Point","coordinates":[11.0959017,49.7525541]},"properties":{"maxweight":"5.5"}},{"type":"Feature","geometry":{"type":"Point","coordinates":[11.0766796,49.7507891]},"properties":{"maxweight":"5"}},{"type":"Feature","geometry":{"type":"Point","coordinates":[11.5772236,49.934698]},"properties":{"maxheight":"below_default"}},{"type":"Feature","geometry":{"type":"Point","coordinates":[11.3322904,49.8963881]},"properties":{"maxweight":"7.5"}},{"type":"Feature","geometry":{"type":"Point","coordinates":[11.3327425,49.8961389]},"properties":{"maxweight":"7.5"}},{"type":"Feature","geometry":{"type":"Point","coordinates":[11.2729283,49.1693507]},"properties":{"maxweight":"6"}},{"type":"Feature","geometry":{"type":"Point","coordinates":[11.6864779,49.5893318]},"properties":{"hgv":"destination"}},{"type":"Feature","geometry":{"type":"Point","coordinates":[11.6649933,49.5848633]},"properties":{"maxweight":"7.5"}},{"type":"Feature","geometry":{"type":"Point","coordinates":[11.0580676,49.1676711]},"properties":{"maxheight":"default"}},{"type":"Feature","geometry":{"type":"Point","coordinates":[11.0766096,49.1890201]},"properties":{"maxheight":"default"}},{"type":"Feature","geometry":{"type":"Point","coordinates":[11.053957,49.1644544]},"properties":{"maxheight":"default"}},{"type":"Feature","geometry":{"type":"Point","coordinates":[11.0097573,49.600746]},"properties":{"maxweightrating:hgv":"7.5"}},{"type":"Feature","geometry":{"type":"Point","coordinates":[11.1174484,49.3931802]},"properties":{"maxheight":"2.7"}},{"type":"Feature","geometry":{"type":"Point","coordinates":[11.0119362,49.6003874]},"properties":{"maxweightrating:hgv":"7.5"}},{"type":"Feature","geometry":{"type":"Point","coordinates":[11.0721431,49.3432796]},"properties":{"maxweight":"12"}},{"type":"Feature","geometry":{"type":"Point","coordinates":[11.0995764,49.3564206]},"properties":{"hgv":"no"}},{"type":"Feature","geometry":{"type":"Point","coordinates":[11.0147023,49.5998497]},"properties":{"maxheight":"2.5"}},{"type":"Feature","geometry":{"type":"Point","coordinates":[11.0832796,49.4464568]},"properties":{"maxheight":"2"}},{"type":"Feature","geometry":{"type":"Point","coordinates":[11.0053991,49.6024313]},"properties":{"maxheight":"below_default"}},{"type":"Feature","geometry":{"type":"Point","coordinates":[11.0476156,49.7447405]},"properties":{"maxweight":"24"}},{"type":"Feature","geometry":{"type":"Point","coordinates":[11.182462,49.6209805]},"properties":{"hgv":"agricultural"}},{"type":"Feature","geometry":{"type":"Point","coordinates":[11.1882227,49.621875]},"properties":{"hgv":"agricultural"}},{"type":"Feature","geometry":{"type":"Point","coordinates":[11.4330919,49.5086828]},"properties":{"maxweight":"30"}},{"type":"Feature","geometry":{"type":"Point","coordinates":[11.1375622,49.7384829]},"properties":{"maxwidth":"3.2"}},{"type":"Feature","geometry":{"type":"Point","coordinates":[11.1273368,49.7524294]},"properties":{"maxweight":"3.5"}},{"type":"Feature","geometry":{"type":"Point","coordinates":[11.1399717,49.7568431]},"properties":{"maxweight":"5.5"}},{"type":"Feature","geometry":{"type":"Point","coordinates":[11.4667402,49.4931262]},"properties":{"maxheight":"3.6"}},{"type":"Feature","geometry":{"type":"Point","coordinates":[11.1422019,49.8047188]},"properties":{"maxweight":"3.5"}},{"type":"Feature","geometry":{"type":"Point","coordinates":[11.0741925,49.2380417]},"properties":{"maxwidth":"2.5"}},{"type":"Feature","geometry":{"type":"Point","coordinates":[11.074405,49.2383011]},"properties":{"maxwidth":"2.5"}},{"type":"Feature","geometry":{"type":"Point","coordinates":[11.0740832,49.2379082]},"properties":{"maxwidth":"2.5"}},{"type":"Feature","geometry":{"type":"Point","coordinates":[11.0742909,49.2381619]},"properties":{"maxwidth":"2.5"}},{"type":"Feature","geometry":{"type":"Point","coordinates":[11.0741925,49.2380417]},"properties":{"maxwidth":"2.5"}},{"type":"Feature","geometry":{"type":"Point","coordinates":[11.0742147,49.2376936]},"properties":{"maxwidth":"2.5"}},{"type":"Feature","geometry":{"type":"Point","coordinates":[11.073972,49.2377724]},"properties":{"maxwidth":"2.5"}},{"type":"Feature","geometry":{"type":"Point","coordinates":[11.0736274,49.2375828]},"properties":{"maxweight":"3"}},{"type":"Feature","geometry":{"type":"Point","coordinates":[11.0893115,49.246907]},"properties":{"maxheight":"2"}},{"type":"Feature","geometry":{"type":"Point","coordinates":[11.1091974,49.2487429]},"properties":{"maxheight":"11"}},{"type":"Feature","geometry":{"type":"Point","coordinates":[11.1099798,49.2489633]},"properties":{"maxheight":"11"}},{"type":"Feature","geometry":{"type":"Point","coordinates":[11.0028051,49.5907944]},"properties":{"maxheight":"2.4"}},{"type":"Feature","geometry":{"type":"Point","coordinates":[11.8597481,49.3960819]},"properties":{"hgv":"designated"}},{"type":"Feature","geometry":{"type":"Point","coordinates":[11.8597403,49.3971109]},"properties":{"hgv":"designated"}},{"type":"Feature","geometry":{"type":"Point","coordinates":[11.1681815,49.9948865]},"properties":{"hgv":"designated"}},{"type":"Feature","geometry":{"type":"Point","coordinates":[11.1693359,49.9943081]},"properties":{"hgv":"designated"}},{"type":"Feature","geometry":{"type":"Point","coordinates":[11.0172583,49.5870019]},"properties":{"maxheight":"default"}},{"type":"Feature","geometry":{"type":"Point","coordinates":[11.7357785,49.4702906]},"properties":{"maxweight":"15"}},{"type":"Feature","geometry":{"type":"Point","coordinates":[11.6873096,49.423689]},"properties":{"hgv":"no"}},{"type":"Feature","geometry":{"type":"Point","coordinates":[11.6904508,49.4230019]},"properties":{"hgv":"designated"}},{"type":"Feature","geometry":{"type":"Point","coordinates":[11.6911946,49.4233188]},"properties":{"hgv":"designated"}},{"type":"Feature","geometry":{"type":"Point","coordinates":[11.6902456,49.424057]},"properties":{"hgv":"yes"}},{"type":"Feature","geometry":{"type":"Point","coordinates":[11.9296458,49.0456433]},"properties":{"maxheight":"default"}},{"type":"Feature","geometry":{"type":"Point","coordinates":[11.1153667,49.3618513]},"properties":{"maxheight":"default"}},{"type":"Feature","geometry":{"type":"Point","coordinates":[11.5928414,49.9338045]},"properties":{"hgv":"no"}},{"type":"Feature","geometry":{"type":"Point","coordinates":[11.0574542,49.7260388]},"properties":{"maxheight":"2.1","maxweight":"2.8"}},{"type":"Feature","geometry":{"type":"Point","coordinates":[11.5691771,49.9464992]},"properties":{"maxheight":"2.1"}},{"type":"Feature","geometry":{"type":"Point","coordinates":[11.0704057,49.7182778]},"properties":{"maxheight":"2.6"}},{"type":"Feature","geometry":{"type":"Point","coordinates":[11.018391,49.4264513]},"properties":{"maxheight":"2.1"}},{"type":"Feature","geometry":{"type":"Point","coordinates":[11.2363845,49.4600908]},"properties":{"maxheight":"default"}},{"type":"Feature","geometry":{"type":"Point","coordinates":[11.1268171,49.6127955]},"properties":{"maxheight":"3.2 m"}},{"type":"Feature","geometry":{"type":"Point","coordinates":[11.9500713,49.7583518]},"properties":{"hgv":"no"}},{"type":"Feature","geometry":{"type":"Point","coordinates":[11.0151889,49.6598187]},"properties":{"maxweight":"16"}},{"type":"Feature","geometry":{"type":"Point","coordinates":[11.0174646,49.6592981]},"properties":{"maxweight":"16"}},{"type":"Feature","geometry":{"type":"Point","coordinates":[11.0318347,49.6552179]},"properties":{"hgv":"destination"}},{"type":"Feature","geometry":{"type":"Point","coordinates":[11.0319818,49.6555577]},"properties":{"hgv":"destination"}},{"type":"Feature","geometry":{"type":"Point","coordinates":[11.0320995,49.6567417]},"properties":{"hgv":"destination"}},{"type":"Feature","geometry":{"type":"Point","coordinates":[11.0325121,49.6584226]},"properties":{"hgv":"destination"}},{"type":"Feature","geometry":{"type":"Point","coordinates":[11.0323394,49.658132]},"properties":{"hgv":"destination"}},{"type":"Feature","geometry":{"type":"Point","coordinates":[11.0333286,49.6591443]},"properties":{"hgv":"destination"}},{"type":"Feature","geometry":{"type":"Point","coordinates":[11.4535283,49.2120066]},"properties":{"maxwidth":"4.2"}},{"type":"Feature","geometry":{"type":"Point","coordinates":[11.4453618,49.2596496]},"properties":{"hgv":"yes"}},{"type":"Feature","geometry":{"type":"Point","coordinates":[11.0459545,49.338371]},"properties":{"hgv":"delivery"}},{"type":"Feature","geometry":{"type":"Point","coordinates":[11.044089,49.3328683]},"properties":{"hgv":"delivery"}},{"type":"Feature","geometry":{"type":"Point","coordinates":[11.0708445,49.6194417]},"properties":{"maxweight":"2"}},{"type":"Feature","geometry":{"type":"Point","coordinates":[11.0795312,49.6169162]},"properties":{"maxweight":"2"}},{"type":"Feature","geometry":{"type":"Point","coordinates":[11.0369506,49.6046348]},"properties":{"hgv":"destination"}},{"type":"Feature","geometry":{"type":"Point","coordinates":[11.0161206,49.6049341]},"properties":{"hgv":"destination","maxweight":"7.5"}},{"type":"Feature","geometry":{"type":"Point","coordinates":[11.0153416,49.605047]},"properties":{"hgv":"destination","maxweight":"7.5"}},{"type":"Feature","geometry":{"type":"Point","coordinates":[11.018632,49.6045047]},"properties":{"hgv":"destination","maxweight":"7.5"}},{"type":"Feature","geometry":{"type":"Point","coordinates":[11.0120104,49.6291659]},"properties":{"maxheight":"default"}},{"type":"Feature","geometry":{"type":"Point","coordinates":[11.0385704,49.6344354]},"properties":{"maxlength":"5"}},{"type":"Feature","geometry":{"type":"Point","coordinates":[11.0388905,49.6331808]},"properties":{"maxlength":"5"}},{"type":"Feature","geometry":{"type":"Point","coordinates":[11.0389336,49.6324211]},"properties":{"maxlength":"5"}},{"type":"Feature","geometry":{"type":"Point","coordinates":[11.0456264,49.6480854]},"properties":{"maxlength":"9"}},{"type":"Feature","geometry":{"type":"Point","coordinates":[11.0446509,49.6470063]},"properties":{"maxlength":"9"}},{"type":"Feature","geometry":{"type":"Point","coordinates":[11.0453902,49.6470373]},"properties":{"maxlength":"9"}},{"type":"Feature","geometry":{"type":"Point","coordinates":[11.786963,49.4897623]},"properties":{"maxheight":"4"}},{"type":"Feature","geometry":{"type":"Point","coordinates":[11.0746315,49.2058816]},"properties":{"maxheight":"4"}},{"type":"Feature","geometry":{"type":"Point","coordinates":[11.0745933,49.2066498]},"properties":{"maxheight":"4"}},{"type":"Feature","geometry":{"type":"Point","coordinates":[11.726827,49.7520672]},"properties":{"hgv":"no"}},{"type":"Feature","geometry":{"type":"Point","coordinates":[11.3443521,49.3802468]},"properties":{"maxheight":"4.2"}},{"type":"Feature","geometry":{"type":"Point","coordinates":[11.3915367,49.3705901]},"properties":{"maxheight":"4.2"}},{"type":"Feature","geometry":{"type":"Point","coordinates":[11.0984031,49.2504978]},"properties":{"maxweight":"2.8"}},{"type":"Feature","geometry":{"type":"Point","coordinates":[11.1577549,49.4138071]},"properties":{"maxheight":"4"}},{"type":"Feature","geometry":{"type":"Point","coordinates":[11.011835,49.4234908]},"properties":{"maxheight":"4"}},{"type":"Feature","geometry":{"type":"Point","coordinates":[11.3733133,49.0780424]},"properties":{"maxweight":"7.5"}},{"type":"Feature","geometry":{"type":"Point","coordinates":[11.5456222,49.4970465]},"properties":{"maxheight":"4"}},{"type":"Feature","geometry":{"type":"Point","coordinates":[11.7435393,49.4980772]},"properties":{"maxheight":"4"}},{"type":"Feature","geometry":{"type":"Point","coordinates":[11.813689,49.4906306]},"properties":{"maxheight":"3.2"}},{"type":"Feature","geometry":{"type":"Point","coordinates":[11.2411918,49.6260362]},"properties":{"maxheight":"3.5"}},{"type":"Feature","geometry":{"type":"Point","coordinates":[11.0015869,49.6129723]},"properties":{"maxheight":"3.5"}},{"type":"Feature","geometry":{"type":"Point","coordinates":[11.0759554,49.4561779]},"properties":{"maxweight":"7.5"}},{"type":"Feature","geometry":{"type":"Point","coordinates":[11.0756713,49.4564165]},"properties":{"maxweight":"7.5"}},{"type":"Feature","geometry":{"type":"Point","coordinates":[11.0023132,49.4698979]},"properties":{"maxheight":"2.8"}},{"type":"Feature","geometry":{"type":"Point","coordinates":[11.1617614,49.3489281]},"properties":{"hgv":"delivery"}},{"type":"Feature","geometry":{"type":"Point","coordinates":[11.1603169,49.3588146]},"properties":{"maxheight":"2.2"}},{"type":"Feature","geometry":{"type":"Point","coordinates":[11.0418604,49.7484349]},"properties":{"maxweight":"5"}},{"type":"Feature","geometry":{"type":"Point","coordinates":[11.8953162,49.6080997]},"properties":{"maxweight":"15"}},{"type":"Feature","geometry":{"type":"Point","coordinates":[11.8907642,49.5853061]},"properties":{"maxweight":"7.5"}},{"type":"Feature","geometry":{"type":"Point","coordinates":[11.0272468,49.6910122]},"properties":{"maxweight":"7.5"}},{"type":"Feature","geometry":{"type":"Point","coordinates":[11.0281488,49.6921085]},"properties":{"maxweight":"7.5"}},{"type":"Feature","geometry":{"type":"Point","coordinates":[11.0276437,49.6915052]},"properties":{"maxweight":"7.5"}},{"type":"Feature","geometry":{"type":"Point","coordinates":[11.0430271,49.7477526]},"properties":{"maxweight":"5"}},{"type":"Feature","geometry":{"type":"Point","coordinates":[11.8547201,49.4818016]},"properties":{"maxweight":"7.5"}},{"type":"Feature","geometry":{"type":"Point","coordinates":[11.48137,49.5051908]},"properties":{"maxheight":"4"}},{"type":"Feature","geometry":{"type":"Point","coordinates":[11.0760413,49.4378198]},"properties":{"maxheight":"4.2"}},{"type":"Feature","geometry":{"type":"Point","coordinates":[11.0759916,49.4379307]},"properties":{"maxheight":"4.2"}},{"type":"Feature","geometry":{"type":"Point","coordinates":[11.3993867,49.7113241]},"properties":{"maxweight":"3.5"}},{"type":"Feature","geometry":{"type":"Point","coordinates":[11.3982022,49.7111367]},"properties":{"maxweight":"3.5"}},{"type":"Feature","geometry":{"type":"Point","coordinates":[11.1488736,49.5337469]},"properties":{"maxheight":"3.8"}},{"type":"Feature","geometry":{"type":"Point","coordinates":[11.1034726,49.4843038]},"properties":{"maxheight":"4.3"}},{"type":"Feature","geometry":{"type":"Point","coordinates":[11.9469877,49.1637208]},"properties":{"maxheight":"3.3","maxwidth":"2.3"}},{"type":"Feature","geometry":{"type":"Point","coordinates":[11.9492155,49.1608694]},"properties":{"maxheight":"3.3","maxwidth":"2.3"}},{"type":"Feature","geometry":{"type":"Point","coordinates":[11.9580368,49.1593861]},"properties":{"maxheight":"default"}},{"type":"Feature","geometry":{"type":"Point","coordinates":[11.9540884,49.1614743]},"properties":{"maxweight":"6 t"}},{"type":"Feature","geometry":{"type":"Point","coordinates":[11.9677901,49.1584858]},"properties":{"hgv":"delivery"}},{"type":"Feature","geometry":{"type":"Point","coordinates":[11.2677818,49.8013502]},"properties":{"maxweight":"3.5"}},{"type":"Feature","geometry":{"type":"Point","coordinates":[11.5033353,49.926722]},"properties":{"maxweight":"8"}},{"type":"Feature","geometry":{"type":"Point","coordinates":[11.0670975,49.7330883]},"properties":{"maxweight":"30"}},{"type":"Feature","geometry":{"type":"Point","coordinates":[11.5376924,49.5653702]},"properties":{"maxweight":"7.5"}},{"type":"Feature","geometry":{"type":"Point","coordinates":[11.0226859,49.3292147]},"properties":{"hgv":"destination"}},{"type":"Feature","geometry":{"type":"Point","coordinates":[11.0714765,49.640995]},"properties":{"maxweight":"3"}},{"type":"Feature","geometry":{"type":"Point","coordinates":[11.7606563,49.4919637]},"properties":{"maxheight":"default"}},{"type":"Feature","geometry":{"type":"Point","coordinates":[11.0407153,49.371898]},"properties":{"maxlength":"8"}},{"type":"Feature","geometry":{"type":"Point","coordinates":[11.0632391,49.3858719]},"properties":{"hgv":"yes"}},{"type":"Feature","geometry":{"type":"Point","coordinates":[11.5526132,49.8978708]},"properties":{"maxweight":"3.5"}},{"type":"Feature","geometry":{"type":"Point","coordinates":[11.5634307,49.8982405]},"properties":{"maxweight":"3.5"}},{"type":"Feature","geometry":{"type":"Point","coordinates":[11.5986369,49.9511926]},"properties":{"maxheight":"below_default"}},{"type":"Feature","geometry":{"type":"Point","coordinates":[11.2080901,49.3711826]},"properties":{"maxheight":"1.9"}},{"type":"Feature","geometry":{"type":"Point","coordinates":[11.3125286,49.5172133]},"properties":{"maxheight":"default"}},{"type":"Feature","geometry":{"type":"Point","coordinates":[11.3126869,49.5171256]},"properties":{"maxheight":"4"}},{"type":"Feature","geometry":{"type":"Point","coordinates":[11.3124508,49.5171849]},"properties":{"maxheight":"4"}},{"type":"Feature","geometry":{"type":"Point","coordinates":[11.3126789,49.5167012]},"properties":{"maxheight":"4"}},{"type":"Feature","geometry":{"type":"Point","coordinates":[11.3128223,49.5168002]},"properties":{"maxheight":"4"}},{"type":"Feature","geometry":{"type":"Point","coordinates":[11.0724904,49.1767395]},"properties":{"maxheight":"default"}},{"type":"Feature","geometry":{"type":"Point","coordinates":[11.2978895,49.3927086]},"properties":{"maxheight":"2.5","maxwidth":"2.5"}},{"type":"Feature","geometry":{"type":"Point","coordinates":[11.0036486,49.5837609]},"properties":{"maxheight":"2.5"}},{"type":"Feature","geometry":{"type":"Point","coordinates":[11.0022021,49.583717]},"properties":{"maxheight":"3.6"}},{"type":"Feature","geometry":{"type":"Point","coordinates":[11.1806668,49.524376]},"properties":{"hgv":"agricultural"}},{"type":"Feature","geometry":{"type":"Point","coordinates":[11.18677,49.1845942]},"properties":{"maxheight":"3.6"}},{"type":"Feature","geometry":{"type":"Point","coordinates":[11.4928136,49.8618278]},"properties":{"maxweight":"7.5"}},{"type":"Feature","geometry":{"type":"Point","coordinates":[11.4337979,49.3272274]},"properties":{"maxweight":"7.5"}},{"type":"Feature","geometry":{"type":"Point","coordinates":[11.082166,49.4155949]},"properties":{"maxheight":"3.2"}},{"type":"Feature","geometry":{"type":"Point","coordinates":[11.0822359,49.4156244]},"properties":{"maxheight":"3.2"}},{"type":"Feature","geometry":{"type":"Point","coordinates":[11.0024777,49.8203412]},"properties":{"maxheight":"2.8"}},{"type":"Feature","geometry":{"type":"Point","coordinates":[11.4415764,49.32398]},"properties":{"maxweight":"7.5"}},{"type":"Feature","geometry":{"type":"Point","coordinates":[11.4347224,49.5605234]},"properties":{"hgv":"no"}},{"type":"Feature","geometry":{"type":"Point","coordinates":[11.8097647,49.5191089]},"properties":{"maxweight":"7.5"}},{"type":"Feature","geometry":{"type":"Point","coordinates":[11.8129429,49.5319482]},"properties":{"hgv":"no"}},{"type":"Feature","geometry":{"type":"Point","coordinates":[11.4552486,49.3324459]},"properties":{"maxweight":"7.5"}},{"type":"Feature","geometry":{"type":"Point","coordinates":[11.0037142,49.8162547]},"properties":{"maxheight":"default"}},{"type":"Feature","geometry":{"type":"Point","coordinates":[11.0038369,49.8164239]},"properties":{"maxheight":"default"}},{"type":"Feature","geometry":{"type":"Point","coordinates":[11.4580865,49.2566069]},"properties":{"hgv":"no","goods":"no"}},{"type":"Feature","geometry":{"type":"Point","coordinates":[11.0747289,49.4537839]},"properties":{"maxheight":"default"}},{"type":"Feature","geometry":{"type":"Point","coordinates":[11.0805761,49.4394242]},"properties":{"maxheight":"2.3"}},{"type":"Feature","geometry":{"type":"Point","coordinates":[11.4262134,49.3251459]},"properties":{"maxweight":"7.5"}},{"type":"Feature","geometry":{"type":"Point","coordinates":[11.0180909,49.469158]},"properties":{"maxwidth":"2.0"}},{"type":"Feature","geometry":{"type":"Point","coordinates":[11.9571482,49.0245092]},"properties":{"maxheight":"default"}},{"type":"Feature","geometry":{"type":"Point","coordinates":[11.280235,49.5113125]},"properties":{"maxweight":"15"}},{"type":"Feature","geometry":{"type":"Point","coordinates":[11.2490222,49.6440112]},"properties":{"maxheight":"2.7"}},{"type":"Feature","geometry":{"type":"Point","coordinates":[11.2489996,49.6438792]},"properties":{"maxheight":"2.7"}},{"type":"Feature","geometry":{"type":"Point","coordinates":[11.001155,49.8196898]},"properties":{"maxheight":"default"}},{"type":"Feature","geometry":{"type":"Point","coordinates":[11.0010516,49.8196598]},"properties":{"maxheight":"default"}},{"type":"Feature","geometry":{"type":"Point","coordinates":[11.2898407,49.1193777]},"properties":{"maxweight":"6"}},{"type":"Feature","geometry":{"type":"Point","coordinates":[11.2862088,49.1211447]},"properties":{"maxweight":"6"}},{"type":"Feature","geometry":{"type":"Point","coordinates":[11.127784,49.6147797]},"properties":{"maxheight":"3.2 m"}},{"type":"Feature","geometry":{"type":"Point","coordinates":[11.4431395,49.3229105]},"properties":{"maxweight":"7.5"}},{"type":"Feature","geometry":{"type":"Point","coordinates":[11.4425424,49.322503]},"properties":{"maxweight":"7.5"}},{"type":"Feature","geometry":{"type":"Point","coordinates":[11.8651321,49.4459335]},"properties":{"maxheight":"3.20"}},{"type":"Feature","geometry":{"type":"Point","coordinates":[11.8656376,49.4460757]},"properties":{"maxheight":"3.20"}},{"type":"Feature","geometry":{"type":"Point","coordinates":[11.3874783,49.0585976]},"properties":{"maxweight":"10"}},{"type":"Feature","geometry":{"type":"Point","coordinates":[11.2954911,49.4126693]},"properties":{"maxweight":"3.5"}},{"type":"Feature","geometry":{"type":"Point","coordinates":[11.428496,49.1124447]},"properties":{"maxweight":"5"}},{"type":"Feature","geometry":{"type":"Point","coordinates":[11.1314276,49.4281614]},"properties":{"hgv":"no"}},{"type":"Feature","geometry":{"type":"Point","coordinates":[11.452115,49.0877527]},"properties":{"maxweight":"1.5"}},{"type":"Feature","geometry":{"type":"Point","coordinates":[11.4512734,49.087559]},"properties":{"maxweight":"1.5"}},{"type":"Feature","geometry":{"type":"Point","coordinates":[11.5751183,49.9508269]},"properties":{"maxweight":"5"}},{"type":"Feature","geometry":{"type":"Point","coordinates":[11.0231466,49.3943167]},"properties":{"maxweight":"5.5"}},{"type":"Feature","geometry":{"type":"Point","coordinates":[11.2698544,49.5716226]},"properties":{"hgv":"no","goods":"no"}},{"type":"Feature","geometry":{"type":"Point","coordinates":[11.5136112,49.114307]},"properties":{"maxwidth":"2.1"}},{"type":"Feature","geometry":{"type":"Point","coordinates":[11.7523598,49.4956634]},"properties":{"maxheight":"3.2"}},{"type":"Feature","geometry":{"type":"Point","coordinates":[11.1066145,49.4166314]},"properties":{"maxweight":"2.5"}},{"type":"Feature","geometry":{"type":"Point","coordinates":[11.0092655,49.6279702]},"properties":{"maxheight":"default"}},{"type":"Feature","geometry":{"type":"Point","coordinates":[11.0093585,49.6280176]},"properties":{"maxheight":"default"}},{"type":"Feature","geometry":{"type":"Point","coordinates":[11.3366224,49.6053867]},"properties":{"maxweight":"5.5"}},{"type":"Feature","geometry":{"type":"Point","coordinates":[11.3354159,49.6055532]},"properties":{"maxweight":"5.5"}},{"type":"Feature","geometry":{"type":"Point","coordinates":[11.1253547,49.4429243]},"properties":{"maxheight":"3.5"}},{"type":"Feature","geometry":{"type":"Point","coordinates":[11.1605694,49.3383238]},"properties":{"hgv":"agricultural;forestry"}},{"type":"Feature","geometry":{"type":"Point","coordinates":[11.1610418,49.338129]},"properties":{"hgv":"agricultural;forestry"}},{"type":"Feature","geometry":{"type":"Point","coordinates":[11.7414614,49.5025999]},"properties":{"maxwidth":"1.7"}},{"type":"Feature","geometry":{"type":"Point","coordinates":[11.4330379,49.9647265]},"properties":{"maxweight":"3"}},{"type":"Feature","geometry":{"type":"Point","coordinates":[11.0028937,49.0935389]},"properties":{"maxweight":"1.5"}},{"type":"Feature","geometry":{"type":"Point","coordinates":[11.2496101,49.7602918]},"properties":{"maxweight":"3.5"}},{"type":"Feature","geometry":{"type":"Point","coordinates":[11.2450554,49.7611159]},"properties":{"maxweight":"3.5"}},{"type":"Feature","geometry":{"type":"Point","coordinates":[11.8852261,49.8207172]},"properties":{"maxweight":"8.5"}},{"type":"Feature","geometry":{"type":"Point","coordinates":[11.8792032,49.8263812]},"properties":{"maxheight":"3.5"}},{"type":"Feature","geometry":{"type":"Point","coordinates":[11.9303235,49.906581]},"properties":{"maxweight":"5"}},{"type":"Feature","geometry":{"type":"Point","coordinates":[11.579024,49.9523175]},"properties":{"hgv":"no"}},{"type":"Feature","geometry":{"type":"Point","coordinates":[11.581252,49.9460271]},"properties":{"maxheight":"default"}},{"type":"Feature","geometry":{"type":"Point","coordinates":[11.9310531,49.799669]},"properties":{"hgv":"no"}},{"type":"Feature","geometry":{"type":"Point","coordinates":[11.7756678,49.7814428]},"properties":{"maxweight":"3.5"}},{"type":"Feature","geometry":{"type":"Point","coordinates":[11.7808933,49.7919177]},"properties":{"maxweight":"3.5"}},{"type":"Feature","geometry":{"type":"Point","coordinates":[11.9361726,49.7528255]},"properties":{"maxweight":"5"}},{"type":"Feature","geometry":{"type":"Point","coordinates":[11.9710899,49.7683783]},"properties":{"maxweight":"7.5"}},{"type":"Feature","geometry":{"type":"Point","coordinates":[11.8323766,49.7906532]},"properties":{"maxweight":"3.5"}},{"type":"Feature","geometry":{"type":"Point","coordinates":[11.8370482,49.7873029]},"properties":{"maxweight":"3.5"}},{"type":"Feature","geometry":{"type":"Point","coordinates":[11.0306851,49.552613]},"properties":{"maxweight":"7.5"}},{"type":"Feature","geometry":{"type":"Point","coordinates":[11.0234858,49.5967815]},"properties":{"maxheight":"2"}},{"type":"Feature","geometry":{"type":"Point","coordinates":[11.0320454,49.6586759]},"properties":{"hgv":"destination"}},{"type":"Feature","geometry":{"type":"Point","coordinates":[11.032451,49.6590254]},"properties":{"hgv":"destination"}},{"type":"Feature","geometry":{"type":"Point","coordinates":[11.9894623,49.6204359]},"properties":{"maxweight":"7.5"}},{"type":"Feature","geometry":{"type":"Point","coordinates":[11.0319154,49.658604]},"properties":{"hgv":"destination"}},{"type":"Feature","geometry":{"type":"Point","coordinates":[11.1004447,49.4676351]},"properties":{"hgv":"no"}},{"type":"Feature","geometry":{"type":"Point","coordinates":[11.0228535,49.59684]},"properties":{"maxheight":"below_default"}},{"type":"Feature","geometry":{"type":"Point","coordinates":[11.0222852,49.5968782]},"properties":{"maxheight":"default"}},{"type":"Feature","geometry":{"type":"Point","coordinates":[11.9779328,49.9192912]},"properties":{"maxweight":"7.5"}},{"type":"Feature","geometry":{"type":"Point","coordinates":[11.2319782,49.7515353]},"properties":{"maxweight":"3.5"}},{"type":"Feature","geometry":{"type":"Point","coordinates":[11.0877626,49.4418331]},"properties":{"maxheight":"1.8"}},{"type":"Feature","geometry":{"type":"Point","coordinates":[11.0878088,49.4417103]},"properties":{"maxheight":"1.8"}},{"type":"Feature","geometry":{"type":"Point","coordinates":[11.0169901,49.5948401]},"properties":{"maxheight":"3.5"}},{"type":"Feature","geometry":{"type":"Point","coordinates":[11.1862464,49.2370679]},"properties":{"maxweight":"10"}},{"type":"Feature","geometry":{"type":"Point","coordinates":[11.0168382,49.5942454]},"properties":{"maxheight":"2.5"}},{"type":"Feature","geometry":{"type":"Point","coordinates":[11.0173161,49.5943093]},"properties":{"maxheight":"below_default"}},{"type":"Feature","geometry":{"type":"Point","coordinates":[11.0056355,49.5937117]},"properties":{"maxheight":"2.8"}},{"type":"Feature","geometry":{"type":"Point","coordinates":[11.0848724,49.4234822]},"properties":{"hgv":"no"}},{"type":"Feature","geometry":{"type":"Point","coordinates":[11.0162797,49.5942885]},"properties":{"maxheight":"3"}},{"type":"Feature","geometry":{"type":"Point","coordinates":[11.1750846,49.6606317]},"properties":{"maxweight":"5"}},{"type":"Feature","geometry":{"type":"Point","coordinates":[11.5863647,49.0353962]},"properties":{"maxheight":"2.8"}},{"type":"Feature","geometry":{"type":"Point","coordinates":[11.0025884,49.5727075]},"properties":{"hgv":"no","goods":"no"}},{"type":"Feature","geometry":{"type":"Point","coordinates":[11.0157434,49.5943836]},"properties":{"maxheight":"below_default"}},{"type":"Feature","geometry":{"type":"Point","coordinates":[11.0163574,49.5941467]},"properties":{"maxheight":"2"}},{"type":"Feature","geometry":{"type":"Point","coordinates":[11.236853,49.4863205]},"properties":{"maxweight":"3"}},{"type":"Feature","geometry":{"type":"Point","coordinates":[11.8023556,49.6206671]},"properties":{"maxheight":"4"}},{"type":"Feature","geometry":{"type":"Point","coordinates":[11.0068754,49.5823713]},"properties":{"maxheight":"below_default"}},{"type":"Feature","geometry":{"type":"Point","coordinates":[11.7873241,49.1055555]},"properties":{"maxheight":"3"}},{"type":"Feature","geometry":{"type":"Point","coordinates":[11.1316978,49.4591126]},"properties":{"maxheight":"3.5"}},{"type":"Feature","geometry":{"type":"Point","coordinates":[11.283001,49.3891432]},"properties":{"maxheight":"3.6"}},{"type":"Feature","geometry":{"type":"Point","coordinates":[11.1306819,49.7350545]},"properties":{"maxwidth":"3.2"}},{"type":"Feature","geometry":{"type":"Point","coordinates":[11.3481014,49.3841537]},"properties":{"maxheight":"2.8"}},{"type":"Feature","geometry":{"type":"Point","coordinates":[11.3483379,49.3839311]},"properties":{"maxheight":"2.8"}},{"type":"Feature","geometry":{"type":"Point","coordinates":[11.45105,49.3167984]},"properties":{"maxweight":"12"}},{"type":"Feature","geometry":{"type":"Point","coordinates":[11.0471681,49.6723639]},"properties":{"maxheight":"default"}},{"type":"Feature","geometry":{"type":"Point","coordinates":[11.1538759,49.5672106]},"properties":{"maxweight":"3.5"}},{"type":"Feature","geometry":{"type":"Point","coordinates":[11.1528468,49.5668488]},"properties":{"maxweight":"3.5"}},{"type":"Feature","geometry":{"type":"Point","coordinates":[11.4577762,49.2778156]},"properties":{"hgv":"delivery"}},{"type":"Feature","geometry":{"type":"Point","coordinates":[11.457767,49.2730274]},"properties":{"maxheight":"4"}},{"type":"Feature","geometry":{"type":"Point","coordinates":[11.4124483,49.1798649]},"properties":{"maxheight":"3.2","maxwidth":"2.5"}},{"type":"Feature","geometry":{"type":"Point","coordinates":[11.1107787,49.5491977]},"properties":{"maxweightrating:hgv":"16"}},{"type":"Feature","geometry":{"type":"Point","coordinates":[11.109543,49.5483721]},"properties":{"maxweightrating:hgv":"16"}},{"type":"Feature","geometry":{"type":"Point","coordinates":[11.2149468,49.4672617]},"properties":{"hgv":"no"}},{"type":"Feature","geometry":{"type":"Point","coordinates":[11.5141122,49.0230518]},"properties":{"maxweight":"7.5"}},{"type":"Feature","geometry":{"type":"Point","coordinates":[11.5151556,49.0230302]},"properties":{"maxweight":"7.5"}},{"type":"Feature","geometry":{"type":"Point","coordinates":[11.0138304,49.3296356]},"properties":{"maxweight":"5.5"}},{"type":"Feature","geometry":{"type":"Point","coordinates":[11.0139485,49.3291955]},"properties":{"maxweight":"5.5"}},{"type":"Feature","geometry":{"type":"Point","coordinates":[11.0089771,49.6253609]},"properties":{"hgv":"no","goods":"no"}},{"type":"Feature","geometry":{"type":"Point","coordinates":[11.24946,49.645832]},"properties":{"maxheight":"2.6","maxwidth":"3"}},{"type":"Feature","geometry":{"type":"Point","coordinates":[11.2503922,49.6446631]},"properties":{"maxheight":"2.9"}},{"type":"Feature","geometry":{"type":"Point","coordinates":[11.1413866,49.4542567]},"properties":{"maxheight":"2"}},{"type":"Feature","geometry":{"type":"Point","coordinates":[11.1395865,49.4542491]},"properties":{"maxheight":"2"}},{"type":"Feature","geometry":{"type":"Point","coordinates":[11.5651086,49.4288574]},"properties":{"maxweight":"7.5"}},{"type":"Feature","geometry":{"type":"Point","coordinates":[11.9636967,49.1600532]},"properties":{"hgv":"delivery"}},{"type":"Feature","geometry":{"type":"Point","coordinates":[11.9658826,49.1591488]},"properties":{"hgv":"delivery"}},{"type":"Feature","geometry":{"type":"Point","coordinates":[11.450956,49.3165178]},"properties":{"maxweight":"12"}},{"type":"Feature","geometry":{"type":"Point","coordinates":[11.4510542,49.3165453]},"properties":{"maxweight":"12"}},{"type":"Feature","geometry":{"type":"Point","coordinates":[11.4507216,49.3169774]},"properties":{"maxweight":"12"}},{"type":"Feature","geometry":{"type":"Point","coordinates":[11.4508195,49.316993]},"properties":{"maxweight":"12"}},{"type":"Feature","geometry":{"type":"Point","coordinates":[11.4586062,49.3010916]},"properties":{"maxweight":"12"}},{"type":"Feature","geometry":{"type":"Point","coordinates":[11.4583591,49.3001531]},"properties":{"maxweight":"12"}},{"type":"Feature","geometry":{"type":"Point","coordinates":[11.0219051,49.5932094]},"properties":{"maxheight":"default"}},{"type":"Feature","geometry":{"type":"Point","coordinates":[11.0206591,49.5937328]},"properties":{"maxheight":"default"}},{"type":"Feature","geometry":{"type":"Point","coordinates":[11.0213773,49.5939665]},"properties":{"maxheight":"3.1"}},{"type":"Feature","geometry":{"type":"Point","coordinates":[11.0123572,49.5931223]},"properties":{"maxheight":"2.4"}},{"type":"Feature","geometry":{"type":"Point","coordinates":[11.4477603,49.1730013]},"properties":{"maxheight":"3.7"}},{"type":"Feature","geometry":{"type":"Point","coordinates":[11.4721535,49.0336224]},"properties":{"hgv":"delivery","maxweightrating:hgv":"7,5"}},{"type":"Feature","geometry":{"type":"Point","coordinates":[11.2635418,49.4728356]},"properties":{"maxweight":"16"}},{"type":"Feature","geometry":{"type":"Point","coordinates":[11.2634351,49.4726943]},"properties":{"maxweight":"16"}},{"type":"Feature","geometry":{"type":"Point","coordinates":[11.5770096,49.1975743]},"properties":{"maxheight":"3.4"}},{"type":"Feature","geometry":{"type":"Point","coordinates":[11.2208764,49.3481559]},"properties":{"maxwidth":"4.2"}},{"type":"Feature","geometry":{"type":"Point","coordinates":[11.5998202,49.1871179]},"properties":{"maxheight":"3.2"}},{"type":"Feature","geometry":{"type":"Point","coordinates":[11.4854619,49.0401662]},"properties":{"maxweight":"12"}},{"type":"Feature","geometry":{"type":"Point","coordinates":[11.6022002,49.0155125]},"properties":{"hgv":"no"}},{"type":"Feature","geometry":{"type":"Point","coordinates":[11.4583873,49.2995437]},"properties":{"maxweight":"12"}},{"type":"Feature","geometry":{"type":"Point","coordinates":[11.0068169,49.3215315]},"properties":{"maxwidth":"3"}},{"type":"Feature","geometry":{"type":"Point","coordinates":[11.4635992,49.2735123]},"properties":{"maxheight":"no"}},{"type":"Feature","geometry":{"type":"Point","coordinates":[11.0047199,49.5923945]},"properties":{"maxheight":"2"}},{"type":"Feature","geometry":{"type":"Point","coordinates":[11.017413,49.5829586]},"properties":{"maxheight":"below_default"}},{"type":"Feature","geometry":{"type":"Point","coordinates":[11.1895625,49.1929249]},"properties":{"maxheight":"2.9"}},{"type":"Feature","geometry":{"type":"Point","coordinates":[11.0477875,49.4356272]},"properties":{"maxheight":"2.6"}},{"type":"Feature","geometry":{"type":"Point","coordinates":[11.5127904,49.7495875]},"properties":{"hgv":"designated"}},{"type":"Feature","geometry":{"type":"Point","coordinates":[11.4507164,49.3171175]},"properties":{"maxweight":"12"}},{"type":"Feature","geometry":{"type":"Point","coordinates":[11.4501681,49.3186266]},"properties":{"maxweight":"12"}},{"type":"Feature","geometry":{"type":"Point","coordinates":[11.4503578,49.3180959]},"properties":{"maxweight":"12"}},{"type":"Feature","geometry":{"type":"Point","coordinates":[11.0066864,49.5943092]},"properties":{"maxheight":"1.9"}},{"type":"Feature","geometry":{"type":"Point","coordinates":[11.4713168,49.0345102]},"properties":{"hgv":"delivery","maxweightrating:hgv":"7,5"}},{"type":"Feature","geometry":{"type":"Point","coordinates":[11.7734318,49.5738987]},"properties":{"maxwidth":"3.8"}},{"type":"Feature","geometry":{"type":"Point","coordinates":[11.2786466,49.7859672]},"properties":{"maxheight":"1.6"}},{"type":"Feature","geometry":{"type":"Point","coordinates":[11.0065449,49.5945669]},"properties":{"maxheight":"2"}},{"type":"Feature","geometry":{"type":"Point","coordinates":[11.2870505,49.516195]},"properties":{"maxheight":"3.6"}},{"type":"Feature","geometry":{"type":"Point","coordinates":[11.0802693,49.4922946]},"properties":{"maxheight":"2.1","maxweight":"3"}},{"type":"Feature","geometry":{"type":"Point","coordinates":[11.1304832,49.6129632]},"properties":{"maxheight":"3.2 m"}},{"type":"Feature","geometry":{"type":"Point","coordinates":[11.4502695,49.3183328]},"properties":{"maxweight":"12"}},{"type":"Feature","geometry":{"type":"Point","coordinates":[11.3542521,49.3875917]},"properties":{"maxweight":"18"}},{"type":"Feature","geometry":{"type":"Point","coordinates":[11.4526687,49.3145357]},"properties":{"maxweight":"12"}},{"type":"Feature","geometry":{"type":"Point","coordinates":[11.1327757,49.4316284]},"properties":{"maxlength":"10"}},{"type":"Feature","geometry":{"type":"Point","coordinates":[11.8741401,49.5376165]},"properties":{"maxheight":"3.3"}},{"type":"Feature","geometry":{"type":"Point","coordinates":[11.0188435,49.6100341]},"properties":{"maxheight":"default"}},{"type":"Feature","geometry":{"type":"Point","coordinates":[11.0194335,49.6097986]},"properties":{"maxheight":"3.45","maxwidth":"3.5"}},{"type":"Feature","geometry":{"type":"Point","coordinates":[11.4578747,49.2634838]},"properties":{"hgv":"designated"}},{"type":"Feature","geometry":{"type":"Point","coordinates":[11.0922121,49.9994415]},"properties":{"maxweight":"5.5"}},{"type":"Feature","geometry":{"type":"Point","coordinates":[11.0643698,49.3856275]},"properties":{"maxwidth":"12","maxlength":"190"}},{"type":"Feature","geometry":{"type":"Point","coordinates":[11.2645626,49.6991445]},"properties":{"hgv":"no"}},{"type":"Feature","geometry":{"type":"Point","coordinates":[11.0786022,49.4925523]},"properties":{"maxheight":"2.1"}},{"type":"Feature","geometry":{"type":"Point","coordinates":[11.0814714,49.4922111]},"properties":{"maxheight":"2.1"}},{"type":"Feature","geometry":{"type":"Point","coordinates":[11.0213133,49.8010938]},"properties":{"maxweight":"5.5"}},{"type":"Feature","geometry":{"type":"Point","coordinates":[11.6156287,49.9528079]},"properties":{"hgv":"no"}},{"type":"Feature","geometry":{"type":"Point","coordinates":[11.6154544,49.9543933]},"properties":{"hgv":"no"}},{"type":"Feature","geometry":{"type":"Point","coordinates":[11.0028911,49.5956739]},"properties":{"maxheight":"2.6"}},{"type":"Feature","geometry":{"type":"Point","coordinates":[11.5977036,49.9366376]},"properties":{"maxheight":"2.8"}},{"type":"Feature","geometry":{"type":"Point","coordinates":[11.0924007,49.9998891]},"properties":{"maxweight":"5.5"}},{"type":"Feature","geometry":{"type":"Point","coordinates":[11.0721018,49.4418698]},"properties":{"maxheight":"2.9"}},{"type":"Feature","geometry":{"type":"Point","coordinates":[11.0716344,49.4419021]},"properties":{"maxheight":"below_default"}},{"type":"Feature","geometry":{"type":"Point","coordinates":[11.5654286,49.4306112]},"properties":{"maxweight":"7.5"}},{"type":"Feature","geometry":{"type":"Point","coordinates":[11.1496828,49.414144]},"properties":{"maxheight":"2"}},{"type":"Feature","geometry":{"type":"Point","coordinates":[11.1496128,49.4142054]},"properties":{"maxheight":"2"}},{"type":"Feature","geometry":{"type":"Point","coordinates":[11.1760733,49.2109756]},"properties":{"maxweight":"24"}},{"type":"Feature","geometry":{"type":"Point","coordinates":[11.2166855,49.2422818]},"properties":{"maxheight":"3.4"}},{"type":"Feature","geometry":{"type":"Point","coordinates":[11.2140591,49.2628661]},"properties":{"maxheight":"3.8"}},{"type":"Feature","geometry":{"type":"Point","coordinates":[11.2142749,49.262886]},"properties":{"maxheight":"3.8"}},{"type":"Feature","geometry":{"type":"Point","coordinates":[11.1140937,49.4822646]},"properties":{"maxheight":"2"}},{"type":"Feature","geometry":{"type":"Point","coordinates":[11.565906,49.430877]},"properties":{"maxweight":"7.5"}},{"type":"Feature","geometry":{"type":"Point","coordinates":[11.9179816,49.6225375]},"properties":{"maxheight":"4"}},{"type":"Feature","geometry":{"type":"Point","coordinates":[11.9673413,49.6813689]},"properties":{"maxweight":"7.5"}},{"type":"Feature","geometry":{"type":"Point","coordinates":[11.3840559,49.5865043]},"properties":{"maxweight":"6"}},{"type":"Feature","geometry":{"type":"Point","coordinates":[11.0593227,49.7467989]},"properties":{"maxheight":"2.7"}},{"type":"Feature","geometry":{"type":"Point","coordinates":[11.60688,49.1889929]},"properties":{"maxheight":"3.8"}},{"type":"Feature","geometry":{"type":"Point","coordinates":[11.0966112,49.4559189]},"properties":{"maxheight":"3.2"}},{"type":"Feature","geometry":{"type":"Point","coordinates":[11.082573,49.458059]},"properties":{"maxheight":"2.2"}},{"type":"Feature","geometry":{"type":"Point","coordinates":[11.0862679,49.4434989]},"properties":{"maxheight":"3.2"}},{"type":"Feature","geometry":{"type":"Point","coordinates":[11.8858955,49.5771124]},"properties":{"hgv":"no"}},{"type":"Feature","geometry":{"type":"Point","coordinates":[11.083232,49.4489231]},"properties":{"maxheight":"2.6"}},{"type":"Feature","geometry":{"type":"Point","coordinates":[11.0299455,49.4607281]},"properties":{"maxheight":"2.1","maxweight":"3 t"}},{"type":"Feature","geometry":{"type":"Point","coordinates":[11.0289351,49.460545]},"properties":{"maxheight":"2.1","maxweight":"3 t"}},{"type":"Feature","geometry":{"type":"Point","coordinates":[11.0289979,49.4605228]},"properties":{"maxheight":"2.1"}},{"type":"Feature","geometry":{"type":"Point","coordinates":[11.0744868,49.4522623]},"properties":{"maxweight":"12"}},{"type":"Feature","geometry":{"type":"Point","coordinates":[11.4578739,49.2764526]},"properties":{"maxheight":"2"}},{"type":"Feature","geometry":{"type":"Point","coordinates":[11.4585713,49.276148]},"properties":{"maxheight":"2"}},{"type":"Feature","geometry":{"type":"Point","coordinates":[11.1400159,49.4728907]},"properties":{"hgv":"no"}},{"type":"Feature","geometry":{"type":"Point","coordinates":[11.8937713,49.8660454]},"properties":{"maxheight":"default"}},{"type":"Feature","geometry":{"type":"Point","coordinates":[11.1816247,49.1758081]},"properties":{"maxweight":"10"}},{"type":"Feature","geometry":{"type":"Point","coordinates":[11.3496722,49.3060029]},"properties":{"maxheight":"2"}},{"type":"Feature","geometry":{"type":"Point","coordinates":[11.5776025,49.0724421]},"properties":{"maxweight":"12"}},{"type":"Feature","geometry":{"type":"Point","coordinates":[11.5802809,49.0784892]},"properties":{"maxweight":"12"}},{"type":"Feature","geometry":{"type":"Point","coordinates":[11.5782139,49.0272921]},"properties":{"maxheight":"3.5"}},{"type":"Feature","geometry":{"type":"Point","coordinates":[11.0732098,49.4391077]},"properties":{"maxheight":"2.5","maxwidth":"3"}},{"type":"Feature","geometry":{"type":"Point","coordinates":[11.3761718,49.7884749]},"properties":{"maxweight":"7.5"}},{"type":"Feature","geometry":{"type":"Point","coordinates":[11.3228053,49.2372086]},"properties":{"maxweight":"7.5"}},{"type":"Feature","geometry":{"type":"Point","coordinates":[11.0873794,49.4285036]},"properties":{"maxheight":"3"}},{"type":"Feature","geometry":{"type":"Point","coordinates":[11.1949422,49.4060887]},"properties":{"maxheight":"default"}},{"type":"Feature","geometry":{"type":"Point","coordinates":[11.3924369,49.4772049]},"properties":{"maxweight":"20"}},{"type":"Feature","geometry":{"type":"Point","coordinates":[11.0888649,49.4288541]},"properties":{"maxheight":"default"}},{"type":"Feature","geometry":{"type":"Point","coordinates":[11.0886742,49.4290739]},"properties":{"maxheight":"default"}},{"type":"Feature","geometry":{"type":"Point","coordinates":[11.088295,49.4290057]},"properties":{"maxheight":"default"}},{"type":"Feature","geometry":{"type":"Point","coordinates":[11.0674878,49.7276263]},"properties":{"maxheight":"default"}},{"type":"Feature","geometry":{"type":"Point","coordinates":[11.8864249,49.8664605]},"properties":{"maxheight":"below_default"}},{"type":"Feature","geometry":{"type":"Point","coordinates":[11.1095419,49.4767155]},"properties":{"maxheight":"4"}},{"type":"Feature","geometry":{"type":"Point","coordinates":[11.8762625,49.8703857]},"properties":{"maxheight":"3.8"}},{"type":"Feature","geometry":{"type":"Point","coordinates":[11.883408,49.8669175]},"properties":{"maxheight":"4"}},{"type":"Feature","geometry":{"type":"Point","coordinates":[11.8776377,49.8666853]},"properties":{"maxheight":"default"}},{"type":"Feature","geometry":{"type":"Point","coordinates":[11.4585119,49.2767662]},"properties":{"maxheight":"below_default"}},{"type":"Feature","geometry":{"type":"Point","coordinates":[11.0886579,49.4285006]},"properties":{"maxheight":"default"}},{"type":"Feature","geometry":{"type":"Point","coordinates":[11.0884796,49.4287278]},"properties":{"maxheight":"3.1"}},{"type":"Feature","geometry":{"type":"Point","coordinates":[11.8875085,49.866007]},"properties":{"maxheight":"default"}},{"type":"Feature","geometry":{"type":"Point","coordinates":[11.6901235,49.3356622]},"properties":{"maxweight":"6"}},{"type":"Feature","geometry":{"type":"Point","coordinates":[11.0185092,49.4161706]},"properties":{"maxweight":"26"}},{"type":"Feature","geometry":{"type":"Point","coordinates":[11.0179935,49.4166923]},"properties":{"maxweight":"26"}},{"type":"Feature","geometry":{"type":"Point","coordinates":[11.0173128,49.417025]},"properties":{"maxweight":"26"}},{"type":"Feature","geometry":{"type":"Point","coordinates":[11.016597,49.4172435]},"properties":{"maxweight":"26"}},{"type":"Feature","geometry":{"type":"Point","coordinates":[11.0136571,49.4183522]},"properties":{"maxweight":"26"}},{"type":"Feature","geometry":{"type":"Point","coordinates":[11.0286047,49.595785]},"properties":{"maxheight":"2.3"}},{"type":"Feature","geometry":{"type":"Point","coordinates":[11.891763,49.8684316]},"properties":{"maxheight":"2.3"}},{"type":"Feature","geometry":{"type":"Point","coordinates":[11.0737837,49.2364086]},"properties":{"maxweight":"12"}},{"type":"Feature","geometry":{"type":"Point","coordinates":[11.0740536,49.2361414]},"properties":{"maxweight":"12"}},{"type":"Feature","geometry":{"type":"Point","coordinates":[11.3880344,49.0574368]},"properties":{"maxweight":"10"}},{"type":"Feature","geometry":{"type":"Point","coordinates":[11.3947593,49.3950858]},"properties":{"maxweight":"4"}},{"type":"Feature","geometry":{"type":"Point","coordinates":[11.8689981,49.4352542]},"properties":{"maxheight":"2.1"}},{"type":"Feature","geometry":{"type":"Point","coordinates":[11.0886707,49.4421726]},"properties":{"maxheight":"below_default"}},{"type":"Feature","geometry":{"type":"Point","coordinates":[11.057307,49.3902862]},"properties":{"maxheight":"4.2"}},{"type":"Feature","geometry":{"type":"Point","coordinates":[11.0736703,49.2376406]},"properties":{"maxwidth":"2.5"}},{"type":"Feature","geometry":{"type":"Point","coordinates":[11.4629671,49.2811178]},"properties":{"hgv":"delivery"}},{"type":"Feature","geometry":{"type":"Point","coordinates":[11.4530417,49.2804556]},"properties":{"hgv":"no"}},{"type":"Feature","geometry":{"type":"Point","coordinates":[11.4631513,49.2813921]},"properties":{"hgv":"delivery"}},{"type":"Feature","geometry":{"type":"Point","coordinates":[11.0053112,49.5738242]},"properties":{"maxheight":"2.1"}},{"type":"Feature","geometry":{"type":"Point","coordinates":[11.0192283,49.5911709]},"properties":{"hgv":"destination","goods":"destination","maxweight":"2.8"}},{"type":"Feature","geometry":{"type":"Point","coordinates":[11.0193696,49.5911161]},"properties":{"hgv":"destination","goods":"destination","maxweight":"2.8"}},{"type":"Feature","geometry":{"type":"Point","coordinates":[11.4969939,49.2737079]},"properties":{"hgv":"delivery"}},{"type":"Feature","geometry":{"type":"Point","coordinates":[11.48963,49.2867447]},"properties":{"hgv":"delivery"}},{"type":"Feature","geometry":{"type":"Point","coordinates":[11.4895016,49.2870396]},"properties":{"hgv":"delivery"}},{"type":"Feature","geometry":{"type":"Point","coordinates":[11.4811156,49.2768208]},"properties":{"hgv":"delivery"}},{"type":"Feature","geometry":{"type":"Point","coordinates":[11.0388471,49.6861651]},"properties":{"maxweight":"24"}},{"type":"Feature","geometry":{"type":"Point","coordinates":[11.0391802,49.6859786]},"properties":{"maxweight":"24"}},{"type":"Feature","geometry":{"type":"Point","coordinates":[11.4609436,49.2784]},"properties":{"maxheight":"2"}},{"type":"Feature","geometry":{"type":"Point","coordinates":[11.6155618,49.9526082]},"properties":{"hgv":"no"}},{"type":"Feature","geometry":{"type":"Point","coordinates":[11.4122448,49.7600129]},"properties":{"maxweight":"80 kg"}},{"type":"Feature","geometry":{"type":"Point","coordinates":[11.4121969,49.7600949]},"properties":{"maxweight":"80 kg"}},{"type":"Feature","geometry":{"type":"Point","coordinates":[11.4121795,49.7600728]},"properties":{"maxweight":"80 kg"}},{"type":"Feature","geometry":{"type":"Point","coordinates":[11.41216,49.7600527]},"properties":{"maxweight":"80 kg"}},{"type":"Feature","geometry":{"type":"Point","coordinates":[11.4122352,49.7600239]},"properties":{"maxweight":"80 kg"}},{"type":"Feature","geometry":{"type":"Point","coordinates":[11.4122543,49.760045]},"properties":{"maxweight":"80 kg"}},{"type":"Feature","geometry":{"type":"Point","coordinates":[11.4122742,49.7600665]},"properties":{"maxweight":"80 kg"}},{"type":"Feature","geometry":{"type":"Point","coordinates":[11.4623059,49.2790045]},"properties":{"maxheight":"4"}},{"type":"Feature","geometry":{"type":"Point","coordinates":[11.4621573,49.2793632]},"properties":{"hgv":"delivery"}},{"type":"Feature","geometry":{"type":"Point","coordinates":[11.4632742,49.2791115]},"properties":{"hgv":"delivery"}},{"type":"Feature","geometry":{"type":"Point","coordinates":[11.455643,49.2789393]},"properties":{"hgv":"no"}},{"type":"Feature","geometry":{"type":"Point","coordinates":[11.480313,49.2928241]},"properties":{"hgv":"delivery"}},{"type":"Feature","geometry":{"type":"Point","coordinates":[11.4508586,49.2797605]},"properties":{"maxheight":"default"}},{"type":"Feature","geometry":{"type":"Point","coordinates":[11.4758413,49.2766313]},"properties":{"hgv":"delivery","maxweightrating:hgv":"7.5"}},{"type":"Feature","geometry":{"type":"Point","coordinates":[11.458813,49.2761544]},"properties":{"maxheight":"2.2"}},{"type":"Feature","geometry":{"type":"Point","coordinates":[11.2856259,49.6833807]},"properties":{"maxweight":"5.5"}},{"type":"Feature","geometry":{"type":"Point","coordinates":[11.8924997,49.4674324]},"properties":{"hgv":"agricultural"}},{"type":"Feature","geometry":{"type":"Point","coordinates":[11.892198,49.4674165]},"properties":{"hgv":"agricultural"}},{"type":"Feature","geometry":{"type":"Point","coordinates":[11.1524507,49.5374803]},"properties":{"maxheight":"3.6"}},{"type":"Feature","geometry":{"type":"Point","coordinates":[11.1342793,49.4027522]},"properties":{"maxheight":"2.0"}},{"type":"Feature","geometry":{"type":"Point","coordinates":[11.0486727,49.4953764]},"properties":{"hgv":"destination"}},{"type":"Feature","geometry":{"type":"Point","coordinates":[11.2135925,49.2218752]},"properties":{"maxweight":"7.5"}},{"type":"Feature","geometry":{"type":"Point","coordinates":[11.4199701,49.3592428]},"properties":{"maxheight":"default"}},{"type":"Feature","geometry":{"type":"Point","coordinates":[11.0641975,49.4538757]},"properties":{"maxheight":"3.5"}},{"type":"Feature","geometry":{"type":"Point","coordinates":[11.4885726,49.2860913]},"properties":{"maxheight":"below_default"}},{"type":"Feature","geometry":{"type":"Point","coordinates":[11.0175906,49.9410085]},"properties":{"maxweight":"10"}},{"type":"Feature","geometry":{"type":"Point","coordinates":[11.4893732,49.2871998]},"properties":{"hgv":"delivery"}},{"type":"Feature","geometry":{"type":"Point","coordinates":[11.6026705,49.3670707]},"properties":{"maxheight":"3.8"}},{"type":"Feature","geometry":{"type":"Point","coordinates":[11.4065451,49.0691589]},"properties":{"hgv":"agricultural"}},{"type":"Feature","geometry":{"type":"Point","coordinates":[11.4450421,49.0051555]},"properties":{"maxweight":"7.5"}},{"type":"Feature","geometry":{"type":"Point","coordinates":[11.4461487,49.0050504]},"properties":{"maxweight":"7.5"}},{"type":"Feature","geometry":{"type":"Point","coordinates":[11.0390366,49.6540044]},"properties":{"maxheight":"2"}},{"type":"Feature","geometry":{"type":"Point","coordinates":[11.4591758,49.2831231]},"properties":{"maxheight":"below_default"}},{"type":"Feature","geometry":{"type":"Point","coordinates":[11.4834067,49.2771313]},"properties":{"hgv":"delivery"}},{"type":"Feature","geometry":{"type":"Point","coordinates":[11.0117411,49.629238]},"properties":{"maxheight":"default"}},{"type":"Feature","geometry":{"type":"Point","coordinates":[11.4671196,49.2799719]},"properties":{"maxheight":"2.1"}},{"type":"Feature","geometry":{"type":"Point","coordinates":[11.0113764,49.4664809]},"properties":{"maxheight":"2.6"}},{"type":"Feature","geometry":{"type":"Point","coordinates":[11.4558559,49.2774237]},"properties":{"hgv":"delivery"}},{"type":"Feature","geometry":{"type":"Point","coordinates":[11.4543251,49.2796346]},"properties":{"hgv":"delivery"}},{"type":"Feature","geometry":{"type":"Point","coordinates":[11.4781709,49.2942687]},"properties":{"hgv":"delivery"}},{"type":"Feature","geometry":{"type":"Point","coordinates":[11.4583548,49.2998836]},"properties":{"maxweight":"12"}},{"type":"Feature","geometry":{"type":"Point","coordinates":[11.0311685,49.6542069]},"properties":{"maxheight":"default"}},{"type":"Feature","geometry":{"type":"Point","coordinates":[11.8623007,49.4482268]},"properties":{"maxheight":"2.1"}},{"type":"Feature","geometry":{"type":"Point","coordinates":[11.501093,49.2764255]},"properties":{"hgv":"delivery"}},{"type":"Feature","geometry":{"type":"Point","coordinates":[11.1097787,49.4644451]},"properties":{"maxweight":"1.5"}},{"type":"Feature","geometry":{"type":"Point","coordinates":[11.0013604,49.4100726]},"properties":{"maxheight":"default"}},{"type":"Feature","geometry":{"type":"Point","coordinates":[11.1073557,49.2398897]},"properties":{"hgv":"dedicated"}},{"type":"Feature","geometry":{"type":"Point","coordinates":[11.0640278,49.4593116]},"properties":{"maxheight":"below_default"}},{"type":"Feature","geometry":{"type":"Point","coordinates":[11.4558998,49.2826335]},"properties":{"maxweight":"12"}},{"type":"Feature","geometry":{"type":"Point","coordinates":[11.4567379,49.2771305]},"properties":{"hgv":"delivery"}},{"type":"Feature","geometry":{"type":"Point","coordinates":[11.6706739,49.2340552]},"properties":{"maxheight":"2.9"}},{"type":"Feature","geometry":{"type":"Point","coordinates":[11.4309828,49.3315855]},"properties":{"maxweight":"7.5"}},{"type":"Feature","geometry":{"type":"Point","coordinates":[11.4227891,49.3319971]},"properties":{"maxweight":"7.5"}},{"type":"Feature","geometry":{"type":"Point","coordinates":[11.4860955,49.2867588]},"properties":{"hgv":"agricultural"}},{"type":"Feature","geometry":{"type":"Point","coordinates":[11.486011,49.2867457]},"properties":{"hgv":"agricultural"}},{"type":"Feature","geometry":{"type":"Point","coordinates":[11.4703029,49.036015]},"properties":{"hgv":"delivery","maxweightrating:hgv":"7,5"}},{"type":"Feature","geometry":{"type":"Point","coordinates":[11.3787081,49.3719247]},"properties":{"maxheight":"default"}},{"type":"Feature","geometry":{"type":"Point","coordinates":[11.3771519,49.3701881]},"properties":{"maxheight":"default"}},{"type":"Feature","geometry":{"type":"Point","coordinates":[11.4506467,49.3166915]},"properties":{"maxweight":"12"}},{"type":"Feature","geometry":{"type":"Point","coordinates":[11.4508021,49.3168929]},"properties":{"maxweight":"12"}},{"type":"Feature","geometry":{"type":"Point","coordinates":[11.4509436,49.3166283]},"properties":{"maxweight":"12"}},{"type":"Feature","geometry":{"type":"Point","coordinates":[11.4783006,49.2865983]},"properties":{"hgv":"delivery","maxweightrating:hgv":"7.5"}},{"type":"Feature","geometry":{"type":"Point","coordinates":[11.0145148,49.6009001]},"properties":{"maxheight":"3.5"}},{"type":"Feature","geometry":{"type":"Point","coordinates":[11.0123526,49.6022586]},"properties":{"maxweight":"16"}},{"type":"Feature","geometry":{"type":"Point","coordinates":[11.0374562,49.4232407]},"properties":{"maxheight":"default"}},{"type":"Feature","geometry":{"type":"Point","coordinates":[11.0203296,49.4307226]},"properties":{"maxheight":"default"}},{"type":"Feature","geometry":{"type":"Point","coordinates":[11.0204198,49.4308039]},"properties":{"maxheight":"default"}},{"type":"Feature","geometry":{"type":"Point","coordinates":[11.0186929,49.431393]},"properties":{"maxheight":"default"}},{"type":"Feature","geometry":{"type":"Point","coordinates":[11.0189308,49.4312079]},"properties":{"maxheight":"default"}},{"type":"Feature","geometry":{"type":"Point","coordinates":[11.0251798,49.4285772]},"properties":{"maxheight":"default"}},{"type":"Feature","geometry":{"type":"Point","coordinates":[11.026272,49.4280718]},"properties":{"maxheight":"default"}},{"type":"Feature","geometry":{"type":"Point","coordinates":[11.0262245,49.4281996]},"properties":{"maxheight":"default"}},{"type":"Feature","geometry":{"type":"Point","coordinates":[11.0263974,49.4281171]},"properties":{"maxheight":"default"}},{"type":"Feature","geometry":{"type":"Point","coordinates":[11.0264568,49.4279869]},"properties":{"maxheight":"default"}},{"type":"Feature","geometry":{"type":"Point","coordinates":[11.0266652,49.4278927]},"properties":{"maxheight":"default"}},{"type":"Feature","geometry":{"type":"Point","coordinates":[11.0265998,49.4280273]},"properties":{"maxheight":"default"}},{"type":"Feature","geometry":{"type":"Point","coordinates":[11.4711189,49.2892933]},"properties":{"maxweight":"7.5"}},{"type":"Feature","geometry":{"type":"Point","coordinates":[11.4537918,49.2800923]},"properties":{"hgv":"delivery"}},{"type":"Feature","geometry":{"type":"Point","coordinates":[11.4584506,49.2831474]},"properties":{"maxheight":"2.2"}},{"type":"Feature","geometry":{"type":"Point","coordinates":[11.4517439,49.280243]},"properties":{"maxheight":"default"}},{"type":"Feature","geometry":{"type":"Point","coordinates":[11.4515373,49.2801181]},"properties":{"maxheight":"default"}},{"type":"Feature","geometry":{"type":"Point","coordinates":[11.0800976,49.4685279]},"properties":{"maxheight":"below_default"}},{"type":"Feature","geometry":{"type":"Point","coordinates":[11.0807782,49.4684993]},"properties":{"maxheight":"below_default"}},{"type":"Feature","geometry":{"type":"Point","coordinates":[11.4532012,49.280394]},"properties":{"hgv":"delivery"}},{"type":"Feature","geometry":{"type":"Point","coordinates":[11.4582312,49.2824405]},"properties":{"maxheight":"below_default"}},{"type":"Feature","geometry":{"type":"Point","coordinates":[11.0229277,49.6021676]},"properties":{"hgv":"destination","maxweight":"7.5"}},{"type":"Feature","geometry":{"type":"Point","coordinates":[11.4570001,49.2842007]},"properties":{"maxheight":"2.2"}},{"type":"Feature","geometry":{"type":"Point","coordinates":[11.456184,49.2835403]},"properties":{"maxweight":"7.5"}},{"type":"Feature","geometry":{"type":"Point","coordinates":[11.0224044,49.5937837]},"properties":{"maxheight":"3.2"}},{"type":"Feature","geometry":{"type":"Point","coordinates":[11.4384809,49.2807061]},"properties":{"maxweight":"30"}},{"type":"Feature","geometry":{"type":"Point","coordinates":[11.0709641,49.462245]},"properties":{"maxheight":"below_default"}},{"type":"Feature","geometry":{"type":"Point","coordinates":[11.3494872,49.3856624]},"properties":{"maxheight":"2.05"}},{"type":"Feature","geometry":{"type":"Point","coordinates":[11.4572799,49.2841093]},"properties":{"maxheight":"2.2"}},{"type":"Feature","geometry":{"type":"Point","coordinates":[11.4567493,49.2842063]},"properties":{"maxheight":"2.2"}},{"type":"Feature","geometry":{"type":"Point","coordinates":[11.4965192,49.2735173]},"properties":{"hgv":"delivery"}},{"type":"Feature","geometry":{"type":"Point","coordinates":[11.7245605,49.5082482]},"properties":{"hgv":"destination"}},{"type":"Feature","geometry":{"type":"Point","coordinates":[11.7652743,49.4893934]},"properties":{"maxheight":"2.8"}},{"type":"Feature","geometry":{"type":"Point","coordinates":[11.7696657,49.4897818]},"properties":{"maxweight":"7.5"}},{"type":"Feature","geometry":{"type":"Point","coordinates":[11.7612697,49.492915]},"properties":{"maxweight":"7.5"}},{"type":"Feature","geometry":{"type":"Point","coordinates":[11.238434,49.4548969]},"properties":{"maxheight":"default"}},{"type":"Feature","geometry":{"type":"Point","coordinates":[11.6532105,49.6194724]},"properties":{"maxweight":"7.5"}},{"type":"Feature","geometry":{"type":"Point","coordinates":[11.6847784,49.5897261]},"properties":{"hgv":"destination"}},{"type":"Feature","geometry":{"type":"Point","coordinates":[11.512893,49.2808427]},"properties":{"hgv":"delivery"}},{"type":"Feature","geometry":{"type":"Point","coordinates":[11.4632442,49.2859952]},"properties":{"hgv":"delivery"}},{"type":"Feature","geometry":{"type":"Point","coordinates":[11.4633926,49.2863763]},"properties":{"hgv":"delivery"}},{"type":"Feature","geometry":{"type":"Point","coordinates":[11.4567762,49.6542811]},"properties":{"maxweight":"16"}},{"type":"Feature","geometry":{"type":"Point","coordinates":[11.4600105,49.6548456]},"properties":{"maxweight":"16"}},{"type":"Feature","geometry":{"type":"Point","coordinates":[11.0185795,49.6038018]},"properties":{"hgv":"destination","maxweight":"7.5"}},{"type":"Feature","geometry":{"type":"Point","coordinates":[11.0144947,49.6040642]},"properties":{"hgv":"destination","maxweight":"7.5"}},{"type":"Feature","geometry":{"type":"Point","coordinates":[11.4441424,49.2887881]},"properties":{"hgv":"no"}},{"type":"Feature","geometry":{"type":"Point","coordinates":[11.4442857,49.2890525]},"properties":{"hgv":"no"}},{"type":"Feature","geometry":{"type":"Point","coordinates":[11.8694079,49.1285055]},"properties":{"hgv":"yes"}},{"type":"Feature","geometry":{"type":"Point","coordinates":[11.4629071,49.284482]},"properties":{"hgv":"delivery"}},{"type":"Feature","geometry":{"type":"Point","coordinates":[11.4636947,49.2799822]},"properties":{"hgv":"delivery"}},{"type":"Feature","geometry":{"type":"Point","coordinates":[11.4585663,49.2831572]},"properties":{"maxheight":"2.2"}},{"type":"Feature","geometry":{"type":"Point","coordinates":[11.0613523,49.4632137]},"properties":{"maxheight":"3.8"}},{"type":"Feature","geometry":{"type":"Point","coordinates":[11.0485883,49.4348355]},"properties":{"maxheight":"3.8"}},{"type":"Feature","geometry":{"type":"Point","coordinates":[11.8659456,49.4461672]},"properties":{"maxheight":"3.20"}},{"type":"Feature","geometry":{"type":"Point","coordinates":[11.5492886,49.3063719]},"properties":{"maxheight":"4"}},{"type":"Feature","geometry":{"type":"Point","coordinates":[11.4950897,49.2739963]},"properties":{"hgv":"delivery"}},{"type":"Feature","geometry":{"type":"Point","coordinates":[11.0252064,49.388857]},"properties":{"maxweight":"5.5"}},{"type":"Feature","geometry":{"type":"Point","coordinates":[11.025838,49.3888136]},"properties":{"maxweight":"5.5"}},{"type":"Feature","geometry":{"type":"Point","coordinates":[11.1081198,49.4469349]},"properties":{"maxweight":"12"}},{"type":"Feature","geometry":{"type":"Point","coordinates":[11.3509267,49.0444332]},"properties":{"maxheight":"3"}},{"type":"Feature","geometry":{"type":"Point","coordinates":[11.5713614,49.2830065]},"properties":{"maxweight":"7.5"}},{"type":"Feature","geometry":{"type":"Point","coordinates":[11.5682572,49.2831787]},"properties":{"maxheight":"2.2","maxweight":"7.5"}},{"type":"Feature","geometry":{"type":"Point","coordinates":[11.5690304,49.2830941]},"properties":{"maxheight":"2.2","maxweight":"7.5"}},{"type":"Feature","geometry":{"type":"Point","coordinates":[11.0368941,49.432369]},"properties":{"hgv":"designated"}},{"type":"Feature","geometry":{"type":"Point","coordinates":[11.7114714,49.9402584]},"properties":{"maxweight":"5"}},{"type":"Feature","geometry":{"type":"Point","coordinates":[11.2065322,49.4235618]},"properties":{"hgv":"designated"}},{"type":"Feature","geometry":{"type":"Point","coordinates":[11.9529442,49.1607668]},"properties":{"hgv":"no","maxheight":"3.3","maxwidth":"2.3"}},{"type":"Feature","geometry":{"type":"Point","coordinates":[11.0089892,49.606481]},"properties":{"maxheight":"3.65"}},{"type":"Feature","geometry":{"type":"Point","coordinates":[11.4711895,49.2892211]},"properties":{"maxweight":"7.5"}},{"type":"Feature","geometry":{"type":"Point","coordinates":[11.4712602,49.2892721]},"properties":{"maxweight":"7.5"}},{"type":"Feature","geometry":{"type":"Point","coordinates":[11.471336,49.2891291]},"properties":{"maxweight":"7.5"}},{"type":"Feature","geometry":{"type":"Point","coordinates":[11.4713984,49.2892265]},"properties":{"maxweight":"7.5"}},{"type":"Feature","geometry":{"type":"Point","coordinates":[11.5916534,49.9395846]},"properties":{"maxheight":"5"}},{"type":"Feature","geometry":{"type":"Point","coordinates":[11.4950934,49.2744226]},"properties":{"hgv":"delivery"}},{"type":"Feature","geometry":{"type":"Point","coordinates":[11.4986022,49.2747839]},"properties":{"hgv":"delivery"}},{"type":"Feature","geometry":{"type":"Point","coordinates":[11.4872843,49.2772367]},"properties":{"hgv":"delivery"}},{"type":"Feature","geometry":{"type":"Point","coordinates":[11.487332,49.2772954]},"properties":{"hgv":"delivery"}},{"type":"Feature","geometry":{"type":"Point","coordinates":[11.4901086,49.2784284]},"properties":{"hgv":"delivery"}},{"type":"Feature","geometry":{"type":"Point","coordinates":[11.5374039,49.2013516]},"properties":{"maxheight":"default"}},{"type":"Feature","geometry":{"type":"Point","coordinates":[11.2599984,49.1589813]},"properties":{"hgv":"delivery"}},{"type":"Feature","geometry":{"type":"Point","coordinates":[11.3294685,49.3834694]},"properties":{"hgv":"yes"}},{"type":"Feature","geometry":{"type":"Point","coordinates":[11.4757198,49.2766483]},"properties":{"hgv":"delivery","maxweightrating:hgv":"7.5"}},{"type":"Feature","geometry":{"type":"Point","coordinates":[11.476128,49.2767498]},"properties":{"hgv":"delivery","maxweightrating:hgv":"7.5"}},{"type":"Feature","geometry":{"type":"Point","coordinates":[11.2772217,49.5027012]},"properties":{"maxheight":"default"}},{"type":"Feature","geometry":{"type":"Point","coordinates":[11.4566687,49.2627959]},"properties":{"hgv":"designated"}},{"type":"Feature","geometry":{"type":"Point","coordinates":[11.4974354,49.2739614]},"properties":{"hgv":"delivery"}},{"type":"Feature","geometry":{"type":"Point","coordinates":[11.4973823,49.2739756]},"properties":{"hgv":"delivery"}},{"type":"Feature","geometry":{"type":"Point","coordinates":[11.4972223,49.2738711]},"properties":{"hgv":"delivery"}},{"type":"Feature","geometry":{"type":"Point","coordinates":[11.497276,49.2738525]},"properties":{"hgv":"delivery"}},{"type":"Feature","geometry":{"type":"Point","coordinates":[11.0848286,49.4234531]},"properties":{"hgv":"no"}},{"type":"Feature","geometry":{"type":"Point","coordinates":[11.133903,49.4312233]},"properties":{"maxlength":"10"}},{"type":"Feature","geometry":{"type":"Point","coordinates":[11.0616042,49.4804823]},"properties":{"hgv":"no"}},{"type":"Feature","geometry":{"type":"Point","coordinates":[11.0365603,49.4352002]},"properties":{"hgv":"no"}},{"type":"Feature","geometry":{"type":"Point","coordinates":[11.4552093,49.2782015]},"properties":{"hgv":"delivery"}},{"type":"Feature","geometry":{"type":"Point","coordinates":[11.4594072,49.277159]},"properties":{"maxheight":"3.5"}},{"type":"Feature","geometry":{"type":"Point","coordinates":[11.4537362,49.2800572]},"properties":{"hgv":"delivery"}},{"type":"Feature","geometry":{"type":"Point","coordinates":[11.448821,49.2814663]},"properties":{"maxheight":"below_default"}},{"type":"Feature","geometry":{"type":"Point","coordinates":[11.4580509,49.2728927]},"properties":{"maxheight":"4"}},{"type":"Feature","geometry":{"type":"Point","coordinates":[11.4579452,49.2729739]},"properties":{"maxheight":"4"}},{"type":"Feature","geometry":{"type":"Point","coordinates":[11.4578434,49.2730549]},"properties":{"maxheight":"4"}},{"type":"Feature","geometry":{"type":"Point","coordinates":[11.4577486,49.2731264]},"properties":{"maxheight":"4"}},{"type":"Feature","geometry":{"type":"Point","coordinates":[11.4582805,49.2727545]},"properties":{"maxheight":"4"}},{"type":"Feature","geometry":{"type":"Point","coordinates":[11.4581616,49.2728072]},"properties":{"maxheight":"4"}},{"type":"Feature","geometry":{"type":"Point","coordinates":[11.4580778,49.2727802]},"properties":{"maxheight":"4"}},{"type":"Feature","geometry":{"type":"Point","coordinates":[11.4579704,49.2728658]},"properties":{"maxheight":"4"}},{"type":"Feature","geometry":{"type":"Point","coordinates":[11.4578678,49.272948]},"properties":{"maxheight":"4"}},{"type":"Feature","geometry":{"type":"Point","coordinates":[11.5920099,49.0336413]},"properties":{"hgv":"delivery"}},{"type":"Feature","geometry":{"type":"Point","coordinates":[11.4613019,49.2785888]},"properties":{"maxheight":"2"}},{"type":"Feature","geometry":{"type":"Point","coordinates":[11.4614391,49.2785664]},"properties":{"maxheight":"2"}},{"type":"Feature","geometry":{"type":"Point","coordinates":[11.342632,49.0430634]},"properties":{"maxheight":"2.8"}},{"type":"Feature","geometry":{"type":"Point","coordinates":[11.4860669,49.2868384]},"properties":{"hgv":"agricultural"}},{"type":"Feature","geometry":{"type":"Point","coordinates":[11.0350011,49.4590946]},"properties":{"maxheight":"3.7"}},{"type":"Feature","geometry":{"type":"Point","coordinates":[11.7497777,49.5170071]},"properties":{"maxweight":"7.5"}},{"type":"Feature","geometry":{"type":"Point","coordinates":[11.7484513,49.5164188]},"properties":{"maxweight":"7.5"}},{"type":"Feature","geometry":{"type":"Point","coordinates":[11.0585178,49.7017804]},"properties":{"maxheight":"2.1","maxweight":"3"}},{"type":"Feature","geometry":{"type":"Point","coordinates":[11.058728,49.7017798]},"properties":{"maxheight":"2.1","maxweight":"3"}},{"type":"Feature","geometry":{"type":"Point","coordinates":[11.8999796,49.6065013]},"properties":{"maxweight":"15"}},{"type":"Feature","geometry":{"type":"Point","coordinates":[11.093558,49.4294685]},"properties":{"hgv":"delivery"}},{"type":"Feature","geometry":{"type":"Point","coordinates":[11.0416138,49.4309508]},"properties":{"hgv":"no"}},{"type":"Feature","geometry":{"type":"Point","coordinates":[11.1911844,49.1223461]},"properties":{"maxweight":"7.5"}},{"type":"Feature","geometry":{"type":"Point","coordinates":[11.1910273,49.1220539]},"properties":{"maxweight":"7.5"}},{"type":"Feature","geometry":{"type":"Point","coordinates":[11.8994824,49.0927698]},"properties":{"maxweight":"9"}},{"type":"Feature","geometry":{"type":"Point","coordinates":[11.4624184,49.2791342]},"properties":{"hgv":"delivery"}},{"type":"Feature","geometry":{"type":"Point","coordinates":[11.4623542,49.2791063]},"properties":{"hgv":"delivery"}},{"type":"Feature","geometry":{"type":"Point","coordinates":[11.0128498,49.5346206]},"properties":{"maxweight":"2.8"}},{"type":"Feature","geometry":{"type":"Point","coordinates":[11.0299115,49.5411032]},"properties":{"maxheight":"default"}},{"type":"Feature","geometry":{"type":"Point","coordinates":[11.0154123,49.596956]},"properties":{"maxheight":"2"}},{"type":"Feature","geometry":{"type":"Point","coordinates":[11.077013,49.4614885]},"properties":{"maxheight":"2.05"}},{"type":"Feature","geometry":{"type":"Point","coordinates":[11.0499537,49.4439616]},"properties":{"maxheight":"2.3"}},{"type":"Feature","geometry":{"type":"Point","coordinates":[11.4560213,49.2772623]},"properties":{"hgv":"delivery"}},{"type":"Feature","geometry":{"type":"Point","coordinates":[11.4559707,49.2771697]},"properties":{"hgv":"delivery"}},{"type":"Feature","geometry":{"type":"Point","coordinates":[11.4559362,49.2772782]},"properties":{"hgv":"delivery"}},{"type":"Feature","geometry":{"type":"Point","coordinates":[11.0905857,49.4418964]},"properties":{"maxheight":"3.5"}},{"type":"Feature","geometry":{"type":"Point","coordinates":[11.0533672,49.4437487]},"properties":{"maxheight":"2.2"}},{"type":"Feature","geometry":{"type":"Point","coordinates":[11.0720465,49.4377158]},"properties":{"maxheight":"2.6"}},{"type":"Feature","geometry":{"type":"Point","coordinates":[11.0723772,49.4377841]},"properties":{"maxheight":"2.8"}},{"type":"Feature","geometry":{"type":"Point","coordinates":[11.0210181,49.4490443]},"properties":{"hgv":"no"}},{"type":"Feature","geometry":{"type":"Point","coordinates":[11.4870829,49.2772481]},"properties":{"hgv":"delivery"}},{"type":"Feature","geometry":{"type":"Point","coordinates":[11.4631803,49.2819622]},"properties":{"hgv":"delivery"}},{"type":"Feature","geometry":{"type":"Point","coordinates":[11.7931261,49.9184837]},"properties":{"maxweight":"5"}},{"type":"Feature","geometry":{"type":"Point","coordinates":[11.771389,49.9209919]},"properties":{"maxweight":"5"}},{"type":"Feature","geometry":{"type":"Point","coordinates":[11.7695373,49.9245646]},"properties":{"maxweight":"5"}},{"type":"Feature","geometry":{"type":"Point","coordinates":[11.138033,49.4622975]},"properties":{"maxheight":"2.4"}},{"type":"Feature","geometry":{"type":"Point","coordinates":[11.0566057,49.7194611]},"properties":{"maxheight":"3"}},{"type":"Feature","geometry":{"type":"Point","coordinates":[11.4890413,49.2875445]},"properties":{"hgv":"delivery"}},{"type":"Feature","geometry":{"type":"Point","coordinates":[11.2314675,49.7316032]},"properties":{"maxweight":"5.5"}},{"type":"Feature","geometry":{"type":"Point","coordinates":[11.3001297,49.6840427]},"properties":{"maxweight":"7.5"}},{"type":"Feature","geometry":{"type":"Point","coordinates":[11.4491882,49.3426149]},"properties":{"hgv":"no"}},{"type":"Feature","geometry":{"type":"Point","coordinates":[11.4487036,49.3424488]},"properties":{"hgv":"only"}},{"type":"Feature","geometry":{"type":"Point","coordinates":[11.1930093,49.7828736]},"properties":{"maxheight":"3"}},{"type":"Feature","geometry":{"type":"Point","coordinates":[11.378164,49.3706211]},"properties":{"maxheight":"default"}},{"type":"Feature","geometry":{"type":"Point","coordinates":[11.4589296,49.2980954]},"properties":{"maxweight":"12"}},{"type":"Feature","geometry":{"type":"Point","coordinates":[11.0684431,49.4440589]},"properties":{"maxheight":"3.6"}},{"type":"Feature","geometry":{"type":"Point","coordinates":[11.1594391,49.1703452]},"properties":{"maxweight":"10"}},{"type":"Feature","geometry":{"type":"Point","coordinates":[11.0843441,49.4439973]},"properties":{"maxheight":"2.8"}},{"type":"Feature","geometry":{"type":"Point","coordinates":[11.4790688,49.2884953]},"properties":{"maxweight":"7.5"}},{"type":"Feature","geometry":{"type":"Point","coordinates":[11.353315,49.6426316]},"properties":{"maxweight":"7.5"}},{"type":"Feature","geometry":{"type":"Point","coordinates":[11.4496921,49.286067]},"properties":{"hgv":"delivery","maxweightrating:hgv":"7.5"}},{"type":"Feature","geometry":{"type":"Point","coordinates":[11.4497387,49.2862408]},"properties":{"hgv":"delivery","maxweightrating:hgv":"7.5"}},{"type":"Feature","geometry":{"type":"Point","coordinates":[11.4451833,49.2883953]},"properties":{"hgv":"delivery","maxweightrating:hgv":"7.5"}},{"type":"Feature","geometry":{"type":"Point","coordinates":[11.5268506,49.9680166]},"properties":{"hgv":"destination"}},{"type":"Feature","geometry":{"type":"Point","coordinates":[11.2124849,49.0812208]},"properties":{"hgv":"no"}},{"type":"Feature","geometry":{"type":"Point","coordinates":[11.078871,49.4942169]},"properties":{"maxheight":"3.3 m"}},{"type":"Feature","geometry":{"type":"Point","coordinates":[11.0401073,49.701952]},"properties":{"maxheight":"1.3","maxheight:physical":"1.3"}},{"type":"Feature","geometry":{"type":"Point","coordinates":[11.0780696,49.4430132]},"properties":{"maxheight":"3.2"}},{"type":"Feature","geometry":{"type":"Point","coordinates":[11.3381544,49.7695826]},"properties":{"maxheight":"2.5","maxweight":"10"}},{"type":"Feature","geometry":{"type":"Point","coordinates":[11.2883854,49.5070101]},"properties":{"hgv":"destination"}},{"type":"Feature","geometry":{"type":"Point","coordinates":[11.126855,49.3471373]},"properties":{"maxweight":"3"}},{"type":"Feature","geometry":{"type":"Point","coordinates":[11.2503347,49.6998166]},"properties":{"maxweight":"3.5"}},{"type":"Feature","geometry":{"type":"Point","coordinates":[11.0617533,49.7088693]},"properties":{"maxweight":"30"}},{"type":"Feature","geometry":{"type":"Point","coordinates":[11.4968232,49.2736195]},"properties":{"hgv":"delivery"}},{"type":"Feature","geometry":{"type":"Point","coordinates":[11.0795488,49.4935403]},"properties":{"maxheight":"4"}},{"type":"Feature","geometry":{"type":"Point","coordinates":[11.4599316,49.2817692]},"properties":{"maxheight":"1.9"}},{"type":"Feature","geometry":{"type":"Point","coordinates":[11.4568767,49.2772671]},"properties":{"hgv":"delivery"}},{"type":"Feature","geometry":{"type":"Point","coordinates":[11.4568193,49.277223]},"properties":{"hgv":"delivery"}},{"type":"Feature","geometry":{"type":"Point","coordinates":[11.4532256,49.1873414]},"properties":{"hgv":"designated"}},{"type":"Feature","geometry":{"type":"Point","coordinates":[11.4531595,49.1891711]},"properties":{"hgv":"designated"}},{"type":"Feature","geometry":{"type":"Point","coordinates":[11.1647621,49.6200345]},"properties":{"maxweight":"1.5"}},{"type":"Feature","geometry":{"type":"Point","coordinates":[11.0559437,49.3296136]},"properties":{"maxheight":"default"}},{"type":"Feature","geometry":{"type":"Point","coordinates":[11.0529493,49.327152]},"properties":{"maxheight":"default"}},{"type":"Feature","geometry":{"type":"Point","coordinates":[11.1200428,49.3653128]},"properties":{"maxheight":"default"}},{"type":"Feature","geometry":{"type":"Point","coordinates":[11.0114153,49.466134]},"properties":{"maxheight":"2.6"}},{"type":"Feature","geometry":{"type":"Point","coordinates":[11.2625445,49.3618037]},"properties":{"maxweight":"6"}},{"type":"Feature","geometry":{"type":"Point","coordinates":[11.4787054,49.2819314]},"properties":{"hgv":"delivery","maxweightrating:hgv":"7.5"}},{"type":"Feature","geometry":{"type":"Point","coordinates":[11.4786245,49.2817465]},"properties":{"hgv":"delivery","maxweightrating:hgv":"7.5"}},{"type":"Feature","geometry":{"type":"Point","coordinates":[11.4913573,49.2801518]},"properties":{"hgv":"delivery"}},{"type":"Feature","geometry":{"type":"Point","coordinates":[11.4941428,49.2814841]},"properties":{"hgv":"delivery"}},{"type":"Feature","geometry":{"type":"Point","coordinates":[11.4929497,49.2821965]},"properties":{"hgv":"delivery"}},{"type":"Feature","geometry":{"type":"Point","coordinates":[11.4926966,49.2803251]},"properties":{"hgv":"delivery"}},{"type":"Feature","geometry":{"type":"Point","coordinates":[11.4945696,49.2784631]},"properties":{"hgv":"delivery"}},{"type":"Feature","geometry":{"type":"Point","coordinates":[11.0994025,49.4688809]},"properties":{"maxheight":"3.6"}},{"type":"Feature","geometry":{"type":"Point","coordinates":[11.4621376,49.280284]},"properties":{"hgv":"delivery"}},{"type":"Feature","geometry":{"type":"Point","coordinates":[11.212875,49.3767147]},"properties":{"maxheight":"2"}},{"type":"Feature","geometry":{"type":"Point","coordinates":[11.3731566,49.3770218]},"properties":{"maxheight":"default"}},{"type":"Feature","geometry":{"type":"Point","coordinates":[11.3670498,49.3798181]},"properties":{"maxheight":"default"}},{"type":"Feature","geometry":{"type":"Point","coordinates":[11.8464524,49.8810297]},"properties":{"maxweight":"3.5"}},{"type":"Feature","geometry":{"type":"Point","coordinates":[11.2012691,49.2240147]},"properties":{"maxweight":"7.5"}},{"type":"Feature","geometry":{"type":"Point","coordinates":[11.2010705,49.224126]},"properties":{"maxweight":"7.5"}},{"type":"Feature","geometry":{"type":"Point","coordinates":[11.2012281,49.2240878]},"properties":{"maxweight":"7.5"}},{"type":"Feature","geometry":{"type":"Point","coordinates":[11.2044904,49.2220373]},"properties":{"maxweight":"7.5"}},{"type":"Feature","geometry":{"type":"Point","coordinates":[11.2054531,49.2216648]},"properties":{"maxweight":"7.5"}},{"type":"Feature","geometry":{"type":"Point","coordinates":[11.2001032,49.2244305]},"properties":{"maxweight":"7.5"}},{"type":"Feature","geometry":{"type":"Point","coordinates":[11.2218918,49.223839]},"properties":{"maxweight":"7.5"}},{"type":"Feature","geometry":{"type":"Point","coordinates":[11.214085,49.2218936]},"properties":{"maxweight":"7.5"}},{"type":"Feature","geometry":{"type":"Point","coordinates":[11.2137892,49.2218824]},"properties":{"maxweight":"7.5"}},{"type":"Feature","geometry":{"type":"Point","coordinates":[11.2141233,49.1473071]},"properties":{"maxweight":"6"}},{"type":"Feature","geometry":{"type":"Point","coordinates":[11.5049394,49.0262079]},"properties":{"maxheight":"2.1"}},{"type":"Feature","geometry":{"type":"Point","coordinates":[11.4575738,49.281683]},"properties":{"maxheight":"below_default"}},{"type":"Feature","geometry":{"type":"Point","coordinates":[11.0546333,49.3229512]},"properties":{"hgv":"delivery","maxheight":"3.5","maxweight":"7.5"}},{"type":"Feature","geometry":{"type":"Point","coordinates":[11.0221672,49.417602]},"properties":{"maxlength":"10"}},{"type":"Feature","geometry":{"type":"Point","coordinates":[11.3535636,49.3735623]},"properties":{"maxheight":"1.5"}},{"type":"Feature","geometry":{"type":"Point","coordinates":[11.3522698,49.3786194]},"properties":{"hgv":"delivery","maxheight":"4.2"}},{"type":"Feature","geometry":{"type":"Point","coordinates":[11.3522947,49.378296]},"properties":{"hgv":"delivery","maxheight":"4.2"}},{"type":"Feature","geometry":{"type":"Point","coordinates":[11.0655264,49.3297487]},"properties":{"maxheight":"below_default"}},{"type":"Feature","geometry":{"type":"Point","coordinates":[11.0670116,49.3302191]},"properties":{"maxheight":"2.5"}},{"type":"Feature","geometry":{"type":"Point","coordinates":[11.1936924,49.1912297]},"properties":{"maxweight":"3.5"}},{"type":"Feature","geometry":{"type":"Point","coordinates":[11.4818983,49.0329056]},"properties":{"maxweight":"7.5"}},{"type":"Feature","geometry":{"type":"Point","coordinates":[11.0491789,49.3877186]},"properties":{"maxheight":"3.8"}},{"type":"Feature","geometry":{"type":"Point","coordinates":[11.1237099,49.609594]},"properties":{"maxweight":"7.5"}},{"type":"Feature","geometry":{"type":"Point","coordinates":[11.123557,49.6098671]},"properties":{"maxweight":"7.5"}},{"type":"Feature","geometry":{"type":"Point","coordinates":[11.1236147,49.6096637]},"properties":{"maxweight":"7.5"}},{"type":"Feature","geometry":{"type":"Point","coordinates":[11.5765232,49.9456453]},"properties":{"maxheight":"4.1"}},{"type":"Feature","geometry":{"type":"Point","coordinates":[11.4705013,49.4951242]},"properties":{"hgv":"no"}},{"type":"Feature","geometry":{"type":"Point","coordinates":[11.1266323,49.6138319]},"properties":{"hgv":"agricultural;delivery;recycling"}},{"type":"Feature","geometry":{"type":"Point","coordinates":[11.3581612,49.3857315]},"properties":{"maxheight":"2"}},{"type":"Feature","geometry":{"type":"Point","coordinates":[11.4554566,49.27943]},"properties":{"hgv":"no"}},{"type":"Feature","geometry":{"type":"Point","coordinates":[11.357297,49.3847707]},"properties":{"maxheight":"2"}},{"type":"Feature","geometry":{"type":"Point","coordinates":[11.8906095,49.6023028]},"properties":{"hgv":"agricultural"}},{"type":"Feature","geometry":{"type":"Point","coordinates":[11.3652202,49.3840845]},"properties":{"maxheight":"5"}},{"type":"Feature","geometry":{"type":"Point","coordinates":[11.3654269,49.3841]},"properties":{"maxheight":"5"}},{"type":"Feature","geometry":{"type":"Point","coordinates":[11.0017066,49.4537981]},"properties":{"maxheight":"4"}},{"type":"Feature","geometry":{"type":"Point","coordinates":[11.2589709,49.3557097]},"properties":{"maxwidth":"2","maxweight":"2.8"}},{"type":"Feature","geometry":{"type":"Point","coordinates":[11.1014243,49.4427316]},"properties":{"maxheight":"2"}},{"type":"Feature","geometry":{"type":"Point","coordinates":[11.1015349,49.4428228]},"properties":{"maxheight":"2"}},{"type":"Feature","geometry":{"type":"Point","coordinates":[11.0138475,49.8001492]},"properties":{"maxheight":"3","maxweight":"3.5"}},{"type":"Feature","geometry":{"type":"Point","coordinates":[11.0123944,49.7999865]},"properties":{"maxheight":"3","maxweight":"3.5"}},{"type":"Feature","geometry":{"type":"Point","coordinates":[11.0130809,49.8000892]},"properties":{"maxheight":"3","maxweight":"3.5"}},{"type":"Feature","geometry":{"type":"Point","coordinates":[11.7333423,49.4983793]},"properties":{"hgv":"destination"}},{"type":"Feature","geometry":{"type":"Point","coordinates":[11.2017936,49.5760901]},"properties":{"maxweight":"7.5"}},{"type":"Feature","geometry":{"type":"Point","coordinates":[11.1150914,49.461799]},"properties":{"maxheight":"2"}},{"type":"Feature","geometry":{"type":"Point","coordinates":[11.5424377,49.7565349]},"properties":{"hgv":"delivery","maxweight":"7.5"}},{"type":"Feature","geometry":{"type":"Point","coordinates":[11.5433229,49.7563929]},"properties":{"hgv":"delivery","maxweight":"7.5"}},{"type":"Feature","geometry":{"type":"Point","coordinates":[11.5392989,49.756592]},"properties":{"hgv":"delivery","maxweight":"7.5"}},{"type":"Feature","geometry":{"type":"Point","coordinates":[11.5413961,49.7566001]},"properties":{"hgv":"delivery","maxweight":"7.5"}},{"type":"Feature","geometry":{"type":"Point","coordinates":[11.5419999,49.7565807]},"properties":{"hgv":"delivery","maxweight":"7.5"}},{"type":"Feature","geometry":{"type":"Point","coordinates":[11.5427445,49.7565044]},"properties":{"hgv":"delivery","maxweight":"7.5"}},{"type":"Feature","geometry":{"type":"Point","coordinates":[11.540124,49.7566001]},"properties":{"hgv":"delivery","maxweight":"7.5"}},{"type":"Feature","geometry":{"type":"Point","coordinates":[11.5416943,49.7565921]},"properties":{"hgv":"delivery","maxweight":"7.5"}},{"type":"Feature","geometry":{"type":"Point","coordinates":[11.5418143,49.7565889]},"properties":{"hgv":"delivery","maxweight":"7.5"}},{"type":"Feature","geometry":{"type":"Point","coordinates":[11.5385221,49.7567077]},"properties":{"hgv":"delivery","maxweight":"7.5"}},{"type":"Feature","geometry":{"type":"Point","coordinates":[11.5437116,49.7562785]},"properties":{"hgv":"delivery","maxweight":"7.5"}},{"type":"Feature","geometry":{"type":"Point","coordinates":[11.5394749,49.7565928]},"properties":{"hgv":"delivery","maxweight":"7.5"}},{"type":"Feature","geometry":{"type":"Point","coordinates":[11.5411678,49.7565984]},"properties":{"hgv":"delivery","maxweight":"7.5"}},{"type":"Feature","geometry":{"type":"Point","coordinates":[11.5388313,49.756648]},"properties":{"hgv":"delivery","maxweight":"7.5"}},{"type":"Feature","geometry":{"type":"Point","coordinates":[11.5434762,49.7563563]},"properties":{"hgv":"delivery","maxweight":"7.5"}},{"type":"Feature","geometry":{"type":"Point","coordinates":[11.5423131,49.7565479]},"properties":{"hgv":"delivery","maxweight":"7.5"}},{"type":"Feature","geometry":{"type":"Point","coordinates":[11.0027915,49.590617]},"properties":{"maxheight":"2"}},{"type":"Feature","geometry":{"type":"Point","coordinates":[11.9150202,49.613297]},"properties":{"maxweight":"15"}},{"type":"Feature","geometry":{"type":"Point","coordinates":[11.1997564,49.4161267]},"properties":{"maxheight":"default"}},{"type":"Feature","geometry":{"type":"Point","coordinates":[11.0913218,49.2389754]},"properties":{"maxweight":"1.5"}},{"type":"Feature","geometry":{"type":"Point","coordinates":[11.0598976,49.6992704]},"properties":{"maxheight":"default"}},{"type":"Feature","geometry":{"type":"Point","coordinates":[11.0638135,49.699116]},"properties":{"maxheight":"default"}},{"type":"Feature","geometry":{"type":"Point","coordinates":[11.0639752,49.6989729]},"properties":{"maxheight":"default"}},{"type":"Feature","geometry":{"type":"Point","coordinates":[11.2354935,49.2450891]},"properties":{"maxweight":"10"}},{"type":"Feature","geometry":{"type":"Point","coordinates":[11.6390017,49.2356394]},"properties":{"maxheight":"default"}},{"type":"Feature","geometry":{"type":"Point","coordinates":[11.2163762,49.6162964]},"properties":{"maxweight":"5"}},{"type":"Feature","geometry":{"type":"Point","coordinates":[11.5348874,49.2311597]},"properties":{"hgv":"no"}},{"type":"Feature","geometry":{"type":"Point","coordinates":[11.4398642,49.3314511]},"properties":{"maxweight":"12"}},{"type":"Feature","geometry":{"type":"Point","coordinates":[11.7518708,49.210268]},"properties":{"hgv":"no"}},{"type":"Feature","geometry":{"type":"Point","coordinates":[11.7608934,49.2069597]},"properties":{"hgv":"no"}},{"type":"Feature","geometry":{"type":"Point","coordinates":[11.2030083,49.3593969]},"properties":{"maxheight":"2.30"}},{"type":"Feature","geometry":{"type":"Point","coordinates":[11.4431852,49.1060702]},"properties":{"maxwidth":"2.6","maxweight":"16"}},{"type":"Feature","geometry":{"type":"Point","coordinates":[11.7652829,49.489403]},"properties":{"maxheight":"2.8"}},{"type":"Feature","geometry":{"type":"Point","coordinates":[11.2155859,49.3772497]},"properties":{"maxheight":"4.2"}},{"type":"Feature","geometry":{"type":"Point","coordinates":[11.0050647,49.3230206]},"properties":{"maxwidth":"3"}},{"type":"Feature","geometry":{"type":"Point","coordinates":[11.7899266,49.4921594]},"properties":{"maxheight":"3.65"}},{"type":"Feature","geometry":{"type":"Point","coordinates":[11.8116952,49.5284307]},"properties":{"hgv":"no"}},{"type":"Feature","geometry":{"type":"Point","coordinates":[11.8127247,49.5217539]},"properties":{"maxweight":"7.5"}},{"type":"Feature","geometry":{"type":"Point","coordinates":[11.1943299,49.638485]},"properties":{"maxweight":"3.5"}},{"type":"Feature","geometry":{"type":"Point","coordinates":[11.588272,49.2631467]},"properties":{"maxweight":"7.5"}},{"type":"Feature","geometry":{"type":"Point","coordinates":[11.8795721,49.5384132]},"properties":{"maxheight":"3.1"}},{"type":"Feature","geometry":{"type":"Point","coordinates":[11.8796849,49.5382154]},"properties":{"maxheight":"3.1"}},{"type":"Feature","geometry":{"type":"Point","coordinates":[11.0254364,49.3755326]},"properties":{"maxweight":"5.5"}},{"type":"Feature","geometry":{"type":"Point","coordinates":[11.0252186,49.3755611]},"properties":{"maxweight":"5.5"}},{"type":"Feature","geometry":{"type":"Point","coordinates":[11.8419944,49.488706]},"properties":{"maxheight":"3.2","maxweight":"30"}},{"type":"Feature","geometry":{"type":"Point","coordinates":[11.4612999,49.0858147]},"properties":{"maxweight":"15"}},{"type":"Feature","geometry":{"type":"Point","coordinates":[11.0447282,49.3206705]},"properties":{"maxheight":"default"}},{"type":"Feature","geometry":{"type":"Point","coordinates":[11.0673953,49.4618233]},"properties":{"maxheight":"3","maxwidth":"2.5"}},{"type":"Feature","geometry":{"type":"Point","coordinates":[11.4540222,49.2830771]},"properties":{"maxweight":"12"}},{"type":"Feature","geometry":{"type":"Point","coordinates":[11.5544155,49.6304272]},"properties":{"maxweight":"7.5"}},{"type":"Feature","geometry":{"type":"Point","coordinates":[11.7307372,49.5474864]},"properties":{"maxheight":"3.3"}},{"type":"Feature","geometry":{"type":"Point","coordinates":[11.1182045,49.4565193]},"properties":{"maxheight":"4"}},{"type":"Feature","geometry":{"type":"Point","coordinates":[11.4532908,49.3363468]},"properties":{"maxheight":"default"}},{"type":"Feature","geometry":{"type":"Point","coordinates":[11.4381007,49.3513816]},"properties":{"maxheight":"default"}},{"type":"Feature","geometry":{"type":"Point","coordinates":[11.9214998,49.2681125]},"properties":{"maxweightrating":"7.5"}},{"type":"Feature","geometry":{"type":"Point","coordinates":[11.1827132,49.3636993]},"properties":{"maxwidth":"4.2"}},{"type":"Feature","geometry":{"type":"Point","coordinates":[11.3089447,49.4468954]},"properties":{"maxweight":"5"}},{"type":"Feature","geometry":{"type":"Point","coordinates":[11.8526751,49.4494311]},"properties":{"maxheight":"2.15"}},{"type":"Feature","geometry":{"type":"Point","coordinates":[11.8529776,49.4487354]},"properties":{"maxheight":"2.05"}},{"type":"Feature","geometry":{"type":"Point","coordinates":[11.3500518,49.0462774]},"properties":{"hgv":"no"}},{"type":"Feature","geometry":{"type":"Point","coordinates":[11.1117677,49.8902026]},"properties":{"maxweight":"5"}},{"type":"Feature","geometry":{"type":"Point","coordinates":[11.0142256,49.6006724]},"properties":{"maxheight":"3.5"}},{"type":"Feature","geometry":{"type":"Point","coordinates":[11.0134125,49.6005759]},"properties":{"hgv":"destination","maxheight":"3.3"}},{"type":"Feature","geometry":{"type":"Point","coordinates":[11.7168382,49.5147358]},"properties":{"maxheight":"3.5"}},{"type":"Feature","geometry":{"type":"Point","coordinates":[11.7357684,49.5010593]},"properties":{"maxweight":"16"}},{"type":"Feature","geometry":{"type":"Point","coordinates":[11.0591386,49.4434807]},"properties":{"maxheight":"3.8"}},{"type":"Feature","geometry":{"type":"Point","coordinates":[11.0026602,49.5888518]},"properties":{"maxheight":"default"}},{"type":"Feature","geometry":{"type":"Point","coordinates":[11.6805827,49.5120649]},"properties":{"maxheight":"3"}},{"type":"Feature","geometry":{"type":"Point","coordinates":[11.6806954,49.5127866]},"properties":{"maxheight":"3"}},{"type":"Feature","geometry":{"type":"Point","coordinates":[11.1790913,49.3641295]},"properties":{"maxweight":"6"}},{"type":"Feature","geometry":{"type":"Point","coordinates":[11.1791415,49.3643444]},"properties":{"maxweight":"6"}},{"type":"Feature","geometry":{"type":"Point","coordinates":[11.4395058,49.3409712]},"properties":{"maxweight":"12"}},{"type":"Feature","geometry":{"type":"Point","coordinates":[11.4394802,49.3427764]},"properties":{"maxweight":"12"}},{"type":"Feature","geometry":{"type":"Point","coordinates":[11.4392032,49.3434427]},"properties":{"maxweight":"12"}},{"type":"Feature","geometry":{"type":"Point","coordinates":[11.4395772,49.3422281]},"properties":{"maxweight":"12"}},{"type":"Feature","geometry":{"type":"Point","coordinates":[11.4554214,49.3113583]},"properties":{"maxweight":"12"}},{"type":"Feature","geometry":{"type":"Point","coordinates":[11.4546459,49.3124335]},"properties":{"maxweight":"12"}},{"type":"Feature","geometry":{"type":"Point","coordinates":[11.1233449,49.610326]},"properties":{"maxweight":"7.5"}},{"type":"Feature","geometry":{"type":"Point","coordinates":[11.5933146,49.9341278]},"properties":{"hgv":"no"}},{"type":"Feature","geometry":{"type":"Point","coordinates":[11.8273134,49.4256425]},"properties":{"hgv":"no"}},{"type":"Feature","geometry":{"type":"Point","coordinates":[11.1993176,49.3619796]},"properties":{"maxheight":"default"}},{"type":"Feature","geometry":{"type":"Point","coordinates":[11.5116097,49.3141768]},"properties":{"hgv":"yes"}},{"type":"Feature","geometry":{"type":"Point","coordinates":[11.9935726,49.0085959]},"properties":{"hgv":"yes"}},{"type":"Feature","geometry":{"type":"Point","coordinates":[11.9949366,49.0086604]},"properties":{"hgv":"yes"}},{"type":"Feature","geometry":{"type":"Point","coordinates":[11.3368053,49.0462894]},"properties":{"hgv":"no","goods":"no"}},{"type":"Feature","geometry":{"type":"Point","coordinates":[11.3366564,49.0462752]},"properties":{"hgv":"no","goods":"no"}},{"type":"Feature","geometry":{"type":"Point","coordinates":[11.2035383,49.3591834]},"properties":{"maxwidth":"4.2"}},{"type":"Feature","geometry":{"type":"Point","coordinates":[11.2040904,49.3590645]},"properties":{"maxwidth":"4.2"}},{"type":"Feature","geometry":{"type":"Point","coordinates":[11.6162445,49.0117292]},"properties":{"maxwidth":"4.2"}},{"type":"Feature","geometry":{"type":"Point","coordinates":[11.6157576,49.0119398]},"properties":{"maxwidth":"4.2"}},{"type":"Feature","geometry":{"type":"Point","coordinates":[11.5625711,49.0309633]},"properties":{"maxwidth":"4.2"}},{"type":"Feature","geometry":{"type":"Point","coordinates":[11.5630166,49.030722]},"properties":{"maxwidth":"4.2"}},{"type":"Feature","geometry":{"type":"Point","coordinates":[11.4458557,49.1003372]},"properties":{"maxwidth":"4.2"}},{"type":"Feature","geometry":{"type":"Point","coordinates":[11.445849,49.1007195]},"properties":{"maxwidth":"4.2"}},{"type":"Feature","geometry":{"type":"Point","coordinates":[11.4433525,49.1120729]},"properties":{"maxwidth":"4.2"}},{"type":"Feature","geometry":{"type":"Point","coordinates":[11.4430799,49.1124054]},"properties":{"maxwidth":"4.2"}},{"type":"Feature","geometry":{"type":"Point","coordinates":[11.4540371,49.1642307]},"properties":{"maxwidth":"4.2"}},{"type":"Feature","geometry":{"type":"Point","coordinates":[11.4538969,49.1638624]},"properties":{"maxwidth":"4.2"}},{"type":"Feature","geometry":{"type":"Point","coordinates":[11.4534539,49.1757152]},"properties":{"maxwidth":"4.2"}},{"type":"Feature","geometry":{"type":"Point","coordinates":[11.4534233,49.1761022]},"properties":{"maxwidth":"4.2"}},{"type":"Feature","geometry":{"type":"Point","coordinates":[11.4530492,49.1797937]},"properties":{"maxwidth":"4.2"}},{"type":"Feature","geometry":{"type":"Point","coordinates":[11.4530817,49.1794159]},"properties":{"maxwidth":"4.2"}},{"type":"Feature","geometry":{"type":"Point","coordinates":[11.4527525,49.1823173]},"properties":{"maxwidth":"4.2"}},{"type":"Feature","geometry":{"type":"Point","coordinates":[11.452718,49.1826962]},"properties":{"maxwidth":"4.2"}},{"type":"Feature","geometry":{"type":"Point","coordinates":[11.45234,49.1862649]},"properties":{"maxwidth":"4.2"}},{"type":"Feature","geometry":{"type":"Point","coordinates":[11.4523754,49.1858845]},"properties":{"maxwidth":"4.2"}},{"type":"Feature","geometry":{"type":"Point","coordinates":[11.4530682,49.2039854]},"properties":{"maxwidth":"4.2"}},{"type":"Feature","geometry":{"type":"Point","coordinates":[11.4530424,49.203599]},"properties":{"maxwidth":"4.2"}},{"type":"Feature","geometry":{"type":"Point","coordinates":[11.4536247,49.2232163]},"properties":{"maxwidth":"4.2"}},{"type":"Feature","geometry":{"type":"Point","coordinates":[11.4536291,49.2235938]},"properties":{"maxwidth":"4.2"}},{"type":"Feature","geometry":{"type":"Point","coordinates":[11.3195893,49.3433411]},"properties":{"maxwidth":"4.2"}},{"type":"Feature","geometry":{"type":"Point","coordinates":[11.3199776,49.3436089]},"properties":{"maxwidth":"4.2"}},{"type":"Feature","geometry":{"type":"Point","coordinates":[11.3169253,49.3415819]},"properties":{"maxwidth":"4.2"}},{"type":"Feature","geometry":{"type":"Point","coordinates":[11.3164256,49.341399]},"properties":{"maxwidth":"4.2"}},{"type":"Feature","geometry":{"type":"Point","coordinates":[11.3124805,49.3415181]},"properties":{"maxwidth":"4.2"}},{"type":"Feature","geometry":{"type":"Point","coordinates":[11.3130564,49.3415556]},"properties":{"maxwidth":"4.2"}},{"type":"Feature","geometry":{"type":"Point","coordinates":[11.3087722,49.3398647]},"properties":{"maxwidth":"4.2"}},{"type":"Feature","geometry":{"type":"Point","coordinates":[11.3092257,49.3400714]},"properties":{"maxwidth":"4.2"}},{"type":"Feature","geometry":{"type":"Point","coordinates":[11.3016275,49.3390109]},"properties":{"maxwidth":"4.2"}},{"type":"Feature","geometry":{"type":"Point","coordinates":[11.302169,49.3391342]},"properties":{"maxwidth":"4.2"}},{"type":"Feature","geometry":{"type":"Point","coordinates":[11.2968575,49.337011]},"properties":{"maxwidth":"4.2"}},{"type":"Feature","geometry":{"type":"Point","coordinates":[11.2975563,49.3373221]},"properties":{"maxwidth":"4.2"}},{"type":"Feature","geometry":{"type":"Point","coordinates":[11.2925123,49.337731]},"properties":{"maxwidth":"4.2"}},{"type":"Feature","geometry":{"type":"Point","coordinates":[11.2929772,49.3375221]},"properties":{"maxwidth":"4.2"}},{"type":"Feature","geometry":{"type":"Point","coordinates":[11.2885021,49.3395293]},"properties":{"maxwidth":"4.2"}},{"type":"Feature","geometry":{"type":"Point","coordinates":[11.2889904,49.3393198]},"properties":{"maxwidth":"4.2"}},{"type":"Feature","geometry":{"type":"Point","coordinates":[11.2840676,49.3398177]},"properties":{"maxwidth":"4.2"}},{"type":"Feature","geometry":{"type":"Point","coordinates":[11.2846171,49.3398538]},"properties":{"maxwidth":"4.2"}},{"type":"Feature","geometry":{"type":"Point","coordinates":[11.2790122,49.3395035]},"properties":{"maxwidth":"4.2"}},{"type":"Feature","geometry":{"type":"Point","coordinates":[11.2795955,49.3395195]},"properties":{"maxwidth":"4.2"}},{"type":"Feature","geometry":{"type":"Point","coordinates":[11.2746314,49.3395486]},"properties":{"maxwidth":"4.2"}},{"type":"Feature","geometry":{"type":"Point","coordinates":[11.2740292,49.3395518]},"properties":{"maxwidth":"4.2"}},{"type":"Feature","geometry":{"type":"Point","coordinates":[11.2695909,49.3396138]},"properties":{"maxwidth":"4.2"}},{"type":"Feature","geometry":{"type":"Point","coordinates":[11.2690035,49.3396208]},"properties":{"maxwidth":"4.2"}},{"type":"Feature","geometry":{"type":"Point","coordinates":[11.2646512,49.3393382]},"properties":{"maxwidth":"4.2"}},{"type":"Feature","geometry":{"type":"Point","coordinates":[11.2641144,49.3392585]},"properties":{"maxwidth":"4.2"}},{"type":"Feature","geometry":{"type":"Point","coordinates":[11.2587565,49.3383942]},"properties":{"maxwidth":"4.2"}},{"type":"Feature","geometry":{"type":"Point","coordinates":[11.2581963,49.3383019]},"properties":{"maxwidth":"4.2"}},{"type":"Feature","geometry":{"type":"Point","coordinates":[11.2543264,49.3388053]},"properties":{"maxwidth":"4.2"}},{"type":"Feature","geometry":{"type":"Point","coordinates":[11.2548698,49.3386782]},"properties":{"maxwidth":"4.2"}},{"type":"Feature","geometry":{"type":"Point","coordinates":[11.250395,49.3391493]},"properties":{"maxwidth":"4.2"}},{"type":"Feature","geometry":{"type":"Point","coordinates":[11.2509609,49.3391483]},"properties":{"maxwidth":"4.2"}},{"type":"Feature","geometry":{"type":"Point","coordinates":[11.2467907,49.3391471]},"properties":{"maxwidth":"4.2"}},{"type":"Feature","geometry":{"type":"Point","coordinates":[11.2462047,49.3391509]},"properties":{"maxwidth":"4.2"}},{"type":"Feature","geometry":{"type":"Point","coordinates":[11.2424458,49.3401688]},"properties":{"maxwidth":"4.2"}},{"type":"Feature","geometry":{"type":"Point","coordinates":[11.2421254,49.3404775]},"properties":{"maxwidth":"4.2"}},{"type":"Feature","geometry":{"type":"Point","coordinates":[11.2384721,49.3435272]},"properties":{"maxwidth":"4.2"}},{"type":"Feature","geometry":{"type":"Point","coordinates":[11.2379229,49.3436605]},"properties":{"maxwidth":"4.2"}},{"type":"Feature","geometry":{"type":"Point","coordinates":[11.2333162,49.3447732]},"properties":{"maxwidth":"4.2"}},{"type":"Feature","geometry":{"type":"Point","coordinates":[11.232779,49.3449015]},"properties":{"maxwidth":"4.2"}},{"type":"Feature","geometry":{"type":"Point","coordinates":[11.2280634,49.3460375]},"properties":{"maxwidth":"4.2"}},{"type":"Feature","geometry":{"type":"Point","coordinates":[11.2285918,49.3459023]},"properties":{"maxwidth":"4.2"}},{"type":"Feature","geometry":{"type":"Point","coordinates":[11.224828,49.3468245]},"properties":{"maxwidth":"4.2"}},{"type":"Feature","geometry":{"type":"Point","coordinates":[11.2242806,49.3469555]},"properties":{"maxwidth":"4.2"}},{"type":"Feature","geometry":{"type":"Point","coordinates":[11.2212302,49.3479865]},"properties":{"maxwidth":"4.2"}},{"type":"Feature","geometry":{"type":"Point","coordinates":[11.2207786,49.3482023]},"properties":{"maxwidth":"4.2"}},{"type":"Feature","geometry":{"type":"Point","coordinates":[11.2176633,49.3489146]},"properties":{"maxwidth":"4.2"}},{"type":"Feature","geometry":{"type":"Point","coordinates":[11.2170846,49.3489398]},"properties":{"maxwidth":"4.2"}},{"type":"Feature","geometry":{"type":"Point","coordinates":[11.2128585,49.3497503]},"properties":{"maxwidth":"4.2"}},{"type":"Feature","geometry":{"type":"Point","coordinates":[11.2123339,49.3499089]},"properties":{"maxwidth":"4.2"}},{"type":"Feature","geometry":{"type":"Point","coordinates":[11.2092572,49.3508238]},"properties":{"maxwidth":"4.2"}},{"type":"Feature","geometry":{"type":"Point","coordinates":[11.2087152,49.3509794]},"properties":{"maxwidth":"4.2"}},{"type":"Feature","geometry":{"type":"Point","coordinates":[11.205415,49.3529267]},"properties":{"maxwidth":"4.2"}},{"type":"Feature","geometry":{"type":"Point","coordinates":[11.2056033,49.3525679]},"properties":{"maxwidth":"4.2"}},{"type":"Feature","geometry":{"type":"Point","coordinates":[11.196469,49.3607226]},"properties":{"maxwidth":"4.2"}},{"type":"Feature","geometry":{"type":"Point","coordinates":[11.1959075,49.3608458]},"properties":{"maxwidth":"4.2"}},{"type":"Feature","geometry":{"type":"Point","coordinates":[11.1831121,49.3636112]},"properties":{"maxwidth":"4.2"}},{"type":"Feature","geometry":{"type":"Point","coordinates":[11.1825799,49.3637284]},"properties":{"maxwidth":"4.2"}},{"type":"Feature","geometry":{"type":"Point","coordinates":[11.1698034,49.3646378]},"properties":{"maxwidth":"4.2"}},{"type":"Feature","geometry":{"type":"Point","coordinates":[11.1703609,49.3647623]},"properties":{"maxwidth":"4.2"}},{"type":"Feature","geometry":{"type":"Point","coordinates":[11.1126826,49.3658994]},"properties":{"maxwidth":"4.2"}},{"type":"Feature","geometry":{"type":"Point","coordinates":[11.1122952,49.3662134]},"properties":{"maxwidth":"4.2"}},{"type":"Feature","geometry":{"type":"Point","coordinates":[11.1089576,49.3689858]},"properties":{"maxwidth":"4.2"}},{"type":"Feature","geometry":{"type":"Point","coordinates":[11.1036013,49.3714444]},"properties":{"maxwidth":"4.2"}},{"type":"Feature","geometry":{"type":"Point","coordinates":[11.1041024,49.3712478]},"properties":{"maxwidth":"4.2"}},{"type":"Feature","geometry":{"type":"Point","coordinates":[11.0993341,49.373206]},"properties":{"maxwidth":"4.2"}},{"type":"Feature","geometry":{"type":"Point","coordinates":[11.0998223,49.3729428]},"properties":{"maxwidth":"4.2"}},{"type":"Feature","geometry":{"type":"Point","coordinates":[11.0969675,49.3762291]},"properties":{"maxwidth":"4.2"}},{"type":"Feature","geometry":{"type":"Point","coordinates":[11.0968367,49.3765782]},"properties":{"maxwidth":"4.2"}},{"type":"Feature","geometry":{"type":"Point","coordinates":[11.0955195,49.3800314]},"properties":{"maxwidth":"4.2"}},{"type":"Feature","geometry":{"type":"Point","coordinates":[11.0953837,49.3803935]},"properties":{"maxwidth":"4.2"}},{"type":"Feature","geometry":{"type":"Point","coordinates":[11.0925558,49.3869374]},"properties":{"maxwidth":"4.2"}},{"type":"Feature","geometry":{"type":"Point","coordinates":[11.0923654,49.3872805]},"properties":{"maxwidth":"4.2"}},{"type":"Feature","geometry":{"type":"Point","coordinates":[11.0843901,49.3938671]},"properties":{"maxwidth":"4.2"}},{"type":"Feature","geometry":{"type":"Point","coordinates":[11.080147,49.4033968]},"properties":{"maxwidth":"4.2"}},{"type":"Feature","geometry":{"type":"Point","coordinates":[11.0800152,49.4037658]},"properties":{"maxwidth":"4.2"}},{"type":"Feature","geometry":{"type":"Point","coordinates":[11.0841107,49.6006519]},"properties":{"maxweight":"1.5"}},{"type":"Feature","geometry":{"type":"Point","coordinates":[11.1085589,49.3692602]},"properties":{"maxwidth":"4.2"}},{"type":"Feature","geometry":{"type":"Point","coordinates":[11.7487836,49.5161801]},"properties":{"maxweight":"7.5"}},{"type":"Feature","geometry":{"type":"Point","coordinates":[11.7438563,49.5067576]},"properties":{"hgv":"destination","maxweight":"7.5"}},{"type":"Feature","geometry":{"type":"Point","coordinates":[11.6518768,49.5572924]},"properties":{"maxweight":"7.5"}},{"type":"Feature","geometry":{"type":"Point","coordinates":[11.0122165,49.4651292]},"properties":{"maxheight":"3.7"}},{"type":"Feature","geometry":{"type":"Point","coordinates":[11.7296876,49.5059953]},"properties":{"maxheight":"4.15"}},{"type":"Feature","geometry":{"type":"Point","coordinates":[11.7334612,49.4986372]},"properties":{"hgv":"destination"}},{"type":"Feature","geometry":{"type":"Point","coordinates":[11.7468479,49.4924893]},"properties":{"maxheight":"2.5"}},{"type":"Feature","geometry":{"type":"Point","coordinates":[11.2284866,49.3459292]},"properties":{"maxwidth":"4.2"}},{"type":"Feature","geometry":{"type":"Point","coordinates":[11.1958909,49.3608493]},"properties":{"maxwidth":"4.2"}},{"type":"Feature","geometry":{"type":"Point","coordinates":[11.195948,49.3608366]},"properties":{"maxwidth":"4.2"}},{"type":"Feature","geometry":{"type":"Point","coordinates":[11.0968285,49.3765998]},"properties":{"maxwidth":"4.2"}},{"type":"Feature","geometry":{"type":"Point","coordinates":[11.5373605,49.5657433]},"properties":{"maxweight":"3"}},{"type":"Feature","geometry":{"type":"Point","coordinates":[11.5115017,49.1211264]},"properties":{"maxweight":"6"}},{"type":"Feature","geometry":{"type":"Point","coordinates":[11.7976029,49.491309]},"properties":{"maxheight":"3.1"}},{"type":"Feature","geometry":{"type":"Point","coordinates":[11.5667379,49.9356397]},"properties":{"hgv":"destination"}},{"type":"Feature","geometry":{"type":"Point","coordinates":[11.0024323,49.5180311]},"properties":{"hgv":"yes"}},{"type":"Feature","geometry":{"type":"Point","coordinates":[11.0007874,49.5185336]},"properties":{"hgv":"yes"}},{"type":"Feature","geometry":{"type":"Point","coordinates":[11.0014537,49.5166645]},"properties":{"hgv":"yes"}},{"type":"Feature","geometry":{"type":"Point","coordinates":[11.0025443,49.5170648]},"properties":{"hgv":"yes"}},{"type":"Feature","geometry":{"type":"Point","coordinates":[11.00113,49.5186171]},"properties":{"hgv":"yes"}},{"type":"Feature","geometry":{"type":"Point","coordinates":[11.7620262,49.492577]},"properties":{"maxweight":"7.5"}},{"type":"Feature","geometry":{"type":"Point","coordinates":[11.5839263,49.9536406]},"properties":{"hgv":"no"}},{"type":"Feature","geometry":{"type":"Point","coordinates":[11.0252295,49.449085]},"properties":{"hgv":"no"}},{"type":"Feature","geometry":{"type":"Point","coordinates":[11.6459611,49.2222432]},"properties":{"hgv":"yes"}},{"type":"Feature","geometry":{"type":"Point","coordinates":[11.2930407,49.1477001]},"properties":{"maxweight":"6"}},{"type":"Feature","geometry":{"type":"Point","coordinates":[11.7424286,49.5041019]},"properties":{"maxheight":"1.4","maxweight":"2"}},{"type":"Feature","geometry":{"type":"Point","coordinates":[11.0078791,49.5963083]},"properties":{"maxheight":"2.20"}},{"type":"Feature","geometry":{"type":"Point","coordinates":[11.0031189,49.5887352]},"properties":{"maxheight":"default"}},{"type":"Feature","geometry":{"type":"Point","coordinates":[11.7518326,49.5159458]},"properties":{"maxweight":"7.5"}},{"type":"Feature","geometry":{"type":"Point","coordinates":[11.6107281,49.2557347]},"properties":{"hgv":"yes"}},{"type":"Feature","geometry":{"type":"Point","coordinates":[11.6518151,49.2099929]},"properties":{"hgv":"yes"}},{"type":"Feature","geometry":{"type":"Point","coordinates":[11.6872411,49.186172]},"properties":{"hgv":"yes"}},{"type":"Feature","geometry":{"type":"Point","coordinates":[11.40781,49.366541]},"properties":{"hgv":"yes"}},{"type":"Feature","geometry":{"type":"Point","coordinates":[11.4364635,49.353489]},"properties":{"hgv":"yes"}},{"type":"Feature","geometry":{"type":"Point","coordinates":[11.6067102,49.9503485]},"properties":{"maxheight":"default"}},{"type":"Feature","geometry":{"type":"Point","coordinates":[11.6062947,49.9506591]},"properties":{"maxheight":"default"}},{"type":"Feature","geometry":{"type":"Point","coordinates":[11.1078446,49.4466566]},"properties":{"maxheight":"4","maxweight":"12"}},{"type":"Feature","geometry":{"type":"Point","coordinates":[11.129831,49.4309801]},"properties":{"maxheight":"3.8"}},{"type":"Feature","geometry":{"type":"Point","coordinates":[11.1283255,49.429581]},"properties":{"maxheight":"3.7"}},{"type":"Feature","geometry":{"type":"Point","coordinates":[11.1298914,49.4065193]},"properties":{"maxheight":"default"}},{"type":"Feature","geometry":{"type":"Point","coordinates":[11.1419735,49.4141705]},"properties":{"hgv":"no"}},{"type":"Feature","geometry":{"type":"Point","coordinates":[11.1740592,49.4128535]},"properties":{"maxheight":"default"}},{"type":"Feature","geometry":{"type":"Point","coordinates":[11.0205769,49.4585494]},"properties":{"maxheight":"default"}},{"type":"Feature","geometry":{"type":"Point","coordinates":[11.023537,49.4573517]},"properties":{"maxheight":"default"}},{"type":"Feature","geometry":{"type":"Point","coordinates":[11.0133478,49.5742663]},"properties":{"maxheight":"6"}},{"type":"Feature","geometry":{"type":"Point","coordinates":[11.3613748,49.3913324]},"properties":{"maxweight":"2.5"}},{"type":"Feature","geometry":{"type":"Point","coordinates":[11.3959317,49.3712447]},"properties":{"maxweight":"3.5"}},{"type":"Feature","geometry":{"type":"Point","coordinates":[11.4066252,49.3702912]},"properties":{"maxweight":"3.5"}},{"type":"Feature","geometry":{"type":"Point","coordinates":[11.4059523,49.3702504]},"properties":{"maxweight":"3.5"}},{"type":"Feature","geometry":{"type":"Point","coordinates":[11.4135822,49.3686669]},"properties":{"maxweight":"3.5"}},{"type":"Feature","geometry":{"type":"Point","coordinates":[11.4141699,49.3684283]},"properties":{"maxweight":"3.5"}},{"type":"Feature","geometry":{"type":"Point","coordinates":[11.3492601,49.4002576]},"properties":{"maxweight":"3.5"}},{"type":"Feature","geometry":{"type":"Point","coordinates":[11.3672088,49.3797483]},"properties":{"maxheight":"default"}},{"type":"Feature","geometry":{"type":"Point","coordinates":[11.4269138,49.3569686]},"properties":{"maxweight":"12"}},{"type":"Feature","geometry":{"type":"Point","coordinates":[11.4268472,49.3552292]},"properties":{"maxweight":"12"}},{"type":"Feature","geometry":{"type":"Point","coordinates":[11.7331303,49.6177151]},"properties":{"maxweight":"7"}},{"type":"Feature","geometry":{"type":"Point","coordinates":[11.7303734,49.6219601]},"properties":{"maxweight":"7"}},{"type":"Feature","geometry":{"type":"Point","coordinates":[11.1102352,49.3945225]},"properties":{"maxheight":"default"}},{"type":"Feature","geometry":{"type":"Point","coordinates":[11.1301529,49.6129783]},"properties":{"maxheight":"3.2 m"}},{"type":"Feature","geometry":{"type":"Point","coordinates":[11.1435164,49.2120722]},"properties":{"maxweight":"10"}},{"type":"Feature","geometry":{"type":"Point","coordinates":[11.0090248,49.9692962]},"properties":{"maxheight":"default"}},{"type":"Feature","geometry":{"type":"Point","coordinates":[11.7628775,49.3912868]},"properties":{"maxweight":"10"}},{"type":"Feature","geometry":{"type":"Point","coordinates":[11.0159858,49.4678067]},"properties":{"maxheight":"default"}},{"type":"Feature","geometry":{"type":"Point","coordinates":[11.0130727,49.464995]},"properties":{"maxheight":"default"}},{"type":"Feature","geometry":{"type":"Point","coordinates":[11.0154526,49.464581]},"properties":{"maxheight":"default"}},{"type":"Feature","geometry":{"type":"Point","coordinates":[11.0152,49.4631114]},"properties":{"maxheight":"default"}},{"type":"Feature","geometry":{"type":"Point","coordinates":[11.0153372,49.4636064]},"properties":{"maxheight":"default"}},{"type":"Feature","geometry":{"type":"Point","coordinates":[11.0151771,49.4639108]},"properties":{"maxheight":"default"}},{"type":"Feature","geometry":{"type":"Point","coordinates":[11.0156095,49.5952898]},"properties":{"maxheight":"1.90"}},{"type":"Feature","geometry":{"type":"Point","coordinates":[11.759132,49.5135608]},"properties":{"maxweight":"7.5"}},{"type":"Feature","geometry":{"type":"Point","coordinates":[11.7638974,49.4909826]},"properties":{"maxweight":"7.5"}},{"type":"Feature","geometry":{"type":"Point","coordinates":[11.7639912,49.4909584]},"properties":{"maxwidth":"2","maxweight":"7.5"}},{"type":"Feature","geometry":{"type":"Point","coordinates":[11.7654687,49.4902614]},"properties":{"maxweight":"7.5"}},{"type":"Feature","geometry":{"type":"Point","coordinates":[11.7670261,49.4903145]},"properties":{"maxweight":"7.5"}},{"type":"Feature","geometry":{"type":"Point","coordinates":[11.6074985,49.9892055]},"properties":{"maxheight":"default"}},{"type":"Feature","geometry":{"type":"Point","coordinates":[11.0513485,49.4391323]},"properties":{"maxheight":"3.3"}},{"type":"Feature","geometry":{"type":"Point","coordinates":[11.0958896,49.4428952]},"properties":{"maxheight":"2.5","maxweight":"2.5"}},{"type":"Feature","geometry":{"type":"Point","coordinates":[11.0964177,49.4432661]},"properties":{"maxheight":"3"}},{"type":"Feature","geometry":{"type":"Point","coordinates":[11.4795021,49.2934848]},"properties":{"hgv":"delivery"}},{"type":"Feature","geometry":{"type":"Point","coordinates":[11.868775,49.4409835]},"properties":{"maxlength":"8","maxweight":"5"}},{"type":"Feature","geometry":{"type":"Point","coordinates":[11.8686582,49.4409226]},"properties":{"maxweight":"5"}},{"type":"Feature","geometry":{"type":"Point","coordinates":[11.2126556,49.0811932]},"properties":{"hgv":"no"}},{"type":"Feature","geometry":{"type":"Point","coordinates":[11.0121486,49.5713366]},"properties":{"hgv":"no"}},{"type":"Feature","geometry":{"type":"Point","coordinates":[11.0438843,49.3213027]},"properties":{"maxheight":"default"}},{"type":"Feature","geometry":{"type":"Point","coordinates":[11.3864584,49.1149211]},"properties":{"maxweight":"10"}},{"type":"Feature","geometry":{"type":"Point","coordinates":[11.2681757,49.8016772]},"properties":{"maxweight":"3.5"}},{"type":"Feature","geometry":{"type":"Point","coordinates":[11.2703342,49.8017548]},"properties":{"maxweight":"3.5"}},{"type":"Feature","geometry":{"type":"Point","coordinates":[11.4433644,49.2810691]},"properties":{"hgv":"no"}},{"type":"Feature","geometry":{"type":"Point","coordinates":[11.4957777,49.2783513]},"properties":{"hgv":"delivery"}},{"type":"Feature","geometry":{"type":"Point","coordinates":[11.9434074,49.5423173]},"properties":{"hgv":"delivery"}},{"type":"Feature","geometry":{"type":"Point","coordinates":[11.9429577,49.5425216]},"properties":{"hgv":"delivery"}},{"type":"Feature","geometry":{"type":"Point","coordinates":[11.9425625,49.5419257]},"properties":{"hgv":"delivery"}},{"type":"Feature","geometry":{"type":"Point","coordinates":[11.2856585,49.5036604]},"properties":{"maxheight":"3.95"}},{"type":"Feature","geometry":{"type":"Point","coordinates":[11.1929582,49.1928449]},"properties":{"maxweight":"3.5"}},{"type":"Feature","geometry":{"type":"Point","coordinates":[11.9572595,49.1586616]},"properties":{"maxheight":"default"}},{"type":"Feature","geometry":{"type":"Point","coordinates":[11.5244328,49.094108]},"properties":{"maxweight":"3.5"}},{"type":"Feature","geometry":{"type":"Point","coordinates":[11.0068864,49.5880738]},"properties":{"maxweight":"1.5 to"}},{"type":"Feature","geometry":{"type":"Point","coordinates":[11.0570877,49.7260437]},"properties":{"maxheight":"2.1","maxweight":"2.8"}},{"type":"Feature","geometry":{"type":"Point","coordinates":[11.1245442,49.6123599]},"properties":{"maxweight":"7.5"}},{"type":"Feature","geometry":{"type":"Point","coordinates":[11.1259253,49.6314163]},"properties":{"maxweight":"1.5"}},{"type":"Feature","geometry":{"type":"Point","coordinates":[11.2126909,49.2040508]},"properties":{"maxweight":"10"}},{"type":"Feature","geometry":{"type":"Point","coordinates":[11.2410671,49.1689549]},"properties":{"maxweight":"6"}},{"type":"Feature","geometry":{"type":"Point","coordinates":[11.1254495,49.6311869]},"properties":{"maxweight":"1.5"}},{"type":"Feature","geometry":{"type":"Point","coordinates":[11.0878911,49.6133515]},"properties":{"maxweight":"2"}},{"type":"Feature","geometry":{"type":"Point","coordinates":[11.0932737,49.6071036]},"properties":{"maxweight":"1.5"}},{"type":"Feature","geometry":{"type":"Point","coordinates":[11.1078671,49.6230845]},"properties":{"maxweight":"1.5"}},{"type":"Feature","geometry":{"type":"Point","coordinates":[11.0028935,49.5968431]},"properties":{"maxheight":"2"}},{"type":"Feature","geometry":{"type":"Point","coordinates":[11.0307066,49.5922562]},"properties":{"maxheight":"2.1"}},{"type":"Feature","geometry":{"type":"Point","coordinates":[11.0241321,49.3938159]},"properties":{"maxweight":"5.5"}},{"type":"Feature","geometry":{"type":"Point","coordinates":[11.1236536,49.6095496]},"properties":{"maxweight":"7.5"}},{"type":"Feature","geometry":{"type":"Point","coordinates":[11.0917949,49.5947721]},"properties":{"maxheight":"2.6"}},{"type":"Feature","geometry":{"type":"Point","coordinates":[11.1578572,49.1725345]},"properties":{"maxweight":"10"}},{"type":"Feature","geometry":{"type":"Point","coordinates":[11.158022,49.1728562]},"properties":{"maxweight":"10"}},{"type":"Feature","geometry":{"type":"Point","coordinates":[11.1787961,49.1706384]},"properties":{"maxweight":"10"}},{"type":"Feature","geometry":{"type":"Point","coordinates":[11.2738136,49.1659445]},"properties":{"maxweight":"6"}},{"type":"Feature","geometry":{"type":"Point","coordinates":[11.1929331,49.0526358]},"properties":{"maxweight":"9"}},{"type":"Feature","geometry":{"type":"Point","coordinates":[11.0197806,49.4627081]},"properties":{"maxheight":"6"}},{"type":"Feature","geometry":{"type":"Point","coordinates":[11.0192265,49.4629065]},"properties":{"maxheight":"6"}},{"type":"Feature","geometry":{"type":"Point","coordinates":[11.0996299,49.4586393]},"properties":{"maxheight":"2.82"}},{"type":"Feature","geometry":{"type":"Point","coordinates":[11.4439318,49.3253798]},"properties":{"maxweight":"12"}},{"type":"Feature","geometry":{"type":"Point","coordinates":[11.4433583,49.3254406]},"properties":{"maxweight":"7.5"}},{"type":"Feature","geometry":{"type":"Point","coordinates":[11.4937068,49.3014432]},"properties":{"maxweight":"1.5"}},{"type":"Feature","geometry":{"type":"Point","coordinates":[11.2801912,49.5111869]},"properties":{"maxweight":"15"}},{"type":"Feature","geometry":{"type":"Point","coordinates":[11.1998496,49.3950663]},"properties":{"maxheight":"default"}},{"type":"Feature","geometry":{"type":"Point","coordinates":[11.1893403,49.4073827]},"properties":{"maxheight":"default"}},{"type":"Feature","geometry":{"type":"Point","coordinates":[11.101349,49.2425417]},"properties":{"hgv":"destination"}},{"type":"Feature","geometry":{"type":"Point","coordinates":[11.0021979,49.5186769]},"properties":{"hgv":"yes"}},{"type":"Feature","geometry":{"type":"Point","coordinates":[11.0024901,49.5175028]},"properties":{"hgv":"yes"}},{"type":"Feature","geometry":{"type":"Point","coordinates":[11.0025082,49.5173572]},"properties":{"hgv":"yes"}},{"type":"Feature","geometry":{"type":"Point","coordinates":[11.5843669,49.9567755]},"properties":{"hgv":"no"}},{"type":"Feature","geometry":{"type":"Point","coordinates":[11.5844968,49.9562628]},"properties":{"hgv":"no"}},{"type":"Feature","geometry":{"type":"Point","coordinates":[11.0393169,49.6008519]},"properties":{"hgv":"destination"}},{"type":"Feature","geometry":{"type":"Point","coordinates":[11.0011701,49.5186592]},"properties":{"hgv":"yes"}},{"type":"Feature","geometry":{"type":"Point","coordinates":[11.0016056,49.5186437]},"properties":{"hgv":"yes"}},{"type":"Feature","geometry":{"type":"Point","coordinates":[11.0008316,49.5186411]},"properties":{"hgv":"yes"}},{"type":"Feature","geometry":{"type":"Point","coordinates":[11.0011249,49.5186568]},"properties":{"hgv":"yes"}},{"type":"Feature","geometry":{"type":"Point","coordinates":[11.0007399,49.5185313]},"properties":{"hgv":"yes"}},{"type":"Feature","geometry":{"type":"Point","coordinates":[11.0010839,49.5186145]},"properties":{"hgv":"yes"}},{"type":"Feature","geometry":{"type":"Point","coordinates":[11.0021442,49.5186739]},"properties":{"hgv":"yes"}},{"type":"Feature","geometry":{"type":"Point","coordinates":[11.0015991,49.5186822]},"properties":{"hgv":"yes"}},{"type":"Feature","geometry":{"type":"Point","coordinates":[11.0021333,49.5187107]},"properties":{"hgv":"yes"}},{"type":"Feature","geometry":{"type":"Point","coordinates":[11.0024445,49.5179319]},"properties":{"hgv":"yes"}},{"type":"Feature","geometry":{"type":"Point","coordinates":[11.0026395,49.5167624]},"properties":{"hgv":"yes"}},{"type":"Feature","geometry":{"type":"Point","coordinates":[11.0025374,49.5175776]},"properties":{"hgv":"yes"}},{"type":"Feature","geometry":{"type":"Point","coordinates":[11.0025572,49.5174198]},"properties":{"hgv":"yes"}},{"type":"Feature","geometry":{"type":"Point","coordinates":[11.0025615,49.5169808]},"properties":{"hgv":"yes"}},{"type":"Feature","geometry":{"type":"Point","coordinates":[11.0026118,49.5169834]},"properties":{"hgv":"yes"}},{"type":"Feature","geometry":{"type":"Point","coordinates":[11.002631,49.5168302]},"properties":{"hgv":"yes"}},{"type":"Feature","geometry":{"type":"Point","coordinates":[11.0026135,49.5169703]},"properties":{"hgv":"yes"}},{"type":"Feature","geometry":{"type":"Point","coordinates":[11.0025959,49.5171104]},"properties":{"hgv":"yes"}},{"type":"Feature","geometry":{"type":"Point","coordinates":[11.0024927,49.5179348]},"properties":{"hgv":"yes"}},{"type":"Feature","geometry":{"type":"Point","coordinates":[11.0025019,49.5178611]},"properties":{"hgv":"yes"}},{"type":"Feature","geometry":{"type":"Point","coordinates":[11.0024552,49.5166405]},"properties":{"hgv":"yes"}},{"type":"Feature","geometry":{"type":"Point","coordinates":[11.0022359,49.5166354]},"properties":{"hgv":"yes"}},{"type":"Feature","geometry":{"type":"Point","coordinates":[11.001486,49.5166601]},"properties":{"hgv":"yes"}},{"type":"Feature","geometry":{"type":"Point","coordinates":[11.0015929,49.5166205]},"properties":{"hgv":"yes"}},{"type":"Feature","geometry":{"type":"Point","coordinates":[11.0014564,49.5166174]},"properties":{"hgv":"yes"}},{"type":"Feature","geometry":{"type":"Point","coordinates":[11.0024696,49.5181194]},"properties":{"hgv":"yes"}},{"type":"Feature","geometry":{"type":"Point","coordinates":[11.0024535,49.5181182]},"properties":{"hgv":"yes"}},{"type":"Feature","geometry":{"type":"Point","coordinates":[11.0024616,49.5181835]},"properties":{"hgv":"yes"}},{"type":"Feature","geometry":{"type":"Point","coordinates":[11.4836615,49.0399796]},"properties":{"maxweight":"12"}},{"type":"Feature","geometry":{"type":"Point","coordinates":[11.0024434,49.5183284]},"properties":{"hgv":"yes"}},{"type":"Feature","geometry":{"type":"Point","coordinates":[11.5871455,49.9412828]},"properties":{"maxheight":"default"}},{"type":"Feature","geometry":{"type":"Point","coordinates":[11.0680273,49.4685987]},"properties":{"maxheight":"4"}},{"type":"Feature","geometry":{"type":"Point","coordinates":[11.138818,49.605489]},"properties":{"hgv":"yes"}},{"type":"Feature","geometry":{"type":"Point","coordinates":[11.1393974,49.6065532]},"properties":{"hgv":"yes"}},{"type":"Feature","geometry":{"type":"Point","coordinates":[11.0024804,49.518033]},"properties":{"hgv":"yes"}},{"type":"Feature","geometry":{"type":"Point","coordinates":[11.0026013,49.5170675]},"properties":{"hgv":"yes"}},{"type":"Feature","geometry":{"type":"Point","coordinates":[11.0199044,49.5910724]},"properties":{"hgv":"destination","goods":"destination","maxweight":"2.8"}},{"type":"Feature","geometry":{"type":"Point","coordinates":[11.0206348,49.5910333]},"properties":{"hgv":"destination","goods":"destination","maxweight":"2.8"}},{"type":"Feature","geometry":{"type":"Point","coordinates":[11.0215301,49.5909419]},"properties":{"hgv":"destination","goods":"destination","maxweight":"2.8"}},{"type":"Feature","geometry":{"type":"Point","coordinates":[11.1315677,49.219134]},"properties":{"maxlength":"10"}},{"type":"Feature","geometry":{"type":"Point","coordinates":[11.1316335,49.2191541]},"properties":{"maxlength":"10"}},{"type":"Feature","geometry":{"type":"Point","coordinates":[11.3276526,49.5672068]},"properties":{"hgv":"no"}},{"type":"Feature","geometry":{"type":"Point","coordinates":[11.3273589,49.5670233]},"properties":{"hgv":"designated"}},{"type":"Feature","geometry":{"type":"Point","coordinates":[11.4665568,49.4952565]},"properties":{"maxweight":"30"}},{"type":"Feature","geometry":{"type":"Point","coordinates":[11.1921596,49.7477473]},"properties":{"hgv":"no"}},{"type":"Feature","geometry":{"type":"Point","coordinates":[11.0196452,49.4533854]},"properties":{"maxheight":"3.2"}},{"type":"Feature","geometry":{"type":"Point","coordinates":[11.0196351,49.453385]},"properties":{"maxheight":"3.2"}},{"type":"Feature","geometry":{"type":"Point","coordinates":[11.0769558,49.4614823]},"properties":{"maxheight":"2.05"}},{"type":"Feature","geometry":{"type":"Point","coordinates":[11.0052107,49.5854409]},"properties":{"maxheight":"3.5"}},{"type":"Feature","geometry":{"type":"Point","coordinates":[11.0007013,49.5185503]},"properties":{"hgv":"yes"}},{"type":"Feature","geometry":{"type":"Point","coordinates":[11.002166,49.5186961]},"properties":{"hgv":"yes"}},{"type":"Feature","geometry":{"type":"Point","coordinates":[11.0025411,49.517147]},"properties":{"hgv":"yes"}},{"type":"Feature","geometry":{"type":"Point","coordinates":[11.001486,49.5166601]},"properties":{"hgv":"yes"}},{"type":"Feature","geometry":{"type":"Point","coordinates":[11.0024511,49.5188616]},"properties":{"hgv":"yes"}},{"type":"Feature","geometry":{"type":"Point","coordinates":[11.0024552,49.5166405]},"properties":{"hgv":"yes"}},{"type":"Feature","geometry":{"type":"Point","coordinates":[11.0021927,49.5187139]},"properties":{"hgv":"yes"}},{"type":"Feature","geometry":{"type":"Point","coordinates":[11.0024067,49.5186218]},"properties":{"hgv":"yes"}},{"type":"Feature","geometry":{"type":"Point","coordinates":[11.0026368,49.5167842]},"properties":{"hgv":"yes"}},{"type":"Feature","geometry":{"type":"Point","coordinates":[11.1442996,49.2103181]},"properties":{"maxweight":"10"}},{"type":"Feature","geometry":{"type":"Point","coordinates":[11.3155977,49.5276771]},"properties":{"maxheight":"4"}},{"type":"Feature","geometry":{"type":"Point","coordinates":[11.0428041,49.6463192]},"properties":{"maxlength":"9"}},{"type":"Feature","geometry":{"type":"Point","coordinates":[11.0427897,49.6462591]},"properties":{"maxlength":"9"}},{"type":"Feature","geometry":{"type":"Point","coordinates":[11.0830683,49.4487168]},"properties":{"maxheight":"2.1"}},{"type":"Feature","geometry":{"type":"Point","coordinates":[11.0715089,49.4411501]},"properties":{"maxheight":"3.50"}},{"type":"Feature","geometry":{"type":"Point","coordinates":[11.9446313,49.0265918]},"properties":{"maxweight":"7.5"}},{"type":"Feature","geometry":{"type":"Point","coordinates":[11.9433391,49.0274565]},"properties":{"maxweight":"7.5"}},{"type":"Feature","geometry":{"type":"Point","coordinates":[11.0514785,49.5933221]},"properties":{"maxwidth":"2"}},{"type":"Feature","geometry":{"type":"Point","coordinates":[11.1284513,49.6135358]},"properties":{"maxheight":"3.2 m"}},{"type":"Feature","geometry":{"type":"Point","coordinates":[11.0334719,49.4579695]},"properties":{"maxheight":"2.0"}},{"type":"Feature","geometry":{"type":"Point","coordinates":[11.0325064,49.4582906]},"properties":{"maxheight":"2.0"}},{"type":"Feature","geometry":{"type":"Point","coordinates":[11.0878529,49.4502693]},"properties":{"maxweight":"18"}},{"type":"Feature","geometry":{"type":"Point","coordinates":[11.0133721,49.7994181]},"properties":{"hgv":"destination","maxweight":"7.5"}},{"type":"Feature","geometry":{"type":"Point","coordinates":[11.0128134,49.79998]},"properties":{"hgv":"destination"}},{"type":"Feature","geometry":{"type":"Point","coordinates":[11.128667,49.6112743]},"properties":{"maxheight":"3.2 m"}},{"type":"Feature","geometry":{"type":"Point","coordinates":[11.7233838,49.9453503]},"properties":{"maxheight":"4.6"}},{"type":"Feature","geometry":{"type":"Point","coordinates":[11.0815199,49.4584099]},"properties":{"maxheight":"3.6"}},{"type":"Feature","geometry":{"type":"Point","coordinates":[11.0512329,49.5932035]},"properties":{"maxwidth":"2"}},{"type":"Feature","geometry":{"type":"Point","coordinates":[11.0089671,49.8243496]},"properties":{"maxheight":"default"}},{"type":"Feature","geometry":{"type":"Point","coordinates":[11.0541125,49.7373934]},"properties":{"maxheight":"default"}},{"type":"Feature","geometry":{"type":"Point","coordinates":[11.1278588,49.6147237]},"properties":{"maxheight":"3.2 m"}},{"type":"Feature","geometry":{"type":"Point","coordinates":[11.1287034,49.6113995]},"properties":{"maxheight":"3.2 m"}},{"type":"Feature","geometry":{"type":"Point","coordinates":[11.5810314,49.0342378]},"properties":{"maxweight":"3.5"}},{"type":"Feature","geometry":{"type":"Point","coordinates":[11.5808394,49.0338845]},"properties":{"maxweight":"3.5"}},{"type":"Feature","geometry":{"type":"Point","coordinates":[11.0046257,49.5740514]},"properties":{"maxheight":"2.1"}},{"type":"Feature","geometry":{"type":"Point","coordinates":[11.4944438,49.313716]},"properties":{"hgv":"only"}},{"type":"Feature","geometry":{"type":"Point","coordinates":[11.4605356,49.2631947]},"properties":{"hgv":"no"}},{"type":"Feature","geometry":{"type":"Point","coordinates":[11.1746811,49.1675189]},"properties":{"hgv":"no"}},{"type":"Feature","geometry":{"type":"Point","coordinates":[11.4452415,49.1100635]},"properties":{"maxheight":"4.2"}},{"type":"Feature","geometry":{"type":"Point","coordinates":[11.1721253,49.0568218]},"properties":{"maxweight":"9"}},{"type":"Feature","geometry":{"type":"Point","coordinates":[11.1998132,49.5742902]},"properties":{"hgv":"destination","maxweight":"7.5"}},{"type":"Feature","geometry":{"type":"Point","coordinates":[11.1989616,49.5742685]},"properties":{"hgv":"destination","maxweight":"7.5"}},{"type":"Feature","geometry":{"type":"Point","coordinates":[11.2686892,49.3659494]},"properties":{"maxheight":"default"}},{"type":"Feature","geometry":{"type":"Point","coordinates":[11.2714201,49.3651428]},"properties":{"maxheight":"default"}},{"type":"Feature","geometry":{"type":"Point","coordinates":[11.0621784,49.4538697]},"properties":{"goods":"designated"}},{"type":"Feature","geometry":{"type":"Point","coordinates":[11.3074663,49.3705289]},"properties":{"maxweight":"6"}},{"type":"Feature","geometry":{"type":"Point","coordinates":[11.2055544,49.3618495]},"properties":{"maxweight":"3.5"}},{"type":"Feature","geometry":{"type":"Point","coordinates":[11.0392724,49.3326999]},"properties":{"maxheight":"default"}},{"type":"Feature","geometry":{"type":"Point","coordinates":[11.0622399,49.4411079]},"properties":{"maxheight":"3.9"}},{"type":"Feature","geometry":{"type":"Point","coordinates":[11.0077794,49.5953267]},"properties":{"maxweight":"2.5 to"}},{"type":"Feature","geometry":{"type":"Point","coordinates":[11.064593,49.4249017]},"properties":{"maxheight":"default"}},{"type":"Feature","geometry":{"type":"Point","coordinates":[11.0657352,49.413548]},"properties":{"maxheight":"default"}},{"type":"Feature","geometry":{"type":"Point","coordinates":[11.1107784,49.394234]},"properties":{"maxheight":"default"}},{"type":"Feature","geometry":{"type":"Point","coordinates":[11.0798065,49.4515591]},"properties":{"maxheight":"3.6"}},{"type":"Feature","geometry":{"type":"Point","coordinates":[11.021917,49.417724]},"properties":{"maxlength":"10"}},{"type":"Feature","geometry":{"type":"Point","coordinates":[11.0223948,49.4175059]},"properties":{"maxlength":"10"}},{"type":"Feature","geometry":{"type":"Point","coordinates":[11.1042343,49.4317653]},"properties":{"maxheight":"default"}},{"type":"Feature","geometry":{"type":"Point","coordinates":[11.1331205,49.5551448]},"properties":{"maxheight":"2.5"}},{"type":"Feature","geometry":{"type":"Point","coordinates":[11.7324019,49.5059617]},"properties":{"maxweight":"12"}},{"type":"Feature","geometry":{"type":"Point","coordinates":[11.1034303,49.4736489]},"properties":{"maxheight":"default"}},{"type":"Feature","geometry":{"type":"Point","coordinates":[11.103616,49.473662]},"properties":{"maxheight":"default"}},{"type":"Feature","geometry":{"type":"Point","coordinates":[11.0118505,49.5947425]},"properties":{"hgv":"private"}},{"type":"Feature","geometry":{"type":"Point","coordinates":[11.08166,49.44856]},"properties":{"maxheight":"2"}},{"type":"Feature","geometry":{"type":"Point","coordinates":[11.1925918,49.1873807]},"properties":{"maxweight":"3.5"}},{"type":"Feature","geometry":{"type":"Point","coordinates":[11.0121574,49.5915324]},"properties":{"maxheight":"3.80"}},{"type":"Feature","geometry":{"type":"Point","coordinates":[11.3565052,49.5193528]},"properties":{"maxweight":"7.5"}},{"type":"Feature","geometry":{"type":"Point","coordinates":[11.3489552,49.5251642]},"properties":{"maxweight":"7.5"}},{"type":"Feature","geometry":{"type":"Point","coordinates":[11.0162285,49.5992063]},"properties":{"maxheight":"2.40"}},{"type":"Feature","geometry":{"type":"Point","coordinates":[11.2656749,49.1806082]},"properties":{"maxweight":"6"}},{"type":"Feature","geometry":{"type":"Point","coordinates":[11.1019076,49.4368767]},"properties":{"maxheight":"default"}},{"type":"Feature","geometry":{"type":"Point","coordinates":[11.1017041,49.4360328]},"properties":{"maxheight":"default"}},{"type":"Feature","geometry":{"type":"Point","coordinates":[11.0975277,49.4463253]},"properties":{"maxheight":"default"}},{"type":"Feature","geometry":{"type":"Point","coordinates":[11.0976063,49.4482325]},"properties":{"maxheight":"default"}},{"type":"Feature","geometry":{"type":"Point","coordinates":[11.6045751,49.7706452]},"properties":{"maxweight":"1.5"}},{"type":"Feature","geometry":{"type":"Point","coordinates":[11.0270335,49.4156698]},"properties":{"maxlength":"10"}},{"type":"Feature","geometry":{"type":"Point","coordinates":[11.0258111,49.4161473]},"properties":{"maxlength":"10"}},{"type":"Feature","geometry":{"type":"Point","coordinates":[11.0232829,49.4351012]},"properties":{"hgv":"delivery"}},{"type":"Feature","geometry":{"type":"Point","coordinates":[11.370864,49.0772319]},"properties":{"maxweight":"7.5"}},{"type":"Feature","geometry":{"type":"Point","coordinates":[11.2604338,49.8057247]},"properties":{"maxwidth":"2.5"}},{"type":"Feature","geometry":{"type":"Point","coordinates":[11.0064849,49.5946047]},"properties":{"hgv":"no","maxheight":"3","maxweight":"30"}},{"type":"Feature","geometry":{"type":"Point","coordinates":[11.5744094,49.0326767]},"properties":{"maxheight":"3.4"}},{"type":"Feature","geometry":{"type":"Point","coordinates":[11.5739189,49.0326484]},"properties":{"maxheight":"3.4"}},{"type":"Feature","geometry":{"type":"Point","coordinates":[11.5742852,49.0326911]},"properties":{"maxheight":"3.4"}},{"type":"Feature","geometry":{"type":"Point","coordinates":[11.5926704,49.0335591]},"properties":{"maxweight":"3.5"}},{"type":"Feature","geometry":{"type":"Point","coordinates":[11.354169,49.3875655]},"properties":{"maxheight":"2"}},{"type":"Feature","geometry":{"type":"Point","coordinates":[11.5704448,49.0363054]},"properties":{"maxheight":"4"}},{"type":"Feature","geometry":{"type":"Point","coordinates":[11.5753322,49.0387542]},"properties":{"maxwidth":"2"}},{"type":"Feature","geometry":{"type":"Point","coordinates":[11.5752313,49.0387444]},"properties":{"maxwidth":"2"}},{"type":"Feature","geometry":{"type":"Point","coordinates":[11.4535211,49.2118433]},"properties":{"maxwidth":"4.2"}},{"type":"Feature","geometry":{"type":"Point","coordinates":[11.4535392,49.2122598]},"properties":{"maxwidth":"4.2"}},{"type":"Feature","geometry":{"type":"Point","coordinates":[11.6236943,49.5630799]},"properties":{"maxweight":"3.5"}},{"type":"Feature","geometry":{"type":"Point","coordinates":[11.4742539,49.0358803]},"properties":{"maxwidth":"2"}},{"type":"Feature","geometry":{"type":"Point","coordinates":[11.4510867,49.3412208]},"properties":{"hgv":"no"}},{"type":"Feature","geometry":{"type":"Point","coordinates":[11.4501159,49.3420978]},"properties":{"hgv":"no"}},{"type":"Feature","geometry":{"type":"Point","coordinates":[11.4500822,49.3421257]},"properties":{"hgv":"no"}},{"type":"Feature","geometry":{"type":"Point","coordinates":[11.6786093,49.6007046]},"properties":{"maxweight":"6"}},{"type":"Feature","geometry":{"type":"Point","coordinates":[11.0887183,49.4392231]},"properties":{"maxheight":"4","maxlength":"5.5"}},{"type":"Feature","geometry":{"type":"Point","coordinates":[11.1412143,49.7314199]},"properties":{"maxheight":"3.8"}},{"type":"Feature","geometry":{"type":"Point","coordinates":[11.1411733,49.7314423]},"properties":{"maxheight":"3.8"}},{"type":"Feature","geometry":{"type":"Point","coordinates":[11.0138813,49.1649386]},"properties":{"maxheight":"3.5"}},{"type":"Feature","geometry":{"type":"Point","coordinates":[11.5333477,49.2308663]},"properties":{"hgv":"no"}},{"type":"Feature","geometry":{"type":"Point","coordinates":[11.5615553,49.2367745]},"properties":{"maxweight":"6"}},{"type":"Feature","geometry":{"type":"Point","coordinates":[11.0702021,49.4618736]},"properties":{"maxheight":"3.10"}},{"type":"Feature","geometry":{"type":"Point","coordinates":[11.4944294,49.3138385]},"properties":{"hgv":"only"}},{"type":"Feature","geometry":{"type":"Point","coordinates":[11.4456339,49.3437802]},"properties":{"maxheight":"default"}},{"type":"Feature","geometry":{"type":"Point","coordinates":[11.4519387,49.3386777]},"properties":{"maxheight":"default"}},{"type":"Feature","geometry":{"type":"Point","coordinates":[11.4528731,49.3372238]},"properties":{"maxheight":"default"}},{"type":"Feature","geometry":{"type":"Point","coordinates":[11.4509055,49.34089]},"properties":{"hgv":"only"}},{"type":"Feature","geometry":{"type":"Point","coordinates":[11.4507441,49.3406614]},"properties":{"hgv":"only"}},{"type":"Feature","geometry":{"type":"Point","coordinates":[11.4819668,49.3146743]},"properties":{"maxheight":"default"}},{"type":"Feature","geometry":{"type":"Point","coordinates":[11.4862621,49.31407]},"properties":{"maxheight":"default"}},{"type":"Feature","geometry":{"type":"Point","coordinates":[11.1464138,49.5661381]},"properties":{"hgv":"destination"}},{"type":"Feature","geometry":{"type":"Point","coordinates":[11.4724818,49.0332466]},"properties":{"hgv":"delivery","maxweightrating:hgv":"7,5"}}]}