{"type":"FeatureCollection","features":[{"type":"Feature","geometry":{"type":"Point","coordinates":[14.9827294,51.1464895]},"properties":{"maxheight":"3.6"}},{"type":"Feature","geometry":{"type":"Point","coordinates":[14.3639535,51.7454004]},"properties":{"maxheight":"1.8","maxwidth":"2.5"}},{"type":"Feature","geometry":{"type":"Point","coordinates":[14.5409892,51.8777148]},"properties":{"maxheight":"default"}},{"type":"Feature","geometry":{"type":"Point","coordinates":[14.5004639,51.8662163]},"properties":{"maxheight":"default"}},{"type":"Feature","geometry":{"type":"Point","coordinates":[14.0077427,51.6572914]},"properties":{"maxheight":"default"}},{"type":"Feature","geometry":{"type":"Point","coordinates":[14.3377629,51.7363006]},"properties":{"maxwidth":"3"}},{"type":"Feature","geometry":{"type":"Point","coordinates":[14.1323818,51.7444828]},"properties":{"maxheight":"default"}},{"type":"Feature","geometry":{"type":"Point","coordinates":[14.0915124,51.6447176]},"properties":{"maxwidth":"1.5"}},{"type":"Feature","geometry":{"type":"Point","coordinates":[14.971367,51.1681594]},"properties":{"maxheight":"2.2"}},{"type":"Feature","geometry":{"type":"Point","coordinates":[14.9599864,51.1400709]},"properties":{"maxweight":"7.5"}},{"type":"Feature","geometry":{"type":"Point","coordinates":[14.9880904,51.1518272]},"properties":{"maxheight":"2"}},{"type":"Feature","geometry":{"type":"Point","coordinates":[14.3439159,51.1594235]},"properties":{"maxwidth":"1"}},{"type":"Feature","geometry":{"type":"Point","coordinates":[14.3897724,51.0939868]},"properties":{"maxheight":"3.3"}},{"type":"Feature","geometry":{"type":"Point","coordinates":[14.4272827,51.1803127]},"properties":{"maxheight":"2"}},{"type":"Feature","geometry":{"type":"Point","coordinates":[14.008428,51.0018982]},"properties":{"maxheight":"4"}},{"type":"Feature","geometry":{"type":"Point","coordinates":[14.4476378,51.8378104]},"properties":{"maxheight":"default"}},{"type":"Feature","geometry":{"type":"Point","coordinates":[14.0517045,51.4974834]},"properties":{"maxwidth":"0.5"}},{"type":"Feature","geometry":{"type":"Point","coordinates":[14.1372992,51.006701]},"properties":{"maxheight":"3.6"}},{"type":"Feature","geometry":{"type":"Point","coordinates":[14.4446038,51.1917125]},"properties":{"maxheight":"2","maxweight":"3"}},{"type":"Feature","geometry":{"type":"Point","coordinates":[14.0566522,51.5460211]},"properties":{"maxwidth":"1.2"}},{"type":"Feature","geometry":{"type":"Point","coordinates":[14.9703475,51.1685074]},"properties":{"maxheight":"2.2"}},{"type":"Feature","geometry":{"type":"Point","coordinates":[14.971283,51.1683128]},"properties":{"maxheight":"2.2"}},{"type":"Feature","geometry":{"type":"Point","coordinates":[14.9711328,51.1685895]},"properties":{"maxheight":"2.2"}},{"type":"Feature","geometry":{"type":"Point","coordinates":[14.9712109,51.1684485]},"properties":{"maxheight":"2.2"}},{"type":"Feature","geometry":{"type":"Point","coordinates":[14.9706695,51.1678443]},"properties":{"maxheight":"2.2"}},{"type":"Feature","geometry":{"type":"Point","coordinates":[14.3282277,51.7510726]},"properties":{"maxheight":"4.2"}},{"type":"Feature","geometry":{"type":"Point","coordinates":[14.3281345,51.7511575]},"properties":{"maxheight":"4.2"}},{"type":"Feature","geometry":{"type":"Point","coordinates":[14.1323555,51.7443574]},"properties":{"maxheight":"default"}},{"type":"Feature","geometry":{"type":"Point","coordinates":[14.1323732,51.7444317]},"properties":{"maxheight":"default"}},{"type":"Feature","geometry":{"type":"Point","coordinates":[14.5004402,51.8661594]},"properties":{"maxheight":"default"}},{"type":"Feature","geometry":{"type":"Point","coordinates":[14.541027,51.8776888]},"properties":{"maxheight":"default"}},{"type":"Feature","geometry":{"type":"Point","coordinates":[14.9532295,51.1489187]},"properties":{"maxheight":"4"}},{"type":"Feature","geometry":{"type":"Point","coordinates":[14.336535,51.7592933]},"properties":{"maxheight":"2"}},{"type":"Feature","geometry":{"type":"Point","coordinates":[14.3284858,51.7625324]},"properties":{"maxheight":"2.1"}},{"type":"Feature","geometry":{"type":"Point","coordinates":[14.3281838,51.7511312]},"properties":{"maxheight":"4.2"}},{"type":"Feature","geometry":{"type":"Point","coordinates":[14.3280698,51.7511918]},"properties":{"maxheight":"4.2"}},{"type":"Feature","geometry":{"type":"Point","coordinates":[14.328031,51.7512336]},"properties":{"maxheight":"4.2"}},{"type":"Feature","geometry":{"type":"Point","coordinates":[14.3280003,51.751269]},"properties":{"maxheight":"4.2"}},{"type":"Feature","geometry":{"type":"Point","coordinates":[14.0076656,51.6572656]},"properties":{"maxheight":"default"}},{"type":"Feature","geometry":{"type":"Point","coordinates":[14.3438838,51.7502979]},"properties":{"maxwidth":"1.4"}},{"type":"Feature","geometry":{"type":"Point","coordinates":[14.3010675,51.7458373]},"properties":{"maxheight":"default"}},{"type":"Feature","geometry":{"type":"Point","coordinates":[14.3063511,51.7488457]},"properties":{"maxheight":"default"}},{"type":"Feature","geometry":{"type":"Point","coordinates":[14.0510739,51.8007975]},"properties":{"maxheight":"default"}},{"type":"Feature","geometry":{"type":"Point","coordinates":[14.668771,51.0993273]},"properties":{"maxheight":"2"}},{"type":"Feature","geometry":{"type":"Point","coordinates":[14.3898661,51.093755]},"properties":{"maxheight":"3.3"}},{"type":"Feature","geometry":{"type":"Point","coordinates":[14.3006152,51.7459683]},"properties":{"maxheight":"default"}},{"type":"Feature","geometry":{"type":"Point","coordinates":[14.660268,51.7358007]},"properties":{"maxwidth":"2"}},{"type":"Feature","geometry":{"type":"Point","coordinates":[14.3663942,51.475544]},"properties":{"maxwidth":"1.5"}},{"type":"Feature","geometry":{"type":"Point","coordinates":[14.0119963,51.0244309]},"properties":{"hgv":"no"}},{"type":"Feature","geometry":{"type":"Point","coordinates":[14.3220897,51.7565995]},"properties":{"maxheight":"5"}},{"type":"Feature","geometry":{"type":"Point","coordinates":[14.1207217,51.6888412]},"properties":{"maxwidth":"1.5"}},{"type":"Feature","geometry":{"type":"Point","coordinates":[14.0893355,51.708035]},"properties":{"maxwidth":"1.2"}},{"type":"Feature","geometry":{"type":"Point","coordinates":[14.0955214,51.710765]},"properties":{"maxwidth":"1.2"}},{"type":"Feature","geometry":{"type":"Point","coordinates":[14.0810309,51.0490477]},"properties":{"maxheight":"3.5"}},{"type":"Feature","geometry":{"type":"Point","coordinates":[14.3647612,51.7587056]},"properties":{"maxwidth":"3"}},{"type":"Feature","geometry":{"type":"Point","coordinates":[14.3311991,51.7576329]},"properties":{"maxheight":"2"}},{"type":"Feature","geometry":{"type":"Point","coordinates":[14.3441284,51.7596785]},"properties":{"maxwidth":"1.5"}},{"type":"Feature","geometry":{"type":"Point","coordinates":[14.3429907,51.7540312]},"properties":{"maxwidth":"5"}},{"type":"Feature","geometry":{"type":"Point","coordinates":[14.3557479,51.7651866]},"properties":{"maxheight":"2.1"}},{"type":"Feature","geometry":{"type":"Point","coordinates":[14.021503,51.7549623]},"properties":{"maxwidth":"1"}},{"type":"Feature","geometry":{"type":"Point","coordinates":[14.0030476,51.5164475]},"properties":{"maxheight":"1.9"}},{"type":"Feature","geometry":{"type":"Point","coordinates":[14.0030488,51.5164748]},"properties":{"maxheight":"1.9"}},{"type":"Feature","geometry":{"type":"Point","coordinates":[14.9366169,51.1425289]},"properties":{"maxwidth":"3"}},{"type":"Feature","geometry":{"type":"Point","coordinates":[14.3387238,51.7519155]},"properties":{"maxheight":"default"}},{"type":"Feature","geometry":{"type":"Point","coordinates":[14.3387403,51.7518752]},"properties":{"maxheight":"default"}},{"type":"Feature","geometry":{"type":"Point","coordinates":[14.3387098,51.7519462]},"properties":{"maxheight":"default"}},{"type":"Feature","geometry":{"type":"Point","coordinates":[14.6297926,51.7271776]},"properties":{"maxwidth":"5"}},{"type":"Feature","geometry":{"type":"Point","coordinates":[14.3966,51.0914128]},"properties":{"maxheight":"3.2"}},{"type":"Feature","geometry":{"type":"Point","coordinates":[14.6487696,51.7466301]},"properties":{"maxheight":"2","maxwidth":"3"}},{"type":"Feature","geometry":{"type":"Point","coordinates":[14.6162569,51.7151922]},"properties":{"maxwidth":"6"}},{"type":"Feature","geometry":{"type":"Point","coordinates":[14.6416075,51.7539301]},"properties":{"maxheight":"4","maxwidth":"4"}},{"type":"Feature","geometry":{"type":"Point","coordinates":[14.6413674,51.7566549]},"properties":{"maxwidth":"4"}},{"type":"Feature","geometry":{"type":"Point","coordinates":[14.6476194,51.7577475]},"properties":{"maxheight":"4","maxwidth":"4"}},{"type":"Feature","geometry":{"type":"Point","coordinates":[14.6400593,51.7586552]},"properties":{"maxwidth":"3"}},{"type":"Feature","geometry":{"type":"Point","coordinates":[14.6363929,51.7646612]},"properties":{"maxheight":"3","maxwidth":"4"}},{"type":"Feature","geometry":{"type":"Point","coordinates":[14.6609915,51.7348993]},"properties":{"maxwidth":"2"}},{"type":"Feature","geometry":{"type":"Point","coordinates":[14.6606142,51.7353693]},"properties":{"maxwidth":"2"}},{"type":"Feature","geometry":{"type":"Point","coordinates":[14.6576913,51.736124]},"properties":{"maxwidth":"2"}},{"type":"Feature","geometry":{"type":"Point","coordinates":[14.659976,51.7362626]},"properties":{"maxwidth":"2"}},{"type":"Feature","geometry":{"type":"Point","coordinates":[14.6591421,51.7365619]},"properties":{"maxwidth":"2"}},{"type":"Feature","geometry":{"type":"Point","coordinates":[14.6569255,51.7365637]},"properties":{"maxheight":"2","maxwidth":"3"}},{"type":"Feature","geometry":{"type":"Point","coordinates":[14.6123808,51.7485415]},"properties":{"maxwidth":"3"}},{"type":"Feature","geometry":{"type":"Point","coordinates":[14.6164708,51.7501055]},"properties":{"maxwidth":"3"}},{"type":"Feature","geometry":{"type":"Point","coordinates":[14.6420284,51.7525739]},"properties":{"maxwidth":"2"}},{"type":"Feature","geometry":{"type":"Point","coordinates":[14.6375779,51.7532115]},"properties":{"maxwidth":"2"}},{"type":"Feature","geometry":{"type":"Point","coordinates":[14.6414713,51.7532753]},"properties":{"maxheight":"2","maxwidth":"2"}},{"type":"Feature","geometry":{"type":"Point","coordinates":[14.6373969,51.7538452]},"properties":{"maxwidth":"2"}},{"type":"Feature","geometry":{"type":"Point","coordinates":[14.6608981,51.7316038]},"properties":{"maxwidth":"4"}},{"type":"Feature","geometry":{"type":"Point","coordinates":[14.6592181,51.732408]},"properties":{"maxwidth":"1"}},{"type":"Feature","geometry":{"type":"Point","coordinates":[14.6596949,51.7324391]},"properties":{"maxwidth":"2"}},{"type":"Feature","geometry":{"type":"Point","coordinates":[14.6594687,51.73247]},"properties":{"maxwidth":"4"}},{"type":"Feature","geometry":{"type":"Point","coordinates":[14.6529058,51.7279452]},"properties":{"maxwidth":"2"}},{"type":"Feature","geometry":{"type":"Point","coordinates":[14.664888,51.719323]},"properties":{"maxwidth":"3"}},{"type":"Feature","geometry":{"type":"Point","coordinates":[14.6302994,51.7182318]},"properties":{"maxwidth":"4"}},{"type":"Feature","geometry":{"type":"Point","coordinates":[14.6311777,51.7185094]},"properties":{"maxwidth":"4"}},{"type":"Feature","geometry":{"type":"Point","coordinates":[14.6260968,51.723233]},"properties":{"maxwidth":"3"}},{"type":"Feature","geometry":{"type":"Point","coordinates":[14.6248899,51.7189488]},"properties":{"maxwidth":"4"}},{"type":"Feature","geometry":{"type":"Point","coordinates":[14.6245158,51.7193588]},"properties":{"maxwidth":"4"}},{"type":"Feature","geometry":{"type":"Point","coordinates":[14.6512806,51.7392994]},"properties":{"maxwidth":"1"}},{"type":"Feature","geometry":{"type":"Point","coordinates":[14.6523866,51.7398019]},"properties":{"maxwidth":"3"}},{"type":"Feature","geometry":{"type":"Point","coordinates":[14.650687,51.7404778]},"properties":{"maxwidth":"1"}},{"type":"Feature","geometry":{"type":"Point","coordinates":[14.6555945,51.7302761]},"properties":{"maxwidth":"1.5"}},{"type":"Feature","geometry":{"type":"Point","coordinates":[14.6559363,51.7309731]},"properties":{"maxwidth":"3"}},{"type":"Feature","geometry":{"type":"Point","coordinates":[14.6554613,51.731523]},"properties":{"maxwidth":"2"}},{"type":"Feature","geometry":{"type":"Point","coordinates":[14.6565434,51.7321878]},"properties":{"maxwidth":"2"}},{"type":"Feature","geometry":{"type":"Point","coordinates":[14.6477431,51.7561131]},"properties":{"maxwidth":"2"}},{"type":"Feature","geometry":{"type":"Point","coordinates":[14.6477441,51.7565816]},"properties":{"maxwidth":"3"}},{"type":"Feature","geometry":{"type":"Point","coordinates":[14.6099185,51.7399265]},"properties":{"maxwidth":"1"}},{"type":"Feature","geometry":{"type":"Point","coordinates":[14.6087512,51.740759]},"properties":{"maxwidth":"4"}},{"type":"Feature","geometry":{"type":"Point","coordinates":[14.6466248,51.7312057]},"properties":{"maxwidth":"1.5"}},{"type":"Feature","geometry":{"type":"Point","coordinates":[14.6606566,51.733842]},"properties":{"maxwidth":"5"}},{"type":"Feature","geometry":{"type":"Point","coordinates":[14.6605437,51.7340262]},"properties":{"maxwidth":"5"}},{"type":"Feature","geometry":{"type":"Point","coordinates":[14.6604328,51.7341966]},"properties":{"maxwidth":"5"}},{"type":"Feature","geometry":{"type":"Point","coordinates":[14.6602982,51.7343661]},"properties":{"maxwidth":"5"}},{"type":"Feature","geometry":{"type":"Point","coordinates":[14.6526129,51.7389579]},"properties":{"maxwidth":"4"}},{"type":"Feature","geometry":{"type":"Point","coordinates":[14.6530176,51.7392163]},"properties":{"maxwidth":"4"}},{"type":"Feature","geometry":{"type":"Point","coordinates":[14.6448676,51.7367467]},"properties":{"maxwidth":"1"}},{"type":"Feature","geometry":{"type":"Point","coordinates":[14.6449834,51.7367558]},"properties":{"maxwidth":"1"}},{"type":"Feature","geometry":{"type":"Point","coordinates":[14.6449512,51.7367628]},"properties":{"maxwidth":"1"}},{"type":"Feature","geometry":{"type":"Point","coordinates":[14.6396486,51.759326]},"properties":{"maxwidth":"3"}},{"type":"Feature","geometry":{"type":"Point","coordinates":[14.6920081,51.0912683]},"properties":{"maxwidth":"1.2"}},{"type":"Feature","geometry":{"type":"Point","coordinates":[14.6427741,51.7353486]},"properties":{"maxwidth":"1.5"}},{"type":"Feature","geometry":{"type":"Point","coordinates":[14.6447761,51.736552]},"properties":{"maxwidth":"4"}},{"type":"Feature","geometry":{"type":"Point","coordinates":[14.631078,51.7180781]},"properties":{"maxwidth":"6"}},{"type":"Feature","geometry":{"type":"Point","coordinates":[14.5695845,51.7578207]},"properties":{"maxwidth":"4"}},{"type":"Feature","geometry":{"type":"Point","coordinates":[14.5755131,51.7675102]},"properties":{"maxwidth":"4"}},{"type":"Feature","geometry":{"type":"Point","coordinates":[14.6432697,51.7344451]},"properties":{"maxwidth":"4"}},{"type":"Feature","geometry":{"type":"Point","coordinates":[14.6470518,51.7465351]},"properties":{"maxwidth":"1.5"}},{"type":"Feature","geometry":{"type":"Point","coordinates":[14.6471459,51.7468864]},"properties":{"maxwidth":"1.5"}},{"type":"Feature","geometry":{"type":"Point","coordinates":[14.0110992,51.1815027]},"properties":{"hgv":"no"}},{"type":"Feature","geometry":{"type":"Point","coordinates":[14.3392428,51.4996804]},"properties":{"maxheight":"3"}},{"type":"Feature","geometry":{"type":"Point","coordinates":[14.3397629,51.6906785]},"properties":{"maxwidth":"1.4"}},{"type":"Feature","geometry":{"type":"Point","coordinates":[14.2955001,51.7495416]},"properties":{"maxheight":"4"}},{"type":"Feature","geometry":{"type":"Point","coordinates":[14.6062414,51.6329919]},"properties":{"maxwidth":"1.2"}},{"type":"Feature","geometry":{"type":"Point","coordinates":[14.0003386,51.6926867]},"properties":{"maxheight":"3.7"}},{"type":"Feature","geometry":{"type":"Point","coordinates":[14.7510788,51.3173343]},"properties":{"maxheight":"3.5"}},{"type":"Feature","geometry":{"type":"Point","coordinates":[14.1167053,51.6875379]},"properties":{"maxwidth":"1"}},{"type":"Feature","geometry":{"type":"Point","coordinates":[14.38852,51.094339]},"properties":{"maxheight":"3.3"}},{"type":"Feature","geometry":{"type":"Point","coordinates":[14.6448814,51.7353271]},"properties":{"maxheight":"1.5","maxwidth":"3"}},{"type":"Feature","geometry":{"type":"Point","coordinates":[14.9518971,51.1381849]},"properties":{"maxweight":"7.5"}},{"type":"Feature","geometry":{"type":"Point","coordinates":[14.4323971,51.1888594]},"properties":{"maxheight":"4"}},{"type":"Feature","geometry":{"type":"Point","coordinates":[14.4186991,51.0973408]},"properties":{"maxweight":"6"}},{"type":"Feature","geometry":{"type":"Point","coordinates":[14.2388371,51.4263682]},"properties":{"maxwidth":"2.2"}},{"type":"Feature","geometry":{"type":"Point","coordinates":[14.3884203,51.0942003]},"properties":{"maxheight":"3.3"}},{"type":"Feature","geometry":{"type":"Point","coordinates":[14.0666793,51.7731609]},"properties":{"maxwidth":"0.5"}},{"type":"Feature","geometry":{"type":"Point","coordinates":[14.6435503,51.7354847]},"properties":{"maxwidth":"1.5"}},{"type":"Feature","geometry":{"type":"Point","coordinates":[14.7326298,51.2723824]},"properties":{"maxheight":"2","maxwidth":"6"}},{"type":"Feature","geometry":{"type":"Point","coordinates":[14.7317794,51.2726199]},"properties":{"maxheight":"2","maxwidth":"6"}},{"type":"Feature","geometry":{"type":"Point","coordinates":[14.3223221,51.7442636]},"properties":{"maxheight":"2.1"}},{"type":"Feature","geometry":{"type":"Point","coordinates":[14.3314355,51.7402562]},"properties":{"maxwidth":"5"}},{"type":"Feature","geometry":{"type":"Point","coordinates":[14.0893122,51.7069067]},"properties":{"maxheight":"3"}},{"type":"Feature","geometry":{"type":"Point","coordinates":[14.6437753,51.7368263]},"properties":{"maxwidth":"4"}},{"type":"Feature","geometry":{"type":"Point","coordinates":[14.3425158,51.1599646]},"properties":{"maxwidth":"1"}},{"type":"Feature","geometry":{"type":"Point","coordinates":[14.7634651,51.5161587]},"properties":{"maxheight":"2"}},{"type":"Feature","geometry":{"type":"Point","coordinates":[14.4327054,51.1890026]},"properties":{"maxheight":"4"}},{"type":"Feature","geometry":{"type":"Point","coordinates":[14.3381326,51.7572471]},"properties":{"maxheight":"2.0","maxweight":"3.0"}},{"type":"Feature","geometry":{"type":"Point","coordinates":[14.3204999,51.7440751]},"properties":{"maxheight":"2.1"}},{"type":"Feature","geometry":{"type":"Point","coordinates":[14.3380291,51.7572054]},"properties":{"maxheight":"2.0"}},{"type":"Feature","geometry":{"type":"Point","coordinates":[14.3407141,51.7378354]},"properties":{"goods":"permit"}},{"type":"Feature","geometry":{"type":"Point","coordinates":[14.3434719,51.7502748]},"properties":{"maxwidth":"1.4"}},{"type":"Feature","geometry":{"type":"Point","coordinates":[14.3286086,51.7562005]},"properties":{"goods":"designated"}},{"type":"Feature","geometry":{"type":"Point","coordinates":[14.3303119,51.7481436]},"properties":{"maxheight":"1.5"}},{"type":"Feature","geometry":{"type":"Point","coordinates":[14.3258423,51.7487183]},"properties":{"maxheight":"2.6"}},{"type":"Feature","geometry":{"type":"Point","coordinates":[14.2348929,51.6207057]},"properties":{"maxwidth":"3"}},{"type":"Feature","geometry":{"type":"Point","coordinates":[14.9702498,51.1511982]},"properties":{"maxheight":"4"}},{"type":"Feature","geometry":{"type":"Point","coordinates":[14.7112483,51.9526477]},"properties":{"maxheight":"2.2","maxwidth":"3.0"}},{"type":"Feature","geometry":{"type":"Point","coordinates":[14.7127282,51.9528914]},"properties":{"maxwidth":"3.0"}},{"type":"Feature","geometry":{"type":"Point","coordinates":[14.7120988,51.9527322]},"properties":{"maxwidth":"2.5"}},{"type":"Feature","geometry":{"type":"Point","coordinates":[14.7124246,51.9528825]},"properties":{"maxwidth":"3.0"}},{"type":"Feature","geometry":{"type":"Point","coordinates":[14.7120272,51.9526973]},"properties":{"maxheight":"2.5"}},{"type":"Feature","geometry":{"type":"Point","coordinates":[14.7114172,51.9523085]},"properties":{"maxwidth":"2.5"}},{"type":"Feature","geometry":{"type":"Point","coordinates":[14.71727,51.9548868]},"properties":{"maxwidth":"4"}},{"type":"Feature","geometry":{"type":"Point","coordinates":[14.2873891,51.717704]},"properties":{"hgv":"no"}},{"type":"Feature","geometry":{"type":"Point","coordinates":[14.6427862,51.7353088]},"properties":{"maxwidth":"4"}},{"type":"Feature","geometry":{"type":"Point","coordinates":[14.3434259,51.7532284]},"properties":{"maxwidth":"4.5"}},{"type":"Feature","geometry":{"type":"Point","coordinates":[14.9790024,51.1369925]},"properties":{"maxheight":"2","maxwidth":"4"}},{"type":"Feature","geometry":{"type":"Point","coordinates":[14.9751557,51.1374003]},"properties":{"maxheight":"2","maxwidth":"4"}},{"type":"Feature","geometry":{"type":"Point","coordinates":[14.8737773,51.1399447]},"properties":{"maxheight":"below_default"}},{"type":"Feature","geometry":{"type":"Point","coordinates":[14.0151929,51.1799309]},"properties":{"maxheight":"3.1"}},{"type":"Feature","geometry":{"type":"Point","coordinates":[14.3504661,51.7555881]},"properties":{"maxheight":"1","maxwidth":"1"}},{"type":"Feature","geometry":{"type":"Point","coordinates":[14.5874869,51.1621007]},"properties":{"maxwidth":"0.5"}},{"type":"Feature","geometry":{"type":"Point","coordinates":[14.5871852,51.1606658]},"properties":{"maxwidth":"0.5"}},{"type":"Feature","geometry":{"type":"Point","coordinates":[14.1282219,51.4960866]},"properties":{"maxwidth":"1"}},{"type":"Feature","geometry":{"type":"Point","coordinates":[14.6408653,51.7364093]},"properties":{"maxwidth":"3"}},{"type":"Feature","geometry":{"type":"Point","coordinates":[14.3251135,51.7486171]},"properties":{"maxheight":"2.6"}},{"type":"Feature","geometry":{"type":"Point","coordinates":[14.3254698,51.7486195]},"properties":{"maxheight":"2.6"}},{"type":"Feature","geometry":{"type":"Point","coordinates":[14.6571565,51.7319099]},"properties":{"maxwidth":"1"}},{"type":"Feature","geometry":{"type":"Point","coordinates":[14.8018093,51.3012084]},"properties":{"maxwidth":"1"}},{"type":"Feature","geometry":{"type":"Point","coordinates":[14.5556196,51.3149171]},"properties":{"maxwidth":"1"}},{"type":"Feature","geometry":{"type":"Point","coordinates":[14.3966405,51.091463]},"properties":{"maxheight":"3.2"}},{"type":"Feature","geometry":{"type":"Point","coordinates":[14.3343475,51.7681802]},"properties":{"maxwidth":"0.4"}},{"type":"Feature","geometry":{"type":"Point","coordinates":[14.3356993,51.7672575]},"properties":{"maxheight":"1.95"}},{"type":"Feature","geometry":{"type":"Point","coordinates":[14.3345209,51.7370611]},"properties":{"maxwidth":"4"}},{"type":"Feature","geometry":{"type":"Point","coordinates":[14.056236,51.5453359]},"properties":{"maxwidth":"1.5"}},{"type":"Feature","geometry":{"type":"Point","coordinates":[14.3372269,51.7647677]},"properties":{"maxheight":"1.9"}},{"type":"Feature","geometry":{"type":"Point","coordinates":[14.976448,51.1633699]},"properties":{"maxheight":"2.1","maxweight":"3"}},{"type":"Feature","geometry":{"type":"Point","coordinates":[14.9826538,51.1463308]},"properties":{"maxheight":"2"}},{"type":"Feature","geometry":{"type":"Point","coordinates":[14.3406824,51.7378303]},"properties":{"maxwidth":"1"}},{"type":"Feature","geometry":{"type":"Point","coordinates":[14.9872972,51.1574502]},"properties":{"maxheight":"1.9"}},{"type":"Feature","geometry":{"type":"Point","coordinates":[14.9903183,51.1572349]},"properties":{"maxheight":"2.05"}},{"type":"Feature","geometry":{"type":"Point","coordinates":[14.9697433,51.1490136]},"properties":{"hgv":"no"}},{"type":"Feature","geometry":{"type":"Point","coordinates":[14.9517192,51.1380693]},"properties":{"maxweight":"7.5"}},{"type":"Feature","geometry":{"type":"Point","coordinates":[14.9624082,51.1507234]},"properties":{"maxheight":"4"}},{"type":"Feature","geometry":{"type":"Point","coordinates":[14.9619012,51.1505606]},"properties":{"maxheight":"4"}},{"type":"Feature","geometry":{"type":"Point","coordinates":[14.9833826,51.1262321]},"properties":{"maxweight":"12"}},{"type":"Feature","geometry":{"type":"Point","coordinates":[14.9692557,51.1608843]},"properties":{"maxweight":"7.5"}},{"type":"Feature","geometry":{"type":"Point","coordinates":[14.9693397,51.1608738]},"properties":{"maxheight":"3.3"}},{"type":"Feature","geometry":{"type":"Point","coordinates":[14.003777,51.5181666]},"properties":{"maxheight":"2.0"}},{"type":"Feature","geometry":{"type":"Point","coordinates":[14.3435448,51.7331738]},"properties":{"maxwidth":"1"}},{"type":"Feature","geometry":{"type":"Point","coordinates":[14.726723,51.536162]},"properties":{"maxheight":"4"}},{"type":"Feature","geometry":{"type":"Point","coordinates":[14.7263504,51.5372807]},"properties":{"maxheight":"4"}},{"type":"Feature","geometry":{"type":"Point","coordinates":[14.4153906,51.1970459]},"properties":{"hgv":"no"}},{"type":"Feature","geometry":{"type":"Point","coordinates":[14.9710135,51.16767]},"properties":{"maxheight":"2.9"}},{"type":"Feature","geometry":{"type":"Point","coordinates":[14.9701561,51.1684558]},"properties":{"maxweight":"1.5"}},{"type":"Feature","geometry":{"type":"Point","coordinates":[14.4168025,51.7344275]},"properties":{"maxwidth":"1.2"}},{"type":"Feature","geometry":{"type":"Point","coordinates":[14.428607,51.1853462]},"properties":{"maxheight":"2.2","maxweight":"3"}},{"type":"Feature","geometry":{"type":"Point","coordinates":[14.9826778,51.1491093]},"properties":{"maxweight":"3.5"}},{"type":"Feature","geometry":{"type":"Point","coordinates":[14.9968918,51.1571032]},"properties":{"maxheight":"1.6","maxwidth":"4"}},{"type":"Feature","geometry":{"type":"Point","coordinates":[14.9968918,51.1571032]},"properties":{"maxheight":"1.6","maxwidth":"4"}},{"type":"Feature","geometry":{"type":"Point","coordinates":[14.0840841,51.273449]},"properties":{"hgv":"no"}},{"type":"Feature","geometry":{"type":"Point","coordinates":[14.3307504,51.7863936]},"properties":{"hgv":"designated"}},{"type":"Feature","geometry":{"type":"Point","coordinates":[14.1205135,51.6888426]},"properties":{"maxwidth":"1.5"}},{"type":"Feature","geometry":{"type":"Point","coordinates":[14.3088578,51.7479371]},"properties":{"maxheight":"1.8","maxwidth":"3.5"}},{"type":"Feature","geometry":{"type":"Point","coordinates":[14.3303903,51.7510321]},"properties":{"maxheight":"2","maxwidth":"1.5"}},{"type":"Feature","geometry":{"type":"Point","coordinates":[14.3297151,51.7511326]},"properties":{"maxheight":"2","maxwidth":"3"}},{"type":"Feature","geometry":{"type":"Point","coordinates":[14.3295098,51.7510872]},"properties":{"maxheight":"1.5","maxwidth":"5"}},{"type":"Feature","geometry":{"type":"Point","coordinates":[14.9983241,51.1521693]},"properties":{"maxheight":"2.05"}},{"type":"Feature","geometry":{"type":"Point","coordinates":[14.3370885,51.7633281]},"properties":{"maxwidth":"1"}},{"type":"Feature","geometry":{"type":"Point","coordinates":[14.6545326,51.0969563]},"properties":{"maxwidth":"1"}},{"type":"Feature","geometry":{"type":"Point","coordinates":[14.9880738,51.1518622]},"properties":{"maxheight":"2"}},{"type":"Feature","geometry":{"type":"Point","coordinates":[14.9880573,51.1518971]},"properties":{"maxheight":"2"}},{"type":"Feature","geometry":{"type":"Point","coordinates":[14.3256189,51.7463344]},"properties":{"maxheight":"1.5","maxwidth":"3"}},{"type":"Feature","geometry":{"type":"Point","coordinates":[14.3804398,51.5720919]},"properties":{"maxheight":"2.1","maxweight":"2.5"}},{"type":"Feature","geometry":{"type":"Point","coordinates":[14.3340662,51.7643388]},"properties":{"maxheight":"2"}},{"type":"Feature","geometry":{"type":"Point","coordinates":[14.3336524,51.7636534]},"properties":{"maxheight":"4"}},{"type":"Feature","geometry":{"type":"Point","coordinates":[14.9587837,51.1601041]},"properties":{"hgv":"no"}},{"type":"Feature","geometry":{"type":"Point","coordinates":[14.957993,51.1595769]},"properties":{"hgv":"delivery"}},{"type":"Feature","geometry":{"type":"Point","coordinates":[14.0551733,51.5463788]},"properties":{"maxwidth":"1.2"}},{"type":"Feature","geometry":{"type":"Point","coordinates":[14.1146826,51.7107232]},"properties":{"maxwidth":"1.2"}},{"type":"Feature","geometry":{"type":"Point","coordinates":[14.102369,51.6924648]},"properties":{"maxwidth":"1.2"}},{"type":"Feature","geometry":{"type":"Point","coordinates":[14.1216921,51.6888438]},"properties":{"maxwidth":"1.2"}},{"type":"Feature","geometry":{"type":"Point","coordinates":[14.1215302,51.6888159]},"properties":{"maxwidth":"1.5"}},{"type":"Feature","geometry":{"type":"Point","coordinates":[14.0884579,51.7070116]},"properties":{"maxwidth":"1.2"}},{"type":"Feature","geometry":{"type":"Point","coordinates":[14.0920427,51.7099146]},"properties":{"maxwidth":"1.2"}},{"type":"Feature","geometry":{"type":"Point","coordinates":[14.0923376,51.7099324]},"properties":{"maxwidth":"1.2"}},{"type":"Feature","geometry":{"type":"Point","coordinates":[14.1125886,51.6883643]},"properties":{"maxwidth":"1.2"}},{"type":"Feature","geometry":{"type":"Point","coordinates":[14.0893831,51.7080825]},"properties":{"maxwidth":"1.5"}},{"type":"Feature","geometry":{"type":"Point","coordinates":[14.1126915,51.6883747]},"properties":{"maxwidth":"1.2"}},{"type":"Feature","geometry":{"type":"Point","coordinates":[14.0941294,51.7105546]},"properties":{"maxwidth":"1.2"}},{"type":"Feature","geometry":{"type":"Point","coordinates":[14.9710375,51.1686579]},"properties":{"maxweight":"0.750"}},{"type":"Feature","geometry":{"type":"Point","coordinates":[14.9710659,51.1686639]},"properties":{"maxweight":"0.750"}},{"type":"Feature","geometry":{"type":"Point","coordinates":[14.6062763,51.6329884]},"properties":{"maxwidth":"1.2"}},{"type":"Feature","geometry":{"type":"Point","coordinates":[14.6062079,51.6329884]},"properties":{"maxwidth":"1.2"}},{"type":"Feature","geometry":{"type":"Point","coordinates":[14.605926,51.629512]},"properties":{"maxwidth":"1.2"}},{"type":"Feature","geometry":{"type":"Point","coordinates":[14.6247007,51.2110154]},"properties":{"maxheight":"default"}},{"type":"Feature","geometry":{"type":"Point","coordinates":[14.4712139,51.1972013]},"properties":{"maxheight":"default"}},{"type":"Feature","geometry":{"type":"Point","coordinates":[14.0748853,51.8588924]},"properties":{"maxwidth":"1.9","maxlength":"9.5"}},{"type":"Feature","geometry":{"type":"Point","coordinates":[14.0681662,51.839717]},"properties":{"maxwidth":"1.9","maxlength":"9.5"}},{"type":"Feature","geometry":{"type":"Point","coordinates":[14.0507036,51.8508651]},"properties":{"maxwidth":"1.9","maxlength":"9.5"}},{"type":"Feature","geometry":{"type":"Point","coordinates":[14.0505265,51.854105]},"properties":{"maxwidth":"1.9","maxlength":"9.5"}},{"type":"Feature","geometry":{"type":"Point","coordinates":[14.0473905,51.8546978]},"properties":{"maxwidth":"1.9","maxlength":"9.5"}},{"type":"Feature","geometry":{"type":"Point","coordinates":[14.1860425,51.4282214]},"properties":{"hgv":"no"}},{"type":"Feature","geometry":{"type":"Point","coordinates":[14.1935835,51.4354165]},"properties":{"maxweight":"2.5"}},{"type":"Feature","geometry":{"type":"Point","coordinates":[14.1969691,51.4370416]},"properties":{"maxweight":"2.8"}},{"type":"Feature","geometry":{"type":"Point","coordinates":[14.3477337,51.6133388]},"properties":{"hgv":"no"}},{"type":"Feature","geometry":{"type":"Point","coordinates":[14.1028038,51.8274634]},"properties":{"maxweight":"9"}},{"type":"Feature","geometry":{"type":"Point","coordinates":[14.0162698,51.1823836]},"properties":{"hgv":"no"}},{"type":"Feature","geometry":{"type":"Point","coordinates":[14.0110983,51.1824003]},"properties":{"hgv":"no"}},{"type":"Feature","geometry":{"type":"Point","coordinates":[14.0170865,51.0737111]},"properties":{"maxweight":"3"}},{"type":"Feature","geometry":{"type":"Point","coordinates":[14.0118359,51.1863183]},"properties":{"maxweight":"7.5"}},{"type":"Feature","geometry":{"type":"Point","coordinates":[14.0954709,51.8539116]},"properties":{"maxwidth":"1.9","maxlength":"9.5"}},{"type":"Feature","geometry":{"type":"Point","coordinates":[14.100884,51.8599113]},"properties":{"maxwidth":"1.9","maxlength":"9.5"}},{"type":"Feature","geometry":{"type":"Point","coordinates":[14.1015576,51.8605215]},"properties":{"maxwidth":"1.9","maxlength":"9.5"}},{"type":"Feature","geometry":{"type":"Point","coordinates":[14.1018221,51.8634679]},"properties":{"maxwidth":"1.9","maxlength":"9.5"}},{"type":"Feature","geometry":{"type":"Point","coordinates":[14.1137036,51.8696473]},"properties":{"maxwidth":"1.9","maxlength":"9.5"}},{"type":"Feature","geometry":{"type":"Point","coordinates":[14.1152744,51.8640665]},"properties":{"maxwidth":"1.9","maxlength":"9.5"}},{"type":"Feature","geometry":{"type":"Point","coordinates":[14.0980091,51.8618412]},"properties":{"maxwidth":"1.9","maxlength":"9.5"}},{"type":"Feature","geometry":{"type":"Point","coordinates":[14.0939722,51.8624835]},"properties":{"maxwidth":"1.9","maxlength":"9.5"}},{"type":"Feature","geometry":{"type":"Point","coordinates":[14.0951007,51.8607208]},"properties":{"maxwidth":"1.9","maxlength":"9.5"}},{"type":"Feature","geometry":{"type":"Point","coordinates":[14.1005642,51.8423509]},"properties":{"maxwidth":"1.9","maxlength":"9.5"}},{"type":"Feature","geometry":{"type":"Point","coordinates":[14.0867125,51.8615033]},"properties":{"maxwidth":"1.9","maxlength":"9.5"}},{"type":"Feature","geometry":{"type":"Point","coordinates":[14.0573211,51.2885495]},"properties":{"hgv":"no"}},{"type":"Feature","geometry":{"type":"Point","coordinates":[14.0653949,51.289157]},"properties":{"maxheight":"4"}},{"type":"Feature","geometry":{"type":"Point","coordinates":[14.0823329,51.2915212]},"properties":{"maxheight":"4"}},{"type":"Feature","geometry":{"type":"Point","coordinates":[14.0507325,51.287665]},"properties":{"hgv":"no"}},{"type":"Feature","geometry":{"type":"Point","coordinates":[14.0396613,51.281614]},"properties":{"hgv":"destination"}},{"type":"Feature","geometry":{"type":"Point","coordinates":[14.044951,51.2869164]},"properties":{"hgv":"no"}},{"type":"Feature","geometry":{"type":"Point","coordinates":[14.8338645,51.2155647]},"properties":{"maxheight":"default"}},{"type":"Feature","geometry":{"type":"Point","coordinates":[14.8356659,51.2155606]},"properties":{"maxheight":"default"}},{"type":"Feature","geometry":{"type":"Point","coordinates":[14.3812226,51.7632226]},"properties":{"hgv":"delivery"}},{"type":"Feature","geometry":{"type":"Point","coordinates":[14.9541864,51.1356246]},"properties":{"maxweight":"7.5"}},{"type":"Feature","geometry":{"type":"Point","coordinates":[14.9679747,51.1258752]},"properties":{"maxweight":"7.5"}},{"type":"Feature","geometry":{"type":"Point","coordinates":[14.5348147,51.1558752]},"properties":{"maxweight":"9"}},{"type":"Feature","geometry":{"type":"Point","coordinates":[14.464005,51.195895]},"properties":{"maxheight":"default"}},{"type":"Feature","geometry":{"type":"Point","coordinates":[14.0423378,51.2161438]},"properties":{"hgv":"no"}},{"type":"Feature","geometry":{"type":"Point","coordinates":[14.992092,51.155097]},"properties":{"maxweight":"7.5"}},{"type":"Feature","geometry":{"type":"Point","coordinates":[14.9938167,51.155573]},"properties":{"maxweight":"7.5"}},{"type":"Feature","geometry":{"type":"Point","coordinates":[14.9768038,51.1238143]},"properties":{"maxweight":"7.5"}},{"type":"Feature","geometry":{"type":"Point","coordinates":[14.9685316,51.1257724]},"properties":{"maxweight":"7.5"}},{"type":"Feature","geometry":{"type":"Point","coordinates":[14.9134897,51.0906515]},"properties":{"maxweight":"7.5"}},{"type":"Feature","geometry":{"type":"Point","coordinates":[14.7965836,51.1350139]},"properties":{"maxweight":"11.5"}},{"type":"Feature","geometry":{"type":"Point","coordinates":[14.7365234,51.1198443]},"properties":{"hgv":"destination"}},{"type":"Feature","geometry":{"type":"Point","coordinates":[14.346506,51.708711]},"properties":{"hgv":"delivery"}},{"type":"Feature","geometry":{"type":"Point","coordinates":[14.3401428,51.7498823]},"properties":{"maxweight":"7.5"}},{"type":"Feature","geometry":{"type":"Point","coordinates":[14.7483547,51.0036436]},"properties":{"maxweight":"9"}},{"type":"Feature","geometry":{"type":"Point","coordinates":[14.0290663,51.2405967]},"properties":{"hgv":"destination"}},{"type":"Feature","geometry":{"type":"Point","coordinates":[14.9947018,51.150132]},"properties":{"maxweight":"7.5"}},{"type":"Feature","geometry":{"type":"Point","coordinates":[14.0559328,51.3526012]},"properties":{"maxwidth":"1.9","maxweight":"3"}},{"type":"Feature","geometry":{"type":"Point","coordinates":[14.2565976,51.7421298]},"properties":{"maxweight":"3.5"}},{"type":"Feature","geometry":{"type":"Point","coordinates":[14.2515002,51.7419215]},"properties":{"maxweight":"3.5"}},{"type":"Feature","geometry":{"type":"Point","coordinates":[14.624256,51.2111254]},"properties":{"maxheight":"default"}},{"type":"Feature","geometry":{"type":"Point","coordinates":[14.4033263,51.7094641]},"properties":{"maxheight":"default"}},{"type":"Feature","geometry":{"type":"Point","coordinates":[14.4253348,51.1778968]},"properties":{"maxweight":"2.8"}},{"type":"Feature","geometry":{"type":"Point","coordinates":[14.4264722,51.1824361]},"properties":{"maxweight":"3.5"}},{"type":"Feature","geometry":{"type":"Point","coordinates":[14.4226536,51.1833801]},"properties":{"maxweight":"1.5"}},{"type":"Feature","geometry":{"type":"Point","coordinates":[14.418619,51.1837063]},"properties":{"maxweight":"3.5"}},{"type":"Feature","geometry":{"type":"Point","coordinates":[14.4251498,51.1831828]},"properties":{"maxweight":"2.8"}},{"type":"Feature","geometry":{"type":"Point","coordinates":[14.727854,51.5424467]},"properties":{"hgv":"local","maxweight":"3.5"}},{"type":"Feature","geometry":{"type":"Point","coordinates":[14.3822022,51.6990677]},"properties":{"maxweight":"3.0"}},{"type":"Feature","geometry":{"type":"Point","coordinates":[14.4736711,51.1966631]},"properties":{"hgv":"agricultural"}},{"type":"Feature","geometry":{"type":"Point","coordinates":[14.3407859,51.7150894]},"properties":{"hgv":"delivery"}},{"type":"Feature","geometry":{"type":"Point","coordinates":[14.3389361,51.7146243]},"properties":{"hgv":"delivery"}},{"type":"Feature","geometry":{"type":"Point","coordinates":[14.0267733,51.3402988]},"properties":{"maxweight":"2.8"}},{"type":"Feature","geometry":{"type":"Point","coordinates":[14.8261607,51.2968723]},"properties":{"maxweight":"3.5"}},{"type":"Feature","geometry":{"type":"Point","coordinates":[14.0073702,51.8749615]},"properties":{"maxwidth":"1.9","maxlength":"9.5"}},{"type":"Feature","geometry":{"type":"Point","coordinates":[14.1883316,51.1333212]},"properties":{"hgv":"destination"}},{"type":"Feature","geometry":{"type":"Point","coordinates":[14.1254422,51.8502981]},"properties":{"maxweight":"3.5"}},{"type":"Feature","geometry":{"type":"Point","coordinates":[14.1855536,51.809742]},"properties":{"maxweight":"7.5"}},{"type":"Feature","geometry":{"type":"Point","coordinates":[14.4214234,51.1842437]},"properties":{"maxweight":"3.5"}},{"type":"Feature","geometry":{"type":"Point","coordinates":[14.4217292,51.1789919]},"properties":{"maxweight":"5"}},{"type":"Feature","geometry":{"type":"Point","coordinates":[14.4579812,51.1063112]},"properties":{"maxweight":"16"}},{"type":"Feature","geometry":{"type":"Point","coordinates":[14.1816776,51.1323986]},"properties":{"hgv":"delivery"}},{"type":"Feature","geometry":{"type":"Point","coordinates":[14.1776101,51.1264711]},"properties":{"hgv":"delivery"}},{"type":"Feature","geometry":{"type":"Point","coordinates":[14.006294,51.0911619]},"properties":{"hgv":"delivery"}},{"type":"Feature","geometry":{"type":"Point","coordinates":[14.1678832,51.1189487]},"properties":{"maxheight":"2.6"}},{"type":"Feature","geometry":{"type":"Point","coordinates":[14.1818976,51.2062741]},"properties":{"hgv":"delivery"}},{"type":"Feature","geometry":{"type":"Point","coordinates":[14.0810309,51.0490477]},"properties":{"maxheight":"3.5","maxweight":"5.5"}},{"type":"Feature","geometry":{"type":"Point","coordinates":[14.0846113,51.0495192]},"properties":{"maxweight":"5.5"}},{"type":"Feature","geometry":{"type":"Point","coordinates":[14.0803839,51.0489789]},"properties":{"maxweight":"5.5"}},{"type":"Feature","geometry":{"type":"Point","coordinates":[14.2216272,51.1026424]},"properties":{"hgv":"no"}},{"type":"Feature","geometry":{"type":"Point","coordinates":[14.0600601,51.1501899]},"properties":{"hgv":"no"}},{"type":"Feature","geometry":{"type":"Point","coordinates":[14.123896,51.1994658]},"properties":{"hgv":"no"}},{"type":"Feature","geometry":{"type":"Point","coordinates":[14.9358404,51.0299832]},"properties":{"maxweight":"20"}},{"type":"Feature","geometry":{"type":"Point","coordinates":[14.1178642,51.2198494]},"properties":{"hgv":"delivery"}},{"type":"Feature","geometry":{"type":"Point","coordinates":[14.1304482,51.2212627]},"properties":{"hgv":"delivery"}},{"type":"Feature","geometry":{"type":"Point","coordinates":[14.1005246,51.2084296]},"properties":{"hgv":"no"}},{"type":"Feature","geometry":{"type":"Point","coordinates":[14.0553428,51.1607499]},"properties":{"maxweight":"3.5"}},{"type":"Feature","geometry":{"type":"Point","coordinates":[14.0148817,51.1825102]},"properties":{"maxweight":"7.5"}},{"type":"Feature","geometry":{"type":"Point","coordinates":[14.1152226,51.8372393]},"properties":{"maxweight":"9"}},{"type":"Feature","geometry":{"type":"Point","coordinates":[14.2907185,51.120291]},"properties":{"maxweight":"9"}},{"type":"Feature","geometry":{"type":"Point","coordinates":[14.662596,51.200314]},"properties":{"hgv":"no"}},{"type":"Feature","geometry":{"type":"Point","coordinates":[14.6594203,51.1970401]},"properties":{"hgv":"no"}},{"type":"Feature","geometry":{"type":"Point","coordinates":[14.2730268,51.4254034]},"properties":{"hgv":"no"}},{"type":"Feature","geometry":{"type":"Point","coordinates":[14.9171464,51.1128609]},"properties":{"maxweight":"3.5"}},{"type":"Feature","geometry":{"type":"Point","coordinates":[14.0224961,51.1454466]},"properties":{"hgv":"no"}},{"type":"Feature","geometry":{"type":"Point","coordinates":[14.1337998,51.2196917]},"properties":{"hgv":"delivery"}},{"type":"Feature","geometry":{"type":"Point","coordinates":[14.0987282,51.2688963]},"properties":{"maxweight":"3.5"}},{"type":"Feature","geometry":{"type":"Point","coordinates":[14.4096427,51.1257157]},"properties":{"maxweight":"3.5"}},{"type":"Feature","geometry":{"type":"Point","coordinates":[14.3265202,51.1784725]},"properties":{"hgv":"no"}},{"type":"Feature","geometry":{"type":"Point","coordinates":[14.4198809,51.0980934]},"properties":{"maxweight":"6"}},{"type":"Feature","geometry":{"type":"Point","coordinates":[14.6705749,51.4483042]},"properties":{"maxheight":"2.5"}},{"type":"Feature","geometry":{"type":"Point","coordinates":[14.2769351,51.2493636]},"properties":{"hgv":"destination"}},{"type":"Feature","geometry":{"type":"Point","coordinates":[14.7964032,51.1438613]},"properties":{"maxweight":"7.5"}},{"type":"Feature","geometry":{"type":"Point","coordinates":[14.669552,51.0961992]},"properties":{"hgv":"no"}},{"type":"Feature","geometry":{"type":"Point","coordinates":[14.6828482,51.3499647]},"properties":{"maxweight":"7.5"}},{"type":"Feature","geometry":{"type":"Point","coordinates":[14.1630865,51.8938737]},"properties":{"hgv":"no","goods":"yes"}},{"type":"Feature","geometry":{"type":"Point","coordinates":[14.1762601,51.8549724]},"properties":{"maxweight":"16"}},{"type":"Feature","geometry":{"type":"Point","coordinates":[14.1504806,51.839716]},"properties":{"maxwidth":"1.9","maxlength":"9.5"}},{"type":"Feature","geometry":{"type":"Point","coordinates":[14.6670406,51.1003719]},"properties":{"maxweight":"30"}},{"type":"Feature","geometry":{"type":"Point","coordinates":[14.1477675,51.8351708]},"properties":{"hgv":"no"}},{"type":"Feature","geometry":{"type":"Point","coordinates":[14.1352741,51.8307124]},"properties":{"maxweight":"16"}},{"type":"Feature","geometry":{"type":"Point","coordinates":[14.1235115,51.8685391]},"properties":{"maxweight":"3.5"}},{"type":"Feature","geometry":{"type":"Point","coordinates":[14.5716494,51.0063458]},"properties":{"maxweight":"1.5"}},{"type":"Feature","geometry":{"type":"Point","coordinates":[14.5730241,51.007178]},"properties":{"maxweight":"1.5"}},{"type":"Feature","geometry":{"type":"Point","coordinates":[14.1168517,51.2332641]},"properties":{"hgv":"delivery"}},{"type":"Feature","geometry":{"type":"Point","coordinates":[14.8411817,51.2744141]},"properties":{"hgv":"no"}},{"type":"Feature","geometry":{"type":"Point","coordinates":[14.8234926,51.2930805]},"properties":{"maxweight":"3.5"}},{"type":"Feature","geometry":{"type":"Point","coordinates":[14.0886042,51.0089319]},"properties":{"hgv":"agricultural;forestry"}},{"type":"Feature","geometry":{"type":"Point","coordinates":[14.0114624,51.0248275]},"properties":{"maxweight":"7.5"}},{"type":"Feature","geometry":{"type":"Point","coordinates":[14.1330971,51.2230573]},"properties":{"hgv":"delivery"}},{"type":"Feature","geometry":{"type":"Point","coordinates":[14.0900135,51.283096]},"properties":{"hgv":"no"}},{"type":"Feature","geometry":{"type":"Point","coordinates":[14.086387,51.2827733]},"properties":{"hgv":"no","maxheight":"3.9"}},{"type":"Feature","geometry":{"type":"Point","coordinates":[14.2239741,51.0607637]},"properties":{"maxweight":"30"}},{"type":"Feature","geometry":{"type":"Point","coordinates":[14.2127965,51.0649615]},"properties":{"maxweight":"30"}},{"type":"Feature","geometry":{"type":"Point","coordinates":[14.102595,51.2785203]},"properties":{"hgv":"no"}},{"type":"Feature","geometry":{"type":"Point","coordinates":[14.3197725,51.2857722]},"properties":{"maxweight":"5.5"}},{"type":"Feature","geometry":{"type":"Point","coordinates":[14.3203372,51.2874575]},"properties":{"maxweight":"5.5"}},{"type":"Feature","geometry":{"type":"Point","coordinates":[14.8403989,51.2893967]},"properties":{"maxweight":"3.5"}},{"type":"Feature","geometry":{"type":"Point","coordinates":[14.9696421,51.1276322]},"properties":{"maxheight":"3.8"}},{"type":"Feature","geometry":{"type":"Point","coordinates":[14.8280879,51.2103211]},"properties":{"maxweight":"3.5"}},{"type":"Feature","geometry":{"type":"Point","coordinates":[14.9638284,51.1975782]},"properties":{"maxheight":"default"}},{"type":"Feature","geometry":{"type":"Point","coordinates":[14.3944512,51.1607436]},"properties":{"maxweight":"15"}},{"type":"Feature","geometry":{"type":"Point","coordinates":[14.2931458,51.0200266]},"properties":{"hgv":"no","maxweight":"3.5"}},{"type":"Feature","geometry":{"type":"Point","coordinates":[14.4552516,51.0209967]},"properties":{"hgv":"no"}},{"type":"Feature","geometry":{"type":"Point","coordinates":[14.2963322,51.0979806]},"properties":{"maxweight":"30"}},{"type":"Feature","geometry":{"type":"Point","coordinates":[14.162171,51.9630769]},"properties":{"hgv":"no"}},{"type":"Feature","geometry":{"type":"Point","coordinates":[14.118687,51.9492766]},"properties":{"maxweight":"2.8"}},{"type":"Feature","geometry":{"type":"Point","coordinates":[14.9758785,51.1764893]},"properties":{"goods":"no"}},{"type":"Feature","geometry":{"type":"Point","coordinates":[14.9813868,51.1677422]},"properties":{"hgv":"no","goods":"no"}},{"type":"Feature","geometry":{"type":"Point","coordinates":[14.9807692,51.1674741]},"properties":{"hgv":"no","goods":"no"}},{"type":"Feature","geometry":{"type":"Point","coordinates":[14.9809791,51.1679688]},"properties":{"hgv":"no","goods":"no"}},{"type":"Feature","geometry":{"type":"Point","coordinates":[14.9713752,51.1722946]},"properties":{"hgv":"no","goods":"no"}},{"type":"Feature","geometry":{"type":"Point","coordinates":[14.9701781,51.1684185]},"properties":{"maxweight":"1.5"}},{"type":"Feature","geometry":{"type":"Point","coordinates":[14.0164688,51.8053973]},"properties":{"maxweight":"7.5"}},{"type":"Feature","geometry":{"type":"Point","coordinates":[14.0916263,51.275901]},"properties":{"maxheight":"2"}},{"type":"Feature","geometry":{"type":"Point","coordinates":[14.6064696,51.1065641]},"properties":{"maxheight":"3.8"}},{"type":"Feature","geometry":{"type":"Point","coordinates":[14.0787864,51.7839665]},"properties":{"hgv":"delivery"}},{"type":"Feature","geometry":{"type":"Point","coordinates":[14.071519,51.7913625]},"properties":{"hgv":"delivery","maxweight":"7.5"}},{"type":"Feature","geometry":{"type":"Point","coordinates":[14.5780679,51.002402]},"properties":{"maxheight":"default"}},{"type":"Feature","geometry":{"type":"Point","coordinates":[14.585953,51.0083411]},"properties":{"maxweight":"25"}},{"type":"Feature","geometry":{"type":"Point","coordinates":[14.9917219,51.1557187]},"properties":{"maxweight":"7.5"}},{"type":"Feature","geometry":{"type":"Point","coordinates":[14.9931073,51.1558599]},"properties":{"maxweight":"7.5"}},{"type":"Feature","geometry":{"type":"Point","coordinates":[14.982967,51.1352414]},"properties":{"maxheight":"below_default"}},{"type":"Feature","geometry":{"type":"Point","coordinates":[14.9813272,51.1319243]},"properties":{"maxweight":"7.5"}},{"type":"Feature","geometry":{"type":"Point","coordinates":[14.9829783,51.1376504]},"properties":{"maxheight":"4","maxweight":"16"}},{"type":"Feature","geometry":{"type":"Point","coordinates":[14.9823524,51.1376711]},"properties":{"maxweight":"16"}},{"type":"Feature","geometry":{"type":"Point","coordinates":[14.5616143,51.0720556]},"properties":{"maxwidth":"2","maxweight":"7.5"}},{"type":"Feature","geometry":{"type":"Point","coordinates":[14.4979528,51.056345]},"properties":{"hgv":"no"}},{"type":"Feature","geometry":{"type":"Point","coordinates":[14.526496,51.0302711]},"properties":{"maxweight":"1.5"}},{"type":"Feature","geometry":{"type":"Point","coordinates":[14.6098379,51.0040321]},"properties":{"hgv":"no"}},{"type":"Feature","geometry":{"type":"Point","coordinates":[14.5297672,51.0393183]},"properties":{"maxweight":"30"}},{"type":"Feature","geometry":{"type":"Point","coordinates":[14.2622911,51.019119]},"properties":{"maxweight":"5.5"}},{"type":"Feature","geometry":{"type":"Point","coordinates":[14.4990444,51.0589083]},"properties":{"maxweight":"15"}},{"type":"Feature","geometry":{"type":"Point","coordinates":[14.1373557,51.3782258]},"properties":{"hgv":"no"}},{"type":"Feature","geometry":{"type":"Point","coordinates":[14.9700853,51.1496463]},"properties":{"maxheight":"default"}},{"type":"Feature","geometry":{"type":"Point","coordinates":[14.9660243,51.1490966]},"properties":{"hgv":"no"}},{"type":"Feature","geometry":{"type":"Point","coordinates":[14.4782251,51.1912897]},"properties":{"hgv":"no"}},{"type":"Feature","geometry":{"type":"Point","coordinates":[14.4265738,51.1841457]},"properties":{"maxweight":"3.5"}},{"type":"Feature","geometry":{"type":"Point","coordinates":[14.4015517,51.1873619]},"properties":{"hgv":"no"}},{"type":"Feature","geometry":{"type":"Point","coordinates":[14.4035878,51.1871977]},"properties":{"hgv":"no"}},{"type":"Feature","geometry":{"type":"Point","coordinates":[14.3921915,51.1961807]},"properties":{"hgv":"no"}},{"type":"Feature","geometry":{"type":"Point","coordinates":[14.422872,51.1845899]},"properties":{"hgv":"no"}},{"type":"Feature","geometry":{"type":"Point","coordinates":[14.9899804,51.1583205]},"properties":{"maxweight":"7.5"}},{"type":"Feature","geometry":{"type":"Point","coordinates":[14.9931709,51.1575711]},"properties":{"hgv":"no","maxweight":"7.5"}},{"type":"Feature","geometry":{"type":"Point","coordinates":[14.9880712,51.1518239]},"properties":{"maxheight":"2"}},{"type":"Feature","geometry":{"type":"Point","coordinates":[14.1990417,51.2334002]},"properties":{"hgv":"no"}},{"type":"Feature","geometry":{"type":"Point","coordinates":[14.5002431,51.0404045]},"properties":{"maxweight":"20"}},{"type":"Feature","geometry":{"type":"Point","coordinates":[14.1498138,51.274256]},"properties":{"hgv":"no"}},{"type":"Feature","geometry":{"type":"Point","coordinates":[14.4537414,51.0251038]},"properties":{"hgv":"no"}},{"type":"Feature","geometry":{"type":"Point","coordinates":[14.4536054,51.0251118]},"properties":{"hgv":"no"}},{"type":"Feature","geometry":{"type":"Point","coordinates":[14.4505838,51.0276226]},"properties":{"hgv":"no"}},{"type":"Feature","geometry":{"type":"Point","coordinates":[14.4511518,51.0268392]},"properties":{"hgv":"no"}},{"type":"Feature","geometry":{"type":"Point","coordinates":[14.4516128,51.0310641]},"properties":{"hgv":"no"}},{"type":"Feature","geometry":{"type":"Point","coordinates":[14.4504882,51.032423]},"properties":{"hgv":"no"}},{"type":"Feature","geometry":{"type":"Point","coordinates":[14.1538255,51.2147758]},"properties":{"hgv":"delivery"}},{"type":"Feature","geometry":{"type":"Point","coordinates":[14.9030627,51.3035913]},"properties":{"maxheight":"3.8"}},{"type":"Feature","geometry":{"type":"Point","coordinates":[14.6581877,51.0540026]},"properties":{"maxweight":"12"}},{"type":"Feature","geometry":{"type":"Point","coordinates":[14.1172536,51.2309311]},"properties":{"hgv":"delivery"}},{"type":"Feature","geometry":{"type":"Point","coordinates":[14.1303062,51.2354043]},"properties":{"hgv":"destination"}},{"type":"Feature","geometry":{"type":"Point","coordinates":[14.1491773,51.2576686]},"properties":{"hgv":"no"}},{"type":"Feature","geometry":{"type":"Point","coordinates":[14.1535255,51.259192]},"properties":{"hgv":"no"}},{"type":"Feature","geometry":{"type":"Point","coordinates":[14.1541949,51.2593827]},"properties":{"hgv":"no"}},{"type":"Feature","geometry":{"type":"Point","coordinates":[14.0675671,51.3441971]},"properties":{"hgv":"delivery"}},{"type":"Feature","geometry":{"type":"Point","coordinates":[14.657571,51.0800254]},"properties":{"maxheight":"default"}},{"type":"Feature","geometry":{"type":"Point","coordinates":[14.0099048,51.1816133]},"properties":{"maxweight":"7.5"}},{"type":"Feature","geometry":{"type":"Point","coordinates":[14.0086897,51.1814448]},"properties":{"maxweight":"7.5"}},{"type":"Feature","geometry":{"type":"Point","coordinates":[14.8990871,51.2267382]},"properties":{"maxweight":"7.5"}},{"type":"Feature","geometry":{"type":"Point","coordinates":[14.9113983,51.2213794]},"properties":{"maxweight":"7.5"}},{"type":"Feature","geometry":{"type":"Point","coordinates":[14.0176472,51.0838098]},"properties":{"hgv":"delivery"}},{"type":"Feature","geometry":{"type":"Point","coordinates":[14.8990254,51.2239714]},"properties":{"maxweight":"7.5"}},{"type":"Feature","geometry":{"type":"Point","coordinates":[14.8843795,51.263663]},"properties":{"maxweight":"7.5"}},{"type":"Feature","geometry":{"type":"Point","coordinates":[14.6523553,51.2360951]},"properties":{"maxweight":"3"}},{"type":"Feature","geometry":{"type":"Point","coordinates":[14.6657286,51.2070932]},"properties":{"maxheight":"default"}},{"type":"Feature","geometry":{"type":"Point","coordinates":[14.0980179,51.8370588]},"properties":{"maxwidth":"1.9","maxlength":"9.5"}},{"type":"Feature","geometry":{"type":"Point","coordinates":[14.0864741,51.851711]},"properties":{"maxwidth":"1.9","maxlength":"9.5"}},{"type":"Feature","geometry":{"type":"Point","coordinates":[14.1145612,51.8385325]},"properties":{"maxwidth":"1.9","maxlength":"9.5"}},{"type":"Feature","geometry":{"type":"Point","coordinates":[14.1277974,51.8318251]},"properties":{"maxwidth":"1.9","maxlength":"9.5"}},{"type":"Feature","geometry":{"type":"Point","coordinates":[14.1209131,51.8339524]},"properties":{"maxwidth":"1.9","maxlength":"9.5"}},{"type":"Feature","geometry":{"type":"Point","coordinates":[14.0785673,51.8364031]},"properties":{"maxwidth":"1.9","maxlength":"9.5"}},{"type":"Feature","geometry":{"type":"Point","coordinates":[14.0821484,51.8560241]},"properties":{"maxwidth":"1.9","maxlength":"9.5"}},{"type":"Feature","geometry":{"type":"Point","coordinates":[14.0915706,51.847926]},"properties":{"maxwidth":"1.9","maxlength":"9.5"}},{"type":"Feature","geometry":{"type":"Point","coordinates":[14.4325998,51.1698971]},"properties":{"maxheight":"4.5"}},{"type":"Feature","geometry":{"type":"Point","coordinates":[14.42005,51.1803938]},"properties":{"maxweight":"5"}},{"type":"Feature","geometry":{"type":"Point","coordinates":[14.419307,51.180065]},"properties":{"maxweight":"5"}},{"type":"Feature","geometry":{"type":"Point","coordinates":[14.9958985,51.1567011]},"properties":{"hgv":"no"}},{"type":"Feature","geometry":{"type":"Point","coordinates":[14.4394321,51.1923555]},"properties":{"maxweight":"3.5"}},{"type":"Feature","geometry":{"type":"Point","coordinates":[14.9352716,51.213779]},"properties":{"maxheight":"default"}},{"type":"Feature","geometry":{"type":"Point","coordinates":[14.0366411,51.857897]},"properties":{"maxwidth":"1.9","maxlength":"9.5"}},{"type":"Feature","geometry":{"type":"Point","coordinates":[14.0039298,51.8697343]},"properties":{"maxwidth":"1.9","maxlength":"9.5"}},{"type":"Feature","geometry":{"type":"Point","coordinates":[14.0721536,51.2599852]},"properties":{"maxheight":"3.5"}},{"type":"Feature","geometry":{"type":"Point","coordinates":[14.1329862,51.1979977]},"properties":{"hgv":"delivery"}},{"type":"Feature","geometry":{"type":"Point","coordinates":[14.1041739,51.207814]},"properties":{"hgv":"no"}},{"type":"Feature","geometry":{"type":"Point","coordinates":[14.1298134,51.1996955]},"properties":{"hgv":"delivery"}},{"type":"Feature","geometry":{"type":"Point","coordinates":[14.4848849,51.1752321]},"properties":{"hgv":"delivery"}},{"type":"Feature","geometry":{"type":"Point","coordinates":[14.5560049,51.0305977]},"properties":{"maxweight":"1.5"}},{"type":"Feature","geometry":{"type":"Point","coordinates":[14.0029652,51.8642573]},"properties":{"maxwidth":"1.9","maxlength":"9.5"}},{"type":"Feature","geometry":{"type":"Point","coordinates":[14.0298359,51.0350046]},"properties":{"maxheight":"3.3"}},{"type":"Feature","geometry":{"type":"Point","coordinates":[14.3945386,51.2436822]},"properties":{"maxweight":"2.5"}},{"type":"Feature","geometry":{"type":"Point","coordinates":[14.4384738,51.1665599]},"properties":{"maxweight":"2.8"}},{"type":"Feature","geometry":{"type":"Point","coordinates":[14.4412035,51.1943713]},"properties":{"maxweight":"3.5"}},{"type":"Feature","geometry":{"type":"Point","coordinates":[14.4411424,51.2698016]},"properties":{"hgv":"no"}},{"type":"Feature","geometry":{"type":"Point","coordinates":[14.4594121,51.2689329]},"properties":{"maxweight":"1.5"}},{"type":"Feature","geometry":{"type":"Point","coordinates":[14.452583,51.2701803]},"properties":{"maxweight":"1.5"}},{"type":"Feature","geometry":{"type":"Point","coordinates":[14.0408781,51.4015944]},"properties":{"hgv":"delivery"}},{"type":"Feature","geometry":{"type":"Point","coordinates":[14.0758669,51.2898578]},"properties":{"maxheight":"4"}},{"type":"Feature","geometry":{"type":"Point","coordinates":[14.0766731,51.289725]},"properties":{"maxheight":"4"}},{"type":"Feature","geometry":{"type":"Point","coordinates":[14.620852,51.722636]},"properties":{"hgv":"delivery"}},{"type":"Feature","geometry":{"type":"Point","coordinates":[14.0343818,51.9026991]},"properties":{"maxweight":"12"}},{"type":"Feature","geometry":{"type":"Point","coordinates":[14.5473038,51.1269994]},"properties":{"maxweight":"2"}},{"type":"Feature","geometry":{"type":"Point","coordinates":[14.0301806,51.8553845]},"properties":{"maxwidth":"1.9","maxlength":"9.5"}},{"type":"Feature","geometry":{"type":"Point","coordinates":[14.0154327,51.857874]},"properties":{"maxwidth":"1.9","maxlength":"9.5"}},{"type":"Feature","geometry":{"type":"Point","coordinates":[14.0288242,51.8776023]},"properties":{"maxwidth":"1.9","maxlength":"9.5"}},{"type":"Feature","geometry":{"type":"Point","coordinates":[14.0565664,51.8941348]},"properties":{"maxwidth":"1.9","maxlength":"9.5"}},{"type":"Feature","geometry":{"type":"Point","coordinates":[14.0325759,51.8940154]},"properties":{"maxwidth":"1.9","maxlength":"9.5"}},{"type":"Feature","geometry":{"type":"Point","coordinates":[14.5138616,51.2068016]},"properties":{"maxheight":"1.7"}},{"type":"Feature","geometry":{"type":"Point","coordinates":[14.5934477,51.5381352]},"properties":{"maxweight":"12"}},{"type":"Feature","geometry":{"type":"Point","coordinates":[14.5985911,51.1043095]},"properties":{"hgv":"no"}},{"type":"Feature","geometry":{"type":"Point","coordinates":[14.9591232,51.3823725]},"properties":{"maxweight":"3,5"}},{"type":"Feature","geometry":{"type":"Point","coordinates":[14.1745595,51.2241326]},"properties":{"hgv":"no"}},{"type":"Feature","geometry":{"type":"Point","coordinates":[14.7778,51.2978524]},"properties":{"hgv":"no"}},{"type":"Feature","geometry":{"type":"Point","coordinates":[14.7980623,51.2997511]},"properties":{"maxweight":"3.5"}},{"type":"Feature","geometry":{"type":"Point","coordinates":[14.0666406,51.3737003]},"properties":{"hgv":"no"}},{"type":"Feature","geometry":{"type":"Point","coordinates":[14.3702525,51.7066673]},"properties":{"maxweight":"6"}},{"type":"Feature","geometry":{"type":"Point","coordinates":[14.0100702,51.185122]},"properties":{"maxheight":"4"}},{"type":"Feature","geometry":{"type":"Point","coordinates":[14.5904262,51.3527581]},"properties":{"maxweight":"5.5"}},{"type":"Feature","geometry":{"type":"Point","coordinates":[14.5790897,51.2163374]},"properties":{"maxweight":"7.5"}},{"type":"Feature","geometry":{"type":"Point","coordinates":[14.0047458,51.1548912]},"properties":{"maxheight":"default"}},{"type":"Feature","geometry":{"type":"Point","coordinates":[14.1260807,51.1735294]},"properties":{"maxheight":"default"}},{"type":"Feature","geometry":{"type":"Point","coordinates":[14.1269666,51.1735143]},"properties":{"maxheight":"default"}},{"type":"Feature","geometry":{"type":"Point","coordinates":[14.0919552,51.2694614]},"properties":{"maxweight":"10"}},{"type":"Feature","geometry":{"type":"Point","coordinates":[14.4000882,51.8575409]},"properties":{"maxweight":"3"}},{"type":"Feature","geometry":{"type":"Point","coordinates":[14.7088124,51.3612248]},"properties":{"maxweight":"7.5"}},{"type":"Feature","geometry":{"type":"Point","coordinates":[14.3568907,51.7826589]},"properties":{"maxheight":"4"}},{"type":"Feature","geometry":{"type":"Point","coordinates":[14.3464994,51.7391659]},"properties":{"maxweight":"16"}},{"type":"Feature","geometry":{"type":"Point","coordinates":[14.095524,51.2883506]},"properties":{"maxweight":"1.5"}},{"type":"Feature","geometry":{"type":"Point","coordinates":[14.1468265,51.2855049]},"properties":{"maxweight":"2.8"}},{"type":"Feature","geometry":{"type":"Point","coordinates":[14.8996482,51.135096]},"properties":{"maxheight":"3.5"}},{"type":"Feature","geometry":{"type":"Point","coordinates":[14.0956982,51.290868]},"properties":{"maxweight":"1.5"}},{"type":"Feature","geometry":{"type":"Point","coordinates":[14.1502927,51.2743264]},"properties":{"hgv":"no"}},{"type":"Feature","geometry":{"type":"Point","coordinates":[14.0928238,51.2678908]},"properties":{"hgv":"no"}},{"type":"Feature","geometry":{"type":"Point","coordinates":[14.1359108,51.2555722]},"properties":{"maxweight":"7.5"}},{"type":"Feature","geometry":{"type":"Point","coordinates":[14.139746,51.2511581]},"properties":{"hgv":"delivery"}},{"type":"Feature","geometry":{"type":"Point","coordinates":[14.1320175,51.2352221]},"properties":{"maxweight":"1.5"}},{"type":"Feature","geometry":{"type":"Point","coordinates":[14.3547864,51.2470717]},"properties":{"maxweight":"7.5"}},{"type":"Feature","geometry":{"type":"Point","coordinates":[14.0596649,51.2711013]},"properties":{"hgv":"agricultural"}},{"type":"Feature","geometry":{"type":"Point","coordinates":[14.0592764,51.1991589]},"properties":{"maxweight":"3.5"}},{"type":"Feature","geometry":{"type":"Point","coordinates":[14.1100079,51.8643457]},"properties":{"maxweight":"12"}},{"type":"Feature","geometry":{"type":"Point","coordinates":[14.4407164,51.187441]},"properties":{"maxweight":"3.5"}},{"type":"Feature","geometry":{"type":"Point","coordinates":[14.4404956,51.1934563]},"properties":{"maxweight":"3.5"}},{"type":"Feature","geometry":{"type":"Point","coordinates":[14.436645,51.1914517]},"properties":{"maxweight":"3.5"}},{"type":"Feature","geometry":{"type":"Point","coordinates":[14.4427565,51.1927714]},"properties":{"maxweight":"3.5"}},{"type":"Feature","geometry":{"type":"Point","coordinates":[14.3272429,51.2661997]},"properties":{"hgv":"destination"}},{"type":"Feature","geometry":{"type":"Point","coordinates":[14.3332074,51.2579219]},"properties":{"hgv":"no","maxweight":"1.5"}},{"type":"Feature","geometry":{"type":"Point","coordinates":[14.3510799,51.2553115]},"properties":{"hgv":"no","maxweight":"1.5"}},{"type":"Feature","geometry":{"type":"Point","coordinates":[14.1323669,51.2224989]},"properties":{"hgv":"delivery"}},{"type":"Feature","geometry":{"type":"Point","coordinates":[14.1325875,51.2221522]},"properties":{"hgv":"delivery"}},{"type":"Feature","geometry":{"type":"Point","coordinates":[14.111993,51.2021355]},"properties":{"hgv":"no"}},{"type":"Feature","geometry":{"type":"Point","coordinates":[14.5523033,51.0278356]},"properties":{"hgv":"no"}},{"type":"Feature","geometry":{"type":"Point","coordinates":[14.3233552,51.2521345]},"properties":{"maxweight":"1.5"}},{"type":"Feature","geometry":{"type":"Point","coordinates":[14.3849804,51.8071921]},"properties":{"maxweight":"7.5"}},{"type":"Feature","geometry":{"type":"Point","coordinates":[14.6658409,51.1041058]},"properties":{"hgv":"no"}},{"type":"Feature","geometry":{"type":"Point","coordinates":[14.0930883,51.8696562]},"properties":{"maxwidth":"1.9","maxlength":"9.5"}},{"type":"Feature","geometry":{"type":"Point","coordinates":[14.0839091,51.8586178]},"properties":{"maxwidth":"1.9","maxlength":"9.5"}},{"type":"Feature","geometry":{"type":"Point","coordinates":[14.0959069,51.8503079]},"properties":{"maxwidth":"1.9","maxlength":"9.5"}},{"type":"Feature","geometry":{"type":"Point","coordinates":[14.0899771,51.8638324]},"properties":{"maxwidth":"1.9","maxlength":"9.5"}},{"type":"Feature","geometry":{"type":"Point","coordinates":[14.1038053,51.8655435]},"properties":{"maxwidth":"1.9","maxlength":"9.5"}},{"type":"Feature","geometry":{"type":"Point","coordinates":[14.1173969,51.8709113]},"properties":{"maxwidth":"1.9","maxlength":"9.5"}},{"type":"Feature","geometry":{"type":"Point","coordinates":[14.7790982,51.0674542]},"properties":{"hgv":"agricultural"}},{"type":"Feature","geometry":{"type":"Point","coordinates":[14.5057228,51.1682726]},"properties":{"hgv":"no"}},{"type":"Feature","geometry":{"type":"Point","coordinates":[14.9037401,51.2716804]},"properties":{"maxweight":"3.5"}},{"type":"Feature","geometry":{"type":"Point","coordinates":[14.3932249,51.2441444]},"properties":{"hgv":"agricultural;delivery"}},{"type":"Feature","geometry":{"type":"Point","coordinates":[14.2098166,51.3382622]},"properties":{"hgv":"agricultural"}},{"type":"Feature","geometry":{"type":"Point","coordinates":[14.5340539,51.5297753]},"properties":{"maxweight":"2.5"}},{"type":"Feature","geometry":{"type":"Point","coordinates":[14.9894103,51.1553387]},"properties":{"maxweight":"7.5"}},{"type":"Feature","geometry":{"type":"Point","coordinates":[14.9903745,51.1552693]},"properties":{"maxweight":"7.5"}},{"type":"Feature","geometry":{"type":"Point","coordinates":[14.9892138,51.154832]},"properties":{"maxweight":"7.5"}},{"type":"Feature","geometry":{"type":"Point","coordinates":[14.934469,51.177148]},"properties":{"maxweight":"1"}},{"type":"Feature","geometry":{"type":"Point","coordinates":[14.3433022,51.1597066]},"properties":{"maxweight":"3.5"}},{"type":"Feature","geometry":{"type":"Point","coordinates":[14.5401091,51.5305867]},"properties":{"maxweight":"2.8"}},{"type":"Feature","geometry":{"type":"Point","coordinates":[14.7043044,51.5259129]},"properties":{"hgv":"no","maxwidth":"2.2","maxweight":"3"}},{"type":"Feature","geometry":{"type":"Point","coordinates":[14.6497802,51.205792]},"properties":{"maxheight":"3.4","maxweight":"1.5"}},{"type":"Feature","geometry":{"type":"Point","coordinates":[14.4297659,51.0772923]},"properties":{"maxweight":"7.5"}},{"type":"Feature","geometry":{"type":"Point","coordinates":[14.3184488,51.1771578]},"properties":{"maxweight":"7.5"}},{"type":"Feature","geometry":{"type":"Point","coordinates":[14.5301187,51.1635506]},"properties":{"maxweight":"9"}},{"type":"Feature","geometry":{"type":"Point","coordinates":[14.8852182,51.220588]},"properties":{"maxweight":"7.5"}},{"type":"Feature","geometry":{"type":"Point","coordinates":[14.872043,51.2259851]},"properties":{"maxweight":"7.5"}},{"type":"Feature","geometry":{"type":"Point","coordinates":[14.8871475,51.220206]},"properties":{"maxweight":"7.5"}},{"type":"Feature","geometry":{"type":"Point","coordinates":[14.0190751,51.8590996]},"properties":{"maxwidth":"1.9","maxlength":"9.5"}},{"type":"Feature","geometry":{"type":"Point","coordinates":[14.0268591,51.8602013]},"properties":{"maxwidth":"1.9","maxlength":"9.5"}},{"type":"Feature","geometry":{"type":"Point","coordinates":[14.903434,51.1958019]},"properties":{"maxweight":"3.5"}},{"type":"Feature","geometry":{"type":"Point","coordinates":[14.86855,51.0297054]},"properties":{"maxweight":"30"}},{"type":"Feature","geometry":{"type":"Point","coordinates":[14.0066108,51.8543277]},"properties":{"maxwidth":"1.9","maxlength":"9.5"}},{"type":"Feature","geometry":{"type":"Point","coordinates":[14.7410756,51.6888677]},"properties":{"maxweight":"5"}},{"type":"Feature","geometry":{"type":"Point","coordinates":[14.0098644,51.181065]},"properties":{"maxweight":"3.5"}},{"type":"Feature","geometry":{"type":"Point","coordinates":[14.2013399,51.0264241]},"properties":{"hgv":"delivery"}},{"type":"Feature","geometry":{"type":"Point","coordinates":[14.2088134,51.0241174]},"properties":{"maxheight":"default"}},{"type":"Feature","geometry":{"type":"Point","coordinates":[14.2208881,51.0206122]},"properties":{"maxheight":"3.7"}},{"type":"Feature","geometry":{"type":"Point","coordinates":[14.3503416,51.0989644]},"properties":{"maxweight":"5"}},{"type":"Feature","geometry":{"type":"Point","coordinates":[14.0476016,51.8575263]},"properties":{"maxwidth":"1.9","maxlength":"9.5"}},{"type":"Feature","geometry":{"type":"Point","coordinates":[14.0375033,51.8575196]},"properties":{"maxwidth":"1.9","maxlength":"9.5"}},{"type":"Feature","geometry":{"type":"Point","coordinates":[14.0371309,51.857418]},"properties":{"maxwidth":"1.9","maxlength":"9.5"}},{"type":"Feature","geometry":{"type":"Point","coordinates":[14.0368878,51.8573671]},"properties":{"maxwidth":"1.9","maxlength":"9.5"}},{"type":"Feature","geometry":{"type":"Point","coordinates":[14.0505679,51.854344]},"properties":{"maxwidth":"1.9","maxlength":"9.5"}},{"type":"Feature","geometry":{"type":"Point","coordinates":[14.02562,51.8136239]},"properties":{"maxheight":"default"}},{"type":"Feature","geometry":{"type":"Point","coordinates":[14.048949,51.8158921]},"properties":{"hgv":"no","maxweight":"3.5"}},{"type":"Feature","geometry":{"type":"Point","coordinates":[14.0820216,51.8314759]},"properties":{"maxweight":"9"}},{"type":"Feature","geometry":{"type":"Point","coordinates":[14.726377,51.5372462]},"properties":{"maxheight":"4"}},{"type":"Feature","geometry":{"type":"Point","coordinates":[14.9542318,51.1546411]},"properties":{"hgv":"no"}},{"type":"Feature","geometry":{"type":"Point","coordinates":[14.9550739,51.1547987]},"properties":{"hgv":"no"}},{"type":"Feature","geometry":{"type":"Point","coordinates":[14.1392744,51.2962261]},"properties":{"maxwidth":"1"}},{"type":"Feature","geometry":{"type":"Point","coordinates":[14.0546675,51.8191276]},"properties":{"hgv":"no","maxweight":"3.5"}},{"type":"Feature","geometry":{"type":"Point","coordinates":[14.0521605,51.8922289]},"properties":{"maxwidth":"1.9","maxlength":"9.5"}},{"type":"Feature","geometry":{"type":"Point","coordinates":[14.5050754,51.0986458]},"properties":{"maxwidth":"1.8","maxweight":"1.5"}},{"type":"Feature","geometry":{"type":"Point","coordinates":[14.6437411,51.7419622]},"properties":{"hgv":"yes","goods":"yes"}},{"type":"Feature","geometry":{"type":"Point","coordinates":[14.6509943,51.7422191]},"properties":{"hgv":"yes","goods":"yes"}},{"type":"Feature","geometry":{"type":"Point","coordinates":[14.0130829,51.8701098]},"properties":{"maxwidth":"1.9","maxlength":"9.5"}},{"type":"Feature","geometry":{"type":"Point","coordinates":[14.0638998,51.8378947]},"properties":{"maxwidth":"1.9","maxlength":"9.5"}},{"type":"Feature","geometry":{"type":"Point","coordinates":[14.0897422,51.8372845]},"properties":{"maxwidth":"1.9","maxlength":"9.5"}},{"type":"Feature","geometry":{"type":"Point","coordinates":[14.0860635,51.8343715]},"properties":{"maxwidth":"1.9","maxlength":"9.5"}},{"type":"Feature","geometry":{"type":"Point","coordinates":[14.0980913,51.8458098]},"properties":{"maxwidth":"1.9","maxlength":"9.5"}},{"type":"Feature","geometry":{"type":"Point","coordinates":[14.1228763,51.852833]},"properties":{"maxwidth":"1.9","maxlength":"9.5"}},{"type":"Feature","geometry":{"type":"Point","coordinates":[14.0940915,51.863996]},"properties":{"maxwidth":"1.9","maxlength":"9.5"}},{"type":"Feature","geometry":{"type":"Point","coordinates":[14.1402502,51.8624635]},"properties":{"maxwidth":"1.9","maxlength":"9.5"}},{"type":"Feature","geometry":{"type":"Point","coordinates":[14.1125071,51.8720465]},"properties":{"maxwidth":"1.9","maxlength":"9.5"}},{"type":"Feature","geometry":{"type":"Point","coordinates":[14.172884,51.8537811]},"properties":{"maxweight":"16"}},{"type":"Feature","geometry":{"type":"Point","coordinates":[14.1769774,51.8553215]},"properties":{"maxweight":"16"}},{"type":"Feature","geometry":{"type":"Point","coordinates":[14.795001,51.1609731]},"properties":{"maxweight":"7.5"}},{"type":"Feature","geometry":{"type":"Point","coordinates":[14.1267877,51.8693793]},"properties":{"maxweight":"16"}},{"type":"Feature","geometry":{"type":"Point","coordinates":[14.448004,51.0335784]},"properties":{"hgv":"no"}},{"type":"Feature","geometry":{"type":"Point","coordinates":[14.5040638,51.043697]},"properties":{"maxweight":"22"}},{"type":"Feature","geometry":{"type":"Point","coordinates":[14.1607265,51.2659474]},"properties":{"hgv":"no"}},{"type":"Feature","geometry":{"type":"Point","coordinates":[14.3001404,51.0990743]},"properties":{"maxweight":"12"}},{"type":"Feature","geometry":{"type":"Point","coordinates":[14.2813568,51.096218]},"properties":{"maxweight":"9"}},{"type":"Feature","geometry":{"type":"Point","coordinates":[14.2790773,51.0964289]},"properties":{"maxweight":"24"}},{"type":"Feature","geometry":{"type":"Point","coordinates":[14.2749616,51.0963836]},"properties":{"maxweight":"16"}},{"type":"Feature","geometry":{"type":"Point","coordinates":[14.2778188,51.0968013]},"properties":{"maxwidth":"2"}},{"type":"Feature","geometry":{"type":"Point","coordinates":[14.272007,51.0959599]},"properties":{"maxweight":"12"}},{"type":"Feature","geometry":{"type":"Point","coordinates":[14.2874099,51.096893]},"properties":{"maxweight":"12"}},{"type":"Feature","geometry":{"type":"Point","coordinates":[14.2886343,51.0969962]},"properties":{"maxweight":"30"}},{"type":"Feature","geometry":{"type":"Point","coordinates":[14.2917327,51.0972129]},"properties":{"maxweight":"6"}},{"type":"Feature","geometry":{"type":"Point","coordinates":[14.3119576,51.0963385]},"properties":{"maxweight":"30"}},{"type":"Feature","geometry":{"type":"Point","coordinates":[14.1484569,51.3008159]},"properties":{"hgv":"destination"}},{"type":"Feature","geometry":{"type":"Point","coordinates":[14.147083,51.2873745]},"properties":{"maxweight":"2.8"}},{"type":"Feature","geometry":{"type":"Point","coordinates":[14.2332056,51.1227457]},"properties":{"maxweight":"9"}},{"type":"Feature","geometry":{"type":"Point","coordinates":[14.2830444,51.7245163]},"properties":{"maxheight":"2.5","maxweight":"3.5"}},{"type":"Feature","geometry":{"type":"Point","coordinates":[14.2276954,51.3165695]},"properties":{"hgv":"no"}},{"type":"Feature","geometry":{"type":"Point","coordinates":[14.09953,51.869851]},"properties":{"maxwidth":"1.9","maxlength":"9.5"}},{"type":"Feature","geometry":{"type":"Point","coordinates":[14.0832409,51.8632297]},"properties":{"maxwidth":"1.9","maxlength":"9.5"}},{"type":"Feature","geometry":{"type":"Point","coordinates":[14.0881539,51.867723]},"properties":{"maxwidth":"1.9","maxlength":"9.5"}},{"type":"Feature","geometry":{"type":"Point","coordinates":[14.0135205,51.8533716]},"properties":{"maxwidth":"1.9","maxlength":"9.5"}},{"type":"Feature","geometry":{"type":"Point","coordinates":[14.4428979,51.0480733]},"properties":{"maxweight":"7.5"}},{"type":"Feature","geometry":{"type":"Point","coordinates":[14.1235503,51.165145]},"properties":{"hgv":"delivery"}},{"type":"Feature","geometry":{"type":"Point","coordinates":[14.0867865,51.8313026]},"properties":{"maxwidth":"1.9","maxlength":"9.5"}},{"type":"Feature","geometry":{"type":"Point","coordinates":[14.0958128,51.8174894]},"properties":{"hgv":"no"}},{"type":"Feature","geometry":{"type":"Point","coordinates":[14.0980446,51.819383]},"properties":{"goods":"yes"}},{"type":"Feature","geometry":{"type":"Point","coordinates":[14.1003796,51.820409]},"properties":{"maxweight":"5.5"}},{"type":"Feature","geometry":{"type":"Point","coordinates":[14.1002852,51.819675]},"properties":{"goods":"yes","maxweight":"5.5"}},{"type":"Feature","geometry":{"type":"Point","coordinates":[14.0824778,51.8263206]},"properties":{"maxwidth":"1.9","maxlength":"9.5"}},{"type":"Feature","geometry":{"type":"Point","coordinates":[14.0995239,51.8208089]},"properties":{"maxweight":"5.5"}},{"type":"Feature","geometry":{"type":"Point","coordinates":[14.0993439,51.8208186]},"properties":{"maxweight":"5.5"}},{"type":"Feature","geometry":{"type":"Point","coordinates":[14.0897319,51.7993438]},"properties":{"maxweight":"7.5"}},{"type":"Feature","geometry":{"type":"Point","coordinates":[14.3142993,51.2156553]},"properties":{"maxweight":"10"}},{"type":"Feature","geometry":{"type":"Point","coordinates":[14.1838843,51.2377741]},"properties":{"hgv":"agricultural"}},{"type":"Feature","geometry":{"type":"Point","coordinates":[14.0179941,51.1856979]},"properties":{"hgv":"private;delivery"}},{"type":"Feature","geometry":{"type":"Point","coordinates":[14.0098013,51.1844234]},"properties":{"maxheight":"3.9"}},{"type":"Feature","geometry":{"type":"Point","coordinates":[14.1218176,51.8370122]},"properties":{"maxweight":"9"}},{"type":"Feature","geometry":{"type":"Point","coordinates":[14.1228247,51.8369073]},"properties":{"maxweight":"9"}},{"type":"Feature","geometry":{"type":"Point","coordinates":[14.1004959,51.8196174]},"properties":{"goods":"yes"}},{"type":"Feature","geometry":{"type":"Point","coordinates":[14.0257061,51.2425313]},"properties":{"hgv":"no"}},{"type":"Feature","geometry":{"type":"Point","coordinates":[14.1278542,51.8450695]},"properties":{"maxweight":"3.5"}},{"type":"Feature","geometry":{"type":"Point","coordinates":[14.1278199,51.8449957]},"properties":{"maxweight":"3.5"}},{"type":"Feature","geometry":{"type":"Point","coordinates":[14.1268033,51.864897]},"properties":{"maxweight":"30"}},{"type":"Feature","geometry":{"type":"Point","coordinates":[14.1350874,51.8304114]},"properties":{"maxweight":"16"}},{"type":"Feature","geometry":{"type":"Point","coordinates":[14.1357988,51.8319925]},"properties":{"maxweight":"16"}},{"type":"Feature","geometry":{"type":"Point","coordinates":[14.1233359,51.8327282]},"properties":{"maxweight":"16"}},{"type":"Feature","geometry":{"type":"Point","coordinates":[14.1055032,51.8331193]},"properties":{"maxwidth":"1.9","maxlength":"9.5"}},{"type":"Feature","geometry":{"type":"Point","coordinates":[14.0994228,51.8274918]},"properties":{"maxweight":"9"}},{"type":"Feature","geometry":{"type":"Point","coordinates":[14.0925961,51.8291834]},"properties":{"maxweight":"16"}},{"type":"Feature","geometry":{"type":"Point","coordinates":[14.1392041,51.8264969]},"properties":{"maxwidth":"1.9","maxlength":"9.5"}},{"type":"Feature","geometry":{"type":"Point","coordinates":[14.0414395,51.8534457]},"properties":{"maxwidth":"1.9","maxlength":"9.5"}},{"type":"Feature","geometry":{"type":"Point","coordinates":[14.0508093,51.8539122]},"properties":{"maxwidth":"1.9","maxlength":"9.5"}},{"type":"Feature","geometry":{"type":"Point","coordinates":[14.0484912,51.8616371]},"properties":{"maxwidth":"1.9","maxlength":"9.5"}},{"type":"Feature","geometry":{"type":"Point","coordinates":[14.0789666,51.8471306]},"properties":{"maxwidth":"1.9","maxlength":"9.5"}},{"type":"Feature","geometry":{"type":"Point","coordinates":[14.0867217,51.8525781]},"properties":{"maxweight":"1.5"}},{"type":"Feature","geometry":{"type":"Point","coordinates":[14.095013,51.8518055]},"properties":{"maxwidth":"1.9","maxlength":"9.5"}},{"type":"Feature","geometry":{"type":"Point","coordinates":[14.1275824,51.8473189]},"properties":{"maxweight":"3.5"}},{"type":"Feature","geometry":{"type":"Point","coordinates":[14.1274985,51.8471168]},"properties":{"maxweight":"3.5"}},{"type":"Feature","geometry":{"type":"Point","coordinates":[14.0767267,51.8605179]},"properties":{"maxweight":"16"}},{"type":"Feature","geometry":{"type":"Point","coordinates":[14.1108985,51.860891]},"properties":{"maxwidth":"1.9","maxlength":"9.5"}},{"type":"Feature","geometry":{"type":"Point","coordinates":[14.0983884,51.8617744]},"properties":{"maxweight":"16"}},{"type":"Feature","geometry":{"type":"Point","coordinates":[14.139863,51.862221]},"properties":{"maxweight":"9"}},{"type":"Feature","geometry":{"type":"Point","coordinates":[14.066792,51.8777632]},"properties":{"maxwidth":"1.9","maxlength":"9.5"}},{"type":"Feature","geometry":{"type":"Point","coordinates":[14.0575993,51.8318475]},"properties":{"goods":"yes","maxweight":"16"}},{"type":"Feature","geometry":{"type":"Point","coordinates":[14.0523149,51.8318249]},"properties":{"goods":"yes","maxweight":"16"}},{"type":"Feature","geometry":{"type":"Point","coordinates":[14.0371395,51.8187842]},"properties":{"hgv":"no"}},{"type":"Feature","geometry":{"type":"Point","coordinates":[14.0389871,51.8208255]},"properties":{"hgv":"no"}},{"type":"Feature","geometry":{"type":"Point","coordinates":[14.0391092,51.8212683]},"properties":{"hgv":"no"}},{"type":"Feature","geometry":{"type":"Point","coordinates":[14.0487452,51.8158328]},"properties":{"hgv":"no","maxweight":"3.5"}},{"type":"Feature","geometry":{"type":"Point","coordinates":[14.0484143,51.815866]},"properties":{"hgv":"no","maxweight":"3.5"}},{"type":"Feature","geometry":{"type":"Point","coordinates":[14.1318548,51.220604]},"properties":{"hgv":"delivery"}},{"type":"Feature","geometry":{"type":"Point","coordinates":[14.0361672,51.0973242]},"properties":{"maxweight":"16"}},{"type":"Feature","geometry":{"type":"Point","coordinates":[14.0238059,51.8915099]},"properties":{"maxwidth":"1.9","maxlength":"9.5"}},{"type":"Feature","geometry":{"type":"Point","coordinates":[14.3631975,51.8617122]},"properties":{"maxweight":"12"}},{"type":"Feature","geometry":{"type":"Point","coordinates":[14.3647036,51.866018]},"properties":{"maxweight":"7.5"}},{"type":"Feature","geometry":{"type":"Point","coordinates":[14.3685699,51.8662782]},"properties":{"maxweight":"7.5"}},{"type":"Feature","geometry":{"type":"Point","coordinates":[14.2677734,51.1204645]},"properties":{"maxweight":"9"}},{"type":"Feature","geometry":{"type":"Point","coordinates":[14.0503532,51.3663323]},"properties":{"maxwidth":"1.5"}},{"type":"Feature","geometry":{"type":"Point","coordinates":[14.8806505,51.0055849]},"properties":{"maxweight":"8"}},{"type":"Feature","geometry":{"type":"Point","coordinates":[14.1111072,51.7130326]},"properties":{"maxheight":"none"}},{"type":"Feature","geometry":{"type":"Point","coordinates":[14.0994818,51.8270502]},"properties":{"maxweight":"16"}},{"type":"Feature","geometry":{"type":"Point","coordinates":[14.0619005,51.4981467]},"properties":{"maxweight":"3.5"}},{"type":"Feature","geometry":{"type":"Point","coordinates":[14.0611517,51.497878]},"properties":{"maxweight":"3.5"}},{"type":"Feature","geometry":{"type":"Point","coordinates":[14.7288265,51.5421553]},"properties":{"hgv":"local","maxweight":"3.5"}},{"type":"Feature","geometry":{"type":"Point","coordinates":[14.1328039,51.745836]},"properties":{"maxweight":"7.5"}},{"type":"Feature","geometry":{"type":"Point","coordinates":[14.073848,51.8804847]},"properties":{"maxwidth":"1.9","maxlength":"9.5"}},{"type":"Feature","geometry":{"type":"Point","coordinates":[14.021531,51.1422241]},"properties":{"hgv":"no"}},{"type":"Feature","geometry":{"type":"Point","coordinates":[14.0711042,51.7841386]},"properties":{"maxweight":"7.5"}},{"type":"Feature","geometry":{"type":"Point","coordinates":[14.1641323,51.2509091]},"properties":{"hgv":"agricultural"}},{"type":"Feature","geometry":{"type":"Point","coordinates":[14.1679566,51.2470452]},"properties":{"hgv":"agricultural","maxheight":"4"}},{"type":"Feature","geometry":{"type":"Point","coordinates":[14.1643105,51.2463022]},"properties":{"hgv":"no"}},{"type":"Feature","geometry":{"type":"Point","coordinates":[14.0214986,51.0784033]},"properties":{"hgv":"no","goods":"no"}},{"type":"Feature","geometry":{"type":"Point","coordinates":[14.0096038,51.0877129]},"properties":{"maxweight":"3"}},{"type":"Feature","geometry":{"type":"Point","coordinates":[14.3398945,51.7142743]},"properties":{"hgv":"delivery"}},{"type":"Feature","geometry":{"type":"Point","coordinates":[14.2389489,51.1319101]},"properties":{"goods":"private"}},{"type":"Feature","geometry":{"type":"Point","coordinates":[14.726733,51.536581]},"properties":{"maxheight":"4"}},{"type":"Feature","geometry":{"type":"Point","coordinates":[14.6873556,51.2081349]},"properties":{"maxweight":"10"}},{"type":"Feature","geometry":{"type":"Point","coordinates":[14.060248,51.3664041]},"properties":{"maxweight":"2.5"}},{"type":"Feature","geometry":{"type":"Point","coordinates":[14.2944372,51.1165003]},"properties":{"maxweight":"9"}},{"type":"Feature","geometry":{"type":"Point","coordinates":[14.2511122,51.7460369]},"properties":{"maxweight":"3.5"}},{"type":"Feature","geometry":{"type":"Point","coordinates":[14.3324431,51.253433]},"properties":{"maxweight":"1.5"}},{"type":"Feature","geometry":{"type":"Point","coordinates":[14.0222749,51.1424502]},"properties":{"hgv":"no"}},{"type":"Feature","geometry":{"type":"Point","coordinates":[14.435966,51.1914455]},"properties":{"maxweight":"3.5"}},{"type":"Feature","geometry":{"type":"Point","coordinates":[14.4346256,51.1921003]},"properties":{"maxweight":"3.5"}},{"type":"Feature","geometry":{"type":"Point","coordinates":[14.4361163,51.1903203]},"properties":{"maxweight":"3.5"}},{"type":"Feature","geometry":{"type":"Point","coordinates":[14.4356339,51.1907925]},"properties":{"maxweight":"3.5"}},{"type":"Feature","geometry":{"type":"Point","coordinates":[14.4351179,51.1912111]},"properties":{"maxweight":"3.5"}},{"type":"Feature","geometry":{"type":"Point","coordinates":[14.4343188,51.1918084]},"properties":{"maxweight":"3.5"}},{"type":"Feature","geometry":{"type":"Point","coordinates":[14.4307544,51.1809725]},"properties":{"maxweight":"5.5"}},{"type":"Feature","geometry":{"type":"Point","coordinates":[14.5922584,51.782972]},"properties":{"hgv":"delivery"}},{"type":"Feature","geometry":{"type":"Point","coordinates":[14.0416157,51.2842834]},"properties":{"hgv":"no"}},{"type":"Feature","geometry":{"type":"Point","coordinates":[14.0655509,51.3520395]},"properties":{"hgv":"delivery"}},{"type":"Feature","geometry":{"type":"Point","coordinates":[14.1679267,51.0955421]},"properties":{"hgv":"agricultural"}},{"type":"Feature","geometry":{"type":"Point","coordinates":[14.0215908,51.5167904]},"properties":{"maxweight":"40"}},{"type":"Feature","geometry":{"type":"Point","coordinates":[14.4019521,51.1696977]},"properties":{"hgv":"no"}},{"type":"Feature","geometry":{"type":"Point","coordinates":[14.4589517,51.1998772]},"properties":{"maxweight":"2.8"}},{"type":"Feature","geometry":{"type":"Point","coordinates":[14.4597519,51.1984557]},"properties":{"maxweight":"2.8"}},{"type":"Feature","geometry":{"type":"Point","coordinates":[14.4596324,51.2002633]},"properties":{"maxweight":"2.8"}},{"type":"Feature","geometry":{"type":"Point","coordinates":[14.7345819,51.0242028]},"properties":{"maxweight":"1.5"}},{"type":"Feature","geometry":{"type":"Point","coordinates":[14.4084896,51.0939685]},"properties":{"hgv":"no"}},{"type":"Feature","geometry":{"type":"Point","coordinates":[14.129462,51.870859]},"properties":{"maxweight":"3"}},{"type":"Feature","geometry":{"type":"Point","coordinates":[14.1110803,51.8553762]},"properties":{"maxweight":"6"}},{"type":"Feature","geometry":{"type":"Point","coordinates":[14.6943442,51.3564635]},"properties":{"maxweight":"7.5"}},{"type":"Feature","geometry":{"type":"Point","coordinates":[14.115267,51.2268166]},"properties":{"hgv":"destination"}},{"type":"Feature","geometry":{"type":"Point","coordinates":[14.0539227,51.8567017]},"properties":{"maxwidth":"1.9","maxlength":"9.5"}},{"type":"Feature","geometry":{"type":"Point","coordinates":[14.0206642,51.8869314]},"properties":{"maxwidth":"1.9","maxlength":"9.5"}},{"type":"Feature","geometry":{"type":"Point","coordinates":[14.020996,51.8873162]},"properties":{"maxwidth":"1.9","maxlength":"9.5"}},{"type":"Feature","geometry":{"type":"Point","coordinates":[14.6159352,51.1071117]},"properties":{"maxweight":"1.5"}},{"type":"Feature","geometry":{"type":"Point","coordinates":[14.1249824,51.5430143]},"properties":{"maxweight":"30"}},{"type":"Feature","geometry":{"type":"Point","coordinates":[14.1694194,51.6094458]},"properties":{"maxweight":"3.5"}},{"type":"Feature","geometry":{"type":"Point","coordinates":[14.4208125,51.3638044]},"properties":{"hgv":"forestry"}},{"type":"Feature","geometry":{"type":"Point","coordinates":[14.197613,51.42069]},"properties":{"hgv":"no"}},{"type":"Feature","geometry":{"type":"Point","coordinates":[14.325538,51.1918258]},"properties":{"hgv":"agricultural"}},{"type":"Feature","geometry":{"type":"Point","coordinates":[14.3371903,51.2584792]},"properties":{"hgv":"no","maxweight":"1.5"}},{"type":"Feature","geometry":{"type":"Point","coordinates":[14.3432799,51.2571739]},"properties":{"hgv":"no","maxweight":"1.5"}},{"type":"Feature","geometry":{"type":"Point","coordinates":[14.5985373,51.1040186]},"properties":{"hgv":"no"}},{"type":"Feature","geometry":{"type":"Point","coordinates":[14.5978585,51.1033681]},"properties":{"hgv":"no"}},{"type":"Feature","geometry":{"type":"Point","coordinates":[14.5974636,51.1029207]},"properties":{"hgv":"no"}},{"type":"Feature","geometry":{"type":"Point","coordinates":[14.7529999,51.317954]},"properties":{"hgv":"no"}},{"type":"Feature","geometry":{"type":"Point","coordinates":[14.7653877,51.3197529]},"properties":{"hgv":"no"}},{"type":"Feature","geometry":{"type":"Point","coordinates":[14.8908153,51.3286557]},"properties":{"hgv":"no"}},{"type":"Feature","geometry":{"type":"Point","coordinates":[14.7362284,51.0173004]},"properties":{"hgv":"delivery"}},{"type":"Feature","geometry":{"type":"Point","coordinates":[14.9648362,51.1691512]},"properties":{"maxheight":"default"}},{"type":"Feature","geometry":{"type":"Point","coordinates":[14.151061,51.2778442]},"properties":{"hgv":"no"}},{"type":"Feature","geometry":{"type":"Point","coordinates":[14.4841056,51.2036676]},"properties":{"maxheight":"default"}},{"type":"Feature","geometry":{"type":"Point","coordinates":[14.0134623,51.7287085]},"properties":{"hgv":"no"}},{"type":"Feature","geometry":{"type":"Point","coordinates":[14.4188837,51.1825804]},"properties":{"maxweight":"3.5"}},{"type":"Feature","geometry":{"type":"Point","coordinates":[14.2772813,51.2475646]},"properties":{"hgv":"no"}},{"type":"Feature","geometry":{"type":"Point","coordinates":[14.1436648,51.1468583]},"properties":{"hgv":"designated"}},{"type":"Feature","geometry":{"type":"Point","coordinates":[14.6309674,51.0363097]},"properties":{"maxweight":"7.5"}},{"type":"Feature","geometry":{"type":"Point","coordinates":[14.2309747,51.0236893]},"properties":{"maxweight":"12"}},{"type":"Feature","geometry":{"type":"Point","coordinates":[14.7462264,51.0035285]},"properties":{"maxweight":"9"}},{"type":"Feature","geometry":{"type":"Point","coordinates":[14.0522636,51.7389447]},"properties":{"maxweight":"6"}},{"type":"Feature","geometry":{"type":"Point","coordinates":[14.0762147,51.717241]},"properties":{"hgv":"no","goods":"no"}},{"type":"Feature","geometry":{"type":"Point","coordinates":[14.1138493,51.7343917]},"properties":{"maxweight":"7.5"}},{"type":"Feature","geometry":{"type":"Point","coordinates":[14.1192934,51.3512452]},"properties":{"maxweight":"10"}},{"type":"Feature","geometry":{"type":"Point","coordinates":[14.9642615,51.1612839]},"properties":{"hgv":"delivery","maxweight":"7.5"}},{"type":"Feature","geometry":{"type":"Point","coordinates":[14.4860878,51.1777373]},"properties":{"hgv":"delivery"}},{"type":"Feature","geometry":{"type":"Point","coordinates":[14.5566368,51.2106633]},"properties":{"hgv":"designated"}},{"type":"Feature","geometry":{"type":"Point","coordinates":[14.5555178,51.2111852]},"properties":{"hgv":"designated"}},{"type":"Feature","geometry":{"type":"Point","coordinates":[14.333105,51.7510599]},"properties":{"maxheight":"3.7"}},{"type":"Feature","geometry":{"type":"Point","coordinates":[14.2255266,51.4619648]},"properties":{"hgv":"no"}},{"type":"Feature","geometry":{"type":"Point","coordinates":[14.9989288,51.1500814]},"properties":{"maxweight":"7.5"}},{"type":"Feature","geometry":{"type":"Point","coordinates":[14.3898916,51.184286]},"properties":{"maxweight":"10"}},{"type":"Feature","geometry":{"type":"Point","coordinates":[14.1299824,51.487354]},"properties":{"maxweight":"3.5"}},{"type":"Feature","geometry":{"type":"Point","coordinates":[14.0945247,51.2672963]},"properties":{"maxweight":"3.5"}},{"type":"Feature","geometry":{"type":"Point","coordinates":[14.3372933,51.7558827]},"properties":{"maxweight":"15"}},{"type":"Feature","geometry":{"type":"Point","coordinates":[14.650476,51.2231171]},"properties":{"maxweight":"7.5"}},{"type":"Feature","geometry":{"type":"Point","coordinates":[14.4500458,51.1668543]},"properties":{"maxweight":"12"}},{"type":"Feature","geometry":{"type":"Point","coordinates":[14.4754497,51.1943552]},"properties":{"hgv":"agricultural"}},{"type":"Feature","geometry":{"type":"Point","coordinates":[14.4755535,51.1942969]},"properties":{"hgv":"agricultural"}},{"type":"Feature","geometry":{"type":"Point","coordinates":[14.4845174,51.1723858]},"properties":{"maxweight":"9"}},{"type":"Feature","geometry":{"type":"Point","coordinates":[14.0300212,51.034316]},"properties":{"maxheight":"3.3"}},{"type":"Feature","geometry":{"type":"Point","coordinates":[14.0915292,51.2648801]},"properties":{"maxheight":"3.6"}},{"type":"Feature","geometry":{"type":"Point","coordinates":[14.7114205,51.5419987]},"properties":{"maxwidth":"3"}},{"type":"Feature","geometry":{"type":"Point","coordinates":[14.2368716,51.2383234]},"properties":{"hgv":"no"}},{"type":"Feature","geometry":{"type":"Point","coordinates":[14.21436,51.2515844]},"properties":{"maxwidth":"2.1"}},{"type":"Feature","geometry":{"type":"Point","coordinates":[14.6011682,51.1933503]},"properties":{"hgv":"private"}},{"type":"Feature","geometry":{"type":"Point","coordinates":[14.9710744,51.0556892]},"properties":{"maxweight":"8"}},{"type":"Feature","geometry":{"type":"Point","coordinates":[14.9719444,51.0610346]},"properties":{"maxweight":"8"}},{"type":"Feature","geometry":{"type":"Point","coordinates":[14.545683,51.3109795]},"properties":{"maxweight":"16"}},{"type":"Feature","geometry":{"type":"Point","coordinates":[14.1053367,51.0012623]},"properties":{"maxweight":"3.5"}},{"type":"Feature","geometry":{"type":"Point","coordinates":[14.5171321,51.1012056]},"properties":{"maxweight":"30"}},{"type":"Feature","geometry":{"type":"Point","coordinates":[14.7214566,51.0293694]},"properties":{"hgv":"no"}},{"type":"Feature","geometry":{"type":"Point","coordinates":[14.6149853,51.5759919]},"properties":{"hgv":"delivery"}},{"type":"Feature","geometry":{"type":"Point","coordinates":[14.4136386,51.18503]},"properties":{"hgv":"no"}},{"type":"Feature","geometry":{"type":"Point","coordinates":[14.413908,51.1853809]},"properties":{"hgv":"no"}},{"type":"Feature","geometry":{"type":"Point","coordinates":[14.4386544,51.196886]},"properties":{"maxheight":"default"}},{"type":"Feature","geometry":{"type":"Point","coordinates":[14.0863641,51.013038]},"properties":{"hgv":"agricultural;forestry"}},{"type":"Feature","geometry":{"type":"Point","coordinates":[14.6281378,51.7309996]},"properties":{"maxheight":"3.5"}},{"type":"Feature","geometry":{"type":"Point","coordinates":[14.6286668,51.7241487]},"properties":{"hgv":"no"}},{"type":"Feature","geometry":{"type":"Point","coordinates":[14.0096693,51.1856615]},"properties":{"maxweight":"7.5"}},{"type":"Feature","geometry":{"type":"Point","coordinates":[14.9647312,51.234994]},"properties":{"maxweight":"5.5"}},{"type":"Feature","geometry":{"type":"Point","coordinates":[14.7979223,51.0267714]},"properties":{"hgv":"no"}},{"type":"Feature","geometry":{"type":"Point","coordinates":[14.7363173,51.0209141]},"properties":{"hgv":"no"}},{"type":"Feature","geometry":{"type":"Point","coordinates":[14.0058689,51.692174]},"properties":{"maxheight":"3.7"}},{"type":"Feature","geometry":{"type":"Point","coordinates":[14.0866986,51.7021942]},"properties":{"maxweight":"7.5"}},{"type":"Feature","geometry":{"type":"Point","coordinates":[14.2179502,51.0200228]},"properties":{"maxheight":"4"}},{"type":"Feature","geometry":{"type":"Point","coordinates":[14.1294898,51.2219138]},"properties":{"hgv":"delivery"}},{"type":"Feature","geometry":{"type":"Point","coordinates":[14.1343643,51.2213285]},"properties":{"hgv":"delivery"}},{"type":"Feature","geometry":{"type":"Point","coordinates":[14.1356981,51.2213477]},"properties":{"hgv":"delivery"}},{"type":"Feature","geometry":{"type":"Point","coordinates":[14.1344362,51.2209183]},"properties":{"hgv":"delivery"}},{"type":"Feature","geometry":{"type":"Point","coordinates":[14.3429578,51.7124767]},"properties":{"hgv":"delivery"}},{"type":"Feature","geometry":{"type":"Point","coordinates":[14.3174023,51.2848168]},"properties":{"maxweight":"1.5"}},{"type":"Feature","geometry":{"type":"Point","coordinates":[14.0443796,51.1433395]},"properties":{"maxweight":"18"}},{"type":"Feature","geometry":{"type":"Point","coordinates":[14.1110981,51.5666739]},"properties":{"hgv":"delivery"}},{"type":"Feature","geometry":{"type":"Point","coordinates":[14.1126309,51.5897571]},"properties":{"hgv":"delivery"}},{"type":"Feature","geometry":{"type":"Point","coordinates":[14.3347356,51.5467528]},"properties":{"hgv":"no"}},{"type":"Feature","geometry":{"type":"Point","coordinates":[14.3503808,51.5341091]},"properties":{"hgv":"no"}},{"type":"Feature","geometry":{"type":"Point","coordinates":[14.4195033,51.1881153]},"properties":{"maxwidth":"2"}},{"type":"Feature","geometry":{"type":"Point","coordinates":[14.2595479,51.7619863]},"properties":{"hgv":"delivery"}},{"type":"Feature","geometry":{"type":"Point","coordinates":[14.2554981,51.7506909]},"properties":{"maxweight":"7.5"}},{"type":"Feature","geometry":{"type":"Point","coordinates":[14.0328676,51.2147969]},"properties":{"maxheight":"3.9"}},{"type":"Feature","geometry":{"type":"Point","coordinates":[14.0929448,51.2620635]},"properties":{"maxheight":"3.9"}},{"type":"Feature","geometry":{"type":"Point","coordinates":[14.0184529,51.1497141]},"properties":{"maxheight":"3.3"}},{"type":"Feature","geometry":{"type":"Point","coordinates":[14.0888742,51.7087246]},"properties":{"maxweight":"7.5"}},{"type":"Feature","geometry":{"type":"Point","coordinates":[14.3764877,51.7166325]},"properties":{"maxheight":"default"}},{"type":"Feature","geometry":{"type":"Point","coordinates":[14.0232559,51.1443509]},"properties":{"hgv":"no"}},{"type":"Feature","geometry":{"type":"Point","coordinates":[14.2748763,51.6952397]},"properties":{"hgv":"destination"}},{"type":"Feature","geometry":{"type":"Point","coordinates":[14.2667295,51.6909681]},"properties":{"hgv":"destination"}},{"type":"Feature","geometry":{"type":"Point","coordinates":[14.2651972,51.708485]},"properties":{"hgv":"no"}},{"type":"Feature","geometry":{"type":"Point","coordinates":[14.4431691,51.1683623]},"properties":{"maxweight":"1.5"}},{"type":"Feature","geometry":{"type":"Point","coordinates":[14.6424129,51.7364582]},"properties":{"hgv":"yes","goods":"yes"}},{"type":"Feature","geometry":{"type":"Point","coordinates":[14.6423264,51.7343459]},"properties":{"hgv":"yes","goods":"yes"}},{"type":"Feature","geometry":{"type":"Point","coordinates":[14.6427032,51.7352988]},"properties":{"hgv":"yes","goods":"yes"}},{"type":"Feature","geometry":{"type":"Point","coordinates":[14.06802,51.3735859]},"properties":{"hgv":"no"}},{"type":"Feature","geometry":{"type":"Point","coordinates":[14.1317054,51.2212629]},"properties":{"hgv":"delivery"}},{"type":"Feature","geometry":{"type":"Point","coordinates":[14.1155947,51.2149878]},"properties":{"maxweight":"5.5"}},{"type":"Feature","geometry":{"type":"Point","coordinates":[14.0594993,51.8442821]},"properties":{"maxwidth":"1.9","maxlength":"9.5"}},{"type":"Feature","geometry":{"type":"Point","coordinates":[14.0462092,51.834543]},"properties":{"maxwidth":"1.9","maxlength":"9.5"}},{"type":"Feature","geometry":{"type":"Point","coordinates":[14.0953711,51.8313991]},"properties":{"maxwidth":"1.9","maxlength":"9.5"}},{"type":"Feature","geometry":{"type":"Point","coordinates":[14.5325272,51.2074354]},"properties":{"maxheight":"default"}},{"type":"Feature","geometry":{"type":"Point","coordinates":[14.0948997,51.8517971]},"properties":{"maxwidth":"1.9","maxlength":"9.5"}},{"type":"Feature","geometry":{"type":"Point","coordinates":[14.0946909,51.8515642]},"properties":{"maxwidth":"1.9","maxlength":"9.5"}},{"type":"Feature","geometry":{"type":"Point","coordinates":[14.0853511,51.049867]},"properties":{"maxweight":"5.5"}},{"type":"Feature","geometry":{"type":"Point","coordinates":[14.0859353,51.0502683]},"properties":{"maxweight":"5.5"}},{"type":"Feature","geometry":{"type":"Point","coordinates":[14.0115815,51.1811499]},"properties":{"maxheight":"3.1"}},{"type":"Feature","geometry":{"type":"Point","coordinates":[14.4663701,51.19562]},"properties":{"maxheight":"default"}},{"type":"Feature","geometry":{"type":"Point","coordinates":[14.0149881,51.1854228]},"properties":{"maxweight":"7.5"}},{"type":"Feature","geometry":{"type":"Point","coordinates":[14.0118204,51.1855156]},"properties":{"maxheight":"2.6"}},{"type":"Feature","geometry":{"type":"Point","coordinates":[14.9848834,51.1104191]},"properties":{"maxweight":"7"}},{"type":"Feature","geometry":{"type":"Point","coordinates":[14.3988867,51.141963]},"properties":{"maxheight":"2.8"}},{"type":"Feature","geometry":{"type":"Point","coordinates":[14.1012307,51.2944924]},"properties":{"maxheight":"3.5"}},{"type":"Feature","geometry":{"type":"Point","coordinates":[14.5430101,51.734854]},"properties":{"hgv":"no"}},{"type":"Feature","geometry":{"type":"Point","coordinates":[14.4595221,51.1913826]},"properties":{"goods":"yes"}},{"type":"Feature","geometry":{"type":"Point","coordinates":[14.1283617,51.1616189]},"properties":{"maxweight":"16"}},{"type":"Feature","geometry":{"type":"Point","coordinates":[14.3596039,51.7111629]},"properties":{"maxweight":"9"}},{"type":"Feature","geometry":{"type":"Point","coordinates":[14.3262403,51.7350028]},"properties":{"maxweight":"12 t"}},{"type":"Feature","geometry":{"type":"Point","coordinates":[14.0115091,51.1814743]},"properties":{"maxweight":"7.5"}},{"type":"Feature","geometry":{"type":"Point","coordinates":[14.3023484,51.2837868]},"properties":{"maxweight":"1.5"}},{"type":"Feature","geometry":{"type":"Point","coordinates":[14.1695616,51.626336]},"properties":{"hgv":"destination"}},{"type":"Feature","geometry":{"type":"Point","coordinates":[14.0858082,51.0224365]},"properties":{"hgv":"no"}},{"type":"Feature","geometry":{"type":"Point","coordinates":[14.3832245,51.6798528]},"properties":{"hgv":"delivery"}},{"type":"Feature","geometry":{"type":"Point","coordinates":[14.6300702,51.230909]},"properties":{"hgv":"agricultural"}},{"type":"Feature","geometry":{"type":"Point","coordinates":[14.07192,51.7870928]},"properties":{"maxweight":"7.5"}},{"type":"Feature","geometry":{"type":"Point","coordinates":[14.7219313,51.9518176]},"properties":{"hgv":"no","maxweight":"3.5"}},{"type":"Feature","geometry":{"type":"Point","coordinates":[14.2280214,51.0380477]},"properties":{"maxweight":"16"}},{"type":"Feature","geometry":{"type":"Point","coordinates":[14.0499516,51.2302784]},"properties":{"maxweight":"3"}},{"type":"Feature","geometry":{"type":"Point","coordinates":[14.0424881,51.1430179]},"properties":{"maxweight":"18"}},{"type":"Feature","geometry":{"type":"Point","coordinates":[14.7619854,51.6185573]},"properties":{"maxheight":"2.4"}},{"type":"Feature","geometry":{"type":"Point","coordinates":[14.4090447,51.1220002]},"properties":{"maxweight":"3.5"}},{"type":"Feature","geometry":{"type":"Point","coordinates":[14.008532,51.8756936]},"properties":{"maxweight":"6"}},{"type":"Feature","geometry":{"type":"Point","coordinates":[14.9528792,51.2027557]},"properties":{"maxheight":"default"}},{"type":"Feature","geometry":{"type":"Point","coordinates":[14.9387911,51.2117068]},"properties":{"maxheight":"default"}},{"type":"Feature","geometry":{"type":"Point","coordinates":[14.046895,51.1800158]},"properties":{"hgv":"no"}},{"type":"Feature","geometry":{"type":"Point","coordinates":[14.8430973,51.2731413]},"properties":{"hgv":"destination"}},{"type":"Feature","geometry":{"type":"Point","coordinates":[14.4984342,51.0562468]},"properties":{"maxweightrating":"7.5"}},{"type":"Feature","geometry":{"type":"Point","coordinates":[14.184023,51.2275469]},"properties":{"hgv":"agricultural"}},{"type":"Feature","geometry":{"type":"Point","coordinates":[14.6719846,51.096458]},"properties":{"hgv":"no"}},{"type":"Feature","geometry":{"type":"Point","coordinates":[14.7483712,51.0124406]},"properties":{"hgv":"no"}},{"type":"Feature","geometry":{"type":"Point","coordinates":[14.6720278,51.0062986]},"properties":{"hgv":"no"}},{"type":"Feature","geometry":{"type":"Point","coordinates":[14.2760143,51.0968195]},"properties":{"maxweight":"12"}},{"type":"Feature","geometry":{"type":"Point","coordinates":[14.5460756,51.0253414]},"properties":{"hgv":"no"}},{"type":"Feature","geometry":{"type":"Point","coordinates":[14.1328951,51.2217802]},"properties":{"hgv":"delivery"}},{"type":"Feature","geometry":{"type":"Point","coordinates":[14.1338191,51.2204633]},"properties":{"hgv":"delivery"}},{"type":"Feature","geometry":{"type":"Point","coordinates":[14.2723142,51.6963755]},"properties":{"hgv":"agricultural;forestry"}},{"type":"Feature","geometry":{"type":"Point","coordinates":[14.0100119,51.5204395]},"properties":{"hgv":"no"}},{"type":"Feature","geometry":{"type":"Point","coordinates":[14.5166488,51.1014098]},"properties":{"maxweight":"30"}},{"type":"Feature","geometry":{"type":"Point","coordinates":[14.271128,51.692938]},"properties":{"hgv":"destination"}},{"type":"Feature","geometry":{"type":"Point","coordinates":[14.1971375,51.4761477]},"properties":{"maxweight":"2.5"}},{"type":"Feature","geometry":{"type":"Point","coordinates":[14.1874802,51.2172629]},"properties":{"hgv":"delivery"}},{"type":"Feature","geometry":{"type":"Point","coordinates":[14.20933,51.0220064]},"properties":{"maxheight":"4"}},{"type":"Feature","geometry":{"type":"Point","coordinates":[14.2227213,51.009453]},"properties":{"maxlength":"10"}},{"type":"Feature","geometry":{"type":"Point","coordinates":[14.4531783,51.0252452]},"properties":{"hgv":"no"}},{"type":"Feature","geometry":{"type":"Point","coordinates":[14.451363,51.0261125]},"properties":{"hgv":"no"}},{"type":"Feature","geometry":{"type":"Point","coordinates":[14.8589566,51.0515081]},"properties":{"maxweight":"6"}},{"type":"Feature","geometry":{"type":"Point","coordinates":[14.73846,51.019113]},"properties":{"maxheight":"3.5"}},{"type":"Feature","geometry":{"type":"Point","coordinates":[14.7387393,51.0161484]},"properties":{"maxheight":"default"}},{"type":"Feature","geometry":{"type":"Point","coordinates":[14.2419831,51.6711187]},"properties":{"hgv":"agricultural"}},{"type":"Feature","geometry":{"type":"Point","coordinates":[14.1847429,51.247149]},"properties":{"hgv":"no"}},{"type":"Feature","geometry":{"type":"Point","coordinates":[14.3807854,51.7959277]},"properties":{"maxweight":"16"}},{"type":"Feature","geometry":{"type":"Point","coordinates":[14.046506,51.227998]},"properties":{"maxweight":"3"}},{"type":"Feature","geometry":{"type":"Point","coordinates":[14.1289367,51.6049178]},"properties":{"maxweight":"1.5"}},{"type":"Feature","geometry":{"type":"Point","coordinates":[14.1351812,51.6032557]},"properties":{"maxweight":"1.5"}},{"type":"Feature","geometry":{"type":"Point","coordinates":[14.4251645,51.1895709]},"properties":{"maxweight":"16"}},{"type":"Feature","geometry":{"type":"Point","coordinates":[14.4249059,51.1896191]},"properties":{"maxweight":"16"}},{"type":"Feature","geometry":{"type":"Point","coordinates":[14.4267814,51.1890834]},"properties":{"maxweight":"16"}},{"type":"Feature","geometry":{"type":"Point","coordinates":[14.6458903,51.0532807]},"properties":{"hgv":"agricultural"}},{"type":"Feature","geometry":{"type":"Point","coordinates":[14.3206496,51.2891419]},"properties":{"maxweight":"5.5"}},{"type":"Feature","geometry":{"type":"Point","coordinates":[14.3351877,51.7138797]},"properties":{"hgv":"delivery"}},{"type":"Feature","geometry":{"type":"Point","coordinates":[14.0552275,51.2880108]},"properties":{"hgv":"destination"}},{"type":"Feature","geometry":{"type":"Point","coordinates":[14.0417825,51.2851032]},"properties":{"hgv":"no"}},{"type":"Feature","geometry":{"type":"Point","coordinates":[14.4331341,51.0774539]},"properties":{"maxweight":"7.5"}},{"type":"Feature","geometry":{"type":"Point","coordinates":[14.2935889,51.7180887]},"properties":{"maxweight":"2.8"}},{"type":"Feature","geometry":{"type":"Point","coordinates":[14.1786147,51.6318957]},"properties":{"hgv":"destination"}},{"type":"Feature","geometry":{"type":"Point","coordinates":[14.8812739,51.0487744]},"properties":{"hgv":"agricultural","goods":"no"}},{"type":"Feature","geometry":{"type":"Point","coordinates":[14.4117692,51.1851056]},"properties":{"hgv":"no"}},{"type":"Feature","geometry":{"type":"Point","coordinates":[14.4135614,51.1851972]},"properties":{"hgv":"no"}},{"type":"Feature","geometry":{"type":"Point","coordinates":[14.0464031,51.7266933]},"properties":{"hgv":"no"}},{"type":"Feature","geometry":{"type":"Point","coordinates":[14.4229743,51.8479246]},"properties":{"maxweight":"7.5"}},{"type":"Feature","geometry":{"type":"Point","coordinates":[14.6455546,51.2097089]},"properties":{"maxheight":"3.8"}},{"type":"Feature","geometry":{"type":"Point","coordinates":[14.0256258,51.5393286]},"properties":{"maxheight":"3.6"}},{"type":"Feature","geometry":{"type":"Point","coordinates":[14.746094,51.0035133]},"properties":{"maxweight":"9"}},{"type":"Feature","geometry":{"type":"Point","coordinates":[14.0635566,51.2217741]},"properties":{"maxweight":"3"}},{"type":"Feature","geometry":{"type":"Point","coordinates":[14.0650465,51.2217928]},"properties":{"maxweight":"3"}},{"type":"Feature","geometry":{"type":"Point","coordinates":[14.0566664,51.2246481]},"properties":{"hgv":"no"}},{"type":"Feature","geometry":{"type":"Point","coordinates":[14.0557391,51.2276246]},"properties":{"maxweight":"1.5"}},{"type":"Feature","geometry":{"type":"Point","coordinates":[14.0566572,51.2268351]},"properties":{"maxweight":"1.5"}},{"type":"Feature","geometry":{"type":"Point","coordinates":[14.9818933,51.1465381]},"properties":{"maxheight":"3.6"}},{"type":"Feature","geometry":{"type":"Point","coordinates":[14.0425627,51.2864786]},"properties":{"hgv":"no"}},{"type":"Feature","geometry":{"type":"Point","coordinates":[14.0425213,51.2861099]},"properties":{"hgv":"no"}},{"type":"Feature","geometry":{"type":"Point","coordinates":[14.1016098,51.2698363]},"properties":{"hgv":"no"}},{"type":"Feature","geometry":{"type":"Point","coordinates":[14.6792752,51.0138042]},"properties":{"hgv":"no"}},{"type":"Feature","geometry":{"type":"Point","coordinates":[14.0076007,51.5201935]},"properties":{"hgv":"no","maxheight":"5.5"}},{"type":"Feature","geometry":{"type":"Point","coordinates":[14.0411229,51.8590232]},"properties":{"maxwidth":"1.9","maxlength":"9.5"}},{"type":"Feature","geometry":{"type":"Point","coordinates":[14.0517512,51.8562788]},"properties":{"maxwidth":"1.9","maxlength":"9.5"}},{"type":"Feature","geometry":{"type":"Point","coordinates":[14.0548898,51.8535669]},"properties":{"maxwidth":"1.9","maxlength":"9.5"}},{"type":"Feature","geometry":{"type":"Point","coordinates":[14.0353351,51.8598463]},"properties":{"maxwidth":"1.9","maxlength":"9.5"}},{"type":"Feature","geometry":{"type":"Point","coordinates":[14.7371848,51.1184366]},"properties":{"maxweight":"16"}},{"type":"Feature","geometry":{"type":"Point","coordinates":[14.3221701,51.2899804]},"properties":{"maxweight":"18"}},{"type":"Feature","geometry":{"type":"Point","coordinates":[14.0039822,51.8747073]},"properties":{"maxwidth":"1.9","maxlength":"9.5"}},{"type":"Feature","geometry":{"type":"Point","coordinates":[14.0089315,51.8749729]},"properties":{"maxwidth":"1.9","maxlength":"9.5"}},{"type":"Feature","geometry":{"type":"Point","coordinates":[14.8996613,51.0021538]},"properties":{"maxweight":"8"}},{"type":"Feature","geometry":{"type":"Point","coordinates":[14.8267959,51.0050244]},"properties":{"maxweight":"15"}},{"type":"Feature","geometry":{"type":"Point","coordinates":[14.1458287,51.8361923]},"properties":{"maxweight":"3.5"}},{"type":"Feature","geometry":{"type":"Point","coordinates":[14.1459767,51.8364995]},"properties":{"maxweight":"3.5"}},{"type":"Feature","geometry":{"type":"Point","coordinates":[14.1454703,51.8354227]},"properties":{"maxweight":"3.5"}},{"type":"Feature","geometry":{"type":"Point","coordinates":[14.146081,51.8367405]},"properties":{"maxweight":"3.5"}},{"type":"Feature","geometry":{"type":"Point","coordinates":[14.1263528,51.8418105]},"properties":{"maxweight":"3.5"}},{"type":"Feature","geometry":{"type":"Point","coordinates":[14.1430604,51.8273398]},"properties":{"hgv":"no"}},{"type":"Feature","geometry":{"type":"Point","coordinates":[14.8078184,51.3808838]},"properties":{"maxweight":"3.5"}},{"type":"Feature","geometry":{"type":"Point","coordinates":[14.4252374,51.1800957]},"properties":{"maxheight":"2.05"}},{"type":"Feature","geometry":{"type":"Point","coordinates":[14.4216973,51.1809393]},"properties":{"maxweight":"2.8"}},{"type":"Feature","geometry":{"type":"Point","coordinates":[14.4211575,51.1808273]},"properties":{"maxweight":"2.8"}},{"type":"Feature","geometry":{"type":"Point","coordinates":[14.0094836,51.177684]},"properties":{"maxweight":"3.5"}},{"type":"Feature","geometry":{"type":"Point","coordinates":[14.8991997,51.3022461]},"properties":{"maxweight":"3.5"}},{"type":"Feature","geometry":{"type":"Point","coordinates":[14.0169291,51.0755152]},"properties":{"hgv":"delivery"}},{"type":"Feature","geometry":{"type":"Point","coordinates":[14.0172362,51.0863377]},"properties":{"hgv":"delivery"}},{"type":"Feature","geometry":{"type":"Point","coordinates":[14.0127638,51.085756]},"properties":{"maxweight":"3"}},{"type":"Feature","geometry":{"type":"Point","coordinates":[14.3348014,51.7123481]},"properties":{"hgv":"delivery"}},{"type":"Feature","geometry":{"type":"Point","coordinates":[14.8318213,51.048495]},"properties":{"hgv":"no"}},{"type":"Feature","geometry":{"type":"Point","coordinates":[14.8315438,51.0467582]},"properties":{"hgv":"no"}},{"type":"Feature","geometry":{"type":"Point","coordinates":[14.8310694,51.0477049]},"properties":{"hgv":"no","maxweight":"5"}},{"type":"Feature","geometry":{"type":"Point","coordinates":[14.7219419,51.3028263]},"properties":{"maxweight":"1.5"}},{"type":"Feature","geometry":{"type":"Point","coordinates":[14.321477,51.3534449]},"properties":{"maxweight":"5"}},{"type":"Feature","geometry":{"type":"Point","coordinates":[14.4300405,51.1804731]},"properties":{"maxheight":"3.80"}},{"type":"Feature","geometry":{"type":"Point","coordinates":[14.6468573,51.7429329]},"properties":{"hgv":"yes","goods":"yes"}},{"type":"Feature","geometry":{"type":"Point","coordinates":[14.4307484,51.0599213]},"properties":{"maxheight":"3.7"}},{"type":"Feature","geometry":{"type":"Point","coordinates":[14.3900548,51.0267788]},"properties":{"hgv":"no","maxweight":"3.5"}},{"type":"Feature","geometry":{"type":"Point","coordinates":[14.4423705,51.1223498]},"properties":{"maxweight":"3.5"}},{"type":"Feature","geometry":{"type":"Point","coordinates":[14.9543552,51.0659967]},"properties":{"maxweight":"30"}},{"type":"Feature","geometry":{"type":"Point","coordinates":[14.6809978,51.1548119]},"properties":{"maxweight":"3"}},{"type":"Feature","geometry":{"type":"Point","coordinates":[14.7578084,51.5168481]},"properties":{"maxweight":"7.5"}},{"type":"Feature","geometry":{"type":"Point","coordinates":[14.9690112,51.162175]},"properties":{"maxweight":"7.5"}},{"type":"Feature","geometry":{"type":"Point","coordinates":[14.1791954,51.6320617]},"properties":{"hgv":"destination"}},{"type":"Feature","geometry":{"type":"Point","coordinates":[14.174447,51.629931]},"properties":{"hgv":"destination"}},{"type":"Feature","geometry":{"type":"Point","coordinates":[14.3048894,51.7513339]},"properties":{"maxheight":"3.6"}},{"type":"Feature","geometry":{"type":"Point","coordinates":[14.6675231,51.0782941]},"properties":{"maxheight":"default"}},{"type":"Feature","geometry":{"type":"Point","coordinates":[14.9934171,51.1562526]},"properties":{"maxweight":"7.5"}},{"type":"Feature","geometry":{"type":"Point","coordinates":[14.3393031,51.7494233]},"properties":{"maxweight":"7.5"}},{"type":"Feature","geometry":{"type":"Point","coordinates":[14.3514097,51.7525492]},"properties":{"maxweight":"7.5"}},{"type":"Feature","geometry":{"type":"Point","coordinates":[14.3367466,51.8121619]},"properties":{"maxweight":"3.5"}},{"type":"Feature","geometry":{"type":"Point","coordinates":[14.3058263,51.7497131]},"properties":{"maxheight":"3.6"}},{"type":"Feature","geometry":{"type":"Point","coordinates":[14.3360572,51.7170189]},"properties":{"hgv":"delivery"}},{"type":"Feature","geometry":{"type":"Point","coordinates":[14.9508161,51.0473107]},"properties":{"maxweight":"7.5"}},{"type":"Feature","geometry":{"type":"Point","coordinates":[14.2460556,51.3842139]},"properties":{"hgv":"no"}},{"type":"Feature","geometry":{"type":"Point","coordinates":[14.2469879,51.3838326]},"properties":{"hgv":"delivery","maxweight":"3.5"}},{"type":"Feature","geometry":{"type":"Point","coordinates":[14.093881,51.267726]},"properties":{"hgv":"no"}},{"type":"Feature","geometry":{"type":"Point","coordinates":[14.1030533,51.2714229]},"properties":{"maxweight":"16"}},{"type":"Feature","geometry":{"type":"Point","coordinates":[14.306384,51.7487936]},"properties":{"maxheight":"3.6"}},{"type":"Feature","geometry":{"type":"Point","coordinates":[14.45334,51.1655047]},"properties":{"maxweight":"3.5"}},{"type":"Feature","geometry":{"type":"Point","coordinates":[14.4512598,51.1661908]},"properties":{"maxweight":"3.5"}},{"type":"Feature","geometry":{"type":"Point","coordinates":[14.4753147,51.1944488]},"properties":{"hgv":"agricultural"}},{"type":"Feature","geometry":{"type":"Point","coordinates":[14.4764879,51.1932681]},"properties":{"hgv":"agricultural"}},{"type":"Feature","geometry":{"type":"Point","coordinates":[14.475388,51.1957942]},"properties":{"hgv":"agricultural"}},{"type":"Feature","geometry":{"type":"Point","coordinates":[14.179011,51.1100814]},"properties":{"maxheight":"default"}},{"type":"Feature","geometry":{"type":"Point","coordinates":[14.3214222,51.3147407]},"properties":{"maxweight":"15"}},{"type":"Feature","geometry":{"type":"Point","coordinates":[14.3257887,51.3131987]},"properties":{"maxweight":"15"}},{"type":"Feature","geometry":{"type":"Point","coordinates":[14.3423624,51.306034]},"properties":{"maxweight":"2.5"}},{"type":"Feature","geometry":{"type":"Point","coordinates":[14.3228872,51.2901802]},"properties":{"maxweight":"18"}},{"type":"Feature","geometry":{"type":"Point","coordinates":[14.3226226,51.2900969]},"properties":{"maxweight":"18"}},{"type":"Feature","geometry":{"type":"Point","coordinates":[14.4044746,51.1139115]},"properties":{"maxweight":"3.5"}},{"type":"Feature","geometry":{"type":"Point","coordinates":[14.403255,51.115558]},"properties":{"maxweight":"3.5"}},{"type":"Feature","geometry":{"type":"Point","coordinates":[14.3211567,51.5523302]},"properties":{"hgv":"delivery"}},{"type":"Feature","geometry":{"type":"Point","coordinates":[14.5883373,51.2427111]},"properties":{"maxweight":"10"}},{"type":"Feature","geometry":{"type":"Point","coordinates":[14.5825834,51.2428319]},"properties":{"maxweight":"10"}},{"type":"Feature","geometry":{"type":"Point","coordinates":[14.5821312,51.2428662]},"properties":{"maxweight":"10"}},{"type":"Feature","geometry":{"type":"Point","coordinates":[14.5951367,51.2430501]},"properties":{"maxweight":"10"}},{"type":"Feature","geometry":{"type":"Point","coordinates":[14.8149344,51.3852338]},"properties":{"maxweight":"3.5"}},{"type":"Feature","geometry":{"type":"Point","coordinates":[14.8104272,51.3874896]},"properties":{"maxweight":"3.5"}},{"type":"Feature","geometry":{"type":"Point","coordinates":[14.3804577,51.5719533]},"properties":{"maxweight":"2.5"}},{"type":"Feature","geometry":{"type":"Point","coordinates":[14.119612,51.862283]},"properties":{"maxweight":"12"}},{"type":"Feature","geometry":{"type":"Point","coordinates":[14.1365608,51.8615191]},"properties":{"maxwidth":"1.9","maxlength":"9.5"}},{"type":"Feature","geometry":{"type":"Point","coordinates":[14.0054268,51.4019966]},"properties":{"hgv":"no"}},{"type":"Feature","geometry":{"type":"Point","coordinates":[14.2288354,51.8123663]},"properties":{"hgv":"no"}},{"type":"Feature","geometry":{"type":"Point","coordinates":[14.2949517,51.8643502]},"properties":{"maxweight":"9"}},{"type":"Feature","geometry":{"type":"Point","coordinates":[14.3880464,51.8063808]},"properties":{"maxweight":"16"}},{"type":"Feature","geometry":{"type":"Point","coordinates":[14.1335736,51.2220151]},"properties":{"hgv":"delivery"}},{"type":"Feature","geometry":{"type":"Point","coordinates":[14.7043675,51.5251423]},"properties":{"hgv":"no"}},{"type":"Feature","geometry":{"type":"Point","coordinates":[14.0002644,51.6926833]},"properties":{"maxheight":"3.7"}},{"type":"Feature","geometry":{"type":"Point","coordinates":[14.3564736,51.7339503]},"properties":{"maxweight":"4"}},{"type":"Feature","geometry":{"type":"Point","coordinates":[14.3835284,51.0229457]},"properties":{"hgv":"no","maxweight":"3.5"}},{"type":"Feature","geometry":{"type":"Point","coordinates":[14.3868963,51.0245596]},"properties":{"hgv":"no","maxweight":"3.5"}},{"type":"Feature","geometry":{"type":"Point","coordinates":[14.3517142,51.7523931]},"properties":{"maxweight":"7.5"}},{"type":"Feature","geometry":{"type":"Point","coordinates":[14.981491,51.1460297]},"properties":{"maxheight":"3.6"}},{"type":"Feature","geometry":{"type":"Point","coordinates":[14.981384,51.1456279]},"properties":{"maxheight":"3.6"}},{"type":"Feature","geometry":{"type":"Point","coordinates":[14.9813309,51.1457695]},"properties":{"maxheight":"3.6"}},{"type":"Feature","geometry":{"type":"Point","coordinates":[14.3385669,51.7741349]},"properties":{"hgv":"no"}},{"type":"Feature","geometry":{"type":"Point","coordinates":[14.312397,51.7752926]},"properties":{"maxweight":"3.5"}},{"type":"Feature","geometry":{"type":"Point","coordinates":[14.3121161,51.7759219]},"properties":{"maxweight":"3.5"}},{"type":"Feature","geometry":{"type":"Point","coordinates":[14.4996224,51.2643084]},"properties":{"hgv":"no"}},{"type":"Feature","geometry":{"type":"Point","coordinates":[14.148612,51.2033579]},"properties":{"hgv":"delivery"}},{"type":"Feature","geometry":{"type":"Point","coordinates":[14.1354418,51.2209316]},"properties":{"hgv":"delivery"}},{"type":"Feature","geometry":{"type":"Point","coordinates":[14.1415202,51.2197543]},"properties":{"hgv":"no"}},{"type":"Feature","geometry":{"type":"Point","coordinates":[14.3744612,51.7201508]},"properties":{"maxweight":"3.5"}},{"type":"Feature","geometry":{"type":"Point","coordinates":[14.8150195,51.3889532]},"properties":{"maxweight":"3.5"}},{"type":"Feature","geometry":{"type":"Point","coordinates":[14.8208933,51.3967132]},"properties":{"maxheight":"3"}},{"type":"Feature","geometry":{"type":"Point","coordinates":[14.3179433,51.7565194]},"properties":{"maxweight":"3.5"}},{"type":"Feature","geometry":{"type":"Point","coordinates":[14.3010244,51.7638402]},"properties":{"maxweight":"3.5"}},{"type":"Feature","geometry":{"type":"Point","coordinates":[14.3306962,51.7699448]},"properties":{"maxweight":"3.5 t"}},{"type":"Feature","geometry":{"type":"Point","coordinates":[14.3292714,51.7588458]},"properties":{"hgv":"no"}},{"type":"Feature","geometry":{"type":"Point","coordinates":[14.3278124,51.7625775]},"properties":{"hgv":"no"}},{"type":"Feature","geometry":{"type":"Point","coordinates":[14.3325979,51.7609358]},"properties":{"maxlength":"10"}},{"type":"Feature","geometry":{"type":"Point","coordinates":[14.3334807,51.75928]},"properties":{"goods":"yes"}},{"type":"Feature","geometry":{"type":"Point","coordinates":[14.3255128,51.7571295]},"properties":{"maxweight":"5.5"}},{"type":"Feature","geometry":{"type":"Point","coordinates":[14.3384974,51.754546]},"properties":{"maxweight":"15"}},{"type":"Feature","geometry":{"type":"Point","coordinates":[14.3394842,51.7555504]},"properties":{"maxweight":"15"}},{"type":"Feature","geometry":{"type":"Point","coordinates":[14.3333694,51.7578515]},"properties":{"maxheight":"3"}},{"type":"Feature","geometry":{"type":"Point","coordinates":[14.3455014,51.7586554]},"properties":{"maxheight":"3.3"}},{"type":"Feature","geometry":{"type":"Point","coordinates":[14.3478977,51.75481]},"properties":{"maxweight":"7.5"}},{"type":"Feature","geometry":{"type":"Point","coordinates":[14.3564718,51.7616393]},"properties":{"maxweight":"2.8"}},{"type":"Feature","geometry":{"type":"Point","coordinates":[14.3575405,51.7611598]},"properties":{"maxweight":"2.8"}},{"type":"Feature","geometry":{"type":"Point","coordinates":[14.1334723,51.2213004]},"properties":{"hgv":"delivery"}},{"type":"Feature","geometry":{"type":"Point","coordinates":[14.3400554,51.7499944]},"properties":{"maxweight":"7.5"}},{"type":"Feature","geometry":{"type":"Point","coordinates":[14.1339802,51.2216244]},"properties":{"hgv":"delivery"}},{"type":"Feature","geometry":{"type":"Point","coordinates":[14.8220033,51.2930721]},"properties":{"maxweight":"3.5"}},{"type":"Feature","geometry":{"type":"Point","coordinates":[14.3262041,51.7349519]},"properties":{"maxweight":"12 t"}},{"type":"Feature","geometry":{"type":"Point","coordinates":[14.3261337,51.7348563]},"properties":{"maxweight":"12 t"}},{"type":"Feature","geometry":{"type":"Point","coordinates":[14.4675505,51.2674067]},"properties":{"maxheight":"3.3"}},{"type":"Feature","geometry":{"type":"Point","coordinates":[14.4725829,51.2683826]},"properties":{"maxheight":"3.3"}},{"type":"Feature","geometry":{"type":"Point","coordinates":[14.038501,51.8572372]},"properties":{"maxweight":"7.5"}},{"type":"Feature","geometry":{"type":"Point","coordinates":[14.0486838,51.8158162]},"properties":{"hgv":"no","maxweight":"3.5"}},{"type":"Feature","geometry":{"type":"Point","coordinates":[14.0450958,51.816932]},"properties":{"hgv":"no"}},{"type":"Feature","geometry":{"type":"Point","coordinates":[14.0361826,51.8197203]},"properties":{"hgv":"no","maxweight":"1.5"}},{"type":"Feature","geometry":{"type":"Point","coordinates":[14.0388111,51.8206508]},"properties":{"hgv":"no","maxweight":"30"}},{"type":"Feature","geometry":{"type":"Point","coordinates":[14.0372041,51.8202228]},"properties":{"maxweight":"1.5"}},{"type":"Feature","geometry":{"type":"Point","coordinates":[14.0347663,51.8192588]},"properties":{"hgv":"no"}},{"type":"Feature","geometry":{"type":"Point","coordinates":[14.1252941,51.8324072]},"properties":{"maxweight":"16"}},{"type":"Feature","geometry":{"type":"Point","coordinates":[14.1351447,51.830385]},"properties":{"maxweight":"16"}},{"type":"Feature","geometry":{"type":"Point","coordinates":[14.1456441,51.8357871]},"properties":{"maxweight":"3.5"}},{"type":"Feature","geometry":{"type":"Point","coordinates":[14.0755427,51.7828127]},"properties":{"hgv":"no","maxweight":"7.5"}},{"type":"Feature","geometry":{"type":"Point","coordinates":[14.0747825,51.7829897]},"properties":{"hgv":"no","maxweight":"7.5"}},{"type":"Feature","geometry":{"type":"Point","coordinates":[14.0754941,51.7828261]},"properties":{"hgv":"no","maxweight":"7.5"}},{"type":"Feature","geometry":{"type":"Point","coordinates":[14.0752264,51.7829178]},"properties":{"hgv":"no","maxweight":"7.5"}},{"type":"Feature","geometry":{"type":"Point","coordinates":[14.0724416,51.7914134]},"properties":{"hgv":"delivery","maxweight":"7.5"}},{"type":"Feature","geometry":{"type":"Point","coordinates":[14.0719124,51.7841721]},"properties":{"maxweight":"7.5"}},{"type":"Feature","geometry":{"type":"Point","coordinates":[14.0696794,51.7909563]},"properties":{"maxweight":"7.5"}},{"type":"Feature","geometry":{"type":"Point","coordinates":[14.0744364,51.7835428]},"properties":{"hgv":"no","maxlength":"10"}},{"type":"Feature","geometry":{"type":"Point","coordinates":[14.0745676,51.783909]},"properties":{"hgv":"no","maxlength":"10"}},{"type":"Feature","geometry":{"type":"Point","coordinates":[14.0748938,51.7845782]},"properties":{"hgv":"no","maxlength":"10","maxweight":"7.5"}},{"type":"Feature","geometry":{"type":"Point","coordinates":[14.0746534,51.7840956]},"properties":{"hgv":"no","maxlength":"10","maxweight":"7.5"}},{"type":"Feature","geometry":{"type":"Point","coordinates":[14.0689987,51.784421]},"properties":{"maxweight":"7.5"}},{"type":"Feature","geometry":{"type":"Point","coordinates":[14.0745161,51.7842234]},"properties":{"hgv":"no"}},{"type":"Feature","geometry":{"type":"Point","coordinates":[14.0747601,51.7840918]},"properties":{"hgv":"no"}},{"type":"Feature","geometry":{"type":"Point","coordinates":[14.2273323,51.0537954]},"properties":{"maxweight":"30"}},{"type":"Feature","geometry":{"type":"Point","coordinates":[14.1498802,51.2818621]},"properties":{"hgv":"no"}},{"type":"Feature","geometry":{"type":"Point","coordinates":[14.1494531,51.2836289]},"properties":{"hgv":"no"}},{"type":"Feature","geometry":{"type":"Point","coordinates":[14.0724454,51.7859164]},"properties":{"maxweight":"7.5"}},{"type":"Feature","geometry":{"type":"Point","coordinates":[14.0723908,51.7897335]},"properties":{"hgv":"delivery","maxweight":"7.5"}},{"type":"Feature","geometry":{"type":"Point","coordinates":[14.8411604,51.0499273]},"properties":{"maxweight":"16"}},{"type":"Feature","geometry":{"type":"Point","coordinates":[14.0818057,51.7880635]},"properties":{"maxweight":"7.5"}},{"type":"Feature","geometry":{"type":"Point","coordinates":[14.9462825,51.0689006]},"properties":{"maxweight":"2.5"}},{"type":"Feature","geometry":{"type":"Point","coordinates":[14.7173148,51.3647429]},"properties":{"maxweight":"7.5"}},{"type":"Feature","geometry":{"type":"Point","coordinates":[14.179602,51.3793157]},"properties":{"hgv":"no"}},{"type":"Feature","geometry":{"type":"Point","coordinates":[14.0444386,51.7996874]},"properties":{"hgv":"delivery","maxheight":"default","maxweight":"16"}},{"type":"Feature","geometry":{"type":"Point","coordinates":[14.0446591,51.7977995]},"properties":{"hgv":"delivery","maxweight":"16"}},{"type":"Feature","geometry":{"type":"Point","coordinates":[14.8034872,51.023624]},"properties":{"hgv":"no"}},{"type":"Feature","geometry":{"type":"Point","coordinates":[14.1497876,51.2804044]},"properties":{"hgv":"no"}},{"type":"Feature","geometry":{"type":"Point","coordinates":[14.6207464,51.7196858]},"properties":{"hgv":"no"}},{"type":"Feature","geometry":{"type":"Point","coordinates":[14.6483556,51.9647614]},"properties":{"maxheight":"3.0"}},{"type":"Feature","geometry":{"type":"Point","coordinates":[14.0699586,51.7842872]},"properties":{"maxweight":"7.5"}},{"type":"Feature","geometry":{"type":"Point","coordinates":[14.071822,51.7840867]},"properties":{"maxweight":"7.5"}},{"type":"Feature","geometry":{"type":"Point","coordinates":[14.2974136,51.0198707]},"properties":{"hgv":"no","maxweight":"3.5"}},{"type":"Feature","geometry":{"type":"Point","coordinates":[14.3392607,51.7315528]},"properties":{"maxweight":"12"}},{"type":"Feature","geometry":{"type":"Point","coordinates":[14.3372917,51.7319014]},"properties":{"maxweight":"12"}},{"type":"Feature","geometry":{"type":"Point","coordinates":[14.4244226,51.1826651]},"properties":{"maxweight":"2.8"}},{"type":"Feature","geometry":{"type":"Point","coordinates":[14.7653076,51.1372784]},"properties":{"maxweight":"12"}},{"type":"Feature","geometry":{"type":"Point","coordinates":[14.340466,51.260233]},"properties":{"hgv":"no"}},{"type":"Feature","geometry":{"type":"Point","coordinates":[14.3259844,51.7489421]},"properties":{"maxheight":"3.5"}},{"type":"Feature","geometry":{"type":"Point","coordinates":[14.3219428,51.2899336]},"properties":{"maxweight":"18"}},{"type":"Feature","geometry":{"type":"Point","coordinates":[14.0744004,51.7786696]},"properties":{"maxheight":"default"}},{"type":"Feature","geometry":{"type":"Point","coordinates":[14.2647086,51.7226202]},"properties":{"maxheight":"default"}},{"type":"Feature","geometry":{"type":"Point","coordinates":[14.2897067,51.7248102]},"properties":{"maxheight":"default"}},{"type":"Feature","geometry":{"type":"Point","coordinates":[14.3263108,51.7132143]},"properties":{"hgv":"delivery"}},{"type":"Feature","geometry":{"type":"Point","coordinates":[14.3275093,51.7117116]},"properties":{"hgv":"delivery"}},{"type":"Feature","geometry":{"type":"Point","coordinates":[14.0260361,51.3492893]},"properties":{"maxwidth":"2","maxweight":"3"}},{"type":"Feature","geometry":{"type":"Point","coordinates":[14.0242643,51.3484478]},"properties":{"maxwidth":"2","maxweight":"3"}},{"type":"Feature","geometry":{"type":"Point","coordinates":[14.061216,51.49803]},"properties":{"maxweight":"3.5"}},{"type":"Feature","geometry":{"type":"Point","coordinates":[14.3360913,51.7164843]},"properties":{"hgv":"delivery"}},{"type":"Feature","geometry":{"type":"Point","coordinates":[14.3407655,51.7097499]},"properties":{"hgv":"delivery"}},{"type":"Feature","geometry":{"type":"Point","coordinates":[14.3181242,51.7197735]},"properties":{"maxheight":"default"}},{"type":"Feature","geometry":{"type":"Point","coordinates":[14.5556006,51.7093359]},"properties":{"maxheight":"default"}},{"type":"Feature","geometry":{"type":"Point","coordinates":[14.7369755,51.6663621]},"properties":{"maxheight":"default"}},{"type":"Feature","geometry":{"type":"Point","coordinates":[14.9953731,51.1574334]},"properties":{"hgv":"no"}},{"type":"Feature","geometry":{"type":"Point","coordinates":[14.3925244,51.7141808]},"properties":{"maxheight":"default"}},{"type":"Feature","geometry":{"type":"Point","coordinates":[14.3181909,51.7198758]},"properties":{"maxheight":"default"}},{"type":"Feature","geometry":{"type":"Point","coordinates":[14.2659973,51.7226454]},"properties":{"maxheight":"default"}},{"type":"Feature","geometry":{"type":"Point","coordinates":[14.2893858,51.715281]},"properties":{"hgv":"destination"}},{"type":"Feature","geometry":{"type":"Point","coordinates":[14.291102,51.7172017]},"properties":{"hgv":"destination"}},{"type":"Feature","geometry":{"type":"Point","coordinates":[14.2878217,51.7135062]},"properties":{"hgv":"destination"}},{"type":"Feature","geometry":{"type":"Point","coordinates":[14.2857963,51.7111921]},"properties":{"hgv":"destination"}},{"type":"Feature","geometry":{"type":"Point","coordinates":[14.2800891,51.7045789]},"properties":{"hgv":"destination"}},{"type":"Feature","geometry":{"type":"Point","coordinates":[14.2794525,51.7025333]},"properties":{"hgv":"destination"}},{"type":"Feature","geometry":{"type":"Point","coordinates":[14.2689669,51.6919804]},"properties":{"hgv":"destination"}},{"type":"Feature","geometry":{"type":"Point","coordinates":[14.2668295,51.6911389]},"properties":{"hgv":"destination"}},{"type":"Feature","geometry":{"type":"Point","coordinates":[14.2736049,51.6943067]},"properties":{"hgv":"destination"}},{"type":"Feature","geometry":{"type":"Point","coordinates":[14.2693402,51.6922517]},"properties":{"hgv":"destination"}},{"type":"Feature","geometry":{"type":"Point","coordinates":[14.2777114,51.6971687]},"properties":{"hgv":"destination"}},{"type":"Feature","geometry":{"type":"Point","coordinates":[14.278919,51.6979962]},"properties":{"hgv":"destination"}},{"type":"Feature","geometry":{"type":"Point","coordinates":[14.010032,51.0889286]},"properties":{"maxweight":"3"}},{"type":"Feature","geometry":{"type":"Point","coordinates":[14.0135986,51.0870792]},"properties":{"maxweight":"1.5"}},{"type":"Feature","geometry":{"type":"Point","coordinates":[14.0163458,51.0853215]},"properties":{"hgv":"delivery"}},{"type":"Feature","geometry":{"type":"Point","coordinates":[14.5699625,51.5944057]},"properties":{"maxweight":"7.5"}},{"type":"Feature","geometry":{"type":"Point","coordinates":[14.5919772,51.6126834]},"properties":{"maxweight":"7.5"}},{"type":"Feature","geometry":{"type":"Point","coordinates":[14.3472103,51.7111084]},"properties":{"maxweight":"3.5"}},{"type":"Feature","geometry":{"type":"Point","coordinates":[14.3465113,51.710968]},"properties":{"maxweight":"3.5"}},{"type":"Feature","geometry":{"type":"Point","coordinates":[14.3396906,51.7146936]},"properties":{"hgv":"delivery"}},{"type":"Feature","geometry":{"type":"Point","coordinates":[14.3405657,51.7152134]},"properties":{"hgv":"delivery"}},{"type":"Feature","geometry":{"type":"Point","coordinates":[14.3395965,51.7134213]},"properties":{"hgv":"delivery"}},{"type":"Feature","geometry":{"type":"Point","coordinates":[14.3411582,51.7141461]},"properties":{"hgv":"delivery"}},{"type":"Feature","geometry":{"type":"Point","coordinates":[14.3389087,51.7145985]},"properties":{"hgv":"delivery"}},{"type":"Feature","geometry":{"type":"Point","coordinates":[14.3510795,51.7110354]},"properties":{"hgv":"delivery"}},{"type":"Feature","geometry":{"type":"Point","coordinates":[14.3354108,51.7130145]},"properties":{"hgv":"delivery"}},{"type":"Feature","geometry":{"type":"Point","coordinates":[14.3353302,51.713069]},"properties":{"hgv":"delivery"}},{"type":"Feature","geometry":{"type":"Point","coordinates":[14.3412577,51.7133421]},"properties":{"hgv":"delivery"}},{"type":"Feature","geometry":{"type":"Point","coordinates":[14.3388525,51.7136354]},"properties":{"hgv":"delivery"}},{"type":"Feature","geometry":{"type":"Point","coordinates":[14.5939653,51.7680613]},"properties":{"hgv":"no"}},{"type":"Feature","geometry":{"type":"Point","coordinates":[14.5708528,51.7675391]},"properties":{"hgv":"no"}},{"type":"Feature","geometry":{"type":"Point","coordinates":[14.6525404,51.7658496]},"properties":{"hgv":"local","maxweight":"3.5"}},{"type":"Feature","geometry":{"type":"Point","coordinates":[14.6548464,51.7644825]},"properties":{"hgv":"local","maxweight":"3.5"}},{"type":"Feature","geometry":{"type":"Point","coordinates":[14.5445728,51.7466895]},"properties":{"hgv":"no"}},{"type":"Feature","geometry":{"type":"Point","coordinates":[14.180163,51.7309478]},"properties":{"maxheight":"default"}},{"type":"Feature","geometry":{"type":"Point","coordinates":[14.2654563,51.6901306]},"properties":{"hgv":"destination"}},{"type":"Feature","geometry":{"type":"Point","coordinates":[14.2276254,51.6376684]},"properties":{"hgv":"destination"}},{"type":"Feature","geometry":{"type":"Point","coordinates":[14.2207577,51.6367098]},"properties":{"hgv":"destination"}},{"type":"Feature","geometry":{"type":"Point","coordinates":[14.2223586,51.6367711]},"properties":{"hgv":"destination"}},{"type":"Feature","geometry":{"type":"Point","coordinates":[14.1841594,51.6325462]},"properties":{"hgv":"destination"}},{"type":"Feature","geometry":{"type":"Point","coordinates":[14.2232695,51.6368413]},"properties":{"hgv":"destination"}},{"type":"Feature","geometry":{"type":"Point","coordinates":[14.182986,51.6325737]},"properties":{"hgv":"destination"}},{"type":"Feature","geometry":{"type":"Point","coordinates":[14.1801616,51.6322823]},"properties":{"hgv":"destination"}},{"type":"Feature","geometry":{"type":"Point","coordinates":[14.218366,51.6367938]},"properties":{"hgv":"destination"}},{"type":"Feature","geometry":{"type":"Point","coordinates":[14.1679305,51.6256813]},"properties":{"hgv":"destination"}},{"type":"Feature","geometry":{"type":"Point","coordinates":[14.1715208,51.6279616]},"properties":{"hgv":"destination"}},{"type":"Feature","geometry":{"type":"Point","coordinates":[14.155611,51.6215345]},"properties":{"hgv":"destination"}},{"type":"Feature","geometry":{"type":"Point","coordinates":[14.1346505,51.6080052]},"properties":{"hgv":"destination"}},{"type":"Feature","geometry":{"type":"Point","coordinates":[14.1399585,51.6109962]},"properties":{"hgv":"destination"}},{"type":"Feature","geometry":{"type":"Point","coordinates":[14.1313996,51.6065978]},"properties":{"hgv":"destination"}},{"type":"Feature","geometry":{"type":"Point","coordinates":[14.1144756,51.5916204]},"properties":{"hgv":"destination"}},{"type":"Feature","geometry":{"type":"Point","coordinates":[14.1226612,51.5992708]},"properties":{"hgv":"destination"}},{"type":"Feature","geometry":{"type":"Point","coordinates":[14.1129557,51.5902679]},"properties":{"hgv":"destination"}},{"type":"Feature","geometry":{"type":"Point","coordinates":[14.1059792,51.586702]},"properties":{"hgv":"destination"}},{"type":"Feature","geometry":{"type":"Point","coordinates":[14.1289258,51.6050395]},"properties":{"hgv":"destination"}},{"type":"Feature","geometry":{"type":"Point","coordinates":[14.089288,51.5806728]},"properties":{"hgv":"destination"}},{"type":"Feature","geometry":{"type":"Point","coordinates":[14.094731,51.5818237]},"properties":{"hgv":"destination"}},{"type":"Feature","geometry":{"type":"Point","coordinates":[14.0927369,51.5813129]},"properties":{"hgv":"destination"}},{"type":"Feature","geometry":{"type":"Point","coordinates":[14.0967422,51.5823279]},"properties":{"hgv":"destination"}},{"type":"Feature","geometry":{"type":"Point","coordinates":[14.0961638,51.5821832]},"properties":{"hgv":"destination"}},{"type":"Feature","geometry":{"type":"Point","coordinates":[14.0881131,51.5802561]},"properties":{"hgv":"destination"}},{"type":"Feature","geometry":{"type":"Point","coordinates":[14.1833466,51.245772]},"properties":{"hgv":"agricultural"}},{"type":"Feature","geometry":{"type":"Point","coordinates":[14.1848627,51.2414501]},"properties":{"hgv":"agricultural"}},{"type":"Feature","geometry":{"type":"Point","coordinates":[14.0342109,51.856136]},"properties":{"maxwidth":"1.9","maxlength":"9.5"}},{"type":"Feature","geometry":{"type":"Point","coordinates":[14.4182266,51.194566]},"properties":{"hgv":"no"}},{"type":"Feature","geometry":{"type":"Point","coordinates":[14.2834305,51.6661443]},"properties":{"maxweight":"7.5"}},{"type":"Feature","geometry":{"type":"Point","coordinates":[14.2803976,51.6737641]},"properties":{"maxweight":"7.5"}},{"type":"Feature","geometry":{"type":"Point","coordinates":[14.2754361,51.6839488]},"properties":{"maxweight":"7.5"}},{"type":"Feature","geometry":{"type":"Point","coordinates":[14.2697474,51.6904226]},"properties":{"maxweight":"7.5"}},{"type":"Feature","geometry":{"type":"Point","coordinates":[14.5374519,51.2082865]},"properties":{"maxheight":"default"}},{"type":"Feature","geometry":{"type":"Point","coordinates":[14.0826143,51.8677213]},"properties":{"maxwidth":"1.9","maxlength":"9.5"}},{"type":"Feature","geometry":{"type":"Point","coordinates":[14.1978945,51.63731]},"properties":{"hgv":"destination"}},{"type":"Feature","geometry":{"type":"Point","coordinates":[14.199041,51.6378563]},"properties":{"hgv":"destination"}},{"type":"Feature","geometry":{"type":"Point","coordinates":[14.002764,51.8676298]},"properties":{"maxwidth":"1.9","maxlength":"9.5"}},{"type":"Feature","geometry":{"type":"Point","coordinates":[14.6305824,51.7424059]},"properties":{"goods":"yes"}},{"type":"Feature","geometry":{"type":"Point","coordinates":[14.6259817,51.7424515]},"properties":{"goods":"yes"}},{"type":"Feature","geometry":{"type":"Point","coordinates":[14.6565216,51.0796217]},"properties":{"maxheight":"default"}},{"type":"Feature","geometry":{"type":"Point","coordinates":[14.0427551,51.8546993]},"properties":{"maxwidth":"1.9","maxlength":"9.5"}},{"type":"Feature","geometry":{"type":"Point","coordinates":[14.0446632,51.8535027]},"properties":{"maxwidth":"1.9","maxlength":"9.5"}},{"type":"Feature","geometry":{"type":"Point","coordinates":[14.0314374,51.8572437]},"properties":{"maxwidth":"1.9","maxlength":"9.5"}},{"type":"Feature","geometry":{"type":"Point","coordinates":[14.0375929,51.8576081]},"properties":{"maxwidth":"1.9","maxlength":"9.5"}},{"type":"Feature","geometry":{"type":"Point","coordinates":[14.0393293,51.856684]},"properties":{"maxwidth":"1.9","maxlength":"9.5"}},{"type":"Feature","geometry":{"type":"Point","coordinates":[14.0165368,51.8510179]},"properties":{"maxwidth":"1.9","maxlength":"9.5"}},{"type":"Feature","geometry":{"type":"Point","coordinates":[14.0458388,51.8540838]},"properties":{"maxwidth":"1.9","maxlength":"9.5"}},{"type":"Feature","geometry":{"type":"Point","coordinates":[14.0436189,51.8553062]},"properties":{"maxwidth":"1.9","maxlength":"9.5"}},{"type":"Feature","geometry":{"type":"Point","coordinates":[14.0904596,51.87565]},"properties":{"maxwidth":"1.9","maxlength":"9.5"}},{"type":"Feature","geometry":{"type":"Point","coordinates":[14.0609085,51.8690617]},"properties":{"maxwidth":"1.9","maxlength":"9.5"}},{"type":"Feature","geometry":{"type":"Point","coordinates":[14.0720633,51.8805198]},"properties":{"maxwidth":"1.9","maxlength":"9.5"}},{"type":"Feature","geometry":{"type":"Point","coordinates":[14.1103038,51.8743819]},"properties":{"maxwidth":"1.9","maxlength":"9.5"}},{"type":"Feature","geometry":{"type":"Point","coordinates":[14.0800857,51.8794456]},"properties":{"maxwidth":"1.9","maxlength":"9.5"}},{"type":"Feature","geometry":{"type":"Point","coordinates":[14.066665,51.8770656]},"properties":{"maxwidth":"1.9","maxlength":"9.5"}},{"type":"Feature","geometry":{"type":"Point","coordinates":[14.0385863,51.896062]},"properties":{"maxwidth":"1.9","maxlength":"9.5"}},{"type":"Feature","geometry":{"type":"Point","coordinates":[14.0866587,51.8786814]},"properties":{"maxwidth":"1.9","maxlength":"9.5"}},{"type":"Feature","geometry":{"type":"Point","coordinates":[14.0808938,51.8803209]},"properties":{"maxwidth":"1.9","maxlength":"9.5"}},{"type":"Feature","geometry":{"type":"Point","coordinates":[14.1171677,51.8728303]},"properties":{"maxwidth":"1.9","maxlength":"9.5"}},{"type":"Feature","geometry":{"type":"Point","coordinates":[14.1029955,51.8431806]},"properties":{"maxwidth":"1.9","maxlength":"9.5"}},{"type":"Feature","geometry":{"type":"Point","coordinates":[14.1486862,51.8372294]},"properties":{"maxwidth":"1.9","maxlength":"9.5"}},{"type":"Feature","geometry":{"type":"Point","coordinates":[14.1702584,51.8382556]},"properties":{"maxwidth":"1.9","maxlength":"9.5"}},{"type":"Feature","geometry":{"type":"Point","coordinates":[14.1345508,51.8465459]},"properties":{"maxweight":"3.5"}},{"type":"Feature","geometry":{"type":"Point","coordinates":[14.1281372,51.848083]},"properties":{"maxweight":"3.5"}},{"type":"Feature","geometry":{"type":"Point","coordinates":[14.3912997,51.7609597]},"properties":{"hgv":"delivery"}},{"type":"Feature","geometry":{"type":"Point","coordinates":[14.3935091,51.7636194]},"properties":{"hgv":"delivery"}},{"type":"Feature","geometry":{"type":"Point","coordinates":[14.3522593,51.8052687]},"properties":{"hgv":"no"}},{"type":"Feature","geometry":{"type":"Point","coordinates":[14.3337402,51.8493549]},"properties":{"maxweight":"6"}},{"type":"Feature","geometry":{"type":"Point","coordinates":[14.0957862,51.2817566]},"properties":{"hgv":"no"}},{"type":"Feature","geometry":{"type":"Point","coordinates":[14.5044472,51.8085176]},"properties":{"maxweight":"3.5"}},{"type":"Feature","geometry":{"type":"Point","coordinates":[14.4961043,51.8152591]},"properties":{"maxweight":"12 t"}},{"type":"Feature","geometry":{"type":"Point","coordinates":[14.2281924,51.7576195]},"properties":{"maxweight":"3.5"}},{"type":"Feature","geometry":{"type":"Point","coordinates":[14.2510408,51.7462059]},"properties":{"maxweight":"3.5"}},{"type":"Feature","geometry":{"type":"Point","coordinates":[14.2512385,51.7443468]},"properties":{"maxweight":"3.5"}},{"type":"Feature","geometry":{"type":"Point","coordinates":[14.2469731,51.7474049]},"properties":{"maxweight":"3.5"}},{"type":"Feature","geometry":{"type":"Point","coordinates":[14.2511099,51.7460543]},"properties":{"maxweight":"3.5"}},{"type":"Feature","geometry":{"type":"Point","coordinates":[14.2504713,51.7412703]},"properties":{"maxweight":"3.5"}},{"type":"Feature","geometry":{"type":"Point","coordinates":[14.2471539,51.7421441]},"properties":{"maxweight":"3.5"}},{"type":"Feature","geometry":{"type":"Point","coordinates":[14.3284082,51.1545467]},"properties":{"maxheight":"3.8"}},{"type":"Feature","geometry":{"type":"Point","coordinates":[14.3039727,51.7919757]},"properties":{"maxweight":"7.5"}},{"type":"Feature","geometry":{"type":"Point","coordinates":[14.3416717,51.8245692]},"properties":{"maxweight":"3.5"}},{"type":"Feature","geometry":{"type":"Point","coordinates":[14.1845662,51.8153041]},"properties":{"hgv":"no"}},{"type":"Feature","geometry":{"type":"Point","coordinates":[14.2902065,51.7210523]},"properties":{"maxweight":"3.5"}},{"type":"Feature","geometry":{"type":"Point","coordinates":[14.2319486,51.6393968]},"properties":{"hgv":"destination"}},{"type":"Feature","geometry":{"type":"Point","coordinates":[14.2337196,51.6404874]},"properties":{"hgv":"destination"}},{"type":"Feature","geometry":{"type":"Point","coordinates":[14.2458155,51.6605034]},"properties":{"hgv":"no"}},{"type":"Feature","geometry":{"type":"Point","coordinates":[14.3153243,51.5459803]},"properties":{"maxweight":"12"}},{"type":"Feature","geometry":{"type":"Point","coordinates":[14.6686995,51.09079]},"properties":{"maxheight":"default"}},{"type":"Feature","geometry":{"type":"Point","coordinates":[14.6269324,51.105921]},"properties":{"maxheight":"3.9"}},{"type":"Feature","geometry":{"type":"Point","coordinates":[14.5890947,51.1055878]},"properties":{"maxheight":"3.8"}},{"type":"Feature","geometry":{"type":"Point","coordinates":[14.3294495,51.5495256]},"properties":{"hgv":"delivery"}},{"type":"Feature","geometry":{"type":"Point","coordinates":[14.3532903,51.5818923]},"properties":{"hgv":"no"}},{"type":"Feature","geometry":{"type":"Point","coordinates":[14.3598457,51.5731339]},"properties":{"hgv":"no"}},{"type":"Feature","geometry":{"type":"Point","coordinates":[14.3804806,51.5289011]},"properties":{"hgv":"delivery"}},{"type":"Feature","geometry":{"type":"Point","coordinates":[14.385328,51.5411723]},"properties":{"hgv":"no"}},{"type":"Feature","geometry":{"type":"Point","coordinates":[14.5884742,51.1059045]},"properties":{"maxheight":"3.8"}},{"type":"Feature","geometry":{"type":"Point","coordinates":[14.3732758,51.5692507]},"properties":{"maxweight":"12"}},{"type":"Feature","geometry":{"type":"Point","coordinates":[14.3751758,51.5703977]},"properties":{"maxweight":"12"}},{"type":"Feature","geometry":{"type":"Point","coordinates":[14.3787698,51.5727788]},"properties":{"maxweight":"12"}},{"type":"Feature","geometry":{"type":"Point","coordinates":[14.7265818,51.5368699]},"properties":{"maxheight":"4"}},{"type":"Feature","geometry":{"type":"Point","coordinates":[14.6404474,51.7384098]},"properties":{"hgv":"yes"}},{"type":"Feature","geometry":{"type":"Point","coordinates":[14.1314689,51.7531565]},"properties":{"maxweight":"7.5"}},{"type":"Feature","geometry":{"type":"Point","coordinates":[14.1304372,51.7625348]},"properties":{"maxweight":"7.5"}},{"type":"Feature","geometry":{"type":"Point","coordinates":[14.3750232,51.426719]},"properties":{"maxheight":"4"}},{"type":"Feature","geometry":{"type":"Point","coordinates":[14.3034978,51.1114706]},"properties":{"maxweight":"7.5"}},{"type":"Feature","geometry":{"type":"Point","coordinates":[14.4043026,51.1135798]},"properties":{"maxweight":"3.5"}},{"type":"Feature","geometry":{"type":"Point","coordinates":[14.3987905,51.1114473]},"properties":{"maxweight":"3.5"}},{"type":"Feature","geometry":{"type":"Point","coordinates":[14.608854,51.6672046]},"properties":{"maxweight":"2.8"}},{"type":"Feature","geometry":{"type":"Point","coordinates":[14.015365,51.5854555]},"properties":{"maxheight":"3.5"}},{"type":"Feature","geometry":{"type":"Point","coordinates":[14.6541175,51.7195918]},"properties":{"goods":"yes"}},{"type":"Feature","geometry":{"type":"Point","coordinates":[14.6560109,51.7186295]},"properties":{"goods":"yes"}},{"type":"Feature","geometry":{"type":"Point","coordinates":[14.6579532,51.7201356]},"properties":{"goods":"yes"}},{"type":"Feature","geometry":{"type":"Point","coordinates":[14.6328905,51.7307869]},"properties":{"hgv":"destination"}},{"type":"Feature","geometry":{"type":"Point","coordinates":[14.6394148,51.736211]},"properties":{"hgv":"destination"}},{"type":"Feature","geometry":{"type":"Point","coordinates":[14.641686,51.7341434]},"properties":{"hgv":"yes","goods":"yes"}},{"type":"Feature","geometry":{"type":"Point","coordinates":[14.6494094,51.7431876]},"properties":{"hgv":"yes","goods":"yes"}},{"type":"Feature","geometry":{"type":"Point","coordinates":[14.0293866,51.5129719]},"properties":{"maxweight":"3.5 t"}},{"type":"Feature","geometry":{"type":"Point","coordinates":[14.0025508,51.5261769]},"properties":{"maxheight":"4.5"}},{"type":"Feature","geometry":{"type":"Point","coordinates":[14.6272041,51.7470465]},"properties":{"goods":"yes"}},{"type":"Feature","geometry":{"type":"Point","coordinates":[14.6280657,51.7443794]},"properties":{"goods":"yes"}},{"type":"Feature","geometry":{"type":"Point","coordinates":[14.6206906,51.722588]},"properties":{"hgv":"delivery"}},{"type":"Feature","geometry":{"type":"Point","coordinates":[14.6200111,51.7224195]},"properties":{"hgv":"delivery"}},{"type":"Feature","geometry":{"type":"Point","coordinates":[14.6104494,51.0531076]},"properties":{"maxweight":"16"}},{"type":"Feature","geometry":{"type":"Point","coordinates":[14.0977291,51.2056542]},"properties":{"hgv":"no"}},{"type":"Feature","geometry":{"type":"Point","coordinates":[14.7126039,51.1427554]},"properties":{"maxweight":"16"}},{"type":"Feature","geometry":{"type":"Point","coordinates":[14.3358358,51.2583987]},"properties":{"hgv":"no","maxweight":"1.5"}},{"type":"Feature","geometry":{"type":"Point","coordinates":[14.1457191,51.8541582]},"properties":{"maxweight":"3.5"}},{"type":"Feature","geometry":{"type":"Point","coordinates":[14.625906,51.7395126]},"properties":{"maxheight":"3.5"}},{"type":"Feature","geometry":{"type":"Point","coordinates":[14.6305655,51.7384551]},"properties":{"hgv":"agricultural"}},{"type":"Feature","geometry":{"type":"Point","coordinates":[14.0066631,51.3484241]},"properties":{"hgv":"delivery"}},{"type":"Feature","geometry":{"type":"Point","coordinates":[14.0250248,51.3487136]},"properties":{"maxwidth":"2","maxweight":"3"}},{"type":"Feature","geometry":{"type":"Point","coordinates":[14.0122175,51.3484362]},"properties":{"hgv":"delivery"}},{"type":"Feature","geometry":{"type":"Point","coordinates":[14.0085617,51.3355133]},"properties":{"hgv":"destination"}},{"type":"Feature","geometry":{"type":"Point","coordinates":[14.0669926,51.3597936]},"properties":{"hgv":"delivery"}},{"type":"Feature","geometry":{"type":"Point","coordinates":[14.1031872,51.4395645]},"properties":{"hgv":"no"}},{"type":"Feature","geometry":{"type":"Point","coordinates":[14.1095713,51.4419002]},"properties":{"maxweight":"3.5"}},{"type":"Feature","geometry":{"type":"Point","coordinates":[14.1407253,51.4329858]},"properties":{"hgv":"delivery"}},{"type":"Feature","geometry":{"type":"Point","coordinates":[14.1525081,51.433805]},"properties":{"maxweight":"5"}},{"type":"Feature","geometry":{"type":"Point","coordinates":[14.1389184,51.4373233]},"properties":{"hgv":"destination"}},{"type":"Feature","geometry":{"type":"Point","coordinates":[14.0419694,51.2856666]},"properties":{"hgv":"no"}},{"type":"Feature","geometry":{"type":"Point","coordinates":[14.0420988,51.2857731]},"properties":{"hgv":"no"}},{"type":"Feature","geometry":{"type":"Point","coordinates":[14.614939,51.5759956]},"properties":{"maxweight":"12"}},{"type":"Feature","geometry":{"type":"Point","coordinates":[14.807959,51.144964]},"properties":{"maxweight":"2 t"}},{"type":"Feature","geometry":{"type":"Point","coordinates":[14.005461,51.4357534]},"properties":{"maxweight":"2.8"}},{"type":"Feature","geometry":{"type":"Point","coordinates":[14.0260268,51.4019323]},"properties":{"hgv":"no"}},{"type":"Feature","geometry":{"type":"Point","coordinates":[14.0184196,51.4017669]},"properties":{"hgv":"no"}},{"type":"Feature","geometry":{"type":"Point","coordinates":[14.0421043,51.3939485]},"properties":{"hgv":"delivery"}},{"type":"Feature","geometry":{"type":"Point","coordinates":[14.4030411,51.5081007]},"properties":{"maxweight":"3"}},{"type":"Feature","geometry":{"type":"Point","coordinates":[14.4062864,51.5071419]},"properties":{"maxweight":"3"}},{"type":"Feature","geometry":{"type":"Point","coordinates":[14.1658719,51.3792381]},"properties":{"hgv":"agricultural"}},{"type":"Feature","geometry":{"type":"Point","coordinates":[14.1811476,51.379581]},"properties":{"hgv":"no"}},{"type":"Feature","geometry":{"type":"Point","coordinates":[14.1368797,51.3781905]},"properties":{"hgv":"no"}},{"type":"Feature","geometry":{"type":"Point","coordinates":[14.1336329,51.3761423]},"properties":{"hgv":"no"}},{"type":"Feature","geometry":{"type":"Point","coordinates":[14.1322569,51.3752682]},"properties":{"hgv":"no"}},{"type":"Feature","geometry":{"type":"Point","coordinates":[14.1365085,51.3780645]},"properties":{"hgv":"no"}},{"type":"Feature","geometry":{"type":"Point","coordinates":[14.1295148,51.3716077]},"properties":{"hgv":"no"}},{"type":"Feature","geometry":{"type":"Point","coordinates":[14.125727,51.3666124]},"properties":{"hgv":"no"}},{"type":"Feature","geometry":{"type":"Point","coordinates":[14.0735573,51.3753206]},"properties":{"maxweight":"7.5"}},{"type":"Feature","geometry":{"type":"Point","coordinates":[14.0705495,51.3760573]},"properties":{"maxweight":"7.5"}},{"type":"Feature","geometry":{"type":"Point","coordinates":[14.0751713,51.3753108]},"properties":{"maxweight":"7.5"}},{"type":"Feature","geometry":{"type":"Point","coordinates":[14.3785608,51.5780669]},"properties":{"hgv":"no"}},{"type":"Feature","geometry":{"type":"Point","coordinates":[14.2633257,51.7688051]},"properties":{"maxweight":"3.5"}},{"type":"Feature","geometry":{"type":"Point","coordinates":[14.099573,51.5273001]},"properties":{"maxweight":"30"}},{"type":"Feature","geometry":{"type":"Point","coordinates":[14.0994444,51.5270785]},"properties":{"maxweight":"30"}},{"type":"Feature","geometry":{"type":"Point","coordinates":[14.0283156,51.4555745]},"properties":{"maxweight":"7.5"}},{"type":"Feature","geometry":{"type":"Point","coordinates":[14.0322627,51.4547975]},"properties":{"maxweight":"7.5"}},{"type":"Feature","geometry":{"type":"Point","coordinates":[14.5057395,51.3650097]},"properties":{"maxweight":"7.5"}},{"type":"Feature","geometry":{"type":"Point","coordinates":[14.1456176,51.3555026]},"properties":{"hgv":"no"}},{"type":"Feature","geometry":{"type":"Point","coordinates":[14.1872711,51.8527046]},"properties":{"maxwidth":"1"}},{"type":"Feature","geometry":{"type":"Point","coordinates":[14.2413865,51.2618492]},"properties":{"hgv":"no"}},{"type":"Feature","geometry":{"type":"Point","coordinates":[14.0056819,51.0263094]},"properties":{"maxheight":"3.8"}},{"type":"Feature","geometry":{"type":"Point","coordinates":[14.4558176,51.1634082]},"properties":{"maxweight":"3.5"}},{"type":"Feature","geometry":{"type":"Point","coordinates":[14.453841,51.1651442]},"properties":{"maxweight":"3.5"}},{"type":"Feature","geometry":{"type":"Point","coordinates":[14.4130391,51.615772]},"properties":{"hgv":"no"}},{"type":"Feature","geometry":{"type":"Point","coordinates":[14.0385836,51.3519798]},"properties":{"maxwidth":"2","maxweight":"3"}},{"type":"Feature","geometry":{"type":"Point","coordinates":[14.0275495,51.3501187]},"properties":{"maxwidth":"2","maxweight":"3"}},{"type":"Feature","geometry":{"type":"Point","coordinates":[14.0448912,51.352585]},"properties":{"maxwidth":"2","maxweight":"3"}},{"type":"Feature","geometry":{"type":"Point","coordinates":[14.0500641,51.3526299]},"properties":{"maxwidth":"2","maxweight":"3"}},{"type":"Feature","geometry":{"type":"Point","coordinates":[14.0285834,51.3503704]},"properties":{"maxwidth":"2","maxweight":"3"}},{"type":"Feature","geometry":{"type":"Point","coordinates":[14.0347697,51.351385]},"properties":{"maxwidth":"2","maxweight":"3"}},{"type":"Feature","geometry":{"type":"Point","coordinates":[14.0307496,51.350809]},"properties":{"maxwidth":"2","maxweight":"3"}},{"type":"Feature","geometry":{"type":"Point","coordinates":[14.0616526,51.4977842]},"properties":{"maxweight":"3.5"}},{"type":"Feature","geometry":{"type":"Point","coordinates":[14.0624203,51.4990959]},"properties":{"maxweight":"3.5"}},{"type":"Feature","geometry":{"type":"Point","coordinates":[14.973223,51.18203]},"properties":{"maxweight":"7.5"}},{"type":"Feature","geometry":{"type":"Point","coordinates":[14.5637828,51.0652143]},"properties":{"maxweight":"7.5"}},{"type":"Feature","geometry":{"type":"Point","coordinates":[14.1762474,51.1751774]},"properties":{"hgv":"no"}},{"type":"Feature","geometry":{"type":"Point","coordinates":[14.1505257,51.172076]},"properties":{"maxweight":"2"}},{"type":"Feature","geometry":{"type":"Point","coordinates":[14.1177957,51.2172022]},"properties":{"maxweight":"5.5"}},{"type":"Feature","geometry":{"type":"Point","coordinates":[14.055075,51.2725303]},"properties":{"hgv":"agricultural"}},{"type":"Feature","geometry":{"type":"Point","coordinates":[14.1175267,51.2233284]},"properties":{"hgv":"delivery"}},{"type":"Feature","geometry":{"type":"Point","coordinates":[14.1171931,51.2217265]},"properties":{"hgv":"delivery"}},{"type":"Feature","geometry":{"type":"Point","coordinates":[14.7214104,51.9517784]},"properties":{"hgv":"no","maxweight":"3.5"}},{"type":"Feature","geometry":{"type":"Point","coordinates":[14.4225422,51.1770113]},"properties":{"maxweight":"5"}},{"type":"Feature","geometry":{"type":"Point","coordinates":[14.4231846,51.1801717]},"properties":{"maxweight":"2.8"}},{"type":"Feature","geometry":{"type":"Point","coordinates":[14.9969779,51.1499033]},"properties":{"maxweight":"7.5"}},{"type":"Feature","geometry":{"type":"Point","coordinates":[14.9621816,51.1274916]},"properties":{"maxweight":"7.5"}},{"type":"Feature","geometry":{"type":"Point","coordinates":[14.9556864,51.1329594]},"properties":{"maxweight":"7.5"}},{"type":"Feature","geometry":{"type":"Point","coordinates":[14.2965255,51.3379376]},"properties":{"hgv":"destination"}},{"type":"Feature","geometry":{"type":"Point","coordinates":[14.2996239,51.338289]},"properties":{"hgv":"no"}},{"type":"Feature","geometry":{"type":"Point","coordinates":[14.3926981,51.2106039]},"properties":{"maxweight":"7.5"}},{"type":"Feature","geometry":{"type":"Point","coordinates":[14.0762919,51.2897857]},"properties":{"maxheight":"4"}},{"type":"Feature","geometry":{"type":"Point","coordinates":[14.0733807,51.2897249]},"properties":{"maxheight":"4"}},{"type":"Feature","geometry":{"type":"Point","coordinates":[14.068169,51.2891997]},"properties":{"maxheight":"4"}},{"type":"Feature","geometry":{"type":"Point","coordinates":[14.1197231,51.8776879]},"properties":{"maxweight":"16"}},{"type":"Feature","geometry":{"type":"Point","coordinates":[14.0505996,51.5144015]},"properties":{"maxweight":"7.5"}},{"type":"Feature","geometry":{"type":"Point","coordinates":[14.0336202,51.8840658]},"properties":{"maxwidth":"1.9","maxlength":"9.5"}},{"type":"Feature","geometry":{"type":"Point","coordinates":[14.0102612,51.8752425]},"properties":{"maxwidth":"1.9","maxlength":"9.5"}},{"type":"Feature","geometry":{"type":"Point","coordinates":[14.1064234,51.8686349]},"properties":{"maxweight":"30"}},{"type":"Feature","geometry":{"type":"Point","coordinates":[14.0881889,51.8643136]},"properties":{"maxweight":"16"}},{"type":"Feature","geometry":{"type":"Point","coordinates":[14.146886,51.8726204]},"properties":{"maxweight":"12"}},{"type":"Feature","geometry":{"type":"Point","coordinates":[14.0356313,51.8376838]},"properties":{"maxwidth":"1.9","maxlength":"9.5"}},{"type":"Feature","geometry":{"type":"Point","coordinates":[14.0460589,51.8514916]},"properties":{"maxwidth":"1.9","maxlength":"9.5"}},{"type":"Feature","geometry":{"type":"Point","coordinates":[14.084592,51.8464966]},"properties":{"maxwidth":"1.9","maxlength":"9.5"}},{"type":"Feature","geometry":{"type":"Point","coordinates":[14.7854985,51.0220476]},"properties":{"hgv":"no"}},{"type":"Feature","geometry":{"type":"Point","coordinates":[14.5037518,51.2287864]},"properties":{"maxweight":"30"}},{"type":"Feature","geometry":{"type":"Point","coordinates":[14.0297457,51.1461281]},"properties":{"maxweight":"4"}},{"type":"Feature","geometry":{"type":"Point","coordinates":[14.6262596,51.7314783]},"properties":{"maxheight":"3.5"}},{"type":"Feature","geometry":{"type":"Point","coordinates":[14.4210266,51.1833427]},"properties":{"maxheight":"default"}},{"type":"Feature","geometry":{"type":"Point","coordinates":[14.002897,51.7473342]},"properties":{"maxweight":"12"}},{"type":"Feature","geometry":{"type":"Point","coordinates":[14.3898176,51.8742499]},"properties":{"maxweight":"7.5"}},{"type":"Feature","geometry":{"type":"Point","coordinates":[14.1398723,51.6860957]},"properties":{"maxweight":"7.5"}},{"type":"Feature","geometry":{"type":"Point","coordinates":[14.3028839,51.986392]},"properties":{"hgv":"no"}},{"type":"Feature","geometry":{"type":"Point","coordinates":[14.0541486,51.7571156]},"properties":{"maxweight":"6"}},{"type":"Feature","geometry":{"type":"Point","coordinates":[14.0135794,51.7306049]},"properties":{"hgv":"no","goods":"no"}},{"type":"Feature","geometry":{"type":"Point","coordinates":[14.1277865,51.6279637]},"properties":{"maxweight":"15"}},{"type":"Feature","geometry":{"type":"Point","coordinates":[14.1258006,51.6288829]},"properties":{"maxweight":"15"}},{"type":"Feature","geometry":{"type":"Point","coordinates":[14.6436608,51.9124669]},"properties":{"hgv":"agricultural"}},{"type":"Feature","geometry":{"type":"Point","coordinates":[14.6386557,51.9127829]},"properties":{"maxweight":"12"}},{"type":"Feature","geometry":{"type":"Point","coordinates":[14.6593469,51.9144326]},"properties":{"hgv":"no"}},{"type":"Feature","geometry":{"type":"Point","coordinates":[14.6531641,51.9164024]},"properties":{"maxheight":"3.8"}},{"type":"Feature","geometry":{"type":"Point","coordinates":[14.6537492,51.9159553]},"properties":{"hgv":"no"}},{"type":"Feature","geometry":{"type":"Point","coordinates":[14.6349659,51.9073932]},"properties":{"hgv":"no"}},{"type":"Feature","geometry":{"type":"Point","coordinates":[14.0962486,51.582244]},"properties":{"hgv":"destination"}},{"type":"Feature","geometry":{"type":"Point","coordinates":[14.4530869,51.2615015]},"properties":{"maxheight":"3.1"}},{"type":"Feature","geometry":{"type":"Point","coordinates":[14.1212114,51.7347901]},"properties":{"maxweight":"7.5"}},{"type":"Feature","geometry":{"type":"Point","coordinates":[14.9469322,51.4720735]},"properties":{"hgv":"no","maxweight":"3.5"}},{"type":"Feature","geometry":{"type":"Point","coordinates":[14.9483738,51.4736756]},"properties":{"hgv":"no"}},{"type":"Feature","geometry":{"type":"Point","coordinates":[14.5208292,51.4126102]},"properties":{"maxweight":"2.5"}},{"type":"Feature","geometry":{"type":"Point","coordinates":[14.378941,51.6957974]},"properties":{"maxweight":"7.5"}},{"type":"Feature","geometry":{"type":"Point","coordinates":[14.390758,51.3972168]},"properties":{"maxweightrating":"3.5"}},{"type":"Feature","geometry":{"type":"Point","coordinates":[14.2511074,51.383066]},"properties":{"maxweight":"3.5"}},{"type":"Feature","geometry":{"type":"Point","coordinates":[14.4182517,51.1835014]},"properties":{"maxweight":"3.5"}},{"type":"Feature","geometry":{"type":"Point","coordinates":[14.4196967,51.1839738]},"properties":{"maxweight":"3.5"}},{"type":"Feature","geometry":{"type":"Point","coordinates":[14.1789489,51.6213117]},"properties":{"maxheight":"3"}},{"type":"Feature","geometry":{"type":"Point","coordinates":[14.1467136,51.4332449]},"properties":{"maxweight":"5"}},{"type":"Feature","geometry":{"type":"Point","coordinates":[14.2034508,51.7494423]},"properties":{"hgv":"no"}},{"type":"Feature","geometry":{"type":"Point","coordinates":[14.2148497,51.7665423]},"properties":{"maxweight":"3.5"}},{"type":"Feature","geometry":{"type":"Point","coordinates":[14.2167435,51.7651518]},"properties":{"maxweight":"3.5"}},{"type":"Feature","geometry":{"type":"Point","coordinates":[14.0219387,51.0787903]},"properties":{"hgv":"no","goods":"no"}},{"type":"Feature","geometry":{"type":"Point","coordinates":[14.0220401,51.0789526]},"properties":{"hgv":"no","goods":"no"}},{"type":"Feature","geometry":{"type":"Point","coordinates":[14.0895524,51.5809733]},"properties":{"maxweight":"2.8"}},{"type":"Feature","geometry":{"type":"Point","coordinates":[14.2768639,51.6966015]},"properties":{"hgv":"destination"}},{"type":"Feature","geometry":{"type":"Point","coordinates":[14.2772747,51.6968871]},"properties":{"hgv":"destination"}},{"type":"Feature","geometry":{"type":"Point","coordinates":[14.2773556,51.6968791]},"properties":{"hgv":"destination"}},{"type":"Feature","geometry":{"type":"Point","coordinates":[14.1129217,51.5825138]},"properties":{"hgv":"delivery"}},{"type":"Feature","geometry":{"type":"Point","coordinates":[14.1556354,51.1464111]},"properties":{"maxheight":"2.30"}},{"type":"Feature","geometry":{"type":"Point","coordinates":[14.9682805,51.3318092]},"properties":{"maxweight":"2.8"}},{"type":"Feature","geometry":{"type":"Point","coordinates":[14.429681,51.6320189]},"properties":{"maxheight":"4"}},{"type":"Feature","geometry":{"type":"Point","coordinates":[14.6492348,51.7665091]},"properties":{"hgv":"local","maxweight":"3.5"}},{"type":"Feature","geometry":{"type":"Point","coordinates":[14.5684125,51.657879]},"properties":{"hgv":"no"}},{"type":"Feature","geometry":{"type":"Point","coordinates":[14.0381364,51.819901]},"properties":{"hgv":"no"}},{"type":"Feature","geometry":{"type":"Point","coordinates":[14.1185971,51.7578642]},"properties":{"maxweight":"24 t"}},{"type":"Feature","geometry":{"type":"Point","coordinates":[14.0288316,51.7814866]},"properties":{"hgv":"delivery"}},{"type":"Feature","geometry":{"type":"Point","coordinates":[14.29174,51.7179182]},"properties":{"hgv":"destination"}},{"type":"Feature","geometry":{"type":"Point","coordinates":[14.609729,51.9122323]},"properties":{"hgv":"agricultural;forestry"}},{"type":"Feature","geometry":{"type":"Point","coordinates":[14.5947379,51.2428929]},"properties":{"maxweight":"10"}},{"type":"Feature","geometry":{"type":"Point","coordinates":[14.777574,51.3873079]},"properties":{"hgv":"destination"}},{"type":"Feature","geometry":{"type":"Point","coordinates":[14.7220325,51.951825]},"properties":{"hgv":"no"}},{"type":"Feature","geometry":{"type":"Point","coordinates":[14.0783883,51.5842685]},"properties":{"hgv":"yes"}},{"type":"Feature","geometry":{"type":"Point","coordinates":[14.9603897,51.3811268]},"properties":{"hgv":"no"}},{"type":"Feature","geometry":{"type":"Point","coordinates":[14.5090071,51.8686804]},"properties":{"maxheight":"4.2"}},{"type":"Feature","geometry":{"type":"Point","coordinates":[14.508952,51.86882]},"properties":{"maxheight":"4.2"}},{"type":"Feature","geometry":{"type":"Point","coordinates":[14.6278115,51.9131528]},"properties":{"hgv":"agricultural;forestry"}},{"type":"Feature","geometry":{"type":"Point","coordinates":[14.124082,51.5210796]},"properties":{"maxweight":"30"}},{"type":"Feature","geometry":{"type":"Point","coordinates":[14.1839841,51.1251704]},"properties":{"maxweight":"2.8"}},{"type":"Feature","geometry":{"type":"Point","coordinates":[14.3071789,51.7475155]},"properties":{"maxheight":"3.6"}},{"type":"Feature","geometry":{"type":"Point","coordinates":[14.1192125,51.0418097]},"properties":{"maxweight":"5.5"}},{"type":"Feature","geometry":{"type":"Point","coordinates":[14.430255,51.1824775]},"properties":{"maxheight":"3.4"}},{"type":"Feature","geometry":{"type":"Point","coordinates":[14.251752,51.7403112]},"properties":{"maxweight":"3.5"}},{"type":"Feature","geometry":{"type":"Point","coordinates":[14.8304608,51.4121213]},"properties":{"maxweight":"1.5"}},{"type":"Feature","geometry":{"type":"Point","coordinates":[14.5471227,51.8740308]},"properties":{"maxheight":"default"}},{"type":"Feature","geometry":{"type":"Point","coordinates":[14.8594355,51.3609875]},"properties":{"maxwidth":"2"}},{"type":"Feature","geometry":{"type":"Point","coordinates":[14.8118527,51.3872844]},"properties":{"maxweight":"3.5"}},{"type":"Feature","geometry":{"type":"Point","coordinates":[14.9350749,51.2895297]},"properties":{"maxweight":"3.5"}},{"type":"Feature","geometry":{"type":"Point","coordinates":[14.6710207,51.0295226]},"properties":{"maxwidth":"2"}},{"type":"Feature","geometry":{"type":"Point","coordinates":[14.4212507,51.1866194]},"properties":{"hgv":"no"}},{"type":"Feature","geometry":{"type":"Point","coordinates":[14.0070598,51.5200666]},"properties":{"hgv":"no","maxheight":"5.5"}},{"type":"Feature","geometry":{"type":"Point","coordinates":[14.0609505,51.564856]},"properties":{"maxweight":"6"}},{"type":"Feature","geometry":{"type":"Point","coordinates":[14.0068901,51.5199488]},"properties":{"hgv":"no","maxheight":"5.5"}},{"type":"Feature","geometry":{"type":"Point","coordinates":[14.0870698,51.5816915]},"properties":{"hgv":"yes"}},{"type":"Feature","geometry":{"type":"Point","coordinates":[14.2873443,51.7173318]},"properties":{"hgv":"no"}},{"type":"Feature","geometry":{"type":"Point","coordinates":[14.0759739,51.7984482]},"properties":{"maxweight":"7.5"}},{"type":"Feature","geometry":{"type":"Point","coordinates":[14.1436188,51.2521395]},"properties":{"hgv":"no"}},{"type":"Feature","geometry":{"type":"Point","coordinates":[14.7353958,51.6668036]},"properties":{"maxheight":"default"}},{"type":"Feature","geometry":{"type":"Point","coordinates":[14.5445144,51.1213083]},"properties":{"maxweight":"3.5"}},{"type":"Feature","geometry":{"type":"Point","coordinates":[14.111238,51.8646758]},"properties":{"maxweight":"6.0"}},{"type":"Feature","geometry":{"type":"Point","coordinates":[14.328027,51.7625748]},"properties":{"hgv":"no"}},{"type":"Feature","geometry":{"type":"Point","coordinates":[14.4195208,51.1885344]},"properties":{"maxwidth":"2"}},{"type":"Feature","geometry":{"type":"Point","coordinates":[14.4380127,51.1937008]},"properties":{"maxweight":"3.5"}},{"type":"Feature","geometry":{"type":"Point","coordinates":[14.2890348,51.283107]},"properties":{"maxweight":"1.5"}},{"type":"Feature","geometry":{"type":"Point","coordinates":[14.0464727,51.0984204]},"properties":{"maxweight":"1.5"}},{"type":"Feature","geometry":{"type":"Point","coordinates":[14.0463003,51.0983362]},"properties":{"maxweight":"1.5"}},{"type":"Feature","geometry":{"type":"Point","coordinates":[14.0920244,51.8642954]},"properties":{"maxwidth":"1.9","maxlength":"9.5"}},{"type":"Feature","geometry":{"type":"Point","coordinates":[14.0515365,51.8816868]},"properties":{"maxwidth":"1.9","maxlength":"9.5"}},{"type":"Feature","geometry":{"type":"Point","coordinates":[14.0053099,51.0908498]},"properties":{"hgv":"no"}},{"type":"Feature","geometry":{"type":"Point","coordinates":[14.1079106,51.8318933]},"properties":{"maxwidth":"1.9","maxlength":"9.5"}},{"type":"Feature","geometry":{"type":"Point","coordinates":[14.0868533,51.8312222]},"properties":{"maxwidth":"1.9","maxlength":"9.5"}},{"type":"Feature","geometry":{"type":"Point","coordinates":[14.648477,51.7435666]},"properties":{"hgv":"yes","goods":"yes"}},{"type":"Feature","geometry":{"type":"Point","coordinates":[14.1180743,51.9076154]},"properties":{"maxweight":"9"}},{"type":"Feature","geometry":{"type":"Point","coordinates":[14.0015508,51.4024263]},"properties":{"maxwidth":"2"}},{"type":"Feature","geometry":{"type":"Point","coordinates":[14.4769547,51.1981264]},"properties":{"maxweight":"9.0"}},{"type":"Feature","geometry":{"type":"Point","coordinates":[14.1163288,51.6842209]},"properties":{"hgv":"no"}},{"type":"Feature","geometry":{"type":"Point","coordinates":[14.0151708,51.7304771]},"properties":{"hgv":"no"}},{"type":"Feature","geometry":{"type":"Point","coordinates":[14.0229995,51.6869608]},"properties":{"maxwidth":"2.2"}},{"type":"Feature","geometry":{"type":"Point","coordinates":[14.7521369,51.318288]},"properties":{"hgv":"no"}},{"type":"Feature","geometry":{"type":"Point","coordinates":[14.3783615,51.0542797]},"properties":{"maxweight":"2.8"}},{"type":"Feature","geometry":{"type":"Point","coordinates":[14.009079,51.8637824]},"properties":{"maxwidth":"1.9","maxlength":"9.5"}},{"type":"Feature","geometry":{"type":"Point","coordinates":[14.3328105,51.7640493]},"properties":{"maxheight":"3"}},{"type":"Feature","geometry":{"type":"Point","coordinates":[14.3324102,51.7641604]},"properties":{"maxheight":"3"}},{"type":"Feature","geometry":{"type":"Point","coordinates":[14.8994738,51.3058716]},"properties":{"maxweight":"3.5"}},{"type":"Feature","geometry":{"type":"Point","coordinates":[14.089493,51.846529]},"properties":{"maxwidth":"1.9","maxlength":"9.5"}},{"type":"Feature","geometry":{"type":"Point","coordinates":[14.089493,51.846529]},"properties":{"maxwidth":"1.9","maxlength":"9.5"}},{"type":"Feature","geometry":{"type":"Point","coordinates":[14.0892889,51.846531]},"properties":{"maxwidth":"1.9","maxlength":"9.5"}},{"type":"Feature","geometry":{"type":"Point","coordinates":[14.1560099,51.859862]},"properties":{"maxweight":"3.5"}},{"type":"Feature","geometry":{"type":"Point","coordinates":[14.7810837,51.1280244]},"properties":{"maxweight":"11.5"}},{"type":"Feature","geometry":{"type":"Point","coordinates":[14.3898661,51.093755]},"properties":{"maxheight":"3.3"}},{"type":"Feature","geometry":{"type":"Point","coordinates":[14.7029344,51.9535782]},"properties":{"maxheight":"below_default"}},{"type":"Feature","geometry":{"type":"Point","coordinates":[14.6823322,51.0975676]},"properties":{"maxheight":"3.0"}},{"type":"Feature","geometry":{"type":"Point","coordinates":[14.0901829,51.867393]},"properties":{"maxwidth":"1.9","maxlength":"9.5"}},{"type":"Feature","geometry":{"type":"Point","coordinates":[14.0903763,51.8656955]},"properties":{"maxwidth":"1.9","maxlength":"9.5"}},{"type":"Feature","geometry":{"type":"Point","coordinates":[14.3841703,51.8742865]},"properties":{"maxweight":"6"}},{"type":"Feature","geometry":{"type":"Point","coordinates":[14.9470489,51.4723126]},"properties":{"hgv":"no"}},{"type":"Feature","geometry":{"type":"Point","coordinates":[14.6020625,51.8006493]},"properties":{"maxweight":"3"}},{"type":"Feature","geometry":{"type":"Point","coordinates":[14.4228407,51.100501]},"properties":{"maxweight":"6"}},{"type":"Feature","geometry":{"type":"Point","coordinates":[14.0696633,51.7843278]},"properties":{"maxweight":"7.5"}},{"type":"Feature","geometry":{"type":"Point","coordinates":[14.0692472,51.7843847]},"properties":{"maxweight":"7.5"}},{"type":"Feature","geometry":{"type":"Point","coordinates":[14.8006504,51.1419131]},"properties":{"maxweight":"16"}},{"type":"Feature","geometry":{"type":"Point","coordinates":[14.5832679,51.7676438]},"properties":{"hgv":"no"}},{"type":"Feature","geometry":{"type":"Point","coordinates":[14.1425554,51.7122365]},"properties":{"hgv":"no"}},{"type":"Feature","geometry":{"type":"Point","coordinates":[14.2153314,51.7661925]},"properties":{"maxweight":"3.5"}},{"type":"Feature","geometry":{"type":"Point","coordinates":[14.1366082,51.7007777]},"properties":{"maxweight":"7.5"}},{"type":"Feature","geometry":{"type":"Point","coordinates":[14.0980299,51.292056]},"properties":{"maxweight":"3.5"}},{"type":"Feature","geometry":{"type":"Point","coordinates":[14.5439531,51.7436838]},"properties":{"hgv":"no"}},{"type":"Feature","geometry":{"type":"Point","coordinates":[14.5463076,51.7502013]},"properties":{"hgv":"no"}},{"type":"Feature","geometry":{"type":"Point","coordinates":[14.544931,51.7387377]},"properties":{"hgv":"no"}},{"type":"Feature","geometry":{"type":"Point","coordinates":[14.3320983,51.7412182]},"properties":{"hgv":"no"}},{"type":"Feature","geometry":{"type":"Point","coordinates":[14.0092113,51.1816202]},"properties":{"maxweight":"7.5"}},{"type":"Feature","geometry":{"type":"Point","coordinates":[14.0703987,51.2893132]},"properties":{"maxheight":"4"}},{"type":"Feature","geometry":{"type":"Point","coordinates":[14.0003167,51.8530059]},"properties":{"maxwidth":"1.9","maxlength":"9.5"}},{"type":"Feature","geometry":{"type":"Point","coordinates":[14.0536379,51.8278303]},"properties":{"maxwidth":"1.9","maxlength":"9.5"}},{"type":"Feature","geometry":{"type":"Point","coordinates":[14.1073573,51.8696488]},"properties":{"maxwidth":"1.9","maxlength":"9.5"}},{"type":"Feature","geometry":{"type":"Point","coordinates":[14.1271113,51.8432506]},"properties":{"maxweight":"3.5"}},{"type":"Feature","geometry":{"type":"Point","coordinates":[14.1265902,51.841768]},"properties":{"maxweight":"3.5"}},{"type":"Feature","geometry":{"type":"Point","coordinates":[14.0577545,51.8686719]},"properties":{"maxwidth":"1.9","maxlength":"9.5"}},{"type":"Feature","geometry":{"type":"Point","coordinates":[14.0860925,51.8643772]},"properties":{"maxwidth":"1.9","maxlength":"9.5"}},{"type":"Feature","geometry":{"type":"Point","coordinates":[14.015404,51.8734514]},"properties":{"maxwidth":"1.9","maxlength":"9.5"}},{"type":"Feature","geometry":{"type":"Point","coordinates":[14.020958,51.8716603]},"properties":{"maxwidth":"1.9","maxlength":"9.5"}},{"type":"Feature","geometry":{"type":"Point","coordinates":[14.082133,51.8649434]},"properties":{"maxwidth":"1.9","maxlength":"9.5"}},{"type":"Feature","geometry":{"type":"Point","coordinates":[14.0938094,51.8555892]},"properties":{"maxwidth":"1.9","maxlength":"9.5"}},{"type":"Feature","geometry":{"type":"Point","coordinates":[14.092515,51.8446365]},"properties":{"maxwidth":"1.9","maxlength":"9.5"}},{"type":"Feature","geometry":{"type":"Point","coordinates":[14.0969562,51.8565118]},"properties":{"maxwidth":"1.9","maxlength":"9.5"}},{"type":"Feature","geometry":{"type":"Point","coordinates":[14.0777579,51.8622381]},"properties":{"maxwidth":"1.9","maxlength":"9.5"}},{"type":"Feature","geometry":{"type":"Point","coordinates":[14.0784589,51.8434945]},"properties":{"maxwidth":"1.9","maxlength":"9.5"}},{"type":"Feature","geometry":{"type":"Point","coordinates":[14.0565434,51.8558825]},"properties":{"maxwidth":"1.9","maxlength":"9.5"}},{"type":"Feature","geometry":{"type":"Point","coordinates":[14.095006,51.8673029]},"properties":{"maxwidth":"1.9","maxlength":"9.5"}},{"type":"Feature","geometry":{"type":"Point","coordinates":[14.9826148,51.1268571]},"properties":{"maxweight":"12"}},{"type":"Feature","geometry":{"type":"Point","coordinates":[14.9837065,51.1264808]},"properties":{"maxweight":"12"}},{"type":"Feature","geometry":{"type":"Point","coordinates":[14.1019365,51.8648859]},"properties":{"maxwidth":"1.9","maxlength":"9.5"}},{"type":"Feature","geometry":{"type":"Point","coordinates":[14.0877465,51.8552673]},"properties":{"maxwidth":"1.9","maxlength":"9.5"}},{"type":"Feature","geometry":{"type":"Point","coordinates":[14.0887273,51.8593833]},"properties":{"maxwidth":"1.9","maxlength":"9.5"}},{"type":"Feature","geometry":{"type":"Point","coordinates":[14.0014869,51.8719147]},"properties":{"maxwidth":"1.9","maxlength":"9.5"}},{"type":"Feature","geometry":{"type":"Point","coordinates":[14.1064933,51.8731824]},"properties":{"maxwidth":"1.9","maxlength":"9.5"}},{"type":"Feature","geometry":{"type":"Point","coordinates":[14.0724592,51.8495929]},"properties":{"maxwidth":"1.9","maxlength":"9.5"}},{"type":"Feature","geometry":{"type":"Point","coordinates":[14.0687363,51.8615395]},"properties":{"maxlength":"9.5"}},{"type":"Feature","geometry":{"type":"Point","coordinates":[14.0063061,51.8739303]},"properties":{"maxwidth":"1.9","maxlength":"9.5"}},{"type":"Feature","geometry":{"type":"Point","coordinates":[14.0870392,51.8310431]},"properties":{"maxwidth":"1.9","maxlength":"9.5"}},{"type":"Feature","geometry":{"type":"Point","coordinates":[14.9694552,51.1617444]},"properties":{"maxweight":"7.5"}},{"type":"Feature","geometry":{"type":"Point","coordinates":[14.9694088,51.1610726]},"properties":{"maxheight":"3.3"}},{"type":"Feature","geometry":{"type":"Point","coordinates":[14.8002669,51.14243]},"properties":{"maxweight":"6"}},{"type":"Feature","geometry":{"type":"Point","coordinates":[14.0608325,51.4974839]},"properties":{"maxweight":"3.5"}},{"type":"Feature","geometry":{"type":"Point","coordinates":[14.0609237,51.4976192]},"properties":{"maxweight":"3.5"}},{"type":"Feature","geometry":{"type":"Point","coordinates":[14.0245067,51.2411219]},"properties":{"hgv":"destination"}},{"type":"Feature","geometry":{"type":"Point","coordinates":[14.0263045,51.2404818]},"properties":{"hgv":"destination"}},{"type":"Feature","geometry":{"type":"Point","coordinates":[14.1272875,51.8437211]},"properties":{"maxweight":"3.5"}},{"type":"Feature","geometry":{"type":"Point","coordinates":[14.1279859,51.8455642]},"properties":{"maxweight":"3.5"}},{"type":"Feature","geometry":{"type":"Point","coordinates":[14.3247959,51.9091596]},"properties":{"maxweight":"3.5"}},{"type":"Feature","geometry":{"type":"Point","coordinates":[14.2369791,51.6439172]},"properties":{"hgv":"destination"}},{"type":"Feature","geometry":{"type":"Point","coordinates":[14.0251982,51.9067541]},"properties":{"maxwidth":"1.9","maxlength":"9.5"}},{"type":"Feature","geometry":{"type":"Point","coordinates":[14.1615089,51.6241552]},"properties":{"hgv":"destination"}},{"type":"Feature","geometry":{"type":"Point","coordinates":[14.1608563,51.624027]},"properties":{"hgv":"destination"}},{"type":"Feature","geometry":{"type":"Point","coordinates":[14.1584459,51.6231528]},"properties":{"hgv":"destination"}},{"type":"Feature","geometry":{"type":"Point","coordinates":[14.084096,51.5775913]},"properties":{"hgv":"destination"}},{"type":"Feature","geometry":{"type":"Point","coordinates":[14.2848585,51.0964247]},"properties":{"maxweight":"15"}},{"type":"Feature","geometry":{"type":"Point","coordinates":[14.0799149,51.2903734]},"properties":{"maxheight":"4"}},{"type":"Feature","geometry":{"type":"Point","coordinates":[14.2514447,51.6756289]},"properties":{"hgv":"destination"}},{"type":"Feature","geometry":{"type":"Point","coordinates":[14.2535858,51.6778575]},"properties":{"hgv":"destination"}},{"type":"Feature","geometry":{"type":"Point","coordinates":[14.2524982,51.6767255]},"properties":{"hgv":"destination"}},{"type":"Feature","geometry":{"type":"Point","coordinates":[14.2424538,51.6661203]},"properties":{"hgv":"destination"}},{"type":"Feature","geometry":{"type":"Point","coordinates":[14.237463,51.6446712]},"properties":{"hgv":"destination"}},{"type":"Feature","geometry":{"type":"Point","coordinates":[14.2431856,51.6547365]},"properties":{"hgv":"destination"}},{"type":"Feature","geometry":{"type":"Point","coordinates":[14.2422848,51.6521198]},"properties":{"hgv":"destination"}},{"type":"Feature","geometry":{"type":"Point","coordinates":[14.242868,51.6533383]},"properties":{"hgv":"destination","maxheight":"default"}},{"type":"Feature","geometry":{"type":"Point","coordinates":[14.2429252,51.6569454]},"properties":{"hgv":"destination"}},{"type":"Feature","geometry":{"type":"Point","coordinates":[14.1821002,51.6325259]},"properties":{"hgv":"destination"}},{"type":"Feature","geometry":{"type":"Point","coordinates":[14.208708,51.6385248]},"properties":{"hgv":"destination"}},{"type":"Feature","geometry":{"type":"Point","coordinates":[14.2358794,51.642494]},"properties":{"hgv":"destination"}},{"type":"Feature","geometry":{"type":"Point","coordinates":[14.2102175,51.6382306]},"properties":{"hgv":"destination"}},{"type":"Feature","geometry":{"type":"Point","coordinates":[14.21218,51.637806]},"properties":{"hgv":"destination"}},{"type":"Feature","geometry":{"type":"Point","coordinates":[14.2051025,51.6389377]},"properties":{"hgv":"destination"}},{"type":"Feature","geometry":{"type":"Point","coordinates":[14.3447025,51.7594847]},"properties":{"maxweight":"7.5"}},{"type":"Feature","geometry":{"type":"Point","coordinates":[14.3468935,51.7559282]},"properties":{"maxweight":"7.5"}},{"type":"Feature","geometry":{"type":"Point","coordinates":[14.5647247,51.8816549]},"properties":{"hgv":"agricultural;forestry;private"}},{"type":"Feature","geometry":{"type":"Point","coordinates":[14.0865928,51.0395532]},"properties":{"maxweight":"1.5"}},{"type":"Feature","geometry":{"type":"Point","coordinates":[14.2684024,51.6915322]},"properties":{"maxweight":"7.5"}},{"type":"Feature","geometry":{"type":"Point","coordinates":[14.2410092,51.6501328]},"properties":{"hgv":"destination","maxheight":"default"}},{"type":"Feature","geometry":{"type":"Point","coordinates":[14.1279532,51.1615121]},"properties":{"maxweight":"16"}},{"type":"Feature","geometry":{"type":"Point","coordinates":[14.4510659,51.0265661]},"properties":{"hgv":"no"}},{"type":"Feature","geometry":{"type":"Point","coordinates":[14.4511013,51.0266996]},"properties":{"hgv":"no"}},{"type":"Feature","geometry":{"type":"Point","coordinates":[14.0856663,51.2926789]},"properties":{"maxheight":"4"}},{"type":"Feature","geometry":{"type":"Point","coordinates":[14.1170967,51.2313387]},"properties":{"hgv":"delivery"}},{"type":"Feature","geometry":{"type":"Point","coordinates":[14.1170715,51.2314352]},"properties":{"hgv":"delivery"}},{"type":"Feature","geometry":{"type":"Point","coordinates":[14.2218513,51.3001526]},"properties":{"hgv":"no"}},{"type":"Feature","geometry":{"type":"Point","coordinates":[14.0988333,51.5088458]},"properties":{"maxweight":"10"}},{"type":"Feature","geometry":{"type":"Point","coordinates":[14.1324034,51.8676762]},"properties":{"maxwidth":"1.9","maxlength":"9.5"}},{"type":"Feature","geometry":{"type":"Point","coordinates":[14.0251196,51.8564156]},"properties":{"maxwidth":"1.9","maxlength":"9.5"}},{"type":"Feature","geometry":{"type":"Point","coordinates":[14.0592401,51.8341963]},"properties":{"maxwidth":"1.9","maxlength":"9.5"}},{"type":"Feature","geometry":{"type":"Point","coordinates":[14.1743582,51.8337378]},"properties":{"maxwidth":"1.9","maxlength":"9.5"}},{"type":"Feature","geometry":{"type":"Point","coordinates":[14.0129695,51.8553968]},"properties":{"maxwidth":"1.9","maxlength":"9.5"}},{"type":"Feature","geometry":{"type":"Point","coordinates":[14.1259265,51.8691341]},"properties":{"maxweight":"9"}},{"type":"Feature","geometry":{"type":"Point","coordinates":[14.0924742,51.8304301]},"properties":{"maxwidth":"1.9","maxlength":"9.5"}},{"type":"Feature","geometry":{"type":"Point","coordinates":[14.0647855,51.8303299]},"properties":{"maxwidth":"1.9","maxlength":"9.5"}},{"type":"Feature","geometry":{"type":"Point","coordinates":[14.9898686,51.1557822]},"properties":{"maxheight":"default"}},{"type":"Feature","geometry":{"type":"Point","coordinates":[14.4661268,51.1957183]},"properties":{"maxheight":"default"}},{"type":"Feature","geometry":{"type":"Point","coordinates":[14.4642381,51.1955934]},"properties":{"maxheight":"default"}},{"type":"Feature","geometry":{"type":"Point","coordinates":[14.6653162,51.2062127]},"properties":{"maxheight":"default"}},{"type":"Feature","geometry":{"type":"Point","coordinates":[14.6845127,51.2076914]},"properties":{"hgv":"designated"}},{"type":"Feature","geometry":{"type":"Point","coordinates":[14.6855693,51.2070455]},"properties":{"hgv":"designated"}},{"type":"Feature","geometry":{"type":"Point","coordinates":[14.0082278,51.8759167]},"properties":{"maxwidth":"1.9","maxlength":"9.5"}},{"type":"Feature","geometry":{"type":"Point","coordinates":[14.9903923,51.1565813]},"properties":{"maxheight":"5"}},{"type":"Feature","geometry":{"type":"Point","coordinates":[14.9921249,51.1565625]},"properties":{"maxweight":"7.5"}},{"type":"Feature","geometry":{"type":"Point","coordinates":[14.0375933,51.8803279]},"properties":{"maxweight":"30"}},{"type":"Feature","geometry":{"type":"Point","coordinates":[14.0323434,51.883899]},"properties":{"maxweight":"30"}},{"type":"Feature","geometry":{"type":"Point","coordinates":[14.9805461,51.1229679]},"properties":{"maxweight":"7.5"}},{"type":"Feature","geometry":{"type":"Point","coordinates":[14.118799,51.1677847]},"properties":{"hgv":"delivery"}},{"type":"Feature","geometry":{"type":"Point","coordinates":[14.1090369,51.1690391]},"properties":{"hgv":"delivery"}},{"type":"Feature","geometry":{"type":"Point","coordinates":[14.872755,51.2190734]},"properties":{"hgv":"designated"}},{"type":"Feature","geometry":{"type":"Point","coordinates":[14.8711082,51.2199554]},"properties":{"hgv":"designated"}},{"type":"Feature","geometry":{"type":"Point","coordinates":[14.3418715,51.5477912]},"properties":{"hgv":"delivery"}},{"type":"Feature","geometry":{"type":"Point","coordinates":[14.331756,51.5504611]},"properties":{"hgv":"delivery"}},{"type":"Feature","geometry":{"type":"Point","coordinates":[14.3337007,51.5476275]},"properties":{"hgv":"delivery"}},{"type":"Feature","geometry":{"type":"Point","coordinates":[14.3419432,51.7375246]},"properties":{"goods":"permit"}},{"type":"Feature","geometry":{"type":"Point","coordinates":[14.3417167,51.7370512]},"properties":{"goods":"permit"}},{"type":"Feature","geometry":{"type":"Point","coordinates":[14.7657276,51.3246521]},"properties":{"maxweight":"2.8"}},{"type":"Feature","geometry":{"type":"Point","coordinates":[14.1371643,51.6092507]},"properties":{"hgv":"destination"}},{"type":"Feature","geometry":{"type":"Point","coordinates":[14.1116876,51.5895402]},"properties":{"hgv":"destination"}},{"type":"Feature","geometry":{"type":"Point","coordinates":[14.153127,51.6197664]},"properties":{"hgv":"destination"}},{"type":"Feature","geometry":{"type":"Point","coordinates":[14.3930046,51.1887117]},"properties":{"hgv":"no"}},{"type":"Feature","geometry":{"type":"Point","coordinates":[14.116512,51.8630433]},"properties":{"maxweight":"12"}},{"type":"Feature","geometry":{"type":"Point","coordinates":[14.9878217,51.1555373]},"properties":{"maxweight":"7.5"}},{"type":"Feature","geometry":{"type":"Point","coordinates":[14.4099675,51.1790602]},"properties":{"maxheight":"default"}},{"type":"Feature","geometry":{"type":"Point","coordinates":[14.1182377,51.6786448]},"properties":{"hgv":"no"}},{"type":"Feature","geometry":{"type":"Point","coordinates":[14.6687514,51.0352655]},"properties":{"maxwidth":"2"}},{"type":"Feature","geometry":{"type":"Point","coordinates":[14.6116793,51.7115286]},"properties":{"maxheight":"default"}},{"type":"Feature","geometry":{"type":"Point","coordinates":[14.2963588,51.7503071]},"properties":{"maxheight":"3.6"}},{"type":"Feature","geometry":{"type":"Point","coordinates":[14.2414823,51.4296648]},"properties":{"maxheight":"default"}},{"type":"Feature","geometry":{"type":"Point","coordinates":[14.3290595,51.5547794]},"properties":{"maxheight":"default"}},{"type":"Feature","geometry":{"type":"Point","coordinates":[14.4475672,51.1787522]},"properties":{"maxweight":"12"}},{"type":"Feature","geometry":{"type":"Point","coordinates":[14.3318745,51.5504262]},"properties":{"hgv":"delivery"}},{"type":"Feature","geometry":{"type":"Point","coordinates":[14.5942926,51.7129132]},"properties":{"maxheight":"default"}},{"type":"Feature","geometry":{"type":"Point","coordinates":[14.6622389,51.1037473]},"properties":{"maxheight":"default"}},{"type":"Feature","geometry":{"type":"Point","coordinates":[14.9815908,51.1377064]},"properties":{"maxweight":"16"}},{"type":"Feature","geometry":{"type":"Point","coordinates":[14.4833171,51.7977875]},"properties":{"maxheight":"4"}},{"type":"Feature","geometry":{"type":"Point","coordinates":[14.3499271,51.7169253]},"properties":{"maxheight":"default"}},{"type":"Feature","geometry":{"type":"Point","coordinates":[14.6498338,51.7421954]},"properties":{"hgv":"yes","goods":"yes"}},{"type":"Feature","geometry":{"type":"Point","coordinates":[14.2795607,51.7025296]},"properties":{"hgv":"destination"}},{"type":"Feature","geometry":{"type":"Point","coordinates":[14.279238,51.7011671]},"properties":{"hgv":"destination"}},{"type":"Feature","geometry":{"type":"Point","coordinates":[14.6429925,51.7346906]},"properties":{"hgv":"yes","goods":"yes"}},{"type":"Feature","geometry":{"type":"Point","coordinates":[14.8342049,51.0495423]},"properties":{"maxweight":"24"}},{"type":"Feature","geometry":{"type":"Point","coordinates":[14.804268,51.0633748]},"properties":{"maxweight":"16"}},{"type":"Feature","geometry":{"type":"Point","coordinates":[14.1430717,51.4738993]},"properties":{"maxweight":"30"}},{"type":"Feature","geometry":{"type":"Point","coordinates":[14.1853896,51.1123522]},"properties":{"hgv":"no"}},{"type":"Feature","geometry":{"type":"Point","coordinates":[14.1051663,51.1708147]},"properties":{"hgv":"delivery"}},{"type":"Feature","geometry":{"type":"Point","coordinates":[14.1575619,51.622754]},"properties":{"hgv":"destination"}},{"type":"Feature","geometry":{"type":"Point","coordinates":[14.1579907,51.6229194]},"properties":{"hgv":"destination"}},{"type":"Feature","geometry":{"type":"Point","coordinates":[14.0957521,51.1732191]},"properties":{"hgv":"delivery"}},{"type":"Feature","geometry":{"type":"Point","coordinates":[14.0600515,51.1674617]},"properties":{"hgv":"no"}},{"type":"Feature","geometry":{"type":"Point","coordinates":[14.0344514,51.8570523]},"properties":{"maxwidth":"1.9","maxlength":"9.5"}},{"type":"Feature","geometry":{"type":"Point","coordinates":[14.2085143,51.8412811]},"properties":{"maxwidth":"1.9","maxlength":"9.5"}},{"type":"Feature","geometry":{"type":"Point","coordinates":[14.1350826,51.8428191]},"properties":{"maxwidth":"1.9","maxlength":"9.5"}},{"type":"Feature","geometry":{"type":"Point","coordinates":[14.0169166,51.9105622]},"properties":{"maxweight":"30"}},{"type":"Feature","geometry":{"type":"Point","coordinates":[14.2903754,51.7249844]},"properties":{"maxheight":"default"}},{"type":"Feature","geometry":{"type":"Point","coordinates":[14.2412874,51.6638445]},"properties":{"hgv":"destination"}},{"type":"Feature","geometry":{"type":"Point","coordinates":[14.2413872,51.6609291]},"properties":{"hgv":"destination"}},{"type":"Feature","geometry":{"type":"Point","coordinates":[14.2416687,51.6648922]},"properties":{"hgv":"destination"}},{"type":"Feature","geometry":{"type":"Point","coordinates":[14.2411577,51.6620325]},"properties":{"hgv":"destination"}},{"type":"Feature","geometry":{"type":"Point","coordinates":[14.954641,51.1340345]},"properties":{"maxweight":"7.5"}},{"type":"Feature","geometry":{"type":"Point","coordinates":[14.2511749,51.7831511]},"properties":{"maxweight":"3.5"}},{"type":"Feature","geometry":{"type":"Point","coordinates":[14.0532687,51.8479486]},"properties":{"maxwidth":"1.9","maxlength":"9.5"}},{"type":"Feature","geometry":{"type":"Point","coordinates":[14.5908291,51.768467]},"properties":{"hgv":"no"}},{"type":"Feature","geometry":{"type":"Point","coordinates":[14.3013734,51.8569352]},"properties":{"maxweight":"6"}},{"type":"Feature","geometry":{"type":"Point","coordinates":[14.3351239,51.7047734]},"properties":{"hgv":"delivery"}},{"type":"Feature","geometry":{"type":"Point","coordinates":[14.2809724,51.7489673]},"properties":{"maxheight":"3"}},{"type":"Feature","geometry":{"type":"Point","coordinates":[14.151261,51.2743864]},"properties":{"hgv":"no"}},{"type":"Feature","geometry":{"type":"Point","coordinates":[14.151599,51.3043064]},"properties":{"hgv":"destination"}},{"type":"Feature","geometry":{"type":"Point","coordinates":[14.3966,51.0914128]},"properties":{"maxheight":"3.2"}},{"type":"Feature","geometry":{"type":"Point","coordinates":[14.47522,51.0432264]},"properties":{"maxheight":"3.20"}},{"type":"Feature","geometry":{"type":"Point","coordinates":[14.1240089,51.8686222]},"properties":{"maxweight":"3.5"}},{"type":"Feature","geometry":{"type":"Point","coordinates":[14.1241316,51.8686421]},"properties":{"maxweight":"3.5"}},{"type":"Feature","geometry":{"type":"Point","coordinates":[14.6523133,51.7429446]},"properties":{"hgv":"yes","goods":"yes"}},{"type":"Feature","geometry":{"type":"Point","coordinates":[14.1401852,51.8616238]},"properties":{"maxwidth":"1.9","maxlength":"9.5"}},{"type":"Feature","geometry":{"type":"Point","coordinates":[14.1801167,51.8139481]},"properties":{"maxweight":"3.5"}},{"type":"Feature","geometry":{"type":"Point","coordinates":[14.0880452,51.0254929]},"properties":{"hgv":"no"}},{"type":"Feature","geometry":{"type":"Point","coordinates":[14.1379217,51.6892887]},"properties":{"maxweight":"7.5"}},{"type":"Feature","geometry":{"type":"Point","coordinates":[14.2992094,51.0990349]},"properties":{"maxweight":"2.5"}},{"type":"Feature","geometry":{"type":"Point","coordinates":[14.2970513,51.0987509]},"properties":{"maxweight":"5"}},{"type":"Feature","geometry":{"type":"Point","coordinates":[14.0878667,51.0297377]},"properties":{"hgv":"no"}},{"type":"Feature","geometry":{"type":"Point","coordinates":[14.0926247,51.6066925]},"properties":{"maxweight":"16"}},{"type":"Feature","geometry":{"type":"Point","coordinates":[14.0812926,51.6215318]},"properties":{"maxweight":"16"}},{"type":"Feature","geometry":{"type":"Point","coordinates":[14.0837912,51.6155651]},"properties":{"maxweight":"16"}},{"type":"Feature","geometry":{"type":"Point","coordinates":[14.1104038,51.5763043]},"properties":{"hgv":"destination"}},{"type":"Feature","geometry":{"type":"Point","coordinates":[14.1393744,51.6104719]},"properties":{"hgv":"agricultural;forestry"}},{"type":"Feature","geometry":{"type":"Point","coordinates":[14.127798,51.6041092]},"properties":{"hgv":"destination"}},{"type":"Feature","geometry":{"type":"Point","coordinates":[14.0037061,51.8748097]},"properties":{"maxwidth":"1.9","maxlength":"9.5"}},{"type":"Feature","geometry":{"type":"Point","coordinates":[14.0032426,51.8749601]},"properties":{"maxwidth":"1.9","maxlength":"9.5"}},{"type":"Feature","geometry":{"type":"Point","coordinates":[14.1014333,51.27833]},"properties":{"hgv":"no"}},{"type":"Feature","geometry":{"type":"Point","coordinates":[14.1835874,51.1251333]},"properties":{"maxheight":"3.5"}},{"type":"Feature","geometry":{"type":"Point","coordinates":[14.0167815,51.9111309]},"properties":{"maxweight":"30"}},{"type":"Feature","geometry":{"type":"Point","coordinates":[14.8806242,51.1811729]},"properties":{"maxweight":"3"}},{"type":"Feature","geometry":{"type":"Point","coordinates":[14.4085042,51.1678825]},"properties":{"maxheight":"3.8"}},{"type":"Feature","geometry":{"type":"Point","coordinates":[14.9884683,51.1606273]},"properties":{"maxheight":"below_default"}},{"type":"Feature","geometry":{"type":"Point","coordinates":[14.309263,51.0972551]},"properties":{"maxweight":"12"}},{"type":"Feature","geometry":{"type":"Point","coordinates":[14.4996233,51.2157962]},"properties":{"hgv":"no"}},{"type":"Feature","geometry":{"type":"Point","coordinates":[14.165788,51.1256151]},"properties":{"maxheight":"default"}},{"type":"Feature","geometry":{"type":"Point","coordinates":[14.1132595,51.5811849]},"properties":{"hgv":"destination"}},{"type":"Feature","geometry":{"type":"Point","coordinates":[14.177286,51.3784586]},"properties":{"hgv":"no"}},{"type":"Feature","geometry":{"type":"Point","coordinates":[14.323297,51.0969306]},"properties":{"hgv":"agricultural"}},{"type":"Feature","geometry":{"type":"Point","coordinates":[14.2418492,51.6514264]},"properties":{"hgv":"destination"}},{"type":"Feature","geometry":{"type":"Point","coordinates":[14.2411103,51.6502885]},"properties":{"hgv":"destination"}},{"type":"Feature","geometry":{"type":"Point","coordinates":[14.167486,51.8907769]},"properties":{"hgv":"no","goods":"yes"}},{"type":"Feature","geometry":{"type":"Point","coordinates":[14.2332835,51.6512674]},"properties":{"hgv":"no"}},{"type":"Feature","geometry":{"type":"Point","coordinates":[14.4287234,51.638954]},"properties":{"maxheight":"3"}},{"type":"Feature","geometry":{"type":"Point","coordinates":[14.9430484,51.1366724]},"properties":{"maxweight":"7.5"}},{"type":"Feature","geometry":{"type":"Point","coordinates":[14.9412569,51.125762]},"properties":{"hgv":"no"}},{"type":"Feature","geometry":{"type":"Point","coordinates":[14.9412443,51.1264663]},"properties":{"hgv":"no"}},{"type":"Feature","geometry":{"type":"Point","coordinates":[14.4844728,51.0566125]},"properties":{"maxweight":"7.5"}},{"type":"Feature","geometry":{"type":"Point","coordinates":[14.9705994,51.1285689]},"properties":{"maxheight":"3.8"}},{"type":"Feature","geometry":{"type":"Point","coordinates":[14.1057376,51.1706208]},"properties":{"hgv":"delivery"}},{"type":"Feature","geometry":{"type":"Point","coordinates":[14.4254455,51.1833593]},"properties":{"hgv":"no"}},{"type":"Feature","geometry":{"type":"Point","coordinates":[14.4221714,51.1852608]},"properties":{"hgv":"no"}},{"type":"Feature","geometry":{"type":"Point","coordinates":[14.4210994,51.185578]},"properties":{"hgv":"no"}},{"type":"Feature","geometry":{"type":"Point","coordinates":[14.4191031,51.1900621]},"properties":{"hgv":"no"}},{"type":"Feature","geometry":{"type":"Point","coordinates":[14.6436904,51.2347874]},"properties":{"hgv":"agricultural"}},{"type":"Feature","geometry":{"type":"Point","coordinates":[14.6467521,51.7423918]},"properties":{"hgv":"yes","goods":"yes"}},{"type":"Feature","geometry":{"type":"Point","coordinates":[14.1003419,51.1716556]},"properties":{"hgv":"delivery"}},{"type":"Feature","geometry":{"type":"Point","coordinates":[14.0915363,51.6073014]},"properties":{"maxweight":"16"}},{"type":"Feature","geometry":{"type":"Point","coordinates":[14.4517151,51.0304887]},"properties":{"hgv":"no"}},{"type":"Feature","geometry":{"type":"Point","coordinates":[14.4511646,51.0262655]},"properties":{"hgv":"no"}},{"type":"Feature","geometry":{"type":"Point","coordinates":[14.1399901,51.1759603]},"properties":{"maxheight":"default"}},{"type":"Feature","geometry":{"type":"Point","coordinates":[14.3336455,51.7437772]},"properties":{"maxheight":"3.4"}},{"type":"Feature","geometry":{"type":"Point","coordinates":[14.2415025,51.660504]},"properties":{"hgv":"destination"}},{"type":"Feature","geometry":{"type":"Point","coordinates":[14.5174515,51.7098252]},"properties":{"maxheight":"default"}},{"type":"Feature","geometry":{"type":"Point","coordinates":[14.180087,51.7308507]},"properties":{"maxheight":"default"}},{"type":"Feature","geometry":{"type":"Point","coordinates":[14.649935,51.7017049]},"properties":{"maxheight":"default"}},{"type":"Feature","geometry":{"type":"Point","coordinates":[14.1288626,51.7539876]},"properties":{"maxheight":"default"}},{"type":"Feature","geometry":{"type":"Point","coordinates":[14.1083126,51.7647806]},"properties":{"maxheight":"default"}},{"type":"Feature","geometry":{"type":"Point","coordinates":[14.1084432,51.7648527]},"properties":{"maxheight":"default"}},{"type":"Feature","geometry":{"type":"Point","coordinates":[14.1389043,51.7498377]},"properties":{"maxheight":"default"}},{"type":"Feature","geometry":{"type":"Point","coordinates":[14.7343923,51.6666328]},"properties":{"maxheight":"default"}},{"type":"Feature","geometry":{"type":"Point","coordinates":[14.3501654,51.7166528]},"properties":{"maxheight":"default"}},{"type":"Feature","geometry":{"type":"Point","coordinates":[14.6113251,51.7108717]},"properties":{"maxheight":"default"}},{"type":"Feature","geometry":{"type":"Point","coordinates":[14.6458559,51.7455748]},"properties":{"hgv":"yes","goods":"yes"}},{"type":"Feature","geometry":{"type":"Point","coordinates":[14.6457064,51.7452855]},"properties":{"hgv":"yes","goods":"yes"}},{"type":"Feature","geometry":{"type":"Point","coordinates":[14.6452386,51.744615]},"properties":{"hgv":"yes","goods":"yes"}},{"type":"Feature","geometry":{"type":"Point","coordinates":[14.6456524,51.7451963]},"properties":{"hgv":"yes","goods":"yes"}},{"type":"Feature","geometry":{"type":"Point","coordinates":[14.2717709,51.69322]},"properties":{"hgv":"destination"}},{"type":"Feature","geometry":{"type":"Point","coordinates":[14.2726412,51.6936516]},"properties":{"hgv":"destination"}},{"type":"Feature","geometry":{"type":"Point","coordinates":[14.2683607,51.691833]},"properties":{"hgv":"destination"}},{"type":"Feature","geometry":{"type":"Point","coordinates":[14.2679342,51.6915278]},"properties":{"hgv":"destination"}},{"type":"Feature","geometry":{"type":"Point","coordinates":[14.6484084,51.7667727]},"properties":{"hgv":"local","maxweight":"3.5"}},{"type":"Feature","geometry":{"type":"Point","coordinates":[14.6457043,51.7417973]},"properties":{"hgv":"yes","goods":"yes"}},{"type":"Feature","geometry":{"type":"Point","coordinates":[14.6460331,51.7460588]},"properties":{"hgv":"yes","goods":"yes"}},{"type":"Feature","geometry":{"type":"Point","coordinates":[14.6257558,51.7403355]},"properties":{"maxheight":"3.5"}},{"type":"Feature","geometry":{"type":"Point","coordinates":[14.6258319,51.7399835]},"properties":{"maxheight":"3.5"}},{"type":"Feature","geometry":{"type":"Point","coordinates":[14.6867663,51.2077554]},"properties":{"maxheight":"default"}},{"type":"Feature","geometry":{"type":"Point","coordinates":[14.6878069,51.2078646]},"properties":{"maxheight":"default"}},{"type":"Feature","geometry":{"type":"Point","coordinates":[14.0611134,51.1685554]},"properties":{"maxheight":"default"}},{"type":"Feature","geometry":{"type":"Point","coordinates":[14.0634092,51.1690362]},"properties":{"maxheight":"default"}},{"type":"Feature","geometry":{"type":"Point","coordinates":[14.4721168,51.1974169]},"properties":{"maxheight":"default"}},{"type":"Feature","geometry":{"type":"Point","coordinates":[14.00231,51.154615]},"properties":{"maxheight":"default"}},{"type":"Feature","geometry":{"type":"Point","coordinates":[14.41428,51.1906807]},"properties":{"maxheight":"default"}},{"type":"Feature","geometry":{"type":"Point","coordinates":[14.417073,51.1893027]},"properties":{"hgv":"no"}},{"type":"Feature","geometry":{"type":"Point","coordinates":[14.6748786,51.2058076]},"properties":{"maxheight":"default"}},{"type":"Feature","geometry":{"type":"Point","coordinates":[14.1928032,51.6336533]},"properties":{"hgv":"destination"}},{"type":"Feature","geometry":{"type":"Point","coordinates":[14.0008253,51.6927122]},"properties":{"maxheight":"3.7"}},{"type":"Feature","geometry":{"type":"Point","coordinates":[14.2690847,51.687454]},"properties":{"maxweight":"7.5"}},{"type":"Feature","geometry":{"type":"Point","coordinates":[14.5667297,51.7618381]},"properties":{"hgv":"no"}},{"type":"Feature","geometry":{"type":"Point","coordinates":[14.5714148,51.7676976]},"properties":{"hgv":"no"}},{"type":"Feature","geometry":{"type":"Point","coordinates":[14.5697882,51.7665763]},"properties":{"hgv":"no"}},{"type":"Feature","geometry":{"type":"Point","coordinates":[14.559876,51.7491738]},"properties":{"hgv":"no"}},{"type":"Feature","geometry":{"type":"Point","coordinates":[14.5557274,51.7486206]},"properties":{"hgv":"no"}},{"type":"Feature","geometry":{"type":"Point","coordinates":[14.5863543,51.7831732]},"properties":{"hgv":"delivery"}},{"type":"Feature","geometry":{"type":"Point","coordinates":[14.5849052,51.782963]},"properties":{"hgv":"delivery"}},{"type":"Feature","geometry":{"type":"Point","coordinates":[14.5369055,51.7289263]},"properties":{"hgv":"no"}},{"type":"Feature","geometry":{"type":"Point","coordinates":[14.5435171,51.748672]},"properties":{"hgv":"no"}},{"type":"Feature","geometry":{"type":"Point","coordinates":[14.5483718,51.7500668]},"properties":{"hgv":"no"}},{"type":"Feature","geometry":{"type":"Point","coordinates":[14.5617881,51.7522158]},"properties":{"hgv":"no"}},{"type":"Feature","geometry":{"type":"Point","coordinates":[14.56341,51.7551989]},"properties":{"hgv":"no"}},{"type":"Feature","geometry":{"type":"Point","coordinates":[14.4505624,51.0283914]},"properties":{"hgv":"no"}},{"type":"Feature","geometry":{"type":"Point","coordinates":[14.9072155,51.1283669]},"properties":{"maxheight":"3.5"}},{"type":"Feature","geometry":{"type":"Point","coordinates":[14.0034074,51.6870869]},"properties":{"hgv":"agricultural;forestry;delivery"}},{"type":"Feature","geometry":{"type":"Point","coordinates":[14.4740292,51.1965526]},"properties":{"hgv":"agricultural"}},{"type":"Feature","geometry":{"type":"Point","coordinates":[14.1955588,51.2170785]},"properties":{"maxweight":"16"}},{"type":"Feature","geometry":{"type":"Point","coordinates":[14.2632923,51.0193747]},"properties":{"maxweight":"5.5"}},{"type":"Feature","geometry":{"type":"Point","coordinates":[14.0624237,51.4975845]},"properties":{"maxweight":"3.5"}},{"type":"Feature","geometry":{"type":"Point","coordinates":[14.0629856,51.4968339]},"properties":{"maxweight":"3.5"}},{"type":"Feature","geometry":{"type":"Point","coordinates":[14.1233025,51.832664]},"properties":{"maxweight":"16"}},{"type":"Feature","geometry":{"type":"Point","coordinates":[14.1232817,51.8326145]},"properties":{"maxweight":"16"}},{"type":"Feature","geometry":{"type":"Point","coordinates":[14.1039437,51.037341]},"properties":{"maxheight":"3"}},{"type":"Feature","geometry":{"type":"Point","coordinates":[14.9619976,51.1505884]},"properties":{"maxheight":"4"}},{"type":"Feature","geometry":{"type":"Point","coordinates":[14.2653352,51.4365961]},"properties":{"hgv":"delivery"}},{"type":"Feature","geometry":{"type":"Point","coordinates":[14.0865674,51.8296183]},"properties":{"maxweight":"16"}},{"type":"Feature","geometry":{"type":"Point","coordinates":[14.0849413,51.8297305]},"properties":{"maxweight":"16"}},{"type":"Feature","geometry":{"type":"Point","coordinates":[14.1241775,51.8324188]},"properties":{"maxweight":"16"}},{"type":"Feature","geometry":{"type":"Point","coordinates":[14.3006486,51.4897294]},"properties":{"maxweight":"30"}},{"type":"Feature","geometry":{"type":"Point","coordinates":[14.6279433,51.062353]},"properties":{"maxheight":"default"}},{"type":"Feature","geometry":{"type":"Point","coordinates":[14.7929475,51.0679669]},"properties":{"maxweight":"9"}},{"type":"Feature","geometry":{"type":"Point","coordinates":[14.5713718,51.2057996]},"properties":{"maxweight":"2.8"}},{"type":"Feature","geometry":{"type":"Point","coordinates":[14.0224649,51.513941]},"properties":{"hgv":"no"}},{"type":"Feature","geometry":{"type":"Point","coordinates":[14.6472728,51.030217]},"properties":{"hgv":"no"}},{"type":"Feature","geometry":{"type":"Point","coordinates":[14.0611466,51.2891022]},"properties":{"hgv":"no"}},{"type":"Feature","geometry":{"type":"Point","coordinates":[14.0564071,51.2882207]},"properties":{"hgv":"destination"}},{"type":"Feature","geometry":{"type":"Point","coordinates":[14.0905623,51.2926828]},"properties":{"maxheight":"4"}},{"type":"Feature","geometry":{"type":"Point","coordinates":[14.0070123,51.1806641]},"properties":{"maxweight":"7.5"}},{"type":"Feature","geometry":{"type":"Point","coordinates":[14.0148535,51.1821818]},"properties":{"maxweight":"7.5"}},{"type":"Feature","geometry":{"type":"Point","coordinates":[14.0800071,51.7877994]},"properties":{"hgv":"delivery"}},{"type":"Feature","geometry":{"type":"Point","coordinates":[14.7133742,51.2133604]},"properties":{"maxheight":"default"}},{"type":"Feature","geometry":{"type":"Point","coordinates":[14.802115,51.2132759]},"properties":{"maxheight":"default"}},{"type":"Feature","geometry":{"type":"Point","coordinates":[14.7143447,51.2133431]},"properties":{"maxheight":"default"}},{"type":"Feature","geometry":{"type":"Point","coordinates":[14.7991593,51.2121523]},"properties":{"maxheight":"default"}},{"type":"Feature","geometry":{"type":"Point","coordinates":[14.1448472,51.2542355]},"properties":{"hgv":"no"}},{"type":"Feature","geometry":{"type":"Point","coordinates":[14.183066,51.2351959]},"properties":{"hgv":"agricultural"}},{"type":"Feature","geometry":{"type":"Point","coordinates":[14.3315084,51.5187633]},"properties":{"hgv":"no"}},{"type":"Feature","geometry":{"type":"Point","coordinates":[14.0651451,51.3506912]},"properties":{"hgv":"delivery"}},{"type":"Feature","geometry":{"type":"Point","coordinates":[14.3200745,51.7574017]},"properties":{"maxweight":"3.5"}},{"type":"Feature","geometry":{"type":"Point","coordinates":[14.1110784,51.8525524]},"properties":{"maxweight":"3.5"}},{"type":"Feature","geometry":{"type":"Point","coordinates":[14.1203158,51.8515928]},"properties":{"maxweight":"3.5"}},{"type":"Feature","geometry":{"type":"Point","coordinates":[14.5214802,51.2497683]},"properties":{"maxlength":"10"}},{"type":"Feature","geometry":{"type":"Point","coordinates":[14.3356836,51.738345]},"properties":{"hgv":"no"}},{"type":"Feature","geometry":{"type":"Point","coordinates":[14.3353806,51.7386235]},"properties":{"maxheight":"4"}},{"type":"Feature","geometry":{"type":"Point","coordinates":[14.0810562,51.6830138]},"properties":{"maxweight":"7.5"}},{"type":"Feature","geometry":{"type":"Point","coordinates":[14.0153281,51.1831882]},"properties":{"maxweight":"7.5"}},{"type":"Feature","geometry":{"type":"Point","coordinates":[14.1253088,51.361151]},"properties":{"hgv":"no"}},{"type":"Feature","geometry":{"type":"Point","coordinates":[14.0331898,51.2145609]},"properties":{"maxheight":"3.9"}},{"type":"Feature","geometry":{"type":"Point","coordinates":[14.1816376,51.1240374]},"properties":{"maxheight":"3.90"}},{"type":"Feature","geometry":{"type":"Point","coordinates":[14.1472612,51.2261657]},"properties":{"maxheight":"default"}},{"type":"Feature","geometry":{"type":"Point","coordinates":[14.1180705,51.2243456]},"properties":{"hgv":"delivery"}},{"type":"Feature","geometry":{"type":"Point","coordinates":[14.1163039,51.2266931]},"properties":{"hgv":"delivery"}},{"type":"Feature","geometry":{"type":"Point","coordinates":[14.1202681,51.3511604]},"properties":{"maxweight":"10"}},{"type":"Feature","geometry":{"type":"Point","coordinates":[14.6350444,51.9132013]},"properties":{"hgv":"agricultural;forestry"}},{"type":"Feature","geometry":{"type":"Point","coordinates":[14.5552374,51.8763457]},"properties":{"hgv":"forestry"}},{"type":"Feature","geometry":{"type":"Point","coordinates":[14.982837,51.1377162]},"properties":{"maxheight":"4","maxweight":"16"}},{"type":"Feature","geometry":{"type":"Point","coordinates":[14.0043737,51.9130955]},"properties":{"maxwidth":"1.9","maxlength":"9.5"}},{"type":"Feature","geometry":{"type":"Point","coordinates":[14.1784585,51.1269774]},"properties":{"hgv":"delivery"}},{"type":"Feature","geometry":{"type":"Point","coordinates":[14.2618968,51.0191254]},"properties":{"maxweight":"5.5"}},{"type":"Feature","geometry":{"type":"Point","coordinates":[14.2134727,51.064801]},"properties":{"maxweight":"30"}},{"type":"Feature","geometry":{"type":"Point","coordinates":[14.2112784,51.4364997]},"properties":{"maxweight":"2.8"}},{"type":"Feature","geometry":{"type":"Point","coordinates":[14.0410518,51.2829907]},"properties":{"hgv":"no"}},{"type":"Feature","geometry":{"type":"Point","coordinates":[14.0113089,51.7271161]},"properties":{"hgv":"no"}},{"type":"Feature","geometry":{"type":"Point","coordinates":[14.0084443,51.7234548]},"properties":{"hgv":"no"}},{"type":"Feature","geometry":{"type":"Point","coordinates":[14.0963241,51.2683291]},"properties":{"maxweight":"3.5"}},{"type":"Feature","geometry":{"type":"Point","coordinates":[14.0575168,51.8318792]},"properties":{"goods":"yes","maxweight":"16"}},{"type":"Feature","geometry":{"type":"Point","coordinates":[14.1030747,51.8660433]},"properties":{"maxwidth":"1.9","maxlength":"9.5"}},{"type":"Feature","geometry":{"type":"Point","coordinates":[14.0069715,51.7308284]},"properties":{"hgv":"no","goods":"no"}},{"type":"Feature","geometry":{"type":"Point","coordinates":[14.7004094,51.3203668]},"properties":{"maxheight":"2.2"}},{"type":"Feature","geometry":{"type":"Point","coordinates":[14.2831776,51.2818106]},"properties":{"maxweight":"1.5"}},{"type":"Feature","geometry":{"type":"Point","coordinates":[14.1318142,51.7419998]},"properties":{"maxweight":"7.5"}},{"type":"Feature","geometry":{"type":"Point","coordinates":[14.2511099,51.7460543]},"properties":{"maxweight":"3.5"}},{"type":"Feature","geometry":{"type":"Point","coordinates":[14.668592,51.0985711]},"properties":{"hgv":"no"}},{"type":"Feature","geometry":{"type":"Point","coordinates":[14.1323963,51.2351731]},"properties":{"maxweight":"1.5"}},{"type":"Feature","geometry":{"type":"Point","coordinates":[14.1330151,51.2350461]},"properties":{"maxweight":"1.5"}},{"type":"Feature","geometry":{"type":"Point","coordinates":[14.1361385,51.2245639]},"properties":{"hgv":"yes"}},{"type":"Feature","geometry":{"type":"Point","coordinates":[14.1335393,51.2222694]},"properties":{"hgv":"delivery"}},{"type":"Feature","geometry":{"type":"Point","coordinates":[14.1168851,51.2278677]},"properties":{"hgv":"delivery"}},{"type":"Feature","geometry":{"type":"Point","coordinates":[14.1181576,51.2006676]},"properties":{"hgv":"no"}},{"type":"Feature","geometry":{"type":"Point","coordinates":[14.1796124,51.1327673]},"properties":{"hgv":"delivery"}},{"type":"Feature","geometry":{"type":"Point","coordinates":[14.1778611,51.1266078]},"properties":{"hgv":"delivery"}},{"type":"Feature","geometry":{"type":"Point","coordinates":[14.7001294,51.3583067]},"properties":{"maxweight":"7.5"}},{"type":"Feature","geometry":{"type":"Point","coordinates":[14.699247,51.3580184]},"properties":{"maxweight":"7.5"}},{"type":"Feature","geometry":{"type":"Point","coordinates":[14.131169,51.7551705]},"properties":{"maxweight":"7.5"}},{"type":"Feature","geometry":{"type":"Point","coordinates":[14.8842185,51.138713]},"properties":{"maxweight":"4.5"}},{"type":"Feature","geometry":{"type":"Point","coordinates":[14.3385413,51.7339914]},"properties":{"goods":"designated"}},{"type":"Feature","geometry":{"type":"Point","coordinates":[14.8820876,51.2230142]},"properties":{"maxweight":"7.5"}},{"type":"Feature","geometry":{"type":"Point","coordinates":[14.8882349,51.2201595]},"properties":{"maxweight":"7.5"}},{"type":"Feature","geometry":{"type":"Point","coordinates":[14.3932368,51.7633037]},"properties":{"hgv":"delivery"}},{"type":"Feature","geometry":{"type":"Point","coordinates":[14.3925552,51.7625132]},"properties":{"hgv":"delivery"}},{"type":"Feature","geometry":{"type":"Point","coordinates":[14.3375964,51.2652797]},"properties":{"maxheight":"1.8"}},{"type":"Feature","geometry":{"type":"Point","coordinates":[14.3410824,51.7586889]},"properties":{"maxheight":"default"}},{"type":"Feature","geometry":{"type":"Point","coordinates":[14.1500408,51.2066421]},"properties":{"hgv":"delivery"}},{"type":"Feature","geometry":{"type":"Point","coordinates":[14.1518952,51.2075343]},"properties":{"hgv":"delivery"}},{"type":"Feature","geometry":{"type":"Point","coordinates":[14.4063089,51.1200051]},"properties":{"maxweight":"3.5"}},{"type":"Feature","geometry":{"type":"Point","coordinates":[14.3953554,51.1080896]},"properties":{"maxweight":"3.5"}},{"type":"Feature","geometry":{"type":"Point","coordinates":[14.5521568,51.0274863]},"properties":{"hgv":"no"}},{"type":"Feature","geometry":{"type":"Point","coordinates":[14.6823792,51.0982765]},"properties":{"hgv":"no"}},{"type":"Feature","geometry":{"type":"Point","coordinates":[14.1274684,51.8464545]},"properties":{"maxweight":"3.5"}},{"type":"Feature","geometry":{"type":"Point","coordinates":[14.1400302,51.8443125]},"properties":{"maxweight":"3.5"}},{"type":"Feature","geometry":{"type":"Point","coordinates":[14.1440373,51.8437293]},"properties":{"maxweight":"3.5"}},{"type":"Feature","geometry":{"type":"Point","coordinates":[14.2103398,51.0660307]},"properties":{"maxweight":"30"}},{"type":"Feature","geometry":{"type":"Point","coordinates":[14.0008394,51.6853427]},"properties":{"hgv":"agricultural;forestry;delivery"}},{"type":"Feature","geometry":{"type":"Point","coordinates":[14.0026707,51.6895249]},"properties":{"hgv":"agricultural;forestry;delivery"}},{"type":"Feature","geometry":{"type":"Point","coordinates":[14.0607243,51.8685725]},"properties":{"maxweight":"4"}},{"type":"Feature","geometry":{"type":"Point","coordinates":[14.0099538,51.8431626]},"properties":{"maxwidth":"1.9","maxlength":"9.5"}},{"type":"Feature","geometry":{"type":"Point","coordinates":[14.0702149,51.833995]},"properties":{"maxwidth":"1.9","maxlength":"9.5"}},{"type":"Feature","geometry":{"type":"Point","coordinates":[14.0867165,51.8313544]},"properties":{"maxwidth":"1.9","maxlength":"9.5"}},{"type":"Feature","geometry":{"type":"Point","coordinates":[14.3348021,51.7131967]},"properties":{"hgv":"delivery"}},{"type":"Feature","geometry":{"type":"Point","coordinates":[14.7558212,51.3176082]},"properties":{"hgv":"no"}},{"type":"Feature","geometry":{"type":"Point","coordinates":[14.7572554,51.3179499]},"properties":{"hgv":"no"}},{"type":"Feature","geometry":{"type":"Point","coordinates":[14.7638894,51.3235716]},"properties":{"hgv":"no"}},{"type":"Feature","geometry":{"type":"Point","coordinates":[14.7638894,51.3235716]},"properties":{"maxweight":"2.8"}},{"type":"Feature","geometry":{"type":"Point","coordinates":[14.6884163,51.3292571]},"properties":{"maxweight":"7.5"}},{"type":"Feature","geometry":{"type":"Point","coordinates":[14.9427834,51.2719597]},"properties":{"maxweight":"5.5"}},{"type":"Feature","geometry":{"type":"Point","coordinates":[14.8153743,51.3065225]},"properties":{"maxweight":"3.5"}},{"type":"Feature","geometry":{"type":"Point","coordinates":[14.9822766,51.1270772]},"properties":{"maxweight":"12"}},{"type":"Feature","geometry":{"type":"Point","coordinates":[14.0664299,51.8887452]},"properties":{"maxwidth":"1.9","maxlength":"9.5"}},{"type":"Feature","geometry":{"type":"Point","coordinates":[14.007528,51.9129329]},"properties":{"maxwidth":"1.9","maxlength":"9.5"}},{"type":"Feature","geometry":{"type":"Point","coordinates":[14.0877194,51.7991992]},"properties":{"maxweight":"7.5"}},{"type":"Feature","geometry":{"type":"Point","coordinates":[14.3424415,51.7778857]},"properties":{"maxheight":"none"}},{"type":"Feature","geometry":{"type":"Point","coordinates":[14.0039926,51.5202861]},"properties":{"maxlength":"20"}},{"type":"Feature","geometry":{"type":"Point","coordinates":[14.7173148,51.3647429]},"properties":{"maxweight":"7.5"}},{"type":"Feature","geometry":{"type":"Point","coordinates":[14.6526273,51.3318517]},"properties":{"maxweight":"7.5"}},{"type":"Feature","geometry":{"type":"Point","coordinates":[14.6559937,51.3334085]},"properties":{"maxweight":"7.5"}},{"type":"Feature","geometry":{"type":"Point","coordinates":[14.6868628,51.3509268]},"properties":{"maxweight":"7.5"}},{"type":"Feature","geometry":{"type":"Point","coordinates":[14.722349,51.3688522]},"properties":{"maxweight":"7.5"}},{"type":"Feature","geometry":{"type":"Point","coordinates":[14.6926233,51.3556454]},"properties":{"maxweight":"7.5"}},{"type":"Feature","geometry":{"type":"Point","coordinates":[14.6897104,51.3532646]},"properties":{"maxweight":"7.5"}},{"type":"Feature","geometry":{"type":"Point","coordinates":[14.2828378,51.244069]},"properties":{"hgv":"no"}},{"type":"Feature","geometry":{"type":"Point","coordinates":[14.284712,51.2435606]},"properties":{"hgv":"no"}},{"type":"Feature","geometry":{"type":"Point","coordinates":[14.4483134,51.0335096]},"properties":{"hgv":"no"}},{"type":"Feature","geometry":{"type":"Point","coordinates":[14.7300872,51.3774885]},"properties":{"maxweight":"7.5"}},{"type":"Feature","geometry":{"type":"Point","coordinates":[14.6940128,51.3563993]},"properties":{"maxweight":"7.5"}},{"type":"Feature","geometry":{"type":"Point","coordinates":[14.6935321,51.3561719]},"properties":{"maxweight":"7.5"}},{"type":"Feature","geometry":{"type":"Point","coordinates":[14.0175138,51.9106061]},"properties":{"maxwidth":"1.9","maxlength":"9.5"}},{"type":"Feature","geometry":{"type":"Point","coordinates":[14.0554728,51.8936623]},"properties":{"maxwidth":"1.9","maxlength":"9.5"}},{"type":"Feature","geometry":{"type":"Point","coordinates":[14.0551153,51.8938147]},"properties":{"maxwidth":"1.9","maxlength":"9.5"}},{"type":"Feature","geometry":{"type":"Point","coordinates":[14.0329078,51.8707746]},"properties":{"maxwidth":"1.9","maxlength":"9.5"}},{"type":"Feature","geometry":{"type":"Point","coordinates":[14.0318405,51.8707864]},"properties":{"maxwidth":"1.9","maxlength":"9.5"}},{"type":"Feature","geometry":{"type":"Point","coordinates":[14.0130142,51.1816407]},"properties":{"maxweight":"7.5"}},{"type":"Feature","geometry":{"type":"Point","coordinates":[14.0138226,51.1818105]},"properties":{"maxweight":"7.5"}},{"type":"Feature","geometry":{"type":"Point","coordinates":[14.0142002,51.1819575]},"properties":{"maxweight":"7.5"}},{"type":"Feature","geometry":{"type":"Point","coordinates":[14.1415,51.0144982]},"properties":{"hgv":"no"}},{"type":"Feature","geometry":{"type":"Point","coordinates":[14.0336298,51.9025391]},"properties":{"maxwidth":"1.9","maxlength":"9.5"}},{"type":"Feature","geometry":{"type":"Point","coordinates":[14.0336934,51.9026716]},"properties":{"maxwidth":"1.9","maxlength":"9.5"}},{"type":"Feature","geometry":{"type":"Point","coordinates":[14.0955315,51.8314384]},"properties":{"maxwidth":"1.9","maxlength":"9.5"}},{"type":"Feature","geometry":{"type":"Point","coordinates":[14.2402644,51.3382538]},"properties":{"maxweight":"7.5"}},{"type":"Feature","geometry":{"type":"Point","coordinates":[14.2963402,51.8433412]},"properties":{"maxheight":"none"}},{"type":"Feature","geometry":{"type":"Point","coordinates":[14.2013023,51.0296599]},"properties":{"maxheight":"3.6"}},{"type":"Feature","geometry":{"type":"Point","coordinates":[14.1372992,51.006701]},"properties":{"maxheight":"3.6"}},{"type":"Feature","geometry":{"type":"Point","coordinates":[14.9464658,51.0683248]},"properties":{"goods":"no","maxwidth":"1.2"}},{"type":"Feature","geometry":{"type":"Point","coordinates":[14.3633898,51.7602241]},"properties":{"maxheight":"4"}},{"type":"Feature","geometry":{"type":"Point","coordinates":[14.9832353,51.1460025]},"properties":{"maxheight":"3"}},{"type":"Feature","geometry":{"type":"Point","coordinates":[14.9702822,51.0595142]},"properties":{"maxweight":"12"}},{"type":"Feature","geometry":{"type":"Point","coordinates":[14.447385,51.0337165]},"properties":{"maxweight":"3.5"}},{"type":"Feature","geometry":{"type":"Point","coordinates":[14.740828,51.1164446]},"properties":{"hgv":"no"}},{"type":"Feature","geometry":{"type":"Point","coordinates":[14.1436248,51.8616857]},"properties":{"maxwidth":"1.9","maxlength":"9.5"}},{"type":"Feature","geometry":{"type":"Point","coordinates":[14.9694555,51.1611824]},"properties":{"maxweight":"6 t"}},{"type":"Feature","geometry":{"type":"Point","coordinates":[14.6474276,51.7437709]},"properties":{"hgv":"yes","goods":"yes"}},{"type":"Feature","geometry":{"type":"Point","coordinates":[14.7578602,51.6693878]},"properties":{"hgv":"designated"}},{"type":"Feature","geometry":{"type":"Point","coordinates":[14.6493265,51.7664245]},"properties":{"hgv":"local","maxweight":"3.5"}},{"type":"Feature","geometry":{"type":"Point","coordinates":[14.6516982,51.7663099]},"properties":{"hgv":"local","maxweight":"3.5"}},{"type":"Feature","geometry":{"type":"Point","coordinates":[14.0278494,51.1465579]},"properties":{"maxweight":"7.5"}},{"type":"Feature","geometry":{"type":"Point","coordinates":[14.1155793,51.5926224]},"properties":{"hgv":"destination"}},{"type":"Feature","geometry":{"type":"Point","coordinates":[14.8103831,51.2615984]},"properties":{"maxweight":"20"}},{"type":"Feature","geometry":{"type":"Point","coordinates":[14.4214276,51.180998]},"properties":{"maxweight":"2.8"}},{"type":"Feature","geometry":{"type":"Point","coordinates":[14.4050045,51.1013194]},"properties":{"maxwidth":"2.2","maxweight":"6"}},{"type":"Feature","geometry":{"type":"Point","coordinates":[14.404912,51.1013871]},"properties":{"maxwidth":"2.2","maxweight":"16"}},{"type":"Feature","geometry":{"type":"Point","coordinates":[14.4051114,51.1006596]},"properties":{"maxweight":"6"}},{"type":"Feature","geometry":{"type":"Point","coordinates":[14.3858196,51.5411551]},"properties":{"maxweight":"12"}},{"type":"Feature","geometry":{"type":"Point","coordinates":[14.4214923,51.0416914]},"properties":{"maxweight":"2.8"}},{"type":"Feature","geometry":{"type":"Point","coordinates":[14.4008738,51.0984147]},"properties":{"hgv":"designated"}},{"type":"Feature","geometry":{"type":"Point","coordinates":[14.3998693,51.0982778]},"properties":{"hgv":"no"}},{"type":"Feature","geometry":{"type":"Point","coordinates":[14.3884203,51.0942003]},"properties":{"maxheight":"3.3"}},{"type":"Feature","geometry":{"type":"Point","coordinates":[14.030459,51.8199389]},"properties":{"hgv":"no"}},{"type":"Feature","geometry":{"type":"Point","coordinates":[14.9850196,51.155919]},"properties":{"maxweight":"7.5"}},{"type":"Feature","geometry":{"type":"Point","coordinates":[14.23286,51.0223404]},"properties":{"maxheight":"3.5"}},{"type":"Feature","geometry":{"type":"Point","coordinates":[14.0030748,51.5183336]},"properties":{"hgv":"no"}},{"type":"Feature","geometry":{"type":"Point","coordinates":[14.0204215,51.8048716]},"properties":{"maxweight":"7.5"}},{"type":"Feature","geometry":{"type":"Point","coordinates":[14.9722437,51.3404714]},"properties":{"maxweight":"12"}},{"type":"Feature","geometry":{"type":"Point","coordinates":[14.2443363,51.3846389]},"properties":{"maxheight":"6"}},{"type":"Feature","geometry":{"type":"Point","coordinates":[14.2012387,51.6389533]},"properties":{"hgv":"agricultural;forestry"}},{"type":"Feature","geometry":{"type":"Point","coordinates":[14.333249,51.7578592]},"properties":{"maxheight":"3"}},{"type":"Feature","geometry":{"type":"Point","coordinates":[14.3330497,51.7578993]},"properties":{"maxheight":"3"}},{"type":"Feature","geometry":{"type":"Point","coordinates":[14.7555296,51.3177037]},"properties":{"hgv":"no"}},{"type":"Feature","geometry":{"type":"Point","coordinates":[14.3201133,51.7575172]},"properties":{"maxweight":"3.5"}},{"type":"Feature","geometry":{"type":"Point","coordinates":[14.3200902,51.7574483]},"properties":{"maxweight":"3.5"}},{"type":"Feature","geometry":{"type":"Point","coordinates":[14.4596839,51.2000987]},"properties":{"maxweight":"2.8"}},{"type":"Feature","geometry":{"type":"Point","coordinates":[14.9487596,51.1370247]},"properties":{"maxweight":"7.5"}},{"type":"Feature","geometry":{"type":"Point","coordinates":[14.8475926,51.252271]},"properties":{"hgv":"no"}},{"type":"Feature","geometry":{"type":"Point","coordinates":[14.4260377,51.1829091]},"properties":{"maxheight":"below_default"}},{"type":"Feature","geometry":{"type":"Point","coordinates":[14.5960324,51.8564474]},"properties":{"hgv":"no","goods":"yes"}},{"type":"Feature","geometry":{"type":"Point","coordinates":[14.129832,51.2210998]},"properties":{"hgv":"delivery"}},{"type":"Feature","geometry":{"type":"Point","coordinates":[14.3557778,51.2485845]},"properties":{"maxweight":"7.5"}},{"type":"Feature","geometry":{"type":"Point","coordinates":[14.0029524,51.516451]},"properties":{"maxheight":"1.9"}},{"type":"Feature","geometry":{"type":"Point","coordinates":[14.0029524,51.516451]},"properties":{"maxheight":"1.9"}},{"type":"Feature","geometry":{"type":"Point","coordinates":[14.589972,51.7684685]},"properties":{"hgv":"no"}},{"type":"Feature","geometry":{"type":"Point","coordinates":[14.6891449,51.9549004]},"properties":{"maxheight":"3.2"}},{"type":"Feature","geometry":{"type":"Point","coordinates":[14.6834693,51.9567899]},"properties":{"maxheight":"3.6"}},{"type":"Feature","geometry":{"type":"Point","coordinates":[14.6831726,51.9567827]},"properties":{"maxheight":"3.6"}},{"type":"Feature","geometry":{"type":"Point","coordinates":[14.6833752,51.9567876]},"properties":{"maxheight":"3.6"}},{"type":"Feature","geometry":{"type":"Point","coordinates":[14.6416721,51.1267193]},"properties":{"maxheight":"3.3"}},{"type":"Feature","geometry":{"type":"Point","coordinates":[14.0867165,51.8313544]},"properties":{"maxwidth":"1.9","maxlength":"9.5"}},{"type":"Feature","geometry":{"type":"Point","coordinates":[14.8302944,51.0445388]},"properties":{"hgv":"no"}},{"type":"Feature","geometry":{"type":"Point","coordinates":[14.9476351,51.473009]},"properties":{"hgv":"no"}},{"type":"Feature","geometry":{"type":"Point","coordinates":[14.1553191,51.1463916]},"properties":{"maxheight":"2.30"}},{"type":"Feature","geometry":{"type":"Point","coordinates":[14.1554617,51.1464009]},"properties":{"maxheight":"2.30"}},{"type":"Feature","geometry":{"type":"Point","coordinates":[14.0652042,51.169886]},"properties":{"hgv":"designated"}},{"type":"Feature","geometry":{"type":"Point","coordinates":[14.0611099,51.1679724]},"properties":{"hgv":"designated"}},{"type":"Feature","geometry":{"type":"Point","coordinates":[14.3200866,51.7583963]},"properties":{"maxheight":"default"}},{"type":"Feature","geometry":{"type":"Point","coordinates":[14.4515746,51.1788463]},"properties":{"maxheight":"default"}},{"type":"Feature","geometry":{"type":"Point","coordinates":[14.4547541,51.0247985]},"properties":{"hgv":"no"}},{"type":"Feature","geometry":{"type":"Point","coordinates":[14.4528861,51.0253787]},"properties":{"hgv":"no"}},{"type":"Feature","geometry":{"type":"Point","coordinates":[14.4255204,51.1894912]},"properties":{"maxweight":"16"}},{"type":"Feature","geometry":{"type":"Point","coordinates":[14.3996928,51.0938796]},"properties":{"maxheight":"3.5"}},{"type":"Feature","geometry":{"type":"Point","coordinates":[14.6215012,51.139275]},"properties":{"maxheight":"3.8"}},{"type":"Feature","geometry":{"type":"Point","coordinates":[14.3277817,51.1552364]},"properties":{"maxheight":"3.8"}},{"type":"Feature","geometry":{"type":"Point","coordinates":[14.9827197,51.1491472]},"properties":{"maxweight":"3.5"}},{"type":"Feature","geometry":{"type":"Point","coordinates":[14.9472061,51.4724566]},"properties":{"hgv":"no"}},{"type":"Feature","geometry":{"type":"Point","coordinates":[14.5123479,51.1663053]},"properties":{"hgv":"no","maxheight":"3.6"}},{"type":"Feature","geometry":{"type":"Point","coordinates":[14.512515,51.1654793]},"properties":{"hgv":"no"}},{"type":"Feature","geometry":{"type":"Point","coordinates":[14.5117793,51.1666574]},"properties":{"hgv":"no"}},{"type":"Feature","geometry":{"type":"Point","coordinates":[14.4227201,51.1835997]},"properties":{"maxheight":"2.8","maxweight":"1.5"}},{"type":"Feature","geometry":{"type":"Point","coordinates":[14.4230159,51.1835652]},"properties":{"maxweight":"1.5"}},{"type":"Feature","geometry":{"type":"Point","coordinates":[14.1839522,51.2379066]},"properties":{"hgv":"agricultural"}},{"type":"Feature","geometry":{"type":"Point","coordinates":[14.1854116,51.2192327]},"properties":{"hgv":"no"}},{"type":"Feature","geometry":{"type":"Point","coordinates":[14.1826342,51.2053615]},"properties":{"hgv":"delivery"}},{"type":"Feature","geometry":{"type":"Point","coordinates":[14.3944734,51.1954873]},"properties":{"hgv":"no"}},{"type":"Feature","geometry":{"type":"Point","coordinates":[14.5325598,51.1608045]},"properties":{"maxweight":"9"}},{"type":"Feature","geometry":{"type":"Point","coordinates":[14.2298368,51.2585244]},"properties":{"maxweight":"3.5"}},{"type":"Feature","geometry":{"type":"Point","coordinates":[14.2911749,51.7200587]},"properties":{"maxweight":"3.5"}},{"type":"Feature","geometry":{"type":"Point","coordinates":[14.0791521,51.7851023]},"properties":{"hgv":"delivery"}},{"type":"Feature","geometry":{"type":"Point","coordinates":[14.6260156,51.7388054]},"properties":{"maxheight":"3.5"}},{"type":"Feature","geometry":{"type":"Point","coordinates":[14.6264486,51.7352457]},"properties":{"maxheight":"3.5"}},{"type":"Feature","geometry":{"type":"Point","coordinates":[14.2627269,51.1521731]},"properties":{"maxweight":"6"}},{"type":"Feature","geometry":{"type":"Point","coordinates":[14.636691,51.7383501]},"properties":{"hgv":"agricultural"}},{"type":"Feature","geometry":{"type":"Point","coordinates":[14.6863112,51.3506107]},"properties":{"maxweight":"7.5"}},{"type":"Feature","geometry":{"type":"Point","coordinates":[14.4174362,51.179523]},"properties":{"maxweight":"5"}},{"type":"Feature","geometry":{"type":"Point","coordinates":[14.6137663,51.5111491]},"properties":{"maxweight":"3.5"}},{"type":"Feature","geometry":{"type":"Point","coordinates":[14.3512224,51.7527644]},"properties":{"maxweight":"7.5"}},{"type":"Feature","geometry":{"type":"Point","coordinates":[14.0862939,51.7990875]},"properties":{"maxweight":"7.5"}},{"type":"Feature","geometry":{"type":"Point","coordinates":[14.1075531,51.8199467]},"properties":{"maxweight":"1.5"}},{"type":"Feature","geometry":{"type":"Point","coordinates":[14.1011101,51.8609085]},"properties":{"maxwidth":"1.9","maxlength":"9.5"}},{"type":"Feature","geometry":{"type":"Point","coordinates":[14.640139,51.7050868]},"properties":{"maxheight":"default"}},{"type":"Feature","geometry":{"type":"Point","coordinates":[14.9674058,51.168905]},"properties":{"hgv":"no"}},{"type":"Feature","geometry":{"type":"Point","coordinates":[14.1268421,51.7554103]},"properties":{"hgv":"designated"}},{"type":"Feature","geometry":{"type":"Point","coordinates":[14.1333053,51.5582301]},"properties":{"maxweight":"3.5 t"}},{"type":"Feature","geometry":{"type":"Point","coordinates":[14.646561,51.7454493]},"properties":{"hgv":"no"}},{"type":"Feature","geometry":{"type":"Point","coordinates":[14.6402606,51.7371279]},"properties":{"goods":"official"}},{"type":"Feature","geometry":{"type":"Point","coordinates":[14.2603763,51.7500282]},"properties":{"maxheight":"default"}},{"type":"Feature","geometry":{"type":"Point","coordinates":[14.788477,51.0659923]},"properties":{"hgv":"agricultural"}},{"type":"Feature","geometry":{"type":"Point","coordinates":[14.7895604,51.0660285]},"properties":{"hgv":"agricultural"}},{"type":"Feature","geometry":{"type":"Point","coordinates":[14.3843887,51.7619853]},"properties":{"hgv":"delivery"}},{"type":"Feature","geometry":{"type":"Point","coordinates":[14.1091518,51.8557861]},"properties":{"maxweight":"6"}},{"type":"Feature","geometry":{"type":"Point","coordinates":[14.4041379,51.1916815]},"properties":{"hgv":"no"}},{"type":"Feature","geometry":{"type":"Point","coordinates":[14.0980835,51.5828291]},"properties":{"hgv":"destination"}},{"type":"Feature","geometry":{"type":"Point","coordinates":[14.4366898,51.1165134]},"properties":{"maxheight":"4"}},{"type":"Feature","geometry":{"type":"Point","coordinates":[14.4232209,51.183522]},"properties":{"maxweight":"1.5"}},{"type":"Feature","geometry":{"type":"Point","coordinates":[14.2768639,51.6966015]},"properties":{"hgv":"destination"}},{"type":"Feature","geometry":{"type":"Point","coordinates":[14.2793146,51.7017503]},"properties":{"hgv":"destination"}},{"type":"Feature","geometry":{"type":"Point","coordinates":[14.286596,51.7121131]},"properties":{"hgv":"destination"}},{"type":"Feature","geometry":{"type":"Point","coordinates":[14.0852665,51.5784156]},"properties":{"hgv":"destination"}},{"type":"Feature","geometry":{"type":"Point","coordinates":[14.0970029,51.5824051]},"properties":{"hgv":"destination"}},{"type":"Feature","geometry":{"type":"Point","coordinates":[14.1634964,51.6243169]},"properties":{"hgv":"destination"}},{"type":"Feature","geometry":{"type":"Point","coordinates":[14.220601,51.1407452]},"properties":{"hgv":"no","goods":"no"}},{"type":"Feature","geometry":{"type":"Point","coordinates":[14.2172606,51.1401704]},"properties":{"maxheight:physical":"3.50"}},{"type":"Feature","geometry":{"type":"Point","coordinates":[14.6669231,51.692569]},"properties":{"hgv":"designated"}},{"type":"Feature","geometry":{"type":"Point","coordinates":[14.1284521,51.604676]},"properties":{"hgv":"destination"}},{"type":"Feature","geometry":{"type":"Point","coordinates":[14.241154,51.663103]},"properties":{"hgv":"destination"}},{"type":"Feature","geometry":{"type":"Point","coordinates":[14.6697889,51.0373136]},"properties":{"maxheight":"2.4"}},{"type":"Feature","geometry":{"type":"Point","coordinates":[14.5305334,51.0712157]},"properties":{"hgv":"private"}},{"type":"Feature","geometry":{"type":"Point","coordinates":[14.5579754,51.0791238]},"properties":{"maxweight":"7.5"}},{"type":"Feature","geometry":{"type":"Point","coordinates":[14.4328498,51.170058]},"properties":{"maxheight":"4.5"}},{"type":"Feature","geometry":{"type":"Point","coordinates":[14.2803491,51.2451718]},"properties":{"hgv":"no"}},{"type":"Feature","geometry":{"type":"Point","coordinates":[14.6379384,51.7304139]},"properties":{"hgv":"delivery"}},{"type":"Feature","geometry":{"type":"Point","coordinates":[14.4846622,51.2292529]},"properties":{"maxweight":"3.5"}},{"type":"Feature","geometry":{"type":"Point","coordinates":[14.3955408,51.1070463]},"properties":{"maxweight":"3.5"}},{"type":"Feature","geometry":{"type":"Point","coordinates":[14.3957197,51.1074443]},"properties":{"maxweight":"3.5"}},{"type":"Feature","geometry":{"type":"Point","coordinates":[14.3959015,51.1076468]},"properties":{"maxweight":"3.5"}},{"type":"Feature","geometry":{"type":"Point","coordinates":[14.4099231,51.8591448]},"properties":{"hgv":"destination"}},{"type":"Feature","geometry":{"type":"Point","coordinates":[14.1846025,51.1243764]},"properties":{"maxheight":"3.5"}},{"type":"Feature","geometry":{"type":"Point","coordinates":[14.6742499,51.1326689]},"properties":{"hgv":"no","maxheight":"3.2"}},{"type":"Feature","geometry":{"type":"Point","coordinates":[14.1084241,51.4646836]},"properties":{"maxheight":"4"}},{"type":"Feature","geometry":{"type":"Point","coordinates":[14.1599361,51.2647753]},"properties":{"maxheight":"3.5"}},{"type":"Feature","geometry":{"type":"Point","coordinates":[14.4478008,51.1795194]},"properties":{"maxweight":"12"}},{"type":"Feature","geometry":{"type":"Point","coordinates":[14.9933399,51.157694]},"properties":{"maxweight":"10"}},{"type":"Feature","geometry":{"type":"Point","coordinates":[14.3377842,51.7559748]},"properties":{"maxweight":"15"}},{"type":"Feature","geometry":{"type":"Point","coordinates":[14.335961,51.7571398]},"properties":{"maxweight":"15"}},{"type":"Feature","geometry":{"type":"Point","coordinates":[14.3361199,51.7569869]},"properties":{"maxweight":"15"}},{"type":"Feature","geometry":{"type":"Point","coordinates":[14.7206602,51.9513109]},"properties":{"hgv":"no"}},{"type":"Feature","geometry":{"type":"Point","coordinates":[14.404264,51.1188108]},"properties":{"maxweight":"3.5"}},{"type":"Feature","geometry":{"type":"Point","coordinates":[14.2814241,51.149229]},"properties":{"maxheight":"3.1"}},{"type":"Feature","geometry":{"type":"Point","coordinates":[14.0467106,51.2278988]},"properties":{"maxweight":"3"}},{"type":"Feature","geometry":{"type":"Point","coordinates":[14.0115091,51.1814743]},"properties":{"maxheight":"3.1"}},{"type":"Feature","geometry":{"type":"Point","coordinates":[14.0115292,51.1813408]},"properties":{"maxheight":"3.1"}},{"type":"Feature","geometry":{"type":"Point","coordinates":[14.0115249,51.1813693]},"properties":{"maxheight":"3.1"}},{"type":"Feature","geometry":{"type":"Point","coordinates":[14.4760427,51.0416532]},"properties":{"maxweight":"2.8"}},{"type":"Feature","geometry":{"type":"Point","coordinates":[14.661049,51.1981002]},"properties":{"hgv":"no"}},{"type":"Feature","geometry":{"type":"Point","coordinates":[14.3848845,51.0947396]},"properties":{"maxheight":"3.20"}},{"type":"Feature","geometry":{"type":"Point","coordinates":[14.403505,51.0961824]},"properties":{"maxheight":"3.20"}},{"type":"Feature","geometry":{"type":"Point","coordinates":[14.4246089,51.0846804]},"properties":{"maxheight":"default"}},{"type":"Feature","geometry":{"type":"Point","coordinates":[14.4009809,51.0899384]},"properties":{"maxheight":"2.20"}},{"type":"Feature","geometry":{"type":"Point","coordinates":[14.3965043,51.0923355]},"properties":{"maxheight":"3.2"}},{"type":"Feature","geometry":{"type":"Point","coordinates":[14.4272697,51.0765148]},"properties":{"maxheight":"default"}},{"type":"Feature","geometry":{"type":"Point","coordinates":[14.4272667,51.0768158]},"properties":{"maxheight":"default","maxweight":"7.5"}},{"type":"Feature","geometry":{"type":"Point","coordinates":[14.4273613,51.0769537]},"properties":{"maxheight":"default"}},{"type":"Feature","geometry":{"type":"Point","coordinates":[14.4280838,51.0709954]},"properties":{"maxheight":"default"}},{"type":"Feature","geometry":{"type":"Point","coordinates":[14.4421331,51.0444492]},"properties":{"maxheight":"default"}},{"type":"Feature","geometry":{"type":"Point","coordinates":[14.4515135,51.0436802]},"properties":{"maxheight":"default"}},{"type":"Feature","geometry":{"type":"Point","coordinates":[14.449693,51.0437298]},"properties":{"maxheight":"default"}},{"type":"Feature","geometry":{"type":"Point","coordinates":[14.4831653,51.0417809]},"properties":{"maxheight":"default"}},{"type":"Feature","geometry":{"type":"Point","coordinates":[14.49417,51.1592068]},"properties":{"maxheight":"default"}},{"type":"Feature","geometry":{"type":"Point","coordinates":[14.5705603,51.1594718]},"properties":{"maxheight":"3.40"}},{"type":"Feature","geometry":{"type":"Point","coordinates":[14.4458725,51.1614784]},"properties":{"maxheight":"default"}},{"type":"Feature","geometry":{"type":"Point","coordinates":[14.3873668,51.1763804]},"properties":{"maxheight":"below_default","maxheight:physical":"3"}},{"type":"Feature","geometry":{"type":"Point","coordinates":[14.3948152,51.1777337]},"properties":{"maxheight":"default"}},{"type":"Feature","geometry":{"type":"Point","coordinates":[14.4093201,51.1764728]},"properties":{"maxheight":"default"}},{"type":"Feature","geometry":{"type":"Point","coordinates":[14.4094698,51.1766241]},"properties":{"maxheight":"default"}},{"type":"Feature","geometry":{"type":"Point","coordinates":[14.4171481,51.1757362]},"properties":{"maxheight":"4"}},{"type":"Feature","geometry":{"type":"Point","coordinates":[14.4177688,51.1757259]},"properties":{"maxheight":"default"}},{"type":"Feature","geometry":{"type":"Point","coordinates":[14.4192491,51.1753599]},"properties":{"maxheight":"default"}},{"type":"Feature","geometry":{"type":"Point","coordinates":[14.2470453,51.1398668]},"properties":{"maxheight":"default"}},{"type":"Feature","geometry":{"type":"Point","coordinates":[14.2990029,51.1455368]},"properties":{"maxheight":"default"}},{"type":"Feature","geometry":{"type":"Point","coordinates":[14.3356135,51.1572415]},"properties":{"maxheight":"default"}},{"type":"Feature","geometry":{"type":"Point","coordinates":[14.1965656,51.1293731]},"properties":{"maxheight:physical":"2.20"}},{"type":"Feature","geometry":{"type":"Point","coordinates":[14.2455384,51.1403608]},"properties":{"maxheight":"default"}},{"type":"Feature","geometry":{"type":"Point","coordinates":[14.2458929,51.1403564]},"properties":{"maxheight":"default"}},{"type":"Feature","geometry":{"type":"Point","coordinates":[14.1030841,51.103536]},"properties":{"maxheight":"default"}},{"type":"Feature","geometry":{"type":"Point","coordinates":[14.9616636,51.1505909]},"properties":{"maxheight":"4"}},{"type":"Feature","geometry":{"type":"Point","coordinates":[14.9573055,51.1638788]},"properties":{"maxheight":"default"}},{"type":"Feature","geometry":{"type":"Point","coordinates":[14.4145445,51.1903709]},"properties":{"maxheight":"default"}},{"type":"Feature","geometry":{"type":"Point","coordinates":[14.4102752,51.1824211]},"properties":{"maxheight":"default"}},{"type":"Feature","geometry":{"type":"Point","coordinates":[14.4103249,51.1861393]},"properties":{"maxheight":"default"}},{"type":"Feature","geometry":{"type":"Point","coordinates":[14.458915,51.1956056]},"properties":{"maxheight":"default"}},{"type":"Feature","geometry":{"type":"Point","coordinates":[14.5041935,51.163249]},"properties":{"maxheight":"default"}},{"type":"Feature","geometry":{"type":"Point","coordinates":[14.367621,51.1747065]},"properties":{"maxheight":"default"}},{"type":"Feature","geometry":{"type":"Point","coordinates":[14.3611683,51.1918537]},"properties":{"maxheight":"default"}},{"type":"Feature","geometry":{"type":"Point","coordinates":[14.36595,51.1908199]},"properties":{"maxheight":"default"}},{"type":"Feature","geometry":{"type":"Point","coordinates":[14.3448784,51.7569275]},"properties":{"maxheight":"3.5"}},{"type":"Feature","geometry":{"type":"Point","coordinates":[14.3438635,51.7585899]},"properties":{"maxheight":"3.5"}},{"type":"Feature","geometry":{"type":"Point","coordinates":[14.350296,51.7638907]},"properties":{"maxheight":"3.2"}},{"type":"Feature","geometry":{"type":"Point","coordinates":[14.2356109,51.0980992]},"properties":{"maxheight":"default"}},{"type":"Feature","geometry":{"type":"Point","coordinates":[14.2677888,51.0845779]},"properties":{"maxheight":"3.7"}},{"type":"Feature","geometry":{"type":"Point","coordinates":[14.3346563,51.091217]},"properties":{"maxheight":"3.5"}},{"type":"Feature","geometry":{"type":"Point","coordinates":[14.3102806,51.0894866]},"properties":{"maxheight":"3.8"}},{"type":"Feature","geometry":{"type":"Point","coordinates":[14.2863359,51.0849393]},"properties":{"maxheight":"3.6"}},{"type":"Feature","geometry":{"type":"Point","coordinates":[14.4300314,51.060111]},"properties":{"maxheight":"3.7"}},{"type":"Feature","geometry":{"type":"Point","coordinates":[14.2981273,51.0914106]},"properties":{"maxheight":"3.3"}},{"type":"Feature","geometry":{"type":"Point","coordinates":[14.3275648,51.0907281]},"properties":{"maxheight":"3.7"}},{"type":"Feature","geometry":{"type":"Point","coordinates":[14.0431383,51.0998308]},"properties":{"maxweight":"1"}},{"type":"Feature","geometry":{"type":"Point","coordinates":[14.1499229,51.1104929]},"properties":{"maxheight":"4.20"}},{"type":"Feature","geometry":{"type":"Point","coordinates":[14.4218414,51.1778582]},"properties":{"maxweight":"5"}},{"type":"Feature","geometry":{"type":"Point","coordinates":[14.4190624,51.1936216]},"properties":{"maxheight":"default"}},{"type":"Feature","geometry":{"type":"Point","coordinates":[14.4213275,51.1795545]},"properties":{"maxheight":"default","maxweight":"5"}},{"type":"Feature","geometry":{"type":"Point","coordinates":[14.4212092,51.1800649]},"properties":{"maxweight":"5"}},{"type":"Feature","geometry":{"type":"Point","coordinates":[14.4033627,51.1868031]},"properties":{"maxheight":"default"}},{"type":"Feature","geometry":{"type":"Point","coordinates":[14.59209,51.1549958]},"properties":{"maxheight:physical":"3.50"}},{"type":"Feature","geometry":{"type":"Point","coordinates":[14.5423687,51.1599226]},"properties":{"maxheight":"default"}},{"type":"Feature","geometry":{"type":"Point","coordinates":[14.5946696,51.1516457]},"properties":{"maxheight":"3.80"}},{"type":"Feature","geometry":{"type":"Point","coordinates":[14.4164451,51.1280779]},"properties":{"maxheight":"default"}},{"type":"Feature","geometry":{"type":"Point","coordinates":[14.4111368,51.1340849]},"properties":{"maxheight":"default"}},{"type":"Feature","geometry":{"type":"Point","coordinates":[14.4179513,51.0895816]},"properties":{"maxheight":"default"}},{"type":"Feature","geometry":{"type":"Point","coordinates":[14.4212429,51.1808527]},"properties":{"maxweight":"2.8"}},{"type":"Feature","geometry":{"type":"Point","coordinates":[14.4206355,51.1809648]},"properties":{"maxweight":"2.8"}},{"type":"Feature","geometry":{"type":"Point","coordinates":[14.4225034,51.180677]},"properties":{"maxweight":"2.8"}},{"type":"Feature","geometry":{"type":"Point","coordinates":[14.2541395,51.1381923]},"properties":{"maxheight:physical":"3.50"}},{"type":"Feature","geometry":{"type":"Point","coordinates":[14.5809851,51.2097056]},"properties":{"maxheight":"default"}},{"type":"Feature","geometry":{"type":"Point","coordinates":[14.9212126,51.1454227]},"properties":{"maxheight":"default"}},{"type":"Feature","geometry":{"type":"Point","coordinates":[14.7248719,51.1182947]},"properties":{"maxheight":"3.0"}},{"type":"Feature","geometry":{"type":"Point","coordinates":[14.7802777,51.1296843]},"properties":{"maxheight":"default"}},{"type":"Feature","geometry":{"type":"Point","coordinates":[14.7786573,51.1289552]},"properties":{"maxheight":"default"}},{"type":"Feature","geometry":{"type":"Point","coordinates":[14.852156,51.1254203]},"properties":{"maxheight":"3.50"}},{"type":"Feature","geometry":{"type":"Point","coordinates":[14.6789224,51.0981727]},"properties":{"maxheight:physical":"3"}},{"type":"Feature","geometry":{"type":"Point","coordinates":[14.6741677,51.0988427]},"properties":{"maxheight":"default"}},{"type":"Feature","geometry":{"type":"Point","coordinates":[14.6748363,51.0999051]},"properties":{"maxheight":"default"}},{"type":"Feature","geometry":{"type":"Point","coordinates":[14.6569057,51.0952482]},"properties":{"maxheight:physical":"2.50"}},{"type":"Feature","geometry":{"type":"Point","coordinates":[14.6575471,51.0964119]},"properties":{"maxheight":"default"}},{"type":"Feature","geometry":{"type":"Point","coordinates":[14.6435878,51.0888441]},"properties":{"maxheight":"default"}},{"type":"Feature","geometry":{"type":"Point","coordinates":[14.643083,51.0885451]},"properties":{"maxheight":"default"}},{"type":"Feature","geometry":{"type":"Point","coordinates":[14.1797027,51.1327507]},"properties":{"hgv":"delivery"}},{"type":"Feature","geometry":{"type":"Point","coordinates":[14.1839765,51.1319272]},"properties":{"hgv":"delivery"}},{"type":"Feature","geometry":{"type":"Point","coordinates":[14.2720071,51.2029316]},"properties":{"maxheight":"default"}},{"type":"Feature","geometry":{"type":"Point","coordinates":[14.4614666,51.0419904]},"properties":{"maxheight:physical":"3"}},{"type":"Feature","geometry":{"type":"Point","coordinates":[14.5800944,51.0073822]},"properties":{"maxheight":"default"}},{"type":"Feature","geometry":{"type":"Point","coordinates":[14.6279713,51.0615241]},"properties":{"maxheight":"default"}},{"type":"Feature","geometry":{"type":"Point","coordinates":[14.4320345,51.1659961]},"properties":{"maxheight":"2.60"}},{"type":"Feature","geometry":{"type":"Point","coordinates":[14.4356572,51.1669977]},"properties":{"maxheight":"default"}},{"type":"Feature","geometry":{"type":"Point","coordinates":[14.4373961,51.1681451]},"properties":{"maxheight":"default"}},{"type":"Feature","geometry":{"type":"Point","coordinates":[14.4247802,51.1790393]},"properties":{"maxheight":"below_default"}},{"type":"Feature","geometry":{"type":"Point","coordinates":[14.4292112,51.1619037]},"properties":{"maxheight":"default"}},{"type":"Feature","geometry":{"type":"Point","coordinates":[14.1967371,51.1292222]},"properties":{"maxheight":"default"}},{"type":"Feature","geometry":{"type":"Point","coordinates":[14.1966784,51.1292709]},"properties":{"maxheight:physical":"3"}},{"type":"Feature","geometry":{"type":"Point","coordinates":[14.3999314,51.0977874]},"properties":{"hgv":"delivery"}},{"type":"Feature","geometry":{"type":"Point","coordinates":[14.4190864,51.1937761]},"properties":{"maxheight":"default"}},{"type":"Feature","geometry":{"type":"Point","coordinates":[14.3247323,51.2000481]},"properties":{"maxheight":"default"}},{"type":"Feature","geometry":{"type":"Point","coordinates":[14.3360115,51.1981593]},"properties":{"maxheight":"default"}},{"type":"Feature","geometry":{"type":"Point","coordinates":[14.3106679,51.2031912]},"properties":{"maxheight":"default"}},{"type":"Feature","geometry":{"type":"Point","coordinates":[14.3680434,51.2000664]},"properties":{"maxheight":"default"}},{"type":"Feature","geometry":{"type":"Point","coordinates":[14.3722703,51.2104567]},"properties":{"maxheight":"default"}},{"type":"Feature","geometry":{"type":"Point","coordinates":[14.6297735,51.2104325]},"properties":{"maxheight":"4"}},{"type":"Feature","geometry":{"type":"Point","coordinates":[14.6060288,51.2090027]},"properties":{"maxheight":"default"}},{"type":"Feature","geometry":{"type":"Point","coordinates":[14.3879902,51.4989674]},"properties":{"maxheight":"3.3"}},{"type":"Feature","geometry":{"type":"Point","coordinates":[14.3881039,51.4988483]},"properties":{"maxheight":"3.3"}},{"type":"Feature","geometry":{"type":"Point","coordinates":[14.3645637,51.5496664]},"properties":{"hgv":"no"}},{"type":"Feature","geometry":{"type":"Point","coordinates":[14.8953817,51.1489131]},"properties":{"maxweight":"2.8"}},{"type":"Feature","geometry":{"type":"Point","coordinates":[14.8577985,51.3592949]},"properties":{"maxwidth":"2"}},{"type":"Feature","geometry":{"type":"Point","coordinates":[14.6920837,51.3552388]},"properties":{"maxweight":"7.5"}},{"type":"Feature","geometry":{"type":"Point","coordinates":[14.2260613,51.059529]},"properties":{"maxweight":"30"}},{"type":"Feature","geometry":{"type":"Point","coordinates":[14.2288839,51.0570842]},"properties":{"maxweight":"30"}},{"type":"Feature","geometry":{"type":"Point","coordinates":[14.2164042,51.0643564]},"properties":{"maxweight":"30"}},{"type":"Feature","geometry":{"type":"Point","coordinates":[14.2200085,51.0628698]},"properties":{"maxweight":"30"}},{"type":"Feature","geometry":{"type":"Point","coordinates":[14.6536399,51.765151]},"properties":{"hgv":"local","maxweight":"3.5"}},{"type":"Feature","geometry":{"type":"Point","coordinates":[14.1268418,51.7540507]},"properties":{"hgv":"designated"}},{"type":"Feature","geometry":{"type":"Point","coordinates":[14.3452065,51.192863]},"properties":{"maxheight":"below_default"}},{"type":"Feature","geometry":{"type":"Point","coordinates":[14.6120627,51.7397829]},"properties":{"maxheight":"1.8"}},{"type":"Feature","geometry":{"type":"Point","coordinates":[14.2015297,51.6386307]},"properties":{"hgv":"destination"}},{"type":"Feature","geometry":{"type":"Point","coordinates":[14.6622708,51.1996401]},"properties":{"hgv":"no"}},{"type":"Feature","geometry":{"type":"Point","coordinates":[14.2825516,51.0189576]},"properties":{"hgv":"no","maxweight":"3.5"}},{"type":"Feature","geometry":{"type":"Point","coordinates":[14.3522246,51.9913051]},"properties":{"maxweight":"0.5"}},{"type":"Feature","geometry":{"type":"Point","coordinates":[14.6767389,51.0983784]},"properties":{"maxheight":"default"}},{"type":"Feature","geometry":{"type":"Point","coordinates":[14.0542579,51.2288964]},"properties":{"maxweight":"2"}},{"type":"Feature","geometry":{"type":"Point","coordinates":[14.9561082,51.3837837]},"properties":{"maxweight":"3,5"}},{"type":"Feature","geometry":{"type":"Point","coordinates":[14.9562774,51.3836448]},"properties":{"maxweight":"3,5"}},{"type":"Feature","geometry":{"type":"Point","coordinates":[14.8258895,51.2854349]},"properties":{"hgv":"no"}},{"type":"Feature","geometry":{"type":"Point","coordinates":[14.8363136,51.298429]},"properties":{"hgv":"no","maxheight":"3.5"}},{"type":"Feature","geometry":{"type":"Point","coordinates":[14.291686,51.0199581]},"properties":{"hgv":"no","maxweight":"3.5"}},{"type":"Feature","geometry":{"type":"Point","coordinates":[14.3746559,51.0185316]},"properties":{"hgv":"no","maxweight":"3.5"}},{"type":"Feature","geometry":{"type":"Point","coordinates":[14.9471077,51.4725136]},"properties":{"hgv":"no"}},{"type":"Feature","geometry":{"type":"Point","coordinates":[14.9483213,51.4734932]},"properties":{"hgv":"no"}},{"type":"Feature","geometry":{"type":"Point","coordinates":[14.627122,51.7479027]},"properties":{"goods":"yes"}},{"type":"Feature","geometry":{"type":"Point","coordinates":[14.4669822,51.743479]},"properties":{"maxweight":"2.8"}},{"type":"Feature","geometry":{"type":"Point","coordinates":[14.862942,51.2260718]},"properties":{"maxweight":"7.5"}},{"type":"Feature","geometry":{"type":"Point","coordinates":[14.0041304,51.6923761]},"properties":{"maxheight":"3.7"}},{"type":"Feature","geometry":{"type":"Point","coordinates":[14.3588508,51.7652518]},"properties":{"maxheight":"10"}},{"type":"Feature","geometry":{"type":"Point","coordinates":[14.6285147,51.7434857]},"properties":{"hgv":"no","goods":"no"}},{"type":"Feature","geometry":{"type":"Point","coordinates":[14.250117,51.755745]},"properties":{"maxweight":"7.5"}},{"type":"Feature","geometry":{"type":"Point","coordinates":[14.3508392,51.7528746]},"properties":{"maxweight":"7.5"}},{"type":"Feature","geometry":{"type":"Point","coordinates":[14.3500001,51.7533499]},"properties":{"maxweight":"7.5"}},{"type":"Feature","geometry":{"type":"Point","coordinates":[14.4114123,51.5877989]},"properties":{"hgv":"delivery"}},{"type":"Feature","geometry":{"type":"Point","coordinates":[14.3494787,51.7611537]},"properties":{"maxweight":"2.8"}},{"type":"Feature","geometry":{"type":"Point","coordinates":[14.1823368,51.0051097]},"properties":{"hgv":"no"}},{"type":"Feature","geometry":{"type":"Point","coordinates":[14.3310219,51.7434695]},"properties":{"maxheight":"3"}},{"type":"Feature","geometry":{"type":"Point","coordinates":[14.3312018,51.7438117]},"properties":{"maxheight":"4"}},{"type":"Feature","geometry":{"type":"Point","coordinates":[14.3309131,51.7429201]},"properties":{"maxheight":"3"}},{"type":"Feature","geometry":{"type":"Point","coordinates":[14.3308192,51.7431174]},"properties":{"maxheight":"3"}},{"type":"Feature","geometry":{"type":"Point","coordinates":[14.336202,51.756906]},"properties":{"maxweight":"15"}},{"type":"Feature","geometry":{"type":"Point","coordinates":[14.3365194,51.7566164]},"properties":{"maxweight":"15"}},{"type":"Feature","geometry":{"type":"Point","coordinates":[14.3359721,51.7130174]},"properties":{"hgv":"delivery"}},{"type":"Feature","geometry":{"type":"Point","coordinates":[14.3410561,51.7128603]},"properties":{"hgv":"delivery"}},{"type":"Feature","geometry":{"type":"Point","coordinates":[14.3349453,51.7131473]},"properties":{"hgv":"delivery"}},{"type":"Feature","geometry":{"type":"Point","coordinates":[14.3348844,51.7131864]},"properties":{"hgv":"delivery"}},{"type":"Feature","geometry":{"type":"Point","coordinates":[14.3341486,51.7618582]},"properties":{"maxheight":"3.5"}},{"type":"Feature","geometry":{"type":"Point","coordinates":[14.3293384,51.7581762]},"properties":{"hgv":"no"}},{"type":"Feature","geometry":{"type":"Point","coordinates":[14.3145971,51.7552919]},"properties":{"maxheight":"4"}},{"type":"Feature","geometry":{"type":"Point","coordinates":[14.3383326,51.7553321]},"properties":{"maxweight":"15"}},{"type":"Feature","geometry":{"type":"Point","coordinates":[14.3146955,51.7551998]},"properties":{"maxheight":"4.25"}},{"type":"Feature","geometry":{"type":"Point","coordinates":[14.2118233,51.0653296]},"properties":{"maxweight":"30"}},{"type":"Feature","geometry":{"type":"Point","coordinates":[14.2121706,51.0651944]},"properties":{"maxweight":"30"}},{"type":"Feature","geometry":{"type":"Point","coordinates":[14.1315942,51.7648468]},"properties":{"maxweight":"7.5"}},{"type":"Feature","geometry":{"type":"Point","coordinates":[14.0769538,51.3754034]},"properties":{"maxweight":"7.5"}},{"type":"Feature","geometry":{"type":"Point","coordinates":[14.4048698,51.1887746]},"properties":{"hgv":"no"}},{"type":"Feature","geometry":{"type":"Point","coordinates":[14.393442,51.1956165]},"properties":{"hgv":"no"}},{"type":"Feature","geometry":{"type":"Point","coordinates":[14.358959,51.7672727]},"properties":{"maxheight":"default"}},{"type":"Feature","geometry":{"type":"Point","coordinates":[14.3905908,51.763641]},"properties":{"hgv":"delivery"}},{"type":"Feature","geometry":{"type":"Point","coordinates":[14.3381767,51.7140494]},"properties":{"hgv":"delivery"}},{"type":"Feature","geometry":{"type":"Point","coordinates":[14.3295798,51.7132131]},"properties":{"hgv":"delivery"}},{"type":"Feature","geometry":{"type":"Point","coordinates":[14.2242248,51.6557417]},"properties":{"maxheight":"4"}},{"type":"Feature","geometry":{"type":"Point","coordinates":[14.3214761,51.7439804]},"properties":{"maxheight":"3.8"}},{"type":"Feature","geometry":{"type":"Point","coordinates":[14.7637789,51.2062392]},"properties":{"maxweight":"6"}},{"type":"Feature","geometry":{"type":"Point","coordinates":[14.981342,51.1524289]},"properties":{"hgv":"no"}},{"type":"Feature","geometry":{"type":"Point","coordinates":[14.1362223,51.7497976]},"properties":{"maxweight":"7.5"}},{"type":"Feature","geometry":{"type":"Point","coordinates":[14.0956702,51.2993159]},"properties":{"maxheight":"4.3"}},{"type":"Feature","geometry":{"type":"Point","coordinates":[14.5438474,51.7476139]},"properties":{"hgv":"no"}},{"type":"Feature","geometry":{"type":"Point","coordinates":[14.1095744,51.7338166]},"properties":{"maxweight":"7.5"}},{"type":"Feature","geometry":{"type":"Point","coordinates":[14.3293571,51.7449414]},"properties":{"maxheight":"3.4"}},{"type":"Feature","geometry":{"type":"Point","coordinates":[14.1863485,51.265829]},"properties":{"hgv":"no"}},{"type":"Feature","geometry":{"type":"Point","coordinates":[14.338541,51.7543352]},"properties":{"maxweight":"15"}},{"type":"Feature","geometry":{"type":"Point","coordinates":[14.3257477,51.7487252]},"properties":{"maxheight":"2.6"}},{"type":"Feature","geometry":{"type":"Point","coordinates":[14.3256696,51.7487876]},"properties":{"maxheight":"3"}},{"type":"Feature","geometry":{"type":"Point","coordinates":[14.3267527,51.7489075]},"properties":{"maxwidth":"3"}},{"type":"Feature","geometry":{"type":"Point","coordinates":[14.3260509,51.7489643]},"properties":{"maxheight":"3.5"}},{"type":"Feature","geometry":{"type":"Point","coordinates":[14.3170953,51.7563603]},"properties":{"maxweight":"3.5"}},{"type":"Feature","geometry":{"type":"Point","coordinates":[14.3393932,51.7741106]},"properties":{"hgv":"no"}},{"type":"Feature","geometry":{"type":"Point","coordinates":[14.3396302,51.7494337]},"properties":{"maxweight":"7.5"}},{"type":"Feature","geometry":{"type":"Point","coordinates":[14.2925813,51.7189038]},"properties":{"maxweight":"2.8"}},{"type":"Feature","geometry":{"type":"Point","coordinates":[14.2794371,51.7022262]},"properties":{"hgv":"destination"}},{"type":"Feature","geometry":{"type":"Point","coordinates":[14.2794797,51.6994658]},"properties":{"hgv":"destination"}},{"type":"Feature","geometry":{"type":"Point","coordinates":[14.2794637,51.6990005]},"properties":{"hgv":"destination"}},{"type":"Feature","geometry":{"type":"Point","coordinates":[14.3071115,51.7476285]},"properties":{"maxheight":"3.6"}},{"type":"Feature","geometry":{"type":"Point","coordinates":[14.3069344,51.7479146]},"properties":{"maxheight":"3.6"}},{"type":"Feature","geometry":{"type":"Point","coordinates":[14.3056894,51.7499372]},"properties":{"maxheight":"3.6"}},{"type":"Feature","geometry":{"type":"Point","coordinates":[14.3060305,51.7493698]},"properties":{"maxheight":"3.6"}},{"type":"Feature","geometry":{"type":"Point","coordinates":[14.3458914,51.7629337]},"properties":{"maxheight":"3.5"}},{"type":"Feature","geometry":{"type":"Point","coordinates":[14.9009571,51.2680204]},"properties":{"maxweight":"3.5"}},{"type":"Feature","geometry":{"type":"Point","coordinates":[14.3312327,51.7441265]},"properties":{"maxheight":"4"}},{"type":"Feature","geometry":{"type":"Point","coordinates":[14.3399064,51.7496933]},"properties":{"maxweight":"7.5"}},{"type":"Feature","geometry":{"type":"Point","coordinates":[14.3400458,51.7499688]},"properties":{"maxweight":"7.5"}},{"type":"Feature","geometry":{"type":"Point","coordinates":[14.3379804,51.7499521]},"properties":{"maxweight":"7.5"}},{"type":"Feature","geometry":{"type":"Point","coordinates":[14.3368572,51.7503291]},"properties":{"maxweight":"7.5"}},{"type":"Feature","geometry":{"type":"Point","coordinates":[14.2381624,51.1322646]},"properties":{"goods":"private"}},{"type":"Feature","geometry":{"type":"Point","coordinates":[14.3481296,51.7505061]},"properties":{"maxheight":"4"}},{"type":"Feature","geometry":{"type":"Point","coordinates":[14.3486977,51.7497617]},"properties":{"maxheight":"4"}},{"type":"Feature","geometry":{"type":"Point","coordinates":[14.327259,51.7599725]},"properties":{"maxheight":"below_default"}},{"type":"Feature","geometry":{"type":"Point","coordinates":[14.3342197,51.7569987]},"properties":{"maxheight":"2.6"}},{"type":"Feature","geometry":{"type":"Point","coordinates":[14.3325895,51.7561968]},"properties":{"maxheight":"3.1"}},{"type":"Feature","geometry":{"type":"Point","coordinates":[14.332528,51.7561913]},"properties":{"maxheight":"3.1"}},{"type":"Feature","geometry":{"type":"Point","coordinates":[14.7902368,51.3107648]},"properties":{"maxweight":"3.5"}},{"type":"Feature","geometry":{"type":"Point","coordinates":[14.1209562,51.0647922]},"properties":{"maxheight":"2.7"}},{"type":"Feature","geometry":{"type":"Point","coordinates":[14.1046308,51.1707748]},"properties":{"hgv":"delivery"}},{"type":"Feature","geometry":{"type":"Point","coordinates":[14.0079355,51.5202717]},"properties":{"hgv":"no"}},{"type":"Feature","geometry":{"type":"Point","coordinates":[14.0138459,51.1773719]},"properties":{"hgv":"delivery"}},{"type":"Feature","geometry":{"type":"Point","coordinates":[14.0132,51.1816764]},"properties":{"maxweight":"7.5"}},{"type":"Feature","geometry":{"type":"Point","coordinates":[14.0110651,51.182011]},"properties":{"hgv":"no"}},{"type":"Feature","geometry":{"type":"Point","coordinates":[14.011227,51.1835382]},"properties":{"hgv":"no"}},{"type":"Feature","geometry":{"type":"Point","coordinates":[14.0102404,51.1845248]},"properties":{"maxheight":"4"}},{"type":"Feature","geometry":{"type":"Point","coordinates":[14.0530602,51.1798366]},"properties":{"hgv":"no"}},{"type":"Feature","geometry":{"type":"Point","coordinates":[14.3486977,51.7497617]},"properties":{"maxheight":"4"}},{"type":"Feature","geometry":{"type":"Point","coordinates":[14.3481739,51.7504433]},"properties":{"maxheight":"4"}},{"type":"Feature","geometry":{"type":"Point","coordinates":[14.3250471,51.7568661]},"properties":{"maxweight":"5.5"}},{"type":"Feature","geometry":{"type":"Point","coordinates":[14.3260122,51.7569988]},"properties":{"maxweight":"5.5"}},{"type":"Feature","geometry":{"type":"Point","coordinates":[14.0669863,51.2580508]},"properties":{"maxheight":"3.2"}},{"type":"Feature","geometry":{"type":"Point","coordinates":[14.9884205,51.1554837]},"properties":{"maxweight":"7.5"}},{"type":"Feature","geometry":{"type":"Point","coordinates":[14.3325422,51.7561345]},"properties":{"maxheight":"3.1"}},{"type":"Feature","geometry":{"type":"Point","coordinates":[14.332576,51.7562533]},"properties":{"maxheight":"3.1"}},{"type":"Feature","geometry":{"type":"Point","coordinates":[14.0989481,51.2067531]},"properties":{"hgv":"no"}},{"type":"Feature","geometry":{"type":"Point","coordinates":[14.3243976,51.7614495]},"properties":{"maxheight":"default"}},{"type":"Feature","geometry":{"type":"Point","coordinates":[14.1754929,51.1762284]},"properties":{"maxweight":"9"}},{"type":"Feature","geometry":{"type":"Point","coordinates":[14.3853836,51.8070917]},"properties":{"maxweight":"7.5"}},{"type":"Feature","geometry":{"type":"Point","coordinates":[14.1824361,51.1322541]},"properties":{"hgv":"delivery"}},{"type":"Feature","geometry":{"type":"Point","coordinates":[14.3494065,51.7611277]},"properties":{"maxweight":"2.8"}},{"type":"Feature","geometry":{"type":"Point","coordinates":[14.5340782,51.1575278]},"properties":{"maxweight":"9"}},{"type":"Feature","geometry":{"type":"Point","coordinates":[14.1765297,51.1762099]},"properties":{"maxweight":"3"}},{"type":"Feature","geometry":{"type":"Point","coordinates":[14.337356,51.7565766]},"properties":{"maxweight":"15"}},{"type":"Feature","geometry":{"type":"Point","coordinates":[14.3237975,51.7607111]},"properties":{"maxheight":"below_default"}},{"type":"Feature","geometry":{"type":"Point","coordinates":[14.2784151,51.6804847]},"properties":{"maxweight":"7.5"}},{"type":"Feature","geometry":{"type":"Point","coordinates":[14.274027,51.6854995]},"properties":{"maxweight":"7.5"}},{"type":"Feature","geometry":{"type":"Point","coordinates":[14.2799704,51.6775889]},"properties":{"maxweight":"7.5"}},{"type":"Feature","geometry":{"type":"Point","coordinates":[14.3348844,51.7131864]},"properties":{"hgv":"delivery"}},{"type":"Feature","geometry":{"type":"Point","coordinates":[14.0883865,51.8569596]},"properties":{"maxwidth":"1.9","maxlength":"9.5"}},{"type":"Feature","geometry":{"type":"Point","coordinates":[14.0045257,51.5200589]},"properties":{"maxheight":"3.8"}},{"type":"Feature","geometry":{"type":"Point","coordinates":[14.4883631,51.1734984]},"properties":{"hgv":"delivery"}},{"type":"Feature","geometry":{"type":"Point","coordinates":[14.2830374,51.6691165]},"properties":{"maxweight":"7.5"}},{"type":"Feature","geometry":{"type":"Point","coordinates":[14.9698987,51.149048]},"properties":{"maxheight":"default"}},{"type":"Feature","geometry":{"type":"Point","coordinates":[14.9700608,51.1495739]},"properties":{"maxheight":"default"}},{"type":"Feature","geometry":{"type":"Point","coordinates":[14.1331356,51.2214766]},"properties":{"hgv":"delivery"}},{"type":"Feature","geometry":{"type":"Point","coordinates":[14.0603198,51.1498628]},"properties":{"hgv":"no"}},{"type":"Feature","geometry":{"type":"Point","coordinates":[14.1161972,51.2156059]},"properties":{"maxweight":"5.5"}},{"type":"Feature","geometry":{"type":"Point","coordinates":[14.1173499,51.2166442]},"properties":{"maxweight":"5.5"}},{"type":"Feature","geometry":{"type":"Point","coordinates":[14.1286855,51.2227027]},"properties":{"maxweight":"2.5"}},{"type":"Feature","geometry":{"type":"Point","coordinates":[14.0610762,51.8803046]},"properties":{"maxwidth":"1.9","maxlength":"9.5"}},{"type":"Feature","geometry":{"type":"Point","coordinates":[14.1581047,51.8575693]},"properties":{"maxwidth":"1.9","maxlength":"9.5"}},{"type":"Feature","geometry":{"type":"Point","coordinates":[14.0504823,51.8342139]},"properties":{"maxwidth":"1.9","maxlength":"9.5"}},{"type":"Feature","geometry":{"type":"Point","coordinates":[14.0642005,51.842042]},"properties":{"maxwidth":"1.9","maxlength":"9.5"}},{"type":"Feature","geometry":{"type":"Point","coordinates":[14.0936253,51.8392703]},"properties":{"maxwidth":"1.9","maxlength":"9.5"}},{"type":"Feature","geometry":{"type":"Point","coordinates":[14.0964387,51.8397609]},"properties":{"maxwidth":"1.9","maxlength":"9.5"}},{"type":"Feature","geometry":{"type":"Point","coordinates":[14.9918532,51.1873729]},"properties":{"hgv":"designated"}},{"type":"Feature","geometry":{"type":"Point","coordinates":[14.9942523,51.1866807]},"properties":{"hgv":"designated"}},{"type":"Feature","geometry":{"type":"Point","coordinates":[14.993072,51.1866044]},"properties":{"hgv":"designated"}},{"type":"Feature","geometry":{"type":"Point","coordinates":[14.9930504,51.1864912]},"properties":{"hgv":"designated"}},{"type":"Feature","geometry":{"type":"Point","coordinates":[14.9933251,51.1861451]},"properties":{"hgv":"designated"}},{"type":"Feature","geometry":{"type":"Point","coordinates":[14.9843574,51.1879306]},"properties":{"hgv":"designated"}},{"type":"Feature","geometry":{"type":"Point","coordinates":[14.9848906,51.1880048]},"properties":{"hgv":"designated"}},{"type":"Feature","geometry":{"type":"Point","coordinates":[14.9857573,51.1872617]},"properties":{"hgv":"designated"}},{"type":"Feature","geometry":{"type":"Point","coordinates":[14.9839242,51.1875875]},"properties":{"hgv":"designated"}},{"type":"Feature","geometry":{"type":"Point","coordinates":[14.9835767,51.1872044]},"properties":{"hgv":"designated"}},{"type":"Feature","geometry":{"type":"Point","coordinates":[14.3299017,51.1986105]},"properties":{"hgv":"designated"}},{"type":"Feature","geometry":{"type":"Point","coordinates":[14.3299273,51.1987765]},"properties":{"hgv":"designated"}},{"type":"Feature","geometry":{"type":"Point","coordinates":[14.3311115,51.1981549]},"properties":{"hgv":"designated"}},{"type":"Feature","geometry":{"type":"Point","coordinates":[14.3304186,51.1974902]},"properties":{"hgv":"designated"}},{"type":"Feature","geometry":{"type":"Point","coordinates":[14.3305067,51.2004789]},"properties":{"hgv":"designated"}},{"type":"Feature","geometry":{"type":"Point","coordinates":[14.3304886,51.1997538]},"properties":{"hgv":"designated"}},{"type":"Feature","geometry":{"type":"Point","coordinates":[14.9892724,51.1552918]},"properties":{"maxweight":"7.5"}},{"type":"Feature","geometry":{"type":"Point","coordinates":[14.0722026,51.3756629]},"properties":{"maxweight":"7.5"}},{"type":"Feature","geometry":{"type":"Point","coordinates":[14.6260343,51.7320445]},"properties":{"maxheight":"3.5"}},{"type":"Feature","geometry":{"type":"Point","coordinates":[14.6262494,51.7331018]},"properties":{"maxheight":"3.5"}},{"type":"Feature","geometry":{"type":"Point","coordinates":[14.6380824,51.7317541]},"properties":{"hgv":"destination"}},{"type":"Feature","geometry":{"type":"Point","coordinates":[14.991563,51.1563138]},"properties":{"maxweight":"7.5"}},{"type":"Feature","geometry":{"type":"Point","coordinates":[14.6379708,51.7295647]},"properties":{"hgv":"delivery"}},{"type":"Feature","geometry":{"type":"Point","coordinates":[14.3349133,51.5476347]},"properties":{"hgv":"delivery"}},{"type":"Feature","geometry":{"type":"Point","coordinates":[14.4191407,51.1908099]},"properties":{"hgv":"no"}},{"type":"Feature","geometry":{"type":"Point","coordinates":[14.992056,51.1557652]},"properties":{"maxweight":"7.5"}},{"type":"Feature","geometry":{"type":"Point","coordinates":[14.553439,51.2987912]},"properties":{"hgv":"no"}},{"type":"Feature","geometry":{"type":"Point","coordinates":[14.3475847,51.7111974]},"properties":{"maxweight":"3.5"}},{"type":"Feature","geometry":{"type":"Point","coordinates":[14.3461019,51.7105003]},"properties":{"maxweight":"3.5"}},{"type":"Feature","geometry":{"type":"Point","coordinates":[14.1031838,51.8273662]},"properties":{"maxweight":"16"}},{"type":"Feature","geometry":{"type":"Point","coordinates":[14.3347501,51.750404]},"properties":{"maxheight":"3"}},{"type":"Feature","geometry":{"type":"Point","coordinates":[14.3380543,51.7550361]},"properties":{"maxweight":"15"}},{"type":"Feature","geometry":{"type":"Point","coordinates":[14.3362648,51.7605872]},"properties":{"maxheight":"default"}},{"type":"Feature","geometry":{"type":"Point","coordinates":[14.0184199,51.1856009]},"properties":{"hgv":"private;delivery"}},{"type":"Feature","geometry":{"type":"Point","coordinates":[14.0112282,51.1830094]},"properties":{"hgv":"no"}},{"type":"Feature","geometry":{"type":"Point","coordinates":[14.8752854,51.1320244]},"properties":{"maxweight":"3.5"}},{"type":"Feature","geometry":{"type":"Point","coordinates":[14.2534028,51.4391064]},"properties":{"maxweightrating":"7.5"}},{"type":"Feature","geometry":{"type":"Point","coordinates":[14.6168532,51.5850374]},"properties":{"hgv":"delivery"}},{"type":"Feature","geometry":{"type":"Point","coordinates":[14.1954626,51.6322352]},"properties":{"hgv":"agricultural;forestry"}},{"type":"Feature","geometry":{"type":"Point","coordinates":[14.0239145,51.8064693]},"properties":{"maxweight":"7.5"}},{"type":"Feature","geometry":{"type":"Point","coordinates":[14.3349122,51.7131624]},"properties":{"hgv":"delivery"}},{"type":"Feature","geometry":{"type":"Point","coordinates":[14.3345607,51.7082606]},"properties":{"hgv":"delivery"}},{"type":"Feature","geometry":{"type":"Point","coordinates":[14.3284858,51.7625324]},"properties":{"hgv":"no"}},{"type":"Feature","geometry":{"type":"Point","coordinates":[14.6538527,51.7439471]},"properties":{"goods":"official"}},{"type":"Feature","geometry":{"type":"Point","coordinates":[14.6536364,51.7439425]},"properties":{"goods":"official"}},{"type":"Feature","geometry":{"type":"Point","coordinates":[14.6534507,51.7439396]},"properties":{"goods":"official"}},{"type":"Feature","geometry":{"type":"Point","coordinates":[14.6532575,51.7439354]},"properties":{"goods":"official"}},{"type":"Feature","geometry":{"type":"Point","coordinates":[14.6530671,51.7439311]},"properties":{"goods":"official"}},{"type":"Feature","geometry":{"type":"Point","coordinates":[14.6541688,51.7436278]},"properties":{"goods":"official"}},{"type":"Feature","geometry":{"type":"Point","coordinates":[14.328949,51.7556889]},"properties":{"maxheight":"3"}},{"type":"Feature","geometry":{"type":"Point","coordinates":[14.3331481,51.7560004]},"properties":{"maxheight":"2.5"}},{"type":"Feature","geometry":{"type":"Point","coordinates":[14.3367562,51.7564004]},"properties":{"maxweight":"15"}},{"type":"Feature","geometry":{"type":"Point","coordinates":[14.3381943,51.7548721]},"properties":{"maxweight":"15"}},{"type":"Feature","geometry":{"type":"Point","coordinates":[14.3378063,51.7553228]},"properties":{"maxweight":"15"}},{"type":"Feature","geometry":{"type":"Point","coordinates":[14.421017,51.1811846]},"properties":{"maxweight":"2.8"}},{"type":"Feature","geometry":{"type":"Point","coordinates":[14.2689351,51.6920856]},"properties":{"hgv":"destination"}},{"type":"Feature","geometry":{"type":"Point","coordinates":[14.6473014,51.7437528]},"properties":{"hgv":"yes","goods":"yes"}},{"type":"Feature","geometry":{"type":"Point","coordinates":[14.6480385,51.7420533]},"properties":{"hgv":"yes","goods":"yes"}},{"type":"Feature","geometry":{"type":"Point","coordinates":[14.5369404,51.7270623]},"properties":{"hgv":"no"}},{"type":"Feature","geometry":{"type":"Point","coordinates":[14.0026643,51.0908542]},"properties":{"hgv":"no"}},{"type":"Feature","geometry":{"type":"Point","coordinates":[14.6452171,51.7417553]},"properties":{"hgv":"yes","goods":"yes"}},{"type":"Feature","geometry":{"type":"Point","coordinates":[14.544697,51.7449854]},"properties":{"hgv":"no"}},{"type":"Feature","geometry":{"type":"Point","coordinates":[14.4243232,51.1824779]},"properties":{"maxweight":"2.8"}},{"type":"Feature","geometry":{"type":"Point","coordinates":[14.6043557,51.1916294]},"properties":{"hgv":"private"}},{"type":"Feature","geometry":{"type":"Point","coordinates":[14.2915372,51.0892015]},"properties":{"maxheight":"3.1"}},{"type":"Feature","geometry":{"type":"Point","coordinates":[14.0993246,51.8274773]},"properties":{"maxweight":"9"}},{"type":"Feature","geometry":{"type":"Point","coordinates":[14.0997219,51.8275167]},"properties":{"maxweight":"9"}},{"type":"Feature","geometry":{"type":"Point","coordinates":[14.3260106,51.748956]},"properties":{"maxheight":"3.5"}},{"type":"Feature","geometry":{"type":"Point","coordinates":[14.3261306,51.7489609]},"properties":{"maxheight":"3.5"}},{"type":"Feature","geometry":{"type":"Point","coordinates":[14.3260117,51.7491021]},"properties":{"maxheight":"3.5"}},{"type":"Feature","geometry":{"type":"Point","coordinates":[14.3258319,51.7487189]},"properties":{"maxheight":"2.6"}},{"type":"Feature","geometry":{"type":"Point","coordinates":[14.3268749,51.7488971]},"properties":{"maxwidth":"3"}},{"type":"Feature","geometry":{"type":"Point","coordinates":[14.3277073,51.7488262]},"properties":{"maxwidth":"3"}},{"type":"Feature","geometry":{"type":"Point","coordinates":[14.3268749,51.7488971]},"properties":{"maxwidth":"3"}},{"type":"Feature","geometry":{"type":"Point","coordinates":[14.365063,51.1815342]},"properties":{"hgv":"designated"}},{"type":"Feature","geometry":{"type":"Point","coordinates":[14.039074,51.8209773]},"properties":{"hgv":"no"}},{"type":"Feature","geometry":{"type":"Point","coordinates":[14.427212,51.0852119]},"properties":{"maxweight":"2.8"}},{"type":"Feature","geometry":{"type":"Point","coordinates":[14.2791374,51.6982619]},"properties":{"hgv":"destination"}},{"type":"Feature","geometry":{"type":"Point","coordinates":[14.2837445,51.6653168]},"properties":{"maxweight":"7.5"}},{"type":"Feature","geometry":{"type":"Point","coordinates":[14.3564055,51.7101229]},"properties":{"maxweight":"7.5"}},{"type":"Feature","geometry":{"type":"Point","coordinates":[14.982021,51.1648827]},"properties":{"hgv":"no","goods":"no"}},{"type":"Feature","geometry":{"type":"Point","coordinates":[14.9812277,51.1652482]},"properties":{"hgv":"no","goods":"no"}},{"type":"Feature","geometry":{"type":"Point","coordinates":[14.017103,51.0781965]},"properties":{"hgv":"delivery"}},{"type":"Feature","geometry":{"type":"Point","coordinates":[14.0164422,51.0801731]},"properties":{"hgv":"delivery"}},{"type":"Feature","geometry":{"type":"Point","coordinates":[14.2556946,51.7504983]},"properties":{"maxweight":"7.5"}},{"type":"Feature","geometry":{"type":"Point","coordinates":[14.4138806,51.1850507]},"properties":{"hgv":"no"}},{"type":"Feature","geometry":{"type":"Point","coordinates":[14.1144715,51.8435715]},"properties":{"maxwidth":"1.9","maxlength":"9.5"}},{"type":"Feature","geometry":{"type":"Point","coordinates":[14.1186327,51.8451891]},"properties":{"maxwidth":"1.9","maxlength":"9.5"}},{"type":"Feature","geometry":{"type":"Point","coordinates":[14.046713,51.834427]},"properties":{"maxwidth":"1.9","maxlength":"9.5"}},{"type":"Feature","geometry":{"type":"Point","coordinates":[14.0463443,51.8345036]},"properties":{"maxwidth":"1.9","maxlength":"9.5"}},{"type":"Feature","geometry":{"type":"Point","coordinates":[14.0587917,51.8445474]},"properties":{"maxwidth":"1.9","maxlength":"9.5"}},{"type":"Feature","geometry":{"type":"Point","coordinates":[14.0590433,51.8444687]},"properties":{"maxwidth":"1.9","maxlength":"9.5"}},{"type":"Feature","geometry":{"type":"Point","coordinates":[14.209952,51.8419238]},"properties":{"maxwidth":"1.9","maxlength":"9.5"}},{"type":"Feature","geometry":{"type":"Point","coordinates":[14.5386957,51.1235732]},"properties":{"maxweight":"3.5"}},{"type":"Feature","geometry":{"type":"Point","coordinates":[14.5381596,51.123901]},"properties":{"maxweight":"3.5"}},{"type":"Feature","geometry":{"type":"Point","coordinates":[14.5427858,51.1255227]},"properties":{"maxweight":"3.5"}},{"type":"Feature","geometry":{"type":"Point","coordinates":[14.9570995,51.1384206]},"properties":{"maxweight":"7.5"}},{"type":"Feature","geometry":{"type":"Point","coordinates":[14.4312894,51.1823324]},"properties":{"maxheight":"default"}},{"type":"Feature","geometry":{"type":"Point","coordinates":[14.0137564,51.5328359]},"properties":{"maxheight":"default"}},{"type":"Feature","geometry":{"type":"Point","coordinates":[14.0796466,51.7865788]},"properties":{"hgv":"delivery"}},{"type":"Feature","geometry":{"type":"Point","coordinates":[14.8983906,51.3032926]},"properties":{"maxweight":"3.5"}},{"type":"Feature","geometry":{"type":"Point","coordinates":[14.3346782,51.7096891]},"properties":{"hgv":"delivery"}},{"type":"Feature","geometry":{"type":"Point","coordinates":[14.9693932,51.1255898]},"properties":{"maxweight":"7.5"}},{"type":"Feature","geometry":{"type":"Point","coordinates":[14.3030704,51.7543077]},"properties":{"maxheight":"3.6"}},{"type":"Feature","geometry":{"type":"Point","coordinates":[14.9835018,51.1374402]},"properties":{"maxheight":"4","maxweight":"16"}},{"type":"Feature","geometry":{"type":"Point","coordinates":[14.1564581,51.6221043]},"properties":{"hgv":"destination"}},{"type":"Feature","geometry":{"type":"Point","coordinates":[14.1461774,51.6149803]},"properties":{"hgv":"destination"}},{"type":"Feature","geometry":{"type":"Point","coordinates":[14.1448909,51.6141166]},"properties":{"hgv":"destination"}},{"type":"Feature","geometry":{"type":"Point","coordinates":[14.1424248,51.6125479]},"properties":{"hgv":"destination"}},{"type":"Feature","geometry":{"type":"Point","coordinates":[14.1417703,51.6121318]},"properties":{"hgv":"destination"}},{"type":"Feature","geometry":{"type":"Point","coordinates":[14.161903,51.6241766]},"properties":{"hgv":"destination"}},{"type":"Feature","geometry":{"type":"Point","coordinates":[14.1599983,51.6237584]},"properties":{"hgv":"destination"}},{"type":"Feature","geometry":{"type":"Point","coordinates":[14.1822642,51.6325363]},"properties":{"hgv":"destination"}},{"type":"Feature","geometry":{"type":"Point","coordinates":[14.2411383,51.6622508]},"properties":{"hgv":"destination"}},{"type":"Feature","geometry":{"type":"Point","coordinates":[14.2761494,51.6961053]},"properties":{"hgv":"destination"}},{"type":"Feature","geometry":{"type":"Point","coordinates":[14.2913332,51.7174779]},"properties":{"hgv":"destination"}},{"type":"Feature","geometry":{"type":"Point","coordinates":[14.2906675,51.7167198]},"properties":{"hgv":"destination"}},{"type":"Feature","geometry":{"type":"Point","coordinates":[14.1131913,51.5894699]},"properties":{"hgv":"delivery"}},{"type":"Feature","geometry":{"type":"Point","coordinates":[14.1110864,51.5647651]},"properties":{"hgv":"delivery"}},{"type":"Feature","geometry":{"type":"Point","coordinates":[14.1330401,51.5575623]},"properties":{"maxweight":"3.5 t"}},{"type":"Feature","geometry":{"type":"Point","coordinates":[14.987637,51.1409958]},"properties":{"maxheight":"4"}},{"type":"Feature","geometry":{"type":"Point","coordinates":[14.0006298,51.5279587]},"properties":{"maxweight":"6"}},{"type":"Feature","geometry":{"type":"Point","coordinates":[14.4208506,51.180839]},"properties":{"maxweight":"2.8"}},{"type":"Feature","geometry":{"type":"Point","coordinates":[14.3790357,51.6958266]},"properties":{"maxweight":"16"}},{"type":"Feature","geometry":{"type":"Point","coordinates":[14.2882187,51.7200353]},"properties":{"maxweight":"3.5"}},{"type":"Feature","geometry":{"type":"Point","coordinates":[14.2882271,51.7196914]},"properties":{"maxweight":"3.5"}},{"type":"Feature","geometry":{"type":"Point","coordinates":[14.4260846,51.0443028]},"properties":{"maxheight":"3"}},{"type":"Feature","geometry":{"type":"Point","coordinates":[14.3939012,51.763623]},"properties":{"hgv":"delivery"}},{"type":"Feature","geometry":{"type":"Point","coordinates":[14.1327605,51.2218692]},"properties":{"hgv":"delivery"}},{"type":"Feature","geometry":{"type":"Point","coordinates":[14.3768713,51.425373]},"properties":{"maxheight":"4"}},{"type":"Feature","geometry":{"type":"Point","coordinates":[14.0047684,51.8713245]},"properties":{"maxwidth":"1.9","maxlength":"9.5"}},{"type":"Feature","geometry":{"type":"Point","coordinates":[14.0060225,51.8711904]},"properties":{"maxwidth":"1.9","maxlength":"9.5"}},{"type":"Feature","geometry":{"type":"Point","coordinates":[14.0511541,51.8817727]},"properties":{"maxwidth":"1.9","maxlength":"9.5"}},{"type":"Feature","geometry":{"type":"Point","coordinates":[14.0512382,51.8817632]},"properties":{"maxwidth":"1.9","maxlength":"9.5"}},{"type":"Feature","geometry":{"type":"Point","coordinates":[14.0057968,51.892707]},"properties":{"maxwidth":"1.9","maxlength":"9.5"}},{"type":"Feature","geometry":{"type":"Point","coordinates":[14.0174735,51.8884483]},"properties":{"maxwidth":"1.9","maxlength":"9.5"}},{"type":"Feature","geometry":{"type":"Point","coordinates":[14.0889586,51.8776054]},"properties":{"maxwidth":"1.9","maxlength":"9.5"}},{"type":"Feature","geometry":{"type":"Point","coordinates":[14.0894279,51.8771639]},"properties":{"maxwidth":"1.9","maxlength":"9.5"}},{"type":"Feature","geometry":{"type":"Point","coordinates":[14.0886218,51.8466498]},"properties":{"maxwidth":"1.9","maxlength":"9.5"}},{"type":"Feature","geometry":{"type":"Point","coordinates":[14.0888277,51.8465985]},"properties":{"maxwidth":"1.9","maxlength":"9.5"}},{"type":"Feature","geometry":{"type":"Point","coordinates":[14.0392082,51.8535547]},"properties":{"maxwidth":"1.9","maxlength":"9.5"}},{"type":"Feature","geometry":{"type":"Point","coordinates":[14.0405105,51.8545752]},"properties":{"maxwidth":"1.9","maxlength":"9.5"}},{"type":"Feature","geometry":{"type":"Point","coordinates":[14.0611843,51.8683369]},"properties":{"maxwidth":"1.9","maxlength":"9.5"}},{"type":"Feature","geometry":{"type":"Point","coordinates":[14.0791809,51.8668947]},"properties":{"maxwidth":"1.9","maxlength":"9.5"}},{"type":"Feature","geometry":{"type":"Point","coordinates":[14.0877222,51.8643014]},"properties":{"maxwidth":"1.9","maxlength":"9.5"}},{"type":"Feature","geometry":{"type":"Point","coordinates":[14.0882906,51.8644176]},"properties":{"maxwidth":"1.9","maxlength":"9.5"}},{"type":"Feature","geometry":{"type":"Point","coordinates":[14.11742,51.872701]},"properties":{"maxwidth":"1.9","maxlength":"9.5"}},{"type":"Feature","geometry":{"type":"Point","coordinates":[14.1177222,51.8726364]},"properties":{"maxwidth":"1.9","maxlength":"9.5"}},{"type":"Feature","geometry":{"type":"Point","coordinates":[14.1433116,51.8618063]},"properties":{"maxwidth":"1.9","maxlength":"9.5"}},{"type":"Feature","geometry":{"type":"Point","coordinates":[14.1434697,51.8617535]},"properties":{"maxwidth":"1.9","maxlength":"9.5"}},{"type":"Feature","geometry":{"type":"Point","coordinates":[14.0898688,51.8605519]},"properties":{"maxwidth":"1.9","maxlength":"9.5"}},{"type":"Feature","geometry":{"type":"Point","coordinates":[14.0905887,51.8607973]},"properties":{"maxwidth":"1.9","maxlength":"9.5"}},{"type":"Feature","geometry":{"type":"Point","coordinates":[14.0905336,51.8569526]},"properties":{"maxwidth":"1.9","maxlength":"9.5"}},{"type":"Feature","geometry":{"type":"Point","coordinates":[14.0915704,51.856914]},"properties":{"maxwidth":"1.9","maxlength":"9.5"}},{"type":"Feature","geometry":{"type":"Point","coordinates":[14.1216766,51.8329951]},"properties":{"maxwidth":"1.9","maxlength":"9.5"}},{"type":"Feature","geometry":{"type":"Point","coordinates":[14.1218235,51.8329674]},"properties":{"maxwidth":"1.9","maxlength":"9.5"}},{"type":"Feature","geometry":{"type":"Point","coordinates":[14.1347492,51.8303316]},"properties":{"maxwidth":"1.9","maxlength":"9.5"}},{"type":"Feature","geometry":{"type":"Point","coordinates":[14.1351182,51.8302157]},"properties":{"maxwidth":"1.9","maxlength":"9.5"}},{"type":"Feature","geometry":{"type":"Point","coordinates":[14.1241625,51.8303945]},"properties":{"maxwidth":"1.9","maxlength":"9.5"}},{"type":"Feature","geometry":{"type":"Point","coordinates":[14.6397294,51.7367088]},"properties":{"hgv":"destination"}},{"type":"Feature","geometry":{"type":"Point","coordinates":[14.6397294,51.7367088]},"properties":{"goods":"official"}},{"type":"Feature","geometry":{"type":"Point","coordinates":[14.6403427,51.7362598]},"properties":{"hgv":"yes","goods":"yes"}},{"type":"Feature","geometry":{"type":"Point","coordinates":[14.6447761,51.736552]},"properties":{"hgv":"yes","goods":"yes"}},{"type":"Feature","geometry":{"type":"Point","coordinates":[14.3338647,51.7563315]},"properties":{"maxheight":"2.5"}},{"type":"Feature","geometry":{"type":"Point","coordinates":[14.3456637,51.7095594]},"properties":{"hgv":"delivery"}},{"type":"Feature","geometry":{"type":"Point","coordinates":[14.4283099,51.3579329]},"properties":{"hgv":"forestry"}},{"type":"Feature","geometry":{"type":"Point","coordinates":[14.4261681,51.3584774]},"properties":{"hgv":"forestry"}},{"type":"Feature","geometry":{"type":"Point","coordinates":[14.4254701,51.3588307]},"properties":{"hgv":"forestry"}},{"type":"Feature","geometry":{"type":"Point","coordinates":[14.0984598,51.2998074]},"properties":{"maxweight":"3.5"}},{"type":"Feature","geometry":{"type":"Point","coordinates":[14.0985907,51.2994887]},"properties":{"maxweight":"3.5"}},{"type":"Feature","geometry":{"type":"Point","coordinates":[14.0985233,51.2996527]},"properties":{"maxweight":"3.5"}},{"type":"Feature","geometry":{"type":"Point","coordinates":[14.0984598,51.2998074]},"properties":{"maxweight":"3.5"}},{"type":"Feature","geometry":{"type":"Point","coordinates":[14.0992432,51.2982066]},"properties":{"hgv":"only"}},{"type":"Feature","geometry":{"type":"Point","coordinates":[14.2802175,51.7243841]},"properties":{"maxweight":"3.5"}},{"type":"Feature","geometry":{"type":"Point","coordinates":[14.0986511,51.2993418]},"properties":{"maxweight":"3.5"}},{"type":"Feature","geometry":{"type":"Point","coordinates":[14.0983,51.2995151]},"properties":{"maxweight":"3.5"}},{"type":"Feature","geometry":{"type":"Point","coordinates":[14.0956478,51.2752007]},"properties":{"maxheight":"3.8"}},{"type":"Feature","geometry":{"type":"Point","coordinates":[14.27549,51.0964129]},"properties":{"maxwidth":"2.5"}},{"type":"Feature","geometry":{"type":"Point","coordinates":[14.2821853,51.6703146]},"properties":{"maxweight":"7.5"}},{"type":"Feature","geometry":{"type":"Point","coordinates":[14.2826818,51.6697732]},"properties":{"maxweight":"7.5"}},{"type":"Feature","geometry":{"type":"Point","coordinates":[14.9977343,51.1499607]},"properties":{"maxweight":"7.5"}},{"type":"Feature","geometry":{"type":"Point","coordinates":[14.9486135,51.2699291]},"properties":{"maxweight":"5.5"}},{"type":"Feature","geometry":{"type":"Point","coordinates":[14.3346268,51.7668139]},"properties":{"maxheight":"default"}},{"type":"Feature","geometry":{"type":"Point","coordinates":[14.8973569,51.3363486]},"properties":{"maxweight":"3.5 t"}},{"type":"Feature","geometry":{"type":"Point","coordinates":[14.9808941,51.1674088]},"properties":{"hgv":"no","goods":"no"}},{"type":"Feature","geometry":{"type":"Point","coordinates":[14.3239983,51.7485958]},"properties":{"maxheight":"4"}},{"type":"Feature","geometry":{"type":"Point","coordinates":[14.6407833,51.7387731]},"properties":{"hgv":"yes"}},{"type":"Feature","geometry":{"type":"Point","coordinates":[14.6411094,51.7391636]},"properties":{"hgv":"yes"}},{"type":"Feature","geometry":{"type":"Point","coordinates":[14.6402111,51.738164]},"properties":{"hgv":"yes"}},{"type":"Feature","geometry":{"type":"Point","coordinates":[14.9837507,51.1457278]},"properties":{"maxheight":"2.6","maxwidth":"2.4"}},{"type":"Feature","geometry":{"type":"Point","coordinates":[14.9833138,51.1262447]},"properties":{"maxweight":"12"}},{"type":"Feature","geometry":{"type":"Point","coordinates":[14.9836379,51.1263322]},"properties":{"maxweight":"12"}},{"type":"Feature","geometry":{"type":"Point","coordinates":[14.9834456,51.1262685]},"properties":{"maxweight":"12"}},{"type":"Feature","geometry":{"type":"Point","coordinates":[14.9833807,51.1263806]},"properties":{"maxweight":"12"}},{"type":"Feature","geometry":{"type":"Point","coordinates":[14.9834507,51.126527]},"properties":{"maxweight":"12"}},{"type":"Feature","geometry":{"type":"Point","coordinates":[14.3575424,51.7614914]},"properties":{"maxweight":"2.8"}},{"type":"Feature","geometry":{"type":"Point","coordinates":[14.5477286,51.1268892]},"properties":{"maxweight":"2"}},{"type":"Feature","geometry":{"type":"Point","coordinates":[14.0140406,51.5329574]},"properties":{"maxheight":"default"}},{"type":"Feature","geometry":{"type":"Point","coordinates":[14.5980088,51.7678567]},"properties":{"hgv":"destination"}},{"type":"Feature","geometry":{"type":"Point","coordinates":[14.7208759,51.9517451]},"properties":{"hgv":"no"}},{"type":"Feature","geometry":{"type":"Point","coordinates":[14.9833075,51.1265547]},"properties":{"maxweight":"12"}},{"type":"Feature","geometry":{"type":"Point","coordinates":[14.9884842,51.1555991]},"properties":{"maxweight":"7.5"}},{"type":"Feature","geometry":{"type":"Point","coordinates":[14.9991132,51.1544296]},"properties":{"hgv":"no"}},{"type":"Feature","geometry":{"type":"Point","coordinates":[14.3463268,51.7094938]},"properties":{"maxweight":"3.5"}},{"type":"Feature","geometry":{"type":"Point","coordinates":[14.3553047,51.7109207]},"properties":{"hgv":"delivery"}},{"type":"Feature","geometry":{"type":"Point","coordinates":[14.3550869,51.7108824]},"properties":{"hgv":"delivery"}},{"type":"Feature","geometry":{"type":"Point","coordinates":[14.3875409,51.7592078]},"properties":{"hgv":"delivery"}},{"type":"Feature","geometry":{"type":"Point","coordinates":[14.3311166,51.7696302]},"properties":{"maxheight":"default"}},{"type":"Feature","geometry":{"type":"Point","coordinates":[14.987538,51.140953]},"properties":{"maxheight":"4"}},{"type":"Feature","geometry":{"type":"Point","coordinates":[14.3346775,51.709682]},"properties":{"hgv":"delivery"}},{"type":"Feature","geometry":{"type":"Point","coordinates":[14.3475136,51.7111627]},"properties":{"maxweight":"3.5"}},{"type":"Feature","geometry":{"type":"Point","coordinates":[14.3402234,51.7145802]},"properties":{"hgv":"delivery"}},{"type":"Feature","geometry":{"type":"Point","coordinates":[14.3390501,51.7145524]},"properties":{"hgv":"delivery"}},{"type":"Feature","geometry":{"type":"Point","coordinates":[14.2775872,51.6970152]},"properties":{"hgv":"destination"}},{"type":"Feature","geometry":{"type":"Point","coordinates":[14.2919347,51.718129]},"properties":{"hgv":"destination"}},{"type":"Feature","geometry":{"type":"Point","coordinates":[14.3477346,51.7112038]},"properties":{"hgv":"delivery"}},{"type":"Feature","geometry":{"type":"Point","coordinates":[14.2509451,51.7592263]},"properties":{"hgv":"delivery"}},{"type":"Feature","geometry":{"type":"Point","coordinates":[14.3407141,51.7378354]},"properties":{"goods":"permit"}},{"type":"Feature","geometry":{"type":"Point","coordinates":[14.9693149,51.1611475]},"properties":{"maxweight":"7.5"}},{"type":"Feature","geometry":{"type":"Point","coordinates":[14.9695557,51.1611915]},"properties":{"maxheight":"3.3"}},{"type":"Feature","geometry":{"type":"Point","coordinates":[14.9694806,51.1614426]},"properties":{"maxheight":"3.3"}},{"type":"Feature","geometry":{"type":"Point","coordinates":[14.9694185,51.1611867]},"properties":{"maxheight":"3.3"}},{"type":"Feature","geometry":{"type":"Point","coordinates":[14.9694514,51.1612433]},"properties":{"maxheight":"3.3"}},{"type":"Feature","geometry":{"type":"Point","coordinates":[14.3328452,51.7698931]},"properties":{"maxweight":"3.5 t"}},{"type":"Feature","geometry":{"type":"Point","coordinates":[14.3313769,51.7699284]},"properties":{"maxweight":"3.5 t"}},{"type":"Feature","geometry":{"type":"Point","coordinates":[14.3320967,51.7699111]},"properties":{"maxweight":"3.5 t"}},{"type":"Feature","geometry":{"type":"Point","coordinates":[14.0291966,51.8843394]},"properties":{"maxweight":"30"}},{"type":"Feature","geometry":{"type":"Point","coordinates":[14.5722926,51.5827727]},"properties":{"maxweight":"7.5"}},{"type":"Feature","geometry":{"type":"Point","coordinates":[14.2346814,51.7544033]},"properties":{"maxweight":"3.5"}},{"type":"Feature","geometry":{"type":"Point","coordinates":[14.2585339,51.7496294]},"properties":{"maxweight":"7.5"}},{"type":"Feature","geometry":{"type":"Point","coordinates":[14.9903831,51.1566136]},"properties":{"maxheight":"5"}},{"type":"Feature","geometry":{"type":"Point","coordinates":[14.9294222,51.1501463]},"properties":{"maxheight":"default"}},{"type":"Feature","geometry":{"type":"Point","coordinates":[14.3389811,51.7495251]},"properties":{"maxweight":"7.5"}},{"type":"Feature","geometry":{"type":"Point","coordinates":[14.9770099,51.1636127]},"properties":{"maxheight":"2.1"}},{"type":"Feature","geometry":{"type":"Point","coordinates":[14.9770647,51.1635734]},"properties":{"maxheight":"2.1"}},{"type":"Feature","geometry":{"type":"Point","coordinates":[14.976553,51.1633793]},"properties":{"maxheight":"2.1","maxweight":"3"}},{"type":"Feature","geometry":{"type":"Point","coordinates":[14.6563712,51.0793857]},"properties":{"maxheight":"default"}},{"type":"Feature","geometry":{"type":"Point","coordinates":[14.7295104,51.5419725]},"properties":{"hgv":"local","maxweight":"3.5"}},{"type":"Feature","geometry":{"type":"Point","coordinates":[14.0884097,51.7074336]},"properties":{"maxweight":"7.5"}},{"type":"Feature","geometry":{"type":"Point","coordinates":[14.1166181,51.6868834]},"properties":{"hgv":"no"}},{"type":"Feature","geometry":{"type":"Point","coordinates":[14.1417641,51.7130475]},"properties":{"hgv":"no"}},{"type":"Feature","geometry":{"type":"Point","coordinates":[14.2046309,51.7487593]},"properties":{"hgv":"no"}},{"type":"Feature","geometry":{"type":"Point","coordinates":[14.9624082,51.1507234]},"properties":{"maxheight":"4"}},{"type":"Feature","geometry":{"type":"Point","coordinates":[14.9833826,51.1262321]},"properties":{"maxweight":"12"}},{"type":"Feature","geometry":{"type":"Point","coordinates":[14.9832839,51.1261854]},"properties":{"maxweight":"12"}},{"type":"Feature","geometry":{"type":"Point","coordinates":[14.8315793,51.2442165]},"properties":{"hgv":"no"}},{"type":"Feature","geometry":{"type":"Point","coordinates":[14.3576342,51.7615923]},"properties":{"maxweight":"2.8"}},{"type":"Feature","geometry":{"type":"Point","coordinates":[14.3547355,51.7616462]},"properties":{"maxweight":"2.8"}},{"type":"Feature","geometry":{"type":"Point","coordinates":[14.3574028,51.7616213]},"properties":{"maxweight":"2.8"}},{"type":"Feature","geometry":{"type":"Point","coordinates":[14.3551478,51.7616449]},"properties":{"maxweight":"2.8"}},{"type":"Feature","geometry":{"type":"Point","coordinates":[14.3548045,51.761646]},"properties":{"maxweight":"2.8"}},{"type":"Feature","geometry":{"type":"Point","coordinates":[14.3543356,51.7616501]},"properties":{"maxweight":"2.8"}},{"type":"Feature","geometry":{"type":"Point","coordinates":[14.3541556,51.7616506]},"properties":{"maxweight":"2.8"}},{"type":"Feature","geometry":{"type":"Point","coordinates":[14.3536958,51.761665]},"properties":{"maxweight":"2.8"}},{"type":"Feature","geometry":{"type":"Point","coordinates":[14.3532311,51.7616816]},"properties":{"maxweight":"2.8"}},{"type":"Feature","geometry":{"type":"Point","coordinates":[14.3382976,51.7547512]},"properties":{"maxweight":"15"}},{"type":"Feature","geometry":{"type":"Point","coordinates":[14.338683,51.7553981]},"properties":{"maxweight":"15"}},{"type":"Feature","geometry":{"type":"Point","coordinates":[14.334213,51.7475344]},"properties":{"maxheight":"4"}},{"type":"Feature","geometry":{"type":"Point","coordinates":[14.2848604,51.0964617]},"properties":{"maxweight":"15"}},{"type":"Feature","geometry":{"type":"Point","coordinates":[14.454408,51.1647093]},"properties":{"maxweight":"3.5"}},{"type":"Feature","geometry":{"type":"Point","coordinates":[14.0846268,51.5779848]},"properties":{"hgv":"destination"}},{"type":"Feature","geometry":{"type":"Point","coordinates":[14.1852096,51.8121455]},"properties":{"maxweight":"7.5"}},{"type":"Feature","geometry":{"type":"Point","coordinates":[14.5368331,51.5476661]},"properties":{"maxweight":"3.5"}},{"type":"Feature","geometry":{"type":"Point","coordinates":[14.3687583,51.8677609]},"properties":{"maxweight":"7.5"}},{"type":"Feature","geometry":{"type":"Point","coordinates":[14.8239021,51.00674]},"properties":{"maxweight":"15"}},{"type":"Feature","geometry":{"type":"Point","coordinates":[14.5748465,51.0017886]},"properties":{"hgv":"no"}},{"type":"Feature","geometry":{"type":"Point","coordinates":[14.5851391,51.0087365]},"properties":{"maxweight":"25"}},{"type":"Feature","geometry":{"type":"Point","coordinates":[14.7267322,51.5367815]},"properties":{"maxheight":"4"}},{"type":"Feature","geometry":{"type":"Point","coordinates":[14.5977372,51.1032263]},"properties":{"hgv":"no"}},{"type":"Feature","geometry":{"type":"Point","coordinates":[14.8430612,51.2891693]},"properties":{"maxheight":"3.5"}},{"type":"Feature","geometry":{"type":"Point","coordinates":[14.8426726,51.2710602]},"properties":{"hgv":"destination"}},{"type":"Feature","geometry":{"type":"Point","coordinates":[14.4153975,51.1965694]},"properties":{"hgv":"no"}},{"type":"Feature","geometry":{"type":"Point","coordinates":[14.9819656,51.1465]},"properties":{"maxheight":"3.6"}},{"type":"Feature","geometry":{"type":"Point","coordinates":[14.9816126,51.1460006]},"properties":{"maxheight":"3.6"}},{"type":"Feature","geometry":{"type":"Point","coordinates":[14.0947762,51.8314171]},"properties":{"maxwidth":"1.9","maxlength":"9.5"}},{"type":"Feature","geometry":{"type":"Point","coordinates":[14.0949816,51.8314031]},"properties":{"maxwidth":"1.9","maxlength":"9.5"}},{"type":"Feature","geometry":{"type":"Point","coordinates":[14.5449941,51.7458632]},"properties":{"hgv":"no"}},{"type":"Feature","geometry":{"type":"Point","coordinates":[14.5761057,51.6547893]},"properties":{"maxweight":"16"}},{"type":"Feature","geometry":{"type":"Point","coordinates":[14.5264616,51.5669455]},"properties":{"hgv":"no"}},{"type":"Feature","geometry":{"type":"Point","coordinates":[14.5212634,51.2402259]},"properties":{"maxlength":"10"}},{"type":"Feature","geometry":{"type":"Point","coordinates":[14.3293272,51.7582927]},"properties":{"hgv":"no"}},{"type":"Feature","geometry":{"type":"Point","coordinates":[14.4698838,51.7453707]},"properties":{"maxheight":"2.9"}},{"type":"Feature","geometry":{"type":"Point","coordinates":[14.1439358,51.2530703]},"properties":{"hgv":"no"}},{"type":"Feature","geometry":{"type":"Point","coordinates":[14.982253,51.1695235]},"properties":{"hgv":"no","goods":"no"}},{"type":"Feature","geometry":{"type":"Point","coordinates":[14.4426891,51.1219379]},"properties":{"maxweight":"3.5"}},{"type":"Feature","geometry":{"type":"Point","coordinates":[14.1334959,51.1984978]},"properties":{"hgv":"delivery"}},{"type":"Feature","geometry":{"type":"Point","coordinates":[14.1311953,51.1982006]},"properties":{"hgv":"delivery"}},{"type":"Feature","geometry":{"type":"Point","coordinates":[14.13162,51.1983036]},"properties":{"hgv":"delivery"}},{"type":"Feature","geometry":{"type":"Point","coordinates":[14.1321497,51.1983528]},"properties":{"hgv":"delivery"}},{"type":"Feature","geometry":{"type":"Point","coordinates":[14.1328826,51.1984202]},"properties":{"hgv":"delivery"}},{"type":"Feature","geometry":{"type":"Point","coordinates":[14.1342519,51.1986894]},"properties":{"hgv":"delivery"}},{"type":"Feature","geometry":{"type":"Point","coordinates":[14.0763166,51.2787459]},"properties":{"hgv":"private;delivery;agricultural;forestry"}},{"type":"Feature","geometry":{"type":"Point","coordinates":[14.1947292,51.6328923]},"properties":{"hgv":"agricultural;forestry"}},{"type":"Feature","geometry":{"type":"Point","coordinates":[14.7438566,51.0155353]},"properties":{"maxheight":"3.8"}},{"type":"Feature","geometry":{"type":"Point","coordinates":[14.4390728,51.1887689]},"properties":{"maxweight":"3.5"}},{"type":"Feature","geometry":{"type":"Point","coordinates":[14.0105534,51.1815328]},"properties":{"maxweight":"7.5"}},{"type":"Feature","geometry":{"type":"Point","coordinates":[14.429842,51.1810704]},"properties":{"maxheight":"3"}},{"type":"Feature","geometry":{"type":"Point","coordinates":[14.4284506,51.18152]},"properties":{"maxheight":"3.4"}},{"type":"Feature","geometry":{"type":"Point","coordinates":[14.3301393,51.5161636]},"properties":{"hgv":"no"}},{"type":"Feature","geometry":{"type":"Point","coordinates":[14.9867695,51.1573734]},"properties":{"maxheight":"1.9"}},{"type":"Feature","geometry":{"type":"Point","coordinates":[14.986723,51.1574892]},"properties":{"maxheight":"1.9"}},{"type":"Feature","geometry":{"type":"Point","coordinates":[14.330656,51.1984339]},"properties":{"hgv":"designated"}},{"type":"Feature","geometry":{"type":"Point","coordinates":[14.330291,51.1982961]},"properties":{"hgv":"designated"}},{"type":"Feature","geometry":{"type":"Point","coordinates":[14.3312943,51.1996032]},"properties":{"hgv":"designated"}},{"type":"Feature","geometry":{"type":"Point","coordinates":[14.3300225,51.1997356]},"properties":{"hgv":"designated"}},{"type":"Feature","geometry":{"type":"Point","coordinates":[14.3307972,51.1995623]},"properties":{"hgv":"designated"}},{"type":"Feature","geometry":{"type":"Point","coordinates":[14.118035,51.2179739]},"properties":{"maxweight":"5.5"}},{"type":"Feature","geometry":{"type":"Point","coordinates":[14.1173976,51.2166894]},"properties":{"maxweight":"5.5"}},{"type":"Feature","geometry":{"type":"Point","coordinates":[14.1119807,51.2164461]},"properties":{"maxheight":"3.5"}},{"type":"Feature","geometry":{"type":"Point","coordinates":[14.1908602,51.2526618]},"properties":{"maxweight":"8"}},{"type":"Feature","geometry":{"type":"Point","coordinates":[14.1868987,51.2163568]},"properties":{"hgv":"delivery"}},{"type":"Feature","geometry":{"type":"Point","coordinates":[14.3787111,51.2479449]},"properties":{"maxheight":"3.6"}},{"type":"Feature","geometry":{"type":"Point","coordinates":[14.1297074,51.2211871]},"properties":{"hgv":"delivery"}},{"type":"Feature","geometry":{"type":"Point","coordinates":[14.3667918,51.6780022]},"properties":{"hgv":"delivery"}},{"type":"Feature","geometry":{"type":"Point","coordinates":[14.355347,51.2485021]},"properties":{"maxweight":"7.5"}},{"type":"Feature","geometry":{"type":"Point","coordinates":[14.285386,51.243372]},"properties":{"hgv":"no"}},{"type":"Feature","geometry":{"type":"Point","coordinates":[14.4847501,51.043422]},"properties":{"maxweight":"2.8"}},{"type":"Feature","geometry":{"type":"Point","coordinates":[14.0700715,51.2539872]},"properties":{"maxwidth":"3"}},{"type":"Feature","geometry":{"type":"Point","coordinates":[14.1818865,51.2471721]},"properties":{"hgv":"agricultural"}},{"type":"Feature","geometry":{"type":"Point","coordinates":[14.3327755,51.7862762]},"properties":{"maxheight":"2.3"}},{"type":"Feature","geometry":{"type":"Point","coordinates":[14.330577,51.7867644]},"properties":{"hgv":"designated"}},{"type":"Feature","geometry":{"type":"Point","coordinates":[14.3306488,51.7866109]},"properties":{"hgv":"designated"}},{"type":"Feature","geometry":{"type":"Point","coordinates":[14.3307504,51.7863936]},"properties":{"hgv":"designated"}},{"type":"Feature","geometry":{"type":"Point","coordinates":[14.1830178,51.2291779]},"properties":{"hgv":"agricultural"}},{"type":"Feature","geometry":{"type":"Point","coordinates":[14.2391311,51.4351862]},"properties":{"maxheight":"3.5","maxweight":"5"}},{"type":"Feature","geometry":{"type":"Point","coordinates":[14.0608562,51.1993353]},"properties":{"maxweight":"3.5"}},{"type":"Feature","geometry":{"type":"Point","coordinates":[14.0102213,51.1790959]},"properties":{"maxweight":"3.5"}},{"type":"Feature","geometry":{"type":"Point","coordinates":[14.0097474,51.1785349]},"properties":{"maxweight":"3.5"}},{"type":"Feature","geometry":{"type":"Point","coordinates":[14.3644716,51.7688886]},"properties":{"hgv":"designated"}},{"type":"Feature","geometry":{"type":"Point","coordinates":[14.1459169,51.3556008]},"properties":{"hgv":"no"}},{"type":"Feature","geometry":{"type":"Point","coordinates":[14.337858,51.7645281]},"properties":{"maxheight":"1.9"}},{"type":"Feature","geometry":{"type":"Point","coordinates":[14.3343238,51.7650655]},"properties":{"maxheight":"2.5"}},{"type":"Feature","geometry":{"type":"Point","coordinates":[14.3341214,51.7651478]},"properties":{"maxheight":"2.5"}},{"type":"Feature","geometry":{"type":"Point","coordinates":[14.6383079,51.733145]},"properties":{"hgv":"destination"}},{"type":"Feature","geometry":{"type":"Point","coordinates":[14.4225749,51.1766392]},"properties":{"maxweight":"5"}},{"type":"Feature","geometry":{"type":"Point","coordinates":[14.2038155,51.0725408]},"properties":{"maxheight":"3.6"}},{"type":"Feature","geometry":{"type":"Point","coordinates":[14.7273308,51.5426121]},"properties":{"hgv":"local","maxweight":"3.5"}},{"type":"Feature","geometry":{"type":"Point","coordinates":[14.2659976,51.7115444]},"properties":{"hgv":"no"}},{"type":"Feature","geometry":{"type":"Point","coordinates":[14.1341931,51.2214548]},"properties":{"hgv":"delivery"}},{"type":"Feature","geometry":{"type":"Point","coordinates":[14.4390896,51.1977012]},"properties":{"maxheight":"default"}},{"type":"Feature","geometry":{"type":"Point","coordinates":[14.6601739,51.7294338]},"properties":{"maxlength":"8"}},{"type":"Feature","geometry":{"type":"Point","coordinates":[14.3380073,51.2585517]},"properties":{"hgv":"no","maxweight":"1.5"}},{"type":"Feature","geometry":{"type":"Point","coordinates":[14.0403613,51.2825857]},"properties":{"hgv":"no"}},{"type":"Feature","geometry":{"type":"Point","coordinates":[14.0407487,51.2827538]},"properties":{"hgv":"no"}},{"type":"Feature","geometry":{"type":"Point","coordinates":[14.9983241,51.1521693]},"properties":{"hgv":"no"}},{"type":"Feature","geometry":{"type":"Point","coordinates":[14.9955547,51.1500787]},"properties":{"maxweight":"7.5"}},{"type":"Feature","geometry":{"type":"Point","coordinates":[14.4582831,51.2006399]},"properties":{"maxweight":"2.8"}},{"type":"Feature","geometry":{"type":"Point","coordinates":[14.1266146,51.1615793]},"properties":{"hgv":"delivery"}},{"type":"Feature","geometry":{"type":"Point","coordinates":[14.303121,51.2560365]},"properties":{"hgv":"yes"}},{"type":"Feature","geometry":{"type":"Point","coordinates":[14.4420538,51.186465]},"properties":{"hgv":"delivery"}},{"type":"Feature","geometry":{"type":"Point","coordinates":[14.4418003,51.186566]},"properties":{"hgv":"delivery"}},{"type":"Feature","geometry":{"type":"Point","coordinates":[14.4510653,51.0264519]},"properties":{"hgv":"no"}},{"type":"Feature","geometry":{"type":"Point","coordinates":[14.4514072,51.0311696]},"properties":{"hgv":"no"}},{"type":"Feature","geometry":{"type":"Point","coordinates":[14.4517654,51.0309854]},"properties":{"hgv":"no"}},{"type":"Feature","geometry":{"type":"Point","coordinates":[14.4222998,51.7064061]},"properties":{"maxheight":"default"}},{"type":"Feature","geometry":{"type":"Point","coordinates":[14.4185283,51.7064503]},"properties":{"maxheight":"default"}},{"type":"Feature","geometry":{"type":"Point","coordinates":[14.9704823,51.1285524]},"properties":{"maxheight":"3.8"}},{"type":"Feature","geometry":{"type":"Point","coordinates":[14.9703226,51.1284274]},"properties":{"maxheight":"3.8"}},{"type":"Feature","geometry":{"type":"Point","coordinates":[14.101496,51.2698305]},"properties":{"maxweight":"3.5"}},{"type":"Feature","geometry":{"type":"Point","coordinates":[14.0938224,51.2675978]},"properties":{"maxweight":"3.5"}},{"type":"Feature","geometry":{"type":"Point","coordinates":[14.6847869,51.0027649]},"properties":{"maxheight":"default"}},{"type":"Feature","geometry":{"type":"Point","coordinates":[14.7207194,51.951711]},"properties":{"hgv":"no"}},{"type":"Feature","geometry":{"type":"Point","coordinates":[14.4213592,51.1794343]},"properties":{"maxheight":"default","maxweight":"5"}},{"type":"Feature","geometry":{"type":"Point","coordinates":[14.4212892,51.1796993]},"properties":{"maxheight":"default","maxweight":"5"}},{"type":"Feature","geometry":{"type":"Point","coordinates":[14.9662301,51.1818794]},"properties":{"maxweight":"7.5"}},{"type":"Feature","geometry":{"type":"Point","coordinates":[14.9621527,51.3627644]},"properties":{"hgv":"designated"}},{"type":"Feature","geometry":{"type":"Point","coordinates":[14.118027,51.2181856]},"properties":{"hgv":"delivery"}},{"type":"Feature","geometry":{"type":"Point","coordinates":[14.1087446,51.2048211]},"properties":{"hgv":"no"}},{"type":"Feature","geometry":{"type":"Point","coordinates":[14.9708624,51.059381]},"properties":{"maxweight":"8"}},{"type":"Feature","geometry":{"type":"Point","coordinates":[14.9708833,51.0594396]},"properties":{"maxweight":"8"}},{"type":"Feature","geometry":{"type":"Point","coordinates":[14.9709058,51.0584007]},"properties":{"maxweight":"8"}},{"type":"Feature","geometry":{"type":"Point","coordinates":[14.4054065,51.1911464]},"properties":{"hgv":"no"}},{"type":"Feature","geometry":{"type":"Point","coordinates":[14.4047535,51.1914394]},"properties":{"hgv":"no"}},{"type":"Feature","geometry":{"type":"Point","coordinates":[14.3093264,51.2043681]},"properties":{"maxweight":"2.8"}},{"type":"Feature","geometry":{"type":"Point","coordinates":[14.4982316,51.2109308]},"properties":{"hgv":"no"}},{"type":"Feature","geometry":{"type":"Point","coordinates":[14.4327054,51.1890026]},"properties":{"maxheight":"4"}},{"type":"Feature","geometry":{"type":"Point","coordinates":[14.3921732,51.0291932]},"properties":{"hgv":"no","maxweight":"3.5"}},{"type":"Feature","geometry":{"type":"Point","coordinates":[14.4563379,51.2672798]},"properties":{"maxweight":"3.5"}},{"type":"Feature","geometry":{"type":"Point","coordinates":[14.1138427,51.200472]},"properties":{"hgv":"no"}},{"type":"Feature","geometry":{"type":"Point","coordinates":[14.3876852,51.025339]},"properties":{"hgv":"no","maxweight":"3.5"}},{"type":"Feature","geometry":{"type":"Point","coordinates":[14.0958139,51.267858]},"properties":{"maxweight":"3.5"}},{"type":"Feature","geometry":{"type":"Point","coordinates":[14.0354746,51.2132197]},"properties":{"maxheight":"3.5"}},{"type":"Feature","geometry":{"type":"Point","coordinates":[14.0636473,51.2217892]},"properties":{"maxweight":"3"}},{"type":"Feature","geometry":{"type":"Point","coordinates":[14.0634976,51.2217627]},"properties":{"maxweight":"3"}},{"type":"Feature","geometry":{"type":"Point","coordinates":[14.0987061,51.2788069]},"properties":{"maxheight":"3.2"}},{"type":"Feature","geometry":{"type":"Point","coordinates":[14.0968947,51.5824394]},"properties":{"hgv":"destination"}},{"type":"Feature","geometry":{"type":"Point","coordinates":[14.0971947,51.5824775]},"properties":{"hgv":"destination"}},{"type":"Feature","geometry":{"type":"Point","coordinates":[14.962997,51.1632658]},"properties":{"hgv":"delivery","maxweight":"7.5"}},{"type":"Feature","geometry":{"type":"Point","coordinates":[14.3338355,51.7431166]},"properties":{"maxheight":"3.2"}},{"type":"Feature","geometry":{"type":"Point","coordinates":[14.9809961,51.1382301]},"properties":{"maxweight":"16"}},{"type":"Feature","geometry":{"type":"Point","coordinates":[14.9696388,51.1587459]},"properties":{"hgv":"delivery"}},{"type":"Feature","geometry":{"type":"Point","coordinates":[14.831224,51.0476026]},"properties":{"hgv":"no","maxweight":"5"}},{"type":"Feature","geometry":{"type":"Point","coordinates":[14.8310247,51.0477378]},"properties":{"hgv":"no","maxweight":"5"}},{"type":"Feature","geometry":{"type":"Point","coordinates":[14.9617688,51.1499484]},"properties":{"hgv":"no"}},{"type":"Feature","geometry":{"type":"Point","coordinates":[14.3738907,51.5686468]},"properties":{"maxweight":"12"}},{"type":"Feature","geometry":{"type":"Point","coordinates":[14.3802004,51.5721974]},"properties":{"maxweight":"2.5"}},{"type":"Feature","geometry":{"type":"Point","coordinates":[14.3804488,51.5720955]},"properties":{"maxweight":"2.5"}},{"type":"Feature","geometry":{"type":"Point","coordinates":[14.090066,51.3017985]},"properties":{"hgv":"only"}},{"type":"Feature","geometry":{"type":"Point","coordinates":[14.0904029,51.2982662]},"properties":{"hgv":"only"}},{"type":"Feature","geometry":{"type":"Point","coordinates":[14.0911198,51.3016067]},"properties":{"hgv":"only"}},{"type":"Feature","geometry":{"type":"Point","coordinates":[14.0917344,51.3014558]},"properties":{"hgv":"only"}},{"type":"Feature","geometry":{"type":"Point","coordinates":[14.0978233,51.2996464]},"properties":{"maxheight":"4.3"}},{"type":"Feature","geometry":{"type":"Point","coordinates":[14.3492158,51.7608433]},"properties":{"maxheight":"3"}},{"type":"Feature","geometry":{"type":"Point","coordinates":[14.5971976,51.1025408]},"properties":{"hgv":"no"}},{"type":"Feature","geometry":{"type":"Point","coordinates":[14.5985377,51.105256]},"properties":{"hgv":"no"}},{"type":"Feature","geometry":{"type":"Point","coordinates":[14.0656495,51.3523112]},"properties":{"hgv":"delivery"}},{"type":"Feature","geometry":{"type":"Point","coordinates":[14.4304988,51.1820541]},"properties":{"maxheight":"below_default"}},{"type":"Feature","geometry":{"type":"Point","coordinates":[14.1534943,51.2185065]},"properties":{"hgv":"delivery"}},{"type":"Feature","geometry":{"type":"Point","coordinates":[14.5743318,51.0010193]},"properties":{"hgv":"no"}},{"type":"Feature","geometry":{"type":"Point","coordinates":[14.0373358,51.2181929]},"properties":{"hgv":"no"}},{"type":"Feature","geometry":{"type":"Point","coordinates":[14.1206233,51.199773]},"properties":{"hgv":"no"}},{"type":"Feature","geometry":{"type":"Point","coordinates":[14.9824333,51.1225532]},"properties":{"maxweight":"7.5"}},{"type":"Feature","geometry":{"type":"Point","coordinates":[14.953487,51.1371238]},"properties":{"maxweight":"7.5"}},{"type":"Feature","geometry":{"type":"Point","coordinates":[14.9547301,51.1337624]},"properties":{"maxweight":"7.5"}},{"type":"Feature","geometry":{"type":"Point","coordinates":[14.9546518,51.133426]},"properties":{"maxweight":"7.5"}},{"type":"Feature","geometry":{"type":"Point","coordinates":[14.9584994,51.1328029]},"properties":{"maxweight":"7.5"}},{"type":"Feature","geometry":{"type":"Point","coordinates":[14.1034711,51.2801521]},"properties":{"hgv":"no"}},{"type":"Feature","geometry":{"type":"Point","coordinates":[14.5290048,51.2068092]},"properties":{"maxheight":"default"}},{"type":"Feature","geometry":{"type":"Point","coordinates":[14.5311637,51.207184]},"properties":{"maxheight":"default"}},{"type":"Feature","geometry":{"type":"Point","coordinates":[14.5299424,51.2068413]},"properties":{"maxheight":"default"}},{"type":"Feature","geometry":{"type":"Point","coordinates":[14.5313292,51.2070908]},"properties":{"maxheight":"default"}},{"type":"Feature","geometry":{"type":"Point","coordinates":[14.1657861,51.1245664]},"properties":{"maxheight":"default"}},{"type":"Feature","geometry":{"type":"Point","coordinates":[14.1295095,51.2215406]},"properties":{"hgv":"delivery"}},{"type":"Feature","geometry":{"type":"Point","coordinates":[14.1326762,51.2235325]},"properties":{"hgv":"delivery"}},{"type":"Feature","geometry":{"type":"Point","coordinates":[14.1328985,51.2209446]},"properties":{"hgv":"delivery"}},{"type":"Feature","geometry":{"type":"Point","coordinates":[14.1301876,51.220375]},"properties":{"hgv":"delivery"}},{"type":"Feature","geometry":{"type":"Point","coordinates":[14.131487,51.2215207]},"properties":{"hgv":"delivery"}},{"type":"Feature","geometry":{"type":"Point","coordinates":[14.1135248,51.5888906]},"properties":{"hgv":"delivery"}},{"type":"Feature","geometry":{"type":"Point","coordinates":[14.0031345,51.6904097]},"properties":{"hgv":"agricultural;forestry;delivery"}},{"type":"Feature","geometry":{"type":"Point","coordinates":[14.0030672,51.6902764]},"properties":{"hgv":"agricultural;forestry;delivery"}},{"type":"Feature","geometry":{"type":"Point","coordinates":[14.9707517,51.1584031]},"properties":{"hgv":"delivery"}},{"type":"Feature","geometry":{"type":"Point","coordinates":[14.1320352,51.2208709]},"properties":{"hgv":"delivery"}},{"type":"Feature","geometry":{"type":"Point","coordinates":[14.18242,51.248938]},"properties":{"hgv":"no"}},{"type":"Feature","geometry":{"type":"Point","coordinates":[14.0289108,51.5380387]},"properties":{"maxheight":"3.6"}},{"type":"Feature","geometry":{"type":"Point","coordinates":[14.0246463,51.5124542]},"properties":{"maxweight":"3.5 t"}},{"type":"Feature","geometry":{"type":"Point","coordinates":[14.1170437,51.231573]},"properties":{"hgv":"delivery"}},{"type":"Feature","geometry":{"type":"Point","coordinates":[14.047433,51.2284548]},"properties":{"maxweight":"3"}},{"type":"Feature","geometry":{"type":"Point","coordinates":[14.0551087,51.2237608]},"properties":{"hgv":"no"}},{"type":"Feature","geometry":{"type":"Point","coordinates":[14.6273184,51.723471]},"properties":{"hgv":"no"}},{"type":"Feature","geometry":{"type":"Point","coordinates":[14.6331869,51.7265942]},"properties":{"hgv":"no"}},{"type":"Feature","geometry":{"type":"Point","coordinates":[14.0892566,51.293043]},"properties":{"maxheight":"4"}},{"type":"Feature","geometry":{"type":"Point","coordinates":[14.1301978,51.2217265]},"properties":{"hgv":"delivery"}},{"type":"Feature","geometry":{"type":"Point","coordinates":[14.0237823,51.6843271]},"properties":{"maxwidth":"2.2"}},{"type":"Feature","geometry":{"type":"Point","coordinates":[14.3338204,51.763676]},"properties":{"maxheight":"4"}},{"type":"Feature","geometry":{"type":"Point","coordinates":[14.0229047,51.8125998]},"properties":{"maxheight":"default"}},{"type":"Feature","geometry":{"type":"Point","coordinates":[14.1989423,51.2326254]},"properties":{"hgv":"no"}},{"type":"Feature","geometry":{"type":"Point","coordinates":[14.1875153,51.1340096]},"properties":{"hgv":"destination"}},{"type":"Feature","geometry":{"type":"Point","coordinates":[14.4141548,51.1851388]},"properties":{"hgv":"no"}},{"type":"Feature","geometry":{"type":"Point","coordinates":[14.2210427,51.0625272]},"properties":{"maxweight":"30"}},{"type":"Feature","geometry":{"type":"Point","coordinates":[14.4206938,51.1840741]},"properties":{"maxweight":"3.5"}},{"type":"Feature","geometry":{"type":"Point","coordinates":[14.1276567,51.1609692]},"properties":{"maxheight":"3.5"}},{"type":"Feature","geometry":{"type":"Point","coordinates":[14.785883,51.3031235]},"properties":{"maxweight":"3.5"}},{"type":"Feature","geometry":{"type":"Point","coordinates":[14.7984373,51.295879]},"properties":{"maxweight":"3.5"}},{"type":"Feature","geometry":{"type":"Point","coordinates":[14.6497093,51.9657538]},"properties":{"maxheight":"3.0"}},{"type":"Feature","geometry":{"type":"Point","coordinates":[14.6472896,51.9684912]},"properties":{"maxheight":"3.0"}},{"type":"Feature","geometry":{"type":"Point","coordinates":[14.6471711,51.9696928]},"properties":{"maxheight":"3.0"}},{"type":"Feature","geometry":{"type":"Point","coordinates":[14.0884047,51.0377025]},"properties":{"hgv":"no"}},{"type":"Feature","geometry":{"type":"Point","coordinates":[14.0891772,51.0370718]},"properties":{"hgv":"no"}},{"type":"Feature","geometry":{"type":"Point","coordinates":[14.2458105,51.34797]},"properties":{"maxweight":"7.5"}},{"type":"Feature","geometry":{"type":"Point","coordinates":[14.237196,51.3277177]},"properties":{"maxweight":"7.5"}},{"type":"Feature","geometry":{"type":"Point","coordinates":[14.1209863,51.8704439]},"properties":{"maxwidth":"1.9","maxlength":"9.5"}},{"type":"Feature","geometry":{"type":"Point","coordinates":[14.1196554,51.870226]},"properties":{"maxwidth":"1.9","maxlength":"9.5"}},{"type":"Feature","geometry":{"type":"Point","coordinates":[14.3344294,51.7333482]},"properties":{"maxweight":"12"}},{"type":"Feature","geometry":{"type":"Point","coordinates":[14.3365934,51.7322158]},"properties":{"maxweight":"12"}},{"type":"Feature","geometry":{"type":"Point","coordinates":[14.3361726,51.732417]},"properties":{"maxweight":"12"}},{"type":"Feature","geometry":{"type":"Point","coordinates":[14.3386583,51.7315923]},"properties":{"maxweight":"12"}},{"type":"Feature","geometry":{"type":"Point","coordinates":[14.8230538,51.2923078]},"properties":{"maxweight":"3.5"}},{"type":"Feature","geometry":{"type":"Point","coordinates":[14.8232965,51.2927279]},"properties":{"maxweight":"3.5"}},{"type":"Feature","geometry":{"type":"Point","coordinates":[14.9240607,51.1415036]},"properties":{"maxweight":"16"}},{"type":"Feature","geometry":{"type":"Point","coordinates":[14.6171469,51.5870338]},"properties":{"hgv":"delivery"}},{"type":"Feature","geometry":{"type":"Point","coordinates":[14.587102,51.7681071]},"properties":{"hgv":"no"}},{"type":"Feature","geometry":{"type":"Point","coordinates":[14.985056,51.157266]},"properties":{"maxheight":"3.1"}},{"type":"Feature","geometry":{"type":"Point","coordinates":[14.9850729,51.1572208]},"properties":{"maxheight":"3.1"}},{"type":"Feature","geometry":{"type":"Point","coordinates":[14.9812911,51.1472383]},"properties":{"maxheight":"3.6"}},{"type":"Feature","geometry":{"type":"Point","coordinates":[14.2096328,51.0225277]},"properties":{"maxheight":"4"}},{"type":"Feature","geometry":{"type":"Point","coordinates":[14.4099675,51.1861604]},"properties":{"hgv":"no"}}]}