{"type":"FeatureCollection","features":[{"type":"Feature","geometry":{"type":"Point","coordinates":[6.9285517,50.9167865]},"properties":{"maxheight":"default"}},{"type":"Feature","geometry":{"type":"Point","coordinates":[6.9243731,50.9376918]},"properties":{"maxwidth":"3.4"}},{"type":"Feature","geometry":{"type":"Point","coordinates":[6.0875403,50.9180265]},"properties":{"maxwidth":"1"}},{"type":"Feature","geometry":{"type":"Point","coordinates":[6.9221473,50.9555155]},"properties":{"maxheight":"default"}},{"type":"Feature","geometry":{"type":"Point","coordinates":[6.9227162,50.9560892]},"properties":{"maxheight":"default"}},{"type":"Feature","geometry":{"type":"Point","coordinates":[6.927672,50.9506373]},"properties":{"maxheight":"default"}},{"type":"Feature","geometry":{"type":"Point","coordinates":[6.9255966,50.9516369]},"properties":{"maxheight":"default"}},{"type":"Feature","geometry":{"type":"Point","coordinates":[6.9167471,50.9501734]},"properties":{"maxheight":"below_default"}},{"type":"Feature","geometry":{"type":"Point","coordinates":[6.9085958,50.9370997]},"properties":{"maxheight":"default"}},{"type":"Feature","geometry":{"type":"Point","coordinates":[6.9085283,50.9369111]},"properties":{"maxheight":"default"}},{"type":"Feature","geometry":{"type":"Point","coordinates":[6.9128211,50.9368541]},"properties":{"maxheight":"default"}},{"type":"Feature","geometry":{"type":"Point","coordinates":[6.0403868,50.7729735]},"properties":{"maxheight":"2"}},{"type":"Feature","geometry":{"type":"Point","coordinates":[6.0848937,50.7781456]},"properties":{"maxheight":"1.8"}},{"type":"Feature","geometry":{"type":"Point","coordinates":[6.0905162,50.7757476]},"properties":{"maxheight":"1.9"}},{"type":"Feature","geometry":{"type":"Point","coordinates":[6.1587567,50.7729512]},"properties":{"maxwidth":"2.2"}},{"type":"Feature","geometry":{"type":"Point","coordinates":[6.0687669,50.8469008]},"properties":{"maxwidth":"3.9"}},{"type":"Feature","geometry":{"type":"Point","coordinates":[6.9226675,50.9561488]},"properties":{"maxwidth":"0.8"}},{"type":"Feature","geometry":{"type":"Point","coordinates":[6.9225827,50.956067]},"properties":{"maxwidth":"0.8"}},{"type":"Feature","geometry":{"type":"Point","coordinates":[6.1451414,50.8599338]},"properties":{"maxwidth":"0.75 m"}},{"type":"Feature","geometry":{"type":"Point","coordinates":[6.9003817,50.9371847]},"properties":{"maxheight":"default"}},{"type":"Feature","geometry":{"type":"Point","coordinates":[6.0738418,50.7693513]},"properties":{"maxweight":"0.675"}},{"type":"Feature","geometry":{"type":"Point","coordinates":[6.0740669,50.7693944]},"properties":{"maxweight":"0.675"}},{"type":"Feature","geometry":{"type":"Point","coordinates":[6.1217429,50.8863489]},"properties":{"maxheight":"2.2"}},{"type":"Feature","geometry":{"type":"Point","coordinates":[6.8801242,50.9464726]},"properties":{"maxheight":"3.8"}},{"type":"Feature","geometry":{"type":"Point","coordinates":[6.9181356,50.9916172]},"properties":{"maxwidth":"3.30"}},{"type":"Feature","geometry":{"type":"Point","coordinates":[6.9180756,50.9917762]},"properties":{"maxwidth":"4.5"}},{"type":"Feature","geometry":{"type":"Point","coordinates":[6.9176475,50.9915465]},"properties":{"maxwidth":"4.0"}},{"type":"Feature","geometry":{"type":"Point","coordinates":[6.9999493,50.9148704]},"properties":{"maxheight":"3.3"}},{"type":"Feature","geometry":{"type":"Point","coordinates":[6.951117,50.9350465]},"properties":{"maxheight":"1.9"}},{"type":"Feature","geometry":{"type":"Point","coordinates":[6.0049066,50.9919483]},"properties":{"hgv":"no"}},{"type":"Feature","geometry":{"type":"Point","coordinates":[6.1568901,50.8717216]},"properties":{"maxheight":"2.1"}},{"type":"Feature","geometry":{"type":"Point","coordinates":[6.8029105,50.9084998]},"properties":{"maxheight":"4"}},{"type":"Feature","geometry":{"type":"Point","coordinates":[6.9416586,50.9293038]},"properties":{"maxheight":"default"}},{"type":"Feature","geometry":{"type":"Point","coordinates":[6.6273263,50.5846141]},"properties":{"maxwidth":"1"}},{"type":"Feature","geometry":{"type":"Point","coordinates":[6.4695616,50.8278911]},"properties":{"maxwidth":"2"}},{"type":"Feature","geometry":{"type":"Point","coordinates":[6.4717193,50.8251857]},"properties":{"maxwidth":"1.5"}},{"type":"Feature","geometry":{"type":"Point","coordinates":[6.7108418,50.9923929]},"properties":{"maxwidth":"7"}},{"type":"Feature","geometry":{"type":"Point","coordinates":[6.100711,50.9359336]},"properties":{"maxheight":"4"}},{"type":"Feature","geometry":{"type":"Point","coordinates":[6.0804808,50.7731045]},"properties":{"maxheight":"1.9"}},{"type":"Feature","geometry":{"type":"Point","coordinates":[6.8736021,50.9376028]},"properties":{"maxheight":"default"}},{"type":"Feature","geometry":{"type":"Point","coordinates":[6.8737813,50.9375999]},"properties":{"maxheight":"below_default"}},{"type":"Feature","geometry":{"type":"Point","coordinates":[6.875585,50.9376258]},"properties":{"maxheight":"below_default"}},{"type":"Feature","geometry":{"type":"Point","coordinates":[6.9182836,50.8298869]},"properties":{"maxheight":"2.9"}},{"type":"Feature","geometry":{"type":"Point","coordinates":[6.1498835,50.8542124]},"properties":{"maxwidth":"1 m"}},{"type":"Feature","geometry":{"type":"Point","coordinates":[6.1517774,50.8563547]},"properties":{"maxwidth":"1 m"}},{"type":"Feature","geometry":{"type":"Point","coordinates":[6.1474742,50.8548769]},"properties":{"maxwidth":"0.74 m"}},{"type":"Feature","geometry":{"type":"Point","coordinates":[6.1570797,50.7193036]},"properties":{"maxwidth":"3.0"}},{"type":"Feature","geometry":{"type":"Point","coordinates":[6.8930212,50.7309378]},"properties":{"maxwidth":"1"}},{"type":"Feature","geometry":{"type":"Point","coordinates":[6.7763173,50.9367245]},"properties":{"hgv":"no"}},{"type":"Feature","geometry":{"type":"Point","coordinates":[6.6059816,50.9096442]},"properties":{"maxheight":"3","maxwidth":"8"}},{"type":"Feature","geometry":{"type":"Point","coordinates":[6.9693151,50.9743839]},"properties":{"maxheight":"4.5"}},{"type":"Feature","geometry":{"type":"Point","coordinates":[6.8164461,50.1887213]},"properties":{"maxwidth":"1"}},{"type":"Feature","geometry":{"type":"Point","coordinates":[6.8059763,50.1952926]},"properties":{"maxwidth":"1"}},{"type":"Feature","geometry":{"type":"Point","coordinates":[6.8042126,50.667115]},"properties":{"maxwidth":"1"}},{"type":"Feature","geometry":{"type":"Point","coordinates":[6.8371734,50.0996062]},"properties":{"hgv":"no"}},{"type":"Feature","geometry":{"type":"Point","coordinates":[6.8294315,50.1966374]},"properties":{"maxheight":"2.1"}},{"type":"Feature","geometry":{"type":"Point","coordinates":[6.0950946,50.8723548]},"properties":{"maxheight":"2.1"}},{"type":"Feature","geometry":{"type":"Point","coordinates":[6.0952645,50.8714267]},"properties":{"maxheight":"2.1"}},{"type":"Feature","geometry":{"type":"Point","coordinates":[6.916582,50.917995]},"properties":{"maxheight":"default"}},{"type":"Feature","geometry":{"type":"Point","coordinates":[6.9122706,50.9238077]},"properties":{"maxheight":"default"}},{"type":"Feature","geometry":{"type":"Point","coordinates":[6.9570216,50.9388161]},"properties":{"maxheight":"1.9"}},{"type":"Feature","geometry":{"type":"Point","coordinates":[6.9189207,50.9523587]},"properties":{"maxheight":"default"}},{"type":"Feature","geometry":{"type":"Point","coordinates":[6.9230787,50.7919413]},"properties":{"maxwidth":"1"}},{"type":"Feature","geometry":{"type":"Point","coordinates":[6.9227998,50.7918582]},"properties":{"maxwidth":"1"}},{"type":"Feature","geometry":{"type":"Point","coordinates":[6.9387815,50.9170371]},"properties":{"maxheight":"2.05"}},{"type":"Feature","geometry":{"type":"Point","coordinates":[6.1203132,50.7716861]},"properties":{"maxheight":"2"}},{"type":"Feature","geometry":{"type":"Point","coordinates":[6.1204015,50.77163]},"properties":{"maxheight":"2"}},{"type":"Feature","geometry":{"type":"Point","coordinates":[6.1196833,50.7714181]},"properties":{"maxheight":"2"}},{"type":"Feature","geometry":{"type":"Point","coordinates":[6.423529,50.4544805]},"properties":{"maxheight":"12"}},{"type":"Feature","geometry":{"type":"Point","coordinates":[6.9633017,50.8270205]},"properties":{"maxwidth":"1"}},{"type":"Feature","geometry":{"type":"Point","coordinates":[6.9189647,50.9076295]},"properties":{"maxheight":"default"}},{"type":"Feature","geometry":{"type":"Point","coordinates":[6.7245036,50.6125694]},"properties":{"maxwidth":"1"}},{"type":"Feature","geometry":{"type":"Point","coordinates":[6.9610068,50.9398355]},"properties":{"maxheight":"1.90"}},{"type":"Feature","geometry":{"type":"Point","coordinates":[6.9612401,50.9364081]},"properties":{"maxheight":"1.9"}},{"type":"Feature","geometry":{"type":"Point","coordinates":[6.9515891,50.9401623]},"properties":{"maxheight":"1.95"}},{"type":"Feature","geometry":{"type":"Point","coordinates":[6.9534702,50.941629]},"properties":{"maxheight":"2"}},{"type":"Feature","geometry":{"type":"Point","coordinates":[6.9523148,50.9387609]},"properties":{"maxheight":"2.2"}},{"type":"Feature","geometry":{"type":"Point","coordinates":[6.9523012,50.9386688]},"properties":{"maxheight":"2.2"}},{"type":"Feature","geometry":{"type":"Point","coordinates":[6.9478474,50.9384998]},"properties":{"maxheight":"1.7"}},{"type":"Feature","geometry":{"type":"Point","coordinates":[6.9093537,50.7092585]},"properties":{"maxwidth":"1.25"}},{"type":"Feature","geometry":{"type":"Point","coordinates":[6.0911104,50.7680402]},"properties":{"maxweight":"0.675"}},{"type":"Feature","geometry":{"type":"Point","coordinates":[6.0912221,50.7678383]},"properties":{"maxweight":"1.05"}},{"type":"Feature","geometry":{"type":"Point","coordinates":[6.0913403,50.7676296]},"properties":{"maxweight":"1.05"}},{"type":"Feature","geometry":{"type":"Point","coordinates":[6.0914004,50.7675157]},"properties":{"maxweight":"1.05"}},{"type":"Feature","geometry":{"type":"Point","coordinates":[6.9916199,50.8883823]},"properties":{"maxheight":"default"}},{"type":"Feature","geometry":{"type":"Point","coordinates":[6.7839141,50.6692165]},"properties":{"maxheight":"2.4"}},{"type":"Feature","geometry":{"type":"Point","coordinates":[6.967066,50.9234539]},"properties":{"maxheight":"1.9"}},{"type":"Feature","geometry":{"type":"Point","coordinates":[6.9164098,50.9548361]},"properties":{"maxheight":"2"}},{"type":"Feature","geometry":{"type":"Point","coordinates":[6.4233076,50.4546003]},"properties":{"maxheight":"12"}},{"type":"Feature","geometry":{"type":"Point","coordinates":[6.9469857,50.9378187]},"properties":{"maxheight":"2.4"}},{"type":"Feature","geometry":{"type":"Point","coordinates":[6.8238795,50.2139787]},"properties":{"maxwidth":"3"}},{"type":"Feature","geometry":{"type":"Point","coordinates":[6.978913,50.9395987]},"properties":{"maxheight":"4.1"}},{"type":"Feature","geometry":{"type":"Point","coordinates":[6.9787999,50.9394781]},"properties":{"maxheight":"4.1"}},{"type":"Feature","geometry":{"type":"Point","coordinates":[6.8388534,50.7638156]},"properties":{"maxwidth":"5"}},{"type":"Feature","geometry":{"type":"Point","coordinates":[6.5873921,50.8107636]},"properties":{"maxheight":"2.2"}},{"type":"Feature","geometry":{"type":"Point","coordinates":[6.9946024,50.9395249]},"properties":{"maxheight":"2.3"}},{"type":"Feature","geometry":{"type":"Point","coordinates":[6.3853782,50.6271769]},"properties":{"maxwidth":"1.2"}},{"type":"Feature","geometry":{"type":"Point","coordinates":[6.9511814,50.8281653]},"properties":{"maxwidth":"1"}},{"type":"Feature","geometry":{"type":"Point","coordinates":[6.0798287,50.9851118]},"properties":{"maxweight":"1.5"}},{"type":"Feature","geometry":{"type":"Point","coordinates":[6.6178088,50.554394]},"properties":{"maxwidth":"5"}},{"type":"Feature","geometry":{"type":"Point","coordinates":[6.9952715,50.8133499]},"properties":{"maxwidth":"1.25"}},{"type":"Feature","geometry":{"type":"Point","coordinates":[6.9659857,50.8310492]},"properties":{"maxwidth":"1"}},{"type":"Feature","geometry":{"type":"Point","coordinates":[6.7948328,50.2487034]},"properties":{"hgv":"destination"}},{"type":"Feature","geometry":{"type":"Point","coordinates":[6.7935665,50.2498212]},"properties":{"hgv":"destination"}},{"type":"Feature","geometry":{"type":"Point","coordinates":[6.6682268,50.2954678]},"properties":{"maxheight":"4"}},{"type":"Feature","geometry":{"type":"Point","coordinates":[6.8890571,50.9377427]},"properties":{"hgv":"no"}},{"type":"Feature","geometry":{"type":"Point","coordinates":[6.943377,50.9211928]},"properties":{"maxwidth":"6.5"}},{"type":"Feature","geometry":{"type":"Point","coordinates":[6.0936709,50.7757426]},"properties":{"maxheight":"1.9"}},{"type":"Feature","geometry":{"type":"Point","coordinates":[6.9559164,50.9247134]},"properties":{"maxwidth":"3"}},{"type":"Feature","geometry":{"type":"Point","coordinates":[6.9915982,50.8126954]},"properties":{"maxwidth":"1"}},{"type":"Feature","geometry":{"type":"Point","coordinates":[6.9830399,50.8243728]},"properties":{"maxheight":"1.95"}},{"type":"Feature","geometry":{"type":"Point","coordinates":[6.9752674,50.9571189]},"properties":{"maxheight":"2"}},{"type":"Feature","geometry":{"type":"Point","coordinates":[6.9677301,50.9629764]},"properties":{"maxheight":"2"}},{"type":"Feature","geometry":{"type":"Point","coordinates":[6.9785261,50.9698233]},"properties":{"maxheight":"1.8"}},{"type":"Feature","geometry":{"type":"Point","coordinates":[6.9705355,50.9160864]},"properties":{"maxheight":"default"}},{"type":"Feature","geometry":{"type":"Point","coordinates":[6.9915631,50.8136547]},"properties":{"maxwidth":"1"}},{"type":"Feature","geometry":{"type":"Point","coordinates":[6.9574817,50.9371946]},"properties":{"maxheight":"1.8"}},{"type":"Feature","geometry":{"type":"Point","coordinates":[6.9576254,50.9383761]},"properties":{"maxheight":"1.9"}},{"type":"Feature","geometry":{"type":"Point","coordinates":[6.94508,50.9127755]},"properties":{"maxheight":"2"}},{"type":"Feature","geometry":{"type":"Point","coordinates":[6.9192613,50.9471126]},"properties":{"maxheight":"below_default"}},{"type":"Feature","geometry":{"type":"Point","coordinates":[6.8104862,50.1979121]},"properties":{"goods":"delivery"}},{"type":"Feature","geometry":{"type":"Point","coordinates":[6.9198082,50.9479489]},"properties":{"maxheight":"1.9"}},{"type":"Feature","geometry":{"type":"Point","coordinates":[6.9657058,50.9251302]},"properties":{"maxheight":"1.9"}},{"type":"Feature","geometry":{"type":"Point","coordinates":[6.9631427,50.9305274]},"properties":{"maxheight":"1.9"}},{"type":"Feature","geometry":{"type":"Point","coordinates":[6.9184491,50.9467116]},"properties":{"maxheight":"2"}},{"type":"Feature","geometry":{"type":"Point","coordinates":[6.9186479,50.9466314]},"properties":{"maxheight":"2"}},{"type":"Feature","geometry":{"type":"Point","coordinates":[6.9187722,50.9473913]},"properties":{"maxheight":"2"}},{"type":"Feature","geometry":{"type":"Point","coordinates":[6.8339018,50.2067014]},"properties":{"maxwidth":"6"}},{"type":"Feature","geometry":{"type":"Point","coordinates":[6.970135,50.8202995]},"properties":{"maxwidth":"1"}},{"type":"Feature","geometry":{"type":"Point","coordinates":[6.9254446,50.9346054]},"properties":{"maxwidth":"1"}},{"type":"Feature","geometry":{"type":"Point","coordinates":[6.87362,50.9695888]},"properties":{"maxheight":"1.9"}},{"type":"Feature","geometry":{"type":"Point","coordinates":[6.9195994,50.9236774]},"properties":{"maxheight":"2"}},{"type":"Feature","geometry":{"type":"Point","coordinates":[6.9185783,50.9520353]},"properties":{"maxheight":"3.9"}},{"type":"Feature","geometry":{"type":"Point","coordinates":[6.9613182,50.940022]},"properties":{"maxheight":"2"}},{"type":"Feature","geometry":{"type":"Point","coordinates":[6.6684154,50.9734042]},"properties":{"maxwidth":"3"}},{"type":"Feature","geometry":{"type":"Point","coordinates":[6.9425817,50.9249802]},"properties":{"maxheight":"2"}},{"type":"Feature","geometry":{"type":"Point","coordinates":[6.9433689,50.9454122]},"properties":{"maxheight":"1.9"}},{"type":"Feature","geometry":{"type":"Point","coordinates":[6.9419458,50.9277129]},"properties":{"maxheight":"2"}},{"type":"Feature","geometry":{"type":"Point","coordinates":[6.8980778,50.2148835]},"properties":{"hgv":"official","maxweight":"7.5"}},{"type":"Feature","geometry":{"type":"Point","coordinates":[6.806842,50.9086269]},"properties":{"maxheight":"1.8"}},{"type":"Feature","geometry":{"type":"Point","coordinates":[6.1050634,50.7737252]},"properties":{"maxheight":"1.95"}},{"type":"Feature","geometry":{"type":"Point","coordinates":[6.0960982,50.7630255]},"properties":{"maxheight":"2.1"}},{"type":"Feature","geometry":{"type":"Point","coordinates":[6.0916948,50.795089]},"properties":{"maxwidth":"5"}},{"type":"Feature","geometry":{"type":"Point","coordinates":[6.0899465,50.7726193]},"properties":{"maxheight":"1.9"}},{"type":"Feature","geometry":{"type":"Point","coordinates":[6.0818284,50.7732795]},"properties":{"maxheight":"below_default"}},{"type":"Feature","geometry":{"type":"Point","coordinates":[6.9446965,50.9282027]},"properties":{"maxheight":"1.9"}},{"type":"Feature","geometry":{"type":"Point","coordinates":[6.9449521,50.928015]},"properties":{"maxheight":"1.9"}},{"type":"Feature","geometry":{"type":"Point","coordinates":[6.0905831,50.7756616]},"properties":{"maxheight":"1.9"}},{"type":"Feature","geometry":{"type":"Point","coordinates":[6.0902474,50.7729487]},"properties":{"maxheight":"1.9"}},{"type":"Feature","geometry":{"type":"Point","coordinates":[6.0897275,50.7726627]},"properties":{"maxheight":"1.9"}},{"type":"Feature","geometry":{"type":"Point","coordinates":[6.0930298,50.7774039]},"properties":{"maxheight":"2"}},{"type":"Feature","geometry":{"type":"Point","coordinates":[6.0920694,50.7769848]},"properties":{"maxheight":"2"}},{"type":"Feature","geometry":{"type":"Point","coordinates":[6.1095884,50.7656347]},"properties":{"maxheight":"1.9"}},{"type":"Feature","geometry":{"type":"Point","coordinates":[6.9497117,50.934287]},"properties":{"maxheight":"1.9"}},{"type":"Feature","geometry":{"type":"Point","coordinates":[6.0875356,50.7712184]},"properties":{"maxheight":"1.9"}},{"type":"Feature","geometry":{"type":"Point","coordinates":[6.0781548,50.7678244]},"properties":{"maxheight":"2.1"}},{"type":"Feature","geometry":{"type":"Point","coordinates":[6.9148052,50.9445979]},"properties":{"maxheight":"2"}},{"type":"Feature","geometry":{"type":"Point","coordinates":[6.1266911,50.788422]},"properties":{"maxheight":"1.7"}},{"type":"Feature","geometry":{"type":"Point","coordinates":[6.1265215,50.7884695]},"properties":{"maxheight":"1.7"}},{"type":"Feature","geometry":{"type":"Point","coordinates":[6.1278152,50.7883501]},"properties":{"maxheight":"1.7"}},{"type":"Feature","geometry":{"type":"Point","coordinates":[6.1265836,50.788268]},"properties":{"maxheight":"1.7"}},{"type":"Feature","geometry":{"type":"Point","coordinates":[6.1264771,50.788137]},"properties":{"maxheight":"1.7"}},{"type":"Feature","geometry":{"type":"Point","coordinates":[6.0726217,50.7786205]},"properties":{"maxheight":"2"}},{"type":"Feature","geometry":{"type":"Point","coordinates":[6.0726616,50.7785896]},"properties":{"maxheight":"2"}},{"type":"Feature","geometry":{"type":"Point","coordinates":[6.9700761,50.2600631]},"properties":{"maxwidth":"5"}},{"type":"Feature","geometry":{"type":"Point","coordinates":[6.9216262,50.9456508]},"properties":{"maxheight":"2"}},{"type":"Feature","geometry":{"type":"Point","coordinates":[6.9502094,50.9492856]},"properties":{"maxheight":"1.95"}},{"type":"Feature","geometry":{"type":"Point","coordinates":[6.8227911,50.941053]},"properties":{"maxwidth":"1.5"}},{"type":"Feature","geometry":{"type":"Point","coordinates":[6.0998182,50.7744011]},"properties":{"maxheight":"1.95"}},{"type":"Feature","geometry":{"type":"Point","coordinates":[6.5186052,50.8347301]},"properties":{"hgv":"no"}},{"type":"Feature","geometry":{"type":"Point","coordinates":[6.5210996,50.838049]},"properties":{"hgv":"no"}},{"type":"Feature","geometry":{"type":"Point","coordinates":[6.9547628,50.9386402]},"properties":{"maxheight":"2"}},{"type":"Feature","geometry":{"type":"Point","coordinates":[6.9079989,50.9484587]},"properties":{"maxheight":"2.1"}},{"type":"Feature","geometry":{"type":"Point","coordinates":[6.8993989,50.8297606]},"properties":{"maxwidth":"1"}},{"type":"Feature","geometry":{"type":"Point","coordinates":[6.3862391,50.6271727]},"properties":{"maxwidth":"1.2"}},{"type":"Feature","geometry":{"type":"Point","coordinates":[6.3864926,50.6271932]},"properties":{"maxwidth":"1.2"}},{"type":"Feature","geometry":{"type":"Point","coordinates":[6.3896254,50.628188]},"properties":{"maxwidth":"1.2"}},{"type":"Feature","geometry":{"type":"Point","coordinates":[6.9406185,50.9426128]},"properties":{"maxheight":"1.9"}},{"type":"Feature","geometry":{"type":"Point","coordinates":[6.993165,50.8919665]},"properties":{"maxheight":"2"}},{"type":"Feature","geometry":{"type":"Point","coordinates":[6.9840189,50.8218175]},"properties":{"maxheight":"2"}},{"type":"Feature","geometry":{"type":"Point","coordinates":[6.9839376,50.8218115]},"properties":{"maxheight":"2"}},{"type":"Feature","geometry":{"type":"Point","coordinates":[6.9633815,50.8271869]},"properties":{"maxwidth":"1.5"}},{"type":"Feature","geometry":{"type":"Point","coordinates":[6.0974373,50.7536167]},"properties":{"maxheight":"2"}},{"type":"Feature","geometry":{"type":"Point","coordinates":[6.9169189,50.9349854]},"properties":{"maxheight":"1.8"}},{"type":"Feature","geometry":{"type":"Point","coordinates":[6.9275365,50.9157093]},"properties":{"maxheight":"default"}},{"type":"Feature","geometry":{"type":"Point","coordinates":[6.9274704,50.9157514]},"properties":{"maxheight":"default"}},{"type":"Feature","geometry":{"type":"Point","coordinates":[6.8983961,50.8634781]},"properties":{"maxheight":"5.3"}},{"type":"Feature","geometry":{"type":"Point","coordinates":[6.8927107,50.8265397]},"properties":{"maxheight":"1.92"}},{"type":"Feature","geometry":{"type":"Point","coordinates":[6.892672,50.8265401]},"properties":{"maxheight":"1.92"}},{"type":"Feature","geometry":{"type":"Point","coordinates":[6.8927626,50.8264924]},"properties":{"maxheight":"1.98"}},{"type":"Feature","geometry":{"type":"Point","coordinates":[6.3652366,50.6524985]},"properties":{"maxheight":"1.7","maxwidth":"2.0"}},{"type":"Feature","geometry":{"type":"Point","coordinates":[6.978717,50.8482119]},"properties":{"maxheight":"2"}},{"type":"Feature","geometry":{"type":"Point","coordinates":[6.9915905,50.888316]},"properties":{"maxheight":"default"}},{"type":"Feature","geometry":{"type":"Point","coordinates":[6.9905275,50.8904482]},"properties":{"maxheight":"below_default"}},{"type":"Feature","geometry":{"type":"Point","coordinates":[6.9351559,50.9203134]},"properties":{"maxheight":"1.9"}},{"type":"Feature","geometry":{"type":"Point","coordinates":[6.887952,50.8376425]},"properties":{"maxweight":"1.05"}},{"type":"Feature","geometry":{"type":"Point","coordinates":[6.887812,50.8376745]},"properties":{"maxweight":"1"}},{"type":"Feature","geometry":{"type":"Point","coordinates":[6.9889477,50.8043208]},"properties":{"maxwidth":"1"}},{"type":"Feature","geometry":{"type":"Point","coordinates":[6.9450036,50.9371112]},"properties":{"maxheight":"2.1"}},{"type":"Feature","geometry":{"type":"Point","coordinates":[6.1007586,50.9359223]},"properties":{"maxheight":"4"}},{"type":"Feature","geometry":{"type":"Point","coordinates":[6.5957124,50.5605032]},"properties":{"maxheight":"3.0"}},{"type":"Feature","geometry":{"type":"Point","coordinates":[6.961822,50.8262805]},"properties":{"maxwidth":"1"}},{"type":"Feature","geometry":{"type":"Point","coordinates":[6.9468532,50.938779]},"properties":{"maxheight":"3.1"}},{"type":"Feature","geometry":{"type":"Point","coordinates":[6.8820024,50.9204493]},"properties":{"maxwidth":"1"}},{"type":"Feature","geometry":{"type":"Point","coordinates":[6.8819911,50.9205254]},"properties":{"maxwidth":"1"}},{"type":"Feature","geometry":{"type":"Point","coordinates":[6.0592701,50.7695927]},"properties":{"maxweight":"1.3"}},{"type":"Feature","geometry":{"type":"Point","coordinates":[6.9959319,50.8935078]},"properties":{"maxheight":"1.95"}},{"type":"Feature","geometry":{"type":"Point","coordinates":[6.9433978,50.9453861]},"properties":{"maxheight":"1.9"}},{"type":"Feature","geometry":{"type":"Point","coordinates":[6.9438105,50.9389206]},"properties":{"maxheight":"1.8"}},{"type":"Feature","geometry":{"type":"Point","coordinates":[6.9318231,50.1935839]},"properties":{"hgv":"yes"}},{"type":"Feature","geometry":{"type":"Point","coordinates":[6.8362076,50.9381703]},"properties":{"maxheight":"default"}},{"type":"Feature","geometry":{"type":"Point","coordinates":[6.8334417,50.9382622]},"properties":{"maxheight":"default"}},{"type":"Feature","geometry":{"type":"Point","coordinates":[6.8334039,50.9383442]},"properties":{"maxheight":"default"}},{"type":"Feature","geometry":{"type":"Point","coordinates":[6.9287775,50.9446273]},"properties":{"maxheight":"2"}},{"type":"Feature","geometry":{"type":"Point","coordinates":[6.9291093,50.9444384]},"properties":{"maxheight":"1.9"}},{"type":"Feature","geometry":{"type":"Point","coordinates":[6.8755779,50.937562]},"properties":{"maxheight":"below_default"}},{"type":"Feature","geometry":{"type":"Point","coordinates":[6.8759058,50.9374249]},"properties":{"maxheight":"default"}},{"type":"Feature","geometry":{"type":"Point","coordinates":[6.8759804,50.9323639]},"properties":{"maxheight":"2"}},{"type":"Feature","geometry":{"type":"Point","coordinates":[6.8738559,50.9325344]},"properties":{"maxheight":"2"}},{"type":"Feature","geometry":{"type":"Point","coordinates":[6.8986467,50.8144152]},"properties":{"maxheight":"2"}},{"type":"Feature","geometry":{"type":"Point","coordinates":[6.9005004,50.9371819]},"properties":{"maxheight":"default"}},{"type":"Feature","geometry":{"type":"Point","coordinates":[6.0912633,50.781175]},"properties":{"maxheight":"3.2"}},{"type":"Feature","geometry":{"type":"Point","coordinates":[6.6368955,50.9541169]},"properties":{"maxwidth":"1"}},{"type":"Feature","geometry":{"type":"Point","coordinates":[6.9098809,50.9489582]},"properties":{"maxheight":"4"}},{"type":"Feature","geometry":{"type":"Point","coordinates":[6.902977,50.9370954]},"properties":{"maxheight":"default"}},{"type":"Feature","geometry":{"type":"Point","coordinates":[6.9958782,50.8164569]},"properties":{"hgv":"delivery"}},{"type":"Feature","geometry":{"type":"Point","coordinates":[6.8712912,50.9763566]},"properties":{"maxheight":"default"}},{"type":"Feature","geometry":{"type":"Point","coordinates":[6.9875875,50.912574]},"properties":{"maxheight":"below_default"}},{"type":"Feature","geometry":{"type":"Point","coordinates":[6.5584063,50.943156]},"properties":{"maxwidth":"1.5"}},{"type":"Feature","geometry":{"type":"Point","coordinates":[6.5683594,50.9463855]},"properties":{"maxwidth":"1.0"}},{"type":"Feature","geometry":{"type":"Point","coordinates":[6.3591301,50.923842]},"properties":{"maxheight":"1.95"}},{"type":"Feature","geometry":{"type":"Point","coordinates":[6.4933943,50.7839444]},"properties":{"maxwidth":"1.5"}},{"type":"Feature","geometry":{"type":"Point","coordinates":[6.959603,50.9403916]},"properties":{"maxheight":"1.90"}},{"type":"Feature","geometry":{"type":"Point","coordinates":[6.8447987,50.1098134]},"properties":{"hgv":"no"}},{"type":"Feature","geometry":{"type":"Point","coordinates":[6.94516,50.9403195]},"properties":{"maxheight":"1.90"}},{"type":"Feature","geometry":{"type":"Point","coordinates":[6.9033546,50.837423]},"properties":{"maxheight":"3.9"}},{"type":"Feature","geometry":{"type":"Point","coordinates":[6.0376494,50.7724153]},"properties":{"maxheight":"2"}},{"type":"Feature","geometry":{"type":"Point","coordinates":[6.0376395,50.7725398]},"properties":{"maxheight":"2"}},{"type":"Feature","geometry":{"type":"Point","coordinates":[6.03859,50.7739908]},"properties":{"maxheight":"2"}},{"type":"Feature","geometry":{"type":"Point","coordinates":[6.036927,50.7739821]},"properties":{"maxheight":"2"}},{"type":"Feature","geometry":{"type":"Point","coordinates":[6.0363708,50.7738585]},"properties":{"maxheight":"2"}},{"type":"Feature","geometry":{"type":"Point","coordinates":[6.0379972,50.7739909]},"properties":{"maxheight":"2"}},{"type":"Feature","geometry":{"type":"Point","coordinates":[6.0374554,50.7739812]},"properties":{"maxheight":"2"}},{"type":"Feature","geometry":{"type":"Point","coordinates":[6.9310622,50.9487658]},"properties":{"maxheight":"2"}},{"type":"Feature","geometry":{"type":"Point","coordinates":[6.9531963,50.9322275]},"properties":{"maxheight":"1.8"}},{"type":"Feature","geometry":{"type":"Point","coordinates":[6.0395644,50.7739256]},"properties":{"maxheight":"2"}},{"type":"Feature","geometry":{"type":"Point","coordinates":[6.9705147,50.9161297]},"properties":{"maxheight":"default"}},{"type":"Feature","geometry":{"type":"Point","coordinates":[6.9702878,50.9161604]},"properties":{"maxheight":"default"}},{"type":"Feature","geometry":{"type":"Point","coordinates":[6.9702667,50.9161957]},"properties":{"maxheight":"default"}},{"type":"Feature","geometry":{"type":"Point","coordinates":[6.0769038,50.7601421]},"properties":{"maxheight":"1.95"}},{"type":"Feature","geometry":{"type":"Point","coordinates":[6.9961285,50.8163079]},"properties":{"hgv":"delivery"}},{"type":"Feature","geometry":{"type":"Point","coordinates":[6.8019074,50.908205]},"properties":{"maxheight":"4"}},{"type":"Feature","geometry":{"type":"Point","coordinates":[6.5549345,50.9421132]},"properties":{"maxwidth":"1.5"}},{"type":"Feature","geometry":{"type":"Point","coordinates":[6.065785,50.7676604]},"properties":{"maxheight":"2"}},{"type":"Feature","geometry":{"type":"Point","coordinates":[6.9828074,50.9431532]},"properties":{"maxheight":"2"}},{"type":"Feature","geometry":{"type":"Point","coordinates":[6.9536338,50.9242913]},"properties":{"maxheight":"2"}},{"type":"Feature","geometry":{"type":"Point","coordinates":[6.9985787,50.811881]},"properties":{"hgv":"yes"}},{"type":"Feature","geometry":{"type":"Point","coordinates":[6.0803722,50.7757242]},"properties":{"maxheight":"2"}},{"type":"Feature","geometry":{"type":"Point","coordinates":[6.9416054,50.9293382]},"properties":{"maxheight":"default"}},{"type":"Feature","geometry":{"type":"Point","coordinates":[6.9650559,50.6236344]},"properties":{"hgv":"no"}},{"type":"Feature","geometry":{"type":"Point","coordinates":[6.9652595,50.6214935]},"properties":{"hgv":"no"}},{"type":"Feature","geometry":{"type":"Point","coordinates":[6.965584,50.6222584]},"properties":{"hgv":"no"}},{"type":"Feature","geometry":{"type":"Point","coordinates":[6.8264325,50.215172]},"properties":{"maxwidth":"5"}},{"type":"Feature","geometry":{"type":"Point","coordinates":[6.9118166,50.9442967]},"properties":{"maxheight":"2"}},{"type":"Feature","geometry":{"type":"Point","coordinates":[6.9118749,50.9431541]},"properties":{"maxheight":"1.95"}},{"type":"Feature","geometry":{"type":"Point","coordinates":[6.9118643,50.9436017]},"properties":{"maxheight":"2"}},{"type":"Feature","geometry":{"type":"Point","coordinates":[6.9118351,50.9439394]},"properties":{"maxheight":"2"}},{"type":"Feature","geometry":{"type":"Point","coordinates":[6.9106815,50.9419189]},"properties":{"maxheight":"2"}},{"type":"Feature","geometry":{"type":"Point","coordinates":[6.9105079,50.9421877]},"properties":{"maxheight":"2"}},{"type":"Feature","geometry":{"type":"Point","coordinates":[6.9117682,50.9424368]},"properties":{"maxheight":"2"}},{"type":"Feature","geometry":{"type":"Point","coordinates":[6.9103139,50.9425067]},"properties":{"maxheight":"2"}},{"type":"Feature","geometry":{"type":"Point","coordinates":[6.9118747,50.942793]},"properties":{"maxheight":"2"}},{"type":"Feature","geometry":{"type":"Point","coordinates":[6.9101052,50.9428236]},"properties":{"maxheight":"2"}},{"type":"Feature","geometry":{"type":"Point","coordinates":[6.8123256,50.2221019]},"properties":{"maxwidth":"3"}},{"type":"Feature","geometry":{"type":"Point","coordinates":[6.8085114,50.2262674]},"properties":{"maxwidth":"1.5"}},{"type":"Feature","geometry":{"type":"Point","coordinates":[6.9437227,50.9673865]},"properties":{"maxheight":"2"}},{"type":"Feature","geometry":{"type":"Point","coordinates":[6.9618574,50.9320678]},"properties":{"maxheight":"3.45"}},{"type":"Feature","geometry":{"type":"Point","coordinates":[6.9590316,50.8746448]},"properties":{"maxheight":"1.9"}},{"type":"Feature","geometry":{"type":"Point","coordinates":[6.9611764,50.8759913]},"properties":{"maxheight":"1.9"}},{"type":"Feature","geometry":{"type":"Point","coordinates":[6.8894304,50.8013164]},"properties":{"maxwidth":"4"}},{"type":"Feature","geometry":{"type":"Point","coordinates":[6.8916746,50.9832489]},"properties":{"maxheight":"4"}},{"type":"Feature","geometry":{"type":"Point","coordinates":[6.8887362,50.9840575]},"properties":{"maxheight":"2"}},{"type":"Feature","geometry":{"type":"Point","coordinates":[6.9850986,50.9380503]},"properties":{"maxheight":"4.1"}},{"type":"Feature","geometry":{"type":"Point","coordinates":[6.9852184,50.9380381]},"properties":{"maxheight":"4.1"}},{"type":"Feature","geometry":{"type":"Point","coordinates":[6.9402277,50.9317218]},"properties":{"maxheight":"2.1"}},{"type":"Feature","geometry":{"type":"Point","coordinates":[6.9423396,50.9277182]},"properties":{"maxheight":"2"}},{"type":"Feature","geometry":{"type":"Point","coordinates":[6.8662117,50.926571]},"properties":{"maxheight":"1.9"}},{"type":"Feature","geometry":{"type":"Point","coordinates":[6.8667254,50.9766273]},"properties":{"maxwidth":"3.9"}},{"type":"Feature","geometry":{"type":"Point","coordinates":[6.8524783,50.9380082]},"properties":{"maxheight":"default"}},{"type":"Feature","geometry":{"type":"Point","coordinates":[6.8951987,50.9372839]},"properties":{"maxheight":"default"}},{"type":"Feature","geometry":{"type":"Point","coordinates":[6.895062,50.9372863]},"properties":{"maxheight":"default"}},{"type":"Feature","geometry":{"type":"Point","coordinates":[6.9979117,50.9393752]},"properties":{"maxheight":"default"}},{"type":"Feature","geometry":{"type":"Point","coordinates":[6.3803094,50.6065165]},"properties":{"maxheight":"2.2"}},{"type":"Feature","geometry":{"type":"Point","coordinates":[6.6859756,50.9614262]},"properties":{"maxwidth":"4"}},{"type":"Feature","geometry":{"type":"Point","coordinates":[6.9566193,50.9012843]},"properties":{"maxheight":"below_default"}},{"type":"Feature","geometry":{"type":"Point","coordinates":[6.7444524,50.6041579]},"properties":{"maxwidth":"5"}},{"type":"Feature","geometry":{"type":"Point","coordinates":[6.7442128,50.6042788]},"properties":{"maxwidth":"5"}},{"type":"Feature","geometry":{"type":"Point","coordinates":[6.9559507,50.9325118]},"properties":{"maxheight":"2"}},{"type":"Feature","geometry":{"type":"Point","coordinates":[6.8917057,50.983278]},"properties":{"maxheight":"4"}},{"type":"Feature","geometry":{"type":"Point","coordinates":[6.9695059,50.6276423]},"properties":{"maxheight":"2.6"}},{"type":"Feature","geometry":{"type":"Point","coordinates":[6.9186071,50.9520079]},"properties":{"maxheight":"3.9"}},{"type":"Feature","geometry":{"type":"Point","coordinates":[6.9209844,50.9141769]},"properties":{"maxheight":"default"}},{"type":"Feature","geometry":{"type":"Point","coordinates":[6.9165475,50.9179741]},"properties":{"maxheight":"default"}},{"type":"Feature","geometry":{"type":"Point","coordinates":[6.9084872,50.9369135]},"properties":{"maxheight":"default"}},{"type":"Feature","geometry":{"type":"Point","coordinates":[6.9085435,50.9371024]},"properties":{"maxheight":"default"}},{"type":"Feature","geometry":{"type":"Point","coordinates":[6.9107903,50.9396369]},"properties":{"maxheight":"default"}},{"type":"Feature","geometry":{"type":"Point","coordinates":[6.9167201,50.9501962]},"properties":{"maxheight":"below_default"}},{"type":"Feature","geometry":{"type":"Point","coordinates":[6.9188989,50.9523917]},"properties":{"maxheight":"default"}},{"type":"Feature","geometry":{"type":"Point","coordinates":[6.9221151,50.9555262]},"properties":{"maxheight":"default"}},{"type":"Feature","geometry":{"type":"Point","coordinates":[6.9226827,50.9561003]},"properties":{"maxheight":"default"}},{"type":"Feature","geometry":{"type":"Point","coordinates":[6.9108132,50.9396036]},"properties":{"maxheight":"default"}},{"type":"Feature","geometry":{"type":"Point","coordinates":[6.9830711,50.9428709]},"properties":{"maxheight":"2.1"}},{"type":"Feature","geometry":{"type":"Point","coordinates":[6.9203165,50.95374]},"properties":{"maxheight":"default"}},{"type":"Feature","geometry":{"type":"Point","coordinates":[6.9202782,50.9537544]},"properties":{"maxheight":"default"}},{"type":"Feature","geometry":{"type":"Point","coordinates":[6.1880625,50.5663839]},"properties":{"maxwidth":"0.8"}},{"type":"Feature","geometry":{"type":"Point","coordinates":[6.6749483,50.8753301]},"properties":{"hgv":"no"}},{"type":"Feature","geometry":{"type":"Point","coordinates":[6.3016721,50.6061628]},"properties":{"maxwidth":"1.0"}},{"type":"Feature","geometry":{"type":"Point","coordinates":[6.9047371,50.8264416]},"properties":{"maxheight":"2.05"}},{"type":"Feature","geometry":{"type":"Point","coordinates":[6.0413412,50.7735977]},"properties":{"maxheight":"2"}},{"type":"Feature","geometry":{"type":"Point","coordinates":[6.9823069,50.8081163]},"properties":{"maxheight":"1.9"}},{"type":"Feature","geometry":{"type":"Point","coordinates":[6.31245,50.5963132]},"properties":{"maxwidth":"2.2"}},{"type":"Feature","geometry":{"type":"Point","coordinates":[6.3205094,50.5945334]},"properties":{"maxwidth":"2.0"}},{"type":"Feature","geometry":{"type":"Point","coordinates":[6.9636718,50.9769323]},"properties":{"maxheight":"2"}},{"type":"Feature","geometry":{"type":"Point","coordinates":[6.9838696,50.9444131]},"properties":{"maxheight":"3.1"}},{"type":"Feature","geometry":{"type":"Point","coordinates":[6.9406452,50.9470546]},"properties":{"maxheight":"1.9"}},{"type":"Feature","geometry":{"type":"Point","coordinates":[6.9128393,50.9472705]},"properties":{"maxwidth":"0.75"}},{"type":"Feature","geometry":{"type":"Point","coordinates":[6.9125125,50.9476282]},"properties":{"maxheight":"below_default"}},{"type":"Feature","geometry":{"type":"Point","coordinates":[6.8780941,50.9382287]},"properties":{"maxheight":"2.8"}},{"type":"Feature","geometry":{"type":"Point","coordinates":[6.9281253,50.9460574]},"properties":{"maxheight":"2"}},{"type":"Feature","geometry":{"type":"Point","coordinates":[6.037197,50.7726445]},"properties":{"maxheight":"2"}},{"type":"Feature","geometry":{"type":"Point","coordinates":[6.0362609,50.7729899]},"properties":{"maxheight":"2"}},{"type":"Feature","geometry":{"type":"Point","coordinates":[6.0354869,50.7734295]},"properties":{"maxheight":"2"}},{"type":"Feature","geometry":{"type":"Point","coordinates":[6.0355249,50.7734543]},"properties":{"maxheight":"2"}},{"type":"Feature","geometry":{"type":"Point","coordinates":[6.9168402,50.9468158]},"properties":{"maxheight":"below_default"}},{"type":"Feature","geometry":{"type":"Point","coordinates":[6.8332686,50.9382817]},"properties":{"maxheight":"default"}},{"type":"Feature","geometry":{"type":"Point","coordinates":[6.8332292,50.9383517]},"properties":{"maxheight":"default"}},{"type":"Feature","geometry":{"type":"Point","coordinates":[6.9779608,50.9371732]},"properties":{"maxheight":"4.1"}},{"type":"Feature","geometry":{"type":"Point","coordinates":[6.9780901,50.9371833]},"properties":{"maxheight":"4.1"}},{"type":"Feature","geometry":{"type":"Point","coordinates":[6.9781333,50.9371612]},"properties":{"maxheight":"4.1"}},{"type":"Feature","geometry":{"type":"Point","coordinates":[6.9782167,50.9371837]},"properties":{"maxheight":"4.1"}},{"type":"Feature","geometry":{"type":"Point","coordinates":[6.9780997,50.9372544]},"properties":{"maxheight":"4.1"}},{"type":"Feature","geometry":{"type":"Point","coordinates":[6.9122315,50.9237905]},"properties":{"maxheight":"default"}},{"type":"Feature","geometry":{"type":"Point","coordinates":[6.9539389,50.9302498]},"properties":{"maxheight":"1.9"}},{"type":"Feature","geometry":{"type":"Point","coordinates":[6.0611862,50.7712389]},"properties":{"maxheight":"1.95"}},{"type":"Feature","geometry":{"type":"Point","coordinates":[6.9286126,50.9167635]},"properties":{"maxheight":"default"}},{"type":"Feature","geometry":{"type":"Point","coordinates":[6.9924568,50.940254]},"properties":{"maxheight":"2"}},{"type":"Feature","geometry":{"type":"Point","coordinates":[6.9426468,50.9407746]},"properties":{"maxheight":"3.50"}},{"type":"Feature","geometry":{"type":"Point","coordinates":[6.9409012,50.9415008]},"properties":{"maxheight":"2"}},{"type":"Feature","geometry":{"type":"Point","coordinates":[6.4809303,50.8006183]},"properties":{"maxwidth":"0.75"}},{"type":"Feature","geometry":{"type":"Point","coordinates":[6.4810171,50.8006775]},"properties":{"maxwidth":"1"}},{"type":"Feature","geometry":{"type":"Point","coordinates":[6.9699997,50.9124743]},"properties":{"maxheight":"2.1"}},{"type":"Feature","geometry":{"type":"Point","coordinates":[6.9225586,50.9479354]},"properties":{"maxheight":"below_default"}},{"type":"Feature","geometry":{"type":"Point","coordinates":[6.971503,50.9075328]},"properties":{"maxheight":"2.3"}},{"type":"Feature","geometry":{"type":"Point","coordinates":[6.9710887,50.9084568]},"properties":{"maxheight":"3.4"}},{"type":"Feature","geometry":{"type":"Point","coordinates":[6.970441,50.9087426]},"properties":{"maxheight":"1.9"}},{"type":"Feature","geometry":{"type":"Point","coordinates":[6.9958798,50.9381943]},"properties":{"maxheight":"2.1"}},{"type":"Feature","geometry":{"type":"Point","coordinates":[6.470922,50.8106957]},"properties":{"maxheight":"1.5"}},{"type":"Feature","geometry":{"type":"Point","coordinates":[6.9039843,50.9573748]},"properties":{"maxheight":"2"}},{"type":"Feature","geometry":{"type":"Point","coordinates":[6.9187283,50.9459798]},"properties":{"maxheight":"below_default"}},{"type":"Feature","geometry":{"type":"Point","coordinates":[6.9618553,50.9305469]},"properties":{"maxheight":"2"}},{"type":"Feature","geometry":{"type":"Point","coordinates":[6.8504942,50.1789056]},"properties":{"maxwidth":"1"}},{"type":"Feature","geometry":{"type":"Point","coordinates":[6.0945317,50.8706547]},"properties":{"maxweight":"1"}},{"type":"Feature","geometry":{"type":"Point","coordinates":[6.094286,50.8706776]},"properties":{"maxweight":"1"}},{"type":"Feature","geometry":{"type":"Point","coordinates":[6.0942371,50.7744343]},"properties":{"maxheight":"4"}},{"type":"Feature","geometry":{"type":"Point","coordinates":[6.9525627,50.3462142]},"properties":{"maxwidth":"1.5"}},{"type":"Feature","geometry":{"type":"Point","coordinates":[6.973551,50.9375286]},"properties":{"maxheight":"1.95"}},{"type":"Feature","geometry":{"type":"Point","coordinates":[6.9205131,50.9442968]},"properties":{"maxheight":"below_default"}},{"type":"Feature","geometry":{"type":"Point","coordinates":[6.9696251,50.9407704]},"properties":{"maxheight":"1.9"}},{"type":"Feature","geometry":{"type":"Point","coordinates":[6.9465068,50.9605129]},"properties":{"maxheight":"below_default"}},{"type":"Feature","geometry":{"type":"Point","coordinates":[6.9531353,50.3457526]},"properties":{"maxwidth":"1.5"}},{"type":"Feature","geometry":{"type":"Point","coordinates":[6.7624855,50.5552468]},"properties":{"hgv":"yes"}},{"type":"Feature","geometry":{"type":"Point","coordinates":[6.7953759,50.6061659]},"properties":{"maxwidth":"1"}},{"type":"Feature","geometry":{"type":"Point","coordinates":[6.9692574,50.9743803]},"properties":{"maxheight":"4.5"}},{"type":"Feature","geometry":{"type":"Point","coordinates":[6.0949915,50.7920879]},"properties":{"maxheight":"2.2"}},{"type":"Feature","geometry":{"type":"Point","coordinates":[6.1286929,50.8200164]},"properties":{"maxheight":"2"}},{"type":"Feature","geometry":{"type":"Point","coordinates":[6.9482293,50.9802271]},"properties":{"maxheight":"default"}},{"type":"Feature","geometry":{"type":"Point","coordinates":[6.9191515,50.9141356]},"properties":{"maxwidth":"1.5"}},{"type":"Feature","geometry":{"type":"Point","coordinates":[6.9415964,50.9292641]},"properties":{"maxheight":"default"}},{"type":"Feature","geometry":{"type":"Point","coordinates":[6.9415268,50.9293219]},"properties":{"maxheight":"default"}},{"type":"Feature","geometry":{"type":"Point","coordinates":[6.9700921,50.9400202]},"properties":{"maxheight":"2"}},{"type":"Feature","geometry":{"type":"Point","coordinates":[6.9776172,50.939153]},"properties":{"maxheight":"2"}},{"type":"Feature","geometry":{"type":"Point","coordinates":[6.4649173,50.5187354]},"properties":{"maxwidth":"6"}},{"type":"Feature","geometry":{"type":"Point","coordinates":[6.4662303,50.5182344]},"properties":{"maxwidth":"3"}},{"type":"Feature","geometry":{"type":"Point","coordinates":[6.9120853,50.9572714]},"properties":{"maxheight":"2.05"}},{"type":"Feature","geometry":{"type":"Point","coordinates":[6.0902729,50.7734228]},"properties":{"maxheight":"1.9"}},{"type":"Feature","geometry":{"type":"Point","coordinates":[6.0902069,50.7734348]},"properties":{"maxheight":"1.9"}},{"type":"Feature","geometry":{"type":"Point","coordinates":[6.9568924,50.9261064]},"properties":{"maxheight":"2"}},{"type":"Feature","geometry":{"type":"Point","coordinates":[6.989008,50.8151242]},"properties":{"maxwidth":"1.5"}},{"type":"Feature","geometry":{"type":"Point","coordinates":[6.9111889,50.9449129]},"properties":{"maxheight":"2"}},{"type":"Feature","geometry":{"type":"Point","coordinates":[6.8149753,50.9408494]},"properties":{"maxweight":"1.05"}},{"type":"Feature","geometry":{"type":"Point","coordinates":[6.8198064,50.9385356]},"properties":{"maxheight":"default"}},{"type":"Feature","geometry":{"type":"Point","coordinates":[6.0362928,50.7728108]},"properties":{"maxheight":"2"}},{"type":"Feature","geometry":{"type":"Point","coordinates":[6.8755823,50.9375901]},"properties":{"maxheight":"below_default"}},{"type":"Feature","geometry":{"type":"Point","coordinates":[6.8803032,50.937649]},"properties":{"maxheight":"default"}},{"type":"Feature","geometry":{"type":"Point","coordinates":[6.8801958,50.9376539]},"properties":{"maxheight":"default"}},{"type":"Feature","geometry":{"type":"Point","coordinates":[6.8736042,50.9376342]},"properties":{"maxheight":"default"}},{"type":"Feature","geometry":{"type":"Point","coordinates":[6.8737822,50.9376313]},"properties":{"maxheight":"below_default"}},{"type":"Feature","geometry":{"type":"Point","coordinates":[6.8524687,50.9380397]},"properties":{"maxheight":"default"}},{"type":"Feature","geometry":{"type":"Point","coordinates":[6.8442398,50.9381677]},"properties":{"maxheight":"default"}},{"type":"Feature","geometry":{"type":"Point","coordinates":[6.9030015,50.9371226]},"properties":{"maxheight":"default"}},{"type":"Feature","geometry":{"type":"Point","coordinates":[6.9037389,50.9371089]},"properties":{"maxheight":"below_default"}},{"type":"Feature","geometry":{"type":"Point","coordinates":[6.9003438,50.9372136]},"properties":{"maxheight":"default"}},{"type":"Feature","geometry":{"type":"Point","coordinates":[6.9005259,50.9372089]},"properties":{"maxheight":"default"}},{"type":"Feature","geometry":{"type":"Point","coordinates":[6.8950674,50.9373102]},"properties":{"maxheight":"default"}},{"type":"Feature","geometry":{"type":"Point","coordinates":[6.8952127,50.9373108]},"properties":{"maxheight":"default"}},{"type":"Feature","geometry":{"type":"Point","coordinates":[6.8822064,50.9376808]},"properties":{"maxheight":"default"}},{"type":"Feature","geometry":{"type":"Point","coordinates":[6.8821994,50.9377068]},"properties":{"maxheight":"default"}},{"type":"Feature","geometry":{"type":"Point","coordinates":[6.9082936,50.9369212]},"properties":{"maxheight":"default"}},{"type":"Feature","geometry":{"type":"Point","coordinates":[6.9082492,50.9369532]},"properties":{"maxheight":"default"}},{"type":"Feature","geometry":{"type":"Point","coordinates":[6.9082826,50.9370404]},"properties":{"maxheight":"default"}},{"type":"Feature","geometry":{"type":"Point","coordinates":[6.9084855,50.9371053]},"properties":{"maxheight":"default"}},{"type":"Feature","geometry":{"type":"Point","coordinates":[6.9086043,50.9369076]},"properties":{"maxheight":"default"}},{"type":"Feature","geometry":{"type":"Point","coordinates":[6.9086399,50.9369268]},"properties":{"maxheight":"default"}},{"type":"Feature","geometry":{"type":"Point","coordinates":[6.9088559,50.9370903]},"properties":{"maxheight":"default"}},{"type":"Feature","geometry":{"type":"Point","coordinates":[6.9082234,50.9369239]},"properties":{"maxheight":"default"}},{"type":"Feature","geometry":{"type":"Point","coordinates":[6.9082349,50.9369155]},"properties":{"maxheight":"default"}},{"type":"Feature","geometry":{"type":"Point","coordinates":[6.9085231,50.9369116]},"properties":{"maxheight":"default"}},{"type":"Feature","geometry":{"type":"Point","coordinates":[6.9082672,50.9370002]},"properties":{"maxheight":"default"}},{"type":"Feature","geometry":{"type":"Point","coordinates":[6.9082682,50.9370029]},"properties":{"maxheight":"default"}},{"type":"Feature","geometry":{"type":"Point","coordinates":[6.9086652,50.9370099]},"properties":{"maxheight":"default"}},{"type":"Feature","geometry":{"type":"Point","coordinates":[6.9082785,50.9370297]},"properties":{"maxheight":"default"}},{"type":"Feature","geometry":{"type":"Point","coordinates":[6.9087828,50.9370923]},"properties":{"maxheight":"default"}},{"type":"Feature","geometry":{"type":"Point","coordinates":[6.9085649,50.9371013]},"properties":{"maxheight":"default"}},{"type":"Feature","geometry":{"type":"Point","coordinates":[6.9087129,50.9371547]},"properties":{"maxheight":"default"}},{"type":"Feature","geometry":{"type":"Point","coordinates":[6.9087309,50.9372042]},"properties":{"maxheight":"default"}},{"type":"Feature","geometry":{"type":"Point","coordinates":[6.9128056,50.9368826]},"properties":{"maxheight":"default"}},{"type":"Feature","geometry":{"type":"Point","coordinates":[6.837165,50.0932154]},"properties":{"hgv":"no"}},{"type":"Feature","geometry":{"type":"Point","coordinates":[6.9977825,50.8111813]},"properties":{"hgv":"no"}},{"type":"Feature","geometry":{"type":"Point","coordinates":[6.8018815,50.9082311]},"properties":{"maxheight":"4"}},{"type":"Feature","geometry":{"type":"Point","coordinates":[6.8028761,50.9085242]},"properties":{"maxheight":"4"}},{"type":"Feature","geometry":{"type":"Point","coordinates":[6.9528406,50.9339573]},"properties":{"maxheight":"2"}},{"type":"Feature","geometry":{"type":"Point","coordinates":[6.3375585,50.5493889]},"properties":{"maxheight":"572"}},{"type":"Feature","geometry":{"type":"Point","coordinates":[6.3876075,50.6274276]},"properties":{"maxwidth":"1.5"}},{"type":"Feature","geometry":{"type":"Point","coordinates":[6.8369266,50.9382927]},"properties":{"maxheight":"default"}},{"type":"Feature","geometry":{"type":"Point","coordinates":[6.8369336,50.9382275]},"properties":{"maxheight":"default"}},{"type":"Feature","geometry":{"type":"Point","coordinates":[6.0892584,50.7680157]},"properties":{"maxheight":"1.9"}},{"type":"Feature","geometry":{"type":"Point","coordinates":[6.9648487,50.6796612]},"properties":{"maxwidth":"3"}},{"type":"Feature","geometry":{"type":"Point","coordinates":[6.9525947,50.9491255]},"properties":{"maxweight":"0.63"}},{"type":"Feature","geometry":{"type":"Point","coordinates":[6.9192739,50.9527303]},"properties":{"maxheight":"default"}},{"type":"Feature","geometry":{"type":"Point","coordinates":[6.0417945,50.7735041]},"properties":{"maxheight":"2"}},{"type":"Feature","geometry":{"type":"Point","coordinates":[6.9791127,50.7998679]},"properties":{"maxwidth":"1"}},{"type":"Feature","geometry":{"type":"Point","coordinates":[6.8163288,50.9161058]},"properties":{"maxheight":"below_default"}},{"type":"Feature","geometry":{"type":"Point","coordinates":[6.9373684,50.9533088]},"properties":{"maxheight":"1.85"}},{"type":"Feature","geometry":{"type":"Point","coordinates":[6.9854074,50.8236507]},"properties":{"maxheight":"1.9"}},{"type":"Feature","geometry":{"type":"Point","coordinates":[6.9938409,50.8136088]},"properties":{"maxwidth":"2.5"}},{"type":"Feature","geometry":{"type":"Point","coordinates":[6.9946405,50.8134144]},"properties":{"maxwidth":"1"}},{"type":"Feature","geometry":{"type":"Point","coordinates":[6.1477245,50.8559999]},"properties":{"maxwidth":"2.5 m"}},{"type":"Feature","geometry":{"type":"Point","coordinates":[6.1476891,50.8560235]},"properties":{"maxwidth":"1 m"}},{"type":"Feature","geometry":{"type":"Point","coordinates":[6.1478138,50.8575901]},"properties":{"maxwidth":"2.5 m"}},{"type":"Feature","geometry":{"type":"Point","coordinates":[6.9116141,50.947536]},"properties":{"maxheight":"below_default"}},{"type":"Feature","geometry":{"type":"Point","coordinates":[6.9580853,50.9432399]},"properties":{"maxweight":"1.4"}},{"type":"Feature","geometry":{"type":"Point","coordinates":[6.9585662,50.9434381]},"properties":{"maxweight":"1.4"}},{"type":"Feature","geometry":{"type":"Point","coordinates":[6.9588035,50.9435372]},"properties":{"maxweight":"1.4"}},{"type":"Feature","geometry":{"type":"Point","coordinates":[6.9590022,50.9436192]},"properties":{"maxweight":"1.4"}},{"type":"Feature","geometry":{"type":"Point","coordinates":[6.116671,50.7703266]},"properties":{"maxweight":"1"}},{"type":"Feature","geometry":{"type":"Point","coordinates":[6.9452764,50.9835805]},"properties":{"maxheight":"below_default"}},{"type":"Feature","geometry":{"type":"Point","coordinates":[6.836724,50.9369236]},"properties":{"maxheight":"2"}},{"type":"Feature","geometry":{"type":"Point","coordinates":[6.8368343,50.6147632]},"properties":{"maxheight":"1"}},{"type":"Feature","geometry":{"type":"Point","coordinates":[6.8355785,50.6163292]},"properties":{"maxheight":"1"}},{"type":"Feature","geometry":{"type":"Point","coordinates":[6.7709997,50.6708121]},"properties":{"maxheight":"2","maxwidth":"3"}},{"type":"Feature","geometry":{"type":"Point","coordinates":[6.8229824,50.6811249]},"properties":{"maxheight":"2","maxwidth":"1"}},{"type":"Feature","geometry":{"type":"Point","coordinates":[6.8170789,50.6541737]},"properties":{"maxheight":"1.5","maxwidth":"1"}},{"type":"Feature","geometry":{"type":"Point","coordinates":[6.9697244,50.9129022]},"properties":{"maxheight":"2.1"}},{"type":"Feature","geometry":{"type":"Point","coordinates":[6.8714037,50.9763547]},"properties":{"maxheight":"default"}},{"type":"Feature","geometry":{"type":"Point","coordinates":[6.8257725,50.699812]},"properties":{"maxheight":"2","maxwidth":"1"}},{"type":"Feature","geometry":{"type":"Point","coordinates":[6.9256115,50.9515612]},"properties":{"maxheight":"default"}},{"type":"Feature","geometry":{"type":"Point","coordinates":[6.9086551,50.9369784]},"properties":{"maxheight":"default"}},{"type":"Feature","geometry":{"type":"Point","coordinates":[6.9086556,50.9369803]},"properties":{"maxheight":"default"}},{"type":"Feature","geometry":{"type":"Point","coordinates":[6.9185428,50.9519987]},"properties":{"maxheight":"3.9"}},{"type":"Feature","geometry":{"type":"Point","coordinates":[6.9276449,50.9506154]},"properties":{"maxheight":"default"}},{"type":"Feature","geometry":{"type":"Point","coordinates":[6.8442128,50.9381971]},"properties":{"maxheight":"default"}},{"type":"Feature","geometry":{"type":"Point","coordinates":[6.799191,50.9059229]},"properties":{"maxheight":"4"}},{"type":"Feature","geometry":{"type":"Point","coordinates":[6.9780481,50.9369987]},"properties":{"maxheight":"4.1"}},{"type":"Feature","geometry":{"type":"Point","coordinates":[6.978753,50.9394844]},"properties":{"maxheight":"4.1"}},{"type":"Feature","geometry":{"type":"Point","coordinates":[6.9788648,50.9396049]},"properties":{"maxheight":"4.1"}},{"type":"Feature","geometry":{"type":"Point","coordinates":[6.7864767,50.6596555]},"properties":{"maxheight":"2.1"}},{"type":"Feature","geometry":{"type":"Point","coordinates":[6.353931,50.6669071]},"properties":{"maxlength":"8"}},{"type":"Feature","geometry":{"type":"Point","coordinates":[6.994988,50.9407301]},"properties":{"maxheight":"1.9"}},{"type":"Feature","geometry":{"type":"Point","coordinates":[6.9322649,50.9267447]},"properties":{"maxweight":"1.3"}},{"type":"Feature","geometry":{"type":"Point","coordinates":[6.9266939,50.9453077]},"properties":{"maxheight":"2"}},{"type":"Feature","geometry":{"type":"Point","coordinates":[6.0927494,50.7805172]},"properties":{"maxheight":"1.9"}},{"type":"Feature","geometry":{"type":"Point","coordinates":[6.0928197,50.7804854]},"properties":{"maxheight":"1.9"}},{"type":"Feature","geometry":{"type":"Point","coordinates":[6.8981413,50.7380897]},"properties":{"maxwidth":"1"}},{"type":"Feature","geometry":{"type":"Point","coordinates":[6.9925141,50.8211075]},"properties":{"maxwidth":"1"}},{"type":"Feature","geometry":{"type":"Point","coordinates":[6.9566732,50.9241941]},"properties":{"maxheight":"2.5","maxwidth":"4"}},{"type":"Feature","geometry":{"type":"Point","coordinates":[6.9583365,50.9433423]},"properties":{"maxweight":"1.4"}},{"type":"Feature","geometry":{"type":"Point","coordinates":[6.4796229,50.8058716]},"properties":{"maxheight":"2.1"}},{"type":"Feature","geometry":{"type":"Point","coordinates":[6.9638928,50.9649191]},"properties":{"maxheight":"below_default"}},{"type":"Feature","geometry":{"type":"Point","coordinates":[6.9306488,50.9222218]},"properties":{"maxheight":"below_default"}},{"type":"Feature","geometry":{"type":"Point","coordinates":[6.7136999,50.9161811]},"properties":{"maxweight":"1"}},{"type":"Feature","geometry":{"type":"Point","coordinates":[6.713511,50.9162573]},"properties":{"maxweight":"1"}},{"type":"Feature","geometry":{"type":"Point","coordinates":[6.9139723,50.9461712]},"properties":{"maxheight":"below_default"}},{"type":"Feature","geometry":{"type":"Point","coordinates":[6.9413448,50.9685431]},"properties":{"maxweight":"0.63"}},{"type":"Feature","geometry":{"type":"Point","coordinates":[6.7895394,50.6585292]},"properties":{"maxheight":"2.1"}},{"type":"Feature","geometry":{"type":"Point","coordinates":[6.7895911,50.658564]},"properties":{"maxheight":"2.1"}},{"type":"Feature","geometry":{"type":"Point","coordinates":[6.9682914,50.7956602]},"properties":{"maxwidth":"1"}},{"type":"Feature","geometry":{"type":"Point","coordinates":[6.7869287,50.6619623]},"properties":{"maxheight":"2.02"}},{"type":"Feature","geometry":{"type":"Point","coordinates":[6.7980003,50.2279272]},"properties":{"maxwidth":"1.5"}},{"type":"Feature","geometry":{"type":"Point","coordinates":[6.8035657,50.2321811]},"properties":{"maxwidth":"1.5"}},{"type":"Feature","geometry":{"type":"Point","coordinates":[6.8026466,50.2290744]},"properties":{"maxwidth":"3"}},{"type":"Feature","geometry":{"type":"Point","coordinates":[6.8034364,50.230217]},"properties":{"maxwidth":"5"}},{"type":"Feature","geometry":{"type":"Point","coordinates":[6.225503,50.2039091]},"properties":{"maxwidth":"1"}},{"type":"Feature","geometry":{"type":"Point","coordinates":[6.825892,50.181521]},"properties":{"maxwidth":"1"}},{"type":"Feature","geometry":{"type":"Point","coordinates":[6.8046356,50.2270628]},"properties":{"maxwidth":"6"}},{"type":"Feature","geometry":{"type":"Point","coordinates":[6.8170048,50.2210523]},"properties":{"maxwidth":"3"}},{"type":"Feature","geometry":{"type":"Point","coordinates":[6.8044899,50.2269897]},"properties":{"maxwidth":"4"}},{"type":"Feature","geometry":{"type":"Point","coordinates":[6.8278155,50.2045548]},"properties":{"maxwidth":"3"}},{"type":"Feature","geometry":{"type":"Point","coordinates":[6.8276547,50.2053935]},"properties":{"maxwidth":"4"}},{"type":"Feature","geometry":{"type":"Point","coordinates":[6.9575458,50.825878]},"properties":{"maxwidth":"3"}},{"type":"Feature","geometry":{"type":"Point","coordinates":[6.8223152,50.2160361]},"properties":{"maxwidth":"4"}},{"type":"Feature","geometry":{"type":"Point","coordinates":[6.9664697,50.8110026]},"properties":{"maxheight":"below_default"}},{"type":"Feature","geometry":{"type":"Point","coordinates":[6.945597,50.938547]},"properties":{"maxheight":"1.8"}},{"type":"Feature","geometry":{"type":"Point","coordinates":[6.9879941,50.9439552]},"properties":{"maxheight":"4"}},{"type":"Feature","geometry":{"type":"Point","coordinates":[6.8003037,50.2224841]},"properties":{"maxwidth":"5"}},{"type":"Feature","geometry":{"type":"Point","coordinates":[6.8175686,50.2187755]},"properties":{"maxwidth":"4"}},{"type":"Feature","geometry":{"type":"Point","coordinates":[6.8028558,50.2165662]},"properties":{"maxwidth":"3"}},{"type":"Feature","geometry":{"type":"Point","coordinates":[6.9623595,50.9446071]},"properties":{"maxheight":"2"}},{"type":"Feature","geometry":{"type":"Point","coordinates":[6.9783714,50.8179252]},"properties":{"maxwidth":"1"}},{"type":"Feature","geometry":{"type":"Point","coordinates":[6.9783219,50.8179497]},"properties":{"maxwidth":"1"}},{"type":"Feature","geometry":{"type":"Point","coordinates":[6.0921879,50.7609323]},"properties":{"maxheight":"1.9"}},{"type":"Feature","geometry":{"type":"Point","coordinates":[6.9094322,50.9430009]},"properties":{"maxheight":"2.1"}},{"type":"Feature","geometry":{"type":"Point","coordinates":[6.976993,50.9410692]},"properties":{"maxweight":"0.63"}},{"type":"Feature","geometry":{"type":"Point","coordinates":[6.9484523,50.6266021]},"properties":{"maxheight":"1.8"}},{"type":"Feature","geometry":{"type":"Point","coordinates":[6.9483986,50.6266178]},"properties":{"maxheight":"1.8"}},{"type":"Feature","geometry":{"type":"Point","coordinates":[6.041598,50.7704931]},"properties":{"maxheight":"2"}},{"type":"Feature","geometry":{"type":"Point","coordinates":[6.998454,50.799345]},"properties":{"maxwidth":"7"}},{"type":"Feature","geometry":{"type":"Point","coordinates":[6.997534,50.8005672]},"properties":{"maxwidth":"7"}},{"type":"Feature","geometry":{"type":"Point","coordinates":[6.0959149,50.7938465]},"properties":{"maxheight":"2.2"}},{"type":"Feature","geometry":{"type":"Point","coordinates":[6.9570885,50.9388182]},"properties":{"maxheight":"1.9"}},{"type":"Feature","geometry":{"type":"Point","coordinates":[6.9393756,50.9270237]},"properties":{"maxheight":"default"}},{"type":"Feature","geometry":{"type":"Point","coordinates":[6.9844274,50.8057004]},"properties":{"maxwidth":"1"}},{"type":"Feature","geometry":{"type":"Point","coordinates":[6.9854796,50.8052111]},"properties":{"maxwidth":"1"}},{"type":"Feature","geometry":{"type":"Point","coordinates":[6.9898825,50.7621757]},"properties":{"maxwidth":"2.5"}},{"type":"Feature","geometry":{"type":"Point","coordinates":[6.9902052,50.7620391]},"properties":{"maxwidth":"2.5"}},{"type":"Feature","geometry":{"type":"Point","coordinates":[6.9157744,50.9514635]},"properties":{"maxweight":"1.05"}},{"type":"Feature","geometry":{"type":"Point","coordinates":[6.9158045,50.9513437]},"properties":{"maxweight":"1"}},{"type":"Feature","geometry":{"type":"Point","coordinates":[6.9976695,50.9355369]},"properties":{"maxweight":"0.725"}},{"type":"Feature","geometry":{"type":"Point","coordinates":[6.9416273,50.9584816]},"properties":{"maxweight":"0.63"}},{"type":"Feature","geometry":{"type":"Point","coordinates":[6.8880848,50.9483789]},"properties":{"maxweight":"1.05"}},{"type":"Feature","geometry":{"type":"Point","coordinates":[6.8345413,50.9428834]},"properties":{"maxweight":"1.05"}},{"type":"Feature","geometry":{"type":"Point","coordinates":[6.9127296,50.9468745]},"properties":{"maxheight":"below_default"}},{"type":"Feature","geometry":{"type":"Point","coordinates":[6.9125393,50.9464069]},"properties":{"maxheight":"below_default"}},{"type":"Feature","geometry":{"type":"Point","coordinates":[6.9578627,50.8043864]},"properties":{"maxwidth":"1"}},{"type":"Feature","geometry":{"type":"Point","coordinates":[6.6859151,50.6321824]},"properties":{"maxwidth":"1"}},{"type":"Feature","geometry":{"type":"Point","coordinates":[6.986361,50.9419025]},"properties":{"maxheight":"4","maxwidth":"12"}},{"type":"Feature","geometry":{"type":"Point","coordinates":[6.9852771,50.8253917]},"properties":{"maxwidth":"1"}},{"type":"Feature","geometry":{"type":"Point","coordinates":[6.7838517,50.229353]},"properties":{"maxwidth":"4"}},{"type":"Feature","geometry":{"type":"Point","coordinates":[6.8491077,50.7489757]},"properties":{"maxwidth":"1"}},{"type":"Feature","geometry":{"type":"Point","coordinates":[6.2180361,50.7941566]},"properties":{"maxheight":"2.1"}},{"type":"Feature","geometry":{"type":"Point","coordinates":[6.93934,50.9270421]},"properties":{"maxheight":"default"}},{"type":"Feature","geometry":{"type":"Point","coordinates":[6.8721642,50.6522886]},"properties":{"maxwidth":"1"}},{"type":"Feature","geometry":{"type":"Point","coordinates":[6.8740095,50.651287]},"properties":{"maxwidth":"1.25"}},{"type":"Feature","geometry":{"type":"Point","coordinates":[6.8745084,50.6511424]},"properties":{"maxwidth":"1.25"}},{"type":"Feature","geometry":{"type":"Point","coordinates":[6.8718168,50.6513601]},"properties":{"maxwidth":"1.25"}},{"type":"Feature","geometry":{"type":"Point","coordinates":[6.9600157,50.9438834]},"properties":{"maxheight":"2.1"}},{"type":"Feature","geometry":{"type":"Point","coordinates":[6.940902,50.8292111]},"properties":{"maxwidth":"1"}},{"type":"Feature","geometry":{"type":"Point","coordinates":[6.790904,50.6584087]},"properties":{"maxheight":"2"}},{"type":"Feature","geometry":{"type":"Point","coordinates":[6.979111,50.799859]},"properties":{"maxwidth":"1"}},{"type":"Feature","geometry":{"type":"Point","coordinates":[6.9467971,50.8303852]},"properties":{"maxwidth":"1"}},{"type":"Feature","geometry":{"type":"Point","coordinates":[6.5814441,50.3445077]},"properties":{"maxweight":"1.05"}},{"type":"Feature","geometry":{"type":"Point","coordinates":[6.9551108,50.9377366]},"properties":{"maxheight":"2"}},{"type":"Feature","geometry":{"type":"Point","coordinates":[6.9505664,50.9491183]},"properties":{"maxheight":"1.9"}},{"type":"Feature","geometry":{"type":"Point","coordinates":[6.9606997,50.9669142]},"properties":{"maxheight":"2"}},{"type":"Feature","geometry":{"type":"Point","coordinates":[6.0934987,50.7713225]},"properties":{"maxheight":"1.8"}},{"type":"Feature","geometry":{"type":"Point","coordinates":[6.0936911,50.7712508]},"properties":{"maxheight":"1.8"}},{"type":"Feature","geometry":{"type":"Point","coordinates":[6.9857093,50.9436886]},"properties":{"maxheight":"2"}},{"type":"Feature","geometry":{"type":"Point","coordinates":[6.9865985,50.9438156]},"properties":{"maxheight":"2"}},{"type":"Feature","geometry":{"type":"Point","coordinates":[6.8702608,50.9806034]},"properties":{"maxwidth":"1"}},{"type":"Feature","geometry":{"type":"Point","coordinates":[6.7835757,50.6598207]},"properties":{"maxheight":"2"}},{"type":"Feature","geometry":{"type":"Point","coordinates":[6.9442084,50.9397316]},"properties":{"maxheight":"1.8"}},{"type":"Feature","geometry":{"type":"Point","coordinates":[6.7798827,50.8479218]},"properties":{"maxheight":"1.85"}},{"type":"Feature","geometry":{"type":"Point","coordinates":[6.9773301,50.9624121]},"properties":{"maxwidth":"4"}},{"type":"Feature","geometry":{"type":"Point","coordinates":[6.9774117,50.9623281]},"properties":{"maxwidth":"4"}},{"type":"Feature","geometry":{"type":"Point","coordinates":[6.992106,50.8053462]},"properties":{"maxwidth":"1"}},{"type":"Feature","geometry":{"type":"Point","coordinates":[6.7973173,50.6152517]},"properties":{"maxwidth":"1"}},{"type":"Feature","geometry":{"type":"Point","coordinates":[6.9921001,50.8049995]},"properties":{"maxwidth":"1"}},{"type":"Feature","geometry":{"type":"Point","coordinates":[6.8029714,50.6677482]},"properties":{"maxwidth":"1"}},{"type":"Feature","geometry":{"type":"Point","coordinates":[6.8029466,50.6677664]},"properties":{"maxwidth":"1"}},{"type":"Feature","geometry":{"type":"Point","coordinates":[6.8029242,50.667785]},"properties":{"maxwidth":"1"}},{"type":"Feature","geometry":{"type":"Point","coordinates":[6.8029038,50.6677995]},"properties":{"maxwidth":"1"}},{"type":"Feature","geometry":{"type":"Point","coordinates":[6.8028891,50.6678198]},"properties":{"maxwidth":"1"}},{"type":"Feature","geometry":{"type":"Point","coordinates":[6.8029538,50.6684498]},"properties":{"maxwidth":"1"}},{"type":"Feature","geometry":{"type":"Point","coordinates":[6.9445851,50.2223369]},"properties":{"maxwidth":"3"}},{"type":"Feature","geometry":{"type":"Point","coordinates":[6.9747398,50.8118616]},"properties":{"maxwidth":"3"}},{"type":"Feature","geometry":{"type":"Point","coordinates":[6.821834,50.2011956]},"properties":{"maxwidth":"1.5"}},{"type":"Feature","geometry":{"type":"Point","coordinates":[6.8183171,50.625932]},"properties":{"maxwidth":"4"}},{"type":"Feature","geometry":{"type":"Point","coordinates":[6.8180605,50.6261946]},"properties":{"maxwidth":"4.3"}},{"type":"Feature","geometry":{"type":"Point","coordinates":[6.4699352,50.8108611]},"properties":{"maxheight":"1.8"}},{"type":"Feature","geometry":{"type":"Point","coordinates":[6.8370741,50.6451792]},"properties":{"maxwidth":"1"}},{"type":"Feature","geometry":{"type":"Point","coordinates":[6.6213088,50.6999531]},"properties":{"maxwidth":"1"}},{"type":"Feature","geometry":{"type":"Point","coordinates":[6.8661298,50.9811271]},"properties":{"maxwidth":"1"}},{"type":"Feature","geometry":{"type":"Point","coordinates":[6.9785714,50.8296668]},"properties":{"maxwidth":"1"}},{"type":"Feature","geometry":{"type":"Point","coordinates":[6.6514664,50.4363828]},"properties":{"hgv":"no"}},{"type":"Feature","geometry":{"type":"Point","coordinates":[6.9883639,50.8038708]},"properties":{"maxwidth":"1"}},{"type":"Feature","geometry":{"type":"Point","coordinates":[6.9868031,50.8144788]},"properties":{"maxwidth":"1"}},{"type":"Feature","geometry":{"type":"Point","coordinates":[6.830523,50.78506]},"properties":{"maxwidth":"4"}},{"type":"Feature","geometry":{"type":"Point","coordinates":[6.9550484,50.9434412]},"properties":{"maxheight":"4.1"}},{"type":"Feature","geometry":{"type":"Point","coordinates":[6.9138762,50.9478087]},"properties":{"maxheight":"2"}},{"type":"Feature","geometry":{"type":"Point","coordinates":[6.8164606,50.804161]},"properties":{"maxwidth":"0.8"}},{"type":"Feature","geometry":{"type":"Point","coordinates":[6.8832796,50.8175083]},"properties":{"maxwidth":"1"}},{"type":"Feature","geometry":{"type":"Point","coordinates":[6.9802859,50.8138189]},"properties":{"maxwidth":"1"}},{"type":"Feature","geometry":{"type":"Point","coordinates":[6.9650826,50.8115754]},"properties":{"maxwidth":"1"}},{"type":"Feature","geometry":{"type":"Point","coordinates":[6.9736214,50.8109229]},"properties":{"maxwidth":"1"}},{"type":"Feature","geometry":{"type":"Point","coordinates":[6.843948,50.981173]},"properties":{"maxheight":"2.8"}},{"type":"Feature","geometry":{"type":"Point","coordinates":[6.8356131,50.9848331]},"properties":{"maxheight":"2.0"}},{"type":"Feature","geometry":{"type":"Point","coordinates":[6.8358246,50.9847346]},"properties":{"maxheight":"2.0"}},{"type":"Feature","geometry":{"type":"Point","coordinates":[6.8770671,50.9413867]},"properties":{"maxheight":"1.75"}},{"type":"Feature","geometry":{"type":"Point","coordinates":[6.7850175,50.9702007]},"properties":{"maxwidth":"1.5"}},{"type":"Feature","geometry":{"type":"Point","coordinates":[6.9236223,50.9377226]},"properties":{"maxwidth":"5.8"}},{"type":"Feature","geometry":{"type":"Point","coordinates":[6.9147513,50.8319473]},"properties":{"maxheight":"2"}},{"type":"Feature","geometry":{"type":"Point","coordinates":[6.9938571,50.9401346]},"properties":{"maxheight":"2"}},{"type":"Feature","geometry":{"type":"Point","coordinates":[6.9945465,50.9400066]},"properties":{"maxheight":"2"}},{"type":"Feature","geometry":{"type":"Point","coordinates":[6.9805752,50.8276201]},"properties":{"maxwidth":"6"}},{"type":"Feature","geometry":{"type":"Point","coordinates":[6.9180354,50.9514293]},"properties":{"maxheight":"3.9"}},{"type":"Feature","geometry":{"type":"Point","coordinates":[6.9180078,50.9514554]},"properties":{"maxheight":"3.9"}},{"type":"Feature","geometry":{"type":"Point","coordinates":[6.8281538,50.6938322]},"properties":{"hgv":"yes"}},{"type":"Feature","geometry":{"type":"Point","coordinates":[6.7901022,50.6622696]},"properties":{"maxheight":"2"}},{"type":"Feature","geometry":{"type":"Point","coordinates":[6.7902919,50.6617991]},"properties":{"maxheight":"2"}},{"type":"Feature","geometry":{"type":"Point","coordinates":[6.786207,50.6593486]},"properties":{"maxheight":"2"}},{"type":"Feature","geometry":{"type":"Point","coordinates":[6.7859895,50.6593909]},"properties":{"maxheight":"2"}},{"type":"Feature","geometry":{"type":"Point","coordinates":[6.7911493,50.6581493]},"properties":{"maxheight":"2"}},{"type":"Feature","geometry":{"type":"Point","coordinates":[6.8790558,50.9411017]},"properties":{"maxheight":"below_default"}},{"type":"Feature","geometry":{"type":"Point","coordinates":[6.823901,50.8155942]},"properties":{"maxwidth":"1"}},{"type":"Feature","geometry":{"type":"Point","coordinates":[6.8301702,50.811489]},"properties":{"maxwidth":"1"}},{"type":"Feature","geometry":{"type":"Point","coordinates":[6.5447241,50.3399588]},"properties":{"maxwidth":"1"}},{"type":"Feature","geometry":{"type":"Point","coordinates":[6.9542221,50.9300483]},"properties":{"maxheight":"2"}},{"type":"Feature","geometry":{"type":"Point","coordinates":[6.9544748,50.9303513]},"properties":{"maxheight":"2"}},{"type":"Feature","geometry":{"type":"Point","coordinates":[6.9374049,50.8355898]},"properties":{"maxwidth":"3"}},{"type":"Feature","geometry":{"type":"Point","coordinates":[6.8042292,50.6671261]},"properties":{"maxwidth":"1"}},{"type":"Feature","geometry":{"type":"Point","coordinates":[6.9253209,50.953168]},"properties":{"maxheight":"2"}},{"type":"Feature","geometry":{"type":"Point","coordinates":[6.2180909,50.7941785]},"properties":{"maxheight":"2.1"}},{"type":"Feature","geometry":{"type":"Point","coordinates":[6.969617,50.9376026]},"properties":{"maxheight":"1.95"}},{"type":"Feature","geometry":{"type":"Point","coordinates":[6.9724426,50.9127148]},"properties":{"maxheight":"2.05"}},{"type":"Feature","geometry":{"type":"Point","coordinates":[6.9917558,50.813593]},"properties":{"maxwidth":"1"}},{"type":"Feature","geometry":{"type":"Point","coordinates":[6.9015981,50.9383622]},"properties":{"maxheight":"1.8"}},{"type":"Feature","geometry":{"type":"Point","coordinates":[6.9425971,50.9458087]},"properties":{"maxheight":"2"}},{"type":"Feature","geometry":{"type":"Point","coordinates":[6.9713965,50.9114473]},"properties":{"maxheight":"2.1"}},{"type":"Feature","geometry":{"type":"Point","coordinates":[6.9713622,50.9117145]},"properties":{"maxwidth":"1.4"}},{"type":"Feature","geometry":{"type":"Point","coordinates":[6.9720175,50.9128753]},"properties":{"maxwidth":"1.3"}},{"type":"Feature","geometry":{"type":"Point","coordinates":[6.9577807,50.9204182]},"properties":{"maxheight":"1.9"}},{"type":"Feature","geometry":{"type":"Point","coordinates":[6.940366,50.8350664]},"properties":{"maxwidth":"1"}},{"type":"Feature","geometry":{"type":"Point","coordinates":[6.9650705,50.9045442]},"properties":{"maxheight":"3.2"}},{"type":"Feature","geometry":{"type":"Point","coordinates":[6.9739741,50.9076631]},"properties":{"maxheight":"2"}},{"type":"Feature","geometry":{"type":"Point","coordinates":[6.9647764,50.9182556]},"properties":{"maxwidth":"5"}},{"type":"Feature","geometry":{"type":"Point","coordinates":[6.9649919,50.9182757]},"properties":{"maxwidth":"5"}},{"type":"Feature","geometry":{"type":"Point","coordinates":[6.9145147,50.9448251]},"properties":{"maxwidth":"1.2"}},{"type":"Feature","geometry":{"type":"Point","coordinates":[6.913666,50.9452748]},"properties":{"maxwidth":"1.2"}},{"type":"Feature","geometry":{"type":"Point","coordinates":[6.9210152,50.9142063]},"properties":{"maxheight":"default"}},{"type":"Feature","geometry":{"type":"Point","coordinates":[6.8167054,50.8036331]},"properties":{"maxwidth":"0.8"}},{"type":"Feature","geometry":{"type":"Point","coordinates":[6.0619845,50.7869853]},"properties":{"maxheight":"2.2"}},{"type":"Feature","geometry":{"type":"Point","coordinates":[6.7092352,50.9935958]},"properties":{"maxwidth":"4"}},{"type":"Feature","geometry":{"type":"Point","coordinates":[6.7110948,50.9916811]},"properties":{"maxwidth":"3"}},{"type":"Feature","geometry":{"type":"Point","coordinates":[6.3965536,50.586231]},"properties":{"maxwidth":"0.75"}},{"type":"Feature","geometry":{"type":"Point","coordinates":[6.8227531,50.9434321]},"properties":{"maxheight":"1.9"}},{"type":"Feature","geometry":{"type":"Point","coordinates":[6.8344713,50.935805]},"properties":{"maxheight":"2.1"}},{"type":"Feature","geometry":{"type":"Point","coordinates":[6.0951146,50.7754335]},"properties":{"maxheight":"4"}},{"type":"Feature","geometry":{"type":"Point","coordinates":[6.8464212,50.9803872]},"properties":{"maxheight":"2.25"}},{"type":"Feature","geometry":{"type":"Point","coordinates":[6.9009423,50.9411982]},"properties":{"maxheight":"1.97"}},{"type":"Feature","geometry":{"type":"Point","coordinates":[6.9006961,50.9414465]},"properties":{"maxheight":"below_default"}},{"type":"Feature","geometry":{"type":"Point","coordinates":[6.9015915,50.9404485]},"properties":{"maxheight":"1.92"}},{"type":"Feature","geometry":{"type":"Point","coordinates":[6.0841148,50.7772783]},"properties":{"maxheight":"1.9"}},{"type":"Feature","geometry":{"type":"Point","coordinates":[6.8861707,50.9402064]},"properties":{"maxheight":"2"}},{"type":"Feature","geometry":{"type":"Point","coordinates":[6.8705761,50.9806116]},"properties":{"maxwidth":"1"}},{"type":"Feature","geometry":{"type":"Point","coordinates":[6.885993,50.9403211]},"properties":{"maxheight":"2.1"}},{"type":"Feature","geometry":{"type":"Point","coordinates":[6.8922269,50.9408121]},"properties":{"maxheight":"2"}},{"type":"Feature","geometry":{"type":"Point","coordinates":[6.8881308,50.944946]},"properties":{"maxheight":"2"}},{"type":"Feature","geometry":{"type":"Point","coordinates":[6.9877969,50.936853]},"properties":{"maxheight":"1.95"}},{"type":"Feature","geometry":{"type":"Point","coordinates":[6.990699,50.9372874]},"properties":{"maxheight":"below_default"}},{"type":"Feature","geometry":{"type":"Point","coordinates":[6.9696102,50.8258927]},"properties":{"maxwidth":"1"}},{"type":"Feature","geometry":{"type":"Point","coordinates":[6.875954,50.9994846]},"properties":{"maxheight":"1.95"}},{"type":"Feature","geometry":{"type":"Point","coordinates":[6.86745,50.9825163]},"properties":{"maxheight":"1.85"}},{"type":"Feature","geometry":{"type":"Point","coordinates":[6.9405333,50.9695773]},"properties":{"maxwidth":"3"}},{"type":"Feature","geometry":{"type":"Point","coordinates":[6.9408226,50.9696513]},"properties":{"maxwidth":"3"}},{"type":"Feature","geometry":{"type":"Point","coordinates":[6.9056961,50.9104556]},"properties":{"maxwidth":"0.5"}},{"type":"Feature","geometry":{"type":"Point","coordinates":[6.9051016,50.9106858]},"properties":{"maxwidth":"0.5"}},{"type":"Feature","geometry":{"type":"Point","coordinates":[6.9046235,50.9109194]},"properties":{"maxwidth":"0.5"}},{"type":"Feature","geometry":{"type":"Point","coordinates":[6.9041364,50.9111578]},"properties":{"maxwidth":"1"}},{"type":"Feature","geometry":{"type":"Point","coordinates":[6.9036076,50.9114142]},"properties":{"maxwidth":"0.5"}},{"type":"Feature","geometry":{"type":"Point","coordinates":[6.9031272,50.9116479]},"properties":{"maxwidth":"0.5"}},{"type":"Feature","geometry":{"type":"Point","coordinates":[6.9024757,50.9119718]},"properties":{"maxwidth":"0.5"}},{"type":"Feature","geometry":{"type":"Point","coordinates":[6.9019689,50.9122164]},"properties":{"maxwidth":"1"}},{"type":"Feature","geometry":{"type":"Point","coordinates":[6.901485,50.9124528]},"properties":{"maxwidth":"0.5"}},{"type":"Feature","geometry":{"type":"Point","coordinates":[6.9597374,50.8276787]},"properties":{"maxwidth":"1"}},{"type":"Feature","geometry":{"type":"Point","coordinates":[6.9814534,50.9330497]},"properties":{"maxheight":"2.5"}},{"type":"Feature","geometry":{"type":"Point","coordinates":[6.2181948,50.7945013]},"properties":{"maxweight":"1.05"}},{"type":"Feature","geometry":{"type":"Point","coordinates":[6.2177962,50.7947092]},"properties":{"maxweight":"1.05"}},{"type":"Feature","geometry":{"type":"Point","coordinates":[6.6016527,50.1769187]},"properties":{"maxwidth":"0.8"}},{"type":"Feature","geometry":{"type":"Point","coordinates":[6.1197978,50.7775354]},"properties":{"maxheight":"1.95"}},{"type":"Feature","geometry":{"type":"Point","coordinates":[6.119821,50.7776477]},"properties":{"maxheight":"1.95"}},{"type":"Feature","geometry":{"type":"Point","coordinates":[6.9394065,50.9270562]},"properties":{"maxheight":"default"}},{"type":"Feature","geometry":{"type":"Point","coordinates":[6.9393669,50.9270698]},"properties":{"maxheight":"default"}},{"type":"Feature","geometry":{"type":"Point","coordinates":[6.6444802,50.9499266]},"properties":{"maxwidth":"1.5"}},{"type":"Feature","geometry":{"type":"Point","coordinates":[6.983688,50.81933]},"properties":{"maxwidth":"6"}},{"type":"Feature","geometry":{"type":"Point","coordinates":[6.9794619,50.7996797]},"properties":{"maxwidth":"3"}},{"type":"Feature","geometry":{"type":"Point","coordinates":[6.979018,50.7997975]},"properties":{"maxwidth":"3"}},{"type":"Feature","geometry":{"type":"Point","coordinates":[6.9791338,50.7998561]},"properties":{"maxwidth":"1"}},{"type":"Feature","geometry":{"type":"Point","coordinates":[6.9125398,50.8048367]},"properties":{"maxwidth":"1"}},{"type":"Feature","geometry":{"type":"Point","coordinates":[6.2308299,50.7648561]},"properties":{"maxheight":"2.1"}},{"type":"Feature","geometry":{"type":"Point","coordinates":[6.4159714,50.226249]},"properties":{"maxwidth":"0.8"}},{"type":"Feature","geometry":{"type":"Point","coordinates":[6.8030483,50.6684387]},"properties":{"maxwidth":"1"}},{"type":"Feature","geometry":{"type":"Point","coordinates":[6.8030141,50.6684435]},"properties":{"maxwidth":"1"}},{"type":"Feature","geometry":{"type":"Point","coordinates":[6.8029853,50.6684466]},"properties":{"maxwidth":"1"}},{"type":"Feature","geometry":{"type":"Point","coordinates":[6.8513398,50.9413885]},"properties":{"maxheight":"2"}},{"type":"Feature","geometry":{"type":"Point","coordinates":[6.2512322,50.813598]},"properties":{"maxweight":"1.05"}},{"type":"Feature","geometry":{"type":"Point","coordinates":[6.2513193,50.8137964]},"properties":{"maxweight":"1.05"}},{"type":"Feature","geometry":{"type":"Point","coordinates":[6.6577713,50.5994658]},"properties":{"maxwidth":"1.1"}},{"type":"Feature","geometry":{"type":"Point","coordinates":[6.9163334,50.9358153]},"properties":{"maxheight":"2"}},{"type":"Feature","geometry":{"type":"Point","coordinates":[6.9504002,50.9769524]},"properties":{"maxheight":"2.15"}},{"type":"Feature","geometry":{"type":"Point","coordinates":[6.9072042,50.8744868]},"properties":{"maxheight":"below_default"}},{"type":"Feature","geometry":{"type":"Point","coordinates":[6.9597124,50.8741525]},"properties":{"maxheight":"2"}},{"type":"Feature","geometry":{"type":"Point","coordinates":[6.9817087,50.9330652]},"properties":{"maxheight":"2"}},{"type":"Feature","geometry":{"type":"Point","coordinates":[6.6426621,50.5914597]},"properties":{"maxweight":"1.05"}},{"type":"Feature","geometry":{"type":"Point","coordinates":[6.6426535,50.5913036]},"properties":{"maxweight":"1.05"}},{"type":"Feature","geometry":{"type":"Point","coordinates":[6.6501018,50.5917829]},"properties":{"maxheight":"2"}},{"type":"Feature","geometry":{"type":"Point","coordinates":[6.575328,50.8628217]},"properties":{"maxweight":"1"}},{"type":"Feature","geometry":{"type":"Point","coordinates":[6.9095998,50.9559576]},"properties":{"maxheight":"2"}},{"type":"Feature","geometry":{"type":"Point","coordinates":[6.6423964,50.5911855]},"properties":{"maxweight":"1"}},{"type":"Feature","geometry":{"type":"Point","coordinates":[6.6930581,50.8689266]},"properties":{"maxheight":"2"}},{"type":"Feature","geometry":{"type":"Point","coordinates":[6.9522359,50.9442109]},"properties":{"maxheight":"2.2"}},{"type":"Feature","geometry":{"type":"Point","coordinates":[6.9522779,50.9442497]},"properties":{"maxheight":"2.2"}},{"type":"Feature","geometry":{"type":"Point","coordinates":[6.4529295,50.8507422]},"properties":{"maxheight":"2.8"}},{"type":"Feature","geometry":{"type":"Point","coordinates":[6.1386297,50.7118389]},"properties":{"maxheight":"2.1"}},{"type":"Feature","geometry":{"type":"Point","coordinates":[6.098367,50.7688122]},"properties":{"maxheight":"below_default"}},{"type":"Feature","geometry":{"type":"Point","coordinates":[6.1202625,50.777752]},"properties":{"maxheight":"1.95"}},{"type":"Feature","geometry":{"type":"Point","coordinates":[6.9763456,50.9683727]},"properties":{"maxheight":"2"}},{"type":"Feature","geometry":{"type":"Point","coordinates":[6.5610547,50.9969554]},"properties":{"hgv":"no","maxweight":"7.5"}},{"type":"Feature","geometry":{"type":"Point","coordinates":[6.9442308,50.9423031]},"properties":{"maxheight":"2"}},{"type":"Feature","geometry":{"type":"Point","coordinates":[6.9182311,50.9500183]},"properties":{"maxheight":"below_default"}},{"type":"Feature","geometry":{"type":"Point","coordinates":[6.2398329,50.5571392]},"properties":{"maxheight":"1.8"}},{"type":"Feature","geometry":{"type":"Point","coordinates":[6.9184085,50.9188293]},"properties":{"maxheight":"below_default"}},{"type":"Feature","geometry":{"type":"Point","coordinates":[6.9972612,50.9369339]},"properties":{"maxheight":"2"}},{"type":"Feature","geometry":{"type":"Point","coordinates":[6.9631354,50.929912]},"properties":{"maxheight":"2"}},{"type":"Feature","geometry":{"type":"Point","coordinates":[6.2074875,50.9967375]},"properties":{"maxweight":"1.05"}},{"type":"Feature","geometry":{"type":"Point","coordinates":[6.1247952,50.9614241]},"properties":{"maxweight":"1"}},{"type":"Feature","geometry":{"type":"Point","coordinates":[6.1249586,50.9613337]},"properties":{"maxweight":"1"}},{"type":"Feature","geometry":{"type":"Point","coordinates":[6.9491241,50.9222341]},"properties":{"maxheight":"2"}},{"type":"Feature","geometry":{"type":"Point","coordinates":[6.9597107,50.9645883]},"properties":{"maxheight":"2.1"}},{"type":"Feature","geometry":{"type":"Point","coordinates":[6.9128141,50.8292269]},"properties":{"maxweight":"1.05"}},{"type":"Feature","geometry":{"type":"Point","coordinates":[6.9125961,50.8291585]},"properties":{"maxweight":"1.05"}},{"type":"Feature","geometry":{"type":"Point","coordinates":[6.8411598,50.9673509]},"properties":{"maxheight":"1.9"}},{"type":"Feature","geometry":{"type":"Point","coordinates":[6.8454683,50.9325442]},"properties":{"maxheight":"2"}},{"type":"Feature","geometry":{"type":"Point","coordinates":[6.8451774,50.9313775]},"properties":{"maxheight":"2"}},{"type":"Feature","geometry":{"type":"Point","coordinates":[6.9442943,50.9844792]},"properties":{"maxheight":"below_default"}},{"type":"Feature","geometry":{"type":"Point","coordinates":[6.9030578,50.7250713]},"properties":{"maxwidth":"1"}},{"type":"Feature","geometry":{"type":"Point","coordinates":[6.9980758,50.8134939]},"properties":{"maxwidth":"6"}},{"type":"Feature","geometry":{"type":"Point","coordinates":[6.1667521,50.749032]},"properties":{"maxheight":"2.2"}},{"type":"Feature","geometry":{"type":"Point","coordinates":[6.1675376,50.7491738]},"properties":{"maxheight":"2"}},{"type":"Feature","geometry":{"type":"Point","coordinates":[6.9725682,50.6232628]},"properties":{"maxwidth":"4"}},{"type":"Feature","geometry":{"type":"Point","coordinates":[6.9727233,50.6232533]},"properties":{"maxwidth":"4"}},{"type":"Feature","geometry":{"type":"Point","coordinates":[6.9744413,50.9430173]},"properties":{"maxheight":"2.05"}},{"type":"Feature","geometry":{"type":"Point","coordinates":[6.9480824,50.9800015]},"properties":{"maxheight":"1","maxwidth":"7"}},{"type":"Feature","geometry":{"type":"Point","coordinates":[6.1659595,50.7601484]},"properties":{"maxheight":"4.5"}},{"type":"Feature","geometry":{"type":"Point","coordinates":[6.7133073,50.9164656]},"properties":{"maxweight":"1"}},{"type":"Feature","geometry":{"type":"Point","coordinates":[6.9091057,50.9225571]},"properties":{"maxheight":"3"}},{"type":"Feature","geometry":{"type":"Point","coordinates":[6.9031233,50.9578786]},"properties":{"maxheight":"2","maxwidth":"6.5"}},{"type":"Feature","geometry":{"type":"Point","coordinates":[6.9034659,50.9577651]},"properties":{"maxheight":"2"}},{"type":"Feature","geometry":{"type":"Point","coordinates":[6.8423668,50.9329511]},"properties":{"maxheight":"default"}},{"type":"Feature","geometry":{"type":"Point","coordinates":[6.9637447,50.9745068]},"properties":{"maxheight":"default"}},{"type":"Feature","geometry":{"type":"Point","coordinates":[6.9656104,50.9744974]},"properties":{"maxheight":"2"}},{"type":"Feature","geometry":{"type":"Point","coordinates":[6.9671138,50.974714]},"properties":{"maxheight":"2"}},{"type":"Feature","geometry":{"type":"Point","coordinates":[6.9679888,50.9746771]},"properties":{"maxheight":"2"}},{"type":"Feature","geometry":{"type":"Point","coordinates":[6.9427897,50.9828173]},"properties":{"maxheight":"2.5"}},{"type":"Feature","geometry":{"type":"Point","coordinates":[6.9530801,50.9696869]},"properties":{"maxheight":"1.9"}},{"type":"Feature","geometry":{"type":"Point","coordinates":[6.9240477,50.9925833]},"properties":{"maxheight":"2"}},{"type":"Feature","geometry":{"type":"Point","coordinates":[6.3511147,50.9207739]},"properties":{"maxwidth":"0.6"}},{"type":"Feature","geometry":{"type":"Point","coordinates":[6.989319,50.9394415]},"properties":{"maxheight":"2.0"}},{"type":"Feature","geometry":{"type":"Point","coordinates":[6.8351456,50.9806402]},"properties":{"maxwidth":"0.5"}},{"type":"Feature","geometry":{"type":"Point","coordinates":[6.9230463,50.9143919]},"properties":{"maxheight":"2"}},{"type":"Feature","geometry":{"type":"Point","coordinates":[6.9600948,50.9652079]},"properties":{"maxheight":"below_default"}},{"type":"Feature","geometry":{"type":"Point","coordinates":[6.9669615,50.9517544]},"properties":{"maxheight":"2"}},{"type":"Feature","geometry":{"type":"Point","coordinates":[6.9878132,50.8118888]},"properties":{"maxwidth":"1"}},{"type":"Feature","geometry":{"type":"Point","coordinates":[6.9920943,50.8892832]},"properties":{"maxheight":"1.6"}},{"type":"Feature","geometry":{"type":"Point","coordinates":[6.2794563,50.8198115]},"properties":{"maxheight":"1.9"}},{"type":"Feature","geometry":{"type":"Point","coordinates":[6.0475686,50.782482]},"properties":{"maxheight":"2.1"}},{"type":"Feature","geometry":{"type":"Point","coordinates":[6.0475168,50.7824821]},"properties":{"maxheight":"2.1"}},{"type":"Feature","geometry":{"type":"Point","coordinates":[6.945236,50.9757038]},"properties":{"maxheight":"2"}},{"type":"Feature","geometry":{"type":"Point","coordinates":[6.945938,50.9736452]},"properties":{"maxheight":"2"}},{"type":"Feature","geometry":{"type":"Point","coordinates":[6.9770394,50.9687091]},"properties":{"maxheight":"2"}},{"type":"Feature","geometry":{"type":"Point","coordinates":[6.9780292,50.9689619]},"properties":{"maxheight":"2"}},{"type":"Feature","geometry":{"type":"Point","coordinates":[6.9605358,50.9478357]},"properties":{"maxheight":"2"}},{"type":"Feature","geometry":{"type":"Point","coordinates":[6.9433168,50.9212328]},"properties":{"maxwidth":"2"}},{"type":"Feature","geometry":{"type":"Point","coordinates":[6.9611371,50.8054855]},"properties":{"maxwidth":"1"}},{"type":"Feature","geometry":{"type":"Point","coordinates":[6.9598603,50.8039719]},"properties":{"maxwidth":"3.5"}},{"type":"Feature","geometry":{"type":"Point","coordinates":[6.9608336,50.8052565]},"properties":{"maxwidth":"3.5"}},{"type":"Feature","geometry":{"type":"Point","coordinates":[6.9583533,50.8042435]},"properties":{"maxwidth":"1"}},{"type":"Feature","geometry":{"type":"Point","coordinates":[6.9551908,50.9342692]},"properties":{"maxheight":"1.95"}},{"type":"Feature","geometry":{"type":"Point","coordinates":[6.6373731,50.9538836]},"properties":{"maxheight":"1.9"}},{"type":"Feature","geometry":{"type":"Point","coordinates":[6.9819775,50.8203832]},"properties":{"maxheight":"1.90"}},{"type":"Feature","geometry":{"type":"Point","coordinates":[6.6608231,50.2239356]},"properties":{"maxweight":"1.05"}},{"type":"Feature","geometry":{"type":"Point","coordinates":[6.6607774,50.2237295]},"properties":{"maxweight":"1.05"}},{"type":"Feature","geometry":{"type":"Point","coordinates":[6.8270478,50.9333528]},"properties":{"maxheight":"below_default"}},{"type":"Feature","geometry":{"type":"Point","coordinates":[6.9594938,50.9652488]},"properties":{"maxheight":"2"}},{"type":"Feature","geometry":{"type":"Point","coordinates":[6.937774,50.9361528]},"properties":{"maxheight":"3.4"}},{"type":"Feature","geometry":{"type":"Point","coordinates":[6.9618818,50.9669998]},"properties":{"maxheight":"2.05"}},{"type":"Feature","geometry":{"type":"Point","coordinates":[6.8411429,50.9337739]},"properties":{"maxheight":"below_default"}},{"type":"Feature","geometry":{"type":"Point","coordinates":[6.962581,50.8279117]},"properties":{"maxwidth":"1.5"}},{"type":"Feature","geometry":{"type":"Point","coordinates":[6.9626753,50.8276867]},"properties":{"maxwidth":"1"}},{"type":"Feature","geometry":{"type":"Point","coordinates":[6.9627702,50.8274776]},"properties":{"maxwidth":"1"}},{"type":"Feature","geometry":{"type":"Point","coordinates":[6.961969,50.8273372]},"properties":{"maxwidth":"1"}},{"type":"Feature","geometry":{"type":"Point","coordinates":[6.9617304,50.8263908]},"properties":{"maxwidth":"1"}},{"type":"Feature","geometry":{"type":"Point","coordinates":[6.9620108,50.8265588]},"properties":{"maxwidth":"1"}},{"type":"Feature","geometry":{"type":"Point","coordinates":[6.962389,50.8266868]},"properties":{"maxwidth":"1"}},{"type":"Feature","geometry":{"type":"Point","coordinates":[6.9627643,50.8267943]},"properties":{"maxwidth":"1"}},{"type":"Feature","geometry":{"type":"Point","coordinates":[6.9632583,50.8276674]},"properties":{"maxwidth":"1"}},{"type":"Feature","geometry":{"type":"Point","coordinates":[6.9618532,50.8276001]},"properties":{"maxwidth":"1.5"}},{"type":"Feature","geometry":{"type":"Point","coordinates":[6.9631312,50.8269285]},"properties":{"maxwidth":"1"}},{"type":"Feature","geometry":{"type":"Point","coordinates":[6.9126729,50.9461786]},"properties":{"maxheight":"1.9"}},{"type":"Feature","geometry":{"type":"Point","coordinates":[6.8884122,50.9436789]},"properties":{"maxheight":"1.95"}},{"type":"Feature","geometry":{"type":"Point","coordinates":[6.2686411,50.8216039]},"properties":{"maxheight":"1.95"}},{"type":"Feature","geometry":{"type":"Point","coordinates":[6.6984475,50.9362432]},"properties":{"maxwidth":"1.5"}},{"type":"Feature","geometry":{"type":"Point","coordinates":[6.9602102,50.8291132]},"properties":{"maxwidth":"8"}},{"type":"Feature","geometry":{"type":"Point","coordinates":[6.9765197,50.9583778]},"properties":{"maxheight":"2"}},{"type":"Feature","geometry":{"type":"Point","coordinates":[6.9028426,50.8140531]},"properties":{"maxwidth":"1"}},{"type":"Feature","geometry":{"type":"Point","coordinates":[6.9029921,50.8157834]},"properties":{"maxwidth":"1"}},{"type":"Feature","geometry":{"type":"Point","coordinates":[6.0963606,50.7769699]},"properties":{"maxheight":"1.75"}},{"type":"Feature","geometry":{"type":"Point","coordinates":[6.9236787,50.9285873]},"properties":{"maxheight":"below_default"}},{"type":"Feature","geometry":{"type":"Point","coordinates":[6.9478827,50.9384147]},"properties":{"maxheight":"1.7"}},{"type":"Feature","geometry":{"type":"Point","coordinates":[6.9969802,50.936871]},"properties":{"maxheight":"2"}},{"type":"Feature","geometry":{"type":"Point","coordinates":[6.9912031,50.9406738]},"properties":{"maxheight":"2"}},{"type":"Feature","geometry":{"type":"Point","coordinates":[6.9771292,50.9586]},"properties":{"maxheight":"2"}},{"type":"Feature","geometry":{"type":"Point","coordinates":[6.2837665,50.5524686]},"properties":{"maxheight":"2.0"}},{"type":"Feature","geometry":{"type":"Point","coordinates":[6.9473726,50.9082959]},"properties":{"maxheight":"2"}},{"type":"Feature","geometry":{"type":"Point","coordinates":[6.8895581,50.9361722]},"properties":{"maxheight":"default"}},{"type":"Feature","geometry":{"type":"Point","coordinates":[6.4852846,50.8045068]},"properties":{"maxheight":"1.95"}},{"type":"Feature","geometry":{"type":"Point","coordinates":[6.4853203,50.8044853]},"properties":{"maxheight":"1.95"}},{"type":"Feature","geometry":{"type":"Point","coordinates":[6.9928215,50.9396996]},"properties":{"maxheight":"2"}},{"type":"Feature","geometry":{"type":"Point","coordinates":[6.9518266,50.940225]},"properties":{"maxheight":"1.95"}},{"type":"Feature","geometry":{"type":"Point","coordinates":[6.8331409,50.959732]},"properties":{"maxheight":"below_default"}},{"type":"Feature","geometry":{"type":"Point","coordinates":[6.9701071,50.9153195]},"properties":{"maxheight":"1.9"}},{"type":"Feature","geometry":{"type":"Point","coordinates":[6.9784632,50.9266096]},"properties":{"maxheight":"1.93"}},{"type":"Feature","geometry":{"type":"Point","coordinates":[6.9789664,50.9270834]},"properties":{"maxheight":"below_default"}},{"type":"Feature","geometry":{"type":"Point","coordinates":[6.9928375,50.895838]},"properties":{"maxheight":"below_default"}},{"type":"Feature","geometry":{"type":"Point","coordinates":[6.9926379,50.8954189]},"properties":{"maxheight":"below_default"}},{"type":"Feature","geometry":{"type":"Point","coordinates":[6.1496764,50.7679079]},"properties":{"maxheight":"2"}},{"type":"Feature","geometry":{"type":"Point","coordinates":[6.9876121,50.9385859]},"properties":{"maxheight":"2"}},{"type":"Feature","geometry":{"type":"Point","coordinates":[6.6212874,50.6999469]},"properties":{"maxwidth":"1"}},{"type":"Feature","geometry":{"type":"Point","coordinates":[6.6213276,50.6999558]},"properties":{"maxwidth":"1"}},{"type":"Feature","geometry":{"type":"Point","coordinates":[6.9864288,50.9419426]},"properties":{"maxheight":"4","maxwidth":"12"}},{"type":"Feature","geometry":{"type":"Point","coordinates":[6.9456748,50.9038054]},"properties":{"maxheight":"2"}},{"type":"Feature","geometry":{"type":"Point","coordinates":[6.922798,50.9341875]},"properties":{"maxheight":"2.1"}},{"type":"Feature","geometry":{"type":"Point","coordinates":[6.4595031,50.8441778]},"properties":{"hgv":"yes"}},{"type":"Feature","geometry":{"type":"Point","coordinates":[6.4533419,50.8459359]},"properties":{"hgv":"yes"}},{"type":"Feature","geometry":{"type":"Point","coordinates":[6.4581076,50.8427757]},"properties":{"hgv":"yes"}},{"type":"Feature","geometry":{"type":"Point","coordinates":[6.8783032,50.9382509]},"properties":{"maxheight":"2.05"}},{"type":"Feature","geometry":{"type":"Point","coordinates":[6.9430479,50.985072]},"properties":{"maxheight":"2.1"}},{"type":"Feature","geometry":{"type":"Point","coordinates":[6.9439509,50.9849247]},"properties":{"maxheight":"below_default"}},{"type":"Feature","geometry":{"type":"Point","coordinates":[6.7082115,50.9157249]},"properties":{"maxheight":"2.9"}},{"type":"Feature","geometry":{"type":"Point","coordinates":[6.0976175,50.7737151]},"properties":{"maxheight":"2.7"}},{"type":"Feature","geometry":{"type":"Point","coordinates":[6.9633498,50.9263469]},"properties":{"maxheight":"2"}},{"type":"Feature","geometry":{"type":"Point","coordinates":[6.7093064,50.6430877]},"properties":{"maxwidth":"1.6"}},{"type":"Feature","geometry":{"type":"Point","coordinates":[6.9651513,50.9256196]},"properties":{"maxheight":"1.9"}},{"type":"Feature","geometry":{"type":"Point","coordinates":[6.9582234,50.9086005]},"properties":{"maxheight":"below_default"}},{"type":"Feature","geometry":{"type":"Point","coordinates":[6.9400739,50.9120245]},"properties":{"maxheight":"2"}},{"type":"Feature","geometry":{"type":"Point","coordinates":[6.9023904,50.8293467]},"properties":{"maxheight":"2.05"}},{"type":"Feature","geometry":{"type":"Point","coordinates":[6.0802421,50.7763574]},"properties":{"maxheight":"1.8"}},{"type":"Feature","geometry":{"type":"Point","coordinates":[6.0801975,50.7763353]},"properties":{"maxheight":"1.8"}},{"type":"Feature","geometry":{"type":"Point","coordinates":[6.3014009,50.5750098]},"properties":{"maxheight":"2.0"}},{"type":"Feature","geometry":{"type":"Point","coordinates":[6.8082798,50.9105899]},"properties":{"maxheight":"1.9"}},{"type":"Feature","geometry":{"type":"Point","coordinates":[6.9807431,50.8245917]},"properties":{"maxwidth":"1.5"}},{"type":"Feature","geometry":{"type":"Point","coordinates":[6.0459232,50.7733497]},"properties":{"maxheight":"2"}},{"type":"Feature","geometry":{"type":"Point","coordinates":[6.0459234,50.7733023]},"properties":{"maxheight":"2"}},{"type":"Feature","geometry":{"type":"Point","coordinates":[6.0459237,50.7732609]},"properties":{"maxheight":"2"}},{"type":"Feature","geometry":{"type":"Point","coordinates":[6.0459266,50.7731758]},"properties":{"maxheight":"2"}},{"type":"Feature","geometry":{"type":"Point","coordinates":[6.0459273,50.7731393]},"properties":{"maxheight":"2"}},{"type":"Feature","geometry":{"type":"Point","coordinates":[6.9780663,50.9370724]},"properties":{"maxheight":"4.1"}},{"type":"Feature","geometry":{"type":"Point","coordinates":[6.097486,50.7536324]},"properties":{"maxheight":"2"}},{"type":"Feature","geometry":{"type":"Point","coordinates":[6.0834245,50.7699241]},"properties":{"maxheight":"1.8"}},{"type":"Feature","geometry":{"type":"Point","coordinates":[6.0933005,50.7876623]},"properties":{"maxheight":"below_default"}},{"type":"Feature","geometry":{"type":"Point","coordinates":[6.9694892,50.91296]},"properties":{"maxheight":"2"}},{"type":"Feature","geometry":{"type":"Point","coordinates":[6.8332151,50.9421119]},"properties":{"maxheight":"1.9"}},{"type":"Feature","geometry":{"type":"Point","coordinates":[6.8404202,50.9330869]},"properties":{"maxheight":"1.9"}},{"type":"Feature","geometry":{"type":"Point","coordinates":[6.8407662,50.9321386]},"properties":{"maxheight":"1.95"}},{"type":"Feature","geometry":{"type":"Point","coordinates":[6.8404584,50.9322172]},"properties":{"maxheight":"1.95"}},{"type":"Feature","geometry":{"type":"Point","coordinates":[6.9745273,50.9079227]},"properties":{"maxheight":"below_default"}},{"type":"Feature","geometry":{"type":"Point","coordinates":[6.2590518,50.585795]},"properties":{"maxwidth":"0.7"}},{"type":"Feature","geometry":{"type":"Point","coordinates":[6.2590156,50.585799]},"properties":{"maxwidth":"0.7"}},{"type":"Feature","geometry":{"type":"Point","coordinates":[6.2589739,50.5858003]},"properties":{"maxwidth":"0.7"}},{"type":"Feature","geometry":{"type":"Point","coordinates":[6.9132573,50.9488672]},"properties":{"maxheight":"2.05"}},{"type":"Feature","geometry":{"type":"Point","coordinates":[6.9757386,50.9071896]},"properties":{"maxheight":"below_default"}},{"type":"Feature","geometry":{"type":"Point","coordinates":[6.9799695,50.8204784]},"properties":{"maxheight":"1.90"}},{"type":"Feature","geometry":{"type":"Point","coordinates":[6.904287,50.9428776]},"properties":{"maxheight":"1.95"}},{"type":"Feature","geometry":{"type":"Point","coordinates":[6.1038679,50.7673423]},"properties":{"goods":"designated"}},{"type":"Feature","geometry":{"type":"Point","coordinates":[6.9387771,50.9264559]},"properties":{"maxheight":"3.3"}},{"type":"Feature","geometry":{"type":"Point","coordinates":[6.6929167,50.7997975]},"properties":{"maxwidth":"1"}},{"type":"Feature","geometry":{"type":"Point","coordinates":[6.9262234,50.9281629]},"properties":{"maxheight":"2.05"}},{"type":"Feature","geometry":{"type":"Point","coordinates":[6.0804616,50.8679826]},"properties":{"maxheight":"2"}},{"type":"Feature","geometry":{"type":"Point","coordinates":[6.5751348,50.549671]},"properties":{"maxheight":"2.8"}},{"type":"Feature","geometry":{"type":"Point","coordinates":[6.0885725,50.8916655]},"properties":{"maxheight":"2"}},{"type":"Feature","geometry":{"type":"Point","coordinates":[6.9438904,50.9417002]},"properties":{"maxheight":"1.8"}},{"type":"Feature","geometry":{"type":"Point","coordinates":[6.9808547,50.8211128]},"properties":{"maxheight":"1.90"}},{"type":"Feature","geometry":{"type":"Point","coordinates":[6.9893846,50.7523495]},"properties":{"maxwidth":"1"}},{"type":"Feature","geometry":{"type":"Point","coordinates":[6.0668494,50.7611475]},"properties":{"maxheight":"below_default"}},{"type":"Feature","geometry":{"type":"Point","coordinates":[6.9865579,50.8917148]},"properties":{"maxheight":"2"}},{"type":"Feature","geometry":{"type":"Point","coordinates":[6.6542628,50.8062093]},"properties":{"maxwidth":"1"}},{"type":"Feature","geometry":{"type":"Point","coordinates":[6.9262063,50.9071418]},"properties":{"maxheight":"2"}},{"type":"Feature","geometry":{"type":"Point","coordinates":[6.9252259,50.906237]},"properties":{"maxheight":"2"}},{"type":"Feature","geometry":{"type":"Point","coordinates":[6.6397521,50.9156285]},"properties":{"maxwidth":"0.80"}},{"type":"Feature","geometry":{"type":"Point","coordinates":[6.961932,50.9669936]},"properties":{"maxheight":"2.05"}},{"type":"Feature","geometry":{"type":"Point","coordinates":[6.913881,50.9972532]},"properties":{"maxheight":"4"}},{"type":"Feature","geometry":{"type":"Point","coordinates":[6.913445,50.9975991]},"properties":{"maxheight":"4"}},{"type":"Feature","geometry":{"type":"Point","coordinates":[6.9163678,50.954852]},"properties":{"maxheight":"2"}},{"type":"Feature","geometry":{"type":"Point","coordinates":[6.8887446,50.9223203]},"properties":{"maxwidth":"1"}},{"type":"Feature","geometry":{"type":"Point","coordinates":[6.8888059,50.9221973]},"properties":{"maxwidth":"1"}},{"type":"Feature","geometry":{"type":"Point","coordinates":[6.9629438,50.9519327]},"properties":{"maxheight":"2"}},{"type":"Feature","geometry":{"type":"Point","coordinates":[6.9785693,50.8192579]},"properties":{"maxwidth":"4"}},{"type":"Feature","geometry":{"type":"Point","coordinates":[6.9595574,50.9403924]},"properties":{"maxheight":"1.9"}},{"type":"Feature","geometry":{"type":"Point","coordinates":[6.8879205,50.9420884]},"properties":{"maxheight":"2"}},{"type":"Feature","geometry":{"type":"Point","coordinates":[6.4813038,50.8036642]},"properties":{"maxheight":"2.0"}},{"type":"Feature","geometry":{"type":"Point","coordinates":[6.4812789,50.8036934]},"properties":{"maxheight":"2.0"}},{"type":"Feature","geometry":{"type":"Point","coordinates":[6.939784,50.9050025]},"properties":{"maxheight":"1.9"}},{"type":"Feature","geometry":{"type":"Point","coordinates":[6.2450044,50.5545195]},"properties":{"maxheight":"1.9"}},{"type":"Feature","geometry":{"type":"Point","coordinates":[6.2180784,50.7928655]},"properties":{"maxheight":"2.1"}},{"type":"Feature","geometry":{"type":"Point","coordinates":[6.9254025,50.918592]},"properties":{"maxheight":"1.95"}},{"type":"Feature","geometry":{"type":"Point","coordinates":[6.9719446,50.6232299]},"properties":{"maxwidth":"6"}},{"type":"Feature","geometry":{"type":"Point","coordinates":[6.9661019,50.8303775]},"properties":{"maxheight":"4.5"}},{"type":"Feature","geometry":{"type":"Point","coordinates":[6.6440393,50.95103]},"properties":{"maxwidth":"1.5"}},{"type":"Feature","geometry":{"type":"Point","coordinates":[6.8887341,50.9450677]},"properties":{"maxheight":"1.9"}},{"type":"Feature","geometry":{"type":"Point","coordinates":[6.9624842,50.8976142]},"properties":{"maxheight":"2"}},{"type":"Feature","geometry":{"type":"Point","coordinates":[6.9633674,50.8977002]},"properties":{"maxheight":"2"}},{"type":"Feature","geometry":{"type":"Point","coordinates":[6.9060906,50.8285548]},"properties":{"maxheight":"2"}},{"type":"Feature","geometry":{"type":"Point","coordinates":[6.9135868,50.9548015]},"properties":{"maxheight":"below_default"}},{"type":"Feature","geometry":{"type":"Point","coordinates":[6.8441104,50.9338746]},"properties":{"maxheight":"1.9"}},{"type":"Feature","geometry":{"type":"Point","coordinates":[6.8435557,50.933399]},"properties":{"maxheight":"1.85"}},{"type":"Feature","geometry":{"type":"Point","coordinates":[6.9536309,50.9006395]},"properties":{"maxheight":"below_default"}},{"type":"Feature","geometry":{"type":"Point","coordinates":[6.9903055,50.9872367]},"properties":{"maxheight":"3"}},{"type":"Feature","geometry":{"type":"Point","coordinates":[6.5831727,50.8365403]},"properties":{"maxheight":"4","maxwidth":"5"}},{"type":"Feature","geometry":{"type":"Point","coordinates":[6.8479962,50.7512244]},"properties":{"maxheight":"3.4"}},{"type":"Feature","geometry":{"type":"Point","coordinates":[6.8477582,50.7512698]},"properties":{"maxheight":"3.4"}},{"type":"Feature","geometry":{"type":"Point","coordinates":[6.9477634,50.9143755]},"properties":{"maxheight":"2"}},{"type":"Feature","geometry":{"type":"Point","coordinates":[6.9609062,50.8276994]},"properties":{"maxwidth":"1.5"}},{"type":"Feature","geometry":{"type":"Point","coordinates":[6.9074316,50.9426294]},"properties":{"maxheight":"2"}},{"type":"Feature","geometry":{"type":"Point","coordinates":[6.9607439,50.8280199]},"properties":{"maxwidth":"1.5"}},{"type":"Feature","geometry":{"type":"Point","coordinates":[6.9613054,50.8277688]},"properties":{"maxwidth":"1.5"}},{"type":"Feature","geometry":{"type":"Point","coordinates":[6.9621701,50.8279211]},"properties":{"maxwidth":"1.5"}},{"type":"Feature","geometry":{"type":"Point","coordinates":[6.9625488,50.8279854]},"properties":{"maxwidth":"1.5"}},{"type":"Feature","geometry":{"type":"Point","coordinates":[6.9611297,50.8271725]},"properties":{"maxwidth":"1.5"}},{"type":"Feature","geometry":{"type":"Point","coordinates":[6.890547,50.9853225]},"properties":{"maxheight":"2"}},{"type":"Feature","geometry":{"type":"Point","coordinates":[6.9484256,50.9533672]},"properties":{"maxheight":"1.9"}},{"type":"Feature","geometry":{"type":"Point","coordinates":[6.8411031,50.9359162]},"properties":{"maxheight":"2"}},{"type":"Feature","geometry":{"type":"Point","coordinates":[6.3797768,50.605426]},"properties":{"maxheight":"2.2"}},{"type":"Feature","geometry":{"type":"Point","coordinates":[6.9579433,50.7953657]},"properties":{"maxweight":"1.05"}},{"type":"Feature","geometry":{"type":"Point","coordinates":[6.5178492,50.8398871]},"properties":{"maxweight":"1"}},{"type":"Feature","geometry":{"type":"Point","coordinates":[6.7783611,50.9364145]},"properties":{"maxweight":"1"}},{"type":"Feature","geometry":{"type":"Point","coordinates":[6.7783094,50.9365235]},"properties":{"maxweight":"1"}},{"type":"Feature","geometry":{"type":"Point","coordinates":[6.9614732,50.9298684]},"properties":{"hgv":"no"}},{"type":"Feature","geometry":{"type":"Point","coordinates":[6.0943985,50.7891799]},"properties":{"maxheight":"2"}},{"type":"Feature","geometry":{"type":"Point","coordinates":[6.668606,50.810451]},"properties":{"maxwidth":"5"}},{"type":"Feature","geometry":{"type":"Point","coordinates":[6.9356119,50.920967]},"properties":{"maxheight":"1.9"}},{"type":"Feature","geometry":{"type":"Point","coordinates":[6.9648721,50.9132251]},"properties":{"maxheight":"1.9"}},{"type":"Feature","geometry":{"type":"Point","coordinates":[6.9311774,50.7742783]},"properties":{"maxwidth":"1.5"}},{"type":"Feature","geometry":{"type":"Point","coordinates":[6.9303049,50.7739407]},"properties":{"maxwidth":"1.5"}},{"type":"Feature","geometry":{"type":"Point","coordinates":[6.9808315,50.9370651]},"properties":{"maxheight":"2"}},{"type":"Feature","geometry":{"type":"Point","coordinates":[6.981001,50.9432694]},"properties":{"maxweight":"2"}},{"type":"Feature","geometry":{"type":"Point","coordinates":[6.903555,50.8269278]},"properties":{"maxwidth":"1.25"}},{"type":"Feature","geometry":{"type":"Point","coordinates":[6.0440502,50.7697629]},"properties":{"maxheight":"2.2","maxweight":"3"}},{"type":"Feature","geometry":{"type":"Point","coordinates":[6.0440493,50.7698025]},"properties":{"maxheight":"2.2","maxweight":"3"}},{"type":"Feature","geometry":{"type":"Point","coordinates":[6.9035547,50.8276078]},"properties":{"maxwidth":"1.25"}},{"type":"Feature","geometry":{"type":"Point","coordinates":[6.9888019,50.8044801]},"properties":{"maxwidth":"1"}},{"type":"Feature","geometry":{"type":"Point","coordinates":[6.6404434,50.5912608]},"properties":{"maxheight":"2"}},{"type":"Feature","geometry":{"type":"Point","coordinates":[6.9755374,50.9572587]},"properties":{"maxheight":"2"}},{"type":"Feature","geometry":{"type":"Point","coordinates":[6.8301186,50.9336929]},"properties":{"maxwidth":"0.6"}},{"type":"Feature","geometry":{"type":"Point","coordinates":[6.919437,50.9532498]},"properties":{"maxheight":"1.95"}},{"type":"Feature","geometry":{"type":"Point","coordinates":[6.9184961,50.8328027]},"properties":{"hgv":"no"}},{"type":"Feature","geometry":{"type":"Point","coordinates":[6.8954499,50.9444844]},"properties":{"maxheight":"2.1"}},{"type":"Feature","geometry":{"type":"Point","coordinates":[6.9919722,50.7621319]},"properties":{"maxwidth":"3"}},{"type":"Feature","geometry":{"type":"Point","coordinates":[6.9954764,50.9391105]},"properties":{"maxheight":"4"}},{"type":"Feature","geometry":{"type":"Point","coordinates":[6.8965226,50.9460169]},"properties":{"maxheight":"2.15"}},{"type":"Feature","geometry":{"type":"Point","coordinates":[6.0452626,50.769865]},"properties":{"maxheight":"2.2","maxweight":"3"}},{"type":"Feature","geometry":{"type":"Point","coordinates":[6.8154138,50.9159342]},"properties":{"maxwidth":"3.6"}},{"type":"Feature","geometry":{"type":"Point","coordinates":[6.8153909,50.9159493]},"properties":{"maxwidth":"3.6"}},{"type":"Feature","geometry":{"type":"Point","coordinates":[6.8157416,50.9157125]},"properties":{"maxwidth":"4.2"}},{"type":"Feature","geometry":{"type":"Point","coordinates":[6.8162791,50.9153434]},"properties":{"maxwidth":"3.6"}},{"type":"Feature","geometry":{"type":"Point","coordinates":[6.8163048,50.9153257]},"properties":{"maxwidth":"3.6"}},{"type":"Feature","geometry":{"type":"Point","coordinates":[6.8167572,50.9150237]},"properties":{"maxwidth":"3"}},{"type":"Feature","geometry":{"type":"Point","coordinates":[6.9806825,50.8231303]},"properties":{"maxwidth":"1.25"}},{"type":"Feature","geometry":{"type":"Point","coordinates":[6.9287252,50.9254952]},"properties":{"hgv":"no"}},{"type":"Feature","geometry":{"type":"Point","coordinates":[6.9175725,50.8323922]},"properties":{"hgv":"no"}},{"type":"Feature","geometry":{"type":"Point","coordinates":[6.9381019,50.9370667]},"properties":{"maxheight":"1.95"}},{"type":"Feature","geometry":{"type":"Point","coordinates":[6.0957024,50.8708563]},"properties":{"maxheight":"2.1"}},{"type":"Feature","geometry":{"type":"Point","coordinates":[6.9888239,50.8144265]},"properties":{"maxwidth":"1"}},{"type":"Feature","geometry":{"type":"Point","coordinates":[6.0663842,50.7904876]},"properties":{"maxheight":"2.1"}},{"type":"Feature","geometry":{"type":"Point","coordinates":[6.9737714,50.9280348]},"properties":{"maxheight":"2.5"}},{"type":"Feature","geometry":{"type":"Point","coordinates":[6.4578806,50.8260924]},"properties":{"hgv":"no"}},{"type":"Feature","geometry":{"type":"Point","coordinates":[6.0171118,50.8467321]},"properties":{"maxwidth":"1"}},{"type":"Feature","geometry":{"type":"Point","coordinates":[6.0126625,50.846296]},"properties":{"maxheight":"2"}},{"type":"Feature","geometry":{"type":"Point","coordinates":[6.8949668,50.923652]},"properties":{"maxheight":"2"}},{"type":"Feature","geometry":{"type":"Point","coordinates":[6.870379,50.925861]},"properties":{"hgv":"no"}},{"type":"Feature","geometry":{"type":"Point","coordinates":[6.932936,50.9643147]},"properties":{"maxheight":"1.8"}},{"type":"Feature","geometry":{"type":"Point","coordinates":[6.9567376,50.9094755]},"properties":{"maxheight":"2"}},{"type":"Feature","geometry":{"type":"Point","coordinates":[6.9549392,50.9093012]},"properties":{"maxheight":"2"}},{"type":"Feature","geometry":{"type":"Point","coordinates":[6.4587838,50.8321396]},"properties":{"hgv":"no"}},{"type":"Feature","geometry":{"type":"Point","coordinates":[6.477825,50.8134693]},"properties":{"hgv":"no"}},{"type":"Feature","geometry":{"type":"Point","coordinates":[6.9826673,50.824628]},"properties":{"maxwidth":"1.25"}},{"type":"Feature","geometry":{"type":"Point","coordinates":[6.897633,50.8221015]},"properties":{"hgv":"no"}},{"type":"Feature","geometry":{"type":"Point","coordinates":[6.9648189,50.9057458]},"properties":{"maxheight":"1.9"}},{"type":"Feature","geometry":{"type":"Point","coordinates":[6.4560751,50.8404476]},"properties":{"hgv":"yes"}},{"type":"Feature","geometry":{"type":"Point","coordinates":[6.9219433,50.8914988]},"properties":{"hgv":"no"}},{"type":"Feature","geometry":{"type":"Point","coordinates":[6.6444913,50.9510248]},"properties":{"maxwidth":"1.5"}},{"type":"Feature","geometry":{"type":"Point","coordinates":[6.9367195,50.9102079]},"properties":{"maxheight":"2"}},{"type":"Feature","geometry":{"type":"Point","coordinates":[6.9371134,50.9107483]},"properties":{"maxheight":"2"}},{"type":"Feature","geometry":{"type":"Point","coordinates":[6.9375003,50.9112867]},"properties":{"maxheight":"2"}},{"type":"Feature","geometry":{"type":"Point","coordinates":[6.892133,50.9470365]},"properties":{"maxheight":"1.9"}},{"type":"Feature","geometry":{"type":"Point","coordinates":[6.0854888,50.7731935]},"properties":{"maxheight":"2"}},{"type":"Feature","geometry":{"type":"Point","coordinates":[6.9885744,50.814241]},"properties":{"maxwidth":"1"}},{"type":"Feature","geometry":{"type":"Point","coordinates":[6.8851025,50.9499217]},"properties":{"maxheight":"2"}},{"type":"Feature","geometry":{"type":"Point","coordinates":[6.9459343,50.630374]},"properties":{"maxheight":"2"}},{"type":"Feature","geometry":{"type":"Point","coordinates":[6.9450961,50.6303527]},"properties":{"maxheight":"2"}},{"type":"Feature","geometry":{"type":"Point","coordinates":[6.4827917,50.8083947]},"properties":{"maxwidth":"1.5"}},{"type":"Feature","geometry":{"type":"Point","coordinates":[6.4826261,50.8085442]},"properties":{"maxwidth":"2"}},{"type":"Feature","geometry":{"type":"Point","coordinates":[6.482817,50.8085179]},"properties":{"maxwidth":"1.5"}},{"type":"Feature","geometry":{"type":"Point","coordinates":[6.8792257,50.9773971]},"properties":{"maxheight":"1.8"}},{"type":"Feature","geometry":{"type":"Point","coordinates":[6.9207274,50.7798719]},"properties":{"maxwidth":"1"}},{"type":"Feature","geometry":{"type":"Point","coordinates":[6.9880683,50.8140298]},"properties":{"maxwidth":"1"}},{"type":"Feature","geometry":{"type":"Point","coordinates":[6.9887835,50.8138139]},"properties":{"maxwidth":"1"}},{"type":"Feature","geometry":{"type":"Point","coordinates":[6.7816796,50.8474118]},"properties":{"maxheight":"1.75"}},{"type":"Feature","geometry":{"type":"Point","coordinates":[6.9040805,50.8194943]},"properties":{"maxwidth":"1.25"}},{"type":"Feature","geometry":{"type":"Point","coordinates":[6.0831398,50.7642374]},"properties":{"goods":"no"}},{"type":"Feature","geometry":{"type":"Point","coordinates":[6.0832891,50.7643493]},"properties":{"goods":"no"}},{"type":"Feature","geometry":{"type":"Point","coordinates":[6.0834353,50.7644588]},"properties":{"goods":"no"}},{"type":"Feature","geometry":{"type":"Point","coordinates":[6.0835824,50.7645689]},"properties":{"goods":"no"}},{"type":"Feature","geometry":{"type":"Point","coordinates":[6.8570507,50.9382615]},"properties":{"maxheight":"2.1"}},{"type":"Feature","geometry":{"type":"Point","coordinates":[6.9479359,50.9376267]},"properties":{"maxheight":"3.6"}},{"type":"Feature","geometry":{"type":"Point","coordinates":[6.1624229,50.7407573]},"properties":{"maxheight":"2"}},{"type":"Feature","geometry":{"type":"Point","coordinates":[6.9532124,50.941224]},"properties":{"maxwidth":"1"}},{"type":"Feature","geometry":{"type":"Point","coordinates":[6.9029802,50.9172417]},"properties":{"maxwidth":"1"}},{"type":"Feature","geometry":{"type":"Point","coordinates":[6.9159363,50.9614432]},"properties":{"maxwidth":"0.8"}},{"type":"Feature","geometry":{"type":"Point","coordinates":[6.0616632,50.7715513]},"properties":{"maxheight":"1.95"}},{"type":"Feature","geometry":{"type":"Point","coordinates":[6.96192,50.930597]},"properties":{"hgv":"no"}},{"type":"Feature","geometry":{"type":"Point","coordinates":[6.9617707,50.9304931]},"properties":{"hgv":"no"}},{"type":"Feature","geometry":{"type":"Point","coordinates":[6.9551351,50.9518416]},"properties":{"maxheight":"2.07"}},{"type":"Feature","geometry":{"type":"Point","coordinates":[6.9255066,50.934642]},"properties":{"maxwidth":"1"}},{"type":"Feature","geometry":{"type":"Point","coordinates":[6.0349381,50.818716]},"properties":{"maxheight":"4.0"}},{"type":"Feature","geometry":{"type":"Point","coordinates":[6.9609898,50.760951]},"properties":{"maxwidth":"1.5"}},{"type":"Feature","geometry":{"type":"Point","coordinates":[6.9607817,50.7604978]},"properties":{"maxwidth":"1.5"}},{"type":"Feature","geometry":{"type":"Point","coordinates":[6.0622454,50.7713704]},"properties":{"maxheight":"2"}},{"type":"Feature","geometry":{"type":"Point","coordinates":[6.4325461,50.8313785]},"properties":{"maxwidth":"1"}},{"type":"Feature","geometry":{"type":"Point","coordinates":[6.9605414,50.9035512]},"properties":{"maxwidth":"1"}},{"type":"Feature","geometry":{"type":"Point","coordinates":[6.5957525,50.9409801]},"properties":{"maxwidth":"3.7"}},{"type":"Feature","geometry":{"type":"Point","coordinates":[6.535377,50.034876]},"properties":{"hgv":"yes"}},{"type":"Feature","geometry":{"type":"Point","coordinates":[6.5349529,50.0346519]},"properties":{"hgv":"yes"}},{"type":"Feature","geometry":{"type":"Point","coordinates":[6.925279,50.925713]},"properties":{"maxheight":"2.1"}},{"type":"Feature","geometry":{"type":"Point","coordinates":[6.4823581,50.8083895]},"properties":{"maxwidth":"1.5"}},{"type":"Feature","geometry":{"type":"Point","coordinates":[6.4723179,50.8260545]},"properties":{"maxwidth":"1.5"}},{"type":"Feature","geometry":{"type":"Point","coordinates":[6.4715803,50.8254992]},"properties":{"maxwidth":"2"}},{"type":"Feature","geometry":{"type":"Point","coordinates":[6.9405043,50.9323156]},"properties":{"maxheight":"1.9"}},{"type":"Feature","geometry":{"type":"Point","coordinates":[6.937443,50.9961112]},"properties":{"maxheight":"1.8"}},{"type":"Feature","geometry":{"type":"Point","coordinates":[6.9419833,50.9311054]},"properties":{"maxheight":"2"}},{"type":"Feature","geometry":{"type":"Point","coordinates":[6.875032,50.0007853]},"properties":{"maxwidth":"3"}},{"type":"Feature","geometry":{"type":"Point","coordinates":[6.9408574,50.9333148]},"properties":{"maxheight":"1.95"}},{"type":"Feature","geometry":{"type":"Point","coordinates":[6.8450378,50.9695295]},"properties":{"maxwidth":"3"}},{"type":"Feature","geometry":{"type":"Point","coordinates":[6.8766284,50.920058]},"properties":{"maxwidth":"1.3"}},{"type":"Feature","geometry":{"type":"Point","coordinates":[6.876661,50.9199703]},"properties":{"maxwidth":"1.3"}},{"type":"Feature","geometry":{"type":"Point","coordinates":[6.0851475,50.7779602]},"properties":{"maxheight":"1.8"}},{"type":"Feature","geometry":{"type":"Point","coordinates":[6.9006132,50.9362124]},"properties":{"hgv":"destination"}},{"type":"Feature","geometry":{"type":"Point","coordinates":[6.8971605,50.9995018]},"properties":{"maxheight":"default"}},{"type":"Feature","geometry":{"type":"Point","coordinates":[6.9409894,50.9285798]},"properties":{"maxheight":"3.8"}},{"type":"Feature","geometry":{"type":"Point","coordinates":[6.9361833,50.9258845]},"properties":{"hgv":"destination"}},{"type":"Feature","geometry":{"type":"Point","coordinates":[6.9373947,50.925116]},"properties":{"hgv":"destination"}},{"type":"Feature","geometry":{"type":"Point","coordinates":[6.9090089,50.6872926]},"properties":{"maxheight":"default"}},{"type":"Feature","geometry":{"type":"Point","coordinates":[6.9382802,50.9526894]},"properties":{"maxheight":"default"}},{"type":"Feature","geometry":{"type":"Point","coordinates":[6.9305468,50.9089292]},"properties":{"maxheight":"3.50"}},{"type":"Feature","geometry":{"type":"Point","coordinates":[6.8664965,50.9626625]},"properties":{"maxheight":"default"}},{"type":"Feature","geometry":{"type":"Point","coordinates":[6.8222078,50.7681022]},"properties":{"maxheight":"default"}},{"type":"Feature","geometry":{"type":"Point","coordinates":[6.952984,50.9408238]},"properties":{"maxheight":"default"}},{"type":"Feature","geometry":{"type":"Point","coordinates":[6.9701912,50.8848335]},"properties":{"maxheight":"default"}},{"type":"Feature","geometry":{"type":"Point","coordinates":[6.9547507,50.6184456]},"properties":{"maxweight":"3.5"}},{"type":"Feature","geometry":{"type":"Point","coordinates":[6.9146852,50.670054]},"properties":{"hgv":"delivery"}},{"type":"Feature","geometry":{"type":"Point","coordinates":[6.1171007,50.7639879]},"properties":{"hgv":"destination"}},{"type":"Feature","geometry":{"type":"Point","coordinates":[6.0794672,50.7578195]},"properties":{"maxheight":"default"}},{"type":"Feature","geometry":{"type":"Point","coordinates":[6.6224167,50.9439167]},"properties":{"maxheight":"default"}},{"type":"Feature","geometry":{"type":"Point","coordinates":[6.6198099,50.9446926]},"properties":{"maxheight":"default"}},{"type":"Feature","geometry":{"type":"Point","coordinates":[6.6850707,50.9121314]},"properties":{"maxheight":"default"}},{"type":"Feature","geometry":{"type":"Point","coordinates":[6.6722497,50.9247949]},"properties":{"maxheight":"default"}},{"type":"Feature","geometry":{"type":"Point","coordinates":[6.9621838,50.9360823]},"properties":{"hgv":"no"}},{"type":"Feature","geometry":{"type":"Point","coordinates":[6.9693009,50.9366752]},"properties":{"hgv":"no","maxheight":"3.5","maxlength":"7"}},{"type":"Feature","geometry":{"type":"Point","coordinates":[6.9606239,50.9352287]},"properties":{"hgv":"no"}},{"type":"Feature","geometry":{"type":"Point","coordinates":[6.1977966,50.9192022]},"properties":{"hgv":"delivery"}},{"type":"Feature","geometry":{"type":"Point","coordinates":[6.2908914,50.8993806]},"properties":{"hgv":"destination"}},{"type":"Feature","geometry":{"type":"Point","coordinates":[6.3154424,50.9250718]},"properties":{"maxweight":"7.5"}},{"type":"Feature","geometry":{"type":"Point","coordinates":[6.9896207,50.8088268]},"properties":{"maxheight":"default"}},{"type":"Feature","geometry":{"type":"Point","coordinates":[6.8366569,50.7812557]},"properties":{"maxheight":"default"}},{"type":"Feature","geometry":{"type":"Point","coordinates":[6.9238918,50.9462738]},"properties":{"maxweight":"26"}},{"type":"Feature","geometry":{"type":"Point","coordinates":[6.9229606,50.9460719]},"properties":{"maxweight":"26"}},{"type":"Feature","geometry":{"type":"Point","coordinates":[6.9185369,50.9519568]},"properties":{"maxheight":"3.2"}},{"type":"Feature","geometry":{"type":"Point","coordinates":[6.9500286,50.9559797]},"properties":{"maxweight":"5.5"}},{"type":"Feature","geometry":{"type":"Point","coordinates":[6.1021302,50.7796013]},"properties":{"hgv":"no"}},{"type":"Feature","geometry":{"type":"Point","coordinates":[6.0765749,50.7579609]},"properties":{"hgv":"destination"}},{"type":"Feature","geometry":{"type":"Point","coordinates":[6.1235462,50.817456]},"properties":{"hgv":"delivery"}},{"type":"Feature","geometry":{"type":"Point","coordinates":[6.1279687,50.821932]},"properties":{"hgv":"delivery"}},{"type":"Feature","geometry":{"type":"Point","coordinates":[6.1186166,50.7906555]},"properties":{"hgv":"destination"}},{"type":"Feature","geometry":{"type":"Point","coordinates":[6.9000129,50.9419994]},"properties":{"maxweight":"1.5"}},{"type":"Feature","geometry":{"type":"Point","coordinates":[6.4114881,50.7050552]},"properties":{"hgv":"agricultural","maxweight":"7.5"}},{"type":"Feature","geometry":{"type":"Point","coordinates":[6.9289723,50.9517729]},"properties":{"hgv":"no"}},{"type":"Feature","geometry":{"type":"Point","coordinates":[6.9294008,50.9510145]},"properties":{"hgv":"destination"}},{"type":"Feature","geometry":{"type":"Point","coordinates":[6.5300935,50.0381434]},"properties":{"maxheight":"default"}},{"type":"Feature","geometry":{"type":"Point","coordinates":[6.1271618,50.8253822]},"properties":{"hgv":"delivery"}},{"type":"Feature","geometry":{"type":"Point","coordinates":[6.1018726,50.8461825]},"properties":{"hgv":"destination"}},{"type":"Feature","geometry":{"type":"Point","coordinates":[6.07867,50.7655334]},"properties":{"maxheight:physical":"3.3"}},{"type":"Feature","geometry":{"type":"Point","coordinates":[6.0784508,50.7651378]},"properties":{"maxwidth":"1"}},{"type":"Feature","geometry":{"type":"Point","coordinates":[6.9797853,50.6844884]},"properties":{"maxwidth":"2.3"}},{"type":"Feature","geometry":{"type":"Point","coordinates":[6.0641221,50.7753608]},"properties":{"maxweight":"3.5"}},{"type":"Feature","geometry":{"type":"Point","coordinates":[6.0804996,50.7728058]},"properties":{"maxweight":"3.5"}},{"type":"Feature","geometry":{"type":"Point","coordinates":[6.1320733,50.7770005]},"properties":{"hgv":"destination"}},{"type":"Feature","geometry":{"type":"Point","coordinates":[6.0827222,50.7826555]},"properties":{"hgv":"destination"}},{"type":"Feature","geometry":{"type":"Point","coordinates":[6.1599882,50.7621442]},"properties":{"hgv":"destination"}},{"type":"Feature","geometry":{"type":"Point","coordinates":[6.9075651,50.9343772]},"properties":{"hgv":"destination"}},{"type":"Feature","geometry":{"type":"Point","coordinates":[6.9051101,50.9310624]},"properties":{"hgv":"destination"}},{"type":"Feature","geometry":{"type":"Point","coordinates":[6.2949058,50.936067]},"properties":{"hgv":"destination"}},{"type":"Feature","geometry":{"type":"Point","coordinates":[6.3716013,50.9203532]},"properties":{"hgv":"destination"}},{"type":"Feature","geometry":{"type":"Point","coordinates":[6.3753412,50.9299967]},"properties":{"maxheight":"none"}},{"type":"Feature","geometry":{"type":"Point","coordinates":[6.0561835,50.7729114]},"properties":{"maxweight":"3.5"}},{"type":"Feature","geometry":{"type":"Point","coordinates":[6.5519477,50.7362658]},"properties":{"hgv":"delivery"}},{"type":"Feature","geometry":{"type":"Point","coordinates":[6.4847969,50.8084814]},"properties":{"hgv":"destination"}},{"type":"Feature","geometry":{"type":"Point","coordinates":[6.0525522,50.8273879]},"properties":{"maxweight":"9"}},{"type":"Feature","geometry":{"type":"Point","coordinates":[6.048908,50.8324437]},"properties":{"maxweight":"3.5"}},{"type":"Feature","geometry":{"type":"Point","coordinates":[6.0473042,50.8357339]},"properties":{"maxweight":"3.5"}},{"type":"Feature","geometry":{"type":"Point","coordinates":[6.3559803,50.9208468]},"properties":{"maxheight":"3.6"}},{"type":"Feature","geometry":{"type":"Point","coordinates":[6.2804031,50.9668356]},"properties":{"maxweight":"12"}},{"type":"Feature","geometry":{"type":"Point","coordinates":[6.2909795,50.9566775]},"properties":{"maxweight":"7.5"}},{"type":"Feature","geometry":{"type":"Point","coordinates":[6.9527718,50.9424092]},"properties":{"maxheight":"default"}},{"type":"Feature","geometry":{"type":"Point","coordinates":[6.9526716,50.9423859]},"properties":{"maxheight":"none"}},{"type":"Feature","geometry":{"type":"Point","coordinates":[6.02077,50.76923]},"properties":{"hgv":"no"}},{"type":"Feature","geometry":{"type":"Point","coordinates":[6.0869841,50.8782761]},"properties":{"hgv":"no"}},{"type":"Feature","geometry":{"type":"Point","coordinates":[6.0831206,50.8770737]},"properties":{"hgv":"no"}},{"type":"Feature","geometry":{"type":"Point","coordinates":[6.0239851,50.8188621]},"properties":{"hgv":"use_sidepath"}},{"type":"Feature","geometry":{"type":"Point","coordinates":[6.0241489,50.8189384]},"properties":{"hgv":"designated"}},{"type":"Feature","geometry":{"type":"Point","coordinates":[6.0256912,50.8174162]},"properties":{"hgv":"designated"}},{"type":"Feature","geometry":{"type":"Point","coordinates":[6.6665896,50.9762342]},"properties":{"maxheight":"none"}},{"type":"Feature","geometry":{"type":"Point","coordinates":[6.8490167,50.9367805]},"properties":{"maxheight":"default"}},{"type":"Feature","geometry":{"type":"Point","coordinates":[6.8494409,50.9358264]},"properties":{"maxheight":"default"}},{"type":"Feature","geometry":{"type":"Point","coordinates":[6.87119,50.9522246]},"properties":{"maxheight":"default"}},{"type":"Feature","geometry":{"type":"Point","coordinates":[6.6239504,50.957523]},"properties":{"maxweight":"16"}},{"type":"Feature","geometry":{"type":"Point","coordinates":[6.6901377,50.8919965]},"properties":{"maxheight":"default"}},{"type":"Feature","geometry":{"type":"Point","coordinates":[6.1747364,50.7427505]},"properties":{"maxlength":"10"}},{"type":"Feature","geometry":{"type":"Point","coordinates":[6.1766052,50.7431753]},"properties":{"maxlength":"12"}},{"type":"Feature","geometry":{"type":"Point","coordinates":[6.6267734,50.8580082]},"properties":{"hgv":"no"}},{"type":"Feature","geometry":{"type":"Point","coordinates":[6.3433531,50.9982495]},"properties":{"hgv":"destination"}},{"type":"Feature","geometry":{"type":"Point","coordinates":[6.1210066,50.8184951]},"properties":{"hgv":"no"}},{"type":"Feature","geometry":{"type":"Point","coordinates":[6.5774872,50.86193]},"properties":{"hgv":"no"}},{"type":"Feature","geometry":{"type":"Point","coordinates":[6.5755051,50.8628911]},"properties":{"maxheight":"default"}},{"type":"Feature","geometry":{"type":"Point","coordinates":[6.569045,50.9320475]},"properties":{"hgv":"no"}},{"type":"Feature","geometry":{"type":"Point","coordinates":[6.3570445,50.9240835]},"properties":{"hgv":"destination"}},{"type":"Feature","geometry":{"type":"Point","coordinates":[6.3663233,50.9227132]},"properties":{"hgv":"destination"}},{"type":"Feature","geometry":{"type":"Point","coordinates":[6.0542246,50.7857819]},"properties":{"hgv":"no"}},{"type":"Feature","geometry":{"type":"Point","coordinates":[6.0626764,50.7952946]},"properties":{"hgv":"destination"}},{"type":"Feature","geometry":{"type":"Point","coordinates":[6.6867983,50.9057048]},"properties":{"maxheight":"2.6"}},{"type":"Feature","geometry":{"type":"Point","coordinates":[6.1262179,50.7653366]},"properties":{"maxheight":"default"}},{"type":"Feature","geometry":{"type":"Point","coordinates":[6.3268544,50.9162738]},"properties":{"maxheight":"default"}},{"type":"Feature","geometry":{"type":"Point","coordinates":[6.7747873,50.9587691]},"properties":{"hgv":"destination"}},{"type":"Feature","geometry":{"type":"Point","coordinates":[6.9789671,50.9397517]},"properties":{"maxheight":"3.1"}},{"type":"Feature","geometry":{"type":"Point","coordinates":[6.0477837,50.7734261]},"properties":{"maxheight":"default"}},{"type":"Feature","geometry":{"type":"Point","coordinates":[6.0479205,50.7733796]},"properties":{"maxheight":"default"}},{"type":"Feature","geometry":{"type":"Point","coordinates":[6.3673181,50.9199798]},"properties":{"hgv":"destination"}},{"type":"Feature","geometry":{"type":"Point","coordinates":[6.8224403,50.9294243]},"properties":{"maxheight":"default"}},{"type":"Feature","geometry":{"type":"Point","coordinates":[6.2059165,50.9964432]},"properties":{"hgv":"destination"}},{"type":"Feature","geometry":{"type":"Point","coordinates":[6.211861,50.9964217]},"properties":{"hgv":"destination"}},{"type":"Feature","geometry":{"type":"Point","coordinates":[6.8489568,50.9328029]},"properties":{"maxheight":"default"}},{"type":"Feature","geometry":{"type":"Point","coordinates":[6.8417754,50.9010285]},"properties":{"maxheight":"default"}},{"type":"Feature","geometry":{"type":"Point","coordinates":[6.7751668,50.9284636]},"properties":{"hgv":"designated"}},{"type":"Feature","geometry":{"type":"Point","coordinates":[6.7793358,50.9284746]},"properties":{"hgv":"no"}},{"type":"Feature","geometry":{"type":"Point","coordinates":[6.7769831,50.928587]},"properties":{"hgv":"designated"}},{"type":"Feature","geometry":{"type":"Point","coordinates":[6.9039177,50.9012583]},"properties":{"maxheight":"default"}},{"type":"Feature","geometry":{"type":"Point","coordinates":[6.6950771,50.8954542]},"properties":{"maxheight":"default"}},{"type":"Feature","geometry":{"type":"Point","coordinates":[6.9874764,50.8099179]},"properties":{"maxheight":"default"}},{"type":"Feature","geometry":{"type":"Point","coordinates":[6.8540284,50.6886463]},"properties":{"hgv":"destination"}},{"type":"Feature","geometry":{"type":"Point","coordinates":[6.083,50.7831825]},"properties":{"hgv":"no"}},{"type":"Feature","geometry":{"type":"Point","coordinates":[6.9167726,50.7924888]},"properties":{"hgv":"destination"}},{"type":"Feature","geometry":{"type":"Point","coordinates":[6.9306937,50.9028252]},"properties":{"hgv":"destination"}},{"type":"Feature","geometry":{"type":"Point","coordinates":[6.9490885,50.9177745]},"properties":{"maxheight":"4.1"}},{"type":"Feature","geometry":{"type":"Point","coordinates":[6.9493201,50.9183009]},"properties":{"maxheight":"4.1"}},{"type":"Feature","geometry":{"type":"Point","coordinates":[6.9345572,50.9223255]},"properties":{"maxheight":"below_default"}},{"type":"Feature","geometry":{"type":"Point","coordinates":[6.2459156,50.8268426]},"properties":{"hgv":"destination"}},{"type":"Feature","geometry":{"type":"Point","coordinates":[6.6128665,50.9596922]},"properties":{"hgv":"no"}},{"type":"Feature","geometry":{"type":"Point","coordinates":[6.7118192,50.9023809]},"properties":{"maxheight":"2.5"}},{"type":"Feature","geometry":{"type":"Point","coordinates":[6.7152738,50.882679]},"properties":{"maxwidth":"4.5","maxweight":"7.5"}},{"type":"Feature","geometry":{"type":"Point","coordinates":[6.7353739,50.8617793]},"properties":{"maxweight":"3.5"}},{"type":"Feature","geometry":{"type":"Point","coordinates":[6.1128238,50.7683243]},"properties":{"maxheight":"default"}},{"type":"Feature","geometry":{"type":"Point","coordinates":[6.1823636,50.7291385]},"properties":{"hgv":"no"}},{"type":"Feature","geometry":{"type":"Point","coordinates":[6.0384367,50.7748563]},"properties":{"hgv":"no"}},{"type":"Feature","geometry":{"type":"Point","coordinates":[6.1015821,50.7714154]},"properties":{"maxlength":"12"}},{"type":"Feature","geometry":{"type":"Point","coordinates":[6.0927511,50.7624044]},"properties":{"maxheight":"3.5"}},{"type":"Feature","geometry":{"type":"Point","coordinates":[6.0873365,50.768282]},"properties":{"maxlength":"10"}},{"type":"Feature","geometry":{"type":"Point","coordinates":[6.1424619,50.8595142]},"properties":{"hgv":"destination"}},{"type":"Feature","geometry":{"type":"Point","coordinates":[6.8697024,50.6202008]},"properties":{"maxweight":"3.5"}},{"type":"Feature","geometry":{"type":"Point","coordinates":[6.8697455,50.6141162]},"properties":{"maxweight":"3.5"}},{"type":"Feature","geometry":{"type":"Point","coordinates":[6.1026654,50.772974]},"properties":{"maxlength":"12"}},{"type":"Feature","geometry":{"type":"Point","coordinates":[6.7519409,50.8497426]},"properties":{"maxweight":"3"}},{"type":"Feature","geometry":{"type":"Point","coordinates":[6.6514748,50.2257964]},"properties":{"hgv":"delivery"}},{"type":"Feature","geometry":{"type":"Point","coordinates":[6.1092752,50.7659212]},"properties":{"maxheight":"4"}},{"type":"Feature","geometry":{"type":"Point","coordinates":[6.1130732,50.8444746]},"properties":{"hgv":"destination"}},{"type":"Feature","geometry":{"type":"Point","coordinates":[6.1309117,50.8029826]},"properties":{"maxheight":"4"}},{"type":"Feature","geometry":{"type":"Point","coordinates":[6.7659956,50.5541215]},"properties":{"maxheight":"2.1","maxwidth":"2.6"}},{"type":"Feature","geometry":{"type":"Point","coordinates":[6.1203888,50.7706068]},"properties":{"hgv":"no"}},{"type":"Feature","geometry":{"type":"Point","coordinates":[6.9580657,50.9400922]},"properties":{"maxweight":"10"}},{"type":"Feature","geometry":{"type":"Point","coordinates":[6.1284678,50.7143221]},"properties":{"maxweight":"12"}},{"type":"Feature","geometry":{"type":"Point","coordinates":[6.0540129,50.7975415]},"properties":{"maxweight":"3.5"}},{"type":"Feature","geometry":{"type":"Point","coordinates":[6.0530295,50.7949207]},"properties":{"maxweight":"3.5"}},{"type":"Feature","geometry":{"type":"Point","coordinates":[6.053116,50.7944883]},"properties":{"maxweight":"3.5"}},{"type":"Feature","geometry":{"type":"Point","coordinates":[6.0531531,50.7953002]},"properties":{"maxweight":"3.5"}},{"type":"Feature","geometry":{"type":"Point","coordinates":[6.0530539,50.7950404]},"properties":{"maxweight":"3.5"}},{"type":"Feature","geometry":{"type":"Point","coordinates":[6.0597485,50.7949054]},"properties":{"hgv":"destination"}},{"type":"Feature","geometry":{"type":"Point","coordinates":[6.3583672,50.9149412]},"properties":{"hgv":"destination"}},{"type":"Feature","geometry":{"type":"Point","coordinates":[6.9526388,50.9368069]},"properties":{"maxheight":"3.8"}},{"type":"Feature","geometry":{"type":"Point","coordinates":[6.9986305,50.9623642]},"properties":{"hgv":"destination"}},{"type":"Feature","geometry":{"type":"Point","coordinates":[6.9750463,50.7620123]},"properties":{"maxweight":"7.5"}},{"type":"Feature","geometry":{"type":"Point","coordinates":[6.978278,50.7631126]},"properties":{"hgv":"destination","maxweightrating:hgv":"7.5"}},{"type":"Feature","geometry":{"type":"Point","coordinates":[6.0868435,50.7684164]},"properties":{"maxlength":"10"}},{"type":"Feature","geometry":{"type":"Point","coordinates":[6.0718839,50.7506281]},"properties":{"hgv":"destination"}},{"type":"Feature","geometry":{"type":"Point","coordinates":[6.0386674,50.7277947]},"properties":{"maxweight":"7.5"}},{"type":"Feature","geometry":{"type":"Point","coordinates":[6.1655268,50.6873536]},"properties":{"maxweight":"3.5"}},{"type":"Feature","geometry":{"type":"Point","coordinates":[6.2486957,50.5870436]},"properties":{"maxweight":"3.5"}},{"type":"Feature","geometry":{"type":"Point","coordinates":[6.2108579,50.6850355]},"properties":{"maxweight":"16"}},{"type":"Feature","geometry":{"type":"Point","coordinates":[6.0587589,50.8039794]},"properties":{"maxweight":"7.5"}},{"type":"Feature","geometry":{"type":"Point","coordinates":[6.0538249,50.8055771]},"properties":{"maxweight":"3.5"}},{"type":"Feature","geometry":{"type":"Point","coordinates":[6.0495355,50.8015359]},"properties":{"hgv":"destination"}},{"type":"Feature","geometry":{"type":"Point","coordinates":[6.1557673,50.7958201]},"properties":{"maxweight":"7.5"}},{"type":"Feature","geometry":{"type":"Point","coordinates":[6.2144008,50.786816]},"properties":{"hgv":"no"}},{"type":"Feature","geometry":{"type":"Point","coordinates":[6.168423,50.7647211]},"properties":{"hgv":"destination"}},{"type":"Feature","geometry":{"type":"Point","coordinates":[6.9330575,50.9643685]},"properties":{"maxheight:physical":"1.8"}},{"type":"Feature","geometry":{"type":"Point","coordinates":[6.2500535,50.5765184]},"properties":{"maxweight":"7.5"}},{"type":"Feature","geometry":{"type":"Point","coordinates":[6.1249628,50.8190969]},"properties":{"hgv":"delivery"}},{"type":"Feature","geometry":{"type":"Point","coordinates":[6.9279252,50.9594509]},"properties":{"maxheight":"4"}},{"type":"Feature","geometry":{"type":"Point","coordinates":[6.9372339,50.9503451]},"properties":{"maxheight":"default"}},{"type":"Feature","geometry":{"type":"Point","coordinates":[6.2823756,50.8200463]},"properties":{"hgv":"destination"}},{"type":"Feature","geometry":{"type":"Point","coordinates":[6.1670183,50.8255826]},"properties":{"hgv":"destination","maxweight":"7.5"}},{"type":"Feature","geometry":{"type":"Point","coordinates":[6.6597124,50.2236658]},"properties":{"maxheight":"default"}},{"type":"Feature","geometry":{"type":"Point","coordinates":[6.5646223,50.3515285]},"properties":{"maxheight":"2"}},{"type":"Feature","geometry":{"type":"Point","coordinates":[6.0604568,50.8001369]},"properties":{"maxheight":"4"}},{"type":"Feature","geometry":{"type":"Point","coordinates":[6.0527516,50.8024503]},"properties":{"maxweight":"7.5"}},{"type":"Feature","geometry":{"type":"Point","coordinates":[6.3563971,50.9252889]},"properties":{"hgv":"destination"}},{"type":"Feature","geometry":{"type":"Point","coordinates":[6.3449199,50.9992265]},"properties":{"hgv":"destination"}},{"type":"Feature","geometry":{"type":"Point","coordinates":[6.1649863,50.7519409]},"properties":{"hgv":"destination"}},{"type":"Feature","geometry":{"type":"Point","coordinates":[6.1317012,50.8612083]},"properties":{"hgv":"destination"}},{"type":"Feature","geometry":{"type":"Point","coordinates":[6.0915305,50.7626507]},"properties":{"maxheight":"4"}},{"type":"Feature","geometry":{"type":"Point","coordinates":[6.1621735,50.7548666]},"properties":{"hgv":"no"}},{"type":"Feature","geometry":{"type":"Point","coordinates":[6.1684352,50.7634805]},"properties":{"hgv":"destination"}},{"type":"Feature","geometry":{"type":"Point","coordinates":[6.166512,50.7672223]},"properties":{"maxheight":"3.6"}},{"type":"Feature","geometry":{"type":"Point","coordinates":[6.1233552,50.7692566]},"properties":{"hgv":"no"}},{"type":"Feature","geometry":{"type":"Point","coordinates":[6.1033461,50.7698391]},"properties":{"maxlength":"12"}},{"type":"Feature","geometry":{"type":"Point","coordinates":[6.1381921,50.7691529]},"properties":{"hgv":"destination"}},{"type":"Feature","geometry":{"type":"Point","coordinates":[6.0542703,50.801333]},"properties":{"hgv":"destination"}},{"type":"Feature","geometry":{"type":"Point","coordinates":[6.3661733,50.8930633]},"properties":{"maxweight":"24"}},{"type":"Feature","geometry":{"type":"Point","coordinates":[6.0904143,50.8697351]},"properties":{"hgv":"no"}},{"type":"Feature","geometry":{"type":"Point","coordinates":[6.3581265,50.9140034]},"properties":{"hgv":"destination"}},{"type":"Feature","geometry":{"type":"Point","coordinates":[6.3593429,50.9114809]},"properties":{"hgv":"destination"}},{"type":"Feature","geometry":{"type":"Point","coordinates":[6.3532666,50.9234456]},"properties":{"hgv":"no"}},{"type":"Feature","geometry":{"type":"Point","coordinates":[6.0394755,50.771097]},"properties":{"maxheight":"3"}},{"type":"Feature","geometry":{"type":"Point","coordinates":[6.2389935,50.5524302]},"properties":{"hgv":"no"}},{"type":"Feature","geometry":{"type":"Point","coordinates":[6.0935098,50.8675627]},"properties":{"maxheight":"default"}},{"type":"Feature","geometry":{"type":"Point","coordinates":[6.2394778,50.8169489]},"properties":{"hgv":"no"}},{"type":"Feature","geometry":{"type":"Point","coordinates":[6.2389561,50.8230391]},"properties":{"maxheight":"4 m"}},{"type":"Feature","geometry":{"type":"Point","coordinates":[6.1684925,50.7670869]},"properties":{"hgv":"destination"}},{"type":"Feature","geometry":{"type":"Point","coordinates":[6.1082983,50.8578165]},"properties":{"hgv":"no"}},{"type":"Feature","geometry":{"type":"Point","coordinates":[6.1786959,50.6507474]},"properties":{"maxweight":"7.5"}},{"type":"Feature","geometry":{"type":"Point","coordinates":[6.8593092,50.221899]},"properties":{"maxheight":"default"}},{"type":"Feature","geometry":{"type":"Point","coordinates":[6.2304402,50.7652089]},"properties":{"maxheight":"default"}},{"type":"Feature","geometry":{"type":"Point","coordinates":[6.0998182,50.7744011]},"properties":{"maxheight":"1.9"}},{"type":"Feature","geometry":{"type":"Point","coordinates":[6.0923224,50.867821]},"properties":{"maxweight":"7.5"}},{"type":"Feature","geometry":{"type":"Point","coordinates":[6.0743541,50.83074]},"properties":{"hgv":"no"}},{"type":"Feature","geometry":{"type":"Point","coordinates":[6.0879837,50.8790887]},"properties":{"hgv":"no"}},{"type":"Feature","geometry":{"type":"Point","coordinates":[6.087201,50.8784596]},"properties":{"hgv":"no","maxweight":"30"}},{"type":"Feature","geometry":{"type":"Point","coordinates":[6.1809887,50.778088]},"properties":{"maxweight":"2.8"}},{"type":"Feature","geometry":{"type":"Point","coordinates":[6.1672682,50.7767598]},"properties":{"maxweight":"7.5"}},{"type":"Feature","geometry":{"type":"Point","coordinates":[6.1752547,50.7797866]},"properties":{"maxweight":"2.8"}},{"type":"Feature","geometry":{"type":"Point","coordinates":[6.1474991,50.7813259]},"properties":{"hgv":"destination","maxweight":"7.5"}},{"type":"Feature","geometry":{"type":"Point","coordinates":[6.1626842,50.7826046]},"properties":{"hgv":"destination"}},{"type":"Feature","geometry":{"type":"Point","coordinates":[6.1609276,50.7752165]},"properties":{"hgv":"no"}},{"type":"Feature","geometry":{"type":"Point","coordinates":[6.3219612,50.9294294]},"properties":{"hgv":"destination"}},{"type":"Feature","geometry":{"type":"Point","coordinates":[6.3264296,50.9286282]},"properties":{"hgv":"destination"}},{"type":"Feature","geometry":{"type":"Point","coordinates":[6.3262618,50.9259095]},"properties":{"hgv":"destination"}},{"type":"Feature","geometry":{"type":"Point","coordinates":[6.3230876,50.9299694]},"properties":{"hgv":"destination"}},{"type":"Feature","geometry":{"type":"Point","coordinates":[6.1571529,50.791331]},"properties":{"maxweightrating:hgv":"7.5"}},{"type":"Feature","geometry":{"type":"Point","coordinates":[6.1628011,50.7900112]},"properties":{"hgv":"destination"}},{"type":"Feature","geometry":{"type":"Point","coordinates":[6.1542486,50.7997696]},"properties":{"maxweight":"2.8"}},{"type":"Feature","geometry":{"type":"Point","coordinates":[6.1568534,50.7859446]},"properties":{"maxheight":"2.8","maxwidth":"2.1"}},{"type":"Feature","geometry":{"type":"Point","coordinates":[6.1630039,50.7887854]},"properties":{"hgv":"destination"}},{"type":"Feature","geometry":{"type":"Point","coordinates":[6.1615971,50.7877312]},"properties":{"hgv":"destination"}},{"type":"Feature","geometry":{"type":"Point","coordinates":[6.1386314,50.7863211]},"properties":{"hgv":"no"}},{"type":"Feature","geometry":{"type":"Point","coordinates":[6.1381478,50.7863437]},"properties":{"hgv":"no"}},{"type":"Feature","geometry":{"type":"Point","coordinates":[6.1620584,50.7864926]},"properties":{"maxheight":"2.6"}},{"type":"Feature","geometry":{"type":"Point","coordinates":[6.1889907,50.8069528]},"properties":{"maxheight":"4"}},{"type":"Feature","geometry":{"type":"Point","coordinates":[6.1699106,50.798173]},"properties":{"maxweight":"16"}},{"type":"Feature","geometry":{"type":"Point","coordinates":[6.0696762,50.8086286]},"properties":{"hgv":"destination"}},{"type":"Feature","geometry":{"type":"Point","coordinates":[6.061939,50.8095688]},"properties":{"hgv":"destination"}},{"type":"Feature","geometry":{"type":"Point","coordinates":[6.0708877,50.8400164]},"properties":{"maxweight":"3.5"}},{"type":"Feature","geometry":{"type":"Point","coordinates":[6.4633202,50.8027295]},"properties":{"maxheight":"default"}},{"type":"Feature","geometry":{"type":"Point","coordinates":[6.0648627,50.809669]},"properties":{"hgv":"destination"}},{"type":"Feature","geometry":{"type":"Point","coordinates":[6.5531687,50.734632]},"properties":{"hgv":"destination"}},{"type":"Feature","geometry":{"type":"Point","coordinates":[6.7541926,50.2523966]},"properties":{"hgv":"destination"}},{"type":"Feature","geometry":{"type":"Point","coordinates":[6.1164212,50.886001]},"properties":{"hgv":"destination"}},{"type":"Feature","geometry":{"type":"Point","coordinates":[6.1155715,50.8851618]},"properties":{"hgv":"destination"}},{"type":"Feature","geometry":{"type":"Point","coordinates":[6.2191539,50.7286745]},"properties":{"maxweight":"2.8"}},{"type":"Feature","geometry":{"type":"Point","coordinates":[6.9217223,50.9456203]},"properties":{"maxweight":"26"}},{"type":"Feature","geometry":{"type":"Point","coordinates":[6.2120285,50.6820346]},"properties":{"maxweight":"2.5"}},{"type":"Feature","geometry":{"type":"Point","coordinates":[6.036148,50.7664388]},"properties":{"maxweight":"3.5"}},{"type":"Feature","geometry":{"type":"Point","coordinates":[6.6856296,50.2318046]},"properties":{"hgv":"destination"}},{"type":"Feature","geometry":{"type":"Point","coordinates":[6.1431677,50.7463278]},"properties":{"maxheight":"4.0"}},{"type":"Feature","geometry":{"type":"Point","coordinates":[6.1339498,50.7132485]},"properties":{"hgv":"destination","maxweight":"12"}},{"type":"Feature","geometry":{"type":"Point","coordinates":[6.1231525,50.7127557]},"properties":{"hgv":"destination","maxweight":"7.5"}},{"type":"Feature","geometry":{"type":"Point","coordinates":[6.1229679,50.7125417]},"properties":{"hgv":"destination","maxweight":"7.5"}},{"type":"Feature","geometry":{"type":"Point","coordinates":[6.9375602,50.8662548]},"properties":{"hgv":"no"}},{"type":"Feature","geometry":{"type":"Point","coordinates":[6.1946817,50.7126234]},"properties":{"maxweight":"0.5"}},{"type":"Feature","geometry":{"type":"Point","coordinates":[6.1874418,50.6378848]},"properties":{"maxweight":"24"}},{"type":"Feature","geometry":{"type":"Point","coordinates":[6.6685295,50.273593]},"properties":{"maxweightrating:hgv":"7.5"}},{"type":"Feature","geometry":{"type":"Point","coordinates":[6.9571168,50.9410702]},"properties":{"maxheight":"10"}},{"type":"Feature","geometry":{"type":"Point","coordinates":[6.0999561,50.8351991]},"properties":{"hgv":"no","maxweight":"3.5"}},{"type":"Feature","geometry":{"type":"Point","coordinates":[6.11709,50.8424385]},"properties":{"hgv":"destination"}},{"type":"Feature","geometry":{"type":"Point","coordinates":[6.3145526,50.8317557]},"properties":{"maxheight":"default"}},{"type":"Feature","geometry":{"type":"Point","coordinates":[6.4954017,50.8047827]},"properties":{"hgv":"delivery"}},{"type":"Feature","geometry":{"type":"Point","coordinates":[6.0577918,50.7693018]},"properties":{"maxweight":"3.5"}},{"type":"Feature","geometry":{"type":"Point","coordinates":[6.1055907,50.8097823]},"properties":{"maxweight":"3.5"}},{"type":"Feature","geometry":{"type":"Point","coordinates":[6.1054763,50.8098529]},"properties":{"maxweight":"12"}},{"type":"Feature","geometry":{"type":"Point","coordinates":[6.0831512,50.7191173]},"properties":{"maxweight":"5"}},{"type":"Feature","geometry":{"type":"Point","coordinates":[6.9816191,50.9390996]},"properties":{"maxheight":"default"}},{"type":"Feature","geometry":{"type":"Point","coordinates":[6.1038534,50.7967906]},"properties":{"hgv":"no","maxweight":"3.5"}},{"type":"Feature","geometry":{"type":"Point","coordinates":[6.661421,50.2150172]},"properties":{"hgv":"destination"}},{"type":"Feature","geometry":{"type":"Point","coordinates":[6.6074724,50.2432139]},"properties":{"hgv":"destination"}},{"type":"Feature","geometry":{"type":"Point","coordinates":[6.1146862,50.884707]},"properties":{"hgv":"destination"}},{"type":"Feature","geometry":{"type":"Point","coordinates":[6.3882147,50.1763175]},"properties":{"maxheight":"default"}},{"type":"Feature","geometry":{"type":"Point","coordinates":[6.8433385,50.9256916]},"properties":{"maxheight":"default"}},{"type":"Feature","geometry":{"type":"Point","coordinates":[6.936953,50.9649634]},"properties":{"hgv":"destination"}},{"type":"Feature","geometry":{"type":"Point","coordinates":[6.8219407,50.7682209]},"properties":{"maxheight":"default"}},{"type":"Feature","geometry":{"type":"Point","coordinates":[6.9401393,50.9551796]},"properties":{"maxheight":"4"}},{"type":"Feature","geometry":{"type":"Point","coordinates":[6.8804939,50.9661442]},"properties":{"hgv":"destination"}},{"type":"Feature","geometry":{"type":"Point","coordinates":[6.1215161,50.8861497]},"properties":{"maxheight":"2.2"}},{"type":"Feature","geometry":{"type":"Point","coordinates":[6.1179852,50.8860301]},"properties":{"hgv":"destination"}},{"type":"Feature","geometry":{"type":"Point","coordinates":[6.1163966,50.8874624]},"properties":{"hgv":"destination"}},{"type":"Feature","geometry":{"type":"Point","coordinates":[6.5681027,50.7159313]},"properties":{"hgv":"destination"}},{"type":"Feature","geometry":{"type":"Point","coordinates":[6.4905869,50.7972708]},"properties":{"maxweight":"7.5"}},{"type":"Feature","geometry":{"type":"Point","coordinates":[6.5008038,50.7928006]},"properties":{"hgv":"destination"}},{"type":"Feature","geometry":{"type":"Point","coordinates":[6.0715405,50.8365073]},"properties":{"maxweight":"5.5"}},{"type":"Feature","geometry":{"type":"Point","coordinates":[6.0730799,50.8366003]},"properties":{"maxweight":"5.5"}},{"type":"Feature","geometry":{"type":"Point","coordinates":[6.7896111,50.6577842]},"properties":{"hgv":"no"}},{"type":"Feature","geometry":{"type":"Point","coordinates":[6.7771059,50.6665269]},"properties":{"hgv":"destination"}},{"type":"Feature","geometry":{"type":"Point","coordinates":[6.9130012,50.8964967]},"properties":{"maxweight":"conditional"}},{"type":"Feature","geometry":{"type":"Point","coordinates":[6.9618604,50.8838991]},"properties":{"maxweightrating":"3.5"}},{"type":"Feature","geometry":{"type":"Point","coordinates":[6.864924,50.9662975]},"properties":{"maxweight":"3"}},{"type":"Feature","geometry":{"type":"Point","coordinates":[6.9281811,50.9716934]},"properties":{"hgv":"destination"}},{"type":"Feature","geometry":{"type":"Point","coordinates":[6.9882828,50.9458611]},"properties":{"maxheight":"4"}},{"type":"Feature","geometry":{"type":"Point","coordinates":[6.9081033,50.9966301]},"properties":{"hgv":"destination"}},{"type":"Feature","geometry":{"type":"Point","coordinates":[6.4738835,50.7583422]},"properties":{"hgv":"agricultural"}},{"type":"Feature","geometry":{"type":"Point","coordinates":[6.5680194,50.7157597]},"properties":{"hgv":"destination"}},{"type":"Feature","geometry":{"type":"Point","coordinates":[6.77333,50.9294276]},"properties":{"hgv":"no"}},{"type":"Feature","geometry":{"type":"Point","coordinates":[6.9202032,50.8936197]},"properties":{"hgv":"no","maxwidth":"2.1","maxweightrating":"3.5"}},{"type":"Feature","geometry":{"type":"Point","coordinates":[6.9213247,50.892948]},"properties":{"maxweight":"conditional"}},{"type":"Feature","geometry":{"type":"Point","coordinates":[6.9681113,50.9571303]},"properties":{"maxheight":"default","maxweight":"30"}},{"type":"Feature","geometry":{"type":"Point","coordinates":[6.8825583,50.9476558]},"properties":{"maxheight":"2.50"}},{"type":"Feature","geometry":{"type":"Point","coordinates":[6.915378,50.9871604]},"properties":{"maxheight":"3.5"}},{"type":"Feature","geometry":{"type":"Point","coordinates":[6.8672706,50.9636759]},"properties":{"maxheight":"4"}},{"type":"Feature","geometry":{"type":"Point","coordinates":[6.1832066,50.9142594]},"properties":{"hgv":"destination","goods":"destination"}},{"type":"Feature","geometry":{"type":"Point","coordinates":[6.1798359,50.9126307]},"properties":{"hgv":"destination"}},{"type":"Feature","geometry":{"type":"Point","coordinates":[6.0650778,50.8162875]},"properties":{"hgv":"no"}},{"type":"Feature","geometry":{"type":"Point","coordinates":[6.0652904,50.8159305]},"properties":{"hgv":"no"}},{"type":"Feature","geometry":{"type":"Point","coordinates":[6.0636004,50.8147649]},"properties":{"hgv":"no"}},{"type":"Feature","geometry":{"type":"Point","coordinates":[6.0645523,50.8154072]},"properties":{"hgv":"no"}},{"type":"Feature","geometry":{"type":"Point","coordinates":[6.0623428,50.8154626]},"properties":{"hgv":"no"}},{"type":"Feature","geometry":{"type":"Point","coordinates":[6.0935819,50.8251855]},"properties":{"hgv":"no"}},{"type":"Feature","geometry":{"type":"Point","coordinates":[6.0518844,50.8086509]},"properties":{"hgv":"no"}},{"type":"Feature","geometry":{"type":"Point","coordinates":[6.9604102,50.6258391]},"properties":{"hgv":"destination"}},{"type":"Feature","geometry":{"type":"Point","coordinates":[6.9380892,50.9467163]},"properties":{"maxlength":"10"}},{"type":"Feature","geometry":{"type":"Point","coordinates":[6.0553196,50.8156804]},"properties":{"maxweight":"3.5"}},{"type":"Feature","geometry":{"type":"Point","coordinates":[6.9616783,50.9271988]},"properties":{"hgv":"delivery","maxweightrating:hgv":"7.5"}},{"type":"Feature","geometry":{"type":"Point","coordinates":[6.9141302,50.9721885]},"properties":{"hgv":"no"}},{"type":"Feature","geometry":{"type":"Point","coordinates":[6.0507265,50.7381101]},"properties":{"maxweight":"17"}},{"type":"Feature","geometry":{"type":"Point","coordinates":[6.3418466,50.8259061]},"properties":{"maxheight":"default"}},{"type":"Feature","geometry":{"type":"Point","coordinates":[6.8662835,50.9918755]},"properties":{"hgv":"destination"}},{"type":"Feature","geometry":{"type":"Point","coordinates":[6.9721986,50.68412]},"properties":{"maxweight":"12"}},{"type":"Feature","geometry":{"type":"Point","coordinates":[6.120017,50.8227507]},"properties":{"hgv":"delivery"}},{"type":"Feature","geometry":{"type":"Point","coordinates":[6.1192008,50.8197416]},"properties":{"hgv":"delivery"}},{"type":"Feature","geometry":{"type":"Point","coordinates":[6.1186892,50.8174919]},"properties":{"hgv":"delivery"}},{"type":"Feature","geometry":{"type":"Point","coordinates":[6.9468611,50.9542907]},"properties":{"maxheight":"3.6"}},{"type":"Feature","geometry":{"type":"Point","coordinates":[6.3394393,50.9092792]},"properties":{"maxweight":"2.5"}},{"type":"Feature","geometry":{"type":"Point","coordinates":[6.6511669,50.4362943]},"properties":{"hgv":"no","maxheight":"3.2"}},{"type":"Feature","geometry":{"type":"Point","coordinates":[6.8496847,50.6232701]},"properties":{"hgv":"destination"}},{"type":"Feature","geometry":{"type":"Point","coordinates":[6.1192279,50.8161803]},"properties":{"hgv":"delivery"}},{"type":"Feature","geometry":{"type":"Point","coordinates":[6.9563902,50.9453373]},"properties":{"maxheight":"none"}},{"type":"Feature","geometry":{"type":"Point","coordinates":[6.9564801,50.945252]},"properties":{"maxheight":"none"}},{"type":"Feature","geometry":{"type":"Point","coordinates":[6.4944111,50.8047547]},"properties":{"hgv":"delivery"}},{"type":"Feature","geometry":{"type":"Point","coordinates":[6.9366591,50.6462173]},"properties":{"maxweight":"21"}},{"type":"Feature","geometry":{"type":"Point","coordinates":[6.9274306,50.6422099]},"properties":{"maxweight":"21"}},{"type":"Feature","geometry":{"type":"Point","coordinates":[6.9733388,50.8475224]},"properties":{"maxweight":"3.5"}},{"type":"Feature","geometry":{"type":"Point","coordinates":[6.9731084,50.8458675]},"properties":{"hgv":"delivery"}},{"type":"Feature","geometry":{"type":"Point","coordinates":[6.9686341,50.9581634]},"properties":{"maxweight":"30"}},{"type":"Feature","geometry":{"type":"Point","coordinates":[6.9700651,50.9573269]},"properties":{"maxweight":"30"}},{"type":"Feature","geometry":{"type":"Point","coordinates":[6.9571864,50.6285513]},"properties":{"maxweight":"3.5"}},{"type":"Feature","geometry":{"type":"Point","coordinates":[6.2096705,50.8531127]},"properties":{"maxweight":"3.5"}},{"type":"Feature","geometry":{"type":"Point","coordinates":[6.969665,50.905783]},"properties":{"hgv":"destination"}},{"type":"Feature","geometry":{"type":"Point","coordinates":[6.9684559,50.9056072]},"properties":{"hgv":"destination"}},{"type":"Feature","geometry":{"type":"Point","coordinates":[6.9689814,50.9403436]},"properties":{"hgv":"no"}},{"type":"Feature","geometry":{"type":"Point","coordinates":[6.9961895,50.6623155]},"properties":{"maxweight":"5.5"}},{"type":"Feature","geometry":{"type":"Point","coordinates":[6.2465246,50.8207992]},"properties":{"maxheight":"default"}},{"type":"Feature","geometry":{"type":"Point","coordinates":[6.969888,50.9365085]},"properties":{"hgv":"no"}},{"type":"Feature","geometry":{"type":"Point","coordinates":[6.1077481,50.9068114]},"properties":{"hgv":"no"}},{"type":"Feature","geometry":{"type":"Point","coordinates":[6.3388968,50.9315549]},"properties":{"hgv":"designated"}},{"type":"Feature","geometry":{"type":"Point","coordinates":[6.9608426,50.9283805]},"properties":{"hgv":"delivery","maxweightrating:hgv":"7.5"}},{"type":"Feature","geometry":{"type":"Point","coordinates":[6.9609381,50.9288401]},"properties":{"maxweightrating:hgv":"2.5"}},{"type":"Feature","geometry":{"type":"Point","coordinates":[6.9563199,50.9341237]},"properties":{"maxweight":"44"}},{"type":"Feature","geometry":{"type":"Point","coordinates":[6.8514465,50.9486374]},"properties":{"hgv":"no"}},{"type":"Feature","geometry":{"type":"Point","coordinates":[6.8719402,50.9517081]},"properties":{"maxheight":"default"}},{"type":"Feature","geometry":{"type":"Point","coordinates":[6.8235909,50.9678218]},"properties":{"maxweight":"5.5"}},{"type":"Feature","geometry":{"type":"Point","coordinates":[6.8235779,50.9678335]},"properties":{"hgv":"destination"}},{"type":"Feature","geometry":{"type":"Point","coordinates":[6.0595652,50.814937]},"properties":{"hgv":"yes"}},{"type":"Feature","geometry":{"type":"Point","coordinates":[6.7956646,50.9598537]},"properties":{"hgv":"destination"}},{"type":"Feature","geometry":{"type":"Point","coordinates":[6.8277166,50.9701527]},"properties":{"maxweight":"12"}},{"type":"Feature","geometry":{"type":"Point","coordinates":[6.8134516,50.9845619]},"properties":{"maxweight":"5"}},{"type":"Feature","geometry":{"type":"Point","coordinates":[6.8130692,50.9857734]},"properties":{"maxweight":"5.0"}},{"type":"Feature","geometry":{"type":"Point","coordinates":[6.2695406,50.8232832]},"properties":{"hgv":"destination"}},{"type":"Feature","geometry":{"type":"Point","coordinates":[6.2730237,50.8204105]},"properties":{"hgv":"destination"}},{"type":"Feature","geometry":{"type":"Point","coordinates":[6.8962144,50.9989039]},"properties":{"maxweight":"21"}},{"type":"Feature","geometry":{"type":"Point","coordinates":[6.2786238,50.779081]},"properties":{"hgv":"destination"}},{"type":"Feature","geometry":{"type":"Point","coordinates":[6.9947571,50.7605816]},"properties":{"maxheight":"2.2"}},{"type":"Feature","geometry":{"type":"Point","coordinates":[6.8943137,50.913845]},"properties":{"maxweightrating:hgv":"30"}},{"type":"Feature","geometry":{"type":"Point","coordinates":[6.9431911,50.7549216]},"properties":{"hgv":"agricultural"}},{"type":"Feature","geometry":{"type":"Point","coordinates":[6.9010754,50.9306068]},"properties":{"hgv":"destination"}},{"type":"Feature","geometry":{"type":"Point","coordinates":[6.9014596,50.9288933]},"properties":{"hgv":"destination"}},{"type":"Feature","geometry":{"type":"Point","coordinates":[6.8186338,50.9513515]},"properties":{"hgv":"destination"}},{"type":"Feature","geometry":{"type":"Point","coordinates":[6.8340102,50.943102]},"properties":{"maxheight":"default"}},{"type":"Feature","geometry":{"type":"Point","coordinates":[6.5211712,50.8380248]},"properties":{"hgv":"no"}},{"type":"Feature","geometry":{"type":"Point","coordinates":[6.4801161,50.8199356]},"properties":{"hgv":"destination"}},{"type":"Feature","geometry":{"type":"Point","coordinates":[6.5926907,50.9718568]},"properties":{"hgv":"destination"}},{"type":"Feature","geometry":{"type":"Point","coordinates":[6.4600085,50.7966824]},"properties":{"hgv":"destination"}},{"type":"Feature","geometry":{"type":"Point","coordinates":[6.813918,50.9892974]},"properties":{"hgv":"no"}},{"type":"Feature","geometry":{"type":"Point","coordinates":[6.7540689,50.9678634]},"properties":{"maxweight":"2.8"}},{"type":"Feature","geometry":{"type":"Point","coordinates":[6.8721427,50.9992619]},"properties":{"hgv":"destination"}},{"type":"Feature","geometry":{"type":"Point","coordinates":[6.4746308,50.7770743]},"properties":{"hgv":"no"}},{"type":"Feature","geometry":{"type":"Point","coordinates":[6.4797714,50.8118623]},"properties":{"hgv":"destination"}},{"type":"Feature","geometry":{"type":"Point","coordinates":[6.9281796,50.9283348]},"properties":{"maxheight":"default"}},{"type":"Feature","geometry":{"type":"Point","coordinates":[6.3397953,50.9308339]},"properties":{"hgv":"designated"}},{"type":"Feature","geometry":{"type":"Point","coordinates":[6.8354411,50.9346154]},"properties":{"maxheight":"default"}},{"type":"Feature","geometry":{"type":"Point","coordinates":[6.6060045,50.9646495]},"properties":{"hgv":"no"}},{"type":"Feature","geometry":{"type":"Point","coordinates":[6.8347388,50.9422357]},"properties":{"hgv":"destination"}},{"type":"Feature","geometry":{"type":"Point","coordinates":[6.396692,50.8084916]},"properties":{"hgv":"destination"}},{"type":"Feature","geometry":{"type":"Point","coordinates":[6.956271,50.9326119]},"properties":{"hgv":"destination"}},{"type":"Feature","geometry":{"type":"Point","coordinates":[6.8150316,50.1135743]},"properties":{"maxweight":"3.5"}},{"type":"Feature","geometry":{"type":"Point","coordinates":[6.9522876,50.9467762]},"properties":{"maxheight":"3.4"}},{"type":"Feature","geometry":{"type":"Point","coordinates":[6.9552638,50.9453818]},"properties":{"maxheight":"4"}},{"type":"Feature","geometry":{"type":"Point","coordinates":[6.5946994,50.5729857]},"properties":{"maxheight":"3"}},{"type":"Feature","geometry":{"type":"Point","coordinates":[6.6466877,50.5911491]},"properties":{"hgv":"delivery"}},{"type":"Feature","geometry":{"type":"Point","coordinates":[6.9625293,50.9390962]},"properties":{"maxheight":"default"}},{"type":"Feature","geometry":{"type":"Point","coordinates":[6.9594949,50.9419993]},"properties":{"maxheight":"3.3"}},{"type":"Feature","geometry":{"type":"Point","coordinates":[6.9530922,50.935443]},"properties":{"maxheight":"4"}},{"type":"Feature","geometry":{"type":"Point","coordinates":[6.7054339,50.6209856]},"properties":{"hgv":"destination"}},{"type":"Feature","geometry":{"type":"Point","coordinates":[6.293373,50.8360958]},"properties":{"hgv":"no"}},{"type":"Feature","geometry":{"type":"Point","coordinates":[6.6099525,50.963632]},"properties":{"maxweight":"8"}},{"type":"Feature","geometry":{"type":"Point","coordinates":[6.5612873,50.992003]},"properties":{"hgv":"destination"}},{"type":"Feature","geometry":{"type":"Point","coordinates":[6.9257118,50.8240178]},"properties":{"hgv":"destination"}},{"type":"Feature","geometry":{"type":"Point","coordinates":[6.9060817,50.8022717]},"properties":{"maxweight":"3.5"}},{"type":"Feature","geometry":{"type":"Point","coordinates":[6.8798005,50.7987876]},"properties":{"maxheight":"4"}},{"type":"Feature","geometry":{"type":"Point","coordinates":[6.9987312,50.9111384]},"properties":{"hgv":"no"}},{"type":"Feature","geometry":{"type":"Point","coordinates":[6.0978754,50.9429466]},"properties":{"maxheight":"default"}},{"type":"Feature","geometry":{"type":"Point","coordinates":[6.7434357,50.855959]},"properties":{"maxweight":"5"}},{"type":"Feature","geometry":{"type":"Point","coordinates":[6.9569593,50.9455086]},"properties":{"maxheight":"default"}},{"type":"Feature","geometry":{"type":"Point","coordinates":[6.8956001,50.921023]},"properties":{"hgv":"destination"}},{"type":"Feature","geometry":{"type":"Point","coordinates":[6.6870495,50.2226707]},"properties":{"hgv":"destination"}},{"type":"Feature","geometry":{"type":"Point","coordinates":[6.069662,50.8275852]},"properties":{"maxweight":"9"}},{"type":"Feature","geometry":{"type":"Point","coordinates":[6.1833564,50.8775364]},"properties":{"hgv":"delivery"}},{"type":"Feature","geometry":{"type":"Point","coordinates":[6.8603846,50.9211758]},"properties":{"hgv":"destination"}},{"type":"Feature","geometry":{"type":"Point","coordinates":[6.8698604,50.9233248]},"properties":{"hgv":"destination"}},{"type":"Feature","geometry":{"type":"Point","coordinates":[6.9341286,50.8230576]},"properties":{"hgv":"no"}},{"type":"Feature","geometry":{"type":"Point","coordinates":[6.2110993,50.7740797]},"properties":{"hgv":"destination"}},{"type":"Feature","geometry":{"type":"Point","coordinates":[6.2159849,50.7596074]},"properties":{"hgv":"destination"}},{"type":"Feature","geometry":{"type":"Point","coordinates":[6.3047087,50.7715753]},"properties":{"maxweight":"3.5"}},{"type":"Feature","geometry":{"type":"Point","coordinates":[6.9825332,50.8262864]},"properties":{"hgv":"delivery"}},{"type":"Feature","geometry":{"type":"Point","coordinates":[6.9429115,50.7757286]},"properties":{"hgv":"agricultural"}},{"type":"Feature","geometry":{"type":"Point","coordinates":[6.9934022,50.6469186]},"properties":{"maxheight":"3"}},{"type":"Feature","geometry":{"type":"Point","coordinates":[6.9569532,50.935817]},"properties":{"maxlength":"12"}},{"type":"Feature","geometry":{"type":"Point","coordinates":[6.9472415,50.6416785]},"properties":{"maxheight":"4"}},{"type":"Feature","geometry":{"type":"Point","coordinates":[6.0385191,50.9915493]},"properties":{"hgv":"agricultural"}},{"type":"Feature","geometry":{"type":"Point","coordinates":[6.1370423,50.9837063]},"properties":{"maxweight":"1.5"}},{"type":"Feature","geometry":{"type":"Point","coordinates":[6.0048973,50.992048]},"properties":{"hgv":"no"}},{"type":"Feature","geometry":{"type":"Point","coordinates":[6.9796927,50.5105781]},"properties":{"maxheight":"default"}},{"type":"Feature","geometry":{"type":"Point","coordinates":[6.9989402,50.9637867]},"properties":{"hgv":"destination"}},{"type":"Feature","geometry":{"type":"Point","coordinates":[6.5982139,50.7343957]},"properties":{"hgv":"destination"}},{"type":"Feature","geometry":{"type":"Point","coordinates":[6.0685555,50.7488703]},"properties":{"hgv":"destination"}},{"type":"Feature","geometry":{"type":"Point","coordinates":[6.7821405,50.934702]},"properties":{"hgv":"destination"}},{"type":"Feature","geometry":{"type":"Point","coordinates":[6.4818807,50.8122991]},"properties":{"hgv":"destination"}},{"type":"Feature","geometry":{"type":"Point","coordinates":[6.9098012,50.9170679]},"properties":{"goods":"yes"}},{"type":"Feature","geometry":{"type":"Point","coordinates":[6.9091896,50.9166125]},"properties":{"goods":"yes"}},{"type":"Feature","geometry":{"type":"Point","coordinates":[6.9413022,50.953806]},"properties":{"maxheight":"3.6"}},{"type":"Feature","geometry":{"type":"Point","coordinates":[6.791085,50.6596343]},"properties":{"hgv":"no @ (maxweight > 7.5)","maxweight":"3.5"}},{"type":"Feature","geometry":{"type":"Point","coordinates":[6.6023503,50.3287194]},"properties":{"maxweight":"7.5"}},{"type":"Feature","geometry":{"type":"Point","coordinates":[6.9403967,50.9537254]},"properties":{"maxheight":"3.6"}},{"type":"Feature","geometry":{"type":"Point","coordinates":[6.999854,50.7582338]},"properties":{"maxheight":"3.9"}},{"type":"Feature","geometry":{"type":"Point","coordinates":[6.6362275,50.2071415]},"properties":{"hgv":"no","maxweight":"12"}},{"type":"Feature","geometry":{"type":"Point","coordinates":[6.6272229,50.1738557]},"properties":{"maxweight":"3"}},{"type":"Feature","geometry":{"type":"Point","coordinates":[6.9629176,50.9351714]},"properties":{"maxheight":"default"}},{"type":"Feature","geometry":{"type":"Point","coordinates":[6.9630329,50.9350408]},"properties":{"maxheight":"default"}},{"type":"Feature","geometry":{"type":"Point","coordinates":[6.9612861,50.9356227]},"properties":{"maxheight":"3.6","maxwidth":"3.4"}},{"type":"Feature","geometry":{"type":"Point","coordinates":[6.9622446,50.9358148]},"properties":{"maxweight":"44"}},{"type":"Feature","geometry":{"type":"Point","coordinates":[6.962828,50.9364236]},"properties":{"maxheight":"3.75"}},{"type":"Feature","geometry":{"type":"Point","coordinates":[6.1243819,50.9629101]},"properties":{"maxweight":"5.5"}},{"type":"Feature","geometry":{"type":"Point","coordinates":[6.3715189,50.9190803]},"properties":{"hgv":"destination"}},{"type":"Feature","geometry":{"type":"Point","coordinates":[6.2489446,50.5987628]},"properties":{"maxweight":"12"}},{"type":"Feature","geometry":{"type":"Point","coordinates":[6.6215298,50.442904]},"properties":{"hgv":"destination"}},{"type":"Feature","geometry":{"type":"Point","coordinates":[6.6465183,50.4393416]},"properties":{"hgv":"no","maxheight":"3.2"}},{"type":"Feature","geometry":{"type":"Point","coordinates":[6.7415538,50.3840279]},"properties":{"maxheight":"4"}},{"type":"Feature","geometry":{"type":"Point","coordinates":[6.9531746,50.940544]},"properties":{"maxheight":"default"}},{"type":"Feature","geometry":{"type":"Point","coordinates":[6.4452821,50.8998784]},"properties":{"hgv":"destination"}},{"type":"Feature","geometry":{"type":"Point","coordinates":[6.9454208,50.939859]},"properties":{"maxheight":"4"}},{"type":"Feature","geometry":{"type":"Point","coordinates":[6.1537832,50.8150574]},"properties":{"maxheight":"default"}},{"type":"Feature","geometry":{"type":"Point","coordinates":[6.1376741,50.7680312]},"properties":{"hgv":"destination"}},{"type":"Feature","geometry":{"type":"Point","coordinates":[6.769001,50.9355861]},"properties":{"maxweight":"30"}},{"type":"Feature","geometry":{"type":"Point","coordinates":[6.4447952,50.8125664]},"properties":{"hgv":"destination"}},{"type":"Feature","geometry":{"type":"Point","coordinates":[6.1167458,50.7178135]},"properties":{"hgv":"no","maxweight":"7.5"}},{"type":"Feature","geometry":{"type":"Point","coordinates":[6.9600724,50.7402834]},"properties":{"hgv":"no"}},{"type":"Feature","geometry":{"type":"Point","coordinates":[6.9655574,50.739939]},"properties":{"hgv":"no"}},{"type":"Feature","geometry":{"type":"Point","coordinates":[6.9128988,50.7182115]},"properties":{"hgv":"no"}},{"type":"Feature","geometry":{"type":"Point","coordinates":[6.9392556,50.7360555]},"properties":{"hgv":"agricultural"}},{"type":"Feature","geometry":{"type":"Point","coordinates":[6.9272481,50.6929952]},"properties":{"maxweight":"12"}},{"type":"Feature","geometry":{"type":"Point","coordinates":[6.9271713,50.6902358]},"properties":{"maxweight":"12"}},{"type":"Feature","geometry":{"type":"Point","coordinates":[6.7727278,50.9371411]},"properties":{"hgv":"destination"}},{"type":"Feature","geometry":{"type":"Point","coordinates":[6.9333417,50.7001744]},"properties":{"hgv":"no"}},{"type":"Feature","geometry":{"type":"Point","coordinates":[6.9733588,50.6558923]},"properties":{"maxweight":"12"}},{"type":"Feature","geometry":{"type":"Point","coordinates":[6.7720387,50.5832815]},"properties":{"maxweight":"12"}},{"type":"Feature","geometry":{"type":"Point","coordinates":[6.8304732,50.9644423]},"properties":{"hgv":"destination"}},{"type":"Feature","geometry":{"type":"Point","coordinates":[6.1464641,50.8081802]},"properties":{"maxheight":"default"}},{"type":"Feature","geometry":{"type":"Point","coordinates":[6.1904284,50.7846394]},"properties":{"hgv":"no"}},{"type":"Feature","geometry":{"type":"Point","coordinates":[6.2128652,50.78641]},"properties":{"hgv":"destination"}},{"type":"Feature","geometry":{"type":"Point","coordinates":[6.7905268,50.9305137]},"properties":{"hgv":"destination","maxheight":"default"}},{"type":"Feature","geometry":{"type":"Point","coordinates":[6.0582908,50.7699483]},"properties":{"maxheight":"2.25"}},{"type":"Feature","geometry":{"type":"Point","coordinates":[6.0587362,50.7700377]},"properties":{"maxheight":"2.25"}},{"type":"Feature","geometry":{"type":"Point","coordinates":[6.0587234,50.7695585]},"properties":{"maxheight":"2.25"}},{"type":"Feature","geometry":{"type":"Point","coordinates":[6.9373088,50.9075248]},"properties":{"hgv":"destination"}},{"type":"Feature","geometry":{"type":"Point","coordinates":[6.9678287,50.9041606]},"properties":{"hgv":"destination"}},{"type":"Feature","geometry":{"type":"Point","coordinates":[6.9367812,50.9083123]},"properties":{"hgv":"destination"}},{"type":"Feature","geometry":{"type":"Point","coordinates":[6.9408972,50.9050604]},"properties":{"hgv":"destination"}},{"type":"Feature","geometry":{"type":"Point","coordinates":[6.9328552,50.9637258]},"properties":{"maxheight":"4"}},{"type":"Feature","geometry":{"type":"Point","coordinates":[6.2173406,50.7765649]},"properties":{"hgv":"destination"}},{"type":"Feature","geometry":{"type":"Point","coordinates":[6.2283272,50.7713352]},"properties":{"hgv":"destination"}},{"type":"Feature","geometry":{"type":"Point","coordinates":[6.2280823,50.7771541]},"properties":{"hgv":"designated","maxweight":"7.5"}},{"type":"Feature","geometry":{"type":"Point","coordinates":[6.9164666,50.7712927]},"properties":{"hgv":"no"}},{"type":"Feature","geometry":{"type":"Point","coordinates":[6.9434371,50.9010586]},"properties":{"hgv":"destination"}},{"type":"Feature","geometry":{"type":"Point","coordinates":[6.9255918,50.9018484]},"properties":{"maxheight":"3.60"}},{"type":"Feature","geometry":{"type":"Point","coordinates":[6.9295857,50.8998025]},"properties":{"hgv":"destination"}},{"type":"Feature","geometry":{"type":"Point","coordinates":[6.1275281,50.8228699]},"properties":{"hgv":"delivery"}},{"type":"Feature","geometry":{"type":"Point","coordinates":[6.9764339,50.968908]},"properties":{"maxheight":"below_default"}},{"type":"Feature","geometry":{"type":"Point","coordinates":[6.8606355,50.9339695]},"properties":{"hgv":"destination"}},{"type":"Feature","geometry":{"type":"Point","coordinates":[6.2152015,50.8177607]},"properties":{"hgv":"private"}},{"type":"Feature","geometry":{"type":"Point","coordinates":[6.2176856,50.8175861]},"properties":{"hgv":"designated"}},{"type":"Feature","geometry":{"type":"Point","coordinates":[6.9588617,50.9418325]},"properties":{"maxheight":"4"}},{"type":"Feature","geometry":{"type":"Point","coordinates":[6.9779027,50.6853326]},"properties":{"hgv":"no"}},{"type":"Feature","geometry":{"type":"Point","coordinates":[6.7773635,50.9367478]},"properties":{"maxheight":"default"}},{"type":"Feature","geometry":{"type":"Point","coordinates":[6.9031873,50.8315966]},"properties":{"hgv":"destination","maxlength":"11"}},{"type":"Feature","geometry":{"type":"Point","coordinates":[6.902657,50.8309464]},"properties":{"hgv":"destination","maxlength":"11"}},{"type":"Feature","geometry":{"type":"Point","coordinates":[6.9029805,50.8303274]},"properties":{"hgv":"destination","maxlength":"11"}},{"type":"Feature","geometry":{"type":"Point","coordinates":[6.8229538,50.8923851]},"properties":{"maxheight":"default"}},{"type":"Feature","geometry":{"type":"Point","coordinates":[6.0435452,50.7205996]},"properties":{"maxheight":"2.3"}},{"type":"Feature","geometry":{"type":"Point","coordinates":[6.9093812,50.8338003]},"properties":{"maxheight":"none"}},{"type":"Feature","geometry":{"type":"Point","coordinates":[6.850903,50.9354977]},"properties":{"maxweight":"10"}},{"type":"Feature","geometry":{"type":"Point","coordinates":[6.903031,50.8294138]},"properties":{"maxlength":"11"}},{"type":"Feature","geometry":{"type":"Point","coordinates":[6.9182836,50.8298869]},"properties":{"maxheight":"2.9"}},{"type":"Feature","geometry":{"type":"Point","coordinates":[6.925451,50.9573107]},"properties":{"hgv":"destination"}},{"type":"Feature","geometry":{"type":"Point","coordinates":[6.9417028,50.9563591]},"properties":{"maxheight":"3.7"}},{"type":"Feature","geometry":{"type":"Point","coordinates":[6.9887997,50.8202199]},"properties":{"hgv":"delivery"}},{"type":"Feature","geometry":{"type":"Point","coordinates":[6.9344691,50.9929576]},"properties":{"maxweight":"3.5"}},{"type":"Feature","geometry":{"type":"Point","coordinates":[6.3530814,50.6667324]},"properties":{"hgv":"destination"}},{"type":"Feature","geometry":{"type":"Point","coordinates":[6.3624504,50.8162789]},"properties":{"maxheight":"5"}},{"type":"Feature","geometry":{"type":"Point","coordinates":[6.8152688,50.9402918]},"properties":{"hgv":"no"}},{"type":"Feature","geometry":{"type":"Point","coordinates":[6.6410905,50.9147839]},"properties":{"hgv":"destination"}},{"type":"Feature","geometry":{"type":"Point","coordinates":[6.6404268,50.9138857]},"properties":{"hgv":"destination"}},{"type":"Feature","geometry":{"type":"Point","coordinates":[6.965319,50.6253052]},"properties":{"maxheight":"none"}},{"type":"Feature","geometry":{"type":"Point","coordinates":[6.6270379,50.9139707]},"properties":{"hgv":"no"}},{"type":"Feature","geometry":{"type":"Point","coordinates":[6.4032906,50.7295397]},"properties":{"hgv":"destination"}},{"type":"Feature","geometry":{"type":"Point","coordinates":[6.7957433,50.6804441]},"properties":{"hgv":"destination"}},{"type":"Feature","geometry":{"type":"Point","coordinates":[6.1332095,50.7735641]},"properties":{"hgv":"yes"}},{"type":"Feature","geometry":{"type":"Point","coordinates":[6.4524917,50.7971313]},"properties":{"maxweight":"7.5"}},{"type":"Feature","geometry":{"type":"Point","coordinates":[6.6241615,50.9142717]},"properties":{"hgv":"no"}},{"type":"Feature","geometry":{"type":"Point","coordinates":[6.2428524,50.5555402]},"properties":{"maxweight":"2.5"}},{"type":"Feature","geometry":{"type":"Point","coordinates":[6.8102187,50.6802074]},"properties":{"hgv":"destination","maxweight":"7.5"}},{"type":"Feature","geometry":{"type":"Point","coordinates":[6.246572,50.5547742]},"properties":{"maxweight":"2.5"}},{"type":"Feature","geometry":{"type":"Point","coordinates":[6.2824466,50.8288371]},"properties":{"maxheight":"default"}},{"type":"Feature","geometry":{"type":"Point","coordinates":[6.1926273,50.6445124]},"properties":{"maxweight":"3.5"}},{"type":"Feature","geometry":{"type":"Point","coordinates":[6.4865188,50.746451]},"properties":{"maxweight":"3.5"}},{"type":"Feature","geometry":{"type":"Point","coordinates":[6.1628407,50.7862233]},"properties":{"maxweight":"12"}},{"type":"Feature","geometry":{"type":"Point","coordinates":[6.1459211,50.70569]},"properties":{"hgv":"agricultural"}},{"type":"Feature","geometry":{"type":"Point","coordinates":[6.2424156,50.7524292]},"properties":{"maxheight":"10.3"}},{"type":"Feature","geometry":{"type":"Point","coordinates":[6.056621,50.7683942]},"properties":{"maxweight":"7.5"}},{"type":"Feature","geometry":{"type":"Point","coordinates":[6.9322288,50.9629767]},"properties":{"maxheight":"4"}},{"type":"Feature","geometry":{"type":"Point","coordinates":[6.9330899,50.9644219]},"properties":{"maxheight":"1.8"}},{"type":"Feature","geometry":{"type":"Point","coordinates":[6.9323274,50.9647675]},"properties":{"maxheight":"1.8"}},{"type":"Feature","geometry":{"type":"Point","coordinates":[6.9321451,50.964538]},"properties":{"maxheight":"1.8"}},{"type":"Feature","geometry":{"type":"Point","coordinates":[6.9321441,50.9643991]},"properties":{"maxheight":"1.8"}},{"type":"Feature","geometry":{"type":"Point","coordinates":[6.9328347,50.9649234]},"properties":{"maxheight":"1.8"}},{"type":"Feature","geometry":{"type":"Point","coordinates":[6.7124606,50.9164904]},"properties":{"maxheight":"3.5"}},{"type":"Feature","geometry":{"type":"Point","coordinates":[6.653413,50.8926201]},"properties":{"maxheight":"3.9"}},{"type":"Feature","geometry":{"type":"Point","coordinates":[6.092501,50.7806518]},"properties":{"maxheight":"1.90"}},{"type":"Feature","geometry":{"type":"Point","coordinates":[6.839585,50.7550683]},"properties":{"hgv":"no"}},{"type":"Feature","geometry":{"type":"Point","coordinates":[6.9810531,50.11004]},"properties":{"maxweight":"9"}},{"type":"Feature","geometry":{"type":"Point","coordinates":[6.9835155,50.1085764]},"properties":{"maxweight":"9"}},{"type":"Feature","geometry":{"type":"Point","coordinates":[6.419745,50.6670037]},"properties":{"maxheight":"3.8"}},{"type":"Feature","geometry":{"type":"Point","coordinates":[6.4921926,50.6535037]},"properties":{"maxweight":"12"}},{"type":"Feature","geometry":{"type":"Point","coordinates":[6.4834,50.6584472]},"properties":{"hgv":"no"}},{"type":"Feature","geometry":{"type":"Point","coordinates":[6.8679379,50.9321138]},"properties":{"hgv":"destination"}},{"type":"Feature","geometry":{"type":"Point","coordinates":[6.876422,50.864352]},"properties":{"hgv":"no"}},{"type":"Feature","geometry":{"type":"Point","coordinates":[6.877372,50.8639782]},"properties":{"hgv":"no"}},{"type":"Feature","geometry":{"type":"Point","coordinates":[6.1669189,50.8045639]},"properties":{"maxheight":"default"}},{"type":"Feature","geometry":{"type":"Point","coordinates":[6.5506215,50.9660593]},"properties":{"maxweight":"12"}},{"type":"Feature","geometry":{"type":"Point","coordinates":[6.9898711,50.8122807]},"properties":{"hgv":"destination","goods":"destination"}},{"type":"Feature","geometry":{"type":"Point","coordinates":[6.919755,50.6682157]},"properties":{"maxwidth":"2.1"}},{"type":"Feature","geometry":{"type":"Point","coordinates":[6.7771194,50.6324858]},"properties":{"hgv":"delivery"}},{"type":"Feature","geometry":{"type":"Point","coordinates":[6.2349122,50.5613737]},"properties":{"maxweight":"2.5"}},{"type":"Feature","geometry":{"type":"Point","coordinates":[6.2359688,50.554222]},"properties":{"maxweight":"2.5"}},{"type":"Feature","geometry":{"type":"Point","coordinates":[6.2372635,50.5588582]},"properties":{"maxwidth":"2","maxweight":"2.5"}},{"type":"Feature","geometry":{"type":"Point","coordinates":[6.2399463,50.5567118]},"properties":{"maxweight":"2.5"}},{"type":"Feature","geometry":{"type":"Point","coordinates":[6.2441395,50.5550434]},"properties":{"maxweight":"16"}},{"type":"Feature","geometry":{"type":"Point","coordinates":[6.7875381,50.6568468]},"properties":{"maxheight":"3.9"}},{"type":"Feature","geometry":{"type":"Point","coordinates":[6.8971901,50.6877663]},"properties":{"maxweight":"3.5"}},{"type":"Feature","geometry":{"type":"Point","coordinates":[6.4521398,50.7960871]},"properties":{"hgv":"destination"}},{"type":"Feature","geometry":{"type":"Point","coordinates":[6.4264612,50.7351092]},"properties":{"hgv":"destination"}},{"type":"Feature","geometry":{"type":"Point","coordinates":[6.4319656,50.7383053]},"properties":{"hgv":"destination"}},{"type":"Feature","geometry":{"type":"Point","coordinates":[6.7765708,50.6297388]},"properties":{"maxweight":"7.5"}},{"type":"Feature","geometry":{"type":"Point","coordinates":[6.8985597,50.6613648]},"properties":{"maxweight":"6"}},{"type":"Feature","geometry":{"type":"Point","coordinates":[6.8470759,50.7561674]},"properties":{"hgv":"no"}},{"type":"Feature","geometry":{"type":"Point","coordinates":[6.8269282,50.6498259]},"properties":{"maxheight":"3"}},{"type":"Feature","geometry":{"type":"Point","coordinates":[6.6288242,50.937345]},"properties":{"maxweight":"7.5"}},{"type":"Feature","geometry":{"type":"Point","coordinates":[6.7367648,50.277815]},"properties":{"hgv":"destination"}},{"type":"Feature","geometry":{"type":"Point","coordinates":[6.4305934,50.7153084]},"properties":{"hgv":"destination","maxweight":"7.5"}},{"type":"Feature","geometry":{"type":"Point","coordinates":[6.4348848,50.7167958]},"properties":{"hgv":"destination","maxweight":"7.5"}},{"type":"Feature","geometry":{"type":"Point","coordinates":[6.4319407,50.7153799]},"properties":{"maxwidth":"2"}},{"type":"Feature","geometry":{"type":"Point","coordinates":[6.8186348,50.7611362]},"properties":{"maxheight":"default"}},{"type":"Feature","geometry":{"type":"Point","coordinates":[6.5512252,50.0285512]},"properties":{"maxheight":"default"}},{"type":"Feature","geometry":{"type":"Point","coordinates":[6.5970178,50.0170311]},"properties":{"maxheight":"default"}},{"type":"Feature","geometry":{"type":"Point","coordinates":[6.137505,50.8275737]},"properties":{"maxheight":"default"}},{"type":"Feature","geometry":{"type":"Point","coordinates":[6.4050838,50.8863532]},"properties":{"maxweight":"6"}},{"type":"Feature","geometry":{"type":"Point","coordinates":[6.1135066,50.7184185]},"properties":{"hgv":"no","maxweight":"7.5"}},{"type":"Feature","geometry":{"type":"Point","coordinates":[6.1143764,50.7173496]},"properties":{"hgv":"no","maxweight":"7.5"}},{"type":"Feature","geometry":{"type":"Point","coordinates":[6.1162185,50.7183378]},"properties":{"hgv":"no","maxweight":"7.5"}},{"type":"Feature","geometry":{"type":"Point","coordinates":[6.1138824,50.7189372]},"properties":{"hgv":"no","maxweight":"7.5"}},{"type":"Feature","geometry":{"type":"Point","coordinates":[6.1145907,50.7194162]},"properties":{"hgv":"no","maxweight":"7.5"}},{"type":"Feature","geometry":{"type":"Point","coordinates":[6.8499097,50.9551376]},"properties":{"maxweight":"16"}},{"type":"Feature","geometry":{"type":"Point","coordinates":[6.8510078,50.9602888]},"properties":{"maxheight":"default"}},{"type":"Feature","geometry":{"type":"Point","coordinates":[6.8646992,50.9706697]},"properties":{"hgv":"destination"}},{"type":"Feature","geometry":{"type":"Point","coordinates":[6.1118261,50.7189108]},"properties":{"maxweight":"7.5"}},{"type":"Feature","geometry":{"type":"Point","coordinates":[6.4016919,50.9255727]},"properties":{"maxweight":"1.5"}},{"type":"Feature","geometry":{"type":"Point","coordinates":[6.2994963,50.8388722]},"properties":{"maxwidth":"2"}},{"type":"Feature","geometry":{"type":"Point","coordinates":[6.9529963,50.7658206]},"properties":{"maxwidth":"4"}},{"type":"Feature","geometry":{"type":"Point","coordinates":[6.8380405,50.6592902]},"properties":{"hgv":"no"}},{"type":"Feature","geometry":{"type":"Point","coordinates":[6.8411094,50.6591668]},"properties":{"hgv":"no"}},{"type":"Feature","geometry":{"type":"Point","coordinates":[6.8401906,50.6591598]},"properties":{"hgv":"no"}},{"type":"Feature","geometry":{"type":"Point","coordinates":[6.8305524,50.6516266]},"properties":{"hgv":"destination"}},{"type":"Feature","geometry":{"type":"Point","coordinates":[6.8263433,50.6865459]},"properties":{"hgv":"destination"}},{"type":"Feature","geometry":{"type":"Point","coordinates":[6.8399214,50.6573066]},"properties":{"hgv":"no"}},{"type":"Feature","geometry":{"type":"Point","coordinates":[6.8249707,50.6453715]},"properties":{"hgv":"delivery","maxweight":"7.5"}},{"type":"Feature","geometry":{"type":"Point","coordinates":[6.9545467,50.9062792]},"properties":{"hgv":"destination"}},{"type":"Feature","geometry":{"type":"Point","coordinates":[6.642563,50.8919556]},"properties":{"hgv":"destination"}},{"type":"Feature","geometry":{"type":"Point","coordinates":[6.9373071,50.9082396]},"properties":{"hgv":"destination"}},{"type":"Feature","geometry":{"type":"Point","coordinates":[6.7843921,50.6662599]},"properties":{"hgv":"no"}},{"type":"Feature","geometry":{"type":"Point","coordinates":[6.7781041,50.8228302]},"properties":{"maxheight":"default"}},{"type":"Feature","geometry":{"type":"Point","coordinates":[6.9999317,50.8689738]},"properties":{"maxweight":"30"}},{"type":"Feature","geometry":{"type":"Point","coordinates":[6.1699464,50.8004568]},"properties":{"maxheight":"default"}},{"type":"Feature","geometry":{"type":"Point","coordinates":[6.0993773,50.7811642]},"properties":{"maxweight":"7.5"}},{"type":"Feature","geometry":{"type":"Point","coordinates":[6.1707069,50.8021553]},"properties":{"maxheight":"default"}},{"type":"Feature","geometry":{"type":"Point","coordinates":[6.4462412,50.7161885]},"properties":{"maxweight":"30"}},{"type":"Feature","geometry":{"type":"Point","coordinates":[6.7849741,50.9817887]},"properties":{"hgv":"no"}},{"type":"Feature","geometry":{"type":"Point","coordinates":[6.1270125,50.7662424]},"properties":{"maxheight":"default"}},{"type":"Feature","geometry":{"type":"Point","coordinates":[6.0519595,50.7881931]},"properties":{"maxheight":"default"}},{"type":"Feature","geometry":{"type":"Point","coordinates":[6.0521367,50.7882007]},"properties":{"maxheight":"default"}},{"type":"Feature","geometry":{"type":"Point","coordinates":[6.9216923,50.9660337]},"properties":{"maxheight":"default"}},{"type":"Feature","geometry":{"type":"Point","coordinates":[6.9076501,50.0360717]},"properties":{"maxweight":"3.5"}},{"type":"Feature","geometry":{"type":"Point","coordinates":[6.8972382,50.0006525]},"properties":{"hgv":"no"}},{"type":"Feature","geometry":{"type":"Point","coordinates":[6.8355624,50.8107053]},"properties":{"maxheight":"below_default"}},{"type":"Feature","geometry":{"type":"Point","coordinates":[6.400608,50.7291418]},"properties":{"hgv":"destination"}},{"type":"Feature","geometry":{"type":"Point","coordinates":[6.8973099,50.8272756]},"properties":{"maxweight":"12"}},{"type":"Feature","geometry":{"type":"Point","coordinates":[6.6835134,50.553592]},"properties":{"maxweight":"7.5"}},{"type":"Feature","geometry":{"type":"Point","coordinates":[6.9798956,50.4844002]},"properties":{"maxweight":"12"}},{"type":"Feature","geometry":{"type":"Point","coordinates":[6.7984854,50.9964891]},"properties":{"maxheight":"default"}},{"type":"Feature","geometry":{"type":"Point","coordinates":[6.6545498,50.3454604]},"properties":{"hgv":"forestry"}},{"type":"Feature","geometry":{"type":"Point","coordinates":[6.6442166,50.3590025]},"properties":{"hgv":"forestry"}},{"type":"Feature","geometry":{"type":"Point","coordinates":[6.0521378,50.7539392]},"properties":{"hgv":"no","goods":"no"}},{"type":"Feature","geometry":{"type":"Point","coordinates":[6.838882,50.6593668]},"properties":{"hgv":"no"}},{"type":"Feature","geometry":{"type":"Point","coordinates":[6.8413476,50.6586688]},"properties":{"hgv":"no"}},{"type":"Feature","geometry":{"type":"Point","coordinates":[6.8406375,50.65879]},"properties":{"hgv":"no"}},{"type":"Feature","geometry":{"type":"Point","coordinates":[6.8386419,50.658875]},"properties":{"hgv":"no"}},{"type":"Feature","geometry":{"type":"Point","coordinates":[6.8420664,50.6586777]},"properties":{"hgv":"no"}},{"type":"Feature","geometry":{"type":"Point","coordinates":[6.8433691,50.6578003]},"properties":{"hgv":"no"}},{"type":"Feature","geometry":{"type":"Point","coordinates":[6.8129936,50.6708554]},"properties":{"hgv":"no"}},{"type":"Feature","geometry":{"type":"Point","coordinates":[6.8463153,50.6663943]},"properties":{"maxheight":"4.3"}},{"type":"Feature","geometry":{"type":"Point","coordinates":[6.0287484,50.8133938]},"properties":{"maxweight":"6"}},{"type":"Feature","geometry":{"type":"Point","coordinates":[6.8843415,50.6480549]},"properties":{"maxweight":"6"}},{"type":"Feature","geometry":{"type":"Point","coordinates":[6.8850031,50.6493378]},"properties":{"maxweight":"6"}},{"type":"Feature","geometry":{"type":"Point","coordinates":[6.7922902,50.6582361]},"properties":{"maxheight":"3.2"}},{"type":"Feature","geometry":{"type":"Point","coordinates":[6.8618229,50.6754269]},"properties":{"maxwidth":"2.5"}},{"type":"Feature","geometry":{"type":"Point","coordinates":[6.6264374,50.4979937]},"properties":{"maxheight":"default"}},{"type":"Feature","geometry":{"type":"Point","coordinates":[6.9356162,50.9236336]},"properties":{"maxheight":"4"}},{"type":"Feature","geometry":{"type":"Point","coordinates":[6.7857009,50.8438563]},"properties":{"hgv":"destination"}},{"type":"Feature","geometry":{"type":"Point","coordinates":[6.7585821,50.8387631]},"properties":{"maxheight":"default"}},{"type":"Feature","geometry":{"type":"Point","coordinates":[6.374529,50.8080258]},"properties":{"maxheight":"2.5"}},{"type":"Feature","geometry":{"type":"Point","coordinates":[6.2250535,50.5714812]},"properties":{"maxweight":"12"}},{"type":"Feature","geometry":{"type":"Point","coordinates":[6.4530562,50.6918634]},"properties":{"maxweight":"16 t"}},{"type":"Feature","geometry":{"type":"Point","coordinates":[6.6837656,50.6036074]},"properties":{"hgv":"destination"}},{"type":"Feature","geometry":{"type":"Point","coordinates":[6.6822319,50.6007945]},"properties":{"hgv":"destination"}},{"type":"Feature","geometry":{"type":"Point","coordinates":[6.9618636,50.9245375]},"properties":{"hgv":"destination"}},{"type":"Feature","geometry":{"type":"Point","coordinates":[6.9144715,50.7195281]},"properties":{"hgv":"destination"}},{"type":"Feature","geometry":{"type":"Point","coordinates":[6.8363144,50.0941337]},"properties":{"hgv":"no"}},{"type":"Feature","geometry":{"type":"Point","coordinates":[6.3583897,50.8268016]},"properties":{"maxweight":"12"}},{"type":"Feature","geometry":{"type":"Point","coordinates":[6.3511369,50.8422129]},"properties":{"hgv":"destination"}},{"type":"Feature","geometry":{"type":"Point","coordinates":[6.8931997,50.9977322]},"properties":{"maxheight":"default"}},{"type":"Feature","geometry":{"type":"Point","coordinates":[6.6312815,50.8504073]},"properties":{"maxweight":"16"}},{"type":"Feature","geometry":{"type":"Point","coordinates":[6.6863829,50.8772338]},"properties":{"maxweight":"16"}},{"type":"Feature","geometry":{"type":"Point","coordinates":[6.9724506,50.6286646]},"properties":{"maxheight":"below_default"}},{"type":"Feature","geometry":{"type":"Point","coordinates":[6.6843009,50.9058643]},"properties":{"maxheight":"default"}},{"type":"Feature","geometry":{"type":"Point","coordinates":[6.9237146,50.6835712]},"properties":{"maxweight":"12"}},{"type":"Feature","geometry":{"type":"Point","coordinates":[6.7768893,50.6668043]},"properties":{"hgv":"no"}},{"type":"Feature","geometry":{"type":"Point","coordinates":[6.795122,50.7056282]},"properties":{"hgv":"agricultural"}},{"type":"Feature","geometry":{"type":"Point","coordinates":[6.3523165,50.1393257]},"properties":{"maxweightrating:hgv":"7.5"}},{"type":"Feature","geometry":{"type":"Point","coordinates":[6.8216721,50.8912674]},"properties":{"maxweightrating:hgv":"16"}},{"type":"Feature","geometry":{"type":"Point","coordinates":[6.945871,50.9845514]},"properties":{"hgv":"destination"}},{"type":"Feature","geometry":{"type":"Point","coordinates":[6.9468827,50.9848809]},"properties":{"hgv":"destination"}},{"type":"Feature","geometry":{"type":"Point","coordinates":[6.4837883,50.8059132]},"properties":{"maxheight":"2","maxweight":"2.5"}},{"type":"Feature","geometry":{"type":"Point","coordinates":[6.4796007,50.8057992]},"properties":{"maxheight":"2.1"}},{"type":"Feature","geometry":{"type":"Point","coordinates":[6.9182522,50.2872106]},"properties":{"hgv":"delivery"}},{"type":"Feature","geometry":{"type":"Point","coordinates":[6.3270304,50.6563384]},"properties":{"hgv":"no"}},{"type":"Feature","geometry":{"type":"Point","coordinates":[6.8319218,50.2034977]},"properties":{"hgv":"destination"}},{"type":"Feature","geometry":{"type":"Point","coordinates":[6.3584088,50.8166837]},"properties":{"maxheight":"2.3"}},{"type":"Feature","geometry":{"type":"Point","coordinates":[6.3588939,50.8193915]},"properties":{"maxweight":"3.5"}},{"type":"Feature","geometry":{"type":"Point","coordinates":[6.2180063,50.7274747]},"properties":{"maxweight":"2.8 t"}},{"type":"Feature","geometry":{"type":"Point","coordinates":[6.4641693,50.7882542]},"properties":{"hgv":"destination"}},{"type":"Feature","geometry":{"type":"Point","coordinates":[6.3362002,50.6678035]},"properties":{"hgv":"destination"}},{"type":"Feature","geometry":{"type":"Point","coordinates":[6.8129313,50.8129846]},"properties":{"hgv":"delivery"}},{"type":"Feature","geometry":{"type":"Point","coordinates":[6.8085245,50.8203044]},"properties":{"hgv":"no","maxweight":"7.5"}},{"type":"Feature","geometry":{"type":"Point","coordinates":[6.0379866,50.7192384]},"properties":{"maxwidth":"2.2"}},{"type":"Feature","geometry":{"type":"Point","coordinates":[6.0402818,50.7182848]},"properties":{"hgv":"no"}},{"type":"Feature","geometry":{"type":"Point","coordinates":[6.9707198,50.9363951]},"properties":{"hgv":"no"}},{"type":"Feature","geometry":{"type":"Point","coordinates":[6.9706356,50.9365571]},"properties":{"hgv":"no","maxheight":"4"}},{"type":"Feature","geometry":{"type":"Point","coordinates":[6.5539365,50.8122456]},"properties":{"hgv":"destination"}},{"type":"Feature","geometry":{"type":"Point","coordinates":[6.6244424,50.1745238]},"properties":{"hgv":"no"}},{"type":"Feature","geometry":{"type":"Point","coordinates":[6.0382105,50.722272]},"properties":{"maxweight":"3.5"}},{"type":"Feature","geometry":{"type":"Point","coordinates":[6.9290426,50.1331294]},"properties":{"hgv":"no","goods":"yes"}},{"type":"Feature","geometry":{"type":"Point","coordinates":[6.2851197,50.7810416]},"properties":{"maxwidth":"2"}},{"type":"Feature","geometry":{"type":"Point","coordinates":[6.9307051,50.9614436]},"properties":{"maxheight":"4"}},{"type":"Feature","geometry":{"type":"Point","coordinates":[6.9297249,50.9606606]},"properties":{"maxheight":"4"}},{"type":"Feature","geometry":{"type":"Point","coordinates":[6.9316036,50.9621878]},"properties":{"maxheight":"4"}},{"type":"Feature","geometry":{"type":"Point","coordinates":[6.6244482,50.174212]},"properties":{"hgv":"no"}},{"type":"Feature","geometry":{"type":"Point","coordinates":[6.8712313,50.6653581]},"properties":{"maxweight":"6"}},{"type":"Feature","geometry":{"type":"Point","coordinates":[6.8704504,50.6614929]},"properties":{"maxweight":"12"}},{"type":"Feature","geometry":{"type":"Point","coordinates":[6.8844812,50.8362923]},"properties":{"maxweight":"30"}},{"type":"Feature","geometry":{"type":"Point","coordinates":[6.404389,50.9232124]},"properties":{"maxweight":"2.8"}},{"type":"Feature","geometry":{"type":"Point","coordinates":[6.202727,50.8755991]},"properties":{"hgv":"agricultural"}},{"type":"Feature","geometry":{"type":"Point","coordinates":[6.5517034,50.1336996]},"properties":{"maxweight":"3.5"}},{"type":"Feature","geometry":{"type":"Point","coordinates":[6.9580002,50.4742657]},"properties":{"maxheight":"3.5"}},{"type":"Feature","geometry":{"type":"Point","coordinates":[6.9681745,50.9129661]},"properties":{"maxheight":"4"}},{"type":"Feature","geometry":{"type":"Point","coordinates":[6.0951658,50.8724503]},"properties":{"maxheight":"2.1"}},{"type":"Feature","geometry":{"type":"Point","coordinates":[6.4747789,50.7959756]},"properties":{"hgv":"no"}},{"type":"Feature","geometry":{"type":"Point","coordinates":[6.9697106,50.9453901]},"properties":{"maxheight":"3"}},{"type":"Feature","geometry":{"type":"Point","coordinates":[6.9230559,50.9551688]},"properties":{"hgv":"destination"}},{"type":"Feature","geometry":{"type":"Point","coordinates":[6.9307966,50.8986789]},"properties":{"hgv":"destination"}},{"type":"Feature","geometry":{"type":"Point","coordinates":[6.9304523,50.8986004]},"properties":{"hgv":"destination"}},{"type":"Feature","geometry":{"type":"Point","coordinates":[6.9289224,50.901647]},"properties":{"hgv":"destination"}},{"type":"Feature","geometry":{"type":"Point","coordinates":[6.9289628,50.9017028]},"properties":{"hgv":"destination"}},{"type":"Feature","geometry":{"type":"Point","coordinates":[6.9243205,50.8973943]},"properties":{"maxheight":"default"}},{"type":"Feature","geometry":{"type":"Point","coordinates":[6.6674935,50.2654375]},"properties":{"maxweightrating:hgv":"7.5"}},{"type":"Feature","geometry":{"type":"Point","coordinates":[6.9302703,50.9253127]},"properties":{"hgv":"no"}},{"type":"Feature","geometry":{"type":"Point","coordinates":[6.6860752,50.6321374]},"properties":{"maxweight":"3.5"}},{"type":"Feature","geometry":{"type":"Point","coordinates":[6.9430474,50.9009987]},"properties":{"hgv":"destination"}},{"type":"Feature","geometry":{"type":"Point","coordinates":[6.9390494,50.9016011]},"properties":{"hgv":"destination"}},{"type":"Feature","geometry":{"type":"Point","coordinates":[6.4938948,50.7708076]},"properties":{"hgv":"no"}},{"type":"Feature","geometry":{"type":"Point","coordinates":[6.4951837,50.7729694]},"properties":{"hgv":"destination"}},{"type":"Feature","geometry":{"type":"Point","coordinates":[6.5702527,50.2876071]},"properties":{"maxweight":"7.5"}},{"type":"Feature","geometry":{"type":"Point","coordinates":[6.7646227,50.8245317]},"properties":{"hgv":"no"}},{"type":"Feature","geometry":{"type":"Point","coordinates":[6.8680501,50.9303923]},"properties":{"hgv":"destination"}},{"type":"Feature","geometry":{"type":"Point","coordinates":[6.8681882,50.9288765]},"properties":{"hgv":"destination"}},{"type":"Feature","geometry":{"type":"Point","coordinates":[6.1953365,50.6408769]},"properties":{"maxweight":"7.5"}},{"type":"Feature","geometry":{"type":"Point","coordinates":[6.9297121,50.700969]},"properties":{"hgv":"destination"}},{"type":"Feature","geometry":{"type":"Point","coordinates":[6.9215025,50.905849]},"properties":{"hgv":"destination"}},{"type":"Feature","geometry":{"type":"Point","coordinates":[6.7508522,50.968822]},"properties":{"maxweight":"2.8"}},{"type":"Feature","geometry":{"type":"Point","coordinates":[6.7507958,50.9689755]},"properties":{"maxweight":"2.8"}},{"type":"Feature","geometry":{"type":"Point","coordinates":[6.7789689,50.9627625]},"properties":{"hgv":"destination"}},{"type":"Feature","geometry":{"type":"Point","coordinates":[6.7800991,50.9618975]},"properties":{"hgv":"delivery"}},{"type":"Feature","geometry":{"type":"Point","coordinates":[6.9864484,50.5113823]},"properties":{"maxweight":"12"}},{"type":"Feature","geometry":{"type":"Point","coordinates":[6.4391658,50.8656601]},"properties":{"hgv":"no"}},{"type":"Feature","geometry":{"type":"Point","coordinates":[6.0714467,50.7799968]},"properties":{"maxheight":"3.5"}},{"type":"Feature","geometry":{"type":"Point","coordinates":[6.9106471,50.768831]},"properties":{"maxweight":"1.5"}},{"type":"Feature","geometry":{"type":"Point","coordinates":[6.9296955,50.8505276]},"properties":{"hgv":"destination"}},{"type":"Feature","geometry":{"type":"Point","coordinates":[6.90998,50.9843651]},"properties":{"maxheight":"4"}},{"type":"Feature","geometry":{"type":"Point","coordinates":[6.9468321,50.9095493]},"properties":{"hgv":"destination"}},{"type":"Feature","geometry":{"type":"Point","coordinates":[6.9344519,50.913157]},"properties":{"maxheight":"4"}},{"type":"Feature","geometry":{"type":"Point","coordinates":[6.9384558,50.9091435]},"properties":{"hgv":"destination"}},{"type":"Feature","geometry":{"type":"Point","coordinates":[6.9366735,50.9076866]},"properties":{"hgv":"destination"}},{"type":"Feature","geometry":{"type":"Point","coordinates":[6.9369738,50.9073834]},"properties":{"hgv":"destination"}},{"type":"Feature","geometry":{"type":"Point","coordinates":[6.9355951,50.9078125]},"properties":{"hgv":"destination"}},{"type":"Feature","geometry":{"type":"Point","coordinates":[6.9044665,50.8079271]},"properties":{"maxheight":"3.70"}},{"type":"Feature","geometry":{"type":"Point","coordinates":[6.9353549,50.6474528]},"properties":{"maxheight":"4"}},{"type":"Feature","geometry":{"type":"Point","coordinates":[6.9333224,50.9937738]},"properties":{"maxweight":"3.5"}},{"type":"Feature","geometry":{"type":"Point","coordinates":[6.4793117,50.3419201]},"properties":{"maxweightrating:hgv":"7.5"}},{"type":"Feature","geometry":{"type":"Point","coordinates":[6.9560552,50.9448884]},"properties":{"maxheight":"3.25"}},{"type":"Feature","geometry":{"type":"Point","coordinates":[6.8262413,50.7789574]},"properties":{"maxheight":"4"}},{"type":"Feature","geometry":{"type":"Point","coordinates":[6.2114958,50.8754581]},"properties":{"maxheight":"2.7"}},{"type":"Feature","geometry":{"type":"Point","coordinates":[6.0489059,50.7823088]},"properties":{"maxheight":"3.8"}},{"type":"Feature","geometry":{"type":"Point","coordinates":[6.2798482,50.9666426]},"properties":{"maxheight":"1.6"}},{"type":"Feature","geometry":{"type":"Point","coordinates":[6.3218558,50.9074472]},"properties":{"hgv":"no"}},{"type":"Feature","geometry":{"type":"Point","coordinates":[6.658226,50.5919367]},"properties":{"hgv":"delivery"}},{"type":"Feature","geometry":{"type":"Point","coordinates":[6.6542416,50.5917625]},"properties":{"hgv":"delivery"}},{"type":"Feature","geometry":{"type":"Point","coordinates":[6.6551806,50.5937567]},"properties":{"hgv":"destination"}},{"type":"Feature","geometry":{"type":"Point","coordinates":[6.6545713,50.5931355]},"properties":{"hgv":"destination"}},{"type":"Feature","geometry":{"type":"Point","coordinates":[6.6536099,50.5940018]},"properties":{"hgv":"destination"}},{"type":"Feature","geometry":{"type":"Point","coordinates":[6.6532214,50.5944005]},"properties":{"hgv":"destination"}},{"type":"Feature","geometry":{"type":"Point","coordinates":[6.2068657,50.857816]},"properties":{"maxweight":"2.1"}},{"type":"Feature","geometry":{"type":"Point","coordinates":[6.6532419,50.5973058]},"properties":{"hgv":"destination"}},{"type":"Feature","geometry":{"type":"Point","coordinates":[6.1001282,50.7691736]},"properties":{"maxheight":"2.3"}},{"type":"Feature","geometry":{"type":"Point","coordinates":[6.1360134,50.8205946]},"properties":{"hgv":"destination"}},{"type":"Feature","geometry":{"type":"Point","coordinates":[6.0506854,50.7791091]},"properties":{"maxheight":"default"}},{"type":"Feature","geometry":{"type":"Point","coordinates":[6.8489174,50.7611298]},"properties":{"maxheight":"default"}},{"type":"Feature","geometry":{"type":"Point","coordinates":[6.8509636,50.7596142]},"properties":{"maxheight":"default"}},{"type":"Feature","geometry":{"type":"Point","coordinates":[6.8674673,50.7429716]},"properties":{"maxheight":"default"}},{"type":"Feature","geometry":{"type":"Point","coordinates":[6.2227443,50.6966121]},"properties":{"maxlength":"7.5"}},{"type":"Feature","geometry":{"type":"Point","coordinates":[6.1110979,50.9676071]},"properties":{"maxheight":"3.8"}},{"type":"Feature","geometry":{"type":"Point","coordinates":[6.2972981,50.8077755]},"properties":{"maxheight":"3.5"}},{"type":"Feature","geometry":{"type":"Point","coordinates":[6.2100828,50.8146811]},"properties":{"maxheight":"3.2"}},{"type":"Feature","geometry":{"type":"Point","coordinates":[6.1314021,50.0375995]},"properties":{"hgv":"yes"}},{"type":"Feature","geometry":{"type":"Point","coordinates":[6.1465656,50.0042309]},"properties":{"hgv":"yes"}},{"type":"Feature","geometry":{"type":"Point","coordinates":[6.144637,50.0095492]},"properties":{"hgv":"yes"}},{"type":"Feature","geometry":{"type":"Point","coordinates":[6.1454012,50.0031242]},"properties":{"hgv":"yes"}},{"type":"Feature","geometry":{"type":"Point","coordinates":[6.1438393,50.0000101]},"properties":{"hgv":"yes"}},{"type":"Feature","geometry":{"type":"Point","coordinates":[6.6596214,50.9923961]},"properties":{"hgv":"destination"}},{"type":"Feature","geometry":{"type":"Point","coordinates":[6.4630318,50.0806905]},"properties":{"maxheight":"default"}},{"type":"Feature","geometry":{"type":"Point","coordinates":[6.6670871,50.3405941]},"properties":{"hgv":"no"}},{"type":"Feature","geometry":{"type":"Point","coordinates":[6.1569881,50.7846876]},"properties":{"hgv":"destination","maxweight":"7.5"}},{"type":"Feature","geometry":{"type":"Point","coordinates":[6.2844388,50.808088]},"properties":{"maxheight":"4.2"}},{"type":"Feature","geometry":{"type":"Point","coordinates":[6.2555319,50.8125381]},"properties":{"maxheight":"4"}},{"type":"Feature","geometry":{"type":"Point","coordinates":[6.2928414,50.8126007]},"properties":{"maxlength":"10"}},{"type":"Feature","geometry":{"type":"Point","coordinates":[6.9183097,50.9533435]},"properties":{"maxheight":"2"}},{"type":"Feature","geometry":{"type":"Point","coordinates":[6.9112899,50.9959175]},"properties":{"hgv":"destination"}},{"type":"Feature","geometry":{"type":"Point","coordinates":[6.9101922,50.9953588]},"properties":{"hgv":"destination"}},{"type":"Feature","geometry":{"type":"Point","coordinates":[6.8595119,50.2218851]},"properties":{"maxheight":"default"}},{"type":"Feature","geometry":{"type":"Point","coordinates":[6.9833077,50.7641319]},"properties":{"maxweight":"7.5"}},{"type":"Feature","geometry":{"type":"Point","coordinates":[6.9801798,50.7633566]},"properties":{"maxheight":"3.3"}},{"type":"Feature","geometry":{"type":"Point","coordinates":[6.9510849,50.9738883]},"properties":{"maxheight":"3"}},{"type":"Feature","geometry":{"type":"Point","coordinates":[6.1940462,50.7103823]},"properties":{"maxwidth":"2.2","maxweight":"3"}},{"type":"Feature","geometry":{"type":"Point","coordinates":[6.1999693,50.7099987]},"properties":{"maxweight":"3.5"}},{"type":"Feature","geometry":{"type":"Point","coordinates":[6.2284926,50.769251]},"properties":{"hgv":"destination"}},{"type":"Feature","geometry":{"type":"Point","coordinates":[6.2170029,50.7554098]},"properties":{"hgv":"destination"}},{"type":"Feature","geometry":{"type":"Point","coordinates":[6.9091188,50.8435762]},"properties":{"maxheight":"4.1"}},{"type":"Feature","geometry":{"type":"Point","coordinates":[6.923121,50.8491079]},"properties":{"hgv":"destination"}},{"type":"Feature","geometry":{"type":"Point","coordinates":[6.9021645,50.8298981]},"properties":{"hgv":"destination","maxlength":"11"}},{"type":"Feature","geometry":{"type":"Point","coordinates":[6.9392941,50.9269691]},"properties":{"maxheight":"3.3"}},{"type":"Feature","geometry":{"type":"Point","coordinates":[6.1285835,50.0329596]},"properties":{"hgv":"yes"}},{"type":"Feature","geometry":{"type":"Point","coordinates":[6.6765687,50.3410741]},"properties":{"maxheight":"2"}},{"type":"Feature","geometry":{"type":"Point","coordinates":[6.0436095,50.7762618]},"properties":{"maxheight":"3"}},{"type":"Feature","geometry":{"type":"Point","coordinates":[6.3170452,50.8156468]},"properties":{"maxheight":"1.7"}},{"type":"Feature","geometry":{"type":"Point","coordinates":[6.0451784,50.7775863]},"properties":{"maxheight":"3.7"}},{"type":"Feature","geometry":{"type":"Point","coordinates":[6.4274596,50.7373305]},"properties":{"hgv":"destination"}},{"type":"Feature","geometry":{"type":"Point","coordinates":[6.3507947,50.6658558]},"properties":{"hgv":"destination"}},{"type":"Feature","geometry":{"type":"Point","coordinates":[6.7940119,50.6212101]},"properties":{"hgv":"destination"}},{"type":"Feature","geometry":{"type":"Point","coordinates":[6.0981892,50.7645293]},"properties":{"maxweight":"18"}},{"type":"Feature","geometry":{"type":"Point","coordinates":[6.0976795,50.7640882]},"properties":{"maxweight":"18"}},{"type":"Feature","geometry":{"type":"Point","coordinates":[6.0982356,50.7638369]},"properties":{"maxweight":"18"}},{"type":"Feature","geometry":{"type":"Point","coordinates":[6.994642,50.7604533]},"properties":{"maxheight":"2.2"}},{"type":"Feature","geometry":{"type":"Point","coordinates":[6.9776568,50.8180425]},"properties":{"hgv":"no","goods":"no"}},{"type":"Feature","geometry":{"type":"Point","coordinates":[6.5599268,50.4474297]},"properties":{"maxweightrating:hgv":"7.5"}},{"type":"Feature","geometry":{"type":"Point","coordinates":[6.4853203,50.8044853]},"properties":{"maxheight":"1.8"}},{"type":"Feature","geometry":{"type":"Point","coordinates":[6.1867724,50.7247908]},"properties":{"maxheight":"3.5"}},{"type":"Feature","geometry":{"type":"Point","coordinates":[6.0354384,50.8130305]},"properties":{"maxweight":"6"}},{"type":"Feature","geometry":{"type":"Point","coordinates":[6.9687815,50.7877071]},"properties":{"maxheight":"3.9"}},{"type":"Feature","geometry":{"type":"Point","coordinates":[6.8774238,50.8674844]},"properties":{"hgv":"destination"}},{"type":"Feature","geometry":{"type":"Point","coordinates":[6.8893501,50.8656789]},"properties":{"hgv":"no"}},{"type":"Feature","geometry":{"type":"Point","coordinates":[6.1547797,50.7845456]},"properties":{"hgv":"destination","maxweight":"7.5"}},{"type":"Feature","geometry":{"type":"Point","coordinates":[6.0970248,50.7908129]},"properties":{"maxheight":"default"}},{"type":"Feature","geometry":{"type":"Point","coordinates":[6.2640802,50.5725078]},"properties":{"hgv":"no"}},{"type":"Feature","geometry":{"type":"Point","coordinates":[6.6724225,50.9887034]},"properties":{"hgv":"destination"}},{"type":"Feature","geometry":{"type":"Point","coordinates":[6.4607457,50.7278988]},"properties":{"maxweight":"30"}},{"type":"Feature","geometry":{"type":"Point","coordinates":[6.5158982,50.7588462]},"properties":{"hgv":"destination"}},{"type":"Feature","geometry":{"type":"Point","coordinates":[6.9556626,50.8740433]},"properties":{"hgv":"delivery"}},{"type":"Feature","geometry":{"type":"Point","coordinates":[6.7685022,50.5813143]},"properties":{"maxweightrating:hgv":"12"}},{"type":"Feature","geometry":{"type":"Point","coordinates":[6.2904406,50.7821752]},"properties":{"hgv":"destination"}},{"type":"Feature","geometry":{"type":"Point","coordinates":[6.2713939,50.8194692]},"properties":{"maxwidth":"2.3"}},{"type":"Feature","geometry":{"type":"Point","coordinates":[6.9904669,50.9280279]},"properties":{"maxheight":"default"}},{"type":"Feature","geometry":{"type":"Point","coordinates":[6.7455799,50.9656046]},"properties":{"maxweight":"7.5"}},{"type":"Feature","geometry":{"type":"Point","coordinates":[6.2864967,50.805114]},"properties":{"hgv":"no"}},{"type":"Feature","geometry":{"type":"Point","coordinates":[6.286918,50.806941]},"properties":{"maxheight":"3.3"}},{"type":"Feature","geometry":{"type":"Point","coordinates":[6.2558894,50.8265685]},"properties":{"maxheight":"4.1"}},{"type":"Feature","geometry":{"type":"Point","coordinates":[6.2373826,50.5606925]},"properties":{"maxweight":"12"}},{"type":"Feature","geometry":{"type":"Point","coordinates":[6.6712968,50.2927626]},"properties":{"hgv":"no"}},{"type":"Feature","geometry":{"type":"Point","coordinates":[6.237979,50.8206447]},"properties":{"hgv":"no"}},{"type":"Feature","geometry":{"type":"Point","coordinates":[6.0401302,50.7684738]},"properties":{"maxweight":"2.8"}},{"type":"Feature","geometry":{"type":"Point","coordinates":[6.2805842,50.7369941]},"properties":{"maxweight":"3.5"}},{"type":"Feature","geometry":{"type":"Point","coordinates":[6.2764188,50.7514642]},"properties":{"hgv":"destination"}},{"type":"Feature","geometry":{"type":"Point","coordinates":[6.4145478,50.7106575]},"properties":{"hgv":"agricultural","maxweight":"7.5"}},{"type":"Feature","geometry":{"type":"Point","coordinates":[6.4287655,50.7146087]},"properties":{"hgv":"destination","maxweight":"7.5"}},{"type":"Feature","geometry":{"type":"Point","coordinates":[6.2567777,50.821185]},"properties":{"maxweight":"7.5"}},{"type":"Feature","geometry":{"type":"Point","coordinates":[6.2557219,50.8204959]},"properties":{"hgv":"destination"}},{"type":"Feature","geometry":{"type":"Point","coordinates":[6.0888283,50.7754355]},"properties":{"maxheight":"3.1"}},{"type":"Feature","geometry":{"type":"Point","coordinates":[6.7310562,50.3102933]},"properties":{"maxwidth":"2"}},{"type":"Feature","geometry":{"type":"Point","coordinates":[6.9358937,50.8406608]},"properties":{"hgv":"destination"}},{"type":"Feature","geometry":{"type":"Point","coordinates":[6.9321648,50.8473667]},"properties":{"hgv":"destination"}},{"type":"Feature","geometry":{"type":"Point","coordinates":[6.9273037,50.8603214]},"properties":{"hgv":"destination"}},{"type":"Feature","geometry":{"type":"Point","coordinates":[6.9280908,50.8625971]},"properties":{"hgv":"delivery"}},{"type":"Feature","geometry":{"type":"Point","coordinates":[6.9283375,50.8625438]},"properties":{"hgv":"delivery"}},{"type":"Feature","geometry":{"type":"Point","coordinates":[6.9282647,50.8629208]},"properties":{"hgv":"delivery"}},{"type":"Feature","geometry":{"type":"Point","coordinates":[6.9171287,50.766459]},"properties":{"hgv":"no"}},{"type":"Feature","geometry":{"type":"Point","coordinates":[6.5934688,50.5115839]},"properties":{"maxweight":"3.5"}},{"type":"Feature","geometry":{"type":"Point","coordinates":[6.9653709,50.740036]},"properties":{"hgv":"no"}},{"type":"Feature","geometry":{"type":"Point","coordinates":[6.5874118,50.9759796]},"properties":{"hgv":"destination"}},{"type":"Feature","geometry":{"type":"Point","coordinates":[6.2808401,50.8156839]},"properties":{"maxheight":"2"}},{"type":"Feature","geometry":{"type":"Point","coordinates":[6.2388077,50.8255095]},"properties":{"maxheight":"4"}},{"type":"Feature","geometry":{"type":"Point","coordinates":[6.9944999,50.7438752]},"properties":{"hgv":"destination"}},{"type":"Feature","geometry":{"type":"Point","coordinates":[6.9151145,50.949369]},"properties":{"maxheight":"2.8"}},{"type":"Feature","geometry":{"type":"Point","coordinates":[6.0988865,50.7665242]},"properties":{"maxheight":"3.5","maxwidth":"2"}},{"type":"Feature","geometry":{"type":"Point","coordinates":[6.8276023,50.0316721]},"properties":{"maxlength":"10"}},{"type":"Feature","geometry":{"type":"Point","coordinates":[6.9398451,50.7482724]},"properties":{"hgv":"agricultural"}},{"type":"Feature","geometry":{"type":"Point","coordinates":[6.9378632,50.7441662]},"properties":{"hgv":"agricultural"}},{"type":"Feature","geometry":{"type":"Point","coordinates":[6.0698358,50.7756608]},"properties":{"maxweight":"3.5"}},{"type":"Feature","geometry":{"type":"Point","coordinates":[6.6526504,50.3478488]},"properties":{"hgv":"forestry"}},{"type":"Feature","geometry":{"type":"Point","coordinates":[6.4920925,50.3438694]},"properties":{"maxweightrating:hgv":"7.5"}},{"type":"Feature","geometry":{"type":"Point","coordinates":[6.639223,50.5627321]},"properties":{"maxheight":"2.3"}},{"type":"Feature","geometry":{"type":"Point","coordinates":[6.2735585,50.8348475]},"properties":{"hgv":"no"}},{"type":"Feature","geometry":{"type":"Point","coordinates":[6.2790131,50.8337989]},"properties":{"hgv":"no"}},{"type":"Feature","geometry":{"type":"Point","coordinates":[6.2790855,50.80716]},"properties":{"maxheight":"3.1"}},{"type":"Feature","geometry":{"type":"Point","coordinates":[6.3347605,50.6587895]},"properties":{"hgv":"destination"}},{"type":"Feature","geometry":{"type":"Point","coordinates":[6.3453495,50.6603836]},"properties":{"hgv":"destination"}},{"type":"Feature","geometry":{"type":"Point","coordinates":[6.57429,50.9865894]},"properties":{"hgv":"destination"}},{"type":"Feature","geometry":{"type":"Point","coordinates":[6.6777972,50.939927]},"properties":{"hgv":"destination"}},{"type":"Feature","geometry":{"type":"Point","coordinates":[6.575856,50.9814938]},"properties":{"hgv":"destination"}},{"type":"Feature","geometry":{"type":"Point","coordinates":[6.569252,50.9832475]},"properties":{"hgv":"destination"}},{"type":"Feature","geometry":{"type":"Point","coordinates":[6.948226,50.8605455]},"properties":{"hgv":"no"}},{"type":"Feature","geometry":{"type":"Point","coordinates":[6.9425406,50.8382527]},"properties":{"hgv":"destination"}},{"type":"Feature","geometry":{"type":"Point","coordinates":[6.8819788,50.8723183]},"properties":{"hgv":"delivery"}},{"type":"Feature","geometry":{"type":"Point","coordinates":[6.9611741,50.6249397]},"properties":{"maxheight":"default"}},{"type":"Feature","geometry":{"type":"Point","coordinates":[6.9980908,50.7408306]},"properties":{"hgv":"no"}},{"type":"Feature","geometry":{"type":"Point","coordinates":[6.8293904,50.9405821]},"properties":{"hgv":"destination"}},{"type":"Feature","geometry":{"type":"Point","coordinates":[6.3446959,50.8387699]},"properties":{"maxweight":"30"}},{"type":"Feature","geometry":{"type":"Point","coordinates":[6.8085475,50.8099926]},"properties":{"hgv":"no"}},{"type":"Feature","geometry":{"type":"Point","coordinates":[6.1847459,50.6989821]},"properties":{"maxweight":"24"}},{"type":"Feature","geometry":{"type":"Point","coordinates":[6.1850421,50.6958996]},"properties":{"maxweight":"16"}},{"type":"Feature","geometry":{"type":"Point","coordinates":[6.764833,50.8001309]},"properties":{"hgv":"destination"}},{"type":"Feature","geometry":{"type":"Point","coordinates":[6.9431773,50.3323141]},"properties":{"maxheight":"4.7"}},{"type":"Feature","geometry":{"type":"Point","coordinates":[6.8862649,50.8651739]},"properties":{"hgv":"no"}},{"type":"Feature","geometry":{"type":"Point","coordinates":[6.891442,50.8666077]},"properties":{"hgv":"destination"}},{"type":"Feature","geometry":{"type":"Point","coordinates":[6.2858328,50.7997779]},"properties":{"hgv":"destination"}},{"type":"Feature","geometry":{"type":"Point","coordinates":[6.1409044,50.6916571]},"properties":{"maxweight":"12"}},{"type":"Feature","geometry":{"type":"Point","coordinates":[6.1413175,50.6905399]},"properties":{"maxweight":"12"}},{"type":"Feature","geometry":{"type":"Point","coordinates":[6.1870029,50.6404216]},"properties":{"maxheight":"3.8"}},{"type":"Feature","geometry":{"type":"Point","coordinates":[6.9425428,50.8032561]},"properties":{"maxweight":"2.5"}},{"type":"Feature","geometry":{"type":"Point","coordinates":[6.8903412,50.9114053]},"properties":{"maxweightrating":"30"}},{"type":"Feature","geometry":{"type":"Point","coordinates":[6.2469458,50.8188566]},"properties":{"maxheight":"default"}},{"type":"Feature","geometry":{"type":"Point","coordinates":[6.7757474,50.9291345]},"properties":{"hgv":"designated"}},{"type":"Feature","geometry":{"type":"Point","coordinates":[6.5142126,50.3385983]},"properties":{"maxheight":"default"}},{"type":"Feature","geometry":{"type":"Point","coordinates":[6.8151829,50.8079385]},"properties":{"hgv":"destination"}},{"type":"Feature","geometry":{"type":"Point","coordinates":[6.4467359,50.7720425]},"properties":{"hgv":"destination"}},{"type":"Feature","geometry":{"type":"Point","coordinates":[6.6824355,50.6003023]},"properties":{"hgv":"destination"}},{"type":"Feature","geometry":{"type":"Point","coordinates":[6.4197774,50.2086656]},"properties":{"maxweightrating:hgv":"7.5"}},{"type":"Feature","geometry":{"type":"Point","coordinates":[6.4197678,50.2099702]},"properties":{"maxweightrating:hgv":"7.5"}},{"type":"Feature","geometry":{"type":"Point","coordinates":[6.4163875,50.2100539]},"properties":{"maxweightrating:hgv":"7.5"}},{"type":"Feature","geometry":{"type":"Point","coordinates":[6.4212339,50.2094562]},"properties":{"maxweightrating:hgv":"7.5"}},{"type":"Feature","geometry":{"type":"Point","coordinates":[6.8958477,50.9986195]},"properties":{"maxheight":"default"}},{"type":"Feature","geometry":{"type":"Point","coordinates":[6.5007177,50.369796]},"properties":{"hgv":"destination"}},{"type":"Feature","geometry":{"type":"Point","coordinates":[6.6290723,50.4398699]},"properties":{"hgv":"destination"}},{"type":"Feature","geometry":{"type":"Point","coordinates":[6.1028498,50.7774315]},"properties":{"maxlength":"10"}},{"type":"Feature","geometry":{"type":"Point","coordinates":[6.1170225,50.7703651]},"properties":{"maxheight":"4"}},{"type":"Feature","geometry":{"type":"Point","coordinates":[6.1765455,50.7809093]},"properties":{"maxweight":"2.8"}},{"type":"Feature","geometry":{"type":"Point","coordinates":[6.1749514,50.7815915]},"properties":{"maxweight":"2.8"}},{"type":"Feature","geometry":{"type":"Point","coordinates":[6.0662522,50.7814106]},"properties":{"hgv":"no"}},{"type":"Feature","geometry":{"type":"Point","coordinates":[6.0579849,50.7776944]},"properties":{"maxweight":"3.5"}},{"type":"Feature","geometry":{"type":"Point","coordinates":[6.9612473,50.9153015]},"properties":{"maxheight":"3.9"}},{"type":"Feature","geometry":{"type":"Point","coordinates":[6.9660303,50.915326]},"properties":{"maxheight":"4"}},{"type":"Feature","geometry":{"type":"Point","coordinates":[6.8319753,50.2034161]},"properties":{"hgv":"destination"}},{"type":"Feature","geometry":{"type":"Point","coordinates":[6.2695777,50.827919]},"properties":{"maxheight":"default"}},{"type":"Feature","geometry":{"type":"Point","coordinates":[6.7523984,50.2543605]},"properties":{"hgv":"no"}},{"type":"Feature","geometry":{"type":"Point","coordinates":[6.0592426,50.7703982]},"properties":{"hgv":"no"}},{"type":"Feature","geometry":{"type":"Point","coordinates":[6.7551065,50.2539513]},"properties":{"hgv":"destination"}},{"type":"Feature","geometry":{"type":"Point","coordinates":[6.3503541,50.9515005]},"properties":{"maxheight":"default"}},{"type":"Feature","geometry":{"type":"Point","coordinates":[6.8121466,50.8875331]},"properties":{"maxheight":"default"}},{"type":"Feature","geometry":{"type":"Point","coordinates":[6.9108862,50.5106959]},"properties":{"maxweight":"3.5"}},{"type":"Feature","geometry":{"type":"Point","coordinates":[6.9189198,50.518804]},"properties":{"maxweight":"3.5"}},{"type":"Feature","geometry":{"type":"Point","coordinates":[6.7432118,50.2302469]},"properties":{"hgv":"destination"}},{"type":"Feature","geometry":{"type":"Point","coordinates":[6.7392801,50.2298871]},"properties":{"hgv":"destination"}},{"type":"Feature","geometry":{"type":"Point","coordinates":[6.7474336,50.2306476]},"properties":{"maxweightrating:hgv":"7.5"}},{"type":"Feature","geometry":{"type":"Point","coordinates":[6.7249216,50.2556255]},"properties":{"hgv":"destination"}},{"type":"Feature","geometry":{"type":"Point","coordinates":[6.7830498,50.6625531]},"properties":{"hgv":"destination"}},{"type":"Feature","geometry":{"type":"Point","coordinates":[6.783254,50.6611186]},"properties":{"hgv":"destination"}},{"type":"Feature","geometry":{"type":"Point","coordinates":[6.3212413,50.919803]},"properties":{"hgv":"destination"}},{"type":"Feature","geometry":{"type":"Point","coordinates":[6.9596556,50.9309356]},"properties":{"maxweightrating:hgv":"7.5"}},{"type":"Feature","geometry":{"type":"Point","coordinates":[6.7899572,50.2494161]},"properties":{"maxweight":"30"}},{"type":"Feature","geometry":{"type":"Point","coordinates":[6.1452359,50.7989956]},"properties":{"maxweight":"12"}},{"type":"Feature","geometry":{"type":"Point","coordinates":[6.0771715,50.7779176]},"properties":{"maxheight":"below_default"}},{"type":"Feature","geometry":{"type":"Point","coordinates":[6.0775048,50.7781324]},"properties":{"maxheight":"below_default"}},{"type":"Feature","geometry":{"type":"Point","coordinates":[6.9365549,50.9287307]},"properties":{"maxheight":"3.7"}},{"type":"Feature","geometry":{"type":"Point","coordinates":[6.9391001,50.9271657]},"properties":{"maxheight":"3.8"}},{"type":"Feature","geometry":{"type":"Point","coordinates":[6.5868222,50.9991761]},"properties":{"hgv":"destination"}},{"type":"Feature","geometry":{"type":"Point","coordinates":[6.5854826,50.9986175]},"properties":{"hgv":"destination"}},{"type":"Feature","geometry":{"type":"Point","coordinates":[6.5845704,50.998282]},"properties":{"hgv":"destination"}},{"type":"Feature","geometry":{"type":"Point","coordinates":[6.5665993,50.996378]},"properties":{"hgv":"destination"}},{"type":"Feature","geometry":{"type":"Point","coordinates":[6.5491632,50.9880235]},"properties":{"maxweight":"12"}},{"type":"Feature","geometry":{"type":"Point","coordinates":[6.5489751,50.9882693]},"properties":{"maxweight":"12"}},{"type":"Feature","geometry":{"type":"Point","coordinates":[6.5481625,50.9861956]},"properties":{"maxweight":"12"}},{"type":"Feature","geometry":{"type":"Point","coordinates":[6.5525736,50.9922299]},"properties":{"maxweight":"12"}},{"type":"Feature","geometry":{"type":"Point","coordinates":[6.202941,50.5722728]},"properties":{"maxweight":"22"}},{"type":"Feature","geometry":{"type":"Point","coordinates":[6.4811994,50.7529412]},"properties":{"maxweight":"16"}},{"type":"Feature","geometry":{"type":"Point","coordinates":[6.9564316,50.9311443]},"properties":{"maxweight":"44"}},{"type":"Feature","geometry":{"type":"Point","coordinates":[6.8690014,50.7689155]},"properties":{"hgv":"destination"}},{"type":"Feature","geometry":{"type":"Point","coordinates":[6.716292,50.6147577]},"properties":{"hgv":"delivery"}},{"type":"Feature","geometry":{"type":"Point","coordinates":[6.1838141,50.518937]},"properties":{"maxweight":"12"}},{"type":"Feature","geometry":{"type":"Point","coordinates":[6.6193542,50.4329891]},"properties":{"hgv":"destination"}},{"type":"Feature","geometry":{"type":"Point","coordinates":[6.2440032,50.5544901]},"properties":{"maxwidth":"2.5"}},{"type":"Feature","geometry":{"type":"Point","coordinates":[6.6443315,50.2674613]},"properties":{"hgv":"no"}},{"type":"Feature","geometry":{"type":"Point","coordinates":[6.9456,50.9047304]},"properties":{"maxweightrating:hgv":"7.5"}},{"type":"Feature","geometry":{"type":"Point","coordinates":[6.7790301,50.7523916]},"properties":{"hgv":"destination","goods":"destination"}},{"type":"Feature","geometry":{"type":"Point","coordinates":[6.9704083,50.5397759]},"properties":{"maxweight":"16"}},{"type":"Feature","geometry":{"type":"Point","coordinates":[6.9725942,50.5329069]},"properties":{"maxweight":"16"}},{"type":"Feature","geometry":{"type":"Point","coordinates":[6.9744989,50.512305]},"properties":{"maxweight":"16"}},{"type":"Feature","geometry":{"type":"Point","coordinates":[6.6121009,50.316914]},"properties":{"maxweight":"3.5"}},{"type":"Feature","geometry":{"type":"Point","coordinates":[6.7172046,50.238077]},"properties":{"hgv":"no"}},{"type":"Feature","geometry":{"type":"Point","coordinates":[6.9581803,50.9404014]},"properties":{"maxheight":"1.9"}},{"type":"Feature","geometry":{"type":"Point","coordinates":[6.9606816,50.9398322]},"properties":{"maxheight":"1.9"}},{"type":"Feature","geometry":{"type":"Point","coordinates":[6.9614578,50.9355694]},"properties":{"maxheight":"1.9"}},{"type":"Feature","geometry":{"type":"Point","coordinates":[6.8002183,50.905192]},"properties":{"hgv":"no","goods":"yes"}},{"type":"Feature","geometry":{"type":"Point","coordinates":[6.1589596,50.7528314]},"properties":{"hgv":"destination"}},{"type":"Feature","geometry":{"type":"Point","coordinates":[6.4375947,50.9080342]},"properties":{"hgv":"destination"}},{"type":"Feature","geometry":{"type":"Point","coordinates":[6.3619013,50.9839973]},"properties":{"hgv":"no"}},{"type":"Feature","geometry":{"type":"Point","coordinates":[6.4642911,50.9583725]},"properties":{"hgv":"destination"}},{"type":"Feature","geometry":{"type":"Point","coordinates":[6.8996248,50.8270679]},"properties":{"maxheight":"2"}},{"type":"Feature","geometry":{"type":"Point","coordinates":[6.8998051,50.8268205]},"properties":{"maxheight":"2.05"}},{"type":"Feature","geometry":{"type":"Point","coordinates":[6.9376532,50.9185712]},"properties":{"maxheight":"3.7"}},{"type":"Feature","geometry":{"type":"Point","coordinates":[6.9373981,50.9188968]},"properties":{"maxweightrating:hgv":"7.5"}},{"type":"Feature","geometry":{"type":"Point","coordinates":[6.9375276,50.9252832]},"properties":{"maxheight":"3.8"}},{"type":"Feature","geometry":{"type":"Point","coordinates":[6.9379681,50.903466]},"properties":{"hgv":"destination"}},{"type":"Feature","geometry":{"type":"Point","coordinates":[6.939511,50.9055691]},"properties":{"hgv":"destination"}},{"type":"Feature","geometry":{"type":"Point","coordinates":[6.9410989,50.9076052]},"properties":{"hgv":"destination"}},{"type":"Feature","geometry":{"type":"Point","coordinates":[6.907779,50.8056519]},"properties":{"maxheight":"3.7"}},{"type":"Feature","geometry":{"type":"Point","coordinates":[6.4250394,50.8744543]},"properties":{"maxweight":"16"}},{"type":"Feature","geometry":{"type":"Point","coordinates":[6.8229999,50.0301593]},"properties":{"maxlength":"10"}},{"type":"Feature","geometry":{"type":"Point","coordinates":[6.9498002,50.3370007]},"properties":{"maxheight":"4.1"}},{"type":"Feature","geometry":{"type":"Point","coordinates":[6.6709987,50.2922144]},"properties":{"hgv":"no","goods":"destination","maxweight":"7.5"}},{"type":"Feature","geometry":{"type":"Point","coordinates":[6.6741106,50.2919907]},"properties":{"hgv":"no"}},{"type":"Feature","geometry":{"type":"Point","coordinates":[6.3634249,50.9124125]},"properties":{"hgv":"destination"}},{"type":"Feature","geometry":{"type":"Point","coordinates":[6.7536235,50.9685634]},"properties":{"maxweight":"2.8"}},{"type":"Feature","geometry":{"type":"Point","coordinates":[6.9598281,50.9306698]},"properties":{"maxheight":"4"}},{"type":"Feature","geometry":{"type":"Point","coordinates":[6.246876,50.8201511]},"properties":{"maxheight":"default"}},{"type":"Feature","geometry":{"type":"Point","coordinates":[6.6751136,50.9879122]},"properties":{"maxheight":"3.5"}},{"type":"Feature","geometry":{"type":"Point","coordinates":[6.6714657,50.9859039]},"properties":{"hgv":"destination"}},{"type":"Feature","geometry":{"type":"Point","coordinates":[6.6620084,50.9948657]},"properties":{"hgv":"destination"}},{"type":"Feature","geometry":{"type":"Point","coordinates":[6.6638458,50.9961359]},"properties":{"hgv":"destination"}},{"type":"Feature","geometry":{"type":"Point","coordinates":[6.6753417,50.2902625]},"properties":{"hgv":"no"}},{"type":"Feature","geometry":{"type":"Point","coordinates":[6.781739,50.6637696]},"properties":{"hgv":"destination"}},{"type":"Feature","geometry":{"type":"Point","coordinates":[6.9518811,50.9401895]},"properties":{"maxheight":"1.95"}},{"type":"Feature","geometry":{"type":"Point","coordinates":[6.5581941,50.7298473]},"properties":{"hgv":"destination"}},{"type":"Feature","geometry":{"type":"Point","coordinates":[6.5666762,50.7188295]},"properties":{"hgv":"destination"}},{"type":"Feature","geometry":{"type":"Point","coordinates":[6.5678554,50.7169936]},"properties":{"hgv":"destination"}},{"type":"Feature","geometry":{"type":"Point","coordinates":[6.8724776,50.8977933]},"properties":{"maxweight":"12"}},{"type":"Feature","geometry":{"type":"Point","coordinates":[6.6670503,50.9865493]},"properties":{"hgv":"permit"}},{"type":"Feature","geometry":{"type":"Point","coordinates":[6.6694462,50.9835926]},"properties":{"hgv":"destination"}},{"type":"Feature","geometry":{"type":"Point","coordinates":[6.6755704,50.9825253]},"properties":{"hgv":"destination"}},{"type":"Feature","geometry":{"type":"Point","coordinates":[6.6739234,50.9835217]},"properties":{"hgv":"destination"}},{"type":"Feature","geometry":{"type":"Point","coordinates":[6.3116182,50.8204058]},"properties":{"maxheight":"2"}},{"type":"Feature","geometry":{"type":"Point","coordinates":[6.2695174,50.8328192]},"properties":{"hgv":"no"}},{"type":"Feature","geometry":{"type":"Point","coordinates":[6.5668248,50.988533]},"properties":{"hgv":"no"}},{"type":"Feature","geometry":{"type":"Point","coordinates":[6.5747316,50.9815565]},"properties":{"maxheight":"3.3"}},{"type":"Feature","geometry":{"type":"Point","coordinates":[6.573744,50.980036]},"properties":{"hgv":"destination"}},{"type":"Feature","geometry":{"type":"Point","coordinates":[6.573114,50.9714272]},"properties":{"hgv":"destination"}},{"type":"Feature","geometry":{"type":"Point","coordinates":[6.5731907,50.9713596]},"properties":{"hgv":"destination"}},{"type":"Feature","geometry":{"type":"Point","coordinates":[6.570989,50.9746104]},"properties":{"hgv":"destination"}},{"type":"Feature","geometry":{"type":"Point","coordinates":[6.5781995,50.9805704]},"properties":{"hgv":"destination"}},{"type":"Feature","geometry":{"type":"Point","coordinates":[6.5820178,50.9789913]},"properties":{"hgv":"destination"}},{"type":"Feature","geometry":{"type":"Point","coordinates":[6.5782199,50.9829807]},"properties":{"maxweight":"3.5"}},{"type":"Feature","geometry":{"type":"Point","coordinates":[6.5767564,50.9843803]},"properties":{"hgv":"no"}},{"type":"Feature","geometry":{"type":"Point","coordinates":[6.5753396,50.9849767]},"properties":{"hgv":"destination"}},{"type":"Feature","geometry":{"type":"Point","coordinates":[6.4624398,50.9619563]},"properties":{"hgv":"destination"}},{"type":"Feature","geometry":{"type":"Point","coordinates":[6.9895625,50.9628646]},"properties":{"maxheight":"default"}},{"type":"Feature","geometry":{"type":"Point","coordinates":[6.2684229,50.8319586]},"properties":{"hgv":"no"}},{"type":"Feature","geometry":{"type":"Point","coordinates":[6.2752182,50.8345074]},"properties":{"hgv":"no"}},{"type":"Feature","geometry":{"type":"Point","coordinates":[6.555572,50.9856067]},"properties":{"maxheight":"default"}},{"type":"Feature","geometry":{"type":"Point","coordinates":[6.5872975,50.9531291]},"properties":{"maxheight":"default"}},{"type":"Feature","geometry":{"type":"Point","coordinates":[6.5896313,50.9714367]},"properties":{"hgv":"destination"}},{"type":"Feature","geometry":{"type":"Point","coordinates":[6.594731,50.9695473]},"properties":{"hgv":"destination"}},{"type":"Feature","geometry":{"type":"Point","coordinates":[6.5927838,50.9717975]},"properties":{"hgv":"destination"}},{"type":"Feature","geometry":{"type":"Point","coordinates":[6.5916729,50.9710565]},"properties":{"hgv":"destination"}},{"type":"Feature","geometry":{"type":"Point","coordinates":[6.5902168,50.9709338]},"properties":{"hgv":"destination"}},{"type":"Feature","geometry":{"type":"Point","coordinates":[6.5200211,50.9829961]},"properties":{"hgv":"destination"}},{"type":"Feature","geometry":{"type":"Point","coordinates":[6.5142877,50.9967462]},"properties":{"hgv":"destination"}},{"type":"Feature","geometry":{"type":"Point","coordinates":[6.0395601,50.7684181]},"properties":{"maxweight":"2.8"}},{"type":"Feature","geometry":{"type":"Point","coordinates":[6.1986974,50.8096862]},"properties":{"maxheight":"2.8"}},{"type":"Feature","geometry":{"type":"Point","coordinates":[6.5860703,50.9767115]},"properties":{"hgv":"destination"}},{"type":"Feature","geometry":{"type":"Point","coordinates":[6.5862305,50.9766264]},"properties":{"hgv":"destination"}},{"type":"Feature","geometry":{"type":"Point","coordinates":[6.5893193,50.9750332]},"properties":{"hgv":"no"}},{"type":"Feature","geometry":{"type":"Point","coordinates":[6.5941503,50.9737042]},"properties":{"hgv":"destination"}},{"type":"Feature","geometry":{"type":"Point","coordinates":[6.290284,50.8985469]},"properties":{"hgv":"destination"}},{"type":"Feature","geometry":{"type":"Point","coordinates":[6.3283493,50.903154]},"properties":{"hgv":"agricultural"}},{"type":"Feature","geometry":{"type":"Point","coordinates":[6.4206184,50.7348943]},"properties":{"hgv":"destination"}},{"type":"Feature","geometry":{"type":"Point","coordinates":[6.292671,50.8127668]},"properties":{"maxlength":"10"}},{"type":"Feature","geometry":{"type":"Point","coordinates":[6.2927071,50.8127669]},"properties":{"maxlength":"10"}},{"type":"Feature","geometry":{"type":"Point","coordinates":[6.2917675,50.8122116]},"properties":{"maxweight":"12"}},{"type":"Feature","geometry":{"type":"Point","coordinates":[6.3135008,50.816185]},"properties":{"hgv":"destination"}},{"type":"Feature","geometry":{"type":"Point","coordinates":[6.2928027,50.8127527]},"properties":{"maxlength":"10"}},{"type":"Feature","geometry":{"type":"Point","coordinates":[6.0909914,50.964074]},"properties":{"maxheight":"default"}},{"type":"Feature","geometry":{"type":"Point","coordinates":[6.5770754,50.9992525]},"properties":{"hgv":"destination"}},{"type":"Feature","geometry":{"type":"Point","coordinates":[6.5631745,50.997751]},"properties":{"maxweight":"3"}},{"type":"Feature","geometry":{"type":"Point","coordinates":[6.5622332,50.9960628]},"properties":{"hgv":"destination"}},{"type":"Feature","geometry":{"type":"Point","coordinates":[6.5616038,50.9967311]},"properties":{"hgv":"destination"}},{"type":"Feature","geometry":{"type":"Point","coordinates":[6.5633201,50.9956407]},"properties":{"hgv":"destination"}},{"type":"Feature","geometry":{"type":"Point","coordinates":[6.5629806,50.9956085]},"properties":{"hgv":"destination"}},{"type":"Feature","geometry":{"type":"Point","coordinates":[6.5630102,50.9956539]},"properties":{"hgv":"destination"}},{"type":"Feature","geometry":{"type":"Point","coordinates":[6.525364,50.82402]},"properties":{"hgv":"no"}},{"type":"Feature","geometry":{"type":"Point","coordinates":[6.3672871,50.9196818]},"properties":{"hgv":"destination"}},{"type":"Feature","geometry":{"type":"Point","coordinates":[6.3672956,50.9199266]},"properties":{"hgv":"destination"}},{"type":"Feature","geometry":{"type":"Point","coordinates":[6.6109712,50.5998534]},"properties":{"maxweight":"50"}},{"type":"Feature","geometry":{"type":"Point","coordinates":[6.4387495,50.7860189]},"properties":{"maxweight":"13"}},{"type":"Feature","geometry":{"type":"Point","coordinates":[6.0455702,50.7653817]},"properties":{"maxheight":"3.1"}},{"type":"Feature","geometry":{"type":"Point","coordinates":[6.0507189,50.7693446]},"properties":{"maxweight":"12"}},{"type":"Feature","geometry":{"type":"Point","coordinates":[6.5852402,50.9540448]},"properties":{"maxheight":"default"}},{"type":"Feature","geometry":{"type":"Point","coordinates":[6.4541741,50.7997735]},"properties":{"maxweight":"12"}},{"type":"Feature","geometry":{"type":"Point","coordinates":[6.3908935,50.8896369]},"properties":{"maxweight":"6"}},{"type":"Feature","geometry":{"type":"Point","coordinates":[6.3943142,50.8874259]},"properties":{"maxweight":"6"}},{"type":"Feature","geometry":{"type":"Point","coordinates":[6.8816646,50.8627245]},"properties":{"hgv":"no"}},{"type":"Feature","geometry":{"type":"Point","coordinates":[6.5680002,50.7164459]},"properties":{"hgv":"destination"}},{"type":"Feature","geometry":{"type":"Point","coordinates":[6.5642531,50.722134]},"properties":{"hgv":"destination"}},{"type":"Feature","geometry":{"type":"Point","coordinates":[6.560773,50.725092]},"properties":{"hgv":"destination"}},{"type":"Feature","geometry":{"type":"Point","coordinates":[6.560321,50.7272418]},"properties":{"hgv":"destination"}},{"type":"Feature","geometry":{"type":"Point","coordinates":[6.2841641,50.8051216]},"properties":{"maxweight":"3.5"}},{"type":"Feature","geometry":{"type":"Point","coordinates":[6.6758066,50.9015731]},"properties":{"maxheight":"2.7","maxwidth":"2.4"}},{"type":"Feature","geometry":{"type":"Point","coordinates":[6.2382562,50.7984907]},"properties":{"hgv":"no"}},{"type":"Feature","geometry":{"type":"Point","coordinates":[6.9773853,50.7630252]},"properties":{"maxheight":"2.7"}},{"type":"Feature","geometry":{"type":"Point","coordinates":[6.443349,50.5275716]},"properties":{"hgv":"no"}},{"type":"Feature","geometry":{"type":"Point","coordinates":[6.2839862,50.8045552]},"properties":{"maxweight":"3.5"}},{"type":"Feature","geometry":{"type":"Point","coordinates":[6.7533182,50.9686947]},"properties":{"maxweight":"2.8"}},{"type":"Feature","geometry":{"type":"Point","coordinates":[6.7517147,50.9690291]},"properties":{"maxweight":"2.8"}},{"type":"Feature","geometry":{"type":"Point","coordinates":[6.9325938,50.9219811]},"properties":{"maxweight":"12"}},{"type":"Feature","geometry":{"type":"Point","coordinates":[6.9677299,50.8314646]},"properties":{"hgv":"no","maxweight":"30"}},{"type":"Feature","geometry":{"type":"Point","coordinates":[6.0585117,50.7699927]},"properties":{"maxheight":"2.25"}},{"type":"Feature","geometry":{"type":"Point","coordinates":[6.5422631,50.2270063]},"properties":{"maxlength":"10"}},{"type":"Feature","geometry":{"type":"Point","coordinates":[6.9441965,50.944711]},"properties":{"hgv":"no"}},{"type":"Feature","geometry":{"type":"Point","coordinates":[6.2955153,50.7943024]},"properties":{"maxweight":"12"}},{"type":"Feature","geometry":{"type":"Point","coordinates":[6.8667165,50.7696849]},"properties":{"hgv":"destination"}},{"type":"Feature","geometry":{"type":"Point","coordinates":[6.9003987,50.8130251]},"properties":{"maxheight":"none"}},{"type":"Feature","geometry":{"type":"Point","coordinates":[6.390544,50.7116773]},"properties":{"hgv":"agricultural;forestry"}},{"type":"Feature","geometry":{"type":"Point","coordinates":[6.4115953,50.7098166]},"properties":{"hgv":"agricultural","maxweight":"7.5"}},{"type":"Feature","geometry":{"type":"Point","coordinates":[6.427212,50.7142435]},"properties":{"hgv":"agricultural","maxweight":"7.5"}},{"type":"Feature","geometry":{"type":"Point","coordinates":[6.2716676,50.7102423]},"properties":{"maxweight":"30"}},{"type":"Feature","geometry":{"type":"Point","coordinates":[6.7296619,50.4994949]},"properties":{"maxheight":"3","maxweight":"3.5"}},{"type":"Feature","geometry":{"type":"Point","coordinates":[6.8687928,50.0952116]},"properties":{"maxheight":"default"}},{"type":"Feature","geometry":{"type":"Point","coordinates":[6.1930547,50.9933823]},"properties":{"maxheight":"3.75"}},{"type":"Feature","geometry":{"type":"Point","coordinates":[6.1835791,50.990977]},"properties":{"maxheight":"2.8","maxwidth":"2.85"}},{"type":"Feature","geometry":{"type":"Point","coordinates":[6.2722901,50.835366]},"properties":{"hgv":"no"}},{"type":"Feature","geometry":{"type":"Point","coordinates":[6.889996,50.8659515]},"properties":{"hgv":"no"}},{"type":"Feature","geometry":{"type":"Point","coordinates":[6.3726239,50.9355048]},"properties":{"maxweight":"3.5"}},{"type":"Feature","geometry":{"type":"Point","coordinates":[6.8273621,50.7854945]},"properties":{"hgv":"no"}},{"type":"Feature","geometry":{"type":"Point","coordinates":[6.2836478,50.8332572]},"properties":{"hgv":"no"}},{"type":"Feature","geometry":{"type":"Point","coordinates":[6.2858547,50.8337034]},"properties":{"hgv":"no"}},{"type":"Feature","geometry":{"type":"Point","coordinates":[6.9979931,50.9627718]},"properties":{"hgv":"destination"}},{"type":"Feature","geometry":{"type":"Point","coordinates":[6.4758914,50.8071225]},"properties":{"maxweight":"9.5"}},{"type":"Feature","geometry":{"type":"Point","coordinates":[6.5737576,50.9289096]},"properties":{"hgv":"no"}},{"type":"Feature","geometry":{"type":"Point","coordinates":[6.5754855,50.9280834]},"properties":{"hgv":"destination"}},{"type":"Feature","geometry":{"type":"Point","coordinates":[6.5754511,50.9273057]},"properties":{"hgv":"destination"}},{"type":"Feature","geometry":{"type":"Point","coordinates":[6.0798743,50.886809]},"properties":{"maxheight":"3"}},{"type":"Feature","geometry":{"type":"Point","coordinates":[6.1027597,50.887268]},"properties":{"hgv":"no"}},{"type":"Feature","geometry":{"type":"Point","coordinates":[6.0846731,50.8763623]},"properties":{"hgv":"no"}},{"type":"Feature","geometry":{"type":"Point","coordinates":[6.0933691,50.8680116]},"properties":{"maxheight":"default"}},{"type":"Feature","geometry":{"type":"Point","coordinates":[6.0900708,50.7772512]},"properties":{"maxheight":"default"}},{"type":"Feature","geometry":{"type":"Point","coordinates":[6.9840749,50.7623383]},"properties":{"maxheight":"3.4"}},{"type":"Feature","geometry":{"type":"Point","coordinates":[6.1588011,50.7520913]},"properties":{"hgv":"destination"}},{"type":"Feature","geometry":{"type":"Point","coordinates":[6.7901511,50.8102227]},"properties":{"hgv":"no","maxweight":"16"}},{"type":"Feature","geometry":{"type":"Point","coordinates":[6.7871199,50.8089633]},"properties":{"hgv":"no","maxweight":"16"}},{"type":"Feature","geometry":{"type":"Point","coordinates":[6.477137,50.7778213]},"properties":{"maxweight":"6"}},{"type":"Feature","geometry":{"type":"Point","coordinates":[6.2395703,50.8170654]},"properties":{"hgv":"no"}},{"type":"Feature","geometry":{"type":"Point","coordinates":[6.8094374,50.8299457]},"properties":{"hgv":"no"}},{"type":"Feature","geometry":{"type":"Point","coordinates":[6.2391778,50.8268262]},"properties":{"hgv":"agricultural"}},{"type":"Feature","geometry":{"type":"Point","coordinates":[6.9977052,50.7605925]},"properties":{"maxweightrating:hgv":"none @ (hgv=delivery)"}},{"type":"Feature","geometry":{"type":"Point","coordinates":[6.1121577,50.7686284]},"properties":{"hgv":"destination"}},{"type":"Feature","geometry":{"type":"Point","coordinates":[6.8170226,50.6552967]},"properties":{"hgv":"delivery","maxweight":"7.5"}},{"type":"Feature","geometry":{"type":"Point","coordinates":[6.8413913,50.6512004]},"properties":{"hgv":"delivery","maxweight":"7.5"}},{"type":"Feature","geometry":{"type":"Point","coordinates":[6.1468558,50.7997537]},"properties":{"maxheight":"default"}},{"type":"Feature","geometry":{"type":"Point","coordinates":[6.1600873,50.8040953]},"properties":{"maxheight":"default"}},{"type":"Feature","geometry":{"type":"Point","coordinates":[6.1324571,50.7898567]},"properties":{"maxheight":"default"}},{"type":"Feature","geometry":{"type":"Point","coordinates":[6.1328226,50.7895966]},"properties":{"maxweight":"2.8"}},{"type":"Feature","geometry":{"type":"Point","coordinates":[6.1289831,50.7877968]},"properties":{"maxheight":"default"}},{"type":"Feature","geometry":{"type":"Point","coordinates":[6.1256382,50.7844934]},"properties":{"maxheight":"default"}},{"type":"Feature","geometry":{"type":"Point","coordinates":[6.1352295,50.7916603]},"properties":{"maxheight":"8"}},{"type":"Feature","geometry":{"type":"Point","coordinates":[6.9801761,50.4928989]},"properties":{"maxwidth":"2.2"}},{"type":"Feature","geometry":{"type":"Point","coordinates":[6.9986606,50.9634799]},"properties":{"hgv":"destination"}},{"type":"Feature","geometry":{"type":"Point","coordinates":[6.9994508,50.9643344]},"properties":{"hgv":"destination"}},{"type":"Feature","geometry":{"type":"Point","coordinates":[6.2684289,50.8322934]},"properties":{"hgv":"no"}},{"type":"Feature","geometry":{"type":"Point","coordinates":[6.4947397,50.7667125]},"properties":{"maxheight":"2.5 m"}},{"type":"Feature","geometry":{"type":"Point","coordinates":[6.8287321,50.6504051]},"properties":{"hgv":"delivery","maxweight":"7.5"}},{"type":"Feature","geometry":{"type":"Point","coordinates":[6.1717914,50.995592]},"properties":{"maxweight":"3.5"}},{"type":"Feature","geometry":{"type":"Point","coordinates":[6.3515969,50.6662217]},"properties":{"hgv":"destination"}},{"type":"Feature","geometry":{"type":"Point","coordinates":[6.074155,50.7752719]},"properties":{"maxheight":"3.9"}},{"type":"Feature","geometry":{"type":"Point","coordinates":[6.9562386,50.6785552]},"properties":{"hgv":"no"}},{"type":"Feature","geometry":{"type":"Point","coordinates":[6.9559538,50.6785503]},"properties":{"hgv":"no"}},{"type":"Feature","geometry":{"type":"Point","coordinates":[6.2606131,50.8812798]},"properties":{"maxweight":"30"}},{"type":"Feature","geometry":{"type":"Point","coordinates":[6.4791284,50.633914]},"properties":{"maxwidth":"1.7"}},{"type":"Feature","geometry":{"type":"Point","coordinates":[6.9470001,50.9006387]},"properties":{"hgv":"destination"}},{"type":"Feature","geometry":{"type":"Point","coordinates":[6.9440394,50.8890412]},"properties":{"maxheight":"default"}},{"type":"Feature","geometry":{"type":"Point","coordinates":[6.855916,50.7924699]},"properties":{"maxheight":"default"}},{"type":"Feature","geometry":{"type":"Point","coordinates":[6.837817,50.6502137]},"properties":{"hgv":"delivery","maxweight":"7.5"}},{"type":"Feature","geometry":{"type":"Point","coordinates":[6.8390627,50.6506897]},"properties":{"hgv":"delivery","maxweight":"7.5"}},{"type":"Feature","geometry":{"type":"Point","coordinates":[6.3513412,50.6660915]},"properties":{"hgv":"destination"}},{"type":"Feature","geometry":{"type":"Point","coordinates":[6.4795479,50.7703077]},"properties":{"maxweight":"30"}},{"type":"Feature","geometry":{"type":"Point","coordinates":[6.1197237,50.8164985]},"properties":{"hgv":"no"}},{"type":"Feature","geometry":{"type":"Point","coordinates":[6.4545653,50.967522]},"properties":{"hgv":"agricultural"}},{"type":"Feature","geometry":{"type":"Point","coordinates":[6.2463739,50.8228943]},"properties":{"hgv":"no"}},{"type":"Feature","geometry":{"type":"Point","coordinates":[6.9275893,50.8895634]},"properties":{"maxheight":"default"}},{"type":"Feature","geometry":{"type":"Point","coordinates":[6.2946448,50.9295739]},"properties":{"maxweight":"7.5"}},{"type":"Feature","geometry":{"type":"Point","coordinates":[6.6803059,50.2894532]},"properties":{"maxweight":"16"}},{"type":"Feature","geometry":{"type":"Point","coordinates":[6.3285286,50.9291293]},"properties":{"hgv":"destination"}},{"type":"Feature","geometry":{"type":"Point","coordinates":[6.3754105,50.8067591]},"properties":{"maxheight":"2.5"}},{"type":"Feature","geometry":{"type":"Point","coordinates":[6.6712627,50.2916381]},"properties":{"maxlength":"10"}},{"type":"Feature","geometry":{"type":"Point","coordinates":[6.3872127,50.9557093]},"properties":{"hgv":"no"}},{"type":"Feature","geometry":{"type":"Point","coordinates":[6.797261,50.8093983]},"properties":{"hgv":"no","maxweight":"7.5"}},{"type":"Feature","geometry":{"type":"Point","coordinates":[6.8251059,50.6509638]},"properties":{"hgv":"delivery","maxweight":"7.5"}},{"type":"Feature","geometry":{"type":"Point","coordinates":[6.8213556,50.6529757]},"properties":{"hgv":"delivery","maxweight":"7.5"}},{"type":"Feature","geometry":{"type":"Point","coordinates":[6.1951085,50.9783219]},"properties":{"maxweight":"16"}},{"type":"Feature","geometry":{"type":"Point","coordinates":[6.9683625,50.2157364]},"properties":{"hgv":"no"}},{"type":"Feature","geometry":{"type":"Point","coordinates":[6.9734658,50.9414219]},"properties":{"maxheight":"4"}},{"type":"Feature","geometry":{"type":"Point","coordinates":[6.14908,50.9775391]},"properties":{"maxweight":"1.5"}},{"type":"Feature","geometry":{"type":"Point","coordinates":[6.5858878,50.8667575]},"properties":{"maxheight":"3.4"}},{"type":"Feature","geometry":{"type":"Point","coordinates":[6.4196633,50.915784]},"properties":{"hgv":"destination"}},{"type":"Feature","geometry":{"type":"Point","coordinates":[6.581598,50.8598033]},"properties":{"hgv":"no"}},{"type":"Feature","geometry":{"type":"Point","coordinates":[6.5798401,50.8603715]},"properties":{"hgv":"no"}},{"type":"Feature","geometry":{"type":"Point","coordinates":[6.5899884,50.8683395]},"properties":{"maxheight":"3.4"}},{"type":"Feature","geometry":{"type":"Point","coordinates":[6.9725902,50.9563642]},"properties":{"maxweight":"30"}},{"type":"Feature","geometry":{"type":"Point","coordinates":[6.3556658,50.9260425]},"properties":{"hgv":"destination"}},{"type":"Feature","geometry":{"type":"Point","coordinates":[6.3569642,50.9242535]},"properties":{"hgv":"destination"}},{"type":"Feature","geometry":{"type":"Point","coordinates":[6.3630876,50.9212047]},"properties":{"hgv":"destination"}},{"type":"Feature","geometry":{"type":"Point","coordinates":[6.9151108,50.8876865]},"properties":{"hgv":"no"}},{"type":"Feature","geometry":{"type":"Point","coordinates":[6.8162238,50.807777]},"properties":{"hgv":"destination"}},{"type":"Feature","geometry":{"type":"Point","coordinates":[6.5504724,50.967826]},"properties":{"maxweight":"12"}},{"type":"Feature","geometry":{"type":"Point","coordinates":[6.5493928,50.9735354]},"properties":{"maxweight":"12"}},{"type":"Feature","geometry":{"type":"Point","coordinates":[6.9011976,50.7097115]},"properties":{"maxweight":"21"}},{"type":"Feature","geometry":{"type":"Point","coordinates":[6.3741882,50.9187302]},"properties":{"hgv":"destination"}},{"type":"Feature","geometry":{"type":"Point","coordinates":[6.1226054,50.7195517]},"properties":{"hgv":"yes"}},{"type":"Feature","geometry":{"type":"Point","coordinates":[6.9301893,50.6667236]},"properties":{"maxwidth":"2.1"}},{"type":"Feature","geometry":{"type":"Point","coordinates":[6.9208851,50.6682507]},"properties":{"maxwidth":"2.1"}},{"type":"Feature","geometry":{"type":"Point","coordinates":[6.9459189,50.6948872]},"properties":{"maxweight":"3"}},{"type":"Feature","geometry":{"type":"Point","coordinates":[6.3538774,50.9240041]},"properties":{"hgv":"no"}},{"type":"Feature","geometry":{"type":"Point","coordinates":[6.3673381,50.9291895]},"properties":{"maxheight":"4.63"}},{"type":"Feature","geometry":{"type":"Point","coordinates":[6.3108879,50.8121054]},"properties":{"maxheight":"3.7"}},{"type":"Feature","geometry":{"type":"Point","coordinates":[6.2996718,50.8081532]},"properties":{"maxheight":"3.1"}},{"type":"Feature","geometry":{"type":"Point","coordinates":[6.039236,50.7683349]},"properties":{"maxheight":"2.8"}},{"type":"Feature","geometry":{"type":"Point","coordinates":[6.0408981,50.7683645]},"properties":{"maxheight":"2.8"}},{"type":"Feature","geometry":{"type":"Point","coordinates":[6.3485919,50.1599882]},"properties":{"maxweight":"3.5"}},{"type":"Feature","geometry":{"type":"Point","coordinates":[6.0386376,50.768443]},"properties":{"maxweight":"2.8"}},{"type":"Feature","geometry":{"type":"Point","coordinates":[6.0416969,50.7685199]},"properties":{"maxweight":"2.8"}},{"type":"Feature","geometry":{"type":"Point","coordinates":[6.9707979,50.9369903]},"properties":{"hgv":"no"}},{"type":"Feature","geometry":{"type":"Point","coordinates":[6.9631804,50.9354394]},"properties":{"maxheight":"default"}},{"type":"Feature","geometry":{"type":"Point","coordinates":[6.9942457,50.9575048]},"properties":{"hgv":"destination"}},{"type":"Feature","geometry":{"type":"Point","coordinates":[6.6542463,50.5950771]},"properties":{"hgv":"destination"}},{"type":"Feature","geometry":{"type":"Point","coordinates":[6.9664334,50.6254817]},"properties":{"maxheight":"none"}},{"type":"Feature","geometry":{"type":"Point","coordinates":[6.9893721,50.5263389]},"properties":{"maxheight":"below_default"}},{"type":"Feature","geometry":{"type":"Point","coordinates":[6.8153544,50.2252535]},"properties":{"maxweight":"12"}},{"type":"Feature","geometry":{"type":"Point","coordinates":[6.8999295,50.8267284]},"properties":{"hgv":"delivery","goods":"delivery"}},{"type":"Feature","geometry":{"type":"Point","coordinates":[6.923172,50.8138265]},"properties":{"maxheight":"default"}},{"type":"Feature","geometry":{"type":"Point","coordinates":[6.8994764,50.827332]},"properties":{"hgv":"delivery","goods":"delivery"}},{"type":"Feature","geometry":{"type":"Point","coordinates":[6.3695745,50.9241383]},"properties":{"maxheight":"3.8"}},{"type":"Feature","geometry":{"type":"Point","coordinates":[6.9875543,50.8946821]},"properties":{"maxweight":"12"}},{"type":"Feature","geometry":{"type":"Point","coordinates":[6.9721611,50.8456714]},"properties":{"hgv":"delivery"}},{"type":"Feature","geometry":{"type":"Point","coordinates":[6.9708693,50.8458053]},"properties":{"hgv":"delivery"}},{"type":"Feature","geometry":{"type":"Point","coordinates":[6.5178159,50.7300512]},"properties":{"maxweight":"16"}},{"type":"Feature","geometry":{"type":"Point","coordinates":[6.0298606,50.9886414]},"properties":{"maxweight":"1.5"}},{"type":"Feature","geometry":{"type":"Point","coordinates":[6.7714808,50.5828738]},"properties":{"maxweight":"12"}},{"type":"Feature","geometry":{"type":"Point","coordinates":[6.1992827,50.9164378]},"properties":{"hgv":"delivery"}},{"type":"Feature","geometry":{"type":"Point","coordinates":[6.9115953,50.5115013]},"properties":{"maxweight":"3.5"}},{"type":"Feature","geometry":{"type":"Point","coordinates":[6.9145229,50.5114531]},"properties":{"maxweight":"3.5"}},{"type":"Feature","geometry":{"type":"Point","coordinates":[6.8849712,50.0973504]},"properties":{"hgv":"no"}},{"type":"Feature","geometry":{"type":"Point","coordinates":[6.9138872,50.7242264]},"properties":{"maxheight":"default"}},{"type":"Feature","geometry":{"type":"Point","coordinates":[6.4087825,50.1374192]},"properties":{"maxheight":"default"}},{"type":"Feature","geometry":{"type":"Point","coordinates":[6.2320364,50.766142]},"properties":{"hgv":"no"}},{"type":"Feature","geometry":{"type":"Point","coordinates":[6.7977956,50.9642977]},"properties":{"hgv":"destination"}},{"type":"Feature","geometry":{"type":"Point","coordinates":[6.4537553,50.2179918]},"properties":{"maxweight":"16"}},{"type":"Feature","geometry":{"type":"Point","coordinates":[6.9919772,50.9157137]},"properties":{"hgv":"delivery"}},{"type":"Feature","geometry":{"type":"Point","coordinates":[6.9550936,50.9346703]},"properties":{"maxweight":"30"}},{"type":"Feature","geometry":{"type":"Point","coordinates":[6.717689,50.8589364]},"properties":{"maxheight":"default"}},{"type":"Feature","geometry":{"type":"Point","coordinates":[6.7175898,50.8590048]},"properties":{"maxheight":"default"}},{"type":"Feature","geometry":{"type":"Point","coordinates":[6.9784334,50.9305586]},"properties":{"maxheight":"4"}},{"type":"Feature","geometry":{"type":"Point","coordinates":[6.6698878,50.9891299]},"properties":{"hgv":"destination"}},{"type":"Feature","geometry":{"type":"Point","coordinates":[6.4777153,50.7730927]},"properties":{"hgv":"destination"}},{"type":"Feature","geometry":{"type":"Point","coordinates":[6.5444963,50.6461949]},"properties":{"maxweight":"30"}},{"type":"Feature","geometry":{"type":"Point","coordinates":[6.8565726,50.7533376]},"properties":{"maxheight":"default"}},{"type":"Feature","geometry":{"type":"Point","coordinates":[6.7013014,50.5658436]},"properties":{"maxheight":"default"}},{"type":"Feature","geometry":{"type":"Point","coordinates":[6.8792318,50.5396294]},"properties":{"hgv":"no"}},{"type":"Feature","geometry":{"type":"Point","coordinates":[6.2332598,50.7668152]},"properties":{"maxheight":"3"}},{"type":"Feature","geometry":{"type":"Point","coordinates":[6.2515062,50.7534541]},"properties":{"hgv":"no","goods":"destination"}},{"type":"Feature","geometry":{"type":"Point","coordinates":[6.2503541,50.5223306]},"properties":{"maxweight":"2.5"}},{"type":"Feature","geometry":{"type":"Point","coordinates":[6.2875376,50.8344305]},"properties":{"hgv":"no"}},{"type":"Feature","geometry":{"type":"Point","coordinates":[6.9865201,50.9460879]},"properties":{"maxweight":"30"}},{"type":"Feature","geometry":{"type":"Point","coordinates":[6.9852336,50.9470321]},"properties":{"maxheight":"default"}},{"type":"Feature","geometry":{"type":"Point","coordinates":[6.1480196,50.9789563]},"properties":{"maxweight":"1.5"}},{"type":"Feature","geometry":{"type":"Point","coordinates":[6.1492657,50.9785215]},"properties":{"maxweight":"1.5"}},{"type":"Feature","geometry":{"type":"Point","coordinates":[6.4307528,50.8945592]},"properties":{"maxweight":"5.5"}},{"type":"Feature","geometry":{"type":"Point","coordinates":[6.2932553,50.8362103]},"properties":{"hgv":"no"}},{"type":"Feature","geometry":{"type":"Point","coordinates":[6.7658326,50.8016959]},"properties":{"hgv":"no"}},{"type":"Feature","geometry":{"type":"Point","coordinates":[6.374104,50.9219841]},"properties":{"hgv":"destination"}},{"type":"Feature","geometry":{"type":"Point","coordinates":[6.3694706,50.9241331]},"properties":{"maxheight":"3.8"}},{"type":"Feature","geometry":{"type":"Point","coordinates":[6.9563193,50.9321669]},"properties":{"hgv":"destination","maxweight":"44"}},{"type":"Feature","geometry":{"type":"Point","coordinates":[6.7851252,50.3318475]},"properties":{"hgv":"no"}},{"type":"Feature","geometry":{"type":"Point","coordinates":[6.7847946,50.3301102]},"properties":{"hgv":"no"}},{"type":"Feature","geometry":{"type":"Point","coordinates":[6.874051,50.3255872]},"properties":{"maxweight":"8"}},{"type":"Feature","geometry":{"type":"Point","coordinates":[6.958644,50.9391729]},"properties":{"maxweight":"2.5"}},{"type":"Feature","geometry":{"type":"Point","coordinates":[6.9588294,50.9395206]},"properties":{"maxweight":"2.5"}},{"type":"Feature","geometry":{"type":"Point","coordinates":[6.0176672,50.757476]},"properties":{"maxweight":"28"}},{"type":"Feature","geometry":{"type":"Point","coordinates":[6.0184008,50.7570382]},"properties":{"maxweight":"28"}},{"type":"Feature","geometry":{"type":"Point","coordinates":[6.2817139,50.8333648]},"properties":{"hgv":"no"}},{"type":"Feature","geometry":{"type":"Point","coordinates":[6.9220274,50.9460325]},"properties":{"maxweight":"26"}},{"type":"Feature","geometry":{"type":"Point","coordinates":[6.9221605,50.9459893]},"properties":{"maxweight":"26"}},{"type":"Feature","geometry":{"type":"Point","coordinates":[6.6863804,50.1509844]},"properties":{"maxweight":"7.5"}},{"type":"Feature","geometry":{"type":"Point","coordinates":[6.2391537,50.8178917]},"properties":{"hgv":"no"}},{"type":"Feature","geometry":{"type":"Point","coordinates":[6.2380488,50.8195975]},"properties":{"hgv":"no"}},{"type":"Feature","geometry":{"type":"Point","coordinates":[6.3617268,50.911875]},"properties":{"hgv":"destination"}},{"type":"Feature","geometry":{"type":"Point","coordinates":[6.5921995,50.5376521]},"properties":{"hgv":"destination"}},{"type":"Feature","geometry":{"type":"Point","coordinates":[6.051471,50.8118118]},"properties":{"maxheight":"1.6"}},{"type":"Feature","geometry":{"type":"Point","coordinates":[6.2168389,50.7637397]},"properties":{"hgv":"destination"}},{"type":"Feature","geometry":{"type":"Point","coordinates":[6.4435703,50.9048348]},"properties":{"hgv":"destination"}},{"type":"Feature","geometry":{"type":"Point","coordinates":[6.4381484,50.9072875]},"properties":{"hgv":"destination"}},{"type":"Feature","geometry":{"type":"Point","coordinates":[6.4506308,50.8952292]},"properties":{"hgv":"destination"}},{"type":"Feature","geometry":{"type":"Point","coordinates":[6.4610496,50.8848896]},"properties":{"maxweight":"2.8"}},{"type":"Feature","geometry":{"type":"Point","coordinates":[6.4619348,50.8844096]},"properties":{"maxweight":"30"}},{"type":"Feature","geometry":{"type":"Point","coordinates":[6.4712762,50.6897417]},"properties":{"maxwidth":"2.5","maxweight":"16"}},{"type":"Feature","geometry":{"type":"Point","coordinates":[6.6866633,50.1504118]},"properties":{"maxweight":"7.5"}},{"type":"Feature","geometry":{"type":"Point","coordinates":[6.2381684,50.5525973]},"properties":{"maxheight":"1.9"}},{"type":"Feature","geometry":{"type":"Point","coordinates":[6.0772124,50.985241]},"properties":{"maxweight":"1.5"}},{"type":"Feature","geometry":{"type":"Point","coordinates":[6.8899209,50.7369513]},"properties":{"maxweight":"3.5"}},{"type":"Feature","geometry":{"type":"Point","coordinates":[6.2395182,50.7551355]},"properties":{"maxheight":"3.1"}},{"type":"Feature","geometry":{"type":"Point","coordinates":[6.1756145,50.7162763]},"properties":{"maxweight":"16"}},{"type":"Feature","geometry":{"type":"Point","coordinates":[6.161132,50.7369431]},"properties":{"maxweight":"15"}},{"type":"Feature","geometry":{"type":"Point","coordinates":[6.7269162,50.1023548]},"properties":{"hgv":"no"}},{"type":"Feature","geometry":{"type":"Point","coordinates":[6.4198212,50.8763064]},"properties":{"maxweight":"30"}},{"type":"Feature","geometry":{"type":"Point","coordinates":[6.4224631,50.8758093]},"properties":{"maxweight":"30"}},{"type":"Feature","geometry":{"type":"Point","coordinates":[6.2206443,50.7844608]},"properties":{"hgv":"no"}},{"type":"Feature","geometry":{"type":"Point","coordinates":[6.2323519,50.7662821]},"properties":{"hgv":"no"}},{"type":"Feature","geometry":{"type":"Point","coordinates":[6.2328011,50.7664205]},"properties":{"hgv":"no"}},{"type":"Feature","geometry":{"type":"Point","coordinates":[6.2327082,50.7652835]},"properties":{"maxweight":"30"}},{"type":"Feature","geometry":{"type":"Point","coordinates":[6.2322535,50.7662431]},"properties":{"hgv":"no"}},{"type":"Feature","geometry":{"type":"Point","coordinates":[6.2967749,50.7456628]},"properties":{"hgv":"forestry","maxweight":"3.5"}},{"type":"Feature","geometry":{"type":"Point","coordinates":[6.2291117,50.7717941]},"properties":{"hgv":"designated"}},{"type":"Feature","geometry":{"type":"Point","coordinates":[6.2298905,50.7723934]},"properties":{"hgv":"designated"}},{"type":"Feature","geometry":{"type":"Point","coordinates":[6.9499868,50.9416112]},"properties":{"maxheight":"2.6","maxweight":"4"}},{"type":"Feature","geometry":{"type":"Point","coordinates":[6.8091186,50.6595934]},"properties":{"hgv":"delivery","maxweight":"7.5"}},{"type":"Feature","geometry":{"type":"Point","coordinates":[6.9878554,50.9689339]},"properties":{"maxheight":"2.8","maxweight":"3.5"}},{"type":"Feature","geometry":{"type":"Point","coordinates":[6.0552177,50.8073404]},"properties":{"maxheight":"4"}},{"type":"Feature","geometry":{"type":"Point","coordinates":[6.2818884,50.8213276]},"properties":{"hgv":"destination"}},{"type":"Feature","geometry":{"type":"Point","coordinates":[6.8383119,50.7795162]},"properties":{"maxheight":"default"}},{"type":"Feature","geometry":{"type":"Point","coordinates":[6.2391003,50.7456782]},"properties":{"maxheight":"3.6"}},{"type":"Feature","geometry":{"type":"Point","coordinates":[6.4623357,50.8216573]},"properties":{"maxweightrating:hgv":"7.5"}},{"type":"Feature","geometry":{"type":"Point","coordinates":[6.3423201,50.833288]},"properties":{"maxheight":"default"}},{"type":"Feature","geometry":{"type":"Point","coordinates":[6.2692903,50.8215205]},"properties":{"hgv":"destination"}},{"type":"Feature","geometry":{"type":"Point","coordinates":[6.3740267,50.9380393]},"properties":{"maxweight":"3.5"}},{"type":"Feature","geometry":{"type":"Point","coordinates":[6.3939626,50.9862549]},"properties":{"maxweight":"3.5"}},{"type":"Feature","geometry":{"type":"Point","coordinates":[6.3942238,50.9802229]},"properties":{"hgv":"agricultural","maxweight":"3.5"}},{"type":"Feature","geometry":{"type":"Point","coordinates":[6.2421622,50.5420479]},"properties":{"maxheight":"default"}},{"type":"Feature","geometry":{"type":"Point","coordinates":[6.9477849,50.3338232]},"properties":{"maxheight":"default"}},{"type":"Feature","geometry":{"type":"Point","coordinates":[6.3596996,50.8391169]},"properties":{"hgv":"no"}},{"type":"Feature","geometry":{"type":"Point","coordinates":[6.3711736,50.8311482]},"properties":{"maxweight":"30"}},{"type":"Feature","geometry":{"type":"Point","coordinates":[6.8217017,50.7713415]},"properties":{"maxheight":"default"}},{"type":"Feature","geometry":{"type":"Point","coordinates":[6.6744476,50.8664036]},"properties":{"hgv":"destination"}},{"type":"Feature","geometry":{"type":"Point","coordinates":[6.6121286,50.5988388]},"properties":{"maxweight":"50"}},{"type":"Feature","geometry":{"type":"Point","coordinates":[6.1538419,50.9779891]},"properties":{"maxheight":"3.4"}},{"type":"Feature","geometry":{"type":"Point","coordinates":[6.8037914,50.9931863]},"properties":{"maxheight":"3.5","maxweight":"2.8"}},{"type":"Feature","geometry":{"type":"Point","coordinates":[6.5248468,50.8258989]},"properties":{"hgv":"destination"}},{"type":"Feature","geometry":{"type":"Point","coordinates":[6.2916447,50.7825957]},"properties":{"hgv":"destination"}},{"type":"Feature","geometry":{"type":"Point","coordinates":[6.2866409,50.7816182]},"properties":{"hgv":"destination"}},{"type":"Feature","geometry":{"type":"Point","coordinates":[6.6298976,50.4907862]},"properties":{"maxweight":"5.5"}},{"type":"Feature","geometry":{"type":"Point","coordinates":[6.3199706,50.9664876]},"properties":{"maxheight":"3.6"}},{"type":"Feature","geometry":{"type":"Point","coordinates":[6.2947756,50.9763157]},"properties":{"maxheight":"3.5"}},{"type":"Feature","geometry":{"type":"Point","coordinates":[6.2943508,50.9765908]},"properties":{"maxheight":"3.5"}},{"type":"Feature","geometry":{"type":"Point","coordinates":[6.2658953,50.979359]},"properties":{"maxweight":"7.5"}},{"type":"Feature","geometry":{"type":"Point","coordinates":[6.6080217,50.9631647]},"properties":{"hgv":"no"}},{"type":"Feature","geometry":{"type":"Point","coordinates":[6.6102834,50.9610954]},"properties":{"hgv":"no"}},{"type":"Feature","geometry":{"type":"Point","coordinates":[6.7097343,50.9000378]},"properties":{"maxweight":"12"}},{"type":"Feature","geometry":{"type":"Point","coordinates":[6.7863085,50.8432792]},"properties":{"hgv":"destination"}},{"type":"Feature","geometry":{"type":"Point","coordinates":[6.7892242,50.8405823]},"properties":{"hgv":"destination"}},{"type":"Feature","geometry":{"type":"Point","coordinates":[6.859142,50.7490387]},"properties":{"hgv":"no"}},{"type":"Feature","geometry":{"type":"Point","coordinates":[6.859142,50.7490387]},"properties":{"hgv":"no"}},{"type":"Feature","geometry":{"type":"Point","coordinates":[6.1998729,50.6799974]},"properties":{"maxweight":"7.5"}},{"type":"Feature","geometry":{"type":"Point","coordinates":[6.2299582,50.7680559]},"properties":{"hgv":"destination"}},{"type":"Feature","geometry":{"type":"Point","coordinates":[6.2634997,50.8143998]},"properties":{"hgv":"no"}},{"type":"Feature","geometry":{"type":"Point","coordinates":[6.2640531,50.8144228]},"properties":{"hgv":"no"}},{"type":"Feature","geometry":{"type":"Point","coordinates":[6.7828693,50.2475362]},"properties":{"maxlength":"9"}},{"type":"Feature","geometry":{"type":"Point","coordinates":[6.0641701,50.8135221]},"properties":{"hgv":"destination"}},{"type":"Feature","geometry":{"type":"Point","coordinates":[6.0683247,50.8117943]},"properties":{"hgv":"destination"}},{"type":"Feature","geometry":{"type":"Point","coordinates":[6.6192144,50.4324789]},"properties":{"hgv":"destination"}},{"type":"Feature","geometry":{"type":"Point","coordinates":[6.6691936,50.2981273]},"properties":{"maxheight":"4"}},{"type":"Feature","geometry":{"type":"Point","coordinates":[6.6651861,50.2905594]},"properties":{"hgv":"destination"}},{"type":"Feature","geometry":{"type":"Point","coordinates":[6.2035509,50.8747217]},"properties":{"maxheight":"3.2"}},{"type":"Feature","geometry":{"type":"Point","coordinates":[6.0741043,50.8307663]},"properties":{"maxheight":"3"}},{"type":"Feature","geometry":{"type":"Point","coordinates":[6.0526345,50.7866465]},"properties":{"hgv":"no"}},{"type":"Feature","geometry":{"type":"Point","coordinates":[6.4418118,50.8512443]},"properties":{"maxweight":"12"}},{"type":"Feature","geometry":{"type":"Point","coordinates":[6.315045,50.7547873]},"properties":{"maxweight":"3.5"}},{"type":"Feature","geometry":{"type":"Point","coordinates":[6.6393147,50.7856288]},"properties":{"maxweight":"4"}},{"type":"Feature","geometry":{"type":"Point","coordinates":[6.644392,50.8059235]},"properties":{"maxwidth":"2.9"}},{"type":"Feature","geometry":{"type":"Point","coordinates":[6.6460483,50.8074271]},"properties":{"maxwidth":"1.5"}},{"type":"Feature","geometry":{"type":"Point","coordinates":[6.519276,50.7309815]},"properties":{"maxweight":"16"}},{"type":"Feature","geometry":{"type":"Point","coordinates":[6.0769684,50.7972216]},"properties":{"maxweight":"6"}},{"type":"Feature","geometry":{"type":"Point","coordinates":[6.0914174,50.8040104]},"properties":{"maxheight":"4"}},{"type":"Feature","geometry":{"type":"Point","coordinates":[6.0765014,50.8498789]},"properties":{"hgv":"destination"}},{"type":"Feature","geometry":{"type":"Point","coordinates":[6.4885609,50.6548464]},"properties":{"hgv":"no"}},{"type":"Feature","geometry":{"type":"Point","coordinates":[6.9395071,50.9272973]},"properties":{"maxheight":"3.3"}},{"type":"Feature","geometry":{"type":"Point","coordinates":[6.899496,50.816021]},"properties":{"maxheight":"2.50"}},{"type":"Feature","geometry":{"type":"Point","coordinates":[6.9023904,50.8293467]},"properties":{"maxheight":"2.05"}},{"type":"Feature","geometry":{"type":"Point","coordinates":[6.8447642,50.6173156]},"properties":{"hgv":"destination"}},{"type":"Feature","geometry":{"type":"Point","coordinates":[6.7411465,50.8640856]},"properties":{"maxheight":"default"}},{"type":"Feature","geometry":{"type":"Point","coordinates":[6.485282,50.6569342]},"properties":{"hgv":"no"}},{"type":"Feature","geometry":{"type":"Point","coordinates":[6.9127725,50.8887639]},"properties":{"hgv":"no"}},{"type":"Feature","geometry":{"type":"Point","coordinates":[6.8999366,50.826955]},"properties":{"hgv":"delivery","goods":"delivery"}},{"type":"Feature","geometry":{"type":"Point","coordinates":[6.8998798,50.8274451]},"properties":{"hgv":"delivery","goods":"delivery"}},{"type":"Feature","geometry":{"type":"Point","coordinates":[6.8760785,50.0216963]},"properties":{"maxheight":"31"}},{"type":"Feature","geometry":{"type":"Point","coordinates":[6.9966485,50.9606547]},"properties":{"hgv":"destination"}},{"type":"Feature","geometry":{"type":"Point","coordinates":[6.4197997,50.8761899]},"properties":{"maxweight":"30"}},{"type":"Feature","geometry":{"type":"Point","coordinates":[6.4194714,50.8758337]},"properties":{"maxweight":"30"}},{"type":"Feature","geometry":{"type":"Point","coordinates":[6.4409349,50.8312727]},"properties":{"maxwidth":"2"}},{"type":"Feature","geometry":{"type":"Point","coordinates":[6.9696609,50.9578444]},"properties":{"maxweight":"30"}},{"type":"Feature","geometry":{"type":"Point","coordinates":[6.9122299,50.9465131]},"properties":{"hgv":"no"}},{"type":"Feature","geometry":{"type":"Point","coordinates":[6.139073,50.7145118]},"properties":{"maxweight":"10"}},{"type":"Feature","geometry":{"type":"Point","coordinates":[6.320189,50.7835053]},"properties":{"maxweight":"16 t"}},{"type":"Feature","geometry":{"type":"Point","coordinates":[6.7564742,50.2524057]},"properties":{"maxheight":"3.4"}},{"type":"Feature","geometry":{"type":"Point","coordinates":[6.9845773,50.9448179]},"properties":{"maxheight":"default"}},{"type":"Feature","geometry":{"type":"Point","coordinates":[6.1291,50.7720787]},"properties":{"hgv":"delivery"}},{"type":"Feature","geometry":{"type":"Point","coordinates":[6.1245025,50.7722665]},"properties":{"hgv":"delivery"}},{"type":"Feature","geometry":{"type":"Point","coordinates":[6.4732741,50.8221775]},"properties":{"hgv":"no"}},{"type":"Feature","geometry":{"type":"Point","coordinates":[6.4736151,50.819701]},"properties":{"hgv":"no"}},{"type":"Feature","geometry":{"type":"Point","coordinates":[6.675564,50.5948734]},"properties":{"maxheight":"2.8"}},{"type":"Feature","geometry":{"type":"Point","coordinates":[6.6234537,50.4998963]},"properties":{"maxweight":"16"}},{"type":"Feature","geometry":{"type":"Point","coordinates":[6.4120876,50.9021183]},"properties":{"maxheight":"3.8"}},{"type":"Feature","geometry":{"type":"Point","coordinates":[6.7549454,50.8016952]},"properties":{"hgv":"destination"}},{"type":"Feature","geometry":{"type":"Point","coordinates":[6.4487447,50.826534]},"properties":{"maxheight":"2.2"}},{"type":"Feature","geometry":{"type":"Point","coordinates":[6.9245395,50.0308738]},"properties":{"hgv":"agricultural;forestry"}},{"type":"Feature","geometry":{"type":"Point","coordinates":[6.9814666,50.9507759]},"properties":{"maxheight":"default"}},{"type":"Feature","geometry":{"type":"Point","coordinates":[6.8425465,50.0402008]},"properties":{"hgv":"destination"}},{"type":"Feature","geometry":{"type":"Point","coordinates":[6.4282648,50.2054405]},"properties":{"maxweight":"7.5"}},{"type":"Feature","geometry":{"type":"Point","coordinates":[6.9213195,50.0394413]},"properties":{"hgv":"destination"}},{"type":"Feature","geometry":{"type":"Point","coordinates":[6.8677855,50.0366904]},"properties":{"hgv":"agricultural;forestry"}},{"type":"Feature","geometry":{"type":"Point","coordinates":[6.7133312,50.1107744]},"properties":{"maxweight":"7.5"}},{"type":"Feature","geometry":{"type":"Point","coordinates":[6.9973678,50.9619606]},"properties":{"hgv":"destination"}},{"type":"Feature","geometry":{"type":"Point","coordinates":[6.9987232,50.9624924]},"properties":{"hgv":"destination"}},{"type":"Feature","geometry":{"type":"Point","coordinates":[6.9378272,50.8301304]},"properties":{"maxweight":"7.5"}},{"type":"Feature","geometry":{"type":"Point","coordinates":[6.8083966,50.6307501]},"properties":{"hgv":"no"}},{"type":"Feature","geometry":{"type":"Point","coordinates":[6.2350818,50.7474029]},"properties":{"hgv":"private"}},{"type":"Feature","geometry":{"type":"Point","coordinates":[6.2334345,50.746016]},"properties":{"hgv":"private"}},{"type":"Feature","geometry":{"type":"Point","coordinates":[6.1529227,50.7842233]},"properties":{"hgv":"destination","maxweight":"7.5"}},{"type":"Feature","geometry":{"type":"Point","coordinates":[6.8511506,50.9857384]},"properties":{"hgv":"destination"}},{"type":"Feature","geometry":{"type":"Point","coordinates":[6.8978802,50.8283604]},"properties":{"maxweight":"11.5"}},{"type":"Feature","geometry":{"type":"Point","coordinates":[6.0479888,50.7769471]},"properties":{"maxheight":"3.8"}},{"type":"Feature","geometry":{"type":"Point","coordinates":[6.9791533,50.6120538]},"properties":{"hgv":"destination"}},{"type":"Feature","geometry":{"type":"Point","coordinates":[6.9614004,50.9297876]},"properties":{"maxheight":"default"}},{"type":"Feature","geometry":{"type":"Point","coordinates":[6.1792731,50.2148887]},"properties":{"hgv":"no"}},{"type":"Feature","geometry":{"type":"Point","coordinates":[6.5926676,50.5590641]},"properties":{"maxheight":"3.2"}},{"type":"Feature","geometry":{"type":"Point","coordinates":[6.1518162,50.7191198]},"properties":{"maxweight":"3.5"}},{"type":"Feature","geometry":{"type":"Point","coordinates":[6.2337179,50.5510356]},"properties":{"hgv":"destination"}},{"type":"Feature","geometry":{"type":"Point","coordinates":[6.9697345,50.8857849]},"properties":{"maxheight":"default"}},{"type":"Feature","geometry":{"type":"Point","coordinates":[6.8846721,50.8660309]},"properties":{"hgv":"no"}},{"type":"Feature","geometry":{"type":"Point","coordinates":[6.8847858,50.8630418]},"properties":{"hgv":"no"}},{"type":"Feature","geometry":{"type":"Point","coordinates":[6.8833966,50.8626329]},"properties":{"hgv":"no"}},{"type":"Feature","geometry":{"type":"Point","coordinates":[6.4512288,50.7748299]},"properties":{"maxwidth":"6"}},{"type":"Feature","geometry":{"type":"Point","coordinates":[6.4505411,50.7748928]},"properties":{"maxweight":"12"}},{"type":"Feature","geometry":{"type":"Point","coordinates":[6.9822856,50.9501351]},"properties":{"maxweight":"30"}},{"type":"Feature","geometry":{"type":"Point","coordinates":[6.9839317,50.948983]},"properties":{"maxweight":"30"}},{"type":"Feature","geometry":{"type":"Point","coordinates":[6.2084287,50.996447]},"properties":{"hgv":"destination"}},{"type":"Feature","geometry":{"type":"Point","coordinates":[6.1378554,50.7623159]},"properties":{"hgv":"destination"}},{"type":"Feature","geometry":{"type":"Point","coordinates":[6.1673727,50.7615617]},"properties":{"hgv":"destination"}},{"type":"Feature","geometry":{"type":"Point","coordinates":[6.9790713,50.9397835]},"properties":{"maxheight":"3.1"}},{"type":"Feature","geometry":{"type":"Point","coordinates":[6.9787845,50.9397406]},"properties":{"maxheight":"3.1"}},{"type":"Feature","geometry":{"type":"Point","coordinates":[6.9811732,50.952645]},"properties":{"maxheight":"default"}},{"type":"Feature","geometry":{"type":"Point","coordinates":[6.9809988,50.9508851]},"properties":{"maxheight":"default"}},{"type":"Feature","geometry":{"type":"Point","coordinates":[6.123322,50.9629262]},"properties":{"maxweight":"5.5"}},{"type":"Feature","geometry":{"type":"Point","coordinates":[6.2929612,50.8301367]},"properties":{"maxheight":"default"}},{"type":"Feature","geometry":{"type":"Point","coordinates":[6.0911786,50.8789063]},"properties":{"maxheight":"4"}},{"type":"Feature","geometry":{"type":"Point","coordinates":[6.6767373,50.1948363]},"properties":{"hgv":"destination"}},{"type":"Feature","geometry":{"type":"Point","coordinates":[6.6171172,50.9563535]},"properties":{"maxheight":"default"}},{"type":"Feature","geometry":{"type":"Point","coordinates":[6.6845021,50.2330346]},"properties":{"hgv":"no","maxlength":"8"}},{"type":"Feature","geometry":{"type":"Point","coordinates":[6.2062557,50.9962459]},"properties":{"hgv":"destination"}},{"type":"Feature","geometry":{"type":"Point","coordinates":[6.6319301,50.9461115]},"properties":{"maxweight":"16"}},{"type":"Feature","geometry":{"type":"Point","coordinates":[6.496674,50.5769072]},"properties":{"maxweight":"12"}},{"type":"Feature","geometry":{"type":"Point","coordinates":[6.9564428,50.9316654]},"properties":{"maxweight":"44"}},{"type":"Feature","geometry":{"type":"Point","coordinates":[6.7117808,50.4742461]},"properties":{"hgv":"delivery"}},{"type":"Feature","geometry":{"type":"Point","coordinates":[6.9777345,50.8205477]},"properties":{"maxheight":"1.9"}},{"type":"Feature","geometry":{"type":"Point","coordinates":[6.9752674,50.9571189]},"properties":{"maxheight":"2"}},{"type":"Feature","geometry":{"type":"Point","coordinates":[6.8722759,50.851288]},"properties":{"maxheight":"default"}},{"type":"Feature","geometry":{"type":"Point","coordinates":[6.9743349,50.9765642]},"properties":{"maxheight":"4"}},{"type":"Feature","geometry":{"type":"Point","coordinates":[6.127624,50.7729153]},"properties":{"hgv":"delivery"}},{"type":"Feature","geometry":{"type":"Point","coordinates":[6.9688475,50.9364797]},"properties":{"hgv":"no","maxweight":"3.5"}},{"type":"Feature","geometry":{"type":"Point","coordinates":[6.8897852,50.9626779]},"properties":{"maxheight":"4.1"}},{"type":"Feature","geometry":{"type":"Point","coordinates":[6.8896881,50.9626371]},"properties":{"maxheight":"4.1"}},{"type":"Feature","geometry":{"type":"Point","coordinates":[6.9429777,50.9688732]},"properties":{"maxheight":"default"}},{"type":"Feature","geometry":{"type":"Point","coordinates":[6.1247495,50.7741934]},"properties":{"hgv":"delivery"}},{"type":"Feature","geometry":{"type":"Point","coordinates":[6.1270974,50.7755359]},"properties":{"hgv":"delivery"}},{"type":"Feature","geometry":{"type":"Point","coordinates":[6.7737795,50.583758]},"properties":{"hgv":"no"}},{"type":"Feature","geometry":{"type":"Point","coordinates":[6.3044693,50.9397409]},"properties":{"maxheight":"4.1"}},{"type":"Feature","geometry":{"type":"Point","coordinates":[6.9788308,50.9678931]},"properties":{"maxheight":"2.55"}},{"type":"Feature","geometry":{"type":"Point","coordinates":[6.2893301,50.9317394]},"properties":{"maxweight":"7.5"}},{"type":"Feature","geometry":{"type":"Point","coordinates":[6.3133909,50.9245809]},"properties":{"maxweight":"7.5"}},{"type":"Feature","geometry":{"type":"Point","coordinates":[6.1735786,50.8263737]},"properties":{"hgv":"destination","maxweight":"7.5"}},{"type":"Feature","geometry":{"type":"Point","coordinates":[6.9549775,50.9352596]},"properties":{"maxheight":"2"}},{"type":"Feature","geometry":{"type":"Point","coordinates":[6.9360301,50.9284189]},"properties":{"maxheight":"3.5"}},{"type":"Feature","geometry":{"type":"Point","coordinates":[6.7921845,50.2480375]},"properties":{"hgv":"no"}},{"type":"Feature","geometry":{"type":"Point","coordinates":[6.9719721,50.8603371]},"properties":{"maxweight":"12"}},{"type":"Feature","geometry":{"type":"Point","coordinates":[6.4471608,50.7151813]},"properties":{"maxweight":"30"}},{"type":"Feature","geometry":{"type":"Point","coordinates":[6.4466815,50.7157104]},"properties":{"maxweight":"30"}},{"type":"Feature","geometry":{"type":"Point","coordinates":[6.8982472,50.9999188]},"properties":{"maxheight":"default"}},{"type":"Feature","geometry":{"type":"Point","coordinates":[6.1752654,50.8780379]},"properties":{"hgv":"delivery"}},{"type":"Feature","geometry":{"type":"Point","coordinates":[6.1337226,50.8548032]},"properties":{"hgv":"destination"}},{"type":"Feature","geometry":{"type":"Point","coordinates":[6.9693523,50.9416859]},"properties":{"maxheight":"default"}},{"type":"Feature","geometry":{"type":"Point","coordinates":[6.9404903,50.9466022]},"properties":{"maxheight":"4.0"}},{"type":"Feature","geometry":{"type":"Point","coordinates":[6.9161542,50.9509657]},"properties":{"maxheight":"3.7"}},{"type":"Feature","geometry":{"type":"Point","coordinates":[6.9161417,50.9509796]},"properties":{"maxheight":"3.7"}},{"type":"Feature","geometry":{"type":"Point","coordinates":[6.9746477,50.957831]},"properties":{"maxheight":"2"}},{"type":"Feature","geometry":{"type":"Point","coordinates":[6.1244857,50.8478716]},"properties":{"hgv":"destination"}},{"type":"Feature","geometry":{"type":"Point","coordinates":[6.1377993,50.8581041]},"properties":{"hgv":"destination"}},{"type":"Feature","geometry":{"type":"Point","coordinates":[6.1629433,50.7909418]},"properties":{"hgv":"destination"}},{"type":"Feature","geometry":{"type":"Point","coordinates":[6.1292285,50.7937756]},"properties":{"maxweight":"16"}},{"type":"Feature","geometry":{"type":"Point","coordinates":[6.7415643,50.5725175]},"properties":{"maxweight":"3.5"}},{"type":"Feature","geometry":{"type":"Point","coordinates":[6.739331,50.5723253]},"properties":{"maxweight":"3.5"}},{"type":"Feature","geometry":{"type":"Point","coordinates":[6.8045435,50.1950525]},"properties":{"goods":"delivery"}},{"type":"Feature","geometry":{"type":"Point","coordinates":[6.9715094,50.9315173]},"properties":{"maxheight":"default"}},{"type":"Feature","geometry":{"type":"Point","coordinates":[6.1286672,50.7764484]},"properties":{"hgv":"delivery"}},{"type":"Feature","geometry":{"type":"Point","coordinates":[6.1302,50.7766325]},"properties":{"maxheight":"3.9"}},{"type":"Feature","geometry":{"type":"Point","coordinates":[6.9533547,50.9398936]},"properties":{"maxheight":"default"}},{"type":"Feature","geometry":{"type":"Point","coordinates":[6.9816124,50.8160798]},"properties":{"hgv":"no","goods":"delivery"}},{"type":"Feature","geometry":{"type":"Point","coordinates":[6.8929355,50.8202857]},"properties":{"hgv":"delivery"}},{"type":"Feature","geometry":{"type":"Point","coordinates":[6.8240165,50.8964421]},"properties":{"maxheight":"default"}},{"type":"Feature","geometry":{"type":"Point","coordinates":[6.9465158,50.9416364]},"properties":{"maxweight":"5"}},{"type":"Feature","geometry":{"type":"Point","coordinates":[6.9476027,50.9418585]},"properties":{"maxweight":"5"}},{"type":"Feature","geometry":{"type":"Point","coordinates":[6.9474159,50.9418449]},"properties":{"maxheight":"3.3","maxweight":"5"}},{"type":"Feature","geometry":{"type":"Point","coordinates":[6.9075482,50.950603]},"properties":{"maxheight":"3.5"}},{"type":"Feature","geometry":{"type":"Point","coordinates":[6.4385405,50.2130187]},"properties":{"maxheight":"none"}},{"type":"Feature","geometry":{"type":"Point","coordinates":[6.973074,50.9309975]},"properties":{"maxweight":"2.8"}},{"type":"Feature","geometry":{"type":"Point","coordinates":[6.9735229,50.9307928]},"properties":{"hgv":"no"}},{"type":"Feature","geometry":{"type":"Point","coordinates":[6.8901686,50.9624641]},"properties":{"maxheight":"4.1"}},{"type":"Feature","geometry":{"type":"Point","coordinates":[6.9577502,50.6253587]},"properties":{"maxheight":"default"}},{"type":"Feature","geometry":{"type":"Point","coordinates":[6.7434816,50.5165062]},"properties":{"hgv":"no"}},{"type":"Feature","geometry":{"type":"Point","coordinates":[6.748335,50.5171588]},"properties":{"hgv":"no"}},{"type":"Feature","geometry":{"type":"Point","coordinates":[6.3512505,50.1563982]},"properties":{"maxweight":"7.5"}},{"type":"Feature","geometry":{"type":"Point","coordinates":[6.7361299,50.5146443]},"properties":{"hgv":"no"}},{"type":"Feature","geometry":{"type":"Point","coordinates":[6.9436038,50.9561]},"properties":{"hgv":"delivery"}},{"type":"Feature","geometry":{"type":"Point","coordinates":[6.9420232,50.9583741]},"properties":{"maxheight":"3.6"}},{"type":"Feature","geometry":{"type":"Point","coordinates":[6.9463975,50.9716472]},"properties":{"maxheight":"4"}},{"type":"Feature","geometry":{"type":"Point","coordinates":[6.9382764,50.9199365]},"properties":{"maxheight":"1.9"}},{"type":"Feature","geometry":{"type":"Point","coordinates":[6.8343753,50.9428629]},"properties":{"maxheight":"default"}},{"type":"Feature","geometry":{"type":"Point","coordinates":[6.8290709,50.9422797]},"properties":{"maxheight":"default"}},{"type":"Feature","geometry":{"type":"Point","coordinates":[6.9728545,50.9315322]},"properties":{"maxheight":"default","maxweight":"2.8"}},{"type":"Feature","geometry":{"type":"Point","coordinates":[6.9011991,50.9611782]},"properties":{"hgv":"destination"}},{"type":"Feature","geometry":{"type":"Point","coordinates":[6.0577106,50.7691515]},"properties":{"maxweight":"3.5"}},{"type":"Feature","geometry":{"type":"Point","coordinates":[6.48741,50.7951043]},"properties":{"maxweight":"3"}},{"type":"Feature","geometry":{"type":"Point","coordinates":[6.8507925,50.7471026]},"properties":{"hgv":"destination"}},{"type":"Feature","geometry":{"type":"Point","coordinates":[6.715199,50.9017299]},"properties":{"maxheight":"4.5"}},{"type":"Feature","geometry":{"type":"Point","coordinates":[6.7640592,50.5554917]},"properties":{"hgv":"no"}},{"type":"Feature","geometry":{"type":"Point","coordinates":[6.7642033,50.5571942]},"properties":{"hgv":"no"}},{"type":"Feature","geometry":{"type":"Point","coordinates":[6.8257652,50.7788188]},"properties":{"maxheight":"4"}},{"type":"Feature","geometry":{"type":"Point","coordinates":[6.811108,50.7147573]},"properties":{"maxweight":"10"}},{"type":"Feature","geometry":{"type":"Point","coordinates":[6.7749651,50.9339957]},"properties":{"hgv":"destination"}},{"type":"Feature","geometry":{"type":"Point","coordinates":[6.7658253,50.5542105]},"properties":{"maxheight":"2.1","maxwidth":"2.6"}},{"type":"Feature","geometry":{"type":"Point","coordinates":[6.7661749,50.5540599]},"properties":{"maxheight":"2.1","maxwidth":"2.6"}},{"type":"Feature","geometry":{"type":"Point","coordinates":[6.8923907,50.8198182]},"properties":{"maxweight":"2.5"}},{"type":"Feature","geometry":{"type":"Point","coordinates":[6.8926479,50.8196343]},"properties":{"maxweight":"2.5"}},{"type":"Feature","geometry":{"type":"Point","coordinates":[6.8488182,50.6220258]},"properties":{"hgv":"destination"}},{"type":"Feature","geometry":{"type":"Point","coordinates":[6.8471948,50.6197767]},"properties":{"hgv":"destination"}},{"type":"Feature","geometry":{"type":"Point","coordinates":[6.8275838,50.6504524]},"properties":{"hgv":"delivery","maxweight":"7.5"}},{"type":"Feature","geometry":{"type":"Point","coordinates":[6.8234365,50.6494665]},"properties":{"hgv":"delivery","maxweight":"7.5"}},{"type":"Feature","geometry":{"type":"Point","coordinates":[6.6326646,50.5965951]},"properties":{"maxweight":"2.8"}},{"type":"Feature","geometry":{"type":"Point","coordinates":[6.6320225,50.5972843]},"properties":{"maxweight":"2.8"}},{"type":"Feature","geometry":{"type":"Point","coordinates":[6.2090849,50.9250107]},"properties":{"hgv":"delivery"}},{"type":"Feature","geometry":{"type":"Point","coordinates":[6.7301898,50.85098]},"properties":{"maxheight":"4"}},{"type":"Feature","geometry":{"type":"Point","coordinates":[6.7472279,50.8455137]},"properties":{"maxheight":"4"}},{"type":"Feature","geometry":{"type":"Point","coordinates":[6.7460325,50.846056]},"properties":{"maxheight":"4 m"}},{"type":"Feature","geometry":{"type":"Point","coordinates":[6.6874123,50.9081384]},"properties":{"maxheight":"default"}},{"type":"Feature","geometry":{"type":"Point","coordinates":[6.8137872,50.7779611]},"properties":{"maxheight":"default"}},{"type":"Feature","geometry":{"type":"Point","coordinates":[6.7984385,50.8000908]},"properties":{"maxheight":"4 m"}},{"type":"Feature","geometry":{"type":"Point","coordinates":[6.7990962,50.7986977]},"properties":{"maxheight":"4"}},{"type":"Feature","geometry":{"type":"Point","coordinates":[6.8057549,50.7890905]},"properties":{"maxheight":"4"}},{"type":"Feature","geometry":{"type":"Point","coordinates":[6.729425,50.8515033]},"properties":{"maxheight":"4"}},{"type":"Feature","geometry":{"type":"Point","coordinates":[6.7538628,50.8423629]},"properties":{"maxheight":"default"}},{"type":"Feature","geometry":{"type":"Point","coordinates":[6.8054882,50.7899163]},"properties":{"maxheight":"4"}},{"type":"Feature","geometry":{"type":"Point","coordinates":[6.8102829,50.7825714]},"properties":{"maxheight":"4"}},{"type":"Feature","geometry":{"type":"Point","coordinates":[6.6336426,50.8901642]},"properties":{"maxheight":"default"}},{"type":"Feature","geometry":{"type":"Point","coordinates":[6.5132717,50.8504888]},"properties":{"hgv":"no"}},{"type":"Feature","geometry":{"type":"Point","coordinates":[6.8277222,50.7871393]},"properties":{"hgv":"no"}},{"type":"Feature","geometry":{"type":"Point","coordinates":[6.9393666,50.6654365]},"properties":{"maxwidth":"2.1"}},{"type":"Feature","geometry":{"type":"Point","coordinates":[6.9110136,50.5108129]},"properties":{"maxweight":"3.5"}},{"type":"Feature","geometry":{"type":"Point","coordinates":[6.9113962,50.5112586]},"properties":{"maxweight":"3.5"}},{"type":"Feature","geometry":{"type":"Point","coordinates":[6.695564,50.8942749]},"properties":{"maxheight":"default"}},{"type":"Feature","geometry":{"type":"Point","coordinates":[6.9977406,50.893421]},"properties":{"maxweight":"3.5"}},{"type":"Feature","geometry":{"type":"Point","coordinates":[6.9496706,50.9536924]},"properties":{"maxheight":"3.7"}},{"type":"Feature","geometry":{"type":"Point","coordinates":[6.9492353,50.9535428]},"properties":{"maxheight":"3.7"}},{"type":"Feature","geometry":{"type":"Point","coordinates":[6.1207123,50.7186805]},"properties":{"hgv":"no"}},{"type":"Feature","geometry":{"type":"Point","coordinates":[6.9004871,50.9943355]},"properties":{"hgv":"destination"}},{"type":"Feature","geometry":{"type":"Point","coordinates":[6.9947159,50.8148475]},"properties":{"hgv":"delivery","goods":"delivery"}},{"type":"Feature","geometry":{"type":"Point","coordinates":[6.9333504,50.9500145]},"properties":{"maxheight":"2.2","maxweight":"2"}},{"type":"Feature","geometry":{"type":"Point","coordinates":[6.932496,50.9491773]},"properties":{"maxheight":"2.75","maxweight":"2"}},{"type":"Feature","geometry":{"type":"Point","coordinates":[6.9938405,50.8150238]},"properties":{"hgv":"delivery","goods":"delivery"}},{"type":"Feature","geometry":{"type":"Point","coordinates":[6.8209964,50.4710706]},"properties":{"hgv":"no"}},{"type":"Feature","geometry":{"type":"Point","coordinates":[6.4085567,50.6307064]},"properties":{"hgv":"no"}},{"type":"Feature","geometry":{"type":"Point","coordinates":[6.9327741,50.9691253]},"properties":{"hgv":"destination"}},{"type":"Feature","geometry":{"type":"Point","coordinates":[6.7019896,50.621169]},"properties":{"hgv":"destination"}},{"type":"Feature","geometry":{"type":"Point","coordinates":[6.7067055,50.6213424]},"properties":{"hgv":"destination"}},{"type":"Feature","geometry":{"type":"Point","coordinates":[6.7072219,50.6215437]},"properties":{"hgv":"destination"}},{"type":"Feature","geometry":{"type":"Point","coordinates":[6.7336875,50.6517621]},"properties":{"maxheight":"3"}},{"type":"Feature","geometry":{"type":"Point","coordinates":[6.9337629,50.9514084]},"properties":{"hgv":"destination"}},{"type":"Feature","geometry":{"type":"Point","coordinates":[6.4317702,50.7142941]},"properties":{"maxwidth":"2"}},{"type":"Feature","geometry":{"type":"Point","coordinates":[6.7860639,50.8431834]},"properties":{"hgv":"destination"}},{"type":"Feature","geometry":{"type":"Point","coordinates":[6.4789411,50.6340408]},"properties":{"maxwidth":"1.7"}},{"type":"Feature","geometry":{"type":"Point","coordinates":[6.2792241,50.7794239]},"properties":{"hgv":"destination"}},{"type":"Feature","geometry":{"type":"Point","coordinates":[6.2929676,50.7832466]},"properties":{"hgv":"destination"}},{"type":"Feature","geometry":{"type":"Point","coordinates":[6.2457128,50.7910454]},"properties":{"hgv":"no"}},{"type":"Feature","geometry":{"type":"Point","coordinates":[6.9859002,50.0214228]},"properties":{"maxweight":"5"}},{"type":"Feature","geometry":{"type":"Point","coordinates":[6.8573968,50.9386091]},"properties":{"maxweight":"7.5"}},{"type":"Feature","geometry":{"type":"Point","coordinates":[6.3297732,50.7622719]},"properties":{"maxweight":"24"}},{"type":"Feature","geometry":{"type":"Point","coordinates":[6.934751,50.9224201]},"properties":{"maxheight":"below_default"}},{"type":"Feature","geometry":{"type":"Point","coordinates":[6.3297555,50.7622567]},"properties":{"maxweight":"24"}},{"type":"Feature","geometry":{"type":"Point","coordinates":[6.0881738,50.8720077]},"properties":{"hgv":"no"}},{"type":"Feature","geometry":{"type":"Point","coordinates":[6.8005079,50.8054227]},"properties":{"maxheight":"2.2"}},{"type":"Feature","geometry":{"type":"Point","coordinates":[6.8976076,50.9497261]},"properties":{"maxheight":"3.2"}},{"type":"Feature","geometry":{"type":"Point","coordinates":[6.3163705,50.9102506]},"properties":{"maxheight":"default"}},{"type":"Feature","geometry":{"type":"Point","coordinates":[6.9730275,50.9436533]},"properties":{"hgv":"no"}},{"type":"Feature","geometry":{"type":"Point","coordinates":[6.9708414,50.9420604]},"properties":{"hgv":"no"}},{"type":"Feature","geometry":{"type":"Point","coordinates":[6.2531277,50.8188101]},"properties":{"hgv":"destination"}},{"type":"Feature","geometry":{"type":"Point","coordinates":[6.8931102,50.9978252]},"properties":{"maxheight":"default"}},{"type":"Feature","geometry":{"type":"Point","coordinates":[6.9828332,50.8259649]},"properties":{"hgv":"delivery"}},{"type":"Feature","geometry":{"type":"Point","coordinates":[6.8405715,50.6510758]},"properties":{"hgv":"delivery","maxweight":"7.5"}},{"type":"Feature","geometry":{"type":"Point","coordinates":[6.229919,50.8238891]},"properties":{"maxheight":"default"}},{"type":"Feature","geometry":{"type":"Point","coordinates":[6.6531052,50.5917986]},"properties":{"hgv":"destination"}},{"type":"Feature","geometry":{"type":"Point","coordinates":[6.3677946,50.9688418]},"properties":{"maxheight":"default"}},{"type":"Feature","geometry":{"type":"Point","coordinates":[6.3096252,50.8378509]},"properties":{"maxheight":"4"}},{"type":"Feature","geometry":{"type":"Point","coordinates":[6.2842301,50.812075]},"properties":{"maxheight":"5.5"}},{"type":"Feature","geometry":{"type":"Point","coordinates":[6.6434418,50.4386005]},"properties":{"hgv":"destination"}},{"type":"Feature","geometry":{"type":"Point","coordinates":[6.9647386,50.62535]},"properties":{"maxheight":"default"}},{"type":"Feature","geometry":{"type":"Point","coordinates":[6.2553738,50.5624733]},"properties":{"maxweight":"2.5"}},{"type":"Feature","geometry":{"type":"Point","coordinates":[6.9704347,50.9573694]},"properties":{"maxweight":"30"}},{"type":"Feature","geometry":{"type":"Point","coordinates":[6.8727175,50.969875]},"properties":{"maxheight":"1.9"}},{"type":"Feature","geometry":{"type":"Point","coordinates":[6.9321498,50.9316243]},"properties":{"maxheight":"3.7"}},{"type":"Feature","geometry":{"type":"Point","coordinates":[6.2346783,50.7459908]},"properties":{"hgv":"private"}},{"type":"Feature","geometry":{"type":"Point","coordinates":[6.8083519,50.250985]},"properties":{"maxweight":"3"}},{"type":"Feature","geometry":{"type":"Point","coordinates":[6.8934068,50.9376882]},"properties":{"maxheight":"2.2"}},{"type":"Feature","geometry":{"type":"Point","coordinates":[6.9985319,50.7669824]},"properties":{"maxheight":"3.1"}},{"type":"Feature","geometry":{"type":"Point","coordinates":[6.9914078,50.7721183]},"properties":{"hgv":"destination","maxheight":"3.5"}},{"type":"Feature","geometry":{"type":"Point","coordinates":[6.2462691,50.8254049]},"properties":{"maxheight":"default"}},{"type":"Feature","geometry":{"type":"Point","coordinates":[6.3924615,50.9485518]},"properties":{"maxheight":"default"}},{"type":"Feature","geometry":{"type":"Point","coordinates":[6.1717256,50.8031549]},"properties":{"maxheight":"default"}},{"type":"Feature","geometry":{"type":"Point","coordinates":[6.9655116,50.6253589]},"properties":{"maxheight":"none"}},{"type":"Feature","geometry":{"type":"Point","coordinates":[6.2932252,50.8361153]},"properties":{"hgv":"no"}},{"type":"Feature","geometry":{"type":"Point","coordinates":[6.2832158,50.7808421]},"properties":{"hgv":"destination"}},{"type":"Feature","geometry":{"type":"Point","coordinates":[6.8378095,50.1963582]},"properties":{"maxheight":"3.20"}},{"type":"Feature","geometry":{"type":"Point","coordinates":[6.9956802,50.7444584]},"properties":{"hgv":"destination"}},{"type":"Feature","geometry":{"type":"Point","coordinates":[6.9093983,50.9275713]},"properties":{"hgv":"no"}},{"type":"Feature","geometry":{"type":"Point","coordinates":[6.7949235,50.211354]},"properties":{"maxweight":"2.8"}},{"type":"Feature","geometry":{"type":"Point","coordinates":[6.2330446,50.8231606]},"properties":{"maxheight":"2.2"}},{"type":"Feature","geometry":{"type":"Point","coordinates":[6.2951757,50.8360307]},"properties":{"hgv":"no"}},{"type":"Feature","geometry":{"type":"Point","coordinates":[6.8137067,50.9400346]},"properties":{"hgv":"no"}},{"type":"Feature","geometry":{"type":"Point","coordinates":[6.8161906,50.9390641]},"properties":{"hgv":"no"}},{"type":"Feature","geometry":{"type":"Point","coordinates":[6.4109687,50.176752]},"properties":{"maxheight":"default"}},{"type":"Feature","geometry":{"type":"Point","coordinates":[6.1197971,50.7190643]},"properties":{"hgv":"yes"}},{"type":"Feature","geometry":{"type":"Point","coordinates":[6.9566907,50.9332104]},"properties":{"maxheight":"3.2","maxweight":"12"}},{"type":"Feature","geometry":{"type":"Point","coordinates":[6.9208166,50.8327971]},"properties":{"maxheight":"2"}},{"type":"Feature","geometry":{"type":"Point","coordinates":[6.8124726,50.9060305]},"properties":{"maxheight":"4.2"}},{"type":"Feature","geometry":{"type":"Point","coordinates":[6.7852259,50.9076013]},"properties":{"hgv":"no","maxweight":"7.5"}},{"type":"Feature","geometry":{"type":"Point","coordinates":[6.2179077,50.7752791]},"properties":{"hgv":"destination"}},{"type":"Feature","geometry":{"type":"Point","coordinates":[6.6537141,50.6890522]},"properties":{"hgv":"no"}},{"type":"Feature","geometry":{"type":"Point","coordinates":[6.2172293,50.7651214]},"properties":{"hgv":"destination"}},{"type":"Feature","geometry":{"type":"Point","coordinates":[6.1204769,50.7894226]},"properties":{"hgv":"destination"}},{"type":"Feature","geometry":{"type":"Point","coordinates":[6.9676158,50.9585615]},"properties":{"maxweight":"30"}},{"type":"Feature","geometry":{"type":"Point","coordinates":[6.4177839,50.015677]},"properties":{"maxweight":"16"}},{"type":"Feature","geometry":{"type":"Point","coordinates":[6.216493,50.7624356]},"properties":{"hgv":"destination"}},{"type":"Feature","geometry":{"type":"Point","coordinates":[6.7395518,50.230182]},"properties":{"hgv":"destination"}},{"type":"Feature","geometry":{"type":"Point","coordinates":[6.7400562,50.2303544]},"properties":{"hgv":"destination"}},{"type":"Feature","geometry":{"type":"Point","coordinates":[6.7537345,50.2283762]},"properties":{"maxweightrating:hgv":"7.5"}},{"type":"Feature","geometry":{"type":"Point","coordinates":[6.8107844,50.6430113]},"properties":{"hgv":"no"}},{"type":"Feature","geometry":{"type":"Point","coordinates":[6.9410131,50.9290704]},"properties":{"maxheight":"3.8"}},{"type":"Feature","geometry":{"type":"Point","coordinates":[6.8408128,50.1946858]},"properties":{"maxheight":"none"}},{"type":"Feature","geometry":{"type":"Point","coordinates":[6.7483546,50.382987]},"properties":{"maxheight":"3.2"}},{"type":"Feature","geometry":{"type":"Point","coordinates":[6.1224202,50.778547]},"properties":{"maxweight":"3.5"}},{"type":"Feature","geometry":{"type":"Point","coordinates":[6.122838,50.7789469]},"properties":{"maxweight":"3.5"}},{"type":"Feature","geometry":{"type":"Point","coordinates":[6.1650824,50.7763174]},"properties":{"maxweight":"9"}},{"type":"Feature","geometry":{"type":"Point","coordinates":[6.9202012,50.5204552]},"properties":{"maxweight":"3.5"}},{"type":"Feature","geometry":{"type":"Point","coordinates":[6.1013922,50.8719249]},"properties":{"maxweight":"5.5"}},{"type":"Feature","geometry":{"type":"Point","coordinates":[6.0750118,50.8308592]},"properties":{"hgv":"no"}},{"type":"Feature","geometry":{"type":"Point","coordinates":[6.0690995,50.828288]},"properties":{"maxweight":"9"}},{"type":"Feature","geometry":{"type":"Point","coordinates":[6.102531,50.7793722]},"properties":{"hgv":"no"}},{"type":"Feature","geometry":{"type":"Point","coordinates":[6.1021588,50.7797544]},"properties":{"hgv":"no"}},{"type":"Feature","geometry":{"type":"Point","coordinates":[6.4378452,50.90808]},"properties":{"hgv":"destination"}},{"type":"Feature","geometry":{"type":"Point","coordinates":[6.8706688,50.8699607]},"properties":{"hgv":"no"}},{"type":"Feature","geometry":{"type":"Point","coordinates":[6.3994366,50.9216984]},"properties":{"maxweight":"12"}},{"type":"Feature","geometry":{"type":"Point","coordinates":[6.4215444,50.9159122]},"properties":{"hgv":"destination"}},{"type":"Feature","geometry":{"type":"Point","coordinates":[6.6719158,50.5861718]},"properties":{"hgv":"no"}},{"type":"Feature","geometry":{"type":"Point","coordinates":[6.8445269,50.8767266]},"properties":{"maxweight":"6"}},{"type":"Feature","geometry":{"type":"Point","coordinates":[6.8172251,50.683197]},"properties":{"maxweight":"24"}},{"type":"Feature","geometry":{"type":"Point","coordinates":[6.8192678,50.6814746]},"properties":{"maxweight":"12"}},{"type":"Feature","geometry":{"type":"Point","coordinates":[6.6431663,50.6421577]},"properties":{"hgv":"no"}},{"type":"Feature","geometry":{"type":"Point","coordinates":[6.9708554,50.9571632]},"properties":{"maxweight":"30"}},{"type":"Feature","geometry":{"type":"Point","coordinates":[6.8800311,50.2331227]},"properties":{"hgv":"no"}},{"type":"Feature","geometry":{"type":"Point","coordinates":[6.8790833,50.2389697]},"properties":{"hgv":"no"}},{"type":"Feature","geometry":{"type":"Point","coordinates":[6.7066616,50.1270406]},"properties":{"maxweight":"7.5"}},{"type":"Feature","geometry":{"type":"Point","coordinates":[6.9646319,50.9304951]},"properties":{"maxheight":"default"}},{"type":"Feature","geometry":{"type":"Point","coordinates":[6.8262571,50.6490777]},"properties":{"hgv":"no"}},{"type":"Feature","geometry":{"type":"Point","coordinates":[6.8259899,50.6486076]},"properties":{"hgv":"no"}},{"type":"Feature","geometry":{"type":"Point","coordinates":[6.861404,50.6758927]},"properties":{"maxwidth":"2.5"}},{"type":"Feature","geometry":{"type":"Point","coordinates":[6.0655247,50.8160826]},"properties":{"maxheight":"3.9"}},{"type":"Feature","geometry":{"type":"Point","coordinates":[6.9303102,50.9517442]},"properties":{"goods":"destination"}},{"type":"Feature","geometry":{"type":"Point","coordinates":[6.3334786,50.9531437]},"properties":{"maxheight":"3"}},{"type":"Feature","geometry":{"type":"Point","coordinates":[6.8518154,50.6268688]},"properties":{"hgv":"destination"}},{"type":"Feature","geometry":{"type":"Point","coordinates":[6.8138013,50.7012579]},"properties":{"hgv":"destination","maxweight":"7.5"}},{"type":"Feature","geometry":{"type":"Point","coordinates":[6.815608,50.1646508]},"properties":{"maxwidth":"2"}},{"type":"Feature","geometry":{"type":"Point","coordinates":[6.6856481,50.2329706]},"properties":{"hgv":"no","maxlength":"8"}},{"type":"Feature","geometry":{"type":"Point","coordinates":[6.1165963,50.8847242]},"properties":{"hgv":"destination"}},{"type":"Feature","geometry":{"type":"Point","coordinates":[6.1370044,50.777022]},"properties":{"hgv":"destination"}},{"type":"Feature","geometry":{"type":"Point","coordinates":[6.1588607,50.78783]},"properties":{"hgv":"destination"}},{"type":"Feature","geometry":{"type":"Point","coordinates":[6.133793,50.7796912]},"properties":{"maxheight":"4"}},{"type":"Feature","geometry":{"type":"Point","coordinates":[6.1316302,50.7768753]},"properties":{"hgv":"destination"}},{"type":"Feature","geometry":{"type":"Point","coordinates":[6.9178443,50.2883774]},"properties":{"hgv":"delivery"}},{"type":"Feature","geometry":{"type":"Point","coordinates":[6.9195665,50.289897]},"properties":{"hgv":"delivery"}},{"type":"Feature","geometry":{"type":"Point","coordinates":[6.7416376,50.2308353]},"properties":{"hgv":"destination"}},{"type":"Feature","geometry":{"type":"Point","coordinates":[6.6887285,50.2327958]},"properties":{"hgv":"destination"}},{"type":"Feature","geometry":{"type":"Point","coordinates":[6.7616033,50.5539945]},"properties":{"maxheight":"2.9","maxwidth":"2.5"}},{"type":"Feature","geometry":{"type":"Point","coordinates":[6.1049755,50.774364]},"properties":{"maxheight":"1.95"}},{"type":"Feature","geometry":{"type":"Point","coordinates":[6.0960982,50.7630255]},"properties":{"maxheight":"2.1","maxweight":"2.5"}},{"type":"Feature","geometry":{"type":"Point","coordinates":[6.1166461,50.7782662]},"properties":{"hgv":"no"}},{"type":"Feature","geometry":{"type":"Point","coordinates":[6.9027133,50.9251722]},"properties":{"maxweight":"7.5"}},{"type":"Feature","geometry":{"type":"Point","coordinates":[6.8881925,50.8368767]},"properties":{"hgv":"no"}},{"type":"Feature","geometry":{"type":"Point","coordinates":[6.0631852,50.7822965]},"properties":{"hgv":"no"}},{"type":"Feature","geometry":{"type":"Point","coordinates":[6.0674778,50.7809303]},"properties":{"hgv":"no"}},{"type":"Feature","geometry":{"type":"Point","coordinates":[6.8843762,50.9451178]},"properties":{"hgv":"destination"}},{"type":"Feature","geometry":{"type":"Point","coordinates":[6.8640384,50.9385072]},"properties":{"maxweight":"30"}},{"type":"Feature","geometry":{"type":"Point","coordinates":[6.8640622,50.938102]},"properties":{"maxweight":"30"}},{"type":"Feature","geometry":{"type":"Point","coordinates":[6.8650265,50.9383643]},"properties":{"maxweight":"30"}},{"type":"Feature","geometry":{"type":"Point","coordinates":[6.1499523,50.8137411]},"properties":{"hgv":"destination"}},{"type":"Feature","geometry":{"type":"Point","coordinates":[6.6717004,50.2916494]},"properties":{"maxlength":"10"}},{"type":"Feature","geometry":{"type":"Point","coordinates":[6.4448179,50.9039458]},"properties":{"hgv":"destination"}},{"type":"Feature","geometry":{"type":"Point","coordinates":[6.4444949,50.9024411]},"properties":{"hgv":"destination"}},{"type":"Feature","geometry":{"type":"Point","coordinates":[6.968788,50.7646865]},"properties":{"maxheight":"3.4"}},{"type":"Feature","geometry":{"type":"Point","coordinates":[6.9704942,50.2140897]},"properties":{"maxheight":"2.4"}},{"type":"Feature","geometry":{"type":"Point","coordinates":[6.6498665,50.2281724]},"properties":{"hgv":"delivery"}},{"type":"Feature","geometry":{"type":"Point","coordinates":[6.6490587,50.2287916]},"properties":{"hgv":"delivery"}},{"type":"Feature","geometry":{"type":"Point","coordinates":[6.0529031,50.8060861]},"properties":{"hgv":"no"}},{"type":"Feature","geometry":{"type":"Point","coordinates":[6.0766843,50.7721858]},"properties":{"maxheight":"3"}},{"type":"Feature","geometry":{"type":"Point","coordinates":[6.2791781,50.8990365]},"properties":{"hgv":"no"}},{"type":"Feature","geometry":{"type":"Point","coordinates":[6.2788562,50.8986897]},"properties":{"hgv":"no"}},{"type":"Feature","geometry":{"type":"Point","coordinates":[6.2796058,50.8993135]},"properties":{"hgv":"no"}},{"type":"Feature","geometry":{"type":"Point","coordinates":[6.2792834,50.8989707]},"properties":{"hgv":"no"}},{"type":"Feature","geometry":{"type":"Point","coordinates":[6.0849707,50.777815]},"properties":{"maxheight":"1.8"}},{"type":"Feature","geometry":{"type":"Point","coordinates":[6.7955049,50.7018112]},"properties":{"hgv":"agricultural"}},{"type":"Feature","geometry":{"type":"Point","coordinates":[6.5108598,50.7860785]},"properties":{"hgv":"designated"}},{"type":"Feature","geometry":{"type":"Point","coordinates":[6.7252144,50.7692419]},"properties":{"hgv":"no"}},{"type":"Feature","geometry":{"type":"Point","coordinates":[6.7940976,50.6626324]},"properties":{"maxheight":"3.4"}},{"type":"Feature","geometry":{"type":"Point","coordinates":[6.0901783,50.7733636]},"properties":{"maxheight":"default"}},{"type":"Feature","geometry":{"type":"Point","coordinates":[6.1390318,50.786252]},"properties":{"hgv":"no"}},{"type":"Feature","geometry":{"type":"Point","coordinates":[6.8345214,50.6616721]},"properties":{"hgv":"delivery"}},{"type":"Feature","geometry":{"type":"Point","coordinates":[6.899235,50.8317271]},"properties":{"maxheight":"none"}},{"type":"Feature","geometry":{"type":"Point","coordinates":[6.9115557,50.8406077]},"properties":{"maxheight":"none"}},{"type":"Feature","geometry":{"type":"Point","coordinates":[6.9756528,50.9572612]},"properties":{"maxheight":"2"}},{"type":"Feature","geometry":{"type":"Point","coordinates":[6.3974061,50.1086528]},"properties":{"maxweight":"30"}},{"type":"Feature","geometry":{"type":"Point","coordinates":[6.5721408,50.9270115]},"properties":{"hgv":"no"}},{"type":"Feature","geometry":{"type":"Point","coordinates":[6.7707882,50.9499125]},"properties":{"hgv":"destination"}},{"type":"Feature","geometry":{"type":"Point","coordinates":[6.9224301,50.8296028]},"properties":{"hgv":"no"}},{"type":"Feature","geometry":{"type":"Point","coordinates":[6.2465752,50.7907945]},"properties":{"hgv":"no"}},{"type":"Feature","geometry":{"type":"Point","coordinates":[6.2486226,50.7895138]},"properties":{"hgv":"no"}},{"type":"Feature","geometry":{"type":"Point","coordinates":[6.1479831,50.7994002]},"properties":{"maxheight":"default"}},{"type":"Feature","geometry":{"type":"Point","coordinates":[6.1047543,50.7736484]},"properties":{"maxheight":"1.95"}},{"type":"Feature","geometry":{"type":"Point","coordinates":[6.0960639,50.7628439]},"properties":{"maxheight":"2.1","maxweight":"2.5"}},{"type":"Feature","geometry":{"type":"Point","coordinates":[6.9650379,50.6236957]},"properties":{"maxweight":"7.5"}},{"type":"Feature","geometry":{"type":"Point","coordinates":[6.986638,50.9465892]},"properties":{"maxweight":"30"}},{"type":"Feature","geometry":{"type":"Point","coordinates":[6.9868142,50.9463076]},"properties":{"maxweight":"30"}},{"type":"Feature","geometry":{"type":"Point","coordinates":[6.8319044,50.767411]},"properties":{"maxheight":"default"}},{"type":"Feature","geometry":{"type":"Point","coordinates":[6.9932762,50.9458438]},"properties":{"maxweight":"30"}},{"type":"Feature","geometry":{"type":"Point","coordinates":[6.995168,50.9462919]},"properties":{"maxweight":"30"}},{"type":"Feature","geometry":{"type":"Point","coordinates":[6.9960484,50.9463524]},"properties":{"maxweight":"30"}},{"type":"Feature","geometry":{"type":"Point","coordinates":[6.9972492,50.9465513]},"properties":{"maxweight":"30"}},{"type":"Feature","geometry":{"type":"Point","coordinates":[6.8103456,50.6807914]},"properties":{"hgv":"destination","maxweight":"7.5"}},{"type":"Feature","geometry":{"type":"Point","coordinates":[6.9096855,50.8985656]},"properties":{"maxheight":"default"}},{"type":"Feature","geometry":{"type":"Point","coordinates":[6.9790423,50.6205725]},"properties":{"maxheight":"none"}},{"type":"Feature","geometry":{"type":"Point","coordinates":[6.4717296,50.7885169]},"properties":{"hgv":"no"}},{"type":"Feature","geometry":{"type":"Point","coordinates":[6.9137998,50.8451608]},"properties":{"maxheight":"2.8"}},{"type":"Feature","geometry":{"type":"Point","coordinates":[6.8156879,50.888694]},"properties":{"maxheight":"default"}},{"type":"Feature","geometry":{"type":"Point","coordinates":[6.8517921,50.9778081]},"properties":{"maxheight":"default"}},{"type":"Feature","geometry":{"type":"Point","coordinates":[6.1177823,50.7184866]},"properties":{"hgv":"no","maxweight":"7.5"}},{"type":"Feature","geometry":{"type":"Point","coordinates":[6.6220434,50.4950412]},"properties":{"hgv":"destination"}},{"type":"Feature","geometry":{"type":"Point","coordinates":[6.9223456,50.9466852]},"properties":{"maxheight":"2"}},{"type":"Feature","geometry":{"type":"Point","coordinates":[6.1119683,50.7711977]},"properties":{"maxheight":"default"}},{"type":"Feature","geometry":{"type":"Point","coordinates":[6.1122469,50.7714519]},"properties":{"maxheight":"default"}},{"type":"Feature","geometry":{"type":"Point","coordinates":[6.9546925,50.9351677]},"properties":{"maxheight":"2"}},{"type":"Feature","geometry":{"type":"Point","coordinates":[6.8575027,50.9707958]},"properties":{"maxheight":"4.3"}},{"type":"Feature","geometry":{"type":"Point","coordinates":[6.8572194,50.9706877]},"properties":{"maxheight":"4.3"}},{"type":"Feature","geometry":{"type":"Point","coordinates":[6.0866516,50.7721692]},"properties":{"maxweight":"7.5"}},{"type":"Feature","geometry":{"type":"Point","coordinates":[6.089016,50.7772153]},"properties":{"maxheight":"default"}},{"type":"Feature","geometry":{"type":"Point","coordinates":[6.0853004,50.7705957]},"properties":{"maxheight":"default"}},{"type":"Feature","geometry":{"type":"Point","coordinates":[6.0851862,50.7707388]},"properties":{"maxheight":"below_default"}},{"type":"Feature","geometry":{"type":"Point","coordinates":[6.0869143,50.772072]},"properties":{"maxweight":"7.5"}},{"type":"Feature","geometry":{"type":"Point","coordinates":[6.087013,50.7721708]},"properties":{"maxheight":"default"}},{"type":"Feature","geometry":{"type":"Point","coordinates":[6.0841661,50.7728684]},"properties":{"maxheight":"3.2"}},{"type":"Feature","geometry":{"type":"Point","coordinates":[6.6562184,50.616962]},"properties":{"hgv":"destination"}},{"type":"Feature","geometry":{"type":"Point","coordinates":[6.6397778,50.6068088]},"properties":{"maxweight":"3.5"}},{"type":"Feature","geometry":{"type":"Point","coordinates":[6.6476666,50.6113775]},"properties":{"maxweight":"3.5"}},{"type":"Feature","geometry":{"type":"Point","coordinates":[6.0936911,50.7712508]},"properties":{"maxheight":"1.8","maxwidth":"2.5"}},{"type":"Feature","geometry":{"type":"Point","coordinates":[6.94193,50.9220589]},"properties":{"maxheight":"4"}},{"type":"Feature","geometry":{"type":"Point","coordinates":[6.0781585,50.7678388]},"properties":{"maxheight":"2.1","maxweight":"2.5"}},{"type":"Feature","geometry":{"type":"Point","coordinates":[6.0779467,50.7678466]},"properties":{"maxheight":"2.1","maxweight":"2.5"}},{"type":"Feature","geometry":{"type":"Point","coordinates":[6.2118486,50.6845614]},"properties":{"maxwidth":"2"}},{"type":"Feature","geometry":{"type":"Point","coordinates":[6.1849756,50.6979003]},"properties":{"maxweight":"6"}},{"type":"Feature","geometry":{"type":"Point","coordinates":[6.9719863,50.9566163]},"properties":{"maxheight":"below_default"}},{"type":"Feature","geometry":{"type":"Point","coordinates":[6.3674278,50.9240279]},"properties":{"maxheight":"3.8"}},{"type":"Feature","geometry":{"type":"Point","coordinates":[6.3605338,50.9265152]},"properties":{"maxheight":"3.2"}},{"type":"Feature","geometry":{"type":"Point","coordinates":[6.6962736,50.5710426]},"properties":{"hgv":"delivery"}},{"type":"Feature","geometry":{"type":"Point","coordinates":[6.6961452,50.5710969]},"properties":{"hgv":"delivery"}},{"type":"Feature","geometry":{"type":"Point","coordinates":[6.9570647,50.930107]},"properties":{"maxweight":"44"}},{"type":"Feature","geometry":{"type":"Point","coordinates":[6.9550553,50.9331863]},"properties":{"maxweight":"3"}},{"type":"Feature","geometry":{"type":"Point","coordinates":[6.4005372,50.9019204]},"properties":{"maxweight":"30"}},{"type":"Feature","geometry":{"type":"Point","coordinates":[6.4109479,50.8971629]},"properties":{"maxweight":"3.5"}},{"type":"Feature","geometry":{"type":"Point","coordinates":[6.2578362,50.9941433]},"properties":{"maxweight":"16"}},{"type":"Feature","geometry":{"type":"Point","coordinates":[6.2137028,50.9963066]},"properties":{"hgv":"destination"}},{"type":"Feature","geometry":{"type":"Point","coordinates":[6.4327582,50.5275182]},"properties":{"hgv":"no"}},{"type":"Feature","geometry":{"type":"Point","coordinates":[6.4197608,50.528785]},"properties":{"hgv":"no"}},{"type":"Feature","geometry":{"type":"Point","coordinates":[6.4229395,50.5294386]},"properties":{"hgv":"no"}},{"type":"Feature","geometry":{"type":"Point","coordinates":[6.4275273,50.5291113]},"properties":{"hgv":"no"}},{"type":"Feature","geometry":{"type":"Point","coordinates":[6.9615726,50.9344016]},"properties":{"maxheight":"2.9"}},{"type":"Feature","geometry":{"type":"Point","coordinates":[6.8868564,50.8642935]},"properties":{"hgv":"no"}},{"type":"Feature","geometry":{"type":"Point","coordinates":[6.2721052,50.9965006]},"properties":{"maxweight":"7.5"}},{"type":"Feature","geometry":{"type":"Point","coordinates":[6.9530901,50.9402358]},"properties":{"maxheight":"default"}},{"type":"Feature","geometry":{"type":"Point","coordinates":[6.2398966,50.5568638]},"properties":{"maxheight":"2.10"}},{"type":"Feature","geometry":{"type":"Point","coordinates":[6.6241626,50.1741023]},"properties":{"hgv":"no"}},{"type":"Feature","geometry":{"type":"Point","coordinates":[6.5124627,50.3598189]},"properties":{"maxweight":"5.0"}},{"type":"Feature","geometry":{"type":"Point","coordinates":[6.6534766,50.6887358]},"properties":{"hgv":"no"}},{"type":"Feature","geometry":{"type":"Point","coordinates":[6.791951,50.6601591]},"properties":{"maxweight":"3.5"}},{"type":"Feature","geometry":{"type":"Point","coordinates":[6.3520277,50.9144521]},"properties":{"hgv":"no"}},{"type":"Feature","geometry":{"type":"Point","coordinates":[6.9924829,50.9154053]},"properties":{"hgv":"delivery"}},{"type":"Feature","geometry":{"type":"Point","coordinates":[6.8293466,50.939117]},"properties":{"hgv":"destination"}},{"type":"Feature","geometry":{"type":"Point","coordinates":[6.1820529,50.2378243]},"properties":{"maxweight":"3.5"}},{"type":"Feature","geometry":{"type":"Point","coordinates":[6.7788246,50.6288334]},"properties":{"maxweight":"7.5"}},{"type":"Feature","geometry":{"type":"Point","coordinates":[6.7756617,50.9293331]},"properties":{"hgv":"no"}},{"type":"Feature","geometry":{"type":"Point","coordinates":[6.996875,50.8166134]},"properties":{"hgv":"delivery"}},{"type":"Feature","geometry":{"type":"Point","coordinates":[6.9970315,50.8172733]},"properties":{"hgv":"delivery"}},{"type":"Feature","geometry":{"type":"Point","coordinates":[6.995951,50.8169133]},"properties":{"hgv":"delivery"}},{"type":"Feature","geometry":{"type":"Point","coordinates":[6.9970713,50.8171136]},"properties":{"hgv":"delivery"}},{"type":"Feature","geometry":{"type":"Point","coordinates":[6.9970852,50.8164654]},"properties":{"hgv":"delivery"}},{"type":"Feature","geometry":{"type":"Point","coordinates":[6.9972924,50.8171411]},"properties":{"hgv":"delivery"}},{"type":"Feature","geometry":{"type":"Point","coordinates":[6.9838117,50.815751]},"properties":{"hgv":"no","goods":"no"}},{"type":"Feature","geometry":{"type":"Point","coordinates":[6.5185567,50.8347742]},"properties":{"hgv":"no"}},{"type":"Feature","geometry":{"type":"Point","coordinates":[6.9957027,50.8164397]},"properties":{"hgv":"designated"}},{"type":"Feature","geometry":{"type":"Point","coordinates":[6.2201496,50.7845762]},"properties":{"hgv":"no"}},{"type":"Feature","geometry":{"type":"Point","coordinates":[6.2380182,50.5525549]},"properties":{"maxheight":"1.9"}},{"type":"Feature","geometry":{"type":"Point","coordinates":[6.2383369,50.5528353]},"properties":{"maxheight":"1.9"}},{"type":"Feature","geometry":{"type":"Point","coordinates":[6.2379076,50.5524689]},"properties":{"maxheight":"1.9"}},{"type":"Feature","geometry":{"type":"Point","coordinates":[6.2419704,50.5552992]},"properties":{"maxweight":"12"}},{"type":"Feature","geometry":{"type":"Point","coordinates":[6.2440163,50.5548893]},"properties":{"maxweight":"16"}},{"type":"Feature","geometry":{"type":"Point","coordinates":[6.9831055,50.9132408]},"properties":{"maxweight":"3.5"}},{"type":"Feature","geometry":{"type":"Point","coordinates":[6.9930495,50.9117412]},"properties":{"hgv":"destination","maxweightrating:hgv":"7.5"}},{"type":"Feature","geometry":{"type":"Point","coordinates":[6.9845291,50.911887]},"properties":{"maxweight":"3.5"}},{"type":"Feature","geometry":{"type":"Point","coordinates":[6.5819425,50.8596306]},"properties":{"hgv":"no"}},{"type":"Feature","geometry":{"type":"Point","coordinates":[6.5838709,50.8588591]},"properties":{"hgv":"no"}},{"type":"Feature","geometry":{"type":"Point","coordinates":[6.5782724,50.861502]},"properties":{"hgv":"no"}},{"type":"Feature","geometry":{"type":"Point","coordinates":[6.9114971,50.8302674]},"properties":{"maxheight":"none"}},{"type":"Feature","geometry":{"type":"Point","coordinates":[6.9799943,50.8282401]},"properties":{"hgv":"delivery"}},{"type":"Feature","geometry":{"type":"Point","coordinates":[6.9444986,50.9477816]},"properties":{"maxheight":"2"}},{"type":"Feature","geometry":{"type":"Point","coordinates":[6.9437507,50.9484672]},"properties":{"maxheight":"4.0"}},{"type":"Feature","geometry":{"type":"Point","coordinates":[6.944572,50.9476245]},"properties":{"maxheight":"2"}},{"type":"Feature","geometry":{"type":"Point","coordinates":[6.1491124,50.6877226]},"properties":{"hgv":"destination"}},{"type":"Feature","geometry":{"type":"Point","coordinates":[6.1454496,50.6851731]},"properties":{"hgv":"destination"}},{"type":"Feature","geometry":{"type":"Point","coordinates":[6.9034772,50.9602206]},"properties":{"hgv":"destination"}},{"type":"Feature","geometry":{"type":"Point","coordinates":[6.1290479,50.7112457]},"properties":{"hgv":"destination","maxweight":"12"}},{"type":"Feature","geometry":{"type":"Point","coordinates":[6.8684393,50.9277666]},"properties":{"hgv":"destination"}},{"type":"Feature","geometry":{"type":"Point","coordinates":[6.8295746,50.9465779]},"properties":{"hgv":"destination"}},{"type":"Feature","geometry":{"type":"Point","coordinates":[6.9951386,50.8057183]},"properties":{"maxheight":"default"}},{"type":"Feature","geometry":{"type":"Point","coordinates":[6.956978,50.9455959]},"properties":{"maxheight":"default"}},{"type":"Feature","geometry":{"type":"Point","coordinates":[6.0923596,50.8039385]},"properties":{"maxheight":"4"}},{"type":"Feature","geometry":{"type":"Point","coordinates":[6.9902916,50.8097303]},"properties":{"maxheight":"3.5"}},{"type":"Feature","geometry":{"type":"Point","coordinates":[6.9529403,50.9482462]},"properties":{"hgv":"no"}},{"type":"Feature","geometry":{"type":"Point","coordinates":[6.9828611,50.9464808]},"properties":{"maxheight":"1.8"}},{"type":"Feature","geometry":{"type":"Point","coordinates":[6.983936,50.9460939]},"properties":{"maxheight":"default"}},{"type":"Feature","geometry":{"type":"Point","coordinates":[6.1753263,50.8914077]},"properties":{"hgv":"delivery"}},{"type":"Feature","geometry":{"type":"Point","coordinates":[6.8136815,50.8207177]},"properties":{"maxheight":"default"}},{"type":"Feature","geometry":{"type":"Point","coordinates":[6.9114152,50.6986788]},"properties":{"maxweight":"3"}},{"type":"Feature","geometry":{"type":"Point","coordinates":[6.0398878,50.7683761]},"properties":{"maxweight":"2.8"}},{"type":"Feature","geometry":{"type":"Point","coordinates":[6.0397206,50.768418]},"properties":{"maxweight":"2.8"}},{"type":"Feature","geometry":{"type":"Point","coordinates":[6.0400082,50.7684697]},"properties":{"maxweight":"2.8"}},{"type":"Feature","geometry":{"type":"Point","coordinates":[6.1042551,50.7968686]},"properties":{"hgv":"no","maxweight":"3.5"}},{"type":"Feature","geometry":{"type":"Point","coordinates":[6.8453389,50.9252557]},"properties":{"maxheight":"default"}},{"type":"Feature","geometry":{"type":"Point","coordinates":[6.8988056,50.4970346]},"properties":{"maxweight":"12"}},{"type":"Feature","geometry":{"type":"Point","coordinates":[6.8976446,50.4930146]},"properties":{"maxweight":"12"}},{"type":"Feature","geometry":{"type":"Point","coordinates":[6.8095935,50.9914104]},"properties":{"hgv":"agricultural","maxheight":"default"}},{"type":"Feature","geometry":{"type":"Point","coordinates":[6.9161995,50.7206221]},"properties":{"hgv":"destination"}},{"type":"Feature","geometry":{"type":"Point","coordinates":[6.9156898,50.7203781]},"properties":{"hgv":"destination"}},{"type":"Feature","geometry":{"type":"Point","coordinates":[6.9614072,50.6850211]},"properties":{"maxweight":"6"}},{"type":"Feature","geometry":{"type":"Point","coordinates":[6.9613969,50.6874512]},"properties":{"maxweight":"6"}},{"type":"Feature","geometry":{"type":"Point","coordinates":[6.8884653,50.6875961]},"properties":{"maxweight":"6"}},{"type":"Feature","geometry":{"type":"Point","coordinates":[6.1210554,50.7798812]},"properties":{"hgv":"no"}},{"type":"Feature","geometry":{"type":"Point","coordinates":[6.4618133,50.8843581]},"properties":{"maxweight":"30"}},{"type":"Feature","geometry":{"type":"Point","coordinates":[6.4618438,50.8843727]},"properties":{"maxweight":"30"}},{"type":"Feature","geometry":{"type":"Point","coordinates":[6.9380965,50.6655001]},"properties":{"maxwidth":"2.1"}},{"type":"Feature","geometry":{"type":"Point","coordinates":[6.9454264,50.6636779]},"properties":{"maxwidth":"2.1"}},{"type":"Feature","geometry":{"type":"Point","coordinates":[6.9427547,50.6441007]},"properties":{"hgv":"designated"}},{"type":"Feature","geometry":{"type":"Point","coordinates":[6.9432594,50.6427106]},"properties":{"hgv":"designated"}},{"type":"Feature","geometry":{"type":"Point","coordinates":[6.5524935,50.2214737]},"properties":{"maxlength":"10"}},{"type":"Feature","geometry":{"type":"Point","coordinates":[6.4276677,50.2821552]},"properties":{"maxweight":"7.5"}},{"type":"Feature","geometry":{"type":"Point","coordinates":[6.1333209,50.0494962]},"properties":{"maxweightrating":"7.5"}},{"type":"Feature","geometry":{"type":"Point","coordinates":[6.9008288,50.9327996]},"properties":{"hgv":"destination"}},{"type":"Feature","geometry":{"type":"Point","coordinates":[6.9009669,50.9343895]},"properties":{"hgv":"destination"}},{"type":"Feature","geometry":{"type":"Point","coordinates":[6.8484576,50.925022]},"properties":{"maxheight":"default"}},{"type":"Feature","geometry":{"type":"Point","coordinates":[6.366071,50.2768767]},"properties":{"maxweight":"7.5"}},{"type":"Feature","geometry":{"type":"Point","coordinates":[6.9818728,50.0194144]},"properties":{"maxweight":"16"}},{"type":"Feature","geometry":{"type":"Point","coordinates":[6.0977084,50.7828052]},"properties":{"maxheight":"1.95"}},{"type":"Feature","geometry":{"type":"Point","coordinates":[6.9527275,50.9490292]},"properties":{"maxheight":"4"}},{"type":"Feature","geometry":{"type":"Point","coordinates":[6.619602,50.252731]},"properties":{"hgv":"destination"}},{"type":"Feature","geometry":{"type":"Point","coordinates":[6.8180115,50.7595881]},"properties":{"maxweight":"21"}},{"type":"Feature","geometry":{"type":"Point","coordinates":[6.9735993,50.022808]},"properties":{"maxweight":"2.8"}},{"type":"Feature","geometry":{"type":"Point","coordinates":[6.0631172,50.7771545]},"properties":{"maxweight":"3.5"}},{"type":"Feature","geometry":{"type":"Point","coordinates":[6.7812753,50.9561794]},"properties":{"hgv":"destination"}},{"type":"Feature","geometry":{"type":"Point","coordinates":[6.4377756,50.9077194]},"properties":{"hgv":"destination"}},{"type":"Feature","geometry":{"type":"Point","coordinates":[6.1578296,50.8353872]},"properties":{"maxheight":"default"}},{"type":"Feature","geometry":{"type":"Point","coordinates":[6.8164031,50.6916214]},"properties":{"maxweight":"30"}},{"type":"Feature","geometry":{"type":"Point","coordinates":[6.8278409,50.6790857]},"properties":{"hgv":"destination"}},{"type":"Feature","geometry":{"type":"Point","coordinates":[6.8275583,50.679201]},"properties":{"hgv":"destination"}},{"type":"Feature","geometry":{"type":"Point","coordinates":[6.8463831,50.7638944]},"properties":{"maxheight":"default"}},{"type":"Feature","geometry":{"type":"Point","coordinates":[6.1011441,50.9572287]},"properties":{"maxheight":"default"}},{"type":"Feature","geometry":{"type":"Point","coordinates":[6.1267262,50.9518741]},"properties":{"maxheight":"default"}},{"type":"Feature","geometry":{"type":"Point","coordinates":[6.3577808,50.1849459]},"properties":{"hgv":"destination"}},{"type":"Feature","geometry":{"type":"Point","coordinates":[6.0679829,50.8225779]},"properties":{"maxheight":"3.4"}},{"type":"Feature","geometry":{"type":"Point","coordinates":[6.9104916,50.2362309]},"properties":{"hgv":"designated","goods":"designated"}},{"type":"Feature","geometry":{"type":"Point","coordinates":[6.9469857,50.9378187]},"properties":{"maxheight":"2"}},{"type":"Feature","geometry":{"type":"Point","coordinates":[6.8058169,50.8577963]},"properties":{"hgv":"designated"}},{"type":"Feature","geometry":{"type":"Point","coordinates":[6.8047074,50.8574778]},"properties":{"hgv":"designated"}},{"type":"Feature","geometry":{"type":"Point","coordinates":[6.9086777,50.9462009]},"properties":{"maxheight":"4.0","maxweight":"40"}},{"type":"Feature","geometry":{"type":"Point","coordinates":[6.3253438,50.6569794]},"properties":{"hgv":"no"}},{"type":"Feature","geometry":{"type":"Point","coordinates":[6.353033,50.6671626]},"properties":{"hgv":"destination"}},{"type":"Feature","geometry":{"type":"Point","coordinates":[6.3537345,50.6679939]},"properties":{"hgv":"destination"}},{"type":"Feature","geometry":{"type":"Point","coordinates":[6.6418908,50.8116758]},"properties":{"maxweight":"12"}},{"type":"Feature","geometry":{"type":"Point","coordinates":[6.9724875,50.9562745]},"properties":{"maxweight":"30"}},{"type":"Feature","geometry":{"type":"Point","coordinates":[6.9737159,50.9559541]},"properties":{"maxheight":"default"}},{"type":"Feature","geometry":{"type":"Point","coordinates":[6.9877307,50.9457818]},"properties":{"maxheight":"4"}},{"type":"Feature","geometry":{"type":"Point","coordinates":[6.5553375,50.5386775]},"properties":{"maxweight":"18"}},{"type":"Feature","geometry":{"type":"Point","coordinates":[6.56284,50.9375489]},"properties":{"hgv":"destination"}},{"type":"Feature","geometry":{"type":"Point","coordinates":[6.9540615,50.9354459]},"properties":{"maxheight":"2"}},{"type":"Feature","geometry":{"type":"Point","coordinates":[6.954594,50.9348904]},"properties":{"maxheight":"2"}},{"type":"Feature","geometry":{"type":"Point","coordinates":[6.2275416,50.6821278]},"properties":{"maxweight":"2.5"}},{"type":"Feature","geometry":{"type":"Point","coordinates":[6.5840802,50.5124724]},"properties":{"maxweight":"3.5"}},{"type":"Feature","geometry":{"type":"Point","coordinates":[6.5870861,50.511734]},"properties":{"maxweight":"3.5"}},{"type":"Feature","geometry":{"type":"Point","coordinates":[6.0913026,50.7656822]},"properties":{"maxweight":"12"}},{"type":"Feature","geometry":{"type":"Point","coordinates":[6.9432617,50.9144175]},"properties":{"maxheight":"3.7"}},{"type":"Feature","geometry":{"type":"Point","coordinates":[6.9839376,50.8218115]},"properties":{"maxheight":"2"}},{"type":"Feature","geometry":{"type":"Point","coordinates":[6.9840189,50.8218175]},"properties":{"maxheight":"2"}},{"type":"Feature","geometry":{"type":"Point","coordinates":[6.9841257,50.8217867]},"properties":{"maxheight":"2"}},{"type":"Feature","geometry":{"type":"Point","coordinates":[6.845956,50.7516242]},"properties":{"hgv":"no"}},{"type":"Feature","geometry":{"type":"Point","coordinates":[6.2827837,50.9986442]},"properties":{"hgv":"destination"}},{"type":"Feature","geometry":{"type":"Point","coordinates":[6.2850935,50.9977413]},"properties":{"hgv":"destination"}},{"type":"Feature","geometry":{"type":"Point","coordinates":[6.8998637,50.8273154]},"properties":{"hgv":"delivery","goods":"delivery"}},{"type":"Feature","geometry":{"type":"Point","coordinates":[6.0560741,50.8510674]},"properties":{"hgv":"destination"}},{"type":"Feature","geometry":{"type":"Point","coordinates":[6.0570584,50.8283207]},"properties":{"maxweight":"9"}},{"type":"Feature","geometry":{"type":"Point","coordinates":[6.9755438,50.8240119]},"properties":{"maxheight":"2"}},{"type":"Feature","geometry":{"type":"Point","coordinates":[6.9789169,50.8075119]},"properties":{"hgv":"no"}},{"type":"Feature","geometry":{"type":"Point","coordinates":[6.9840539,50.933037]},"properties":{"maxheight":"default"}},{"type":"Feature","geometry":{"type":"Point","coordinates":[6.9843397,50.9326687]},"properties":{"maxheight":"default"}},{"type":"Feature","geometry":{"type":"Point","coordinates":[6.2418214,50.5524968]},"properties":{"maxweight":"3.5"}},{"type":"Feature","geometry":{"type":"Point","coordinates":[6.9254141,50.1923032]},"properties":{"maxheight":"default"}},{"type":"Feature","geometry":{"type":"Point","coordinates":[6.9924254,50.901834]},"properties":{"maxheight":"default"}},{"type":"Feature","geometry":{"type":"Point","coordinates":[6.8275992,50.5864465]},"properties":{"hgv":"no"}},{"type":"Feature","geometry":{"type":"Point","coordinates":[6.180194,50.7057955]},"properties":{"maxlength":"12"}},{"type":"Feature","geometry":{"type":"Point","coordinates":[6.5961608,50.0389973]},"properties":{"hgv":"destination"}},{"type":"Feature","geometry":{"type":"Point","coordinates":[6.9605497,50.9354756]},"properties":{"hgv":"no"}},{"type":"Feature","geometry":{"type":"Point","coordinates":[6.7454233,50.9332841]},"properties":{"hgv":"destination"}},{"type":"Feature","geometry":{"type":"Point","coordinates":[6.9835992,50.8250844]},"properties":{"hgv":"delivery"}},{"type":"Feature","geometry":{"type":"Point","coordinates":[6.3497646,50.6633715]},"properties":{"hgv":"destination"}},{"type":"Feature","geometry":{"type":"Point","coordinates":[6.7713971,50.7547655]},"properties":{"maxheight":"3.5"}},{"type":"Feature","geometry":{"type":"Point","coordinates":[6.35106,50.6659319]},"properties":{"hgv":"destination"}},{"type":"Feature","geometry":{"type":"Point","coordinates":[6.8169643,50.4686083]},"properties":{"hgv":"no"}},{"type":"Feature","geometry":{"type":"Point","coordinates":[6.3519281,50.666338]},"properties":{"hgv":"destination"}},{"type":"Feature","geometry":{"type":"Point","coordinates":[6.8348531,50.7667328]},"properties":{"maxheight":"3"}},{"type":"Feature","geometry":{"type":"Point","coordinates":[6.8557607,50.9216804]},"properties":{"maxheight":"4.1"}},{"type":"Feature","geometry":{"type":"Point","coordinates":[6.8289632,50.0306025]},"properties":{"maxlength":"10"}},{"type":"Feature","geometry":{"type":"Point","coordinates":[6.8284633,50.0307402]},"properties":{"maxlength":"10"}},{"type":"Feature","geometry":{"type":"Point","coordinates":[6.7988182,50.0850443]},"properties":{"maxweight":"24"}},{"type":"Feature","geometry":{"type":"Point","coordinates":[6.6868484,50.9409605]},"properties":{"maxheight":"4","maxwidth":"2.6"}},{"type":"Feature","geometry":{"type":"Point","coordinates":[6.2737542,50.6360009]},"properties":{"hgv":"no"}},{"type":"Feature","geometry":{"type":"Point","coordinates":[6.9434892,50.8325238]},"properties":{"hgv":"no","maxwidth":"2"}},{"type":"Feature","geometry":{"type":"Point","coordinates":[6.5159132,50.4926812]},"properties":{"hgv":"destination"}},{"type":"Feature","geometry":{"type":"Point","coordinates":[6.5223519,50.5019742]},"properties":{"maxweight":"2.5"}},{"type":"Feature","geometry":{"type":"Point","coordinates":[6.7867024,50.9370206]},"properties":{"hgv":"destination"}},{"type":"Feature","geometry":{"type":"Point","coordinates":[6.9717155,50.9386006]},"properties":{"maxheight":"default"}},{"type":"Feature","geometry":{"type":"Point","coordinates":[6.4462625,50.770274]},"properties":{"hgv":"destination"}},{"type":"Feature","geometry":{"type":"Point","coordinates":[6.1819663,50.7294179]},"properties":{"hgv":"no"}},{"type":"Feature","geometry":{"type":"Point","coordinates":[6.1103277,50.7693802]},"properties":{"hgv":"destination"}},{"type":"Feature","geometry":{"type":"Point","coordinates":[6.9286712,50.8974066]},"properties":{"hgv":"destination"}},{"type":"Feature","geometry":{"type":"Point","coordinates":[6.4376325,50.8012193]},"properties":{"maxheight":"3.0"}},{"type":"Feature","geometry":{"type":"Point","coordinates":[6.881754,50.7998724]},"properties":{"maxheight":"4"}},{"type":"Feature","geometry":{"type":"Point","coordinates":[6.5981346,50.6030628]},"properties":{"maxweight":"50"}},{"type":"Feature","geometry":{"type":"Point","coordinates":[6.0336491,50.9849465]},"properties":{"maxweight":"3.5"}},{"type":"Feature","geometry":{"type":"Point","coordinates":[6.1762078,50.7431939]},"properties":{"maxlength":"12"}},{"type":"Feature","geometry":{"type":"Point","coordinates":[6.9855139,50.8236567]},"properties":{"maxweight":"2.5"}},{"type":"Feature","geometry":{"type":"Point","coordinates":[6.9352676,50.1937786]},"properties":{"hgv":"destination"}},{"type":"Feature","geometry":{"type":"Point","coordinates":[6.9549704,50.9336122]},"properties":{"maxheight":"2.5"}},{"type":"Feature","geometry":{"type":"Point","coordinates":[6.9549678,50.9336841]},"properties":{"maxheight":"2.5"}},{"type":"Feature","geometry":{"type":"Point","coordinates":[6.4907401,50.9475769]},"properties":{"maxheight":"default"}},{"type":"Feature","geometry":{"type":"Point","coordinates":[6.4505737,50.9517001]},"properties":{"maxheight":"default"}},{"type":"Feature","geometry":{"type":"Point","coordinates":[6.2078143,50.635426]},"properties":{"maxweight":"3.5"}},{"type":"Feature","geometry":{"type":"Point","coordinates":[6.975744,50.7621192]},"properties":{"maxweight":"7.5"}},{"type":"Feature","geometry":{"type":"Point","coordinates":[6.9896357,50.952153]},"properties":{"maxheight":"default"}},{"type":"Feature","geometry":{"type":"Point","coordinates":[6.9777938,50.2107446]},"properties":{"hgv":"destination"}},{"type":"Feature","geometry":{"type":"Point","coordinates":[6.1422208,50.0222658]},"properties":{"hgv":"yes"}},{"type":"Feature","geometry":{"type":"Point","coordinates":[6.1361408,50.0116818]},"properties":{"hgv":"yes"}},{"type":"Feature","geometry":{"type":"Point","coordinates":[6.1469328,50.0045709]},"properties":{"hgv":"yes"}},{"type":"Feature","geometry":{"type":"Point","coordinates":[6.1322238,50.0158499]},"properties":{"hgv":"yes"}},{"type":"Feature","geometry":{"type":"Point","coordinates":[6.1855538,50.2319434]},"properties":{"hgv":"designated"}},{"type":"Feature","geometry":{"type":"Point","coordinates":[6.1882664,50.2286455]},"properties":{"hgv":"designated"}},{"type":"Feature","geometry":{"type":"Point","coordinates":[6.1389709,50.7865712]},"properties":{"hgv":"no"}},{"type":"Feature","geometry":{"type":"Point","coordinates":[6.4796191,50.7694796]},"properties":{"maxweight":"16"}},{"type":"Feature","geometry":{"type":"Point","coordinates":[6.3409452,50.2030064]},"properties":{"maxheight":"default"}},{"type":"Feature","geometry":{"type":"Point","coordinates":[6.3378362,50.2032149]},"properties":{"hgv":"yes"}},{"type":"Feature","geometry":{"type":"Point","coordinates":[6.3379127,50.2036703]},"properties":{"hgv":"yes"}},{"type":"Feature","geometry":{"type":"Point","coordinates":[6.8969334,50.0002743]},"properties":{"hgv":"no"}},{"type":"Feature","geometry":{"type":"Point","coordinates":[6.8952431,50.9463667]},"properties":{"maxheight":"4.00"}},{"type":"Feature","geometry":{"type":"Point","coordinates":[6.1660593,50.7599227]},"properties":{"hgv":"destination"}},{"type":"Feature","geometry":{"type":"Point","coordinates":[6.9249895,50.8914585]},"properties":{"hgv":"no","maxwidth":"2.1","maxweightrating":"3.5"}},{"type":"Feature","geometry":{"type":"Point","coordinates":[6.923157,50.8922923]},"properties":{"hgv":"no","maxwidth":"2.1","maxweightrating":"3.5"}},{"type":"Feature","geometry":{"type":"Point","coordinates":[6.7627319,50.5483521]},"properties":{"maxweight":"16"}},{"type":"Feature","geometry":{"type":"Point","coordinates":[6.0953017,50.8674158]},"properties":{"maxheight":"default"}},{"type":"Feature","geometry":{"type":"Point","coordinates":[6.8420622,50.753054]},"properties":{"hgv":"destination"}},{"type":"Feature","geometry":{"type":"Point","coordinates":[6.4624694,50.8422349]},"properties":{"hgv":"no"}},{"type":"Feature","geometry":{"type":"Point","coordinates":[6.354301,50.6666682]},"properties":{"maxweight":"3.5"}},{"type":"Feature","geometry":{"type":"Point","coordinates":[6.7667485,50.5827813]},"properties":{"maxweight":"3.5"}},{"type":"Feature","geometry":{"type":"Point","coordinates":[6.9414565,50.6347089]},"properties":{"maxheight":"default"}},{"type":"Feature","geometry":{"type":"Point","coordinates":[6.9599159,50.8083262]},"properties":{"maxweight":"2.5"}},{"type":"Feature","geometry":{"type":"Point","coordinates":[6.9309761,50.6299476]},"properties":{"maxheight":"default"}},{"type":"Feature","geometry":{"type":"Point","coordinates":[6.9083236,50.6968286]},"properties":{"maxweight":"3"}},{"type":"Feature","geometry":{"type":"Point","coordinates":[6.5959564,50.7379556]},"properties":{"hgv":"no"}},{"type":"Feature","geometry":{"type":"Point","coordinates":[6.5561233,50.7321708]},"properties":{"hgv":"destination"}},{"type":"Feature","geometry":{"type":"Point","coordinates":[6.1394489,50.8033593]},"properties":{"hgv":"yes"}},{"type":"Feature","geometry":{"type":"Point","coordinates":[6.4830003,50.7425357]},"properties":{"maxheight":"below_default"}},{"type":"Feature","geometry":{"type":"Point","coordinates":[6.9870287,50.8105171]},"properties":{"maxheight":"default"}},{"type":"Feature","geometry":{"type":"Point","coordinates":[6.9869301,50.8106657]},"properties":{"maxheight":"default"}},{"type":"Feature","geometry":{"type":"Point","coordinates":[6.725853,50.0425396]},"properties":{"maxweightrating:hgv":"7.5"}},{"type":"Feature","geometry":{"type":"Point","coordinates":[6.4780646,50.8210904]},"properties":{"hgv":"destination"}},{"type":"Feature","geometry":{"type":"Point","coordinates":[6.9982889,50.9307394]},"properties":{"maxheight":"default"}},{"type":"Feature","geometry":{"type":"Point","coordinates":[6.9940531,50.9323485]},"properties":{"maxheight":"default"}},{"type":"Feature","geometry":{"type":"Point","coordinates":[6.99785,50.935174]},"properties":{"maxheight":"below_default"}},{"type":"Feature","geometry":{"type":"Point","coordinates":[6.99631,50.931431]},"properties":{"maxheight":"default"}},{"type":"Feature","geometry":{"type":"Point","coordinates":[6.9784048,50.8481647]},"properties":{"maxheight":"3.8"}},{"type":"Feature","geometry":{"type":"Point","coordinates":[6.181838,50.6493605]},"properties":{"maxweight":"7.5"}},{"type":"Feature","geometry":{"type":"Point","coordinates":[6.828937,50.7739595]},"properties":{"maxheight":"default"}},{"type":"Feature","geometry":{"type":"Point","coordinates":[6.408631,50.1373662]},"properties":{"maxheight":"default"}},{"type":"Feature","geometry":{"type":"Point","coordinates":[6.4041256,50.1485909]},"properties":{"maxheight":"default"}},{"type":"Feature","geometry":{"type":"Point","coordinates":[6.8911878,50.9704063]},"properties":{"hgv":"destination"}},{"type":"Feature","geometry":{"type":"Point","coordinates":[6.941526,50.9364412]},"properties":{"maxheight":"3","maxweight":"1.5"}},{"type":"Feature","geometry":{"type":"Point","coordinates":[6.9777687,50.8205589]},"properties":{"maxweight":"2.5"}},{"type":"Feature","geometry":{"type":"Point","coordinates":[6.9230482,50.9276945]},"properties":{"hgv":"no"}},{"type":"Feature","geometry":{"type":"Point","coordinates":[6.9283625,50.9278339]},"properties":{"maxheight":"default"}},{"type":"Feature","geometry":{"type":"Point","coordinates":[6.6637822,50.0177257]},"properties":{"maxheight":"default"}},{"type":"Feature","geometry":{"type":"Point","coordinates":[6.9922478,50.8274382]},"properties":{"hgv":"no"}},{"type":"Feature","geometry":{"type":"Point","coordinates":[6.9110628,50.4244675]},"properties":{"hgv":"no"}},{"type":"Feature","geometry":{"type":"Point","coordinates":[6.8987046,50.3612142]},"properties":{"maxweight":"3.5"}},{"type":"Feature","geometry":{"type":"Point","coordinates":[6.9423921,50.9373685]},"properties":{"maxweightrating":"2,5"}},{"type":"Feature","geometry":{"type":"Point","coordinates":[6.9423901,50.9374303]},"properties":{"maxweight":"2.5"}},{"type":"Feature","geometry":{"type":"Point","coordinates":[6.9427981,50.9374334]},"properties":{"maxweight":"2.5"}},{"type":"Feature","geometry":{"type":"Point","coordinates":[6.9428035,50.937373]},"properties":{"maxweight":"2.5"}},{"type":"Feature","geometry":{"type":"Point","coordinates":[6.0997977,50.7738947]},"properties":{"maxheight":"1.9"}},{"type":"Feature","geometry":{"type":"Point","coordinates":[6.4124237,50.7316002]},"properties":{"hgv":"destination"}},{"type":"Feature","geometry":{"type":"Point","coordinates":[6.806986,50.9126662]},"properties":{"hgv":"destination"}},{"type":"Feature","geometry":{"type":"Point","coordinates":[6.0998018,50.7739928]},"properties":{"maxheight":"1.9"}},{"type":"Feature","geometry":{"type":"Point","coordinates":[6.0998945,50.7737343]},"properties":{"maxheight":"1.9"}},{"type":"Feature","geometry":{"type":"Point","coordinates":[6.9963982,50.5162874]},"properties":{"maxheight":"default"}},{"type":"Feature","geometry":{"type":"Point","coordinates":[6.8754945,50.9373571]},"properties":{"maxheight":"2.00"}},{"type":"Feature","geometry":{"type":"Point","coordinates":[6.8843518,50.6502713]},"properties":{"maxlength":"10"}},{"type":"Feature","geometry":{"type":"Point","coordinates":[6.8396986,50.659612]},"properties":{"hgv":"no"}},{"type":"Feature","geometry":{"type":"Point","coordinates":[6.9904144,50.1166532]},"properties":{"maxweight":"9"}},{"type":"Feature","geometry":{"type":"Point","coordinates":[6.8013841,50.7700269]},"properties":{"maxweight":"2"}},{"type":"Feature","geometry":{"type":"Point","coordinates":[6.1432822,50.7059521]},"properties":{"hgv":"agricultural"}},{"type":"Feature","geometry":{"type":"Point","coordinates":[6.1679113,50.2240748]},"properties":{"hgv":"no"}},{"type":"Feature","geometry":{"type":"Point","coordinates":[6.1828606,50.6490784]},"properties":{"maxweight":"7.5"}},{"type":"Feature","geometry":{"type":"Point","coordinates":[6.9799624,50.5092531]},"properties":{"maxheight":"default"}},{"type":"Feature","geometry":{"type":"Point","coordinates":[6.984158,50.9299409]},"properties":{"maxheight":"default"}},{"type":"Feature","geometry":{"type":"Point","coordinates":[6.9849612,50.9319273]},"properties":{"maxheight":"default"}},{"type":"Feature","geometry":{"type":"Point","coordinates":[6.9924165,50.9270434]},"properties":{"maxheight":"default"}},{"type":"Feature","geometry":{"type":"Point","coordinates":[6.9923012,50.9269288]},"properties":{"maxheight":"default"}},{"type":"Feature","geometry":{"type":"Point","coordinates":[6.9874509,50.9288291]},"properties":{"maxheight":"default"}},{"type":"Feature","geometry":{"type":"Point","coordinates":[6.986749,50.9292827]},"properties":{"maxheight":"default"}},{"type":"Feature","geometry":{"type":"Point","coordinates":[6.9858851,50.9299477]},"properties":{"maxheight":"default"}},{"type":"Feature","geometry":{"type":"Point","coordinates":[6.9889702,50.94596]},"properties":{"maxheight":"4"}},{"type":"Feature","geometry":{"type":"Point","coordinates":[6.9937554,50.9461012]},"properties":{"maxweight":"30"}},{"type":"Feature","geometry":{"type":"Point","coordinates":[6.990071,50.9451378]},"properties":{"maxweight":"30"}},{"type":"Feature","geometry":{"type":"Point","coordinates":[6.9911741,50.9458376]},"properties":{"maxweight":"30"}},{"type":"Feature","geometry":{"type":"Point","coordinates":[6.9834798,50.9448176]},"properties":{"maxheight":"default"}},{"type":"Feature","geometry":{"type":"Point","coordinates":[6.9962217,50.9462468]},"properties":{"maxweight":"30"}},{"type":"Feature","geometry":{"type":"Point","coordinates":[6.9955842,50.9462469]},"properties":{"maxweight":"30"}},{"type":"Feature","geometry":{"type":"Point","coordinates":[6.9910122,50.9455673]},"properties":{"maxweight":"30"}},{"type":"Feature","geometry":{"type":"Point","coordinates":[6.9897631,50.9207083]},"properties":{"hgv":"no"}},{"type":"Feature","geometry":{"type":"Point","coordinates":[6.9834942,50.9210841]},"properties":{"maxweight":"7.5"}},{"type":"Feature","geometry":{"type":"Point","coordinates":[6.9885215,50.9179182]},"properties":{"hgv":"destination"}},{"type":"Feature","geometry":{"type":"Point","coordinates":[6.9856633,50.9176055]},"properties":{"hgv":"destination"}},{"type":"Feature","geometry":{"type":"Point","coordinates":[6.9995924,50.924469]},"properties":{"maxheight":"default"}},{"type":"Feature","geometry":{"type":"Point","coordinates":[6.9844049,50.9210335]},"properties":{"hgv":"delivery","maxheight":"3.8"}},{"type":"Feature","geometry":{"type":"Point","coordinates":[6.9839336,50.9213506]},"properties":{"hgv":"delivery","maxheight":"3.8"}},{"type":"Feature","geometry":{"type":"Point","coordinates":[6.9826363,50.9220666]},"properties":{"maxheight":"3.8"}},{"type":"Feature","geometry":{"type":"Point","coordinates":[6.9990477,50.9250142]},"properties":{"maxheight":"default"}},{"type":"Feature","geometry":{"type":"Point","coordinates":[6.9990873,50.9245343]},"properties":{"maxheight":"default"}},{"type":"Feature","geometry":{"type":"Point","coordinates":[6.6234997,50.5837705]},"properties":{"maxweight":"7.5"}},{"type":"Feature","geometry":{"type":"Point","coordinates":[6.6290226,50.5880079]},"properties":{"maxheight":"3.5"}},{"type":"Feature","geometry":{"type":"Point","coordinates":[6.6836986,50.603319]},"properties":{"hgv":"destination"}},{"type":"Feature","geometry":{"type":"Point","coordinates":[6.9473237,50.9150627]},"properties":{"maxweightrating:hgv":"7.5"}},{"type":"Feature","geometry":{"type":"Point","coordinates":[6.9029503,50.9562721]},"properties":{"hgv":"destination"}},{"type":"Feature","geometry":{"type":"Point","coordinates":[6.9932857,50.9119243]},"properties":{"maxweightrating:hgv":"7.5"}},{"type":"Feature","geometry":{"type":"Point","coordinates":[6.9948408,50.9164751]},"properties":{"maxweight":"4"}},{"type":"Feature","geometry":{"type":"Point","coordinates":[6.9865461,50.910327]},"properties":{"hgv":"destination"}},{"type":"Feature","geometry":{"type":"Point","coordinates":[6.9895404,50.9112861]},"properties":{"hgv":"destination"}},{"type":"Feature","geometry":{"type":"Point","coordinates":[6.9898994,50.9114009]},"properties":{"hgv":"destination"}},{"type":"Feature","geometry":{"type":"Point","coordinates":[6.9920136,50.9149995]},"properties":{"hgv":"destination"}},{"type":"Feature","geometry":{"type":"Point","coordinates":[6.9930366,50.9509276]},"properties":{"hgv":"destination"}},{"type":"Feature","geometry":{"type":"Point","coordinates":[6.9969047,50.9490969]},"properties":{"maxheight":"3.2"}},{"type":"Feature","geometry":{"type":"Point","coordinates":[6.9961972,50.9492]},"properties":{"maxheight":"3.2"}},{"type":"Feature","geometry":{"type":"Point","coordinates":[6.9937357,50.9490241]},"properties":{"maxheight":"default"}},{"type":"Feature","geometry":{"type":"Point","coordinates":[6.9946707,50.949198]},"properties":{"maxheight":"default"}},{"type":"Feature","geometry":{"type":"Point","coordinates":[6.9497887,50.9551212]},"properties":{"maxweightrating:hgv":"7.5"}},{"type":"Feature","geometry":{"type":"Point","coordinates":[6.9692574,50.9743803]},"properties":{"maxheight":"4.5"}},{"type":"Feature","geometry":{"type":"Point","coordinates":[6.5618386,50.5413571]},"properties":{"hgv":"no"}},{"type":"Feature","geometry":{"type":"Point","coordinates":[6.9375411,50.8307688]},"properties":{"maxweight":"7.5"}},{"type":"Feature","geometry":{"type":"Point","coordinates":[6.9371917,50.8313459]},"properties":{"maxweight":"7.5"}},{"type":"Feature","geometry":{"type":"Point","coordinates":[6.8446408,50.9260689]},"properties":{"maxheight":"default"}},{"type":"Feature","geometry":{"type":"Point","coordinates":[6.9704782,50.8861716]},"properties":{"maxheight":"default"}},{"type":"Feature","geometry":{"type":"Point","coordinates":[6.9692803,50.9710052]},"properties":{"maxheight":"default"}},{"type":"Feature","geometry":{"type":"Point","coordinates":[6.682101,50.6010295]},"properties":{"hgv":"destination"}},{"type":"Feature","geometry":{"type":"Point","coordinates":[6.6819421,50.6014734]},"properties":{"hgv":"destination"}},{"type":"Feature","geometry":{"type":"Point","coordinates":[6.4042696,50.835411]},"properties":{"maxheight":"default"}},{"type":"Feature","geometry":{"type":"Point","coordinates":[6.1016138,50.99067]},"properties":{"maxheight":"default"}},{"type":"Feature","geometry":{"type":"Point","coordinates":[6.1221862,50.9518146]},"properties":{"maxheight":"default"}},{"type":"Feature","geometry":{"type":"Point","coordinates":[6.8490284,50.9347743]},"properties":{"maxheight":"default"}},{"type":"Feature","geometry":{"type":"Point","coordinates":[6.849723,50.9447753]},"properties":{"maxheight":"default"}},{"type":"Feature","geometry":{"type":"Point","coordinates":[6.9192033,50.8939162]},"properties":{"maxweight":"conditional"}},{"type":"Feature","geometry":{"type":"Point","coordinates":[6.965058,50.9880455]},"properties":{"hgv":"delivery"}},{"type":"Feature","geometry":{"type":"Point","coordinates":[6.9981041,50.8029191]},"properties":{"hgv":"agricultural;destination"}},{"type":"Feature","geometry":{"type":"Point","coordinates":[6.9955851,50.8156267]},"properties":{"hgv":"delivery"}},{"type":"Feature","geometry":{"type":"Point","coordinates":[6.9964614,50.816236]},"properties":{"hgv":"delivery"}},{"type":"Feature","geometry":{"type":"Point","coordinates":[6.913144,50.7691582]},"properties":{"maxheight":"2.7"}},{"type":"Feature","geometry":{"type":"Point","coordinates":[6.9994612,50.8028159]},"properties":{"hgv":"destination; agricuktural","maxheight":"4"}},{"type":"Feature","geometry":{"type":"Point","coordinates":[6.7542394,50.8755335]},"properties":{"hgv":"designated"}},{"type":"Feature","geometry":{"type":"Point","coordinates":[6.967859,50.9817438]},"properties":{"maxheight":"default"}},{"type":"Feature","geometry":{"type":"Point","coordinates":[6.7035933,50.005984]},"properties":{"maxheight":"default"}},{"type":"Feature","geometry":{"type":"Point","coordinates":[6.8920485,50.8191869]},"properties":{"maxweight":"2.5"}},{"type":"Feature","geometry":{"type":"Point","coordinates":[6.9496303,50.9372234]},"properties":{"maxheight":"2.08"}},{"type":"Feature","geometry":{"type":"Point","coordinates":[6.4751678,50.5295758]},"properties":{"maxheight":"3"}},{"type":"Feature","geometry":{"type":"Point","coordinates":[6.9477556,50.9546933]},"properties":{"maxheight":"3.6"}},{"type":"Feature","geometry":{"type":"Point","coordinates":[6.868927,50.9256013]},"properties":{"hgv":"destination"}},{"type":"Feature","geometry":{"type":"Point","coordinates":[6.5534354,50.9526758]},"properties":{"maxheight":"default"}},{"type":"Feature","geometry":{"type":"Point","coordinates":[6.9728598,50.82694]},"properties":{"maxheight":"4"}},{"type":"Feature","geometry":{"type":"Point","coordinates":[6.0632645,50.8414484]},"properties":{"maxweight":"3.5"}},{"type":"Feature","geometry":{"type":"Point","coordinates":[6.50087,50.0217182]},"properties":{"maxweight":"12"}},{"type":"Feature","geometry":{"type":"Point","coordinates":[6.4661043,50.2525448]},"properties":{"maxheight":"default"}},{"type":"Feature","geometry":{"type":"Point","coordinates":[6.8984471,50.9632215]},"properties":{"maxheight":"3.1"}},{"type":"Feature","geometry":{"type":"Point","coordinates":[6.2495387,50.598733]},"properties":{"maxweight":"12"}},{"type":"Feature","geometry":{"type":"Point","coordinates":[6.9736455,50.2181199]},"properties":{"hgv":"no"}},{"type":"Feature","geometry":{"type":"Point","coordinates":[6.9536295,50.9352168]},"properties":{"maxheight":"2"}},{"type":"Feature","geometry":{"type":"Point","coordinates":[6.8804049,50.1005739]},"properties":{"maxheight":"3.2"}},{"type":"Feature","geometry":{"type":"Point","coordinates":[6.8791609,50.0968787]},"properties":{"hgv":"agricultural"}},{"type":"Feature","geometry":{"type":"Point","coordinates":[6.9770673,50.8182965]},"properties":{"hgv":"no","goods":"no"}},{"type":"Feature","geometry":{"type":"Point","coordinates":[6.855222,50.7459341]},"properties":{"hgv":"no"}},{"type":"Feature","geometry":{"type":"Point","coordinates":[6.3529755,50.9199256]},"properties":{"maxheight":"2.3"}},{"type":"Feature","geometry":{"type":"Point","coordinates":[6.0691077,50.7766609]},"properties":{"maxweight":"3.5"}},{"type":"Feature","geometry":{"type":"Point","coordinates":[6.5568727,50.4208953]},"properties":{"maxweightrating":"7.5"}},{"type":"Feature","geometry":{"type":"Point","coordinates":[6.5577382,50.4199453]},"properties":{"maxweightrating":"7.5"}},{"type":"Feature","geometry":{"type":"Point","coordinates":[6.9433974,50.8035399]},"properties":{"maxweight":"2.5"}},{"type":"Feature","geometry":{"type":"Point","coordinates":[6.8431881,50.9236561]},"properties":{"maxheight":"default"}},{"type":"Feature","geometry":{"type":"Point","coordinates":[6.2404166,50.552024]},"properties":{"maxweight":"3.5"}},{"type":"Feature","geometry":{"type":"Point","coordinates":[6.9872752,50.8175997]},"properties":{"hgv":"no"}},{"type":"Feature","geometry":{"type":"Point","coordinates":[6.9937158,50.9371305]},"properties":{"maxheight":"3.5"}},{"type":"Feature","geometry":{"type":"Point","coordinates":[6.9703893,50.814045]},"properties":{"maxheight":"2"}},{"type":"Feature","geometry":{"type":"Point","coordinates":[6.9705342,50.8141564]},"properties":{"maxheight":"2"}},{"type":"Feature","geometry":{"type":"Point","coordinates":[6.9701082,50.8138007]},"properties":{"maxheight":"2"}},{"type":"Feature","geometry":{"type":"Point","coordinates":[6.0970704,50.7623071]},"properties":{"maxweight":"3.5"}},{"type":"Feature","geometry":{"type":"Point","coordinates":[6.9832842,50.8254681]},"properties":{"hgv":"delivery"}},{"type":"Feature","geometry":{"type":"Point","coordinates":[6.8595645,50.3944698]},"properties":{"maxweight":"5.5"}},{"type":"Feature","geometry":{"type":"Point","coordinates":[6.8588329,50.3937349]},"properties":{"maxweight":"5.5"}},{"type":"Feature","geometry":{"type":"Point","coordinates":[6.9710139,50.8314326]},"properties":{"maxheight":"4"}},{"type":"Feature","geometry":{"type":"Point","coordinates":[6.0819489,50.7637934]},"properties":{"maxweight":"7.5"}},{"type":"Feature","geometry":{"type":"Point","coordinates":[6.0817695,50.7637267]},"properties":{"maxweight":"7.5"}},{"type":"Feature","geometry":{"type":"Point","coordinates":[6.0816734,50.7640847]},"properties":{"maxweight":"7.5"}},{"type":"Feature","geometry":{"type":"Point","coordinates":[6.9468607,50.9385915]},"properties":{"maxheight":"3.1"}},{"type":"Feature","geometry":{"type":"Point","coordinates":[6.9704183,50.8636812]},"properties":{"maxheight":"2.2"}},{"type":"Feature","geometry":{"type":"Point","coordinates":[6.5160192,50.7589128]},"properties":{"hgv":"destination"}},{"type":"Feature","geometry":{"type":"Point","coordinates":[6.8696287,50.8698431]},"properties":{"hgv":"no"}},{"type":"Feature","geometry":{"type":"Point","coordinates":[6.8741069,50.8647172]},"properties":{"hgv":"no"}},{"type":"Feature","geometry":{"type":"Point","coordinates":[6.8123002,50.7510823]},"properties":{"hgv":"no"}},{"type":"Feature","geometry":{"type":"Point","coordinates":[6.8476256,50.9159173]},"properties":{"maxheight":"2"}},{"type":"Feature","geometry":{"type":"Point","coordinates":[6.9623193,50.933849]},"properties":{"maxweight":"9"}},{"type":"Feature","geometry":{"type":"Point","coordinates":[6.9623101,50.9339908]},"properties":{"maxweight":"9"}},{"type":"Feature","geometry":{"type":"Point","coordinates":[6.8126541,50.7517298]},"properties":{"hgv":"no"}},{"type":"Feature","geometry":{"type":"Point","coordinates":[6.7625682,50.5481145]},"properties":{"hgv":"no"}},{"type":"Feature","geometry":{"type":"Point","coordinates":[6.7636669,50.5478528]},"properties":{"hgv":"no"}},{"type":"Feature","geometry":{"type":"Point","coordinates":[6.762378,50.5511269]},"properties":{"hgv":"no"}},{"type":"Feature","geometry":{"type":"Point","coordinates":[6.9806922,50.9305796]},"properties":{"maxheight":"default"}},{"type":"Feature","geometry":{"type":"Point","coordinates":[6.9718224,50.9310677]},"properties":{"maxheight":"default"}},{"type":"Feature","geometry":{"type":"Point","coordinates":[6.7610142,50.5533153]},"properties":{"maxheight":"2.90","maxweight":"2.50"}},{"type":"Feature","geometry":{"type":"Point","coordinates":[6.763118,50.5520589]},"properties":{"maxheight":"3.4","maxwidth":"3.0"}},{"type":"Feature","geometry":{"type":"Point","coordinates":[6.8925874,50.5019765]},"properties":{"maxweight":"12"}},{"type":"Feature","geometry":{"type":"Point","coordinates":[6.1948199,50.7125795]},"properties":{"maxheight":"2.7"}},{"type":"Feature","geometry":{"type":"Point","coordinates":[6.5666635,50.9341299]},"properties":{"maxweight":"2.8"}},{"type":"Feature","geometry":{"type":"Point","coordinates":[6.5645585,50.9314278]},"properties":{"maxweight":"2.8"}},{"type":"Feature","geometry":{"type":"Point","coordinates":[6.0772924,50.8523643]},"properties":{"hgv":"no"}},{"type":"Feature","geometry":{"type":"Point","coordinates":[6.1029475,50.845113]},"properties":{"hgv":"destination"}},{"type":"Feature","geometry":{"type":"Point","coordinates":[6.9852879,50.1960368]},"properties":{"maxweight":"16"}},{"type":"Feature","geometry":{"type":"Point","coordinates":[6.0766626,50.8516178]},"properties":{"maxheight":"default"}},{"type":"Feature","geometry":{"type":"Point","coordinates":[6.9561611,50.945155]},"properties":{"maxheight":"3.1"}},{"type":"Feature","geometry":{"type":"Point","coordinates":[6.9275411,50.9008365]},"properties":{"hgv":"destination"}},{"type":"Feature","geometry":{"type":"Point","coordinates":[6.9646353,50.8845432]},"properties":{"maxheight":"default"}},{"type":"Feature","geometry":{"type":"Point","coordinates":[6.8527831,50.9405322]},"properties":{"hgv":"destination"}},{"type":"Feature","geometry":{"type":"Point","coordinates":[6.065296,50.7706383]},"properties":{"maxheight":"3.5"}},{"type":"Feature","geometry":{"type":"Point","coordinates":[6.065228,50.7704981]},"properties":{"maxheight":"3.5"}},{"type":"Feature","geometry":{"type":"Point","coordinates":[6.0704178,50.7699404]},"properties":{"maxheight":"default"}},{"type":"Feature","geometry":{"type":"Point","coordinates":[6.8758826,50.921394]},"properties":{"maxweight":"16"}},{"type":"Feature","geometry":{"type":"Point","coordinates":[6.8760145,50.9211371]},"properties":{"maxweight":"16"}},{"type":"Feature","geometry":{"type":"Point","coordinates":[6.3654528,50.6723841]},"properties":{"hgv":"destination"}},{"type":"Feature","geometry":{"type":"Point","coordinates":[6.9999272,50.9651786]},"properties":{"maxheight":"below_default"}},{"type":"Feature","geometry":{"type":"Point","coordinates":[6.7347024,50.6843345]},"properties":{"maxweight":"12"}},{"type":"Feature","geometry":{"type":"Point","coordinates":[6.7282086,50.6818587]},"properties":{"maxweight":"60"}},{"type":"Feature","geometry":{"type":"Point","coordinates":[6.7186665,50.672549]},"properties":{"maxweight":"30"}},{"type":"Feature","geometry":{"type":"Point","coordinates":[6.7375769,50.687306]},"properties":{"maxweight":"16"}},{"type":"Feature","geometry":{"type":"Point","coordinates":[6.0714536,50.7815836]},"properties":{"maxheight":"2"}},{"type":"Feature","geometry":{"type":"Point","coordinates":[6.7100464,50.6665964]},"properties":{"maxweight":"30"}},{"type":"Feature","geometry":{"type":"Point","coordinates":[6.7635977,50.5630818]},"properties":{"hgv":"no"}},{"type":"Feature","geometry":{"type":"Point","coordinates":[6.0585117,50.7699927]},"properties":{"maxheight":"2.25"}},{"type":"Feature","geometry":{"type":"Point","coordinates":[6.0805767,50.7751623]},"properties":{"maxheight":"3.5"}},{"type":"Feature","geometry":{"type":"Point","coordinates":[6.9833221,50.9448952]},"properties":{"maxheight":"default"}},{"type":"Feature","geometry":{"type":"Point","coordinates":[6.902703,50.9006505]},"properties":{"maxheight":"3.6"}},{"type":"Feature","geometry":{"type":"Point","coordinates":[6.9528669,50.9357629]},"properties":{"maxheight":"3.8"}},{"type":"Feature","geometry":{"type":"Point","coordinates":[6.9525623,50.9363699]},"properties":{"maxheight":"3.8"}},{"type":"Feature","geometry":{"type":"Point","coordinates":[6.7650941,50.5571268]},"properties":{"maxheight":"3.30","maxwidth":"2.90"}},{"type":"Feature","geometry":{"type":"Point","coordinates":[6.9796705,50.9405227]},"properties":{"maxheight":"3.1"}},{"type":"Feature","geometry":{"type":"Point","coordinates":[6.7642553,50.5571196]},"properties":{"hgv":"no","maxheight":"3.0","maxwidth":"2.9","maxweightrating:hgv":"3.5"}},{"type":"Feature","geometry":{"type":"Point","coordinates":[6.7642892,50.5568191]},"properties":{"hgv":"no"}},{"type":"Feature","geometry":{"type":"Point","coordinates":[6.1766788,50.7826564]},"properties":{"hgv":"yes"}},{"type":"Feature","geometry":{"type":"Point","coordinates":[6.1745127,50.7853562]},"properties":{"hgv":"yes"}},{"type":"Feature","geometry":{"type":"Point","coordinates":[6.1739236,50.7685355]},"properties":{"hgv":"yes"}},{"type":"Feature","geometry":{"type":"Point","coordinates":[6.1734309,50.7687506]},"properties":{"hgv":"yes"}},{"type":"Feature","geometry":{"type":"Point","coordinates":[6.9702281,50.9162681]},"properties":{"maxheight":"default"}},{"type":"Feature","geometry":{"type":"Point","coordinates":[6.9710797,50.9151487]},"properties":{"maxheight":"default"}},{"type":"Feature","geometry":{"type":"Point","coordinates":[6.9321704,50.9628953]},"properties":{"maxheight":"4"}},{"type":"Feature","geometry":{"type":"Point","coordinates":[6.9954897,50.8876095]},"properties":{"hgv":"permit"}},{"type":"Feature","geometry":{"type":"Point","coordinates":[6.9551365,50.929097]},"properties":{"maxheight":"4"}},{"type":"Feature","geometry":{"type":"Point","coordinates":[6.8754758,50.9469989]},"properties":{"maxheight":"default"}},{"type":"Feature","geometry":{"type":"Point","coordinates":[6.8749045,50.9467914]},"properties":{"maxheight":"default"}},{"type":"Feature","geometry":{"type":"Point","coordinates":[6.8767717,50.9466894]},"properties":{"maxheight":"default"}},{"type":"Feature","geometry":{"type":"Point","coordinates":[6.9952578,50.8942335]},"properties":{"hgv":"destination"}},{"type":"Feature","geometry":{"type":"Point","coordinates":[6.8951676,50.8099059]},"properties":{"goods":"delivery"}},{"type":"Feature","geometry":{"type":"Point","coordinates":[6.8951109,50.8096556]},"properties":{"goods":"delivery"}},{"type":"Feature","geometry":{"type":"Point","coordinates":[6.9880288,50.8947505]},"properties":{"maxweight":"12"}},{"type":"Feature","geometry":{"type":"Point","coordinates":[6.9277909,50.9776886]},"properties":{"maxheight":"3.4"}},{"type":"Feature","geometry":{"type":"Point","coordinates":[6.0864736,50.7747265]},"properties":{"maxheight":"2"}},{"type":"Feature","geometry":{"type":"Point","coordinates":[6.0864892,50.7747862]},"properties":{"maxheight":"2"}},{"type":"Feature","geometry":{"type":"Point","coordinates":[6.086504,50.7746427]},"properties":{"maxheight":"2"}},{"type":"Feature","geometry":{"type":"Point","coordinates":[6.0864418,50.7746569]},"properties":{"maxheight":"2"}},{"type":"Feature","geometry":{"type":"Point","coordinates":[6.8988973,50.9653516]},"properties":{"hgv":"destination"}},{"type":"Feature","geometry":{"type":"Point","coordinates":[6.9270119,50.9610114]},"properties":{"maxheight":"default"}},{"type":"Feature","geometry":{"type":"Point","coordinates":[6.9661819,50.8872427]},"properties":{"hgv":"no","maxweightrating:hgv":"3.5"}},{"type":"Feature","geometry":{"type":"Point","coordinates":[6.8813232,50.7974574]},"properties":{"maxweight":"3.5"}},{"type":"Feature","geometry":{"type":"Point","coordinates":[6.416405,50.8894987]},"properties":{"maxweight":"5.5"}},{"type":"Feature","geometry":{"type":"Point","coordinates":[6.8081637,50.7752217]},"properties":{"maxweight":"2"}},{"type":"Feature","geometry":{"type":"Point","coordinates":[6.1790267,50.2184225]},"properties":{"hgv":"no","maxweight":"5.5"}},{"type":"Feature","geometry":{"type":"Point","coordinates":[6.9279906,50.9439392]},"properties":{"maxweight":"2.5"}},{"type":"Feature","geometry":{"type":"Point","coordinates":[6.9286105,50.9439734]},"properties":{"maxweight":"2.5"}},{"type":"Feature","geometry":{"type":"Point","coordinates":[6.9285268,50.9440375]},"properties":{"maxweight":"2.5"}},{"type":"Feature","geometry":{"type":"Point","coordinates":[6.928627,50.944178]},"properties":{"maxweight":"2.5"}},{"type":"Feature","geometry":{"type":"Point","coordinates":[6.8004329,50.7412686]},"properties":{"hgv":"no"}},{"type":"Feature","geometry":{"type":"Point","coordinates":[6.7990342,50.7415888]},"properties":{"hgv":"no"}},{"type":"Feature","geometry":{"type":"Point","coordinates":[6.8014937,50.7419122]},"properties":{"hgv":"no"}},{"type":"Feature","geometry":{"type":"Point","coordinates":[6.8001915,50.7423324]},"properties":{"hgv":"no"}},{"type":"Feature","geometry":{"type":"Point","coordinates":[6.7998084,50.742032]},"properties":{"hgv":"designated"}},{"type":"Feature","geometry":{"type":"Point","coordinates":[6.8015515,50.7423268]},"properties":{"hgv":"designated"}},{"type":"Feature","geometry":{"type":"Point","coordinates":[6.8008082,50.7415202]},"properties":{"hgv":"no"}},{"type":"Feature","geometry":{"type":"Point","coordinates":[6.4546823,50.2683822]},"properties":{"hgv":"yes","maxheight":"none"}},{"type":"Feature","geometry":{"type":"Point","coordinates":[6.9532218,50.9276829]},"properties":{"hgv":"destination"}},{"type":"Feature","geometry":{"type":"Point","coordinates":[6.9575181,50.9291409]},"properties":{"maxheight":"4"}},{"type":"Feature","geometry":{"type":"Point","coordinates":[6.9565589,50.9289255]},"properties":{"maxheight":"4"}},{"type":"Feature","geometry":{"type":"Point","coordinates":[6.9558435,50.9291573]},"properties":{"maxheight":"default"}},{"type":"Feature","geometry":{"type":"Point","coordinates":[6.9562236,50.9280234]},"properties":{"maxheight":"default"}},{"type":"Feature","geometry":{"type":"Point","coordinates":[6.9609181,50.9294206]},"properties":{"maxheight":"3.1"}},{"type":"Feature","geometry":{"type":"Point","coordinates":[6.9348333,50.900504]},"properties":{"hgv":"destination"}},{"type":"Feature","geometry":{"type":"Point","coordinates":[6.0636196,50.7967816]},"properties":{"maxheight":"3.05"}},{"type":"Feature","geometry":{"type":"Point","coordinates":[6.9277812,50.9599865]},"properties":{"maxheight":"4"}},{"type":"Feature","geometry":{"type":"Point","coordinates":[6.7999262,50.7420124]},"properties":{"hgv":"no"}},{"type":"Feature","geometry":{"type":"Point","coordinates":[6.1161708,50.9206076]},"properties":{"hgv":"delivery"}},{"type":"Feature","geometry":{"type":"Point","coordinates":[6.1147767,50.9208632]},"properties":{"hgv":"delivery"}},{"type":"Feature","geometry":{"type":"Point","coordinates":[6.9672729,50.957657]},"properties":{"maxheight":"default"}},{"type":"Feature","geometry":{"type":"Point","coordinates":[6.9709395,50.9572467]},"properties":{"maxweight":"30"}},{"type":"Feature","geometry":{"type":"Point","coordinates":[6.9728563,50.9568863]},"properties":{"maxweight":"30"}},{"type":"Feature","geometry":{"type":"Point","coordinates":[6.8943438,50.1881865]},"properties":{"maxheight":"default"}},{"type":"Feature","geometry":{"type":"Point","coordinates":[6.3312898,50.0606379]},"properties":{"hgv":"no"}},{"type":"Feature","geometry":{"type":"Point","coordinates":[6.9577072,50.9571596]},"properties":{"maxweightrating:hgv":"7.5"}},{"type":"Feature","geometry":{"type":"Point","coordinates":[6.9565086,50.9594618]},"properties":{"maxheight":"3.4"}},{"type":"Feature","geometry":{"type":"Point","coordinates":[6.2463701,50.8230989]},"properties":{"maxheight":"3.3"}},{"type":"Feature","geometry":{"type":"Point","coordinates":[6.9095953,50.9820662]},"properties":{"maxheight":"default"}},{"type":"Feature","geometry":{"type":"Point","coordinates":[6.9629831,50.9359689]},"properties":{"maxheight":"default"}},{"type":"Feature","geometry":{"type":"Point","coordinates":[6.9627235,50.939096]},"properties":{"maxheight":"default"}},{"type":"Feature","geometry":{"type":"Point","coordinates":[6.9773693,50.9690464]},"properties":{"maxheight":"below_default"}},{"type":"Feature","geometry":{"type":"Point","coordinates":[6.9596025,50.972563]},"properties":{"maxheight":"default"}},{"type":"Feature","geometry":{"type":"Point","coordinates":[6.9680184,50.9818946]},"properties":{"maxheight":"default"}},{"type":"Feature","geometry":{"type":"Point","coordinates":[6.9682208,50.9819054]},"properties":{"hgv":"delivery","maxheight":"default"}},{"type":"Feature","geometry":{"type":"Point","coordinates":[6.9674802,50.9818182]},"properties":{"hgv":"no","maxheight":"default"}},{"type":"Feature","geometry":{"type":"Point","coordinates":[6.9452818,50.9713681]},"properties":{"maxheight":"3.7"}},{"type":"Feature","geometry":{"type":"Point","coordinates":[6.9448558,50.9712509]},"properties":{"maxheight":"3.7"}},{"type":"Feature","geometry":{"type":"Point","coordinates":[6.9807519,50.9644927]},"properties":{"hgv":"destination"}},{"type":"Feature","geometry":{"type":"Point","coordinates":[6.913502,50.9963594]},"properties":{"hgv":"destination"}},{"type":"Feature","geometry":{"type":"Point","coordinates":[6.6564458,50.6087561]},"properties":{"hgv":"destination"}},{"type":"Feature","geometry":{"type":"Point","coordinates":[6.9241302,50.9145509]},"properties":{"maxheight":"3.85"}},{"type":"Feature","geometry":{"type":"Point","coordinates":[6.9245474,50.9150706]},"properties":{"maxheight":"3.85"}},{"type":"Feature","geometry":{"type":"Point","coordinates":[6.9254082,50.9140245]},"properties":{"maxheight":"below_default"}},{"type":"Feature","geometry":{"type":"Point","coordinates":[6.9257414,50.9145557]},"properties":{"maxheight":"below_default"}},{"type":"Feature","geometry":{"type":"Point","coordinates":[6.896038,50.9837164]},"properties":{"maxheight":"2.30"}},{"type":"Feature","geometry":{"type":"Point","coordinates":[6.8958283,50.9833245]},"properties":{"maxheight":"2.30"}},{"type":"Feature","geometry":{"type":"Point","coordinates":[6.8975137,50.9838731]},"properties":{"maxheight":"2.3"}},{"type":"Feature","geometry":{"type":"Point","coordinates":[6.8974378,50.9838761]},"properties":{"maxheight":"2.3"}},{"type":"Feature","geometry":{"type":"Point","coordinates":[6.8440108,50.7867768]},"properties":{"hgv":"designated"}},{"type":"Feature","geometry":{"type":"Point","coordinates":[6.8457739,50.7870708]},"properties":{"hgv":"designated"}},{"type":"Feature","geometry":{"type":"Point","coordinates":[6.6745802,50.488105]},"properties":{"hgv":"designated"}},{"type":"Feature","geometry":{"type":"Point","coordinates":[6.6742394,50.4898047]},"properties":{"hgv":"designated"}},{"type":"Feature","geometry":{"type":"Point","coordinates":[6.8753963,50.9465148]},"properties":{"maxheight":"default"}},{"type":"Feature","geometry":{"type":"Point","coordinates":[6.8797538,50.940717]},"properties":{"hgv":"no"}},{"type":"Feature","geometry":{"type":"Point","coordinates":[6.8828446,50.9460607]},"properties":{"maxweight":"3"}},{"type":"Feature","geometry":{"type":"Point","coordinates":[6.9624134,50.9432353]},"properties":{"maxweight":"44"}},{"type":"Feature","geometry":{"type":"Point","coordinates":[6.8812469,50.9423724]},"properties":{"maxheight":"default"}},{"type":"Feature","geometry":{"type":"Point","coordinates":[6.8666918,50.9626492]},"properties":{"maxheight":"default"}},{"type":"Feature","geometry":{"type":"Point","coordinates":[6.9667773,50.958847]},"properties":{"maxweight":"30"}},{"type":"Feature","geometry":{"type":"Point","coordinates":[6.9841329,50.9334941]},"properties":{"maxheight":"default"}},{"type":"Feature","geometry":{"type":"Point","coordinates":[6.8966892,50.9627897]},"properties":{"maxheight":"3.1"}},{"type":"Feature","geometry":{"type":"Point","coordinates":[6.8927638,50.9383546]},"properties":{"hgv":"destination"}},{"type":"Feature","geometry":{"type":"Point","coordinates":[6.600805,50.9672927]},"properties":{"hgv":"destination"}},{"type":"Feature","geometry":{"type":"Point","coordinates":[6.5910179,50.9735031]},"properties":{"hgv":"destination"}},{"type":"Feature","geometry":{"type":"Point","coordinates":[6.0745291,50.7523926]},"properties":{"maxheight":"1.95"}},{"type":"Feature","geometry":{"type":"Point","coordinates":[6.9149516,50.0462388]},"properties":{"maxheight":"none"}},{"type":"Feature","geometry":{"type":"Point","coordinates":[6.7100796,50.6084872]},"properties":{"hgv":"designated"}},{"type":"Feature","geometry":{"type":"Point","coordinates":[6.7103173,50.6067923]},"properties":{"hgv":"designated"}},{"type":"Feature","geometry":{"type":"Point","coordinates":[6.6556966,50.5920271]},"properties":{"hgv":"destination"}},{"type":"Feature","geometry":{"type":"Point","coordinates":[6.8947881,50.934545]},"properties":{"hgv":"destination"}},{"type":"Feature","geometry":{"type":"Point","coordinates":[6.9402603,50.7511929]},"properties":{"hgv":"agricultural"}},{"type":"Feature","geometry":{"type":"Point","coordinates":[6.9784501,50.930659]},"properties":{"maxheight":"default"}},{"type":"Feature","geometry":{"type":"Point","coordinates":[6.0739702,50.7710972]},"properties":{"maxheight":"5"}},{"type":"Feature","geometry":{"type":"Point","coordinates":[6.9389801,50.9224547]},"properties":{"maxheight":"2"}},{"type":"Feature","geometry":{"type":"Point","coordinates":[6.9397076,50.9220843]},"properties":{"maxheight":"2"}},{"type":"Feature","geometry":{"type":"Point","coordinates":[6.9212048,50.9579344]},"properties":{"hgv":"destination"}},{"type":"Feature","geometry":{"type":"Point","coordinates":[6.9167555,50.9603285]},"properties":{"maxheight":"below_default"}},{"type":"Feature","geometry":{"type":"Point","coordinates":[6.8794408,50.8328916]},"properties":{"maxheight":"4"}},{"type":"Feature","geometry":{"type":"Point","coordinates":[6.9898667,50.9461214]},"properties":{"maxheight":"default"}},{"type":"Feature","geometry":{"type":"Point","coordinates":[6.8974725,50.9469987]},"properties":{"maxheight":"4"}},{"type":"Feature","geometry":{"type":"Point","coordinates":[6.9018862,50.9982711]},"properties":{"maxheight":"default"}},{"type":"Feature","geometry":{"type":"Point","coordinates":[6.9011691,50.9978698]},"properties":{"maxheight":"default"}},{"type":"Feature","geometry":{"type":"Point","coordinates":[6.7860389,50.0030035]},"properties":{"maxweight":"1.5"}},{"type":"Feature","geometry":{"type":"Point","coordinates":[6.414843,50.2355144]},"properties":{"maxweight":"16"}},{"type":"Feature","geometry":{"type":"Point","coordinates":[6.9794059,50.9303268]},"properties":{"maxheight":"4"}},{"type":"Feature","geometry":{"type":"Point","coordinates":[6.845398,50.9267312]},"properties":{"maxheight":"default"}},{"type":"Feature","geometry":{"type":"Point","coordinates":[6.8486768,50.9251148]},"properties":{"maxheight":"default"}},{"type":"Feature","geometry":{"type":"Point","coordinates":[6.9686691,50.9557921]},"properties":{"maxweightrating:hgv":"7.5"}},{"type":"Feature","geometry":{"type":"Point","coordinates":[6.9801902,50.9327751]},"properties":{"maxheight":"3.1"}},{"type":"Feature","geometry":{"type":"Point","coordinates":[6.7823378,50.9602435]},"properties":{"maxheight":"3.00"}},{"type":"Feature","geometry":{"type":"Point","coordinates":[6.4304535,50.2006613]},"properties":{"maxweight":"7.5"}},{"type":"Feature","geometry":{"type":"Point","coordinates":[6.0594388,50.771569]},"properties":{"maxheight":"2.4","maxwidth":"2.4"}},{"type":"Feature","geometry":{"type":"Point","coordinates":[6.6927185,50.8987508]},"properties":{"maxheight":"default"}},{"type":"Feature","geometry":{"type":"Point","coordinates":[6.7610811,50.5533723]},"properties":{"maxheight":"2.9","maxwidth":"2.5"}},{"type":"Feature","geometry":{"type":"Point","coordinates":[6.9082255,50.9945167]},"properties":{"hgv":"destination"}},{"type":"Feature","geometry":{"type":"Point","coordinates":[6.9108127,50.995593]},"properties":{"hgv":"destination"}},{"type":"Feature","geometry":{"type":"Point","coordinates":[6.9692802,50.1152504]},"properties":{"hgv":"no","goods":"no"}},{"type":"Feature","geometry":{"type":"Point","coordinates":[6.9950409,50.8164486]},"properties":{"hgv":"delivery"}},{"type":"Feature","geometry":{"type":"Point","coordinates":[6.9720077,50.8315201]},"properties":{"maxheight":"3.9"}},{"type":"Feature","geometry":{"type":"Point","coordinates":[6.9771661,50.8102346]},"properties":{"goods":"yes"}},{"type":"Feature","geometry":{"type":"Point","coordinates":[6.9412999,50.958433]},"properties":{"maxheight":"3.6"}},{"type":"Feature","geometry":{"type":"Point","coordinates":[6.7186162,50.6392619]},"properties":{"maxwidth":"2.6"}},{"type":"Feature","geometry":{"type":"Point","coordinates":[6.7185285,50.6391612]},"properties":{"maxwidth":"2.6"}},{"type":"Feature","geometry":{"type":"Point","coordinates":[6.9955952,50.9175742]},"properties":{"maxweight":"4"}},{"type":"Feature","geometry":{"type":"Point","coordinates":[6.9951066,50.9171088]},"properties":{"maxweight":"4"}},{"type":"Feature","geometry":{"type":"Point","coordinates":[6.996638,50.9181803]},"properties":{"maxheight":"3.9","maxweight":"4"}},{"type":"Feature","geometry":{"type":"Point","coordinates":[6.9961114,50.9178678]},"properties":{"maxweight":"4"}},{"type":"Feature","geometry":{"type":"Point","coordinates":[6.9382142,50.9354796]},"properties":{"maxheight":"1.95"}},{"type":"Feature","geometry":{"type":"Point","coordinates":[6.9376579,50.9358436]},"properties":{"maxheight":"3.8"}},{"type":"Feature","geometry":{"type":"Point","coordinates":[6.9958919,50.8156246]},"properties":{"hgv":"delivery"}},{"type":"Feature","geometry":{"type":"Point","coordinates":[6.99635,50.8159141]},"properties":{"hgv":"delivery"}},{"type":"Feature","geometry":{"type":"Point","coordinates":[6.9955191,50.8157997]},"properties":{"hgv":"delivery"}},{"type":"Feature","geometry":{"type":"Point","coordinates":[6.9418794,50.9583196]},"properties":{"hgv":"no"}},{"type":"Feature","geometry":{"type":"Point","coordinates":[6.943019,50.9571081]},"properties":{"hgv":"no"}},{"type":"Feature","geometry":{"type":"Point","coordinates":[6.0917405,50.7606913]},"properties":{"hgv":"no"}},{"type":"Feature","geometry":{"type":"Point","coordinates":[6.0918659,50.7605761]},"properties":{"hgv":"no"}},{"type":"Feature","geometry":{"type":"Point","coordinates":[6.0916517,50.7606518]},"properties":{"hgv":"no"}},{"type":"Feature","geometry":{"type":"Point","coordinates":[6.0919631,50.7606174]},"properties":{"hgv":"no"}},{"type":"Feature","geometry":{"type":"Point","coordinates":[6.0920953,50.7608873]},"properties":{"hgv":"no"}},{"type":"Feature","geometry":{"type":"Point","coordinates":[6.7956734,50.6799463]},"properties":{"hgv":"destination"}},{"type":"Feature","geometry":{"type":"Point","coordinates":[6.9278462,50.9597046]},"properties":{"maxheight":"4"}},{"type":"Feature","geometry":{"type":"Point","coordinates":[6.9818853,50.8269368]},"properties":{"hgv":"delivery"}},{"type":"Feature","geometry":{"type":"Point","coordinates":[6.9810773,50.8278191]},"properties":{"hgv":"delivery"}},{"type":"Feature","geometry":{"type":"Point","coordinates":[6.8262946,50.6780093]},"properties":{"hgv":"destination"}},{"type":"Feature","geometry":{"type":"Point","coordinates":[6.8061124,50.6610805]},"properties":{"hgv":"delivery","maxweight":"7.5"}},{"type":"Feature","geometry":{"type":"Point","coordinates":[6.6680948,50.8654348]},"properties":{"hgv":"destination"}},{"type":"Feature","geometry":{"type":"Point","coordinates":[6.9239039,50.2870604]},"properties":{"maxweight":"7.5"}},{"type":"Feature","geometry":{"type":"Point","coordinates":[6.8185698,50.6476584]},"properties":{"hgv":"delivery","maxweight":"7.5"}},{"type":"Feature","geometry":{"type":"Point","coordinates":[6.7782195,50.6677958]},"properties":{"hgv":"no"}},{"type":"Feature","geometry":{"type":"Point","coordinates":[6.9445207,50.9476797]},"properties":{"maxheight":"2"}},{"type":"Feature","geometry":{"type":"Point","coordinates":[6.6378071,50.5914658]},"properties":{"maxheight":"default"}},{"type":"Feature","geometry":{"type":"Point","coordinates":[6.8128142,50.6625293]},"properties":{"hgv":"no"}},{"type":"Feature","geometry":{"type":"Point","coordinates":[6.0725008,50.953827]},"properties":{"maxweight":"3.5"}},{"type":"Feature","geometry":{"type":"Point","coordinates":[6.7900054,50.6621108]},"properties":{"maxheight":"2.1"}},{"type":"Feature","geometry":{"type":"Point","coordinates":[6.7017654,50.679619]},"properties":{"maxweight":"8 t"}},{"type":"Feature","geometry":{"type":"Point","coordinates":[6.2149815,50.786225]},"properties":{"hgv":"no"}},{"type":"Feature","geometry":{"type":"Point","coordinates":[6.808512,50.8176952]},"properties":{"maxheight":"default"}},{"type":"Feature","geometry":{"type":"Point","coordinates":[6.9609945,50.9848902]},"properties":{"hgv":"destination","maxheight":"default"}},{"type":"Feature","geometry":{"type":"Point","coordinates":[6.8122042,50.6625494]},"properties":{"hgv":"no"}},{"type":"Feature","geometry":{"type":"Point","coordinates":[6.9489459,50.9175619]},"properties":{"hgv":"no","maxheight":"4.1","maxweightrating:hgv":"7.5"}},{"type":"Feature","geometry":{"type":"Point","coordinates":[6.8998455,50.8271464]},"properties":{"hgv":"delivery","goods":"delivery"}},{"type":"Feature","geometry":{"type":"Point","coordinates":[6.8999369,50.8269822]},"properties":{"hgv":"delivery","goods":"delivery"}},{"type":"Feature","geometry":{"type":"Point","coordinates":[6.8996921,50.8275422]},"properties":{"hgv":"delivery","goods":"delivery"}},{"type":"Feature","geometry":{"type":"Point","coordinates":[6.6958908,50.8936239]},"properties":{"maxheight":"default"}},{"type":"Feature","geometry":{"type":"Point","coordinates":[6.9666343,50.8325466]},"properties":{"hgv":"no"}},{"type":"Feature","geometry":{"type":"Point","coordinates":[6.5518066,50.736702]},"properties":{"hgv":"destination"}},{"type":"Feature","geometry":{"type":"Point","coordinates":[6.9654979,50.9235041]},"properties":{"hgv":"delivery","maxweightrating:hgv":"7.5"}},{"type":"Feature","geometry":{"type":"Point","coordinates":[6.2320292,50.7698982]},"properties":{"maxheight":"2.1"}},{"type":"Feature","geometry":{"type":"Point","coordinates":[6.6317892,50.8302462]},"properties":{"maxweight":"7"}},{"type":"Feature","geometry":{"type":"Point","coordinates":[6.9722015,50.9551268]},"properties":{"maxheight":"default"}},{"type":"Feature","geometry":{"type":"Point","coordinates":[6.9747302,50.9579916]},"properties":{"maxheight":"default"}},{"type":"Feature","geometry":{"type":"Point","coordinates":[6.4246149,50.2014379]},"properties":{"maxweight":"7.5"}},{"type":"Feature","geometry":{"type":"Point","coordinates":[6.3389618,50.1430685]},"properties":{"maxweight":"12"}},{"type":"Feature","geometry":{"type":"Point","coordinates":[6.4877062,50.7830336]},"properties":{"maxweight":"12"}},{"type":"Feature","geometry":{"type":"Point","coordinates":[6.9217533,50.8918779]},"properties":{"hgv":"no","maxheight":"3"}},{"type":"Feature","geometry":{"type":"Point","coordinates":[6.9223382,50.8918344]},"properties":{"hgv":"designated"}},{"type":"Feature","geometry":{"type":"Point","coordinates":[6.9236496,50.8896352]},"properties":{"hgv":"yes"}},{"type":"Feature","geometry":{"type":"Point","coordinates":[6.9488565,50.9172925]},"properties":{"maxweightrating:hgv":"7.5"}},{"type":"Feature","geometry":{"type":"Point","coordinates":[6.8093458,50.3518693]},"properties":{"maxweight":"2"}},{"type":"Feature","geometry":{"type":"Point","coordinates":[6.9628698,50.9357252]},"properties":{"maxheight":"default"}},{"type":"Feature","geometry":{"type":"Point","coordinates":[6.9542889,50.9326013]},"properties":{"maxweight":"5"}},{"type":"Feature","geometry":{"type":"Point","coordinates":[6.9542136,50.9324646]},"properties":{"maxheight":"2.8"}},{"type":"Feature","geometry":{"type":"Point","coordinates":[6.9586935,50.9324198]},"properties":{"maxweight":"9"}},{"type":"Feature","geometry":{"type":"Point","coordinates":[6.7977318,50.2074031]},"properties":{"maxwidth":"2.2","maxweight":"5.5"}},{"type":"Feature","geometry":{"type":"Point","coordinates":[6.1345034,50.0548979]},"properties":{"maxweightrating":"7.5"}},{"type":"Feature","geometry":{"type":"Point","coordinates":[6.6493659,50.4376035]},"properties":{"hgv":"no","maxheight":"3.2"}},{"type":"Feature","geometry":{"type":"Point","coordinates":[6.6504408,50.436363]},"properties":{"hgv":"no","maxheight":"3.2"}},{"type":"Feature","geometry":{"type":"Point","coordinates":[6.5392467,50.9535115]},"properties":{"maxheight":"default"}},{"type":"Feature","geometry":{"type":"Point","coordinates":[6.9598522,50.9415542]},"properties":{"maxheight":"4"}},{"type":"Feature","geometry":{"type":"Point","coordinates":[6.8678259,50.9901283]},"properties":{"maxheight":"4.0"}},{"type":"Feature","geometry":{"type":"Point","coordinates":[6.9990361,50.9492298]},"properties":{"maxheight":"3.2"}},{"type":"Feature","geometry":{"type":"Point","coordinates":[6.9597243,50.9411042]},"properties":{"maxheight":"default"}},{"type":"Feature","geometry":{"type":"Point","coordinates":[6.9936674,50.937032]},"properties":{"maxheight":"3.6"}},{"type":"Feature","geometry":{"type":"Point","coordinates":[6.9776846,50.8226266]},"properties":{"maxheight":"2"}},{"type":"Feature","geometry":{"type":"Point","coordinates":[6.978052,50.8231495]},"properties":{"maxheight":"2"}},{"type":"Feature","geometry":{"type":"Point","coordinates":[6.9773673,50.8231197]},"properties":{"maxweight":"2.5"}},{"type":"Feature","geometry":{"type":"Point","coordinates":[6.12848,50.04601]},"properties":{"hgv":"yes"}},{"type":"Feature","geometry":{"type":"Point","coordinates":[6.9768644,50.8229779]},"properties":{"maxweight":"2.5"}},{"type":"Feature","geometry":{"type":"Point","coordinates":[6.9773817,50.8230667]},"properties":{"maxweight":"2.5"}},{"type":"Feature","geometry":{"type":"Point","coordinates":[6.9769717,50.8231667]},"properties":{"maxweight":"2.5"}},{"type":"Feature","geometry":{"type":"Point","coordinates":[6.9770599,50.8231629]},"properties":{"maxweight":"2.5"}},{"type":"Feature","geometry":{"type":"Point","coordinates":[6.9456094,50.9398653]},"properties":{"maxheight":"1.90"}},{"type":"Feature","geometry":{"type":"Point","coordinates":[6.5213196,50.8382373]},"properties":{"hgv":"no"}},{"type":"Feature","geometry":{"type":"Point","coordinates":[6.8339923,50.0300327]},"properties":{"maxlength":"10"}},{"type":"Feature","geometry":{"type":"Point","coordinates":[6.9957538,50.6070293]},"properties":{"maxheight":"default"}},{"type":"Feature","geometry":{"type":"Point","coordinates":[6.6875583,50.89155]},"properties":{"maxheight":"default"}},{"type":"Feature","geometry":{"type":"Point","coordinates":[6.8656549,50.9707016]},"properties":{"hgv":"destination"}},{"type":"Feature","geometry":{"type":"Point","coordinates":[6.9180376,50.951468]},"properties":{"maxheight":"3.2"}},{"type":"Feature","geometry":{"type":"Point","coordinates":[6.9033546,50.837423]},"properties":{"maxheight":"3.9"}},{"type":"Feature","geometry":{"type":"Point","coordinates":[6.3566676,50.8967471]},"properties":{"maxweight":"6"}},{"type":"Feature","geometry":{"type":"Point","coordinates":[6.9417518,50.9400566]},"properties":{"maxheight":"2"}},{"type":"Feature","geometry":{"type":"Point","coordinates":[6.9426511,50.9398861]},"properties":{"maxheight":"2"}},{"type":"Feature","geometry":{"type":"Point","coordinates":[6.6611326,50.2233039]},"properties":{"maxheight":"1.8"}},{"type":"Feature","geometry":{"type":"Point","coordinates":[6.8003277,50.9586492]},"properties":{"maxheight":"2.6"}},{"type":"Feature","geometry":{"type":"Point","coordinates":[6.1246891,50.7658058]},"properties":{"maxheight":"3.8"}},{"type":"Feature","geometry":{"type":"Point","coordinates":[6.988196,50.9107316]},"properties":{"hgv":"destination"}},{"type":"Feature","geometry":{"type":"Point","coordinates":[6.9898664,50.9170217]},"properties":{"hgv":"delivery","maxheight":"3.8"}},{"type":"Feature","geometry":{"type":"Point","coordinates":[6.9931953,50.9150117]},"properties":{"hgv":"delivery"}},{"type":"Feature","geometry":{"type":"Point","coordinates":[6.9863313,50.9197705]},"properties":{"hgv":"delivery","maxheight":"3.8"}},{"type":"Feature","geometry":{"type":"Point","coordinates":[6.7874982,50.6597408]},"properties":{"maxheight":"3.2"}},{"type":"Feature","geometry":{"type":"Point","coordinates":[6.1656145,50.7763726]},"properties":{"maxweight":"9"}},{"type":"Feature","geometry":{"type":"Point","coordinates":[6.1658961,50.7764522]},"properties":{"maxweight":"9"}},{"type":"Feature","geometry":{"type":"Point","coordinates":[6.7335708,50.2489867]},"properties":{"maxheight":"3.40","maxwidth":"3"}},{"type":"Feature","geometry":{"type":"Point","coordinates":[6.5682769,50.7157873]},"properties":{"hgv":"destination"}},{"type":"Feature","geometry":{"type":"Point","coordinates":[6.9299798,50.13282]},"properties":{"hgv":"no","goods":"yes"}},{"type":"Feature","geometry":{"type":"Point","coordinates":[6.8289648,50.2303368]},"properties":{"maxwidth":"3","maxweight":"2"}},{"type":"Feature","geometry":{"type":"Point","coordinates":[6.9080894,50.1884559]},"properties":{"maxheight":"default"}},{"type":"Feature","geometry":{"type":"Point","coordinates":[6.6387353,50.2188102]},"properties":{"maxheight":"4"}},{"type":"Feature","geometry":{"type":"Point","coordinates":[6.6428401,50.2240296]},"properties":{"maxheight":"5.1"}},{"type":"Feature","geometry":{"type":"Point","coordinates":[6.9639379,50.9249289]},"properties":{"hgv":"destination"}},{"type":"Feature","geometry":{"type":"Point","coordinates":[6.9689507,50.9709976]},"properties":{"maxheight":"default"}},{"type":"Feature","geometry":{"type":"Point","coordinates":[6.950314,50.9309886]},"properties":{"maxweight":"5"}},{"type":"Feature","geometry":{"type":"Point","coordinates":[6.6838181,50.9011256]},"properties":{"hgv":"no"}},{"type":"Feature","geometry":{"type":"Point","coordinates":[6.6367819,50.4396636]},"properties":{"hgv":"destination"}},{"type":"Feature","geometry":{"type":"Point","coordinates":[6.0333038,50.7811319]},"properties":{"maxweight":"5"}},{"type":"Feature","geometry":{"type":"Point","coordinates":[6.9411105,50.9388445]},"properties":{"maxheight":"below_default"}},{"type":"Feature","geometry":{"type":"Point","coordinates":[6.4215846,50.8909533]},"properties":{"maxweight":"5.5"}},{"type":"Feature","geometry":{"type":"Point","coordinates":[6.1306153,50.7932509]},"properties":{"maxweight":"16"}},{"type":"Feature","geometry":{"type":"Point","coordinates":[6.1317761,50.7928178]},"properties":{"maxweight":"16"}},{"type":"Feature","geometry":{"type":"Point","coordinates":[6.6720108,50.9826071]},"properties":{"maxheight":"3.7"}},{"type":"Feature","geometry":{"type":"Point","coordinates":[6.8129911,50.986026]},"properties":{"maxweight":"6"}},{"type":"Feature","geometry":{"type":"Point","coordinates":[6.6769945,50.9952846]},"properties":{"maxheight":"default"}},{"type":"Feature","geometry":{"type":"Point","coordinates":[6.0845974,50.7826422]},"properties":{"maxheight":"3"}},{"type":"Feature","geometry":{"type":"Point","coordinates":[6.8021024,50.9859347]},"properties":{"maxheight":"none"}},{"type":"Feature","geometry":{"type":"Point","coordinates":[6.79966,50.9863792]},"properties":{"maxheight":"none"}},{"type":"Feature","geometry":{"type":"Point","coordinates":[6.7993195,50.9865191]},"properties":{"maxheight":"none"}},{"type":"Feature","geometry":{"type":"Point","coordinates":[6.7798867,50.9927872]},"properties":{"maxheight":"none"}},{"type":"Feature","geometry":{"type":"Point","coordinates":[6.6039285,50.9486208]},"properties":{"maxheight":"default"}},{"type":"Feature","geometry":{"type":"Point","coordinates":[6.6125077,50.9555572]},"properties":{"maxheight":"none"}},{"type":"Feature","geometry":{"type":"Point","coordinates":[6.6137687,50.9566007]},"properties":{"maxheight":"none"}},{"type":"Feature","geometry":{"type":"Point","coordinates":[6.6358623,50.9687367]},"properties":{"maxheight":"none"}},{"type":"Feature","geometry":{"type":"Point","coordinates":[6.6317309,50.9669756]},"properties":{"maxheight":"none"}},{"type":"Feature","geometry":{"type":"Point","coordinates":[6.6644458,50.9756252]},"properties":{"maxheight":"none"}},{"type":"Feature","geometry":{"type":"Point","coordinates":[6.4960506,50.8013551]},"properties":{"hgv":"delivery"}},{"type":"Feature","geometry":{"type":"Point","coordinates":[6.8056165,50.8255536]},"properties":{"hgv":"yes"}},{"type":"Feature","geometry":{"type":"Point","coordinates":[6.9728461,50.8454219]},"properties":{"hgv":"delivery"}},{"type":"Feature","geometry":{"type":"Point","coordinates":[6.9729066,50.8458738]},"properties":{"hgv":"delivery"}},{"type":"Feature","geometry":{"type":"Point","coordinates":[6.9656168,50.8478583]},"properties":{"maxheight":"4"}},{"type":"Feature","geometry":{"type":"Point","coordinates":[6.9724302,50.8457504]},"properties":{"hgv":"delivery"}},{"type":"Feature","geometry":{"type":"Point","coordinates":[6.9725981,50.8456686]},"properties":{"hgv":"delivery"}},{"type":"Feature","geometry":{"type":"Point","coordinates":[6.9724964,50.8458368]},"properties":{"hgv":"delivery"}},{"type":"Feature","geometry":{"type":"Point","coordinates":[6.9727197,50.8456509]},"properties":{"hgv":"delivery"}},{"type":"Feature","geometry":{"type":"Point","coordinates":[6.4825607,50.6904306]},"properties":{"maxheight":"3.9"}},{"type":"Feature","geometry":{"type":"Point","coordinates":[6.8554013,50.7488703]},"properties":{"hgv":"private"}},{"type":"Feature","geometry":{"type":"Point","coordinates":[6.8483448,50.7511322]},"properties":{"maxheight":"3.4"}},{"type":"Feature","geometry":{"type":"Point","coordinates":[6.8473541,50.7515017]},"properties":{"maxheight":"3.4"}},{"type":"Feature","geometry":{"type":"Point","coordinates":[6.3805713,50.8286649]},"properties":{"maxheight":"default"}},{"type":"Feature","geometry":{"type":"Point","coordinates":[6.9612036,50.9155844]},"properties":{"maxheight":"3.9"}},{"type":"Feature","geometry":{"type":"Point","coordinates":[6.8252869,50.7697982]},"properties":{"maxheight":"default"}},{"type":"Feature","geometry":{"type":"Point","coordinates":[6.0754268,50.7718451]},"properties":{"maxheight":"below_default"}},{"type":"Feature","geometry":{"type":"Point","coordinates":[6.6601645,50.5919195]},"properties":{"hgv":"delivery"}},{"type":"Feature","geometry":{"type":"Point","coordinates":[6.3684439,50.9266348]},"properties":{"maxheight":"3.6"}},{"type":"Feature","geometry":{"type":"Point","coordinates":[6.3017511,50.8401238]},"properties":{"maxwidth":"2"}},{"type":"Feature","geometry":{"type":"Point","coordinates":[6.9785806,50.9698445]},"properties":{"maxheight":"1.8"}},{"type":"Feature","geometry":{"type":"Point","coordinates":[6.9319321,50.7018245]},"properties":{"hgv":"destination"}},{"type":"Feature","geometry":{"type":"Point","coordinates":[6.9557199,50.9382214]},"properties":{"maxheight":"3.30"}},{"type":"Feature","geometry":{"type":"Point","coordinates":[6.5885008,50.243752]},"properties":{"maxweight":"12"}},{"type":"Feature","geometry":{"type":"Point","coordinates":[6.9658117,50.6230734]},"properties":{"maxheight":"default"}},{"type":"Feature","geometry":{"type":"Point","coordinates":[6.9443161,50.6274032]},"properties":{"maxheight":"default"}},{"type":"Feature","geometry":{"type":"Point","coordinates":[6.9481156,50.6253989]},"properties":{"maxheight":"below_default"}},{"type":"Feature","geometry":{"type":"Point","coordinates":[6.6262626,50.2864492]},"properties":{"hgv":"destination"}},{"type":"Feature","geometry":{"type":"Point","coordinates":[6.9486073,50.6269668]},"properties":{"maxheight":"4","maxweight":"16"}},{"type":"Feature","geometry":{"type":"Point","coordinates":[6.9449536,50.9674112]},"properties":{"maxheight":"2"}},{"type":"Feature","geometry":{"type":"Point","coordinates":[6.9742572,50.9559769]},"properties":{"maxheight":"default"}},{"type":"Feature","geometry":{"type":"Point","coordinates":[6.4708279,50.6365616]},"properties":{"maxweight":"3.5"}},{"type":"Feature","geometry":{"type":"Point","coordinates":[6.9367521,50.9471352]},"properties":{"maxlength":"10"}},{"type":"Feature","geometry":{"type":"Point","coordinates":[6.2314316,50.7641454]},"properties":{"maxheight":"2.3"}},{"type":"Feature","geometry":{"type":"Point","coordinates":[6.2309168,50.7642066]},"properties":{"maxheight":"2.3"}},{"type":"Feature","geometry":{"type":"Point","coordinates":[6.2312476,50.7646052]},"properties":{"maxheight":"1.95"}},{"type":"Feature","geometry":{"type":"Point","coordinates":[6.9554267,50.95674]},"properties":{"maxheight":"below_default"}},{"type":"Feature","geometry":{"type":"Point","coordinates":[6.5929561,50.0414911]},"properties":{"maxheight":"4"}},{"type":"Feature","geometry":{"type":"Point","coordinates":[6.7733633,50.7997086]},"properties":{"hgv":"destination"}},{"type":"Feature","geometry":{"type":"Point","coordinates":[6.6876318,50.6348416]},"properties":{"hgv":"destination"}},{"type":"Feature","geometry":{"type":"Point","coordinates":[6.6877871,50.634759]},"properties":{"hgv":"destination"}},{"type":"Feature","geometry":{"type":"Point","coordinates":[6.6877065,50.634746]},"properties":{"hgv":"destination"}},{"type":"Feature","geometry":{"type":"Point","coordinates":[6.9960573,50.8158146]},"properties":{"hgv":"delivery"}},{"type":"Feature","geometry":{"type":"Point","coordinates":[6.9881582,50.918625]},"properties":{"hgv":"delivery","maxheight":"3.8"}},{"type":"Feature","geometry":{"type":"Point","coordinates":[6.8201937,50.8176755]},"properties":{"hgv":"no"}},{"type":"Feature","geometry":{"type":"Point","coordinates":[6.8261168,50.6780338]},"properties":{"hgv":"destination"}},{"type":"Feature","geometry":{"type":"Point","coordinates":[6.8278474,50.6792191]},"properties":{"hgv":"destination"}},{"type":"Feature","geometry":{"type":"Point","coordinates":[6.8279674,50.6786327]},"properties":{"hgv":"destination"}},{"type":"Feature","geometry":{"type":"Point","coordinates":[6.8197794,50.6481963]},"properties":{"hgv":"delivery","maxweight":"7.5"}},{"type":"Feature","geometry":{"type":"Point","coordinates":[6.8184751,50.6477308]},"properties":{"hgv":"delivery","maxweight":"7.5"}},{"type":"Feature","geometry":{"type":"Point","coordinates":[6.9240894,50.9523392]},"properties":{"maxheight":"default"}},{"type":"Feature","geometry":{"type":"Point","coordinates":[6.924299,50.9523716]},"properties":{"maxheight":"default"}},{"type":"Feature","geometry":{"type":"Point","coordinates":[6.9307519,50.8297766]},"properties":{"maxheight":"none"}},{"type":"Feature","geometry":{"type":"Point","coordinates":[6.9321463,50.8300726]},"properties":{"maxheight":"none"}},{"type":"Feature","geometry":{"type":"Point","coordinates":[6.9309034,50.8298023]},"properties":{"maxheight":"none"}},{"type":"Feature","geometry":{"type":"Point","coordinates":[6.932455,50.8301441]},"properties":{"maxheight":"none"}},{"type":"Feature","geometry":{"type":"Point","coordinates":[6.9322338,50.8300964]},"properties":{"maxheight":"none"}},{"type":"Feature","geometry":{"type":"Point","coordinates":[6.9310061,50.8298194]},"properties":{"maxheight":"none"}},{"type":"Feature","geometry":{"type":"Point","coordinates":[6.9183734,50.9631154]},"properties":{"maxheight":"3.5"}},{"type":"Feature","geometry":{"type":"Point","coordinates":[6.9691333,50.9560388]},"properties":{"maxweight":"30"}},{"type":"Feature","geometry":{"type":"Point","coordinates":[6.9541856,50.9726912]},"properties":{"maxheight":"default"}},{"type":"Feature","geometry":{"type":"Point","coordinates":[6.9540626,50.9727044]},"properties":{"maxheight":"default"}},{"type":"Feature","geometry":{"type":"Point","coordinates":[6.9845178,50.9446284]},"properties":{"maxheight":"default"}},{"type":"Feature","geometry":{"type":"Point","coordinates":[6.641122,50.8016805]},"properties":{"maxweight":"6"}},{"type":"Feature","geometry":{"type":"Point","coordinates":[6.9676911,50.8488809]},"properties":{"maxheight":"4","maxweight":"3.5 t"}},{"type":"Feature","geometry":{"type":"Point","coordinates":[6.9699945,50.8728282]},"properties":{"maxheight":"default"}},{"type":"Feature","geometry":{"type":"Point","coordinates":[6.9602408,50.9338]},"properties":{"maxweight":"6"}},{"type":"Feature","geometry":{"type":"Point","coordinates":[6.9996216,50.9248894]},"properties":{"maxheight":"default"}},{"type":"Feature","geometry":{"type":"Point","coordinates":[6.9717341,50.9567435]},"properties":{"maxheight":"default"}},{"type":"Feature","geometry":{"type":"Point","coordinates":[6.2622776,50.7435733]},"properties":{"maxweight":"12"}},{"type":"Feature","geometry":{"type":"Point","coordinates":[6.9089165,50.9205395]},"properties":{"hgv":"destination","maxweight":"7.5"}},{"type":"Feature","geometry":{"type":"Point","coordinates":[6.088676,50.9151724]},"properties":{"hgv":"no"}},{"type":"Feature","geometry":{"type":"Point","coordinates":[6.2179156,50.7847034]},"properties":{"hgv":"destination"}},{"type":"Feature","geometry":{"type":"Point","coordinates":[6.343895,50.9058841]},"properties":{"maxweight":"2.5"}},{"type":"Feature","geometry":{"type":"Point","coordinates":[6.0880107,50.911937]},"properties":{"hgv":"no"}},{"type":"Feature","geometry":{"type":"Point","coordinates":[6.678958,50.2289832]},"properties":{"hgv":"destination"}},{"type":"Feature","geometry":{"type":"Point","coordinates":[6.6838433,50.2306921]},"properties":{"hgv":"destination"}},{"type":"Feature","geometry":{"type":"Point","coordinates":[6.9967014,50.9182195]},"properties":{"maxweight":"4"}},{"type":"Feature","geometry":{"type":"Point","coordinates":[6.6616228,50.2231754]},"properties":{"maxheight":"2.3"}},{"type":"Feature","geometry":{"type":"Point","coordinates":[6.1220606,50.9631008]},"properties":{"maxweight":"5.5"}},{"type":"Feature","geometry":{"type":"Point","coordinates":[6.4768808,50.3643245]},"properties":{"maxheight":"2","maxwidth":"2"}},{"type":"Feature","geometry":{"type":"Point","coordinates":[6.9145972,50.0467396]},"properties":{"hgv":"no"}},{"type":"Feature","geometry":{"type":"Point","coordinates":[6.5192746,50.8382274]},"properties":{"hgv":"agricultural"}},{"type":"Feature","geometry":{"type":"Point","coordinates":[6.7653503,50.7999577]},"properties":{"hgv":"destination"}},{"type":"Feature","geometry":{"type":"Point","coordinates":[6.9738553,50.9315024]},"properties":{"maxheight":"4"}},{"type":"Feature","geometry":{"type":"Point","coordinates":[6.9278462,50.9597046]},"properties":{"maxheight":"4"}},{"type":"Feature","geometry":{"type":"Point","coordinates":[6.8843459,50.8742859]},"properties":{"hgv":"delivery"}},{"type":"Feature","geometry":{"type":"Point","coordinates":[6.8944256,50.8684632]},"properties":{"hgv":"destination"}},{"type":"Feature","geometry":{"type":"Point","coordinates":[6.9726172,50.9396636]},"properties":{"maxheight":"4"}},{"type":"Feature","geometry":{"type":"Point","coordinates":[6.081058,50.7704938]},"properties":{"maxheight":"3.4","maxwidth":"3.7"}},{"type":"Feature","geometry":{"type":"Point","coordinates":[6.9662754,50.622332]},"properties":{"maxweight":"7.5"}},{"type":"Feature","geometry":{"type":"Point","coordinates":[6.0931426,50.8679071]},"properties":{"maxheight":"default"}},{"type":"Feature","geometry":{"type":"Point","coordinates":[6.96805,50.8313215]},"properties":{"hgv":"no"}},{"type":"Feature","geometry":{"type":"Point","coordinates":[6.967808,50.8312662]},"properties":{"hgv":"no"}},{"type":"Feature","geometry":{"type":"Point","coordinates":[6.9679331,50.831352]},"properties":{"hgv":"no"}},{"type":"Feature","geometry":{"type":"Point","coordinates":[6.1234893,50.798033]},"properties":{"hgv":"no"}},{"type":"Feature","geometry":{"type":"Point","coordinates":[6.1205512,50.8007319]},"properties":{"maxweight":"3.5"}},{"type":"Feature","geometry":{"type":"Point","coordinates":[6.0595447,50.8505145]},"properties":{"hgv":"destination"}},{"type":"Feature","geometry":{"type":"Point","coordinates":[6.0921559,50.8657378]},"properties":{"maxheight":"default"}},{"type":"Feature","geometry":{"type":"Point","coordinates":[6.8319195,50.6610351]},"properties":{"maxheight":"3.8"}},{"type":"Feature","geometry":{"type":"Point","coordinates":[6.6826902,50.2380742]},"properties":{"maxheight":"none"}},{"type":"Feature","geometry":{"type":"Point","coordinates":[6.8491127,50.9323324]},"properties":{"maxheight":"default"}},{"type":"Feature","geometry":{"type":"Point","coordinates":[6.8497157,50.9464603]},"properties":{"maxheight":"default"}},{"type":"Feature","geometry":{"type":"Point","coordinates":[6.8496698,50.9414459]},"properties":{"maxheight":"default"}},{"type":"Feature","geometry":{"type":"Point","coordinates":[6.8490284,50.9347743]},"properties":{"maxheight":"default"}},{"type":"Feature","geometry":{"type":"Point","coordinates":[6.1800133,50.7061468]},"properties":{"maxlength":"12"}},{"type":"Feature","geometry":{"type":"Point","coordinates":[6.5966723,50.9699752]},"properties":{"hgv":"destination"}},{"type":"Feature","geometry":{"type":"Point","coordinates":[6.5935216,50.9713851]},"properties":{"hgv":"destination"}},{"type":"Feature","geometry":{"type":"Point","coordinates":[6.5953186,50.970542]},"properties":{"hgv":"destination"}},{"type":"Feature","geometry":{"type":"Point","coordinates":[6.5972914,50.9696646]},"properties":{"hgv":"destination"}},{"type":"Feature","geometry":{"type":"Point","coordinates":[6.5166102,50.3552796]},"properties":{"maxheight":"default"}},{"type":"Feature","geometry":{"type":"Point","coordinates":[6.97156,50.626391]},"properties":{"maxheight":"none"}},{"type":"Feature","geometry":{"type":"Point","coordinates":[6.7984584,50.7107139]},"properties":{"hgv":"no"}},{"type":"Feature","geometry":{"type":"Point","coordinates":[6.9513851,50.9318662]},"properties":{"maxheight":"2"}},{"type":"Feature","geometry":{"type":"Point","coordinates":[6.9710221,50.9327332]},"properties":{"maxheight":"default"}},{"type":"Feature","geometry":{"type":"Point","coordinates":[6.0883492,50.9144716]},"properties":{"maxheight":"3.15"}},{"type":"Feature","geometry":{"type":"Point","coordinates":[6.9234272,50.9481463]},"properties":{"maxheight":"2.45"}},{"type":"Feature","geometry":{"type":"Point","coordinates":[6.1629008,50.7504648]},"properties":{"maxheight":"3.8"}},{"type":"Feature","geometry":{"type":"Point","coordinates":[6.4399538,50.2795706]},"properties":{"maxweight":"7.5"}},{"type":"Feature","geometry":{"type":"Point","coordinates":[6.4231904,50.2840675]},"properties":{"maxweight":"7.5"}},{"type":"Feature","geometry":{"type":"Point","coordinates":[6.985599,50.9305137]},"properties":{"maxheight":"default"}},{"type":"Feature","geometry":{"type":"Point","coordinates":[6.611957,50.3171103]},"properties":{"maxweight":"3.5"}},{"type":"Feature","geometry":{"type":"Point","coordinates":[6.6120367,50.3169796]},"properties":{"maxweight":"3.5"}},{"type":"Feature","geometry":{"type":"Point","coordinates":[6.0610779,50.7976075]},"properties":{"maxheight":"3.8"}},{"type":"Feature","geometry":{"type":"Point","coordinates":[6.0630127,50.7967328]},"properties":{"maxheight":"default"}},{"type":"Feature","geometry":{"type":"Point","coordinates":[6.0828393,50.7720233]},"properties":{"maxheight":"default"}},{"type":"Feature","geometry":{"type":"Point","coordinates":[6.8367362,50.9152443]},"properties":{"maxheight":"2.9"}},{"type":"Feature","geometry":{"type":"Point","coordinates":[6.9551602,50.9312172]},"properties":{"maxweight":"7.50"}},{"type":"Feature","geometry":{"type":"Point","coordinates":[6.9556971,50.9317655]},"properties":{"maxweight":"7.50"}},{"type":"Feature","geometry":{"type":"Point","coordinates":[6.9561742,50.9321643]},"properties":{"maxweight":"7.50"}},{"type":"Feature","geometry":{"type":"Point","coordinates":[6.9554055,50.9316584]},"properties":{"maxweight":"7.50"}},{"type":"Feature","geometry":{"type":"Point","coordinates":[6.209457,50.9261711]},"properties":{"hgv":"delivery"}},{"type":"Feature","geometry":{"type":"Point","coordinates":[6.2078516,50.9242624]},"properties":{"hgv":"delivery"}},{"type":"Feature","geometry":{"type":"Point","coordinates":[6.5830795,50.1746137]},"properties":{"hgv":"destination"}},{"type":"Feature","geometry":{"type":"Point","coordinates":[6.995066,50.9303944]},"properties":{"maxheight":"3.4"}},{"type":"Feature","geometry":{"type":"Point","coordinates":[6.9443326,50.9404789]},"properties":{"maxheight":"2.30"}},{"type":"Feature","geometry":{"type":"Point","coordinates":[6.694348,50.8803037]},"properties":{"maxheight":"3.5"}},{"type":"Feature","geometry":{"type":"Point","coordinates":[6.1187412,50.962273]},"properties":{"maxheight":"3.8"}},{"type":"Feature","geometry":{"type":"Point","coordinates":[6.9178827,50.8732692]},"properties":{"hgv":"no"}},{"type":"Feature","geometry":{"type":"Point","coordinates":[6.9187226,50.8727398]},"properties":{"hgv":"designated"}},{"type":"Feature","geometry":{"type":"Point","coordinates":[6.904689,50.8756867]},"properties":{"hgv":"no"}},{"type":"Feature","geometry":{"type":"Point","coordinates":[6.8977699,50.870859]},"properties":{"hgv":"no"}},{"type":"Feature","geometry":{"type":"Point","coordinates":[6.8342087,50.9149019]},"properties":{"maxheight":"default"}},{"type":"Feature","geometry":{"type":"Point","coordinates":[6.8344491,50.9146359]},"properties":{"maxheight":"default"}},{"type":"Feature","geometry":{"type":"Point","coordinates":[6.9685773,50.9695868]},"properties":{"maxheight":"below_default"}},{"type":"Feature","geometry":{"type":"Point","coordinates":[6.0993185,50.7737437]},"properties":{"maxheight":"1.9"}},{"type":"Feature","geometry":{"type":"Point","coordinates":[6.119603,50.9634687]},"properties":{"maxheight":"2.7","maxweight":"4"}},{"type":"Feature","geometry":{"type":"Point","coordinates":[6.1196582,50.9634831]},"properties":{"maxheight":"2.7","maxweight":"4"}},{"type":"Feature","geometry":{"type":"Point","coordinates":[6.7790823,50.9661489]},"properties":{"hgv":"destination"}},{"type":"Feature","geometry":{"type":"Point","coordinates":[6.087663,50.7664595]},"properties":{"maxheight":"3"}},{"type":"Feature","geometry":{"type":"Point","coordinates":[6.9317479,50.94046]},"properties":{"maxheight":"3.8"}},{"type":"Feature","geometry":{"type":"Point","coordinates":[6.9374794,50.9359274]},"properties":{"maxheight":"3.8"}},{"type":"Feature","geometry":{"type":"Point","coordinates":[6.932241,50.9375443]},"properties":{"maxheight":"below_default"}},{"type":"Feature","geometry":{"type":"Point","coordinates":[6.9402277,50.9317218]},"properties":{"maxheight":"2.1"}},{"type":"Feature","geometry":{"type":"Point","coordinates":[6.9362669,50.9285566]},"properties":{"maxheight":"3.7"}},{"type":"Feature","geometry":{"type":"Point","coordinates":[6.9919953,50.9454854]},"properties":{"maxweight":"30"}},{"type":"Feature","geometry":{"type":"Point","coordinates":[6.9990511,50.9468538]},"properties":{"maxweight":"30"}},{"type":"Feature","geometry":{"type":"Point","coordinates":[6.980855,50.9512054]},"properties":{"maxweight":"30"}},{"type":"Feature","geometry":{"type":"Point","coordinates":[6.9828706,50.9498781]},"properties":{"maxweight":"30"}},{"type":"Feature","geometry":{"type":"Point","coordinates":[6.8920526,50.9971897]},"properties":{"maxheight":"default"}},{"type":"Feature","geometry":{"type":"Point","coordinates":[6.0806902,50.7686095]},"properties":{"maxheight":"2"}},{"type":"Feature","geometry":{"type":"Point","coordinates":[6.1604282,50.792715]},"properties":{"hgv":"destination"}},{"type":"Feature","geometry":{"type":"Point","coordinates":[6.0873175,50.7813582]},"properties":{"maxheight":"3.4"}},{"type":"Feature","geometry":{"type":"Point","coordinates":[6.0815394,50.7809915]},"properties":{"maxheight":"below_default"}},{"type":"Feature","geometry":{"type":"Point","coordinates":[6.0864081,50.7772098]},"properties":{"maxheight":"2.8"}},{"type":"Feature","geometry":{"type":"Point","coordinates":[6.0914656,50.7759252]},"properties":{"maxweight":"7.5"}},{"type":"Feature","geometry":{"type":"Point","coordinates":[6.0914073,50.7759911]},"properties":{"maxheight":"below_default","maxweight":"7.5"}},{"type":"Feature","geometry":{"type":"Point","coordinates":[6.0911659,50.7763166]},"properties":{"maxweight":"7.5"}},{"type":"Feature","geometry":{"type":"Point","coordinates":[6.0848943,50.7716593]},"properties":{"maxweight":"9"}},{"type":"Feature","geometry":{"type":"Point","coordinates":[6.0850987,50.7716277]},"properties":{"maxheight":"2.8","maxwidth":"2.8","maxweight":"9"}},{"type":"Feature","geometry":{"type":"Point","coordinates":[6.0855306,50.7712462]},"properties":{"maxweight":"9"}},{"type":"Feature","geometry":{"type":"Point","coordinates":[6.981153,50.9636929]},"properties":{"hgv":"destination"}},{"type":"Feature","geometry":{"type":"Point","coordinates":[6.8600714,50.3932108]},"properties":{"maxweight":"5.5"}},{"type":"Feature","geometry":{"type":"Point","coordinates":[6.0873597,50.7829109]},"properties":{"maxheight":"3"}},{"type":"Feature","geometry":{"type":"Point","coordinates":[6.2536723,50.8238189]},"properties":{"maxheight":"2.0 m"}},{"type":"Feature","geometry":{"type":"Point","coordinates":[6.947166,50.9718341]},"properties":{"maxheight":"default"}},{"type":"Feature","geometry":{"type":"Point","coordinates":[6.4207215,50.2066963]},"properties":{"maxheight":"none"}},{"type":"Feature","geometry":{"type":"Point","coordinates":[6.4163564,50.2109614]},"properties":{"maxweightrating:hgv":"7.5"}},{"type":"Feature","geometry":{"type":"Point","coordinates":[6.9422142,50.9278273]},"properties":{"maxheight":"below_default"}},{"type":"Feature","geometry":{"type":"Point","coordinates":[6.9660271,50.9052491]},"properties":{"hgv":"destination"}},{"type":"Feature","geometry":{"type":"Point","coordinates":[6.9137114,50.9962099]},"properties":{"maxweight":"2.5"}},{"type":"Feature","geometry":{"type":"Point","coordinates":[6.9677576,50.6286783]},"properties":{"maxheight":"default"}},{"type":"Feature","geometry":{"type":"Point","coordinates":[6.8792257,50.9773971]},"properties":{"maxheight":"1.8"}},{"type":"Feature","geometry":{"type":"Point","coordinates":[6.8517118,50.173079]},"properties":{"maxheight":"none"}},{"type":"Feature","geometry":{"type":"Point","coordinates":[6.4114503,50.9058547]},"properties":{"maxheight":"3.5"}},{"type":"Feature","geometry":{"type":"Point","coordinates":[6.7635518,50.569118]},"properties":{"maxheight":"3.8"}},{"type":"Feature","geometry":{"type":"Point","coordinates":[6.7636788,50.569097]},"properties":{"maxheight":"3.8"}},{"type":"Feature","geometry":{"type":"Point","coordinates":[6.9662673,50.9667114]},"properties":{"maxheight":"3.9"}},{"type":"Feature","geometry":{"type":"Point","coordinates":[6.9456312,50.902208]},"properties":{"maxheight":"3.8"}},{"type":"Feature","geometry":{"type":"Point","coordinates":[6.9565561,50.91951]},"properties":{"maxheight":"default"}},{"type":"Feature","geometry":{"type":"Point","coordinates":[6.1380611,50.7688821]},"properties":{"hgv":"destination"}},{"type":"Feature","geometry":{"type":"Point","coordinates":[6.1385221,50.7695041]},"properties":{"hgv":"destination"}},{"type":"Feature","geometry":{"type":"Point","coordinates":[6.956413,50.9189749]},"properties":{"maxheight":"3.3"}},{"type":"Feature","geometry":{"type":"Point","coordinates":[6.0665221,50.7693492]},"properties":{"maxheight":"3"}},{"type":"Feature","geometry":{"type":"Point","coordinates":[6.9277708,50.9595459]},"properties":{"maxheight":"4"}},{"type":"Feature","geometry":{"type":"Point","coordinates":[6.9277004,50.9597403]},"properties":{"maxheight":"4"}},{"type":"Feature","geometry":{"type":"Point","coordinates":[6.9391978,50.9288941]},"properties":{"maxheight":"below_default"}},{"type":"Feature","geometry":{"type":"Point","coordinates":[6.9556699,50.9318098]},"properties":{"maxweight":"7.50"}},{"type":"Feature","geometry":{"type":"Point","coordinates":[6.796808,50.8178083]},"properties":{"hgv":"destination"}},{"type":"Feature","geometry":{"type":"Point","coordinates":[6.7959622,50.8183239]},"properties":{"hgv":"destination"}},{"type":"Feature","geometry":{"type":"Point","coordinates":[6.796808,50.8178083]},"properties":{"hgv":"destination"}},{"type":"Feature","geometry":{"type":"Point","coordinates":[6.8089321,50.8313521]},"properties":{"hgv":"no"}},{"type":"Feature","geometry":{"type":"Point","coordinates":[6.7684047,50.8427377]},"properties":{"maxweight":"20"}},{"type":"Feature","geometry":{"type":"Point","coordinates":[6.4533728,50.8473934]},"properties":{"maxweight":"2.8"}},{"type":"Feature","geometry":{"type":"Point","coordinates":[6.995368,50.9462055]},"properties":{"maxweight":"30"}},{"type":"Feature","geometry":{"type":"Point","coordinates":[6.7078135,50.6216763]},"properties":{"hgv":"destination"}},{"type":"Feature","geometry":{"type":"Point","coordinates":[6.7076877,50.6217513]},"properties":{"hgv":"destination"}},{"type":"Feature","geometry":{"type":"Point","coordinates":[6.4871981,50.7871232]},"properties":{"maxweight":"40"}},{"type":"Feature","geometry":{"type":"Point","coordinates":[6.7435234,50.2653788]},"properties":{"hgv":"destination"}},{"type":"Feature","geometry":{"type":"Point","coordinates":[6.4551231,50.2675392]},"properties":{"maxheight":"none"}},{"type":"Feature","geometry":{"type":"Point","coordinates":[6.923189,50.8983321]},"properties":{"maxheight":"default"}},{"type":"Feature","geometry":{"type":"Point","coordinates":[6.8885232,50.9553458]},"properties":{"maxheight":"4"}},{"type":"Feature","geometry":{"type":"Point","coordinates":[6.8122764,50.8104522]},"properties":{"hgv":"destination"}},{"type":"Feature","geometry":{"type":"Point","coordinates":[6.0419033,50.720921]},"properties":{"maxheight":"2.3"}},{"type":"Feature","geometry":{"type":"Point","coordinates":[6.9192523,50.9075154]},"properties":{"hgv":"destination"}},{"type":"Feature","geometry":{"type":"Point","coordinates":[6.9193237,50.9076228]},"properties":{"hgv":"destination"}},{"type":"Feature","geometry":{"type":"Point","coordinates":[6.9583301,50.9189233]},"properties":{"maxheight":"below_default"}},{"type":"Feature","geometry":{"type":"Point","coordinates":[6.9256613,50.8887342]},"properties":{"hgv":"yes"}},{"type":"Feature","geometry":{"type":"Point","coordinates":[6.9257321,50.8878344]},"properties":{"hgv":"yes"}},{"type":"Feature","geometry":{"type":"Point","coordinates":[6.803061,50.6517205]},"properties":{"maxheight":"3.3"}},{"type":"Feature","geometry":{"type":"Point","coordinates":[6.8055052,50.651327]},"properties":{"maxheight":"2.8"}},{"type":"Feature","geometry":{"type":"Point","coordinates":[6.6947747,50.4810954]},"properties":{"hgv":"delivery"}},{"type":"Feature","geometry":{"type":"Point","coordinates":[6.9129745,50.9837087]},"properties":{"maxheight":"default"}},{"type":"Feature","geometry":{"type":"Point","coordinates":[6.1478909,50.0055215]},"properties":{"hgv":"yes"}},{"type":"Feature","geometry":{"type":"Point","coordinates":[6.1290589,50.0306725]},"properties":{"hgv":"yes"}},{"type":"Feature","geometry":{"type":"Point","coordinates":[6.1514572,50.9766723]},"properties":{"maxheight":"2.8"}},{"type":"Feature","geometry":{"type":"Point","coordinates":[6.9016495,50.9273989]},"properties":{"hgv":"destination"}},{"type":"Feature","geometry":{"type":"Point","coordinates":[6.9699361,50.6278205]},"properties":{"maxheight":"2.4"}},{"type":"Feature","geometry":{"type":"Point","coordinates":[6.9699361,50.6278205]},"properties":{"maxheight":"2.4"}},{"type":"Feature","geometry":{"type":"Point","coordinates":[6.9699193,50.6279861]},"properties":{"maxheight":"2.4"}},{"type":"Feature","geometry":{"type":"Point","coordinates":[6.9703004,50.6280802]},"properties":{"maxheight":"2.6"}},{"type":"Feature","geometry":{"type":"Point","coordinates":[6.2344969,50.7670878]},"properties":{"hgv":"no"}},{"type":"Feature","geometry":{"type":"Point","coordinates":[6.2337451,50.7666054]},"properties":{"hgv":"no"}},{"type":"Feature","geometry":{"type":"Point","coordinates":[6.8239662,50.8059752]},"properties":{"hgv":"no"}},{"type":"Feature","geometry":{"type":"Point","coordinates":[6.9781109,50.5082467]},"properties":{"maxheight":"2.2"}},{"type":"Feature","geometry":{"type":"Point","coordinates":[6.9202657,50.6734353]},"properties":{"maxheight":"default"}},{"type":"Feature","geometry":{"type":"Point","coordinates":[6.9727528,50.6840757]},"properties":{"maxheight":"4"}},{"type":"Feature","geometry":{"type":"Point","coordinates":[6.9762333,50.7623189]},"properties":{"maxweight":"7.5"}},{"type":"Feature","geometry":{"type":"Point","coordinates":[6.989043,50.8093979]},"properties":{"maxheight":"default"}},{"type":"Feature","geometry":{"type":"Point","coordinates":[6.9006355,50.7098985]},"properties":{"maxheight":"default"}},{"type":"Feature","geometry":{"type":"Point","coordinates":[6.89511,50.7186083]},"properties":{"maxheight":"default"}},{"type":"Feature","geometry":{"type":"Point","coordinates":[6.98335,50.6161364]},"properties":{"maxheight":"default"}},{"type":"Feature","geometry":{"type":"Point","coordinates":[6.9848235,50.614824]},"properties":{"maxheight":"default"}},{"type":"Feature","geometry":{"type":"Point","coordinates":[6.7894781,50.9320714]},"properties":{"hgv":"destination"}},{"type":"Feature","geometry":{"type":"Point","coordinates":[6.7856684,50.931327]},"properties":{"hgv":"destination"}},{"type":"Feature","geometry":{"type":"Point","coordinates":[6.8131232,50.7790319]},"properties":{"maxheight":"default"}},{"type":"Feature","geometry":{"type":"Point","coordinates":[6.8252561,50.7696303]},"properties":{"maxheight":"default"}},{"type":"Feature","geometry":{"type":"Point","coordinates":[6.8247033,50.7717448]},"properties":{"maxheight":"default"}},{"type":"Feature","geometry":{"type":"Point","coordinates":[6.8246022,50.7703015]},"properties":{"maxheight":"default"}},{"type":"Feature","geometry":{"type":"Point","coordinates":[6.8335571,50.7667691]},"properties":{"maxheight":"default"}},{"type":"Feature","geometry":{"type":"Point","coordinates":[6.8225375,50.7714077]},"properties":{"maxheight":"default"}},{"type":"Feature","geometry":{"type":"Point","coordinates":[6.7865254,50.8160067]},"properties":{"maxheight":"default"}},{"type":"Feature","geometry":{"type":"Point","coordinates":[6.790644,50.8104544]},"properties":{"maxheight":"default"}},{"type":"Feature","geometry":{"type":"Point","coordinates":[6.7958093,50.8038586]},"properties":{"maxheight":"default"}},{"type":"Feature","geometry":{"type":"Point","coordinates":[6.7959044,50.8032528]},"properties":{"maxheight":"default"}},{"type":"Feature","geometry":{"type":"Point","coordinates":[6.7915611,50.8090441]},"properties":{"maxheight":"default"}},{"type":"Feature","geometry":{"type":"Point","coordinates":[6.8612968,50.7941459]},"properties":{"maxheight":"default"}},{"type":"Feature","geometry":{"type":"Point","coordinates":[6.834877,50.7800899]},"properties":{"maxheight":"default"}},{"type":"Feature","geometry":{"type":"Point","coordinates":[6.7415727,50.6774617]},"properties":{"maxheight":"default"}},{"type":"Feature","geometry":{"type":"Point","coordinates":[6.8123237,50.6895471]},"properties":{"hgv":"destination","maxweight":"7.5"}},{"type":"Feature","geometry":{"type":"Point","coordinates":[6.8066626,50.6609641]},"properties":{"hgv":"delivery","maxweight":"7.5"}},{"type":"Feature","geometry":{"type":"Point","coordinates":[6.8401281,50.6509879]},"properties":{"hgv":"delivery","maxweight":"7.5"}},{"type":"Feature","geometry":{"type":"Point","coordinates":[6.6749483,50.8753301]},"properties":{"maxweight":"7.5"}},{"type":"Feature","geometry":{"type":"Point","coordinates":[6.7793061,50.6652678]},"properties":{"hgv":"destination"}},{"type":"Feature","geometry":{"type":"Point","coordinates":[6.7779023,50.6660744]},"properties":{"hgv":"destination"}},{"type":"Feature","geometry":{"type":"Point","coordinates":[6.8267629,50.650207]},"properties":{"hgv":"delivery","maxweight":"7.5"}},{"type":"Feature","geometry":{"type":"Point","coordinates":[6.9697185,50.8656224]},"properties":{"maxheight":"default"}},{"type":"Feature","geometry":{"type":"Point","coordinates":[6.9692339,50.863634]},"properties":{"maxheight":"default"}},{"type":"Feature","geometry":{"type":"Point","coordinates":[6.9680383,50.8852002]},"properties":{"maxheight":"default"}},{"type":"Feature","geometry":{"type":"Point","coordinates":[6.9403496,50.9371883]},"properties":{"maxheight":"2","maxweight":"1.5"}},{"type":"Feature","geometry":{"type":"Point","coordinates":[6.9401448,50.9377071]},"properties":{"maxheight":"2"}},{"type":"Feature","geometry":{"type":"Point","coordinates":[6.1776349,50.9141539]},"properties":{"hgv":"destination"}},{"type":"Feature","geometry":{"type":"Point","coordinates":[6.7469678,50.9197331]},"properties":{"maxheight":"default"}},{"type":"Feature","geometry":{"type":"Point","coordinates":[6.7080571,50.8728558]},"properties":{"maxheight":"default"}},{"type":"Feature","geometry":{"type":"Point","coordinates":[6.6922707,50.8987638]},"properties":{"maxheight":"default"}},{"type":"Feature","geometry":{"type":"Point","coordinates":[6.6996307,50.8893552]},"properties":{"maxheight":"default"}},{"type":"Feature","geometry":{"type":"Point","coordinates":[6.6927708,50.8983905]},"properties":{"maxheight":"default"}},{"type":"Feature","geometry":{"type":"Point","coordinates":[6.0877024,50.766562]},"properties":{"maxweight":"7.5"}},{"type":"Feature","geometry":{"type":"Point","coordinates":[6.9049152,50.8269894]},"properties":{"maxheight":"2.05"}},{"type":"Feature","geometry":{"type":"Point","coordinates":[6.8990679,50.826183]},"properties":{"maxheight":"2.1"}},{"type":"Feature","geometry":{"type":"Point","coordinates":[6.9431538,50.9294095]},"properties":{"maxheight":"2.95"}},{"type":"Feature","geometry":{"type":"Point","coordinates":[6.9020362,50.9829905]},"properties":{"maxweight":"3.5"}},{"type":"Feature","geometry":{"type":"Point","coordinates":[6.9664221,50.9258395]},"properties":{"maxheight":"default"}},{"type":"Feature","geometry":{"type":"Point","coordinates":[6.9657159,50.9275406]},"properties":{"maxheight":"default"}},{"type":"Feature","geometry":{"type":"Point","coordinates":[6.9651582,50.9289701]},"properties":{"maxheight":"default"}},{"type":"Feature","geometry":{"type":"Point","coordinates":[6.9722245,50.5356556]},"properties":{"maxweight":"16"}},{"type":"Feature","geometry":{"type":"Point","coordinates":[6.9899121,50.9204412]},"properties":{"maxheight":"3.5"}},{"type":"Feature","geometry":{"type":"Point","coordinates":[6.9379253,50.7313646]},"properties":{"hgv":"agricultural"}},{"type":"Feature","geometry":{"type":"Point","coordinates":[6.0901783,50.7733636]},"properties":{"maxheight":"default"}},{"type":"Feature","geometry":{"type":"Point","coordinates":[6.1289851,50.0308821]},"properties":{"hgv":"yes"}},{"type":"Feature","geometry":{"type":"Point","coordinates":[6.2557621,50.7998356]},"properties":{"hgv":"destination"}},{"type":"Feature","geometry":{"type":"Point","coordinates":[6.5926862,50.9745642]},"properties":{"hgv":"destination"}},{"type":"Feature","geometry":{"type":"Point","coordinates":[6.897983,50.828471]},"properties":{"maxweight":"11.5"}},{"type":"Feature","geometry":{"type":"Point","coordinates":[6.8983647,50.8285905]},"properties":{"maxweight":"11.5"}},{"type":"Feature","geometry":{"type":"Point","coordinates":[6.1695548,50.8801657]},"properties":{"hgv":"delivery"}},{"type":"Feature","geometry":{"type":"Point","coordinates":[6.976946,50.6851811]},"properties":{"hgv":"no"}},{"type":"Feature","geometry":{"type":"Point","coordinates":[6.9910892,50.8119665]},"properties":{"maxheight":"4"}},{"type":"Feature","geometry":{"type":"Point","coordinates":[6.4662183,50.7850093]},"properties":{"hgv":"destination"}},{"type":"Feature","geometry":{"type":"Point","coordinates":[6.9384243,50.6655045]},"properties":{"maxwidth":"2.1"}},{"type":"Feature","geometry":{"type":"Point","coordinates":[6.9383333,50.6655034]},"properties":{"maxwidth":"2.1"}},{"type":"Feature","geometry":{"type":"Point","coordinates":[6.0811089,50.7655046]},"properties":{"maxheight":"default"}},{"type":"Feature","geometry":{"type":"Point","coordinates":[6.7996299,50.9043745]},"properties":{"maxheight":"4.2"}},{"type":"Feature","geometry":{"type":"Point","coordinates":[6.9247015,50.3854898]},"properties":{"maxweight":"3.5"}},{"type":"Feature","geometry":{"type":"Point","coordinates":[6.95727,50.6285378]},"properties":{"maxweight":"3.5"}},{"type":"Feature","geometry":{"type":"Point","coordinates":[6.9632269,50.6219143]},"properties":{"maxweight":"3.5"}},{"type":"Feature","geometry":{"type":"Point","coordinates":[6.9219245,50.5224445]},"properties":{"maxweight":"3.5"}},{"type":"Feature","geometry":{"type":"Point","coordinates":[6.7307423,50.5394728]},"properties":{"hgv":"agricultural;forestry"}},{"type":"Feature","geometry":{"type":"Point","coordinates":[6.5488822,50.3734889]},"properties":{"maxweight":"3.5"}},{"type":"Feature","geometry":{"type":"Point","coordinates":[6.5475832,50.3748667]},"properties":{"maxweight":"3.5"}},{"type":"Feature","geometry":{"type":"Point","coordinates":[6.883351,50.9437548]},"properties":{"maxheight":"3"}},{"type":"Feature","geometry":{"type":"Point","coordinates":[6.5582623,50.4187395]},"properties":{"maxweightrating":"7.5"}},{"type":"Feature","geometry":{"type":"Point","coordinates":[6.868513,50.7422773]},"properties":{"maxheight":"default"}},{"type":"Feature","geometry":{"type":"Point","coordinates":[6.8827358,50.7294226]},"properties":{"maxheight":"default"}},{"type":"Feature","geometry":{"type":"Point","coordinates":[6.8895141,50.3609945]},"properties":{"maxweight":"3.5"}},{"type":"Feature","geometry":{"type":"Point","coordinates":[6.8848684,50.3573037]},"properties":{"maxweight":"3.5"}},{"type":"Feature","geometry":{"type":"Point","coordinates":[6.0497689,50.7860647]},"properties":{"maxheight":"default"}},{"type":"Feature","geometry":{"type":"Point","coordinates":[6.9695059,50.6276423]},"properties":{"hgv":"no","maxheight":"2.4"}},{"type":"Feature","geometry":{"type":"Point","coordinates":[6.0586052,50.7919744]},"properties":{"maxheight":"default"}},{"type":"Feature","geometry":{"type":"Point","coordinates":[6.9401698,50.9372053]},"properties":{"maxheight":"2","maxweight":"1.5"}},{"type":"Feature","geometry":{"type":"Point","coordinates":[6.9400601,50.9372166]},"properties":{"maxheight":"2","maxweight":"1.5"}},{"type":"Feature","geometry":{"type":"Point","coordinates":[6.9401884,50.9372791]},"properties":{"maxheight":"below_default"}},{"type":"Feature","geometry":{"type":"Point","coordinates":[6.9576481,50.922553]},"properties":{"maxheight":"below_default"}},{"type":"Feature","geometry":{"type":"Point","coordinates":[6.9528671,50.940811]},"properties":{"maxheight":"default"}},{"type":"Feature","geometry":{"type":"Point","coordinates":[6.9563501,50.9276865]},"properties":{"maxheight":"below_default"}},{"type":"Feature","geometry":{"type":"Point","coordinates":[6.9467007,50.9626136]},"properties":{"maxheight":"3.5"}},{"type":"Feature","geometry":{"type":"Point","coordinates":[6.9167556,50.9744802]},"properties":{"maxheight":"default"}},{"type":"Feature","geometry":{"type":"Point","coordinates":[6.9137063,50.9537488]},"properties":{"maxheight":"below_default"}},{"type":"Feature","geometry":{"type":"Point","coordinates":[6.6098997,50.0158213]},"properties":{"maxheight":"none"}},{"type":"Feature","geometry":{"type":"Point","coordinates":[6.1507331,50.909843]},"properties":{"maxheight":"4"}},{"type":"Feature","geometry":{"type":"Point","coordinates":[6.9556581,50.6256889]},"properties":{"maxheight":"default","maxweight":"3.5"}},{"type":"Feature","geometry":{"type":"Point","coordinates":[6.9644012,50.9592174]},"properties":{"maxheight":"default"}},{"type":"Feature","geometry":{"type":"Point","coordinates":[6.9521184,50.9724688]},"properties":{"maxheight":"default"}},{"type":"Feature","geometry":{"type":"Point","coordinates":[6.8536267,50.9319738]},"properties":{"maxweight":"2.5"}},{"type":"Feature","geometry":{"type":"Point","coordinates":[6.9299797,50.9445432]},"properties":{"maxweightrating:hgv":"7.5"}},{"type":"Feature","geometry":{"type":"Point","coordinates":[6.8571536,50.9187033]},"properties":{"maxweight":"30"}},{"type":"Feature","geometry":{"type":"Point","coordinates":[6.1274346,50.7768759]},"properties":{"maxheight":"3"}},{"type":"Feature","geometry":{"type":"Point","coordinates":[6.1295105,50.7760457]},"properties":{"maxheight":"3.8"}},{"type":"Feature","geometry":{"type":"Point","coordinates":[6.8332851,50.9387843]},"properties":{"hgv":"destination"}},{"type":"Feature","geometry":{"type":"Point","coordinates":[6.4454467,50.6327365]},"properties":{"maxweight":"3.5"}},{"type":"Feature","geometry":{"type":"Point","coordinates":[6.9630828,50.9363093]},"properties":{"hgv":"no","maxheight":"3.5","maxlength":"7","maxweight":"3.5"}},{"type":"Feature","geometry":{"type":"Point","coordinates":[6.4320063,50.198587]},"properties":{"maxweight":"7.5"}},{"type":"Feature","geometry":{"type":"Point","coordinates":[6.8100195,50.9952835]},"properties":{"maxheight":"default"}},{"type":"Feature","geometry":{"type":"Point","coordinates":[6.8238476,50.9837383]},"properties":{"maxweight":"30"}},{"type":"Feature","geometry":{"type":"Point","coordinates":[6.9186274,50.9602716]},"properties":{"maxheight":"3.8"}},{"type":"Feature","geometry":{"type":"Point","coordinates":[6.6259736,50.4490548]},"properties":{"maxheight":"default"}},{"type":"Feature","geometry":{"type":"Point","coordinates":[6.6478553,50.4486588]},"properties":{"maxheight":"default"}},{"type":"Feature","geometry":{"type":"Point","coordinates":[6.9149829,50.9603216]},"properties":{"maxheight":"below_default"}},{"type":"Feature","geometry":{"type":"Point","coordinates":[6.8051329,50.9113566]},"properties":{"maxheight":"2.2"}},{"type":"Feature","geometry":{"type":"Point","coordinates":[6.804615,50.9113838]},"properties":{"maxheight":"2.2"}},{"type":"Feature","geometry":{"type":"Point","coordinates":[6.178255,50.7804094]},"properties":{"maxweight":"2.8"}},{"type":"Feature","geometry":{"type":"Point","coordinates":[6.1798758,50.7788751]},"properties":{"maxweight":"2.8"}},{"type":"Feature","geometry":{"type":"Point","coordinates":[6.8780777,50.9383225]},"properties":{"maxheight":"2.8"}},{"type":"Feature","geometry":{"type":"Point","coordinates":[6.2395818,50.5538503]},"properties":{"maxheight":"below_default"}},{"type":"Feature","geometry":{"type":"Point","coordinates":[6.965136,50.0999303]},"properties":{"maxweight":"9"}},{"type":"Feature","geometry":{"type":"Point","coordinates":[6.9651704,50.0998849]},"properties":{"maxweight":"9"}},{"type":"Feature","geometry":{"type":"Point","coordinates":[6.9817948,50.9330277]},"properties":{"maxheight":"2"}},{"type":"Feature","geometry":{"type":"Point","coordinates":[6.9608323,50.989898]},"properties":{"maxweight":"2.5"}},{"type":"Feature","geometry":{"type":"Point","coordinates":[6.9606077,50.9898946]},"properties":{"maxweight":"2.5"}},{"type":"Feature","geometry":{"type":"Point","coordinates":[6.9601714,50.9898894]},"properties":{"maxweight":"2.5"}},{"type":"Feature","geometry":{"type":"Point","coordinates":[6.9357468,50.9086505]},"properties":{"hgv":"destination"}},{"type":"Feature","geometry":{"type":"Point","coordinates":[6.5379639,50.0054168]},"properties":{"maxheight":"default"}},{"type":"Feature","geometry":{"type":"Point","coordinates":[6.9320459,50.8475396]},"properties":{"hgv":"destination"}},{"type":"Feature","geometry":{"type":"Point","coordinates":[6.9428635,50.9035466]},"properties":{"maxheight":"3.5"}},{"type":"Feature","geometry":{"type":"Point","coordinates":[6.6499303,50.5917692]},"properties":{"maxheight":"2"}},{"type":"Feature","geometry":{"type":"Point","coordinates":[6.1209271,50.9643915]},"properties":{"maxheight":"2.5"}},{"type":"Feature","geometry":{"type":"Point","coordinates":[6.1212729,50.9644998]},"properties":{"maxheight":"2.5"}},{"type":"Feature","geometry":{"type":"Point","coordinates":[6.7963582,50.2115032]},"properties":{"hgv":"no"}},{"type":"Feature","geometry":{"type":"Point","coordinates":[6.5531617,50.0261663]},"properties":{"maxheight":"default"}},{"type":"Feature","geometry":{"type":"Point","coordinates":[6.5270527,50.038606]},"properties":{"maxheight":"default"}},{"type":"Feature","geometry":{"type":"Point","coordinates":[6.5257734,50.0384665]},"properties":{"maxheight":"default"}},{"type":"Feature","geometry":{"type":"Point","coordinates":[6.9709999,50.9079566]},"properties":{"hgv":"no","maxweight":"2.5"}},{"type":"Feature","geometry":{"type":"Point","coordinates":[6.8083743,50.9136165]},"properties":{"hgv":"destination"}},{"type":"Feature","geometry":{"type":"Point","coordinates":[6.4837828,50.8092159]},"properties":{"hgv":"destination"}},{"type":"Feature","geometry":{"type":"Point","coordinates":[6.4806025,50.8078832]},"properties":{"maxheight":"default"}},{"type":"Feature","geometry":{"type":"Point","coordinates":[6.9276527,50.9220899]},"properties":{"maxheight":"3.3"}},{"type":"Feature","geometry":{"type":"Point","coordinates":[6.2493214,50.5987081]},"properties":{"maxweight":"12"}},{"type":"Feature","geometry":{"type":"Point","coordinates":[6.6531564,50.5972908]},"properties":{"hgv":"destination"}},{"type":"Feature","geometry":{"type":"Point","coordinates":[6.6531082,50.5955126]},"properties":{"hgv":"destination"}},{"type":"Feature","geometry":{"type":"Point","coordinates":[6.3740303,50.9204818]},"properties":{"hgv":"destination"}},{"type":"Feature","geometry":{"type":"Point","coordinates":[6.3745352,50.9205039]},"properties":{"hgv":"destination"}},{"type":"Feature","geometry":{"type":"Point","coordinates":[6.6500251,50.6899726]},"properties":{"maxheight":"3.7","maxwidth":"2.6"}},{"type":"Feature","geometry":{"type":"Point","coordinates":[6.1554689,50.8022227]},"properties":{"maxheight":"default"}},{"type":"Feature","geometry":{"type":"Point","coordinates":[6.2928152,50.8361174]},"properties":{"hgv":"no"}},{"type":"Feature","geometry":{"type":"Point","coordinates":[6.9726178,50.8454622]},"properties":{"hgv":"delivery"}},{"type":"Feature","geometry":{"type":"Point","coordinates":[6.9727981,50.8457595]},"properties":{"hgv":"delivery"}},{"type":"Feature","geometry":{"type":"Point","coordinates":[6.5168485,50.758289]},"properties":{"hgv":"destination"}},{"type":"Feature","geometry":{"type":"Point","coordinates":[6.4947664,50.8040355]},"properties":{"hgv":"delivery"}},{"type":"Feature","geometry":{"type":"Point","coordinates":[6.494414,50.8048528]},"properties":{"hgv":"delivery"}},{"type":"Feature","geometry":{"type":"Point","coordinates":[6.4953813,50.8024662]},"properties":{"hgv":"delivery"}},{"type":"Feature","geometry":{"type":"Point","coordinates":[6.4956104,50.8020529]},"properties":{"hgv":"delivery"}},{"type":"Feature","geometry":{"type":"Point","coordinates":[6.974172,50.95732]},"properties":{"maxweight":"30"}},{"type":"Feature","geometry":{"type":"Point","coordinates":[6.9738526,50.9556119]},"properties":{"maxweight":"30"}},{"type":"Feature","geometry":{"type":"Point","coordinates":[6.9731372,50.9560458]},"properties":{"maxweight":"30"}},{"type":"Feature","geometry":{"type":"Point","coordinates":[6.8238106,50.1994746]},"properties":{"hgv":"delivery"}},{"type":"Feature","geometry":{"type":"Point","coordinates":[6.8262059,50.2003874]},"properties":{"hgv":"no"}},{"type":"Feature","geometry":{"type":"Point","coordinates":[6.0959247,50.7646365]},"properties":{"maxheight":"below_default"}},{"type":"Feature","geometry":{"type":"Point","coordinates":[6.7808079,50.0014492]},"properties":{"maxweight":"1.5"}},{"type":"Feature","geometry":{"type":"Point","coordinates":[6.9267913,50.9609525]},"properties":{"maxheight":"default"}},{"type":"Feature","geometry":{"type":"Point","coordinates":[6.9218731,50.9661012]},"properties":{"maxheight":"default"}},{"type":"Feature","geometry":{"type":"Point","coordinates":[6.8117212,50.7513215]},"properties":{"hgv":"no"}},{"type":"Feature","geometry":{"type":"Point","coordinates":[6.8133701,50.696946]},"properties":{"hgv":"destination","maxweight":"7.5"}},{"type":"Feature","geometry":{"type":"Point","coordinates":[6.8946798,50.9307865]},"properties":{"maxweight":"16"}},{"type":"Feature","geometry":{"type":"Point","coordinates":[6.9586512,50.9392803]},"properties":{"maxweight":"2.5"}},{"type":"Feature","geometry":{"type":"Point","coordinates":[6.9586564,50.9393571]},"properties":{"maxweight":"2.5"}},{"type":"Feature","geometry":{"type":"Point","coordinates":[6.9461446,50.9380856]},"properties":{"maxheight":"3.4","maxweight":"12"}},{"type":"Feature","geometry":{"type":"Point","coordinates":[6.9471511,50.9418257]},"properties":{"maxweight":"5"}},{"type":"Feature","geometry":{"type":"Point","coordinates":[6.9970052,50.904743]},"properties":{"maxheight":"default"}},{"type":"Feature","geometry":{"type":"Point","coordinates":[6.8012059,50.9992576]},"properties":{"maxheight":"2.2"}},{"type":"Feature","geometry":{"type":"Point","coordinates":[6.5332332,50.8473949]},"properties":{"maxheight":"default"}},{"type":"Feature","geometry":{"type":"Point","coordinates":[6.6348551,50.8906819]},"properties":{"maxheight":"default"}},{"type":"Feature","geometry":{"type":"Point","coordinates":[6.842867,50.9265081]},"properties":{"maxheight":"default"}},{"type":"Feature","geometry":{"type":"Point","coordinates":[6.843324,50.926238]},"properties":{"maxheight":"default"}},{"type":"Feature","geometry":{"type":"Point","coordinates":[6.7982192,50.8395848]},"properties":{"maxheight":"default"}},{"type":"Feature","geometry":{"type":"Point","coordinates":[6.8059403,50.7465988]},"properties":{"maxheight":"default"}},{"type":"Feature","geometry":{"type":"Point","coordinates":[6.9112016,50.9803305]},"properties":{"maxheight":"default"}},{"type":"Feature","geometry":{"type":"Point","coordinates":[6.8695058,50.7961581]},"properties":{"maxheight":"default"}},{"type":"Feature","geometry":{"type":"Point","coordinates":[6.8711781,50.7965655]},"properties":{"maxheight":"default"}},{"type":"Feature","geometry":{"type":"Point","coordinates":[6.9845504,50.9331301]},"properties":{"maxheight":"default"}},{"type":"Feature","geometry":{"type":"Point","coordinates":[6.8509635,50.9858626]},"properties":{"hgv":"destination"}},{"type":"Feature","geometry":{"type":"Point","coordinates":[6.551692,50.7370103]},"properties":{"hgv":"destination"}},{"type":"Feature","geometry":{"type":"Point","coordinates":[6.0770254,50.7829288]},"properties":{"maxheight":"below_default"}},{"type":"Feature","geometry":{"type":"Point","coordinates":[6.7096806,50.9149491]},"properties":{"maxheight":"default"}},{"type":"Feature","geometry":{"type":"Point","coordinates":[6.8272449,50.2504969]},"properties":{"maxheight":"2.75"}},{"type":"Feature","geometry":{"type":"Point","coordinates":[6.9838928,50.9340417]},"properties":{"maxheight":"default"}},{"type":"Feature","geometry":{"type":"Point","coordinates":[6.36834,50.9266727]},"properties":{"maxheight":"3.6"}},{"type":"Feature","geometry":{"type":"Point","coordinates":[6.5268433,50.8366637]},"properties":{"maxheight":"default"}},{"type":"Feature","geometry":{"type":"Point","coordinates":[6.8198105,50.9385519]},"properties":{"hgv":"no"}},{"type":"Feature","geometry":{"type":"Point","coordinates":[6.094337,50.7749908]},"properties":{"maxheight":"4"}},{"type":"Feature","geometry":{"type":"Point","coordinates":[6.4520316,50.8387427]},"properties":{"maxheight":"default"}},{"type":"Feature","geometry":{"type":"Point","coordinates":[6.205137,50.8571885]},"properties":{"maxheight":"default"}},{"type":"Feature","geometry":{"type":"Point","coordinates":[6.2175666,50.8637919]},"properties":{"maxheight":"default"}},{"type":"Feature","geometry":{"type":"Point","coordinates":[6.8289919,50.9561527]},"properties":{"hgv":"destination"}},{"type":"Feature","geometry":{"type":"Point","coordinates":[6.0822506,50.7789315]},"properties":{"maxheight":"default"}},{"type":"Feature","geometry":{"type":"Point","coordinates":[6.0831443,50.7787345]},"properties":{"maxheight":"default"}},{"type":"Feature","geometry":{"type":"Point","coordinates":[6.95777,50.9574974]},"properties":{"maxweightrating:hgv":"7.5"}},{"type":"Feature","geometry":{"type":"Point","coordinates":[6.9575991,50.9558005]},"properties":{"maxweightrating:hgv":"7.5"}},{"type":"Feature","geometry":{"type":"Point","coordinates":[6.9561085,50.9562508]},"properties":{"maxweightrating:hgv":"7.5"}},{"type":"Feature","geometry":{"type":"Point","coordinates":[6.9210557,50.944871]},"properties":{"maxheight":"2.3"}},{"type":"Feature","geometry":{"type":"Point","coordinates":[6.8366074,50.9381364]},"properties":{"maxheight":"default"}},{"type":"Feature","geometry":{"type":"Point","coordinates":[6.9513704,50.972388]},"properties":{"maxheight":"default"}},{"type":"Feature","geometry":{"type":"Point","coordinates":[6.8105529,50.5895166]},"properties":{"hgv":"no"}},{"type":"Feature","geometry":{"type":"Point","coordinates":[6.3931471,50.1628948]},"properties":{"maxheight":"default"}},{"type":"Feature","geometry":{"type":"Point","coordinates":[6.8930915,50.1704549]},"properties":{"maxheight":"default"}},{"type":"Feature","geometry":{"type":"Point","coordinates":[6.8971127,50.1806959]},"properties":{"maxheight":"default"}},{"type":"Feature","geometry":{"type":"Point","coordinates":[6.9035187,50.1861167]},"properties":{"maxheight":"default"}},{"type":"Feature","geometry":{"type":"Point","coordinates":[6.1727269,50.8289331]},"properties":{"maxheight":"default"}},{"type":"Feature","geometry":{"type":"Point","coordinates":[6.9176306,50.217113]},"properties":{"maxheight":"none"}},{"type":"Feature","geometry":{"type":"Point","coordinates":[6.9731138,50.9559122]},"properties":{"maxweight":"30"}},{"type":"Feature","geometry":{"type":"Point","coordinates":[6.9854983,50.9450828]},"properties":{"maxheight":"default"}},{"type":"Feature","geometry":{"type":"Point","coordinates":[6.9906928,50.9454298]},"properties":{"maxweight":"30"}},{"type":"Feature","geometry":{"type":"Point","coordinates":[6.9881302,50.9459533]},"properties":{"maxweight":"30"}},{"type":"Feature","geometry":{"type":"Point","coordinates":[6.988666,50.9456633]},"properties":{"maxweight":"30"}},{"type":"Feature","geometry":{"type":"Point","coordinates":[6.9900233,50.9456]},"properties":{"maxweight":"30"}},{"type":"Feature","geometry":{"type":"Point","coordinates":[6.9845519,50.9483377]},"properties":{"maxweight":"30"}},{"type":"Feature","geometry":{"type":"Point","coordinates":[6.9856043,50.9472838]},"properties":{"maxweight":"30"}},{"type":"Feature","geometry":{"type":"Point","coordinates":[6.7171608,50.8588233]},"properties":{"maxheight":"default"}},{"type":"Feature","geometry":{"type":"Point","coordinates":[6.7182204,50.8591769]},"properties":{"maxheight":"default"}},{"type":"Feature","geometry":{"type":"Point","coordinates":[6.9619032,50.8494129]},"properties":{"hgv":"yes"}},{"type":"Feature","geometry":{"type":"Point","coordinates":[6.9568346,50.9341079]},"properties":{"maxweight":"44"}},{"type":"Feature","geometry":{"type":"Point","coordinates":[6.9837157,50.9248503]},"properties":{"maxheight":"4"}},{"type":"Feature","geometry":{"type":"Point","coordinates":[6.8585568,50.9219091]},"properties":{"hgv":"destination"}},{"type":"Feature","geometry":{"type":"Point","coordinates":[6.580773,50.3452131]},"properties":{"hgv":"no"}},{"type":"Feature","geometry":{"type":"Point","coordinates":[6.9610939,50.9850605]},"properties":{"hgv":"destination","maxheight":"default"}},{"type":"Feature","geometry":{"type":"Point","coordinates":[6.9609823,50.9845763]},"properties":{"hgv":"destination","maxheight":"default"}},{"type":"Feature","geometry":{"type":"Point","coordinates":[6.9611226,50.9857529]},"properties":{"hgv":"destination"}},{"type":"Feature","geometry":{"type":"Point","coordinates":[6.9610824,50.9857544]},"properties":{"hgv":"destination"}},{"type":"Feature","geometry":{"type":"Point","coordinates":[6.757784,50.1752546]},"properties":{"hgv":"no"}},{"type":"Feature","geometry":{"type":"Point","coordinates":[6.2908746,50.8360217]},"properties":{"hgv":"no"}},{"type":"Feature","geometry":{"type":"Point","coordinates":[6.2931828,50.8360361]},"properties":{"hgv":"no"}},{"type":"Feature","geometry":{"type":"Point","coordinates":[6.0496176,50.800771]},"properties":{"maxweight":"7.5"}},{"type":"Feature","geometry":{"type":"Point","coordinates":[6.0631544,50.8145283]},"properties":{"hgv":"no"}},{"type":"Feature","geometry":{"type":"Point","coordinates":[6.0651758,50.8160021]},"properties":{"hgv":"no"}},{"type":"Feature","geometry":{"type":"Point","coordinates":[6.3586587,50.9152476]},"properties":{"hgv":"destination"}},{"type":"Feature","geometry":{"type":"Point","coordinates":[6.2344864,50.5734576]},"properties":{"maxweight":"7.5"}},{"type":"Feature","geometry":{"type":"Point","coordinates":[6.2369295,50.5747305]},"properties":{"maxweight":"7.5"}},{"type":"Feature","geometry":{"type":"Point","coordinates":[6.2383085,50.5751531]},"properties":{"maxweight":"7.5"}},{"type":"Feature","geometry":{"type":"Point","coordinates":[6.2417487,50.5767464]},"properties":{"maxweight":"7.5"}},{"type":"Feature","geometry":{"type":"Point","coordinates":[6.2457306,50.5766013]},"properties":{"maxweight":"7.5"}},{"type":"Feature","geometry":{"type":"Point","coordinates":[6.2522995,50.576488]},"properties":{"maxweight":"7.5"}},{"type":"Feature","geometry":{"type":"Point","coordinates":[6.9845702,50.8223054]},"properties":{"maxheight":"2"}},{"type":"Feature","geometry":{"type":"Point","coordinates":[6.0952476,50.8716519]},"properties":{"maxheight":"2.1"}},{"type":"Feature","geometry":{"type":"Point","coordinates":[6.9170695,50.7210217]},"properties":{"hgv":"destination"}},{"type":"Feature","geometry":{"type":"Point","coordinates":[6.9549945,50.937841]},"properties":{"maxheight":"default"}},{"type":"Feature","geometry":{"type":"Point","coordinates":[6.955066,50.9378555]},"properties":{"maxheight":"2"}},{"type":"Feature","geometry":{"type":"Point","coordinates":[6.9161859,50.1873859]},"properties":{"hgv":"destination"}},{"type":"Feature","geometry":{"type":"Point","coordinates":[6.8902731,50.1679847]},"properties":{"maxheight":"default"}},{"type":"Feature","geometry":{"type":"Point","coordinates":[6.9236722,50.9329282]},"properties":{"maxheight":"2.6"}},{"type":"Feature","geometry":{"type":"Point","coordinates":[6.9924299,50.915451]},"properties":{"hgv":"delivery"}},{"type":"Feature","geometry":{"type":"Point","coordinates":[6.9926139,50.9153137]},"properties":{"hgv":"delivery"}},{"type":"Feature","geometry":{"type":"Point","coordinates":[6.9918959,50.9158494]},"properties":{"hgv":"delivery","maxheight":"3.8"}},{"type":"Feature","geometry":{"type":"Point","coordinates":[6.9305592,50.9613444]},"properties":{"maxheight":"4"}},{"type":"Feature","geometry":{"type":"Point","coordinates":[6.8040899,50.882293]},"properties":{"maxheight":"default"}},{"type":"Feature","geometry":{"type":"Point","coordinates":[6.8494563,50.9464697]},"properties":{"maxheight":"default"}},{"type":"Feature","geometry":{"type":"Point","coordinates":[6.8498423,50.9692937]},"properties":{"maxheight":"default"}},{"type":"Feature","geometry":{"type":"Point","coordinates":[6.8505018,50.9694339]},"properties":{"maxheight":"default"}},{"type":"Feature","geometry":{"type":"Point","coordinates":[6.8516769,50.9777033]},"properties":{"maxheight":"default"}},{"type":"Feature","geometry":{"type":"Point","coordinates":[6.8505708,50.978219]},"properties":{"maxheight":"default"}},{"type":"Feature","geometry":{"type":"Point","coordinates":[6.9377329,50.947037]},"properties":{"maxheight":"default"}},{"type":"Feature","geometry":{"type":"Point","coordinates":[6.9374024,50.9468065]},"properties":{"maxheight":"default"}},{"type":"Feature","geometry":{"type":"Point","coordinates":[6.9374508,50.9468398]},"properties":{"maxlength":"10"}},{"type":"Feature","geometry":{"type":"Point","coordinates":[6.4579105,50.6311468]},"properties":{"maxweight":"1.5"}},{"type":"Feature","geometry":{"type":"Point","coordinates":[6.6371521,50.5919725]},"properties":{"maxweight":"3.5"}},{"type":"Feature","geometry":{"type":"Point","coordinates":[6.985472,50.9472256]},"properties":{"maxweight":"30"}},{"type":"Feature","geometry":{"type":"Point","coordinates":[6.9287261,50.9449299]},"properties":{"maxweightrating:hgv":"7.5"}},{"type":"Feature","geometry":{"type":"Point","coordinates":[6.147802,50.7992114]},"properties":{"maxheight":"default"}},{"type":"Feature","geometry":{"type":"Point","coordinates":[6.0802523,50.7759135]},"properties":{"maxheight":"3.2"}},{"type":"Feature","geometry":{"type":"Point","coordinates":[6.0799749,50.775925]},"properties":{"maxheight":"2.3"}},{"type":"Feature","geometry":{"type":"Point","coordinates":[6.9511589,50.9329764]},"properties":{"maxheight":"1.9"}},{"type":"Feature","geometry":{"type":"Point","coordinates":[6.2513439,50.5603515]},"properties":{"maxweight":"2.5"}},{"type":"Feature","geometry":{"type":"Point","coordinates":[6.2493757,50.5575975]},"properties":{"maxweight":"2.5"}},{"type":"Feature","geometry":{"type":"Point","coordinates":[6.9058711,50.0509482]},"properties":{"maxheight":"default"}},{"type":"Feature","geometry":{"type":"Point","coordinates":[6.9310601,50.0266354]},"properties":{"maxheight":"default"}},{"type":"Feature","geometry":{"type":"Point","coordinates":[6.9737693,50.2086483]},"properties":{"maxheight":"4"}},{"type":"Feature","geometry":{"type":"Point","coordinates":[6.9733748,50.2080494]},"properties":{"maxheight":"default"}},{"type":"Feature","geometry":{"type":"Point","coordinates":[6.5942753,50.0172578]},"properties":{"maxheight":"default"}},{"type":"Feature","geometry":{"type":"Point","coordinates":[6.7036056,50.0058766]},"properties":{"maxheight":"default"}},{"type":"Feature","geometry":{"type":"Point","coordinates":[6.4399748,50.1075354]},"properties":{"maxheight":"default"}},{"type":"Feature","geometry":{"type":"Point","coordinates":[6.6862071,50.0083979]},"properties":{"maxheight":"default"}},{"type":"Feature","geometry":{"type":"Point","coordinates":[6.460926,50.0835275]},"properties":{"maxheight":"default"}},{"type":"Feature","geometry":{"type":"Point","coordinates":[6.4478809,50.0940482]},"properties":{"maxheight":"default"}},{"type":"Feature","geometry":{"type":"Point","coordinates":[6.888155,50.9485279]},"properties":{"maxheight":"default"}},{"type":"Feature","geometry":{"type":"Point","coordinates":[6.8882704,50.9482827]},"properties":{"maxheight":"default"}},{"type":"Feature","geometry":{"type":"Point","coordinates":[6.9526595,50.9725261]},"properties":{"maxheight":"default"}},{"type":"Feature","geometry":{"type":"Point","coordinates":[6.8242743,50.9294346]},"properties":{"maxheight":"default"}},{"type":"Feature","geometry":{"type":"Point","coordinates":[6.8485652,50.9313736]},"properties":{"maxheight":"default"}},{"type":"Feature","geometry":{"type":"Point","coordinates":[6.8947437,50.9936893]},"properties":{"maxheight":"default"}},{"type":"Feature","geometry":{"type":"Point","coordinates":[6.894356,50.9932437]},"properties":{"maxheight":"default"}},{"type":"Feature","geometry":{"type":"Point","coordinates":[6.9178087,50.2886658]},"properties":{"hgv":"delivery"}},{"type":"Feature","geometry":{"type":"Point","coordinates":[6.9521046,50.9701715]},"properties":{"maxheight":"below_default"}},{"type":"Feature","geometry":{"type":"Point","coordinates":[6.0725457,50.7719544]},"properties":{"maxheight":"5"}},{"type":"Feature","geometry":{"type":"Point","coordinates":[6.0717826,50.7708695]},"properties":{"maxheight":"2.3"}},{"type":"Feature","geometry":{"type":"Point","coordinates":[6.0725854,50.7717833]},"properties":{"maxheight":"4"}},{"type":"Feature","geometry":{"type":"Point","coordinates":[6.0723248,50.770622]},"properties":{"maxheight":"2.5"}},{"type":"Feature","geometry":{"type":"Point","coordinates":[6.0712483,50.7710449]},"properties":{"maxheight":"2.3"}},{"type":"Feature","geometry":{"type":"Point","coordinates":[6.4751254,50.5294895]},"properties":{"maxheight":"3"}},{"type":"Feature","geometry":{"type":"Point","coordinates":[6.4748572,50.5292973]},"properties":{"maxheight":"3"}},{"type":"Feature","geometry":{"type":"Point","coordinates":[6.4759283,50.5293667]},"properties":{"maxheight":"3"}},{"type":"Feature","geometry":{"type":"Point","coordinates":[6.5558146,50.9846751]},"properties":{"maxheight":"default"}},{"type":"Feature","geometry":{"type":"Point","coordinates":[6.70739,50.8755383]},"properties":{"maxheight":"default"}},{"type":"Feature","geometry":{"type":"Point","coordinates":[6.7612154,50.8367781]},"properties":{"maxheight":"default"}},{"type":"Feature","geometry":{"type":"Point","coordinates":[6.7612887,50.9273678]},"properties":{"maxheight":"default"}},{"type":"Feature","geometry":{"type":"Point","coordinates":[6.124925,50.7972077]},"properties":{"maxheight":"2"}},{"type":"Feature","geometry":{"type":"Point","coordinates":[6.6990629,50.8904104]},"properties":{"maxheight":"default"}},{"type":"Feature","geometry":{"type":"Point","coordinates":[6.699823,50.8894135]},"properties":{"maxheight":"default"}},{"type":"Feature","geometry":{"type":"Point","coordinates":[6.6998254,50.889111]},"properties":{"maxheight":"default"}},{"type":"Feature","geometry":{"type":"Point","coordinates":[6.8496309,50.9364141]},"properties":{"maxheight":"default"}},{"type":"Feature","geometry":{"type":"Point","coordinates":[6.9259065,50.9618616]},"properties":{"maxheight":"default"}},{"type":"Feature","geometry":{"type":"Point","coordinates":[6.9266193,50.9609271]},"properties":{"maxheight":"default"}},{"type":"Feature","geometry":{"type":"Point","coordinates":[6.9792755,50.9400624]},"properties":{"maxheight":"3.1"}},{"type":"Feature","geometry":{"type":"Point","coordinates":[6.4599916,50.7288274]},"properties":{"maxweight":"30"}},{"type":"Feature","geometry":{"type":"Point","coordinates":[6.9550133,50.9376253]},"properties":{"maxheight":"1.9"}},{"type":"Feature","geometry":{"type":"Point","coordinates":[6.7222337,50.6481735]},"properties":{"maxheight":"default"}},{"type":"Feature","geometry":{"type":"Point","coordinates":[6.311963,50.8312059]},"properties":{"maxheight":"default"}},{"type":"Feature","geometry":{"type":"Point","coordinates":[6.2932818,50.8296552]},"properties":{"maxheight":"default"}},{"type":"Feature","geometry":{"type":"Point","coordinates":[6.3501929,50.9515917]},"properties":{"maxheight":"default"}},{"type":"Feature","geometry":{"type":"Point","coordinates":[6.3177624,50.910827]},"properties":{"maxheight":"default"}},{"type":"Feature","geometry":{"type":"Point","coordinates":[6.3746868,50.9764721]},"properties":{"maxheight":"default"}},{"type":"Feature","geometry":{"type":"Point","coordinates":[6.3243517,50.9147202]},"properties":{"maxheight":"default"}},{"type":"Feature","geometry":{"type":"Point","coordinates":[6.0860574,50.7706261]},"properties":{"maxweight":"16"}},{"type":"Feature","geometry":{"type":"Point","coordinates":[6.9908839,50.5165406]},"properties":{"maxheight":"4"}},{"type":"Feature","geometry":{"type":"Point","coordinates":[6.929941,50.9552153]},"properties":{"hgv":"destination"}},{"type":"Feature","geometry":{"type":"Point","coordinates":[6.5448946,50.393376]},"properties":{"hgv":"delivery"}},{"type":"Feature","geometry":{"type":"Point","coordinates":[6.060383,50.8281371]},"properties":{"maxweight":"9"}},{"type":"Feature","geometry":{"type":"Point","coordinates":[6.116945,50.9203966]},"properties":{"hgv":"delivery"}},{"type":"Feature","geometry":{"type":"Point","coordinates":[6.9830578,50.9302133]},"properties":{"maxheight":"default"}},{"type":"Feature","geometry":{"type":"Point","coordinates":[6.763774,50.5461502]},"properties":{"hgv":"no"}},{"type":"Feature","geometry":{"type":"Point","coordinates":[6.9945824,50.9147013]},"properties":{"maxheight":"default"}},{"type":"Feature","geometry":{"type":"Point","coordinates":[6.9946128,50.9147334]},"properties":{"maxheight":"default"}},{"type":"Feature","geometry":{"type":"Point","coordinates":[6.9943341,50.9144157]},"properties":{"maxheight":"default"}},{"type":"Feature","geometry":{"type":"Point","coordinates":[6.3021464,50.006606]},"properties":{"maxheight":"none"}},{"type":"Feature","geometry":{"type":"Point","coordinates":[6.7630428,50.5570713]},"properties":{"maxheight":"3.60","maxwidth":"3.30"}},{"type":"Feature","geometry":{"type":"Point","coordinates":[6.8697915,50.0930343]},"properties":{"maxheight":"default"}},{"type":"Feature","geometry":{"type":"Point","coordinates":[6.9977978,50.9130358]},"properties":{"maxheight":"default"}},{"type":"Feature","geometry":{"type":"Point","coordinates":[6.9978277,50.9130672]},"properties":{"maxheight":"default"}},{"type":"Feature","geometry":{"type":"Point","coordinates":[6.9975181,50.9131926]},"properties":{"maxheight":"default"}},{"type":"Feature","geometry":{"type":"Point","coordinates":[6.9978859,50.9130549]},"properties":{"maxheight":"default"}},{"type":"Feature","geometry":{"type":"Point","coordinates":[6.8736576,50.7384641]},"properties":{"hgv":"designated"}},{"type":"Feature","geometry":{"type":"Point","coordinates":[6.1369452,50.8572658]},"properties":{"hgv":"destination"}},{"type":"Feature","geometry":{"type":"Point","coordinates":[6.9793133,50.9401043]},"properties":{"maxheight":"3.1"}},{"type":"Feature","geometry":{"type":"Point","coordinates":[6.6881411,50.8915409]},"properties":{"maxheight":"default"}},{"type":"Feature","geometry":{"type":"Point","coordinates":[6.2470559,50.5548504]},"properties":{"maxweight":"2.5"}},{"type":"Feature","geometry":{"type":"Point","coordinates":[6.2475379,50.5550654]},"properties":{"maxweight":"2.5"}},{"type":"Feature","geometry":{"type":"Point","coordinates":[6.0946239,50.7676232]},"properties":{"maxheight":"3.8"}},{"type":"Feature","geometry":{"type":"Point","coordinates":[6.9568924,50.9261064]},"properties":{"maxheight":"2"}},{"type":"Feature","geometry":{"type":"Point","coordinates":[6.239236,50.5575182]},"properties":{"maxwidth":"2","maxweight":"2.5"}},{"type":"Feature","geometry":{"type":"Point","coordinates":[6.2395668,50.5559139]},"properties":{"maxwidth":"2","maxweight":"2.5"}},{"type":"Feature","geometry":{"type":"Point","coordinates":[6.2367519,50.5591174]},"properties":{"maxweight":"2.5"}},{"type":"Feature","geometry":{"type":"Point","coordinates":[6.3720244,50.9734489]},"properties":{"maxheight":"default"}},{"type":"Feature","geometry":{"type":"Point","coordinates":[6.9143688,50.97239]},"properties":{"hgv":"no"}},{"type":"Feature","geometry":{"type":"Point","coordinates":[6.9895346,50.945513]},"properties":{"maxweight":"30"}},{"type":"Feature","geometry":{"type":"Point","coordinates":[6.977443,50.9533404]},"properties":{"maxweight":"30"}},{"type":"Feature","geometry":{"type":"Point","coordinates":[6.3200767,50.966526]},"properties":{"maxheight":"3.6"}},{"type":"Feature","geometry":{"type":"Point","coordinates":[6.3202226,50.9665774]},"properties":{"maxheight":"3.6"}},{"type":"Feature","geometry":{"type":"Point","coordinates":[6.3357334,50.9521794]},"properties":{"maxheight":"2.98"}},{"type":"Feature","geometry":{"type":"Point","coordinates":[6.2795678,50.7796157]},"properties":{"hgv":"destination"}},{"type":"Feature","geometry":{"type":"Point","coordinates":[6.2815395,50.780636]},"properties":{"hgv":"destination"}},{"type":"Feature","geometry":{"type":"Point","coordinates":[6.9335977,50.9432422]},"properties":{"maxheight":"3.6"}},{"type":"Feature","geometry":{"type":"Point","coordinates":[6.3330371,50.5643419]},"properties":{"maxweight":"12"}},{"type":"Feature","geometry":{"type":"Point","coordinates":[6.9111611,50.9474401]},"properties":{"maxweight":"16"}},{"type":"Feature","geometry":{"type":"Point","coordinates":[6.9111543,50.9476585]},"properties":{"maxweight":"16"}},{"type":"Feature","geometry":{"type":"Point","coordinates":[6.9109789,50.9472174]},"properties":{"maxweight":"16"}},{"type":"Feature","geometry":{"type":"Point","coordinates":[6.2890856,50.7820983]},"properties":{"hgv":"destination"}},{"type":"Feature","geometry":{"type":"Point","coordinates":[6.0975958,50.9261731]},"properties":{"maxheight":"3.6"}},{"type":"Feature","geometry":{"type":"Point","coordinates":[6.8710121,50.6151825]},"properties":{"maxweight":"3.5"}},{"type":"Feature","geometry":{"type":"Point","coordinates":[6.8707272,50.6147289]},"properties":{"maxweight":"3.5"}},{"type":"Feature","geometry":{"type":"Point","coordinates":[6.7654001,50.5562498]},"properties":{"maxwidth":"1.00"}},{"type":"Feature","geometry":{"type":"Point","coordinates":[6.8066626,50.6609641]},"properties":{"hgv":"delivery","maxweight":"7.5"}},{"type":"Feature","geometry":{"type":"Point","coordinates":[6.9459825,50.9810638]},"properties":{"maxweight":"3.5"}},{"type":"Feature","geometry":{"type":"Point","coordinates":[6.2016187,50.9164743]},"properties":{"hgv":"delivery"}},{"type":"Feature","geometry":{"type":"Point","coordinates":[6.8556019,50.1766796]},"properties":{"maxheight":"none"}},{"type":"Feature","geometry":{"type":"Point","coordinates":[6.8597641,50.166042]},"properties":{"maxheight":"none"}},{"type":"Feature","geometry":{"type":"Point","coordinates":[6.9499472,50.9548233]},"properties":{"maxweightrating:hgv":"7.5"}},{"type":"Feature","geometry":{"type":"Point","coordinates":[6.9891594,50.9667352]},"properties":{"maxheight":"2.8"}},{"type":"Feature","geometry":{"type":"Point","coordinates":[6.9777267,50.9709187]},"properties":{"maxweight":"3.5"}},{"type":"Feature","geometry":{"type":"Point","coordinates":[6.9901463,50.9660144]},"properties":{"maxweight":"30"}},{"type":"Feature","geometry":{"type":"Point","coordinates":[6.8853628,50.6500027]},"properties":{"maxweight":"6"}},{"type":"Feature","geometry":{"type":"Point","coordinates":[6.4622113,50.8346209]},"properties":{"hgv":"designated"}},{"type":"Feature","geometry":{"type":"Point","coordinates":[6.0686322,50.8224705]},"properties":{"maxheight":"3.4"}},{"type":"Feature","geometry":{"type":"Point","coordinates":[6.4770159,50.5304655]},"properties":{"maxweight":"12"}},{"type":"Feature","geometry":{"type":"Point","coordinates":[6.7988999,50.9602961]},"properties":{"hgv":"destination"}},{"type":"Feature","geometry":{"type":"Point","coordinates":[6.8664255,50.9374579]},"properties":{"hgv":"no"}},{"type":"Feature","geometry":{"type":"Point","coordinates":[6.918319,50.9517458]},"properties":{"maxheight":"3.2"}},{"type":"Feature","geometry":{"type":"Point","coordinates":[6.9931526,50.9014055]},"properties":{"maxheight":"default"}},{"type":"Feature","geometry":{"type":"Point","coordinates":[6.7659736,50.5537133]},"properties":{"hgv":"no"}},{"type":"Feature","geometry":{"type":"Point","coordinates":[6.2301455,50.7679662]},"properties":{"maxheight":"default"}},{"type":"Feature","geometry":{"type":"Point","coordinates":[6.244884,50.7547489]},"properties":{"maxheight":"4.6"}},{"type":"Feature","geometry":{"type":"Point","coordinates":[6.1219825,50.7695003]},"properties":{"hgv":"no"}},{"type":"Feature","geometry":{"type":"Point","coordinates":[6.06309,50.7967074]},"properties":{"maxheight":"default"}},{"type":"Feature","geometry":{"type":"Point","coordinates":[6.3860071,50.1898577]},"properties":{"maxheight":"default"}},{"type":"Feature","geometry":{"type":"Point","coordinates":[6.9726872,50.8457617]},"properties":{"hgv":"delivery"}},{"type":"Feature","geometry":{"type":"Point","coordinates":[6.2400803,50.5571697]},"properties":{"maxweight":"2.5"}},{"type":"Feature","geometry":{"type":"Point","coordinates":[6.6638504,50.0178281]},"properties":{"maxheight":"default"}},{"type":"Feature","geometry":{"type":"Point","coordinates":[6.6850747,50.0085011]},"properties":{"maxheight":"default"}},{"type":"Feature","geometry":{"type":"Point","coordinates":[6.5269808,50.0387348]},"properties":{"maxheight":"default"}},{"type":"Feature","geometry":{"type":"Point","coordinates":[6.1209478,50.7182958]},"properties":{"hgv":"yes"}},{"type":"Feature","geometry":{"type":"Point","coordinates":[6.9125828,50.9463643]},"properties":{"maxheight":"below_default"}},{"type":"Feature","geometry":{"type":"Point","coordinates":[6.9123047,50.9455924]},"properties":{"maxheight":"below_default"}},{"type":"Feature","geometry":{"type":"Point","coordinates":[6.8962266,50.8710273]},"properties":{"hgv":"no"}},{"type":"Feature","geometry":{"type":"Point","coordinates":[6.889468,50.8751808]},"properties":{"hgv":"delivery"}},{"type":"Feature","geometry":{"type":"Point","coordinates":[6.8901958,50.8750021]},"properties":{"hgv":"delivery"}},{"type":"Feature","geometry":{"type":"Point","coordinates":[6.9079542,50.9519445]},"properties":{"maxheight":"2.2"}},{"type":"Feature","geometry":{"type":"Point","coordinates":[6.4289748,50.1244861]},"properties":{"hgv":"designated"}},{"type":"Feature","geometry":{"type":"Point","coordinates":[6.4297633,50.1252713]},"properties":{"hgv":"designated"}},{"type":"Feature","geometry":{"type":"Point","coordinates":[6.4410104,50.1060052]},"properties":{"maxheight":"default"}},{"type":"Feature","geometry":{"type":"Point","coordinates":[6.3192791,50.208779]},"properties":{"maxheight":"default"}},{"type":"Feature","geometry":{"type":"Point","coordinates":[6.6136944,50.9589278]},"properties":{"hgv":"no"}},{"type":"Feature","geometry":{"type":"Point","coordinates":[6.9765303,50.1088247]},"properties":{"maxweight":"9"}},{"type":"Feature","geometry":{"type":"Point","coordinates":[6.0699328,50.7660542]},"properties":{"maxweight":"7.5"}},{"type":"Feature","geometry":{"type":"Point","coordinates":[6.9734892,50.9325467]},"properties":{"maxweightrating:hgv":"7.5"}},{"type":"Feature","geometry":{"type":"Point","coordinates":[6.9083741,50.9953925]},"properties":{"hgv":"destination"}},{"type":"Feature","geometry":{"type":"Point","coordinates":[6.9028639,50.992138]},"properties":{"hgv":"destination"}},{"type":"Feature","geometry":{"type":"Point","coordinates":[6.9029235,50.9922465]},"properties":{"hgv":"destination"}},{"type":"Feature","geometry":{"type":"Point","coordinates":[6.8987389,50.9955923]},"properties":{"hgv":"destination"}},{"type":"Feature","geometry":{"type":"Point","coordinates":[6.8992034,50.9953027]},"properties":{"hgv":"destination"}},{"type":"Feature","geometry":{"type":"Point","coordinates":[6.5625315,50.9958289]},"properties":{"hgv":"destination"}},{"type":"Feature","geometry":{"type":"Point","coordinates":[6.8475685,50.9250793]},"properties":{"maxheight":"default"}},{"type":"Feature","geometry":{"type":"Point","coordinates":[6.9866073,50.9296056]},"properties":{"maxheight":"default"}},{"type":"Feature","geometry":{"type":"Point","coordinates":[6.5505137,50.9674267]},"properties":{"maxweight":"12"}},{"type":"Feature","geometry":{"type":"Point","coordinates":[6.9425801,50.9105553]},"properties":{"maxheight":"default"}},{"type":"Feature","geometry":{"type":"Point","coordinates":[6.949671,50.8996087]},"properties":{"maxheight":"3.5"}},{"type":"Feature","geometry":{"type":"Point","coordinates":[6.0586021,50.7948349]},"properties":{"hgv":"destination"}},{"type":"Feature","geometry":{"type":"Point","coordinates":[6.9703623,50.6261808]},"properties":{"maxheight":"none"}},{"type":"Feature","geometry":{"type":"Point","coordinates":[6.2168458,50.7790432]},"properties":{"hgv":"destination"}},{"type":"Feature","geometry":{"type":"Point","coordinates":[6.0670746,50.7951441]},"properties":{"maxheight":"3.5"}},{"type":"Feature","geometry":{"type":"Point","coordinates":[6.8465281,50.9257339]},"properties":{"maxheight":"default"}},{"type":"Feature","geometry":{"type":"Point","coordinates":[6.105153,50.7737519]},"properties":{"maxheight":"1.95"}},{"type":"Feature","geometry":{"type":"Point","coordinates":[6.0891679,50.7683628]},"properties":{"maxheight":"default"}},{"type":"Feature","geometry":{"type":"Point","coordinates":[6.0877961,50.7666062]},"properties":{"maxweight":"7.5 t"}},{"type":"Feature","geometry":{"type":"Point","coordinates":[6.1014486,50.7808234]},"properties":{"maxheight":"3.6"}},{"type":"Feature","geometry":{"type":"Point","coordinates":[6.404588,50.8859376]},"properties":{"maxweight":"6"}},{"type":"Feature","geometry":{"type":"Point","coordinates":[6.7654694,50.5562911]},"properties":{"maxwidth":"1.00"}},{"type":"Feature","geometry":{"type":"Point","coordinates":[6.765574,50.5563409]},"properties":{"maxwidth":"1.00"}},{"type":"Feature","geometry":{"type":"Point","coordinates":[6.038727,50.7729268]},"properties":{"maxheight":"1.3"}},{"type":"Feature","geometry":{"type":"Point","coordinates":[6.2968879,50.9362632]},"properties":{"hgv":"destination"}},{"type":"Feature","geometry":{"type":"Point","coordinates":[6.0553883,50.7684318]},"properties":{"maxheight":"default"}},{"type":"Feature","geometry":{"type":"Point","coordinates":[6.0744493,50.7838184]},"properties":{"maxheight":"4.1"}},{"type":"Feature","geometry":{"type":"Point","coordinates":[6.0705562,50.7651995]},"properties":{"maxheight":"default"}},{"type":"Feature","geometry":{"type":"Point","coordinates":[6.1120052,50.7758305]},"properties":{"maxheight":"4"}},{"type":"Feature","geometry":{"type":"Point","coordinates":[6.1257927,50.7779191]},"properties":{"maxheight":"3.8"}},{"type":"Feature","geometry":{"type":"Point","coordinates":[6.0812934,50.7647594]},"properties":{"maxheight":"default"}},{"type":"Feature","geometry":{"type":"Point","coordinates":[6.0972063,50.7624472]},"properties":{"maxheight":"3.9","maxweight":"3.5"}},{"type":"Feature","geometry":{"type":"Point","coordinates":[6.0973339,50.7625899]},"properties":{"maxweight":"3.5"}},{"type":"Feature","geometry":{"type":"Point","coordinates":[6.3123985,50.9241047]},"properties":{"maxweight":"7.5"}},{"type":"Feature","geometry":{"type":"Point","coordinates":[6.9017998,50.9934388]},"properties":{"hgv":"destination"}},{"type":"Feature","geometry":{"type":"Point","coordinates":[6.815619,50.9527512]},"properties":{"hgv":"destination"}},{"type":"Feature","geometry":{"type":"Point","coordinates":[6.8358629,50.9383857]},"properties":{"maxheight":"default"}},{"type":"Feature","geometry":{"type":"Point","coordinates":[6.0391734,50.7727323]},"properties":{"maxheight":"1.3"}},{"type":"Feature","geometry":{"type":"Point","coordinates":[6.9101627,50.9450513]},"properties":{"maxheight":"7.5"}},{"type":"Feature","geometry":{"type":"Point","coordinates":[6.4976837,50.5740008]},"properties":{"maxheight":"3"}},{"type":"Feature","geometry":{"type":"Point","coordinates":[6.9747923,50.9317712]},"properties":{"maxheight":"4"}},{"type":"Feature","geometry":{"type":"Point","coordinates":[6.0809595,50.771467]},"properties":{"maxheight":"3.5"}},{"type":"Feature","geometry":{"type":"Point","coordinates":[6.8123636,50.8126232]},"properties":{"hgv":"delivery"}},{"type":"Feature","geometry":{"type":"Point","coordinates":[6.8465664,50.7871669]},"properties":{"hgv":"no"}},{"type":"Feature","geometry":{"type":"Point","coordinates":[6.8442227,50.7872045]},"properties":{"hgv":"no"}},{"type":"Feature","geometry":{"type":"Point","coordinates":[6.9554369,50.9383014]},"properties":{"maxheight":"3.30"}},{"type":"Feature","geometry":{"type":"Point","coordinates":[6.9902798,50.9387314]},"properties":{"maxheight":"default"}},{"type":"Feature","geometry":{"type":"Point","coordinates":[6.8895048,50.8799246]},"properties":{"maxheight":"3.0 m"}},{"type":"Feature","geometry":{"type":"Point","coordinates":[6.8870686,50.8789788]},"properties":{"maxheight":"3"}},{"type":"Feature","geometry":{"type":"Point","coordinates":[6.0725817,50.795122]},"properties":{"maxheight":"below_default"}},{"type":"Feature","geometry":{"type":"Point","coordinates":[6.9050716,50.8920217]},"properties":{"maxweight":"2.8"}},{"type":"Feature","geometry":{"type":"Point","coordinates":[6.9532053,50.9403719]},"properties":{"maxheight":"default"}},{"type":"Feature","geometry":{"type":"Point","coordinates":[6.5635288,50.5038182]},"properties":{"maxheight":"2.5"}},{"type":"Feature","geometry":{"type":"Point","coordinates":[6.5633721,50.5031404]},"properties":{"maxheight":"2.5"}},{"type":"Feature","geometry":{"type":"Point","coordinates":[6.7911192,50.6578882]},"properties":{"maxheight":"3.2"}},{"type":"Feature","geometry":{"type":"Point","coordinates":[6.8075882,50.7478862]},"properties":{"maxheight":"default"}},{"type":"Feature","geometry":{"type":"Point","coordinates":[6.8283811,50.2499157]},"properties":{"maxheight":"default"}},{"type":"Feature","geometry":{"type":"Point","coordinates":[6.8820447,50.1559171]},"properties":{"maxheight":"default"}},{"type":"Feature","geometry":{"type":"Point","coordinates":[6.6822095,50.6048887]},"properties":{"hgv":"destination"}},{"type":"Feature","geometry":{"type":"Point","coordinates":[6.6690125,50.6038089]},"properties":{"hgv":"destination"}},{"type":"Feature","geometry":{"type":"Point","coordinates":[6.6653837,50.5914131]},"properties":{"hgv":"delivery"}},{"type":"Feature","geometry":{"type":"Point","coordinates":[6.902579,50.9605789]},"properties":{"hgv":"destination"}},{"type":"Feature","geometry":{"type":"Point","coordinates":[6.9054298,50.9594365]},"properties":{"hgv":"destination"}},{"type":"Feature","geometry":{"type":"Point","coordinates":[6.9865672,50.7631649]},"properties":{"maxweight":"7.5"}},{"type":"Feature","geometry":{"type":"Point","coordinates":[6.0224535,50.8479564]},"properties":{"hgv":"no"}},{"type":"Feature","geometry":{"type":"Point","coordinates":[6.5985789,50.0600622]},"properties":{"maxweight":"16"}},{"type":"Feature","geometry":{"type":"Point","coordinates":[6.0645135,50.7705158]},"properties":{"maxheight":"2.5"}},{"type":"Feature","geometry":{"type":"Point","coordinates":[6.9964986,50.5180106]},"properties":{"maxheight":"default"}},{"type":"Feature","geometry":{"type":"Point","coordinates":[6.6531416,50.5926119]},"properties":{"hgv":"destination"}},{"type":"Feature","geometry":{"type":"Point","coordinates":[6.8511758,50.9856726]},"properties":{"hgv":"destination"}},{"type":"Feature","geometry":{"type":"Point","coordinates":[6.8865881,50.934122]},"properties":{"hgv":"destination"}},{"type":"Feature","geometry":{"type":"Point","coordinates":[6.9633745,50.9323493]},"properties":{"goods":"delivery"}},{"type":"Feature","geometry":{"type":"Point","coordinates":[6.5769803,50.1383367]},"properties":{"maxweight":"3.5"}},{"type":"Feature","geometry":{"type":"Point","coordinates":[6.9773595,50.9580497]},"properties":{"maxheight":"default"}},{"type":"Feature","geometry":{"type":"Point","coordinates":[6.9774618,50.9579823]},"properties":{"maxheight":"default"}},{"type":"Feature","geometry":{"type":"Point","coordinates":[6.7484696,50.8731252]},"properties":{"hgv":"yes"}},{"type":"Feature","geometry":{"type":"Point","coordinates":[6.7481481,50.874074]},"properties":{"hgv":"yes"}},{"type":"Feature","geometry":{"type":"Point","coordinates":[6.7475442,50.8738994]},"properties":{"hgv":"yes"}},{"type":"Feature","geometry":{"type":"Point","coordinates":[6.7478677,50.8729524]},"properties":{"hgv":"yes"}},{"type":"Feature","geometry":{"type":"Point","coordinates":[6.7472353,50.873807]},"properties":{"hgv":"yes"}},{"type":"Feature","geometry":{"type":"Point","coordinates":[6.7469494,50.873716]},"properties":{"hgv":"yes"}},{"type":"Feature","geometry":{"type":"Point","coordinates":[6.7378636,50.0363547]},"properties":{"maxheight":"none"}},{"type":"Feature","geometry":{"type":"Point","coordinates":[6.944671,50.8039512]},"properties":{"maxweight":"2.5"}},{"type":"Feature","geometry":{"type":"Point","coordinates":[6.3802516,50.2732924]},"properties":{"maxweight":"7.5"}},{"type":"Feature","geometry":{"type":"Point","coordinates":[6.6308433,50.9184094]},"properties":{"hgv":"no"}},{"type":"Feature","geometry":{"type":"Point","coordinates":[6.9601588,50.9962921]},"properties":{"hgv":"delivery"}},{"type":"Feature","geometry":{"type":"Point","coordinates":[6.9610537,50.9942036]},"properties":{"hgv":"delivery"}},{"type":"Feature","geometry":{"type":"Point","coordinates":[6.6722759,50.9887519]},"properties":{"hgv":"destination"}},{"type":"Feature","geometry":{"type":"Point","coordinates":[6.5502856,50.9693454]},"properties":{"maxweight":"12"}},{"type":"Feature","geometry":{"type":"Point","coordinates":[6.9242799,50.9522648]},"properties":{"maxheight":"default"}},{"type":"Feature","geometry":{"type":"Point","coordinates":[6.937255,50.7410233]},"properties":{"hgv":"agricultural"}},{"type":"Feature","geometry":{"type":"Point","coordinates":[6.9417963,50.968428]},"properties":{"maxheight":"4"}},{"type":"Feature","geometry":{"type":"Point","coordinates":[6.6086158,50.9628625]},"properties":{"hgv":"no"}},{"type":"Feature","geometry":{"type":"Point","coordinates":[6.0772436,50.7676315]},"properties":{"maxheight":"default"}},{"type":"Feature","geometry":{"type":"Point","coordinates":[6.0781548,50.7678244]},"properties":{"maxheight":"2.1","maxweight":"2.5"}},{"type":"Feature","geometry":{"type":"Point","coordinates":[6.9821676,50.9389843]},"properties":{"maxheight":"1.8"}},{"type":"Feature","geometry":{"type":"Point","coordinates":[6.9818717,50.937853]},"properties":{"maxheight":"1.8"}},{"type":"Feature","geometry":{"type":"Point","coordinates":[6.958219,50.6253064]},"properties":{"maxheight":"default"}},{"type":"Feature","geometry":{"type":"Point","coordinates":[6.9933752,50.8920241]},"properties":{"hgv":"no"}},{"type":"Feature","geometry":{"type":"Point","coordinates":[6.8817422,50.9417683]},"properties":{"maxheight":"default"}},{"type":"Feature","geometry":{"type":"Point","coordinates":[6.8733355,50.9488683]},"properties":{"maxheight":"default"}},{"type":"Feature","geometry":{"type":"Point","coordinates":[6.8710013,50.9522163]},"properties":{"maxheight":"default"}},{"type":"Feature","geometry":{"type":"Point","coordinates":[6.8751573,50.9470748]},"properties":{"maxheight":"default"}},{"type":"Feature","geometry":{"type":"Point","coordinates":[6.2422524,50.5548803]},"properties":{"maxwidth":"2.5"}},{"type":"Feature","geometry":{"type":"Point","coordinates":[6.2419144,50.5548999]},"properties":{"maxwidth":"2.5"}},{"type":"Feature","geometry":{"type":"Point","coordinates":[6.2370675,50.554003]},"properties":{"maxweight":"2.5"}},{"type":"Feature","geometry":{"type":"Point","coordinates":[6.7059666,50.9049024]},"properties":{"maxheight":"5"}},{"type":"Feature","geometry":{"type":"Point","coordinates":[6.994032,50.893116]},"properties":{"maxheight":"3.5"}},{"type":"Feature","geometry":{"type":"Point","coordinates":[6.9449841,50.9879068]},"properties":{"maxheight":"3"}},{"type":"Feature","geometry":{"type":"Point","coordinates":[6.4776402,50.363438]},"properties":{"maxheight":"2"}},{"type":"Feature","geometry":{"type":"Point","coordinates":[6.1563362,50.7887431]},"properties":{"maxweightrating:hgv":"7.5"}},{"type":"Feature","geometry":{"type":"Point","coordinates":[6.9533094,50.9403794]},"properties":{"maxheight":"default"}},{"type":"Feature","geometry":{"type":"Point","coordinates":[6.9103812,50.9474315]},"properties":{"maxweight":"16"}},{"type":"Feature","geometry":{"type":"Point","coordinates":[6.9731936,50.9408397]},"properties":{"maxheight":"default"}},{"type":"Feature","geometry":{"type":"Point","coordinates":[6.2646493,50.8185348]},"properties":{"maxweight":"60"}},{"type":"Feature","geometry":{"type":"Point","coordinates":[6.0820761,50.8464927]},"properties":{"maxheight":"below_default"}},{"type":"Feature","geometry":{"type":"Point","coordinates":[6.1402999,50.7767336]},"properties":{"hgv":"destination"}},{"type":"Feature","geometry":{"type":"Point","coordinates":[6.1407955,50.7768128]},"properties":{"hgv":"destination"}},{"type":"Feature","geometry":{"type":"Point","coordinates":[6.1413821,50.7770052]},"properties":{"hgv":"destination"}},{"type":"Feature","geometry":{"type":"Point","coordinates":[6.6101097,50.4351262]},"properties":{"maxheight":"default"}},{"type":"Feature","geometry":{"type":"Point","coordinates":[6.6322355,50.0201779]},"properties":{"maxheight":"default"}},{"type":"Feature","geometry":{"type":"Point","coordinates":[6.2298082,50.8240424]},"properties":{"maxheight":"default"}},{"type":"Feature","geometry":{"type":"Point","coordinates":[6.9317675,50.8631424]},"properties":{"hgv":"no"}},{"type":"Feature","geometry":{"type":"Point","coordinates":[6.093908,50.758848]},"properties":{"maxheight":"below_default"}},{"type":"Feature","geometry":{"type":"Point","coordinates":[6.3869264,50.8354586]},"properties":{"maxheight":"default"}},{"type":"Feature","geometry":{"type":"Point","coordinates":[6.7854145,50.6603267]},"properties":{"maxheight":"below_default"}},{"type":"Feature","geometry":{"type":"Point","coordinates":[6.8238572,50.6516373]},"properties":{"hgv":"delivery","maxweight":"7.5"}},{"type":"Feature","geometry":{"type":"Point","coordinates":[6.8353996,50.6493309]},"properties":{"hgv":"delivery","maxweight":"7.5"}},{"type":"Feature","geometry":{"type":"Point","coordinates":[6.9632089,50.9351873]},"properties":{"maxheight":"default"}},{"type":"Feature","geometry":{"type":"Point","coordinates":[6.9877365,50.9458497]},"properties":{"maxheight":"4"}},{"type":"Feature","geometry":{"type":"Point","coordinates":[6.9837297,50.9451024]},"properties":{"maxheight":"default"}},{"type":"Feature","geometry":{"type":"Point","coordinates":[6.0445288,50.7756056]},"properties":{"maxweight":"7.5"}},{"type":"Feature","geometry":{"type":"Point","coordinates":[6.1120811,50.77585]},"properties":{"maxheight":"4"}},{"type":"Feature","geometry":{"type":"Point","coordinates":[6.1683347,50.7658179]},"properties":{"hgv":"destination"}},{"type":"Feature","geometry":{"type":"Point","coordinates":[6.972109,50.9382883]},"properties":{"maxheight":"2.20"}},{"type":"Feature","geometry":{"type":"Point","coordinates":[6.1020986,50.7794888]},"properties":{"hgv":"no"}},{"type":"Feature","geometry":{"type":"Point","coordinates":[6.0905083,50.7776319]},"properties":{"maxheight":"default"}},{"type":"Feature","geometry":{"type":"Point","coordinates":[6.9687245,50.6783347]},"properties":{"hgv":"delivery"}},{"type":"Feature","geometry":{"type":"Point","coordinates":[6.7015938,50.2831352]},"properties":{"maxlength":"18.75"}},{"type":"Feature","geometry":{"type":"Point","coordinates":[6.9732667,50.9414984]},"properties":{"maxlength":"10"}},{"type":"Feature","geometry":{"type":"Point","coordinates":[6.1614308,50.7876267]},"properties":{"hgv":"destination"}},{"type":"Feature","geometry":{"type":"Point","coordinates":[6.9577502,50.6253587]},"properties":{"maxheight":"default"}},{"type":"Feature","geometry":{"type":"Point","coordinates":[6.9577376,50.6253306]},"properties":{"maxheight":"default"}},{"type":"Feature","geometry":{"type":"Point","coordinates":[6.9580055,50.6252491]},"properties":{"maxheight":"default"}},{"type":"Feature","geometry":{"type":"Point","coordinates":[6.9595102,50.6253259]},"properties":{"maxheight":"below_default"}},{"type":"Feature","geometry":{"type":"Point","coordinates":[6.9601298,50.625276]},"properties":{"maxheight":"default"}},{"type":"Feature","geometry":{"type":"Point","coordinates":[6.9601291,50.625249]},"properties":{"maxheight":"default"}},{"type":"Feature","geometry":{"type":"Point","coordinates":[6.9601309,50.6253186]},"properties":{"maxheight":"default"}},{"type":"Feature","geometry":{"type":"Point","coordinates":[6.9601279,50.6252042]},"properties":{"maxheight":"default"}},{"type":"Feature","geometry":{"type":"Point","coordinates":[6.9109344,50.9480177]},"properties":{"maxweight":"16"}},{"type":"Feature","geometry":{"type":"Point","coordinates":[6.5617291,50.4138711]},"properties":{"maxweightrating":"7.5"}},{"type":"Feature","geometry":{"type":"Point","coordinates":[6.1004152,50.7682135]},"properties":{"maxheight":"3.4"}},{"type":"Feature","geometry":{"type":"Point","coordinates":[6.5492311,50.864854]},"properties":{"hgv":"no"}},{"type":"Feature","geometry":{"type":"Point","coordinates":[6.9111413,50.947123]},"properties":{"maxweight":"16"}},{"type":"Feature","geometry":{"type":"Point","coordinates":[6.9100504,50.947081]},"properties":{"maxweight":"16"}},{"type":"Feature","geometry":{"type":"Point","coordinates":[6.9352842,50.2530097]},"properties":{"hgv":"no"}},{"type":"Feature","geometry":{"type":"Point","coordinates":[6.9949078,50.8162473]},"properties":{"hgv":"delivery"}},{"type":"Feature","geometry":{"type":"Point","coordinates":[6.9960608,50.8165495]},"properties":{"hgv":"delivery"}},{"type":"Feature","geometry":{"type":"Point","coordinates":[6.9668738,50.9142315]},"properties":{"maxheight":"4"}},{"type":"Feature","geometry":{"type":"Point","coordinates":[6.4795064,50.8059381]},"properties":{"maxheight":"2.1"}},{"type":"Feature","geometry":{"type":"Point","coordinates":[6.9088153,50.9584638]},"properties":{"maxheight":"2"}},{"type":"Feature","geometry":{"type":"Point","coordinates":[6.3122073,50.9237519]},"properties":{"maxweight":"7.5"}},{"type":"Feature","geometry":{"type":"Point","coordinates":[6.3101192,50.9223224]},"properties":{"maxweight":"7.5"}},{"type":"Feature","geometry":{"type":"Point","coordinates":[6.9694613,50.9580973]},"properties":{"maxweight":"30"}},{"type":"Feature","geometry":{"type":"Point","coordinates":[6.8590683,50.9385745]},"properties":{"maxweight":"7.5"}},{"type":"Feature","geometry":{"type":"Point","coordinates":[6.8158147,50.6824471]},"properties":{"maxheight":"3.9"}},{"type":"Feature","geometry":{"type":"Point","coordinates":[6.9193973,50.9426024]},"properties":{"maxheight":"3.8"}},{"type":"Feature","geometry":{"type":"Point","coordinates":[6.9730876,50.9277193]},"properties":{"maxweight":"7.5"}},{"type":"Feature","geometry":{"type":"Point","coordinates":[6.1681297,50.7626157]},"properties":{"hgv":"destination"}},{"type":"Feature","geometry":{"type":"Point","coordinates":[6.1670275,50.7611478]},"properties":{"hgv":"destination"}},{"type":"Feature","geometry":{"type":"Point","coordinates":[6.9727203,50.9568555]},"properties":{"maxheight":"default"}},{"type":"Feature","geometry":{"type":"Point","coordinates":[6.9718753,50.9547705]},"properties":{"maxheight":"default"}},{"type":"Feature","geometry":{"type":"Point","coordinates":[6.970332,50.9564402]},"properties":{"maxheight":"default"}},{"type":"Feature","geometry":{"type":"Point","coordinates":[6.0602542,50.7970213]},"properties":{"maxheight":"2"}},{"type":"Feature","geometry":{"type":"Point","coordinates":[6.1005531,50.7940046]},"properties":{"maxheight":"default"}},{"type":"Feature","geometry":{"type":"Point","coordinates":[6.1702974,50.8047133]},"properties":{"maxheight":"default"}},{"type":"Feature","geometry":{"type":"Point","coordinates":[6.0914457,50.7657432]},"properties":{"maxweight":"12"}},{"type":"Feature","geometry":{"type":"Point","coordinates":[6.0915726,50.7658796]},"properties":{"maxweight":"12"}},{"type":"Feature","geometry":{"type":"Point","coordinates":[6.8805511,50.9657689]},"properties":{"hgv":"destination"}},{"type":"Feature","geometry":{"type":"Point","coordinates":[6.143822,50.7779747]},"properties":{"hgv":"destination","maxweight":"7.5"}},{"type":"Feature","geometry":{"type":"Point","coordinates":[6.0778577,50.769588]},"properties":{"maxheight":"below_default"}},{"type":"Feature","geometry":{"type":"Point","coordinates":[6.1194223,50.7630885]},"properties":{"hgv":"destination"}},{"type":"Feature","geometry":{"type":"Point","coordinates":[6.7143079,50.9159409]},"properties":{"maxheight":"default"}},{"type":"Feature","geometry":{"type":"Point","coordinates":[6.7061165,50.9082422]},"properties":{"maxweight":"30 t"}},{"type":"Feature","geometry":{"type":"Point","coordinates":[6.9511689,50.9311701]},"properties":{"maxheight":"below_default"}},{"type":"Feature","geometry":{"type":"Point","coordinates":[6.8656864,50.9705917]},"properties":{"hgv":"destination"}},{"type":"Feature","geometry":{"type":"Point","coordinates":[6.3757466,50.4113117]},"properties":{"maxweight":"3.5"}},{"type":"Feature","geometry":{"type":"Point","coordinates":[6.9354675,50.9917663]},"properties":{"maxweight":"3.5"}},{"type":"Feature","geometry":{"type":"Point","coordinates":[6.9388762,50.9693407]},"properties":{"hgv":"destination"}},{"type":"Feature","geometry":{"type":"Point","coordinates":[6.7868742,50.6620515]},"properties":{"maxheight":"2.02"}},{"type":"Feature","geometry":{"type":"Point","coordinates":[6.0774367,50.7825805]},"properties":{"maxheight":"below_default"}},{"type":"Feature","geometry":{"type":"Point","coordinates":[6.3191007,50.5623081]},"properties":{"maxweight":"7.5"}},{"type":"Feature","geometry":{"type":"Point","coordinates":[6.9134024,50.2842482]},"properties":{"maxheight":"4"}},{"type":"Feature","geometry":{"type":"Point","coordinates":[6.4275785,50.4786459]},"properties":{"maxweight":"12"}},{"type":"Feature","geometry":{"type":"Point","coordinates":[6.0740137,50.7806984]},"properties":{"maxheight":"default"}},{"type":"Feature","geometry":{"type":"Point","coordinates":[6.8358402,50.6492939]},"properties":{"hgv":"delivery","maxweight":"7.5"}},{"type":"Feature","geometry":{"type":"Point","coordinates":[6.6277927,50.9132817]},"properties":{"hgv":"no"}},{"type":"Feature","geometry":{"type":"Point","coordinates":[6.0781677,50.7823024]},"properties":{"maxheight":"2.8"}},{"type":"Feature","geometry":{"type":"Point","coordinates":[6.9631774,50.8288864]},"properties":{"hgv":"yes"}},{"type":"Feature","geometry":{"type":"Point","coordinates":[6.2851137,50.7813275]},"properties":{"hgv":"destination"}},{"type":"Feature","geometry":{"type":"Point","coordinates":[6.2146782,50.7868138]},"properties":{"hgv":"no"}},{"type":"Feature","geometry":{"type":"Point","coordinates":[6.9851092,50.9468916]},"properties":{"maxheight":"default"}},{"type":"Feature","geometry":{"type":"Point","coordinates":[6.9408391,50.9537655]},"properties":{"maxheight":"3.6"}},{"type":"Feature","geometry":{"type":"Point","coordinates":[6.9698663,50.8867392]},"properties":{"maxheight":"default"}},{"type":"Feature","geometry":{"type":"Point","coordinates":[6.1348692,50.8779767]},"properties":{"maxheight":"2.6"}},{"type":"Feature","geometry":{"type":"Point","coordinates":[6.9130018,50.923528]},"properties":{"maxheight":"below_default"}},{"type":"Feature","geometry":{"type":"Point","coordinates":[6.1256345,50.7969016]},"properties":{"maxheight":"3.4"}},{"type":"Feature","geometry":{"type":"Point","coordinates":[6.9612086,50.9412513]},"properties":{"maxheight":"4"}},{"type":"Feature","geometry":{"type":"Point","coordinates":[6.8033992,50.7729908]},"properties":{"maxweight":"2"}},{"type":"Feature","geometry":{"type":"Point","coordinates":[6.9624448,50.9444467]},"properties":{"maxheight":"default"}},{"type":"Feature","geometry":{"type":"Point","coordinates":[6.0931554,50.868031]},"properties":{"maxheight":"default"}},{"type":"Feature","geometry":{"type":"Point","coordinates":[6.7860108,50.8166074]},"properties":{"maxheight":"default"}},{"type":"Feature","geometry":{"type":"Point","coordinates":[6.8903816,50.9970582]},"properties":{"maxheight":"default"}},{"type":"Feature","geometry":{"type":"Point","coordinates":[6.8417453,50.9008483]},"properties":{"maxheight":"default"}},{"type":"Feature","geometry":{"type":"Point","coordinates":[6.849315,50.9354418]},"properties":{"maxheight":"default"}},{"type":"Feature","geometry":{"type":"Point","coordinates":[6.8492023,50.937644]},"properties":{"maxheight":"default"}},{"type":"Feature","geometry":{"type":"Point","coordinates":[6.9619427,50.9288552]},"properties":{"maxweight":"7.5"}},{"type":"Feature","geometry":{"type":"Point","coordinates":[6.1828793,50.2235025]},"properties":{"maxweight":"5.5"}},{"type":"Feature","geometry":{"type":"Point","coordinates":[6.9906933,50.9165215]},"properties":{"hgv":"delivery"}},{"type":"Feature","geometry":{"type":"Point","coordinates":[6.1663722,50.8736019]},"properties":{"maxheight":"3.9"}},{"type":"Feature","geometry":{"type":"Point","coordinates":[6.9285916,50.8898071]},"properties":{"hgv":"no","maxwidth":"2.1","maxweightrating":"3.5"}},{"type":"Feature","geometry":{"type":"Point","coordinates":[6.9253645,50.89129]},"properties":{"hgv":"no","maxwidth":"2.1","maxweightrating":"3.5"}},{"type":"Feature","geometry":{"type":"Point","coordinates":[6.9089595,50.8972024]},"properties":{"maxweight":"conditional"}},{"type":"Feature","geometry":{"type":"Point","coordinates":[6.914116,50.8962306]},"properties":{"maxweight":"conditional"}},{"type":"Feature","geometry":{"type":"Point","coordinates":[6.0921879,50.7609323]},"properties":{"maxheight":"1.9"}},{"type":"Feature","geometry":{"type":"Point","coordinates":[6.8879655,50.9342867]},"properties":{"hgv":"destination"}},{"type":"Feature","geometry":{"type":"Point","coordinates":[6.2070347,50.9963186]},"properties":{"hgv":"destination"}},{"type":"Feature","geometry":{"type":"Point","coordinates":[6.939255,50.9269321]},"properties":{"maxheight":"3.3"}},{"type":"Feature","geometry":{"type":"Point","coordinates":[6.938759,50.9264647]},"properties":{"maxheight":"3.3"}},{"type":"Feature","geometry":{"type":"Point","coordinates":[6.1451591,50.0003675]},"properties":{"hgv":"yes"}},{"type":"Feature","geometry":{"type":"Point","coordinates":[6.9094509,50.9418366]},"properties":{"maxheight":"below_default"}},{"type":"Feature","geometry":{"type":"Point","coordinates":[6.9090902,50.942433]},"properties":{"maxheight":"2.4"}},{"type":"Feature","geometry":{"type":"Point","coordinates":[6.4333309,50.8417034]},"properties":{"maxweight":"12"}},{"type":"Feature","geometry":{"type":"Point","coordinates":[6.9017519,50.9573472]},"properties":{"maxheight":"2.8"}},{"type":"Feature","geometry":{"type":"Point","coordinates":[6.8544687,50.9766657]},"properties":{"hgv":"no"}},{"type":"Feature","geometry":{"type":"Point","coordinates":[6.9216923,50.951286]},"properties":{"maxheight":"below_default"}},{"type":"Feature","geometry":{"type":"Point","coordinates":[6.7007862,50.6228068]},"properties":{"hgv":"destination"}},{"type":"Feature","geometry":{"type":"Point","coordinates":[6.4436082,50.6316262]},"properties":{"maxwidth":"1"}},{"type":"Feature","geometry":{"type":"Point","coordinates":[6.8237995,50.9949792]},"properties":{"maxheight":"2.1"}},{"type":"Feature","geometry":{"type":"Point","coordinates":[6.9691757,50.9399257]},"properties":{"hgv":"no"}},{"type":"Feature","geometry":{"type":"Point","coordinates":[6.2375461,50.5531355]},"properties":{"maxheight":"1.9"}},{"type":"Feature","geometry":{"type":"Point","coordinates":[6.9728602,50.9323992]},"properties":{"maxweightrating:hgv":"7.5"}},{"type":"Feature","geometry":{"type":"Point","coordinates":[6.7186058,50.6392511]},"properties":{"maxwidth":"2.6"}},{"type":"Feature","geometry":{"type":"Point","coordinates":[6.1566562,50.8028985]},"properties":{"maxheight":"default"}},{"type":"Feature","geometry":{"type":"Point","coordinates":[6.955337,50.9463873]},"properties":{"maxheight":"4"}},{"type":"Feature","geometry":{"type":"Point","coordinates":[6.9553738,50.9468174]},"properties":{"maxheight":"4"}},{"type":"Feature","geometry":{"type":"Point","coordinates":[6.9549384,50.9470087]},"properties":{"maxheight":"3.8"}},{"type":"Feature","geometry":{"type":"Point","coordinates":[6.9539841,50.9478783]},"properties":{"maxheight":"3.4"}},{"type":"Feature","geometry":{"type":"Point","coordinates":[6.9532763,50.9483767]},"properties":{"hgv":"no","maxheight":"default"}},{"type":"Feature","geometry":{"type":"Point","coordinates":[6.9528893,50.9490827]},"properties":{"maxheight":"4"}},{"type":"Feature","geometry":{"type":"Point","coordinates":[6.9525192,50.9491982]},"properties":{"maxheight":"4"}},{"type":"Feature","geometry":{"type":"Point","coordinates":[6.3480707,50.8040429]},"properties":{"maxheight":"3"}},{"type":"Feature","geometry":{"type":"Point","coordinates":[6.5265531,50.5224831]},"properties":{"maxweight":"2.8"}},{"type":"Feature","geometry":{"type":"Point","coordinates":[6.4811731,50.6891127]},"properties":{"maxheight":"4.5"}},{"type":"Feature","geometry":{"type":"Point","coordinates":[6.5586513,50.4170557]},"properties":{"maxweightrating":"7.5"}},{"type":"Feature","geometry":{"type":"Point","coordinates":[6.5596627,50.4165771]},"properties":{"maxweightrating":"7.5"}},{"type":"Feature","geometry":{"type":"Point","coordinates":[6.4532568,50.847357]},"properties":{"maxweight":"2.8"}},{"type":"Feature","geometry":{"type":"Point","coordinates":[6.5814527,50.3451142]},"properties":{"hgv":"no"}},{"type":"Feature","geometry":{"type":"Point","coordinates":[6.5687932,50.2887605]},"properties":{"hgv":"no","maxwidth":"1.8"}},{"type":"Feature","geometry":{"type":"Point","coordinates":[6.8340246,50.8035889]},"properties":{"maxheight":"default"}},{"type":"Feature","geometry":{"type":"Point","coordinates":[6.8357917,50.6495396]},"properties":{"hgv":"delivery","maxweight":"7.5"}},{"type":"Feature","geometry":{"type":"Point","coordinates":[6.8355368,50.6494608]},"properties":{"hgv":"delivery","maxweight":"7.5"}},{"type":"Feature","geometry":{"type":"Point","coordinates":[6.843954,50.6821924]},"properties":{"hgv":"destination"}},{"type":"Feature","geometry":{"type":"Point","coordinates":[6.8439641,50.6821377]},"properties":{"hgv":"destination"}},{"type":"Feature","geometry":{"type":"Point","coordinates":[6.9539288,50.9723122]},"properties":{"maxheight":"default"}},{"type":"Feature","geometry":{"type":"Point","coordinates":[6.9527924,50.9700906]},"properties":{"maxheight":"default"}},{"type":"Feature","geometry":{"type":"Point","coordinates":[6.908228,50.9462033]},"properties":{"maxheight":"4.0","maxweight":"40"}},{"type":"Feature","geometry":{"type":"Point","coordinates":[6.9313137,50.9354972]},"properties":{"maxheight":"4.4"}},{"type":"Feature","geometry":{"type":"Point","coordinates":[6.0415097,50.7699623]},"properties":{"maxweight":"20"}},{"type":"Feature","geometry":{"type":"Point","coordinates":[6.5759011,50.9962636]},"properties":{"maxheight":"default"}},{"type":"Feature","geometry":{"type":"Point","coordinates":[6.1694965,50.8046075]},"properties":{"maxheight":"default"}},{"type":"Feature","geometry":{"type":"Point","coordinates":[6.0902107,50.7772198]},"properties":{"maxheight":"default"}},{"type":"Feature","geometry":{"type":"Point","coordinates":[6.809987,50.7833916]},"properties":{"maxheight":"4"}},{"type":"Feature","geometry":{"type":"Point","coordinates":[6.9490244,50.91768]},"properties":{"maxheight":"4.1"}},{"type":"Feature","geometry":{"type":"Point","coordinates":[6.9496776,50.9187153]},"properties":{"maxheight":"4.1"}},{"type":"Feature","geometry":{"type":"Point","coordinates":[6.0226543,50.8210269]},"properties":{"hgv":"designated"}},{"type":"Feature","geometry":{"type":"Point","coordinates":[6.0184734,50.8227535]},"properties":{"hgv":"designated"}},{"type":"Feature","geometry":{"type":"Point","coordinates":[6.6541867,50.5945024]},"properties":{"maxweight":"2"}},{"type":"Feature","geometry":{"type":"Point","coordinates":[6.6721371,50.9824247]},"properties":{"maxheight":"2"}},{"type":"Feature","geometry":{"type":"Point","coordinates":[6.1233649,50.7128435]},"properties":{"maxweight":"12"}},{"type":"Feature","geometry":{"type":"Point","coordinates":[6.054412,50.7856558]},"properties":{"hgv":"no"}},{"type":"Feature","geometry":{"type":"Point","coordinates":[6.1470892,50.6862197]},"properties":{"hgv":"destination"}},{"type":"Feature","geometry":{"type":"Point","coordinates":[6.8357458,50.9147983]},"properties":{"maxheight":"default"}},{"type":"Feature","geometry":{"type":"Point","coordinates":[6.8356271,50.9149612]},"properties":{"maxheight":"default"}},{"type":"Feature","geometry":{"type":"Point","coordinates":[6.8357059,50.9148525]},"properties":{"maxheight":"default"}},{"type":"Feature","geometry":{"type":"Point","coordinates":[6.8342177,50.9148601]},"properties":{"maxheight":"default"}},{"type":"Feature","geometry":{"type":"Point","coordinates":[6.8342269,50.9148187]},"properties":{"maxheight":"default"}},{"type":"Feature","geometry":{"type":"Point","coordinates":[6.8356641,50.9149095]},"properties":{"maxheight":"default"}},{"type":"Feature","geometry":{"type":"Point","coordinates":[6.8342359,50.9147754]},"properties":{"maxheight":"default"}},{"type":"Feature","geometry":{"type":"Point","coordinates":[6.9030968,50.8276508]},"properties":{"maxheight":"4.1"}},{"type":"Feature","geometry":{"type":"Point","coordinates":[6.657531,50.6168708]},"properties":{"maxheight":"2.3"}},{"type":"Feature","geometry":{"type":"Point","coordinates":[6.1448185,50.7790912]},"properties":{"hgv":"destination","maxweight":"7.5"}},{"type":"Feature","geometry":{"type":"Point","coordinates":[6.9326343,50.9317913]},"properties":{"maxheight":"3.8"}},{"type":"Feature","geometry":{"type":"Point","coordinates":[6.7997759,50.841413]},"properties":{"maxheight":"default"}},{"type":"Feature","geometry":{"type":"Point","coordinates":[6.8740775,50.7362057]},"properties":{"hgv":"designated"}},{"type":"Feature","geometry":{"type":"Point","coordinates":[6.9903468,50.7620013]},"properties":{"maxwidth":"1.5"}},{"type":"Feature","geometry":{"type":"Point","coordinates":[6.9562465,50.9286121]},"properties":{"maxheight":"default"}},{"type":"Feature","geometry":{"type":"Point","coordinates":[6.956505,50.9288019]},"properties":{"maxheight":"default"}},{"type":"Feature","geometry":{"type":"Point","coordinates":[6.7719949,50.7996116]},"properties":{"maxheight":"below_default"}},{"type":"Feature","geometry":{"type":"Point","coordinates":[6.9460572,50.6268022]},"properties":{"maxheight":"3.25","maxwidth":"3.00","maxweight":"12"}},{"type":"Feature","geometry":{"type":"Point","coordinates":[6.9583906,50.9285573]},"properties":{"hgv":"destination"}},{"type":"Feature","geometry":{"type":"Point","coordinates":[6.2454304,50.8225779]},"properties":{"maxheight":"below_default"}},{"type":"Feature","geometry":{"type":"Point","coordinates":[6.2866658,50.8043996]},"properties":{"hgv":"no"}},{"type":"Feature","geometry":{"type":"Point","coordinates":[6.9470807,50.9543738]},"properties":{"maxheight":"3.6"}},{"type":"Feature","geometry":{"type":"Point","coordinates":[6.0834633,50.7708379]},"properties":{"maxheight":"2"}},{"type":"Feature","geometry":{"type":"Point","coordinates":[6.0814837,50.831086]},"properties":{"maxheight":"below_default"}},{"type":"Feature","geometry":{"type":"Point","coordinates":[6.1316143,50.7156606]},"properties":{"maxweight":"12"}},{"type":"Feature","geometry":{"type":"Point","coordinates":[6.798551,50.2022628]},"properties":{"hgv":"no"}},{"type":"Feature","geometry":{"type":"Point","coordinates":[6.7996145,50.2083081]},"properties":{"maxwidth":"2.2","maxweight":"5.5"}},{"type":"Feature","geometry":{"type":"Point","coordinates":[6.7979241,50.2074955]},"properties":{"maxwidth":"2.2","maxweight":"5.5"}},{"type":"Feature","geometry":{"type":"Point","coordinates":[6.9145543,50.9515854]},"properties":{"maxheight":"default"}},{"type":"Feature","geometry":{"type":"Point","coordinates":[6.8945182,50.9690947]},"properties":{"hgv":"destination"}},{"type":"Feature","geometry":{"type":"Point","coordinates":[6.6882552,50.9410215]},"properties":{"maxheight":"4","maxwidth":"2.6"}},{"type":"Feature","geometry":{"type":"Point","coordinates":[6.1224716,50.7786111]},"properties":{"maxweight":"3.5"}},{"type":"Feature","geometry":{"type":"Point","coordinates":[6.23243,50.2178504]},"properties":{"maxheight":"default"}},{"type":"Feature","geometry":{"type":"Point","coordinates":[6.9617723,50.9524444]},"properties":{"maxheight":"default"}},{"type":"Feature","geometry":{"type":"Point","coordinates":[6.9617723,50.9524444]},"properties":{"maxheight":"default"}},{"type":"Feature","geometry":{"type":"Point","coordinates":[6.9518829,50.8054029]},"properties":{"maxweight":"2.5"}},{"type":"Feature","geometry":{"type":"Point","coordinates":[6.945693,50.8041692]},"properties":{"maxweight":"2.5"}},{"type":"Feature","geometry":{"type":"Point","coordinates":[6.0273275,50.8488043]},"properties":{"hgv":"no"}},{"type":"Feature","geometry":{"type":"Point","coordinates":[6.9681691,50.8855759]},"properties":{"maxheight":"default"}},{"type":"Feature","geometry":{"type":"Point","coordinates":[6.1185425,50.7169243]},"properties":{"hgv":"designated"}},{"type":"Feature","geometry":{"type":"Point","coordinates":[6.0734532,50.8308993]},"properties":{"hgv":"no"}},{"type":"Feature","geometry":{"type":"Point","coordinates":[6.5733142,50.9986722]},"properties":{"maxheight":"none"}},{"type":"Feature","geometry":{"type":"Point","coordinates":[6.772117,50.6545427]},"properties":{"maxheight":"below_default"}},{"type":"Feature","geometry":{"type":"Point","coordinates":[6.7720389,50.6545112]},"properties":{"maxheight":"below_default"}},{"type":"Feature","geometry":{"type":"Point","coordinates":[6.7719673,50.6544801]},"properties":{"maxheight":"below_default"}},{"type":"Feature","geometry":{"type":"Point","coordinates":[6.9042336,50.9517402]},"properties":{"maxheight":"3.8"}},{"type":"Feature","geometry":{"type":"Point","coordinates":[6.8124899,50.6902894]},"properties":{"hgv":"destination","maxweight":"7.5"}},{"type":"Feature","geometry":{"type":"Point","coordinates":[6.8120037,50.688167]},"properties":{"hgv":"destination","maxweight":"7.5"}},{"type":"Feature","geometry":{"type":"Point","coordinates":[6.812829,50.6918748]},"properties":{"hgv":"destination","maxweight":"7.5"}},{"type":"Feature","geometry":{"type":"Point","coordinates":[6.968876,50.9560499]},"properties":{"maxweight":"30"}},{"type":"Feature","geometry":{"type":"Point","coordinates":[6.9249469,50.9276371]},"properties":{"maxheight":"2.8"}},{"type":"Feature","geometry":{"type":"Point","coordinates":[6.9626093,50.9301966]},"properties":{"maxheight":"default"}},{"type":"Feature","geometry":{"type":"Point","coordinates":[6.3260636,50.6566736]},"properties":{"hgv":"no"}},{"type":"Feature","geometry":{"type":"Point","coordinates":[6.9480231,50.6254104]},"properties":{"maxheight":"below_default"}},{"type":"Feature","geometry":{"type":"Point","coordinates":[6.304616,50.7716163]},"properties":{"maxweight":"3.5"}},{"type":"Feature","geometry":{"type":"Point","coordinates":[6.2095397,50.9265735]},"properties":{"hgv":"delivery"}},{"type":"Feature","geometry":{"type":"Point","coordinates":[6.2099312,50.9276887]},"properties":{"hgv":"delivery"}},{"type":"Feature","geometry":{"type":"Point","coordinates":[6.8334552,50.6920392]},"properties":{"hgv":"yes","goods":"yes"}},{"type":"Feature","geometry":{"type":"Point","coordinates":[6.9889132,50.820481]},"properties":{"hgv":"delivery"}},{"type":"Feature","geometry":{"type":"Point","coordinates":[6.9664915,50.9549614]},"properties":{"maxweightrating:hgv":"7.5"}},{"type":"Feature","geometry":{"type":"Point","coordinates":[6.5163658,50.7584848]},"properties":{"hgv":"destination"}},{"type":"Feature","geometry":{"type":"Point","coordinates":[6.2646455,50.8189265]},"properties":{"maxheight":"3.5"}},{"type":"Feature","geometry":{"type":"Point","coordinates":[6.8046221,50.9113342]},"properties":{"maxheight":"2.2"}},{"type":"Feature","geometry":{"type":"Point","coordinates":[6.2622773,50.8207433]},"properties":{"maxheight":"2.5"}},{"type":"Feature","geometry":{"type":"Point","coordinates":[6.7391434,50.2299013]},"properties":{"hgv":"destination"}},{"type":"Feature","geometry":{"type":"Point","coordinates":[6.7391574,50.2300253]},"properties":{"hgv":"destination"}},{"type":"Feature","geometry":{"type":"Point","coordinates":[6.6849188,50.9381377]},"properties":{"maxheight":"4"}},{"type":"Feature","geometry":{"type":"Point","coordinates":[6.9450061,50.9440443]},"properties":{"maxheight":"3"}},{"type":"Feature","geometry":{"type":"Point","coordinates":[6.6711199,50.9448257]},"properties":{"maxheight":"3.2"}},{"type":"Feature","geometry":{"type":"Point","coordinates":[6.941314,50.9179442]},"properties":{"maxheight":"3.9","maxweightrating:hgv":"7.5"}},{"type":"Feature","geometry":{"type":"Point","coordinates":[6.88214,50.3561678]},"properties":{"maxweight":"3.5"}},{"type":"Feature","geometry":{"type":"Point","coordinates":[6.5681197,50.7157624]},"properties":{"hgv":"destination"}},{"type":"Feature","geometry":{"type":"Point","coordinates":[6.6530567,50.6889266]},"properties":{"hgv":"no"}},{"type":"Feature","geometry":{"type":"Point","coordinates":[6.652415,50.68857]},"properties":{"hgv":"no"}},{"type":"Feature","geometry":{"type":"Point","coordinates":[6.4574838,50.7388936]},"properties":{"maxheight":"4 m"}},{"type":"Feature","geometry":{"type":"Point","coordinates":[6.997484,50.8010662]},"properties":{"hgv":"yes","goods":"yes"}},{"type":"Feature","geometry":{"type":"Point","coordinates":[6.8377634,50.921419]},"properties":{"maxweight":"3.5"}},{"type":"Feature","geometry":{"type":"Point","coordinates":[6.1177811,50.7180767]},"properties":{"hgv":"yes"}},{"type":"Feature","geometry":{"type":"Point","coordinates":[6.856747,50.9194523]},"properties":{"maxweight":"16"}},{"type":"Feature","geometry":{"type":"Point","coordinates":[6.8940989,50.9692447]},"properties":{"hgv":"destination"}},{"type":"Feature","geometry":{"type":"Point","coordinates":[6.4563981,50.2692874]},"properties":{"hgv":"designated"}},{"type":"Feature","geometry":{"type":"Point","coordinates":[6.4558819,50.2693084]},"properties":{"hgv":"no","maxheight":"none"}},{"type":"Feature","geometry":{"type":"Point","coordinates":[6.9023306,50.9606911]},"properties":{"hgv":"destination"}},{"type":"Feature","geometry":{"type":"Point","coordinates":[6.8122789,50.752051]},"properties":{"maxheight":"default"}},{"type":"Feature","geometry":{"type":"Point","coordinates":[6.8115049,50.7523487]},"properties":{"maxheight":"default"}},{"type":"Feature","geometry":{"type":"Point","coordinates":[6.9129997,50.7707479]},"properties":{"hgv":"no"}},{"type":"Feature","geometry":{"type":"Point","coordinates":[6.9123116,50.7705996]},"properties":{"hgv":"no"}},{"type":"Feature","geometry":{"type":"Point","coordinates":[6.6531028,50.5920204]},"properties":{"hgv":"destination"}},{"type":"Feature","geometry":{"type":"Point","coordinates":[6.6819908,50.6324708]},"properties":{"hgv":"destination"}},{"type":"Feature","geometry":{"type":"Point","coordinates":[6.8829478,50.9405028]},"properties":{"maxheight":"default"}},{"type":"Feature","geometry":{"type":"Point","coordinates":[6.9169203,50.76666]},"properties":{"hgv":"no"}},{"type":"Feature","geometry":{"type":"Point","coordinates":[6.8358011,50.6621269]},"properties":{"hgv":"delivery"}},{"type":"Feature","geometry":{"type":"Point","coordinates":[6.9599534,50.942774]},"properties":{"maxheight":"3.3"}},{"type":"Feature","geometry":{"type":"Point","coordinates":[6.9225674,50.8891518]},"properties":{"hgv":"designated"}},{"type":"Feature","geometry":{"type":"Point","coordinates":[6.2542355,50.8241526]},"properties":{"maxheight":"2 m"}},{"type":"Feature","geometry":{"type":"Point","coordinates":[6.9595613,50.6330783]},"properties":{"maxheight":"2.2"}},{"type":"Feature","geometry":{"type":"Point","coordinates":[6.8630003,50.7477885]},"properties":{"maxheight":"default"}},{"type":"Feature","geometry":{"type":"Point","coordinates":[6.8835327,50.2102016]},"properties":{"hgv":"no"}},{"type":"Feature","geometry":{"type":"Point","coordinates":[6.869445,50.9939661]},"properties":{"hgv":"destination"}},{"type":"Feature","geometry":{"type":"Point","coordinates":[6.1240179,50.7820894]},"properties":{"maxheight":"2.6"}},{"type":"Feature","geometry":{"type":"Point","coordinates":[6.1189596,50.7753038]},"properties":{"maxheight":"3.5"}},{"type":"Feature","geometry":{"type":"Point","coordinates":[6.3486867,50.8038317]},"properties":{"maxheight":"3"}},{"type":"Feature","geometry":{"type":"Point","coordinates":[6.2335771,50.5509252]},"properties":{"hgv":"destination"}},{"type":"Feature","geometry":{"type":"Point","coordinates":[6.233673,50.5510692]},"properties":{"hgv":"destination"}},{"type":"Feature","geometry":{"type":"Point","coordinates":[6.233431,50.5510416]},"properties":{"hgv":"destination"}},{"type":"Feature","geometry":{"type":"Point","coordinates":[6.2343416,50.55222]},"properties":{"hgv":"destination"}},{"type":"Feature","geometry":{"type":"Point","coordinates":[6.2338677,50.5512217]},"properties":{"hgv":"destination"}},{"type":"Feature","geometry":{"type":"Point","coordinates":[6.2336506,50.5509775]},"properties":{"hgv":"destination"}},{"type":"Feature","geometry":{"type":"Point","coordinates":[6.2335346,50.5509451]},"properties":{"hgv":"destination"}},{"type":"Feature","geometry":{"type":"Point","coordinates":[6.255794,50.5431473]},"properties":{"hgv":"agricultural;forestry"}},{"type":"Feature","geometry":{"type":"Point","coordinates":[6.9729718,50.9313227]},"properties":{"maxheight":"default","maxweight":"2.8"}},{"type":"Feature","geometry":{"type":"Point","coordinates":[6.9727279,50.9316792]},"properties":{"maxheight":"default","maxweight":"2.8"}},{"type":"Feature","geometry":{"type":"Point","coordinates":[6.7783003,50.6677483]},"properties":{"hgv":"no"}},{"type":"Feature","geometry":{"type":"Point","coordinates":[6.7776546,50.6671998]},"properties":{"hgv":"no"}},{"type":"Feature","geometry":{"type":"Point","coordinates":[6.6489792,50.4382077]},"properties":{"hgv":"no","maxheight":"3.2"}},{"type":"Feature","geometry":{"type":"Point","coordinates":[6.6479477,50.4388091]},"properties":{"hgv":"no","maxheight":"3.2"}},{"type":"Feature","geometry":{"type":"Point","coordinates":[6.1227491,50.7767188]},"properties":{"maxheight":"3.7"}},{"type":"Feature","geometry":{"type":"Point","coordinates":[6.0915038,50.7717197]},"properties":{"maxheight":"below_default"}},{"type":"Feature","geometry":{"type":"Point","coordinates":[6.0932879,50.8679588]},"properties":{"maxheight":"default"}},{"type":"Feature","geometry":{"type":"Point","coordinates":[6.7911203,50.6581679]},"properties":{"maxheight":"2"}},{"type":"Feature","geometry":{"type":"Point","coordinates":[6.8525009,50.7467861]},"properties":{"hgv":"no"}},{"type":"Feature","geometry":{"type":"Point","coordinates":[6.8582691,50.7454275]},"properties":{"hgv":"no"}},{"type":"Feature","geometry":{"type":"Point","coordinates":[6.8576428,50.7454555]},"properties":{"hgv":"no"}},{"type":"Feature","geometry":{"type":"Point","coordinates":[6.8553069,50.7458535]},"properties":{"hgv":"no"}},{"type":"Feature","geometry":{"type":"Point","coordinates":[6.8546059,50.7459537]},"properties":{"hgv":"no"}},{"type":"Feature","geometry":{"type":"Point","coordinates":[6.8551281,50.7459875]},"properties":{"hgv":"no"}},{"type":"Feature","geometry":{"type":"Point","coordinates":[6.8554499,50.7458293]},"properties":{"hgv":"no"}},{"type":"Feature","geometry":{"type":"Point","coordinates":[6.8557083,50.7457856]},"properties":{"hgv":"no"}},{"type":"Feature","geometry":{"type":"Point","coordinates":[6.8559613,50.7457427]},"properties":{"hgv":"no"}},{"type":"Feature","geometry":{"type":"Point","coordinates":[6.8562202,50.7456989]},"properties":{"hgv":"no"}},{"type":"Feature","geometry":{"type":"Point","coordinates":[6.8564598,50.7456583]},"properties":{"hgv":"no"}},{"type":"Feature","geometry":{"type":"Point","coordinates":[6.8567212,50.745614]},"properties":{"hgv":"no"}},{"type":"Feature","geometry":{"type":"Point","coordinates":[6.8569697,50.745572]},"properties":{"hgv":"no"}},{"type":"Feature","geometry":{"type":"Point","coordinates":[6.857228,50.7455282]},"properties":{"hgv":"no"}},{"type":"Feature","geometry":{"type":"Point","coordinates":[6.8578358,50.7454283]},"properties":{"hgv":"no"}},{"type":"Feature","geometry":{"type":"Point","coordinates":[6.8579691,50.7454279]},"properties":{"hgv":"no"}},{"type":"Feature","geometry":{"type":"Point","coordinates":[6.8527517,50.7464389]},"properties":{"hgv":"no"}},{"type":"Feature","geometry":{"type":"Point","coordinates":[6.8527958,50.7463215]},"properties":{"hgv":"no"}},{"type":"Feature","geometry":{"type":"Point","coordinates":[6.8530502,50.746267]},"properties":{"hgv":"no"}},{"type":"Feature","geometry":{"type":"Point","coordinates":[6.853318,50.7462123]},"properties":{"hgv":"no"}},{"type":"Feature","geometry":{"type":"Point","coordinates":[6.8535837,50.746158]},"properties":{"hgv":"no"}},{"type":"Feature","geometry":{"type":"Point","coordinates":[6.8538729,50.7460989]},"properties":{"hgv":"no"}},{"type":"Feature","geometry":{"type":"Point","coordinates":[6.8541279,50.7460468]},"properties":{"hgv":"no"}},{"type":"Feature","geometry":{"type":"Point","coordinates":[6.8544148,50.7459882]},"properties":{"hgv":"no"}},{"type":"Feature","geometry":{"type":"Point","coordinates":[6.821968,50.7715267]},"properties":{"maxheight":"default"}},{"type":"Feature","geometry":{"type":"Point","coordinates":[6.4816112,50.6137625]},"properties":{"maxweight":"30"}},{"type":"Feature","geometry":{"type":"Point","coordinates":[6.3641655,50.9106007]},"properties":{"hgv":"delivery"}},{"type":"Feature","geometry":{"type":"Point","coordinates":[6.3651073,50.9122928]},"properties":{"hgv":"delivery"}},{"type":"Feature","geometry":{"type":"Point","coordinates":[6.3654399,50.9119377]},"properties":{"hgv":"delivery"}},{"type":"Feature","geometry":{"type":"Point","coordinates":[6.3646647,50.9099066]},"properties":{"hgv":"delivery"}},{"type":"Feature","geometry":{"type":"Point","coordinates":[6.9523498,50.9267046]},"properties":{"hgv":"destination"}},{"type":"Feature","geometry":{"type":"Point","coordinates":[6.0997592,50.7674437]},"properties":{"maxheight":"4.2"}},{"type":"Feature","geometry":{"type":"Point","coordinates":[6.1135298,50.7691945]},"properties":{"maxheight":"2"}},{"type":"Feature","geometry":{"type":"Point","coordinates":[6.1127364,50.7687325]},"properties":{"maxheight":"below_default"}},{"type":"Feature","geometry":{"type":"Point","coordinates":[6.8510553,50.9779034]},"properties":{"maxheight":"default"}},{"type":"Feature","geometry":{"type":"Point","coordinates":[6.4920342,50.6540361]},"properties":{"hgv":"no"}},{"type":"Feature","geometry":{"type":"Point","coordinates":[6.9433436,50.9010777]},"properties":{"hgv":"destination"}},{"type":"Feature","geometry":{"type":"Point","coordinates":[6.9821807,50.9502786]},"properties":{"maxheight":"20"}},{"type":"Feature","geometry":{"type":"Point","coordinates":[6.8347105,50.6491837]},"properties":{"hgv":"delivery","maxweight":"7.5"}},{"type":"Feature","geometry":{"type":"Point","coordinates":[6.9598785,50.8455045]},"properties":{"hgv":"yes"}},{"type":"Feature","geometry":{"type":"Point","coordinates":[6.9563404,50.8448358]},"properties":{"hgv":"yes"}},{"type":"Feature","geometry":{"type":"Point","coordinates":[6.9728114,50.8406977]},"properties":{"hgv":"yes"}},{"type":"Feature","geometry":{"type":"Point","coordinates":[6.9717337,50.8408245]},"properties":{"hgv":"yes"}},{"type":"Feature","geometry":{"type":"Point","coordinates":[6.8189173,50.6478602]},"properties":{"hgv":"delivery","maxweight":"7.5"}},{"type":"Feature","geometry":{"type":"Point","coordinates":[6.8988989,50.8738194]},"properties":{"hgv":"no"}},{"type":"Feature","geometry":{"type":"Point","coordinates":[6.9879612,50.8150554]},"properties":{"maxwidth":"1"}},{"type":"Feature","geometry":{"type":"Point","coordinates":[6.0956132,50.8942022]},"properties":{"hgv":"destination"}},{"type":"Feature","geometry":{"type":"Point","coordinates":[6.9706041,50.9159438]},"properties":{"maxheight":"default"}},{"type":"Feature","geometry":{"type":"Point","coordinates":[6.9705147,50.9161297]},"properties":{"maxheight":"default"}},{"type":"Feature","geometry":{"type":"Point","coordinates":[6.7913969,50.6580045]},"properties":{"maxheight":"3.2"}},{"type":"Feature","geometry":{"type":"Point","coordinates":[6.7918203,50.6582012]},"properties":{"maxheight":"3.2"}},{"type":"Feature","geometry":{"type":"Point","coordinates":[6.7763124,50.6302827]},"properties":{"maxweight":"7.5"}},{"type":"Feature","geometry":{"type":"Point","coordinates":[6.7771572,50.6293016]},"properties":{"maxweight":"7.5"}},{"type":"Feature","geometry":{"type":"Point","coordinates":[6.8338783,50.6492453]},"properties":{"hgv":"delivery","maxweight":"7.5"}},{"type":"Feature","geometry":{"type":"Point","coordinates":[6.8808719,50.0682119]},"properties":{"hgv":"no","maxheight":"none"}},{"type":"Feature","geometry":{"type":"Point","coordinates":[6.8799895,50.068985]},"properties":{"hgv":"designated","maxheight":"none"}},{"type":"Feature","geometry":{"type":"Point","coordinates":[6.7899704,50.6621349]},"properties":{"maxheight":"2.1"}},{"type":"Feature","geometry":{"type":"Point","coordinates":[6.7905588,50.661951]},"properties":{"maxheight":"2.1"}},{"type":"Feature","geometry":{"type":"Point","coordinates":[6.4533922,50.2177182]},"properties":{"maxheight":"default"}},{"type":"Feature","geometry":{"type":"Point","coordinates":[6.4443666,50.2147155]},"properties":{"maxheight":"none"}},{"type":"Feature","geometry":{"type":"Point","coordinates":[6.4438468,50.2159081]},"properties":{"maxheight":"none"}},{"type":"Feature","geometry":{"type":"Point","coordinates":[6.9813253,50.9506587]},"properties":{"maxheight":"default"}},{"type":"Feature","geometry":{"type":"Point","coordinates":[6.9814666,50.9507759]},"properties":{"maxheight":"default"}},{"type":"Feature","geometry":{"type":"Point","coordinates":[6.9814475,50.9501522]},"properties":{"maxheight":"default"}},{"type":"Feature","geometry":{"type":"Point","coordinates":[6.9711387,50.9367258]},"properties":{"hgv":"no"}},{"type":"Feature","geometry":{"type":"Point","coordinates":[6.9454925,50.9007452]},"properties":{"hgv":"destination"}},{"type":"Feature","geometry":{"type":"Point","coordinates":[6.6629647,50.5916208]},"properties":{"hgv":"delivery"}},{"type":"Feature","geometry":{"type":"Point","coordinates":[6.6621957,50.5917131]},"properties":{"hgv":"delivery"}},{"type":"Feature","geometry":{"type":"Point","coordinates":[6.9674473,50.8316862]},"properties":{"hgv":"no"}},{"type":"Feature","geometry":{"type":"Point","coordinates":[6.9823265,50.9394136]},"properties":{"maxheight":"1.8"}},{"type":"Feature","geometry":{"type":"Point","coordinates":[6.9807715,50.9393841]},"properties":{"maxheight":"1.8"}},{"type":"Feature","geometry":{"type":"Point","coordinates":[6.9812569,50.9393917]},"properties":{"maxheight":"1.8"}},{"type":"Feature","geometry":{"type":"Point","coordinates":[6.9792382,50.9396694]},"properties":{"maxheight":"1.8"}},{"type":"Feature","geometry":{"type":"Point","coordinates":[6.9791943,50.939564]},"properties":{"maxheight":"default"}},{"type":"Feature","geometry":{"type":"Point","coordinates":[6.1709226,50.7583866]},"properties":{"maxweightrating:hgv":"7.5"}},{"type":"Feature","geometry":{"type":"Point","coordinates":[6.7810542,50.6271477]},"properties":{"maxweight":"7.5"}},{"type":"Feature","geometry":{"type":"Point","coordinates":[6.7810334,50.627049]},"properties":{"maxweight":"7.5"}},{"type":"Feature","geometry":{"type":"Point","coordinates":[6.2542382,50.8237816]},"properties":{"maxheight":"2 m"}},{"type":"Feature","geometry":{"type":"Point","coordinates":[6.2542368,50.8239709]},"properties":{"maxheight":"2 m"}},{"type":"Feature","geometry":{"type":"Point","coordinates":[6.6614295,50.5917962]},"properties":{"hgv":"delivery"}},{"type":"Feature","geometry":{"type":"Point","coordinates":[6.9734943,50.9407899]},"properties":{"maxheight":"4"}},{"type":"Feature","geometry":{"type":"Point","coordinates":[6.0982686,50.7829131]},"properties":{"maxheight":"2.8"}},{"type":"Feature","geometry":{"type":"Point","coordinates":[6.9857093,50.9436886]},"properties":{"maxheight":"2.0"}},{"type":"Feature","geometry":{"type":"Point","coordinates":[6.9612189,50.9155435]},"properties":{"maxheight":"3.9"}},{"type":"Feature","geometry":{"type":"Point","coordinates":[6.1399886,50.8586272]},"properties":{"hgv":"destination"}},{"type":"Feature","geometry":{"type":"Point","coordinates":[6.136353,50.8567543]},"properties":{"hgv":"destination"}},{"type":"Feature","geometry":{"type":"Point","coordinates":[6.1358698,50.8563983]},"properties":{"hgv":"destination"}},{"type":"Feature","geometry":{"type":"Point","coordinates":[6.0667265,50.7701039]},"properties":{"maxheight":"below_default"}},{"type":"Feature","geometry":{"type":"Point","coordinates":[6.0668623,50.770292]},"properties":{"maxheight":"default"}},{"type":"Feature","geometry":{"type":"Point","coordinates":[6.907819,50.9425019]},"properties":{"maxheight":"2.8"}},{"type":"Feature","geometry":{"type":"Point","coordinates":[6.9077736,50.9423797]},"properties":{"hgv":"no"}},{"type":"Feature","geometry":{"type":"Point","coordinates":[6.1380587,50.7858819]},"properties":{"hgv":"no"}},{"type":"Feature","geometry":{"type":"Point","coordinates":[6.1379204,50.7860251]},"properties":{"hgv":"no"}},{"type":"Feature","geometry":{"type":"Point","coordinates":[6.889468,50.8751808]},"properties":{"hgv":"delivery"}},{"type":"Feature","geometry":{"type":"Point","coordinates":[6.9689611,50.8858365]},"properties":{"maxheight":"default"}},{"type":"Feature","geometry":{"type":"Point","coordinates":[6.9278283,50.9008808]},"properties":{"hgv":"destination"}},{"type":"Feature","geometry":{"type":"Point","coordinates":[6.9189724,50.9839175]},"properties":{"maxheight":"4.2"}},{"type":"Feature","geometry":{"type":"Point","coordinates":[6.1706499,50.8779425]},"properties":{"hgv":"delivery"}},{"type":"Feature","geometry":{"type":"Point","coordinates":[6.0772488,50.7743651]},"properties":{"maxheight":"5"}},{"type":"Feature","geometry":{"type":"Point","coordinates":[6.0770843,50.7747277]},"properties":{"maxheight":"4"}},{"type":"Feature","geometry":{"type":"Point","coordinates":[6.7354802,50.0401856]},"properties":{"maxweightrating:hgv":"7.5"}},{"type":"Feature","geometry":{"type":"Point","coordinates":[6.9799126,50.9515123]},"properties":{"maxheight":"default"}},{"type":"Feature","geometry":{"type":"Point","coordinates":[6.0786185,50.773724]},"properties":{"maxheight":"3.4"}},{"type":"Feature","geometry":{"type":"Point","coordinates":[6.0786096,50.773664]},"properties":{"maxheight":"3.4"}},{"type":"Feature","geometry":{"type":"Point","coordinates":[6.0778628,50.7735376]},"properties":{"maxheight":"2.6"}},{"type":"Feature","geometry":{"type":"Point","coordinates":[6.1131825,50.7190999]},"properties":{"maxweight":"7.5"}},{"type":"Feature","geometry":{"type":"Point","coordinates":[6.959938,50.9303953]},"properties":{"maxheight":"4"}},{"type":"Feature","geometry":{"type":"Point","coordinates":[6.9601618,50.929804]},"properties":{"maxheight":"4"}},{"type":"Feature","geometry":{"type":"Point","coordinates":[6.1205243,50.7893846]},"properties":{"hgv":"destination"}},{"type":"Feature","geometry":{"type":"Point","coordinates":[6.1204769,50.7894226]},"properties":{"hgv":"destination"}},{"type":"Feature","geometry":{"type":"Point","coordinates":[6.8557498,50.9392727]},"properties":{"maxheight":"2"}},{"type":"Feature","geometry":{"type":"Point","coordinates":[6.7471129,50.5744256]},"properties":{"maxweight":"3.5"}},{"type":"Feature","geometry":{"type":"Point","coordinates":[6.7546851,50.5764633]},"properties":{"maxweight":"3.5"}},{"type":"Feature","geometry":{"type":"Point","coordinates":[6.7626655,50.5803555]},"properties":{"maxweight":"3.5"}},{"type":"Feature","geometry":{"type":"Point","coordinates":[6.9087125,50.8357474]},"properties":{"hgv":"delivery"}},{"type":"Feature","geometry":{"type":"Point","coordinates":[6.7791431,50.6652106]},"properties":{"maxheight":"default"}},{"type":"Feature","geometry":{"type":"Point","coordinates":[6.0873025,50.8785465]},"properties":{"hgv":"no","maxweight":"30"}},{"type":"Feature","geometry":{"type":"Point","coordinates":[6.084135,50.8766016]},"properties":{"hgv":"no"}},{"type":"Feature","geometry":{"type":"Point","coordinates":[6.8337026,50.688498]},"properties":{"hgv":"yes"}},{"type":"Feature","geometry":{"type":"Point","coordinates":[6.0929385,50.7704226]},"properties":{"maxheight":"1.8"}},{"type":"Feature","geometry":{"type":"Point","coordinates":[6.7790856,50.6651811]},"properties":{"maxheight":"default"}},{"type":"Feature","geometry":{"type":"Point","coordinates":[6.8457054,50.629415]},"properties":{"maxheight":"default"}},{"type":"Feature","geometry":{"type":"Point","coordinates":[6.8456864,50.6293596]},"properties":{"maxheight":"default"}},{"type":"Feature","geometry":{"type":"Point","coordinates":[6.8456712,50.6293154]},"properties":{"maxheight":"default"}},{"type":"Feature","geometry":{"type":"Point","coordinates":[6.8457238,50.6294684]},"properties":{"maxheight":"default"}},{"type":"Feature","geometry":{"type":"Point","coordinates":[6.8456084,50.6291043]},"properties":{"maxheight":"default"}},{"type":"Feature","geometry":{"type":"Point","coordinates":[6.8030671,50.6517344]},"properties":{"maxheight":"3.3"}},{"type":"Feature","geometry":{"type":"Point","coordinates":[6.8030825,50.6517698]},"properties":{"maxheight":"3.3"}},{"type":"Feature","geometry":{"type":"Point","coordinates":[6.8030951,50.6517987]},"properties":{"maxheight":"3.3"}},{"type":"Feature","geometry":{"type":"Point","coordinates":[6.8031107,50.6518348]},"properties":{"maxheight":"3.3"}},{"type":"Feature","geometry":{"type":"Point","coordinates":[6.7792469,50.665484]},"properties":{"maxheight":"default"}},{"type":"Feature","geometry":{"type":"Point","coordinates":[6.7792833,50.6655103]},"properties":{"maxheight":"default"}},{"type":"Feature","geometry":{"type":"Point","coordinates":[6.8383773,50.657848]},"properties":{"hgv":"no"}},{"type":"Feature","geometry":{"type":"Point","coordinates":[6.989057,50.8976404]},"properties":{"maxheight":"default"}},{"type":"Feature","geometry":{"type":"Point","coordinates":[6.1571394,50.8028751]},"properties":{"maxheight":"default"}},{"type":"Feature","geometry":{"type":"Point","coordinates":[6.0727809,50.7709049]},"properties":{"maxheight":"5"}},{"type":"Feature","geometry":{"type":"Point","coordinates":[6.0711291,50.7720358]},"properties":{"maxheight":"4"}},{"type":"Feature","geometry":{"type":"Point","coordinates":[6.1237373,50.7828018]},"properties":{"maxheight":"2.6"}},{"type":"Feature","geometry":{"type":"Point","coordinates":[6.1244575,50.7821959]},"properties":{"maxheight":"2.6"}},{"type":"Feature","geometry":{"type":"Point","coordinates":[6.1241001,50.7825902]},"properties":{"maxheight":"2.6"}},{"type":"Feature","geometry":{"type":"Point","coordinates":[6.1241001,50.7825902]},"properties":{"maxheight":"2.6"}},{"type":"Feature","geometry":{"type":"Point","coordinates":[6.1239257,50.7826919]},"properties":{"maxheight":"2.6"}},{"type":"Feature","geometry":{"type":"Point","coordinates":[6.9546122,50.6256843]},"properties":{"maxheight":"below_default"}},{"type":"Feature","geometry":{"type":"Point","coordinates":[6.9502783,50.6270927]},"properties":{"maxwidth":"5"}},{"type":"Feature","geometry":{"type":"Point","coordinates":[6.949439,50.6382936]},"properties":{"maxheight":"default"}},{"type":"Feature","geometry":{"type":"Point","coordinates":[6.4357332,50.9860867]},"properties":{"maxheight":"3.7"}},{"type":"Feature","geometry":{"type":"Point","coordinates":[6.8475905,50.6249441]},"properties":{"goods":"yes"}},{"type":"Feature","geometry":{"type":"Point","coordinates":[6.9664475,50.8417909]},"properties":{"maxweight":"12"}},{"type":"Feature","geometry":{"type":"Point","coordinates":[6.9321147,50.9204294]},"properties":{"maxheight":"default"}},{"type":"Feature","geometry":{"type":"Point","coordinates":[6.9321198,50.9210229]},"properties":{"maxheight":"3.5"}},{"type":"Feature","geometry":{"type":"Point","coordinates":[6.9352682,50.9189727]},"properties":{"maxwidth":"2.5"}},{"type":"Feature","geometry":{"type":"Point","coordinates":[6.9347336,50.9218485]},"properties":{"maxheight":"3.2"}},{"type":"Feature","geometry":{"type":"Point","coordinates":[6.9468581,50.9386429]},"properties":{"maxheight":"3.1"}},{"type":"Feature","geometry":{"type":"Point","coordinates":[6.836168,50.968098]},"properties":{"hgv":"no"}},{"type":"Feature","geometry":{"type":"Point","coordinates":[6.4936127,50.8161535]},"properties":{"hgv":"destination"}},{"type":"Feature","geometry":{"type":"Point","coordinates":[6.9165259,50.2170819]},"properties":{"maxheight":"none"}},{"type":"Feature","geometry":{"type":"Point","coordinates":[6.8350358,50.1960376]},"properties":{"hgv":"destination"}},{"type":"Feature","geometry":{"type":"Point","coordinates":[6.8265002,50.6500795]},"properties":{"hgv":"delivery","maxweight":"7.5"}},{"type":"Feature","geometry":{"type":"Point","coordinates":[6.8245151,50.6496582]},"properties":{"hgv":"delivery","maxweight":"7.5"}},{"type":"Feature","geometry":{"type":"Point","coordinates":[6.6477521,50.6922255]},"properties":{"maxheight":"below_default"}},{"type":"Feature","geometry":{"type":"Point","coordinates":[6.5653105,50.7982021]},"properties":{"hgv":"no"}},{"type":"Feature","geometry":{"type":"Point","coordinates":[6.6680719,50.4503525]},"properties":{"hgv":"no"}},{"type":"Feature","geometry":{"type":"Point","coordinates":[6.8421496,50.6159781]},"properties":{"hgv":"destination"}},{"type":"Feature","geometry":{"type":"Point","coordinates":[6.7951693,50.9640125]},"properties":{"hgv":"destination"}},{"type":"Feature","geometry":{"type":"Point","coordinates":[6.6834851,50.603971]},"properties":{"hgv":"destination"}},{"type":"Feature","geometry":{"type":"Point","coordinates":[6.6833188,50.6042198]},"properties":{"hgv":"destination"}},{"type":"Feature","geometry":{"type":"Point","coordinates":[6.824885,50.6995087]},"properties":{"hgv":"yes"}},{"type":"Feature","geometry":{"type":"Point","coordinates":[6.4370956,50.2187469]},"properties":{"maxweight":"5"}},{"type":"Feature","geometry":{"type":"Point","coordinates":[6.1489302,50.7997681]},"properties":{"maxheight":"default"}},{"type":"Feature","geometry":{"type":"Point","coordinates":[6.8418203,50.6566568]},"properties":{"hgv":"no"}},{"type":"Feature","geometry":{"type":"Point","coordinates":[6.5999912,50.9605699]},"properties":{"hgv":"no"}},{"type":"Feature","geometry":{"type":"Point","coordinates":[6.0208906,50.8477635]},"properties":{"hgv":"no"}},{"type":"Feature","geometry":{"type":"Point","coordinates":[6.0206005,50.8477684]},"properties":{"hgv":"no"}},{"type":"Feature","geometry":{"type":"Point","coordinates":[6.7836434,50.9634464]},"properties":{"hgv":"destination"}},{"type":"Feature","geometry":{"type":"Point","coordinates":[6.7971896,50.9599864]},"properties":{"hgv":"destination"}},{"type":"Feature","geometry":{"type":"Point","coordinates":[6.7788717,50.9598612]},"properties":{"hgv":"destination"}},{"type":"Feature","geometry":{"type":"Point","coordinates":[6.7815444,50.963304]},"properties":{"hgv":"destination"}},{"type":"Feature","geometry":{"type":"Point","coordinates":[6.8804914,50.2561257]},"properties":{"hgv":"no"}},{"type":"Feature","geometry":{"type":"Point","coordinates":[6.9341482,50.920116]},"properties":{"maxheight":"2"}},{"type":"Feature","geometry":{"type":"Point","coordinates":[6.8809471,50.0696405]},"properties":{"hgv":"designated","maxheight":"none"}},{"type":"Feature","geometry":{"type":"Point","coordinates":[6.4902994,50.0512298]},"properties":{"maxheight":"below_default"}},{"type":"Feature","geometry":{"type":"Point","coordinates":[6.4899049,50.0507914]},"properties":{"maxheight":"below_default"}},{"type":"Feature","geometry":{"type":"Point","coordinates":[6.9550513,50.9430583]},"properties":{"maxheight":"4.1"}},{"type":"Feature","geometry":{"type":"Point","coordinates":[6.8820542,50.7996513]},"properties":{"maxheight":"2.5"}},{"type":"Feature","geometry":{"type":"Point","coordinates":[6.1318719,50.041335]},"properties":{"hgv":"yes"}},{"type":"Feature","geometry":{"type":"Point","coordinates":[6.7072566,50.1040612]},"properties":{"maxheight":"none"}},{"type":"Feature","geometry":{"type":"Point","coordinates":[6.8866575,50.1690448]},"properties":{"maxheight":"none"}},{"type":"Feature","geometry":{"type":"Point","coordinates":[6.1293582,50.0351332]},"properties":{"hgv":"yes"}},{"type":"Feature","geometry":{"type":"Point","coordinates":[6.7946054,50.8379139]},"properties":{"hgv":"no"}},{"type":"Feature","geometry":{"type":"Point","coordinates":[6.7944404,50.8380214]},"properties":{"hgv":"no"}},{"type":"Feature","geometry":{"type":"Point","coordinates":[6.1206088,50.8163468]},"properties":{"maxheight":"3.9"}},{"type":"Feature","geometry":{"type":"Point","coordinates":[6.1597224,50.8203781]},"properties":{"maxheight":"3.6"}},{"type":"Feature","geometry":{"type":"Point","coordinates":[6.7592106,50.6874883]},"properties":{"maxheight":"4"}},{"type":"Feature","geometry":{"type":"Point","coordinates":[6.6765041,50.6051362]},"properties":{"hgv":"destination"}},{"type":"Feature","geometry":{"type":"Point","coordinates":[6.6825169,50.6022013]},"properties":{"hgv":"destination"}},{"type":"Feature","geometry":{"type":"Point","coordinates":[6.0909101,50.8349872]},"properties":{"maxheight":"3.2"}},{"type":"Feature","geometry":{"type":"Point","coordinates":[6.6834592,50.6040064]},"properties":{"hgv":"destination"}},{"type":"Feature","geometry":{"type":"Point","coordinates":[6.9530735,50.9403624]},"properties":{"maxheight":"default"}},{"type":"Feature","geometry":{"type":"Point","coordinates":[6.9531041,50.9408637]},"properties":{"maxheight":"default"}},{"type":"Feature","geometry":{"type":"Point","coordinates":[6.9529494,50.9403534]},"properties":{"maxheight":"3.7"}},{"type":"Feature","geometry":{"type":"Point","coordinates":[6.9529996,50.9401349]},"properties":{"maxheight":"default"}},{"type":"Feature","geometry":{"type":"Point","coordinates":[6.8656826,50.5985036]},"properties":{"maxweight":"1.5"}},{"type":"Feature","geometry":{"type":"Point","coordinates":[6.0965821,50.8681945]},"properties":{"maxheight":"3.5"}},{"type":"Feature","geometry":{"type":"Point","coordinates":[6.0889989,50.833621]},"properties":{"maxheight":"2.7"}},{"type":"Feature","geometry":{"type":"Point","coordinates":[6.7464947,50.9662101]},"properties":{"maxweight":"7.5"}},{"type":"Feature","geometry":{"type":"Point","coordinates":[6.0728858,50.7680677]},"properties":{"maxheight":"3.7"}},{"type":"Feature","geometry":{"type":"Point","coordinates":[6.0726371,50.7677463]},"properties":{"maxheight":"2.9"}},{"type":"Feature","geometry":{"type":"Point","coordinates":[6.062961,50.7663409]},"properties":{"maxheight":"2"}},{"type":"Feature","geometry":{"type":"Point","coordinates":[6.067898,50.7691677]},"properties":{"maxheight":"3.5"}},{"type":"Feature","geometry":{"type":"Point","coordinates":[6.0683185,50.7696542]},"properties":{"maxheight":"2"}},{"type":"Feature","geometry":{"type":"Point","coordinates":[6.0684396,50.7698059]},"properties":{"maxheight":"4"}},{"type":"Feature","geometry":{"type":"Point","coordinates":[6.0663044,50.770395]},"properties":{"maxheight":"1.9"}},{"type":"Feature","geometry":{"type":"Point","coordinates":[6.0607892,50.7698189]},"properties":{"maxheight":"3.9"}},{"type":"Feature","geometry":{"type":"Point","coordinates":[6.0745415,50.7739798]},"properties":{"maxheight":"3.7"}},{"type":"Feature","geometry":{"type":"Point","coordinates":[6.0745567,50.7740701]},"properties":{"maxheight":"3.4"}},{"type":"Feature","geometry":{"type":"Point","coordinates":[6.388717,50.1812448]},"properties":{"maxheight":"default"}},{"type":"Feature","geometry":{"type":"Point","coordinates":[6.081052,50.7670407]},"properties":{"maxheight":"below_default"}},{"type":"Feature","geometry":{"type":"Point","coordinates":[6.0721834,50.7816373]},"properties":{"maxheight":"default"}},{"type":"Feature","geometry":{"type":"Point","coordinates":[6.0747261,50.7832772]},"properties":{"maxheight":"below_default"}},{"type":"Feature","geometry":{"type":"Point","coordinates":[6.0794301,50.7804724]},"properties":{"maxheight":"below_default"}},{"type":"Feature","geometry":{"type":"Point","coordinates":[6.0813424,50.7802361]},"properties":{"maxheight":"4"}},{"type":"Feature","geometry":{"type":"Point","coordinates":[6.07917,50.7798013]},"properties":{"maxheight":"3.55"}},{"type":"Feature","geometry":{"type":"Point","coordinates":[6.0802886,50.7632037]},"properties":{"maxheight":"2.8"}},{"type":"Feature","geometry":{"type":"Point","coordinates":[6.0821734,50.7638768]},"properties":{"maxheight":"3.9"}},{"type":"Feature","geometry":{"type":"Point","coordinates":[6.1019691,50.7731852]},"properties":{"maxheight":"3.75"}},{"type":"Feature","geometry":{"type":"Point","coordinates":[6.1097033,50.7752892]},"properties":{"maxheight":"2.8"}},{"type":"Feature","geometry":{"type":"Point","coordinates":[6.1110292,50.7727719]},"properties":{"maxheight":"3.5"}},{"type":"Feature","geometry":{"type":"Point","coordinates":[6.1113611,50.7726281]},"properties":{"maxheight":"3"}},{"type":"Feature","geometry":{"type":"Point","coordinates":[6.1112109,50.7724868]},"properties":{"maxheight":"3"}},{"type":"Feature","geometry":{"type":"Point","coordinates":[6.0955741,50.766878]},"properties":{"maxheight":"4.6"}},{"type":"Feature","geometry":{"type":"Point","coordinates":[6.0954053,50.7678495]},"properties":{"maxheight":"below_default"}},{"type":"Feature","geometry":{"type":"Point","coordinates":[6.0887089,50.7655271]},"properties":{"maxheight":"below_default"}},{"type":"Feature","geometry":{"type":"Point","coordinates":[6.0885537,50.7656671]},"properties":{"maxheight":"below_default"}},{"type":"Feature","geometry":{"type":"Point","coordinates":[6.0866238,50.7671535]},"properties":{"maxheight":"2.1"}},{"type":"Feature","geometry":{"type":"Point","coordinates":[6.8775754,50.9483281]},"properties":{"maxheight":"2.6"}},{"type":"Feature","geometry":{"type":"Point","coordinates":[6.9780536,50.9439718]},"properties":{"maxheight":"4"}},{"type":"Feature","geometry":{"type":"Point","coordinates":[6.9785575,50.9438042]},"properties":{"maxheight":"4"}},{"type":"Feature","geometry":{"type":"Point","coordinates":[6.9795525,50.9435398]},"properties":{"maxheight":"4"}},{"type":"Feature","geometry":{"type":"Point","coordinates":[6.9808563,50.9431273]},"properties":{"maxheight":"3.4"}},{"type":"Feature","geometry":{"type":"Point","coordinates":[6.9812247,50.9433852]},"properties":{"maxheight":"3.4"}},{"type":"Feature","geometry":{"type":"Point","coordinates":[6.9802095,50.9437187]},"properties":{"maxheight":"3.4"}},{"type":"Feature","geometry":{"type":"Point","coordinates":[6.9792959,50.9440703]},"properties":{"maxheight":"4"}},{"type":"Feature","geometry":{"type":"Point","coordinates":[6.9784859,50.9443283]},"properties":{"maxheight":"4"}},{"type":"Feature","geometry":{"type":"Point","coordinates":[6.9747725,50.9455507]},"properties":{"maxheight":"default"}},{"type":"Feature","geometry":{"type":"Point","coordinates":[6.9856894,50.9475345]},"properties":{"maxheight":"default"}},{"type":"Feature","geometry":{"type":"Point","coordinates":[6.63935,50.8298376]},"properties":{"maxheight":"none"}},{"type":"Feature","geometry":{"type":"Point","coordinates":[6.9820978,50.9241513]},"properties":{"maxheight":"2.10","maxweight":"2.5"}},{"type":"Feature","geometry":{"type":"Point","coordinates":[6.2767924,50.7555782]},"properties":{"hgv":"destination"}},{"type":"Feature","geometry":{"type":"Point","coordinates":[6.906008,50.0506196]},"properties":{"maxheight":"default"}},{"type":"Feature","geometry":{"type":"Point","coordinates":[6.1024422,50.7807311]},"properties":{"maxheight":"3.4"}},{"type":"Feature","geometry":{"type":"Point","coordinates":[6.8780008,50.8715974]},"properties":{"hgv":"delivery"}},{"type":"Feature","geometry":{"type":"Point","coordinates":[6.0616183,50.7459391]},"properties":{"hgv":"destination"}},{"type":"Feature","geometry":{"type":"Point","coordinates":[6.8810587,50.871425]},"properties":{"hgv":"delivery"}},{"type":"Feature","geometry":{"type":"Point","coordinates":[6.7803381,50.6282421]},"properties":{"maxweight":"7.5"}},{"type":"Feature","geometry":{"type":"Point","coordinates":[6.7663002,50.6541825]},"properties":{"maxheight":"1.9"}},{"type":"Feature","geometry":{"type":"Point","coordinates":[6.766994,50.6545082]},"properties":{"maxheight":"1.9"}},{"type":"Feature","geometry":{"type":"Point","coordinates":[6.0692749,50.7872253]},"properties":{"maxheight":"2.7"}},{"type":"Feature","geometry":{"type":"Point","coordinates":[6.0649685,50.8010031]},"properties":{"maxheight":"3.4"}},{"type":"Feature","geometry":{"type":"Point","coordinates":[6.0776866,50.7749715]},"properties":{"maxheight":"3.5"}},{"type":"Feature","geometry":{"type":"Point","coordinates":[6.0635421,50.7699654]},"properties":{"maxheight":"below_default"}},{"type":"Feature","geometry":{"type":"Point","coordinates":[6.0718179,50.7746516]},"properties":{"maxheight":"4"}},{"type":"Feature","geometry":{"type":"Point","coordinates":[6.8743091,50.8646924]},"properties":{"hgv":"no"}},{"type":"Feature","geometry":{"type":"Point","coordinates":[6.8865023,50.8649381]},"properties":{"hgv":"no"}},{"type":"Feature","geometry":{"type":"Point","coordinates":[6.8855372,50.8657323]},"properties":{"hgv":"no"}},{"type":"Feature","geometry":{"type":"Point","coordinates":[6.8886308,50.8654498]},"properties":{"hgv":"no"}},{"type":"Feature","geometry":{"type":"Point","coordinates":[6.8881844,50.8653581]},"properties":{"hgv":"no"}},{"type":"Feature","geometry":{"type":"Point","coordinates":[6.8880388,50.8653446]},"properties":{"hgv":"no"}},{"type":"Feature","geometry":{"type":"Point","coordinates":[6.8861134,50.8653562]},"properties":{"hgv":"no"}},{"type":"Feature","geometry":{"type":"Point","coordinates":[6.8853439,50.8658102]},"properties":{"hgv":"no"}},{"type":"Feature","geometry":{"type":"Point","coordinates":[6.8869473,50.8651163]},"properties":{"hgv":"no"}},{"type":"Feature","geometry":{"type":"Point","coordinates":[6.8867147,50.865028]},"properties":{"hgv":"no"}},{"type":"Feature","geometry":{"type":"Point","coordinates":[6.8877366,50.8653174]},"properties":{"hgv":"no"}},{"type":"Feature","geometry":{"type":"Point","coordinates":[6.8872391,50.8652045]},"properties":{"hgv":"no"}},{"type":"Feature","geometry":{"type":"Point","coordinates":[6.8860028,50.8654596]},"properties":{"hgv":"no"}},{"type":"Feature","geometry":{"type":"Point","coordinates":[6.8856571,50.8656798]},"properties":{"hgv":"no"}},{"type":"Feature","geometry":{"type":"Point","coordinates":[6.8862033,50.8635763]},"properties":{"hgv":"no"}},{"type":"Feature","geometry":{"type":"Point","coordinates":[6.8858401,50.8633721]},"properties":{"hgv":"no"}},{"type":"Feature","geometry":{"type":"Point","coordinates":[6.8839182,50.8662285]},"properties":{"hgv":"no"}},{"type":"Feature","geometry":{"type":"Point","coordinates":[6.8835031,50.866313]},"properties":{"hgv":"no"}},{"type":"Feature","geometry":{"type":"Point","coordinates":[6.8812333,50.8665174]},"properties":{"hgv":"no"}},{"type":"Feature","geometry":{"type":"Point","coordinates":[6.8824541,50.8664483]},"properties":{"hgv":"no"}},{"type":"Feature","geometry":{"type":"Point","coordinates":[6.8805865,50.8665852]},"properties":{"hgv":"no"}},{"type":"Feature","geometry":{"type":"Point","coordinates":[6.8790091,50.8669664]},"properties":{"hgv":"no"}},{"type":"Feature","geometry":{"type":"Point","coordinates":[6.878136,50.8672529]},"properties":{"hgv":"private"}},{"type":"Feature","geometry":{"type":"Point","coordinates":[6.8778698,50.8673395]},"properties":{"hgv":"private"}},{"type":"Feature","geometry":{"type":"Point","coordinates":[6.8852854,50.8631839]},"properties":{"hgv":"no"}},{"type":"Feature","geometry":{"type":"Point","coordinates":[6.4921818,50.7704944]},"properties":{"maxheight":"3.8"}},{"type":"Feature","geometry":{"type":"Point","coordinates":[6.8239162,50.9833075]},"properties":{"maxheight":"2.50"}},{"type":"Feature","geometry":{"type":"Point","coordinates":[6.8800838,50.8633148]},"properties":{"hgv":"no"}},{"type":"Feature","geometry":{"type":"Point","coordinates":[6.8797523,50.8633242]},"properties":{"hgv":"no"}},{"type":"Feature","geometry":{"type":"Point","coordinates":[6.8792938,50.8668834]},"properties":{"hgv":"no"}},{"type":"Feature","geometry":{"type":"Point","coordinates":[6.8734213,50.8712282]},"properties":{"hgv":"no"}},{"type":"Feature","geometry":{"type":"Point","coordinates":[6.8742308,50.8647046]},"properties":{"hgv":"no"}},{"type":"Feature","geometry":{"type":"Point","coordinates":[6.875789,50.8644623]},"properties":{"hgv":"no"}},{"type":"Feature","geometry":{"type":"Point","coordinates":[6.4919054,50.7649159]},"properties":{"maxweight":"24"}},{"type":"Feature","geometry":{"type":"Point","coordinates":[6.8885153,50.9603338]},"properties":{"maxheight":"3.2"}},{"type":"Feature","geometry":{"type":"Point","coordinates":[6.7863891,50.0031597]},"properties":{"maxweight":"1.5"}},{"type":"Feature","geometry":{"type":"Point","coordinates":[6.9300071,50.9261356]},"properties":{"maxheight":"default"}},{"type":"Feature","geometry":{"type":"Point","coordinates":[6.4016217,50.8355575]},"properties":{"maxheight":"default"}},{"type":"Feature","geometry":{"type":"Point","coordinates":[6.8101668,50.9904631]},"properties":{"maxheight":"default"}},{"type":"Feature","geometry":{"type":"Point","coordinates":[6.8089533,50.991002]},"properties":{"maxheight":"3.8"}},{"type":"Feature","geometry":{"type":"Point","coordinates":[6.5182943,50.7302924]},"properties":{"maxweight":"16"}},{"type":"Feature","geometry":{"type":"Point","coordinates":[6.2729741,50.8377175]},"properties":{"maxheight":"3.4"}},{"type":"Feature","geometry":{"type":"Point","coordinates":[6.9586666,50.9325862]},"properties":{"maxweight":"9"}},{"type":"Feature","geometry":{"type":"Point","coordinates":[6.9567738,50.9331737]},"properties":{"maxheight":"3.2","maxweight":"12"}},{"type":"Feature","geometry":{"type":"Point","coordinates":[6.9572825,50.9323206]},"properties":{"maxheight":"2.95"}},{"type":"Feature","geometry":{"type":"Point","coordinates":[6.0888757,50.7639428]},"properties":{"maxheight":"3.5"}},{"type":"Feature","geometry":{"type":"Point","coordinates":[6.2187993,50.7663468]},"properties":{"maxheight":"none"}},{"type":"Feature","geometry":{"type":"Point","coordinates":[6.9414856,50.9452265]},"properties":{"maxheight":"3.8"}},{"type":"Feature","geometry":{"type":"Point","coordinates":[6.6137358,50.9639569]},"properties":{"maxweight":"13"}},{"type":"Feature","geometry":{"type":"Point","coordinates":[6.9193994,50.9534046]},"properties":{"maxheight":"1.95"}},{"type":"Feature","geometry":{"type":"Point","coordinates":[6.9266083,50.8604122]},"properties":{"hgv":"destination"}},{"type":"Feature","geometry":{"type":"Point","coordinates":[6.949916,50.4726594]},"properties":{"maxheight":"default"}},{"type":"Feature","geometry":{"type":"Point","coordinates":[6.9965935,50.8165001]},"properties":{"hgv":"delivery"}},{"type":"Feature","geometry":{"type":"Point","coordinates":[6.9960125,50.8165778]},"properties":{"hgv":"delivery"}},{"type":"Feature","geometry":{"type":"Point","coordinates":[6.8982151,50.8284606]},"properties":{"maxweight":"11.5"}},{"type":"Feature","geometry":{"type":"Point","coordinates":[6.2924426,50.8361403]},"properties":{"hgv":"no"}},{"type":"Feature","geometry":{"type":"Point","coordinates":[6.2935214,50.8359891]},"properties":{"hgv":"no"}},{"type":"Feature","geometry":{"type":"Point","coordinates":[6.815725,50.9400102]},"properties":{"hgv":"no"}},{"type":"Feature","geometry":{"type":"Point","coordinates":[6.8137572,50.9401597]},"properties":{"hgv":"no"}},{"type":"Feature","geometry":{"type":"Point","coordinates":[6.7752888,50.9290843]},"properties":{"hgv":"designated"}},{"type":"Feature","geometry":{"type":"Point","coordinates":[6.77529,50.9293406]},"properties":{"hgv":"no"}},{"type":"Feature","geometry":{"type":"Point","coordinates":[6.7753591,50.9293559]},"properties":{"hgv":"no"}},{"type":"Feature","geometry":{"type":"Point","coordinates":[6.7751516,50.9290983]},"properties":{"hgv":"designated"}},{"type":"Feature","geometry":{"type":"Point","coordinates":[6.7752349,50.9291898]},"properties":{"hgv":"no"}},{"type":"Feature","geometry":{"type":"Point","coordinates":[6.7756865,50.9284867]},"properties":{"hgv":"designated"}},{"type":"Feature","geometry":{"type":"Point","coordinates":[6.9479917,50.8415565]},"properties":{"hgv":"no"}},{"type":"Feature","geometry":{"type":"Point","coordinates":[6.9476922,50.8414662]},"properties":{"hgv":"no"}},{"type":"Feature","geometry":{"type":"Point","coordinates":[6.8843052,50.9775888]},"properties":{"maxheight":"2.8"}},{"type":"Feature","geometry":{"type":"Point","coordinates":[6.831931,50.6934911]},"properties":{"hgv":"yes","goods":"yes"}},{"type":"Feature","geometry":{"type":"Point","coordinates":[6.9157351,50.043371]},"properties":{"maxheight":"default"}},{"type":"Feature","geometry":{"type":"Point","coordinates":[6.9706562,50.8580384]},"properties":{"maxheight":"2.3"}},{"type":"Feature","geometry":{"type":"Point","coordinates":[6.9267056,50.8317099]},"properties":{"maxheight":"3.8"}},{"type":"Feature","geometry":{"type":"Point","coordinates":[6.9382229,50.9583398]},"properties":{"maxheight":"3.9"}},{"type":"Feature","geometry":{"type":"Point","coordinates":[6.8695486,50.140139]},"properties":{"hgv":"designated"}},{"type":"Feature","geometry":{"type":"Point","coordinates":[6.4906179,50.0494468]},"properties":{"hgv":"designated"}},{"type":"Feature","geometry":{"type":"Point","coordinates":[6.4909888,50.0497421]},"properties":{"hgv":"designated"}},{"type":"Feature","geometry":{"type":"Point","coordinates":[6.492432,50.0485903]},"properties":{"hgv":"designated"}},{"type":"Feature","geometry":{"type":"Point","coordinates":[6.6341702,50.0200521]},"properties":{"hgv":"designated"}},{"type":"Feature","geometry":{"type":"Point","coordinates":[6.6346166,50.0207688]},"properties":{"hgv":"designated"}},{"type":"Feature","geometry":{"type":"Point","coordinates":[6.4935537,50.0489503]},"properties":{"hgv":"designated"}},{"type":"Feature","geometry":{"type":"Point","coordinates":[6.3933134,50.162924]},"properties":{"maxheight":"default"}},{"type":"Feature","geometry":{"type":"Point","coordinates":[6.9752962,50.1078649]},"properties":{"maxweight":"9"}},{"type":"Feature","geometry":{"type":"Point","coordinates":[6.3484775,50.803927]},"properties":{"maxheight":"3"}},{"type":"Feature","geometry":{"type":"Point","coordinates":[6.3484023,50.8039615]},"properties":{"maxheight":"3"}},{"type":"Feature","geometry":{"type":"Point","coordinates":[6.8057406,50.6602841]},"properties":{"maxheight":"4"}},{"type":"Feature","geometry":{"type":"Point","coordinates":[6.3564446,50.9201252]},"properties":{"maxheight":"2.5","maxwidth":"2.5"}},{"type":"Feature","geometry":{"type":"Point","coordinates":[6.0937105,50.7758432]},"properties":{"maxheight":"1.9"}},{"type":"Feature","geometry":{"type":"Point","coordinates":[6.0333033,50.851237]},"properties":{"hgv":"no"}},{"type":"Feature","geometry":{"type":"Point","coordinates":[6.0371126,50.8522761]},"properties":{"hgv":"no"}},{"type":"Feature","geometry":{"type":"Point","coordinates":[6.9046722,50.9596968]},"properties":{"hgv":"destination"}},{"type":"Feature","geometry":{"type":"Point","coordinates":[6.9677589,50.8314397]},"properties":{"hgv":"no","maxweight":"30"}},{"type":"Feature","geometry":{"type":"Point","coordinates":[6.9537231,50.9302753]},"properties":{"maxheight":"2"}},{"type":"Feature","geometry":{"type":"Point","coordinates":[6.2231326,50.7785967]},"properties":{"maxweight":"12"}},{"type":"Feature","geometry":{"type":"Point","coordinates":[6.4223342,50.20013]},"properties":{"maxweight":"7.5"}},{"type":"Feature","geometry":{"type":"Point","coordinates":[6.4227372,50.2000957]},"properties":{"maxweight":"7.5"}},{"type":"Feature","geometry":{"type":"Point","coordinates":[6.4220814,50.1999781]},"properties":{"hgv":"no"}},{"type":"Feature","geometry":{"type":"Point","coordinates":[6.4226353,50.2008323]},"properties":{"maxweight":"7.5"}},{"type":"Feature","geometry":{"type":"Point","coordinates":[6.4318303,50.1988582]},"properties":{"maxweight":"7.5"}},{"type":"Feature","geometry":{"type":"Point","coordinates":[6.1010911,50.767515]},"properties":{"maxheight":"default"}},{"type":"Feature","geometry":{"type":"Point","coordinates":[6.8696238,50.1400304]},"properties":{"hgv":"no"}},{"type":"Feature","geometry":{"type":"Point","coordinates":[6.8694415,50.1401356]},"properties":{"hgv":"no"}},{"type":"Feature","geometry":{"type":"Point","coordinates":[6.8700592,50.1406638]},"properties":{"hgv":"designated"}},{"type":"Feature","geometry":{"type":"Point","coordinates":[6.9726831,50.9303428]},"properties":{"maxheight":"default"}},{"type":"Feature","geometry":{"type":"Point","coordinates":[6.9653585,50.9252249]},"properties":{"hgv":"destination"}},{"type":"Feature","geometry":{"type":"Point","coordinates":[6.9396567,50.9057537]},"properties":{"hgv":"destination"}},{"type":"Feature","geometry":{"type":"Point","coordinates":[6.9393661,50.9053814]},"properties":{"hgv":"destination"}},{"type":"Feature","geometry":{"type":"Point","coordinates":[6.9815663,50.9632564]},"properties":{"hgv":"destination"}},{"type":"Feature","geometry":{"type":"Point","coordinates":[6.9278064,50.8961966]},"properties":{"hgv":"destination"}},{"type":"Feature","geometry":{"type":"Point","coordinates":[6.2463701,50.8230989]},"properties":{"maxheight":"3.3"}},{"type":"Feature","geometry":{"type":"Point","coordinates":[6.928448,50.9560601]},"properties":{"hgv":"destination"}},{"type":"Feature","geometry":{"type":"Point","coordinates":[6.8184571,50.6542927]},"properties":{"hgv":"delivery","maxweight":"7.5"}},{"type":"Feature","geometry":{"type":"Point","coordinates":[6.7633077,50.5673905]},"properties":{"hgv":"delivery"}},{"type":"Feature","geometry":{"type":"Point","coordinates":[6.7631619,50.5658744]},"properties":{"hgv":"delivery"}},{"type":"Feature","geometry":{"type":"Point","coordinates":[6.9843089,50.8964099]},"properties":{"maxheight":"default"}},{"type":"Feature","geometry":{"type":"Point","coordinates":[6.8803238,50.0704124]},"properties":{"hgv":"no","maxheight":"none"}},{"type":"Feature","geometry":{"type":"Point","coordinates":[6.8210987,50.58797]},"properties":{"hgv":"no"}},{"type":"Feature","geometry":{"type":"Point","coordinates":[6.9594496,50.9418874]},"properties":{"maxheight":"3.3"}},{"type":"Feature","geometry":{"type":"Point","coordinates":[6.8552469,50.9202193]},"properties":{"maxheight":"default"}},{"type":"Feature","geometry":{"type":"Point","coordinates":[6.2512067,50.5867844]},"properties":{"maxweight":"12.5"}},{"type":"Feature","geometry":{"type":"Point","coordinates":[6.9712713,50.9383923]},"properties":{"hgv":"no","maxheight":"4"}},{"type":"Feature","geometry":{"type":"Point","coordinates":[6.9076346,50.9503584]},"properties":{"maxheight":"3.5"}},{"type":"Feature","geometry":{"type":"Point","coordinates":[6.10596,50.7808458]},"properties":{"maxheight":"2"}},{"type":"Feature","geometry":{"type":"Point","coordinates":[6.4215801,50.2064933]},"properties":{"maxheight":"none"}},{"type":"Feature","geometry":{"type":"Point","coordinates":[6.528835,50.0230548]},"properties":{"maxheight":"default"}},{"type":"Feature","geometry":{"type":"Point","coordinates":[6.3589278,50.0911252]},"properties":{"goods":"destination"}},{"type":"Feature","geometry":{"type":"Point","coordinates":[6.9737714,50.9280348]},"properties":{"maxheight":"2.5"}},{"type":"Feature","geometry":{"type":"Point","coordinates":[6.9733608,50.9278779]},"properties":{"maxheight":"2.5","maxweight":"7.5"}},{"type":"Feature","geometry":{"type":"Point","coordinates":[6.9703045,50.9084121]},"properties":{"hgv":"no","maxweight":"2.5"}},{"type":"Feature","geometry":{"type":"Point","coordinates":[6.9568488,50.9076612]},"properties":{"maxheight":"default"}},{"type":"Feature","geometry":{"type":"Point","coordinates":[6.823487,50.99611]},"properties":{"maxweight":"40"}},{"type":"Feature","geometry":{"type":"Point","coordinates":[6.7986739,50.9968043]},"properties":{"maxheight":"default"}},{"type":"Feature","geometry":{"type":"Point","coordinates":[6.9114772,50.9381228]},"properties":{"maxheight":"default"}},{"type":"Feature","geometry":{"type":"Point","coordinates":[6.425235,50.874613]},"properties":{"maxweight":"16"}},{"type":"Feature","geometry":{"type":"Point","coordinates":[6.4253014,50.8746714]},"properties":{"maxweight":"16"}},{"type":"Feature","geometry":{"type":"Point","coordinates":[6.9425971,50.9458087]},"properties":{"maxheight":"2"}},{"type":"Feature","geometry":{"type":"Point","coordinates":[6.093957,50.7880932]},"properties":{"maxheight":"default"}},{"type":"Feature","geometry":{"type":"Point","coordinates":[6.2141579,50.8190439]},"properties":{"hgv":"designated"}},{"type":"Feature","geometry":{"type":"Point","coordinates":[6.2120068,50.8172578]},"properties":{"hgv":"designated"}},{"type":"Feature","geometry":{"type":"Point","coordinates":[6.7510849,50.9689652]},"properties":{"maxweight":"2.8"}},{"type":"Feature","geometry":{"type":"Point","coordinates":[6.1502649,50.7561438]},"properties":{"maxheight":"2.05"}},{"type":"Feature","geometry":{"type":"Point","coordinates":[6.9898474,50.9661318]},"properties":{"maxheight":"2.8","maxweight":"3.5"}},{"type":"Feature","geometry":{"type":"Point","coordinates":[6.9813877,50.9703411]},"properties":{"maxheight":"2.8","maxweight":"3.5"}},{"type":"Feature","geometry":{"type":"Point","coordinates":[6.9866129,50.9696735]},"properties":{"maxheight":"2.8","maxweight":"3.5"}},{"type":"Feature","geometry":{"type":"Point","coordinates":[6.9881281,50.9685389]},"properties":{"maxheight":"2.8","maxweight":"3.5"}},{"type":"Feature","geometry":{"type":"Point","coordinates":[6.74176,50.9673045]},"properties":{"hgv":"no"}},{"type":"Feature","geometry":{"type":"Point","coordinates":[6.0591333,50.7720792]},"properties":{"maxheight":"2.4"}},{"type":"Feature","geometry":{"type":"Point","coordinates":[6.6473607,50.6133929]},"properties":{"maxheight":"3","maxweight":"1.5"}},{"type":"Feature","geometry":{"type":"Point","coordinates":[6.6476101,50.6131949]},"properties":{"maxheight":"3","maxweight":"1.5"}},{"type":"Feature","geometry":{"type":"Point","coordinates":[6.1509389,50.7556964]},"properties":{"maxheight":"2.05"}},{"type":"Feature","geometry":{"type":"Point","coordinates":[6.1508539,50.7557004]},"properties":{"maxheight":"2.05"}},{"type":"Feature","geometry":{"type":"Point","coordinates":[6.8051178,50.6679291]},"properties":{"maxheight":"2.6"}},{"type":"Feature","geometry":{"type":"Point","coordinates":[6.8050198,50.6678941]},"properties":{"maxheight":"2.6"}},{"type":"Feature","geometry":{"type":"Point","coordinates":[6.1509706,50.7559358]},"properties":{"maxheight":"2.05"}},{"type":"Feature","geometry":{"type":"Point","coordinates":[6.1513922,50.7562758]},"properties":{"maxheight":"2.05"}},{"type":"Feature","geometry":{"type":"Point","coordinates":[6.1509316,50.7561229]},"properties":{"maxheight":"2.05"}},{"type":"Feature","geometry":{"type":"Point","coordinates":[6.1507492,50.7558251]},"properties":{"maxheight":"2.05"}},{"type":"Feature","geometry":{"type":"Point","coordinates":[6.1514003,50.7563424]},"properties":{"maxheight":"2.05"}},{"type":"Feature","geometry":{"type":"Point","coordinates":[6.1516289,50.7562367]},"properties":{"maxheight":"2.05"}},{"type":"Feature","geometry":{"type":"Point","coordinates":[6.1515385,50.7561678]},"properties":{"maxheight":"2.05"}},{"type":"Feature","geometry":{"type":"Point","coordinates":[6.9775212,50.9453005]},"properties":{"maxheight":"1.7"}},{"type":"Feature","geometry":{"type":"Point","coordinates":[6.9772529,50.9457845]},"properties":{"maxheight":"4"}},{"type":"Feature","geometry":{"type":"Point","coordinates":[6.9672939,50.9054356]},"properties":{"hgv":"destination"}},{"type":"Feature","geometry":{"type":"Point","coordinates":[6.9776639,50.9708812]},"properties":{"maxheight":"2.8","maxweight":"3.5"}},{"type":"Feature","geometry":{"type":"Point","coordinates":[6.9774198,50.9708789]},"properties":{"maxheight":"2.8","maxweight":"3.5"}},{"type":"Feature","geometry":{"type":"Point","coordinates":[6.9654274,50.9067499]},"properties":{"hgv":"destination"}},{"type":"Feature","geometry":{"type":"Point","coordinates":[6.9652594,50.907182]},"properties":{"hgv":"destination"}},{"type":"Feature","geometry":{"type":"Point","coordinates":[6.9995624,50.9544186]},"properties":{"maxheight":"default"}},{"type":"Feature","geometry":{"type":"Point","coordinates":[6.4981086,50.5743003]},"properties":{"maxheight":"default"}},{"type":"Feature","geometry":{"type":"Point","coordinates":[6.9564551,50.9063248]},"properties":{"maxheight":"default"}},{"type":"Feature","geometry":{"type":"Point","coordinates":[6.9784921,50.9441165]},"properties":{"maxheight":"4"}},{"type":"Feature","geometry":{"type":"Point","coordinates":[6.9789426,50.9477505]},"properties":{"maxheight":"4.1"}},{"type":"Feature","geometry":{"type":"Point","coordinates":[6.3625528,50.921617]},"properties":{"hgv":"destination"}},{"type":"Feature","geometry":{"type":"Point","coordinates":[6.9210334,50.2910105]},"properties":{"hgv":"delivery"}},{"type":"Feature","geometry":{"type":"Point","coordinates":[6.9209871,50.2910743]},"properties":{"hgv":"delivery"}},{"type":"Feature","geometry":{"type":"Point","coordinates":[6.9663174,50.9149558]},"properties":{"maxheight":"4"}},{"type":"Feature","geometry":{"type":"Point","coordinates":[6.9627536,50.9305033]},"properties":{"maxheight":"default"}},{"type":"Feature","geometry":{"type":"Point","coordinates":[6.8385316,50.6866209]},"properties":{"hgv":"yes"}},{"type":"Feature","geometry":{"type":"Point","coordinates":[6.8385708,50.6865797]},"properties":{"hgv":"yes"}},{"type":"Feature","geometry":{"type":"Point","coordinates":[6.8386046,50.6865388]},"properties":{"hgv":"yes"}},{"type":"Feature","geometry":{"type":"Point","coordinates":[6.3575759,50.81236]},"properties":{"maxweight":"30"}},{"type":"Feature","geometry":{"type":"Point","coordinates":[6.1188346,50.8432051]},"properties":{"hgv":"destination"}},{"type":"Feature","geometry":{"type":"Point","coordinates":[6.9407831,50.7718259]},"properties":{"hgv":"agricultural"}},{"type":"Feature","geometry":{"type":"Point","coordinates":[6.9421979,50.936402]},"properties":{"maxheight":"3","maxweight":"1.5"}},{"type":"Feature","geometry":{"type":"Point","coordinates":[6.9502558,50.9313983]},"properties":{"maxweight":"5"}},{"type":"Feature","geometry":{"type":"Point","coordinates":[6.9502914,50.9310894]},"properties":{"maxheight":"below_default","maxweight":"5"}},{"type":"Feature","geometry":{"type":"Point","coordinates":[6.955187,50.9274999]},"properties":{"maxheight":"below_default"}},{"type":"Feature","geometry":{"type":"Point","coordinates":[6.9068447,50.7686702]},"properties":{"maxweight":"1.5"}},{"type":"Feature","geometry":{"type":"Point","coordinates":[6.9053506,50.7686142]},"properties":{"maxweight":"1.5"}},{"type":"Feature","geometry":{"type":"Point","coordinates":[6.9163853,50.7670933]},"properties":{"hgv":"no"}},{"type":"Feature","geometry":{"type":"Point","coordinates":[6.9848852,50.7636648]},"properties":{"maxweight":"7.5"}},{"type":"Feature","geometry":{"type":"Point","coordinates":[6.9843741,50.7639917]},"properties":{"maxweight":"7.5"}},{"type":"Feature","geometry":{"type":"Point","coordinates":[6.9388227,50.6683044]},"properties":{"maxweight":"12"}},{"type":"Feature","geometry":{"type":"Point","coordinates":[6.1617222,50.751066]},"properties":{"maxheight":"1.9"}},{"type":"Feature","geometry":{"type":"Point","coordinates":[6.9196554,50.9072484]},"properties":{"hgv":"destination"}},{"type":"Feature","geometry":{"type":"Point","coordinates":[6.9239897,50.9168069]},"properties":{"maxheight":"3.8"}},{"type":"Feature","geometry":{"type":"Point","coordinates":[6.934451,50.9223981]},"properties":{"maxheight":"below_default"}},{"type":"Feature","geometry":{"type":"Point","coordinates":[6.9373321,50.9251368]},"properties":{"hgv":"destination"}},{"type":"Feature","geometry":{"type":"Point","coordinates":[6.9382531,50.9251529]},"properties":{"hgv":"destination"}},{"type":"Feature","geometry":{"type":"Point","coordinates":[6.3512884,50.6748465]},"properties":{"hgv":"destination"}},{"type":"Feature","geometry":{"type":"Point","coordinates":[6.9084447,50.8779058]},"properties":{"maxheight":"3.6"}},{"type":"Feature","geometry":{"type":"Point","coordinates":[6.8158827,50.9524339]},"properties":{"hgv":"destination"}},{"type":"Feature","geometry":{"type":"Point","coordinates":[6.095662,50.9603938]},"properties":{"maxheight":"default"}},{"type":"Feature","geometry":{"type":"Point","coordinates":[6.1191684,50.9519885]},"properties":{"maxheight":"default"}},{"type":"Feature","geometry":{"type":"Point","coordinates":[6.1295283,50.9521079]},"properties":{"maxheight":"default"}},{"type":"Feature","geometry":{"type":"Point","coordinates":[6.5517676,50.736824]},"properties":{"hgv":"destination"}},{"type":"Feature","geometry":{"type":"Point","coordinates":[6.5180717,50.8355148]},"properties":{"hgv":"no"}},{"type":"Feature","geometry":{"type":"Point","coordinates":[6.4209414,50.7350245]},"properties":{"hgv":"destination"}},{"type":"Feature","geometry":{"type":"Point","coordinates":[6.9118894,50.918674]},"properties":{"maxweight":"7.5"}},{"type":"Feature","geometry":{"type":"Point","coordinates":[6.9156721,50.9173134]},"properties":{"maxweight":"7.5"}},{"type":"Feature","geometry":{"type":"Point","coordinates":[6.9884466,50.9184051]},"properties":{"hgv":"delivery","maxheight":"3.8"}},{"type":"Feature","geometry":{"type":"Point","coordinates":[6.9875516,50.9190639]},"properties":{"hgv":"delivery","maxheight":"3.8"}},{"type":"Feature","geometry":{"type":"Point","coordinates":[6.9254112,50.9134585]},"properties":{"maxheight":"3.4"}},{"type":"Feature","geometry":{"type":"Point","coordinates":[6.4786407,50.8062002]},"properties":{"maxheight":"default"}},{"type":"Feature","geometry":{"type":"Point","coordinates":[6.4787612,50.8062559]},"properties":{"maxheight":"default"}},{"type":"Feature","geometry":{"type":"Point","coordinates":[6.832074,50.9438358]},"properties":{"maxheight":"default"}},{"type":"Feature","geometry":{"type":"Point","coordinates":[6.3250067,50.7760069]},"properties":{"maxweight":"24"}},{"type":"Feature","geometry":{"type":"Point","coordinates":[6.6411985,50.8907137]},"properties":{"hgv":"destination"}},{"type":"Feature","geometry":{"type":"Point","coordinates":[6.2460237,50.82602]},"properties":{"maxheight":"default"}},{"type":"Feature","geometry":{"type":"Point","coordinates":[6.8996888,50.9390531]},"properties":{"maxheight":"2.1"}},{"type":"Feature","geometry":{"type":"Point","coordinates":[6.8990181,50.9410618]},"properties":{"maxheight":"below_default"}},{"type":"Feature","geometry":{"type":"Point","coordinates":[6.7183522,50.4158614]},"properties":{"maxweight":"10"}},{"type":"Feature","geometry":{"type":"Point","coordinates":[6.718534,50.4155845]},"properties":{"maxweight":"10"}},{"type":"Feature","geometry":{"type":"Point","coordinates":[6.5646702,50.9442675]},"properties":{"maxheight":"4.1"}},{"type":"Feature","geometry":{"type":"Point","coordinates":[6.8318623,50.66092]},"properties":{"maxheight":"3.8"}},{"type":"Feature","geometry":{"type":"Point","coordinates":[6.8896683,50.9413431]},"properties":{"maxheight":"3.9"}},{"type":"Feature","geometry":{"type":"Point","coordinates":[6.8898829,50.9408143]},"properties":{"maxheight":"3.7"}},{"type":"Feature","geometry":{"type":"Point","coordinates":[6.9830755,50.9372002]},"properties":{"maxheight":"3.55"}},{"type":"Feature","geometry":{"type":"Point","coordinates":[6.461003,50.8228984]},"properties":{"maxweightrating:hgv":"7.5"}},{"type":"Feature","geometry":{"type":"Point","coordinates":[6.8699116,50.9983827]},"properties":{"hgv":"destination"}},{"type":"Feature","geometry":{"type":"Point","coordinates":[6.8731276,50.9949736]},"properties":{"hgv":"no"}},{"type":"Feature","geometry":{"type":"Point","coordinates":[6.4846593,50.8074635]},"properties":{"maxheight":"below_default"}},{"type":"Feature","geometry":{"type":"Point","coordinates":[6.9908964,50.9458857]},"properties":{"maxheight":"default"}},{"type":"Feature","geometry":{"type":"Point","coordinates":[6.0311965,50.8502822]},"properties":{"maxheight":"default"}},{"type":"Feature","geometry":{"type":"Point","coordinates":[6.03143,50.8502594]},"properties":{"maxheight":"default"}},{"type":"Feature","geometry":{"type":"Point","coordinates":[6.0182777,50.8466628]},"properties":{"maxheight":"default"}},{"type":"Feature","geometry":{"type":"Point","coordinates":[6.0185829,50.8466788]},"properties":{"maxheight":"default"}},{"type":"Feature","geometry":{"type":"Point","coordinates":[6.3962822,50.8094286]},"properties":{"maxheight":"4.8"}},{"type":"Feature","geometry":{"type":"Point","coordinates":[6.4097194,50.8067518]},"properties":{"maxheight":"2.8"}},{"type":"Feature","geometry":{"type":"Point","coordinates":[6.4305573,50.8025042]},"properties":{"maxheight":"2.8"}},{"type":"Feature","geometry":{"type":"Point","coordinates":[6.8161392,50.2515902]},"properties":{"maxheight":"default"}},{"type":"Feature","geometry":{"type":"Point","coordinates":[6.146751,50.9191977]},"properties":{"maxheight":"default"}},{"type":"Feature","geometry":{"type":"Point","coordinates":[6.4587642,50.8020972]},"properties":{"maxweight":"12"}},{"type":"Feature","geometry":{"type":"Point","coordinates":[6.8541334,50.1108644]},"properties":{"maxheight":"default"}},{"type":"Feature","geometry":{"type":"Point","coordinates":[6.6673973,50.3425404]},"properties":{"hgv":"no"}},{"type":"Feature","geometry":{"type":"Point","coordinates":[6.6766519,50.3423267]},"properties":{"maxheight":"default"}},{"type":"Feature","geometry":{"type":"Point","coordinates":[6.6756768,50.9017411]},"properties":{"maxheight":"2.7","maxwidth":"2.4"}},{"type":"Feature","geometry":{"type":"Point","coordinates":[6.2233879,50.680457]},"properties":{"maxweight":"2.5"}},{"type":"Feature","geometry":{"type":"Point","coordinates":[6.2232811,50.6804301]},"properties":{"maxweight":"2.5"}},{"type":"Feature","geometry":{"type":"Point","coordinates":[6.3766188,50.9244948]},"properties":{"hgv":"yes"}},{"type":"Feature","geometry":{"type":"Point","coordinates":[6.4739425,50.6353792]},"properties":{"maxheight":"3.6"}},{"type":"Feature","geometry":{"type":"Point","coordinates":[6.4354873,50.8485646]},"properties":{"maxweight":"12"}},{"type":"Feature","geometry":{"type":"Point","coordinates":[6.8098348,50.6328361]},"properties":{"hgv":"no"}},{"type":"Feature","geometry":{"type":"Point","coordinates":[6.8100317,50.6330955]},"properties":{"hgv":"no"}},{"type":"Feature","geometry":{"type":"Point","coordinates":[6.8498448,50.9495645]},"properties":{"maxheight":"default"}},{"type":"Feature","geometry":{"type":"Point","coordinates":[6.4642434,50.8207514]},"properties":{"maxweightrating:hgv":"7.5"}},{"type":"Feature","geometry":{"type":"Point","coordinates":[6.4647539,50.8201884]},"properties":{"maxweightrating:hgv":"7.5"}},{"type":"Feature","geometry":{"type":"Point","coordinates":[6.4660442,50.8189642]},"properties":{"maxweightrating:hgv":"7.5"}},{"type":"Feature","geometry":{"type":"Point","coordinates":[6.1193845,50.7171713]},"properties":{"maxheight":"default"}},{"type":"Feature","geometry":{"type":"Point","coordinates":[6.1191944,50.7173338]},"properties":{"maxheight":"default"}},{"type":"Feature","geometry":{"type":"Point","coordinates":[6.1189325,50.718143]},"properties":{"hgv":"no"}},{"type":"Feature","geometry":{"type":"Point","coordinates":[6.1185111,50.7182254]},"properties":{"hgv":"no"}},{"type":"Feature","geometry":{"type":"Point","coordinates":[6.4290412,50.2021648]},"properties":{"maxweight":"7.5"}},{"type":"Feature","geometry":{"type":"Point","coordinates":[6.9931029,50.8920136]},"properties":{"maxheight":"2"}},{"type":"Feature","geometry":{"type":"Point","coordinates":[6.9456583,50.9125471]},"properties":{"maxweight":"7.5"}},{"type":"Feature","geometry":{"type":"Point","coordinates":[6.0151827,50.8414558]},"properties":{"maxheight":"default"}},{"type":"Feature","geometry":{"type":"Point","coordinates":[6.8590488,50.9380184]},"properties":{"maxweight":"7.5"}},{"type":"Feature","geometry":{"type":"Point","coordinates":[6.8802375,50.8328718]},"properties":{"maxheight":"4"}},{"type":"Feature","geometry":{"type":"Point","coordinates":[6.8808832,50.8327166]},"properties":{"maxheight":"4"}},{"type":"Feature","geometry":{"type":"Point","coordinates":[6.8813985,50.8323301]},"properties":{"maxheight":"4"}},{"type":"Feature","geometry":{"type":"Point","coordinates":[6.8809323,50.831919]},"properties":{"maxheight":"5"}},{"type":"Feature","geometry":{"type":"Point","coordinates":[6.0311251,50.8503872]},"properties":{"hgv":"no","maxheight":"default"}},{"type":"Feature","geometry":{"type":"Point","coordinates":[6.0306306,50.850165]},"properties":{"hgv":"no"}},{"type":"Feature","geometry":{"type":"Point","coordinates":[6.120496,50.7691773]},"properties":{"maxheight":"3.4"}},{"type":"Feature","geometry":{"type":"Point","coordinates":[6.1213613,50.768284]},"properties":{"maxheight":"4.2"}},{"type":"Feature","geometry":{"type":"Point","coordinates":[6.9157301,50.9552733]},"properties":{"maxheight":"2.6"}},{"type":"Feature","geometry":{"type":"Point","coordinates":[6.8976214,50.9361181]},"properties":{"maxweight":"12"}},{"type":"Feature","geometry":{"type":"Point","coordinates":[6.5213586,50.8382701]},"properties":{"hgv":"no"}},{"type":"Feature","geometry":{"type":"Point","coordinates":[6.5213755,50.8383882]},"properties":{"hgv":"no"}},{"type":"Feature","geometry":{"type":"Point","coordinates":[6.5328633,50.8197152]},"properties":{"maxheight":"default"}},{"type":"Feature","geometry":{"type":"Point","coordinates":[6.1191336,50.7783822]},"properties":{"maxheight":"1.95"}},{"type":"Feature","geometry":{"type":"Point","coordinates":[6.1188101,50.7782589]},"properties":{"maxheight":"1.95"}},{"type":"Feature","geometry":{"type":"Point","coordinates":[6.1188101,50.7782589]},"properties":{"maxheight":"1.95"}},{"type":"Feature","geometry":{"type":"Point","coordinates":[6.1188101,50.7782589]},"properties":{"maxheight":"1.95"}},{"type":"Feature","geometry":{"type":"Point","coordinates":[6.1184232,50.7786284]},"properties":{"maxheight":"1.98"}},{"type":"Feature","geometry":{"type":"Point","coordinates":[6.1189854,50.7783257]},"properties":{"maxheight":"1.95"}},{"type":"Feature","geometry":{"type":"Point","coordinates":[6.118568,50.7786895]},"properties":{"maxheight":"1.95"}},{"type":"Feature","geometry":{"type":"Point","coordinates":[6.1189854,50.7783257]},"properties":{"maxheight":"1.95"}},{"type":"Feature","geometry":{"type":"Point","coordinates":[6.1191336,50.7783822]},"properties":{"maxheight":"1.95"}},{"type":"Feature","geometry":{"type":"Point","coordinates":[6.1187504,50.7787663]},"properties":{"maxheight":"1.95"}},{"type":"Feature","geometry":{"type":"Point","coordinates":[6.0936386,50.7771433]},"properties":{"maxheight":"2.9"}},{"type":"Feature","geometry":{"type":"Point","coordinates":[6.7735343,50.9289306]},"properties":{"hgv":"designated"}},{"type":"Feature","geometry":{"type":"Point","coordinates":[6.7722395,50.9292419]},"properties":{"hgv":"no"}},{"type":"Feature","geometry":{"type":"Point","coordinates":[6.949752,50.9290704]},"properties":{"maxheight":"1.95"}},{"type":"Feature","geometry":{"type":"Point","coordinates":[6.282451,50.8192023]},"properties":{"hgv":"destination"}},{"type":"Feature","geometry":{"type":"Point","coordinates":[6.6821594,50.6322946]},"properties":{"hgv":"destination"}},{"type":"Feature","geometry":{"type":"Point","coordinates":[6.978305,50.9184587]},"properties":{"maxweight":"3.5"}},{"type":"Feature","geometry":{"type":"Point","coordinates":[6.97837,50.9183467]},"properties":{"maxheight":"3.5"}},{"type":"Feature","geometry":{"type":"Point","coordinates":[6.9459539,50.9715907]},"properties":{"maxheight":"3.7"}},{"type":"Feature","geometry":{"type":"Point","coordinates":[6.9310213,50.9365886]},"properties":{"maxheight":"3.8"}},{"type":"Feature","geometry":{"type":"Point","coordinates":[6.9404628,50.9200114]},"properties":{"maxheight":"3.9"}},{"type":"Feature","geometry":{"type":"Point","coordinates":[6.9810216,50.8506832]},"properties":{"maxheight":"4"}},{"type":"Feature","geometry":{"type":"Point","coordinates":[6.8627831,50.8644288]},"properties":{"maxheight":"4"}},{"type":"Feature","geometry":{"type":"Point","coordinates":[6.6596368,50.9988076]},"properties":{"maxheight":"4.1"}},{"type":"Feature","geometry":{"type":"Point","coordinates":[6.0992825,50.9263498]},"properties":{"maxheight":"4"}},{"type":"Feature","geometry":{"type":"Point","coordinates":[6.2671999,50.5765624]},"properties":{"maxheight":"2.35"}},{"type":"Feature","geometry":{"type":"Point","coordinates":[6.2674642,50.5766704]},"properties":{"maxheight":"2.35"}},{"type":"Feature","geometry":{"type":"Point","coordinates":[6.9812725,50.93024]},"properties":{"maxheight":"default"}},{"type":"Feature","geometry":{"type":"Point","coordinates":[6.993244,50.9370262]},"properties":{"maxheight":"3.5"}},{"type":"Feature","geometry":{"type":"Point","coordinates":[6.9723106,50.9568732]},"properties":{"maxheight":"default"}},{"type":"Feature","geometry":{"type":"Point","coordinates":[6.9689569,50.9559698]},"properties":{"maxweight":"30"}},{"type":"Feature","geometry":{"type":"Point","coordinates":[6.9410354,50.9685456]},"properties":{"maxheight":"4"}},{"type":"Feature","geometry":{"type":"Point","coordinates":[6.9569534,50.9292334]},"properties":{"maxheight":"default"}},{"type":"Feature","geometry":{"type":"Point","coordinates":[6.1028462,50.9563943]},"properties":{"maxheight":"default"}},{"type":"Feature","geometry":{"type":"Point","coordinates":[6.1006925,50.9574472]},"properties":{"maxheight":"default"}},{"type":"Feature","geometry":{"type":"Point","coordinates":[6.0972408,50.9593768]},"properties":{"maxheight":"default"}},{"type":"Feature","geometry":{"type":"Point","coordinates":[6.0945004,50.9612133]},"properties":{"maxheight":"default"}},{"type":"Feature","geometry":{"type":"Point","coordinates":[6.0887873,50.9667649]},"properties":{"maxheight":"default"}},{"type":"Feature","geometry":{"type":"Point","coordinates":[6.103367,50.9919339]},"properties":{"maxheight":"default"}},{"type":"Feature","geometry":{"type":"Point","coordinates":[6.1316004,50.9523489]},"properties":{"maxheight":"default"}},{"type":"Feature","geometry":{"type":"Point","coordinates":[6.1291389,50.9520652]},"properties":{"maxheight":"default"}},{"type":"Feature","geometry":{"type":"Point","coordinates":[6.1249083,50.9518052]},"properties":{"maxheight":"default"}},{"type":"Feature","geometry":{"type":"Point","coordinates":[6.1200746,50.9519174]},"properties":{"maxheight":"default"}},{"type":"Feature","geometry":{"type":"Point","coordinates":[6.1756639,50.8919439]},"properties":{"hgv":"delivery"}},{"type":"Feature","geometry":{"type":"Point","coordinates":[6.1754323,50.8915771]},"properties":{"hgv":"delivery"}},{"type":"Feature","geometry":{"type":"Point","coordinates":[6.9150864,50.9854922]},"properties":{"maxweight":"12"}},{"type":"Feature","geometry":{"type":"Point","coordinates":[6.2530273,50.5615824]},"properties":{"maxweight":"2.5"}},{"type":"Feature","geometry":{"type":"Point","coordinates":[6.6333746,50.9676569]},"properties":{"maxheight":"none"}},{"type":"Feature","geometry":{"type":"Point","coordinates":[6.6136944,50.9589278]},"properties":{"hgv":"no"}},{"type":"Feature","geometry":{"type":"Point","coordinates":[6.6041125,50.9487268]},"properties":{"maxheight":"default"}},{"type":"Feature","geometry":{"type":"Point","coordinates":[6.6241937,50.8625957]},"properties":{"hgv":"no"}},{"type":"Feature","geometry":{"type":"Point","coordinates":[6.088271,50.7500352]},"properties":{"maxheight":"default"}},{"type":"Feature","geometry":{"type":"Point","coordinates":[6.4835553,50.8090781]},"properties":{"hgv":"no"}},{"type":"Feature","geometry":{"type":"Point","coordinates":[6.1693428,50.7470952]},"properties":{"maxheight":"4.1"}},{"type":"Feature","geometry":{"type":"Point","coordinates":[6.9180915,50.9425788]},"properties":{"hgv":"no"}},{"type":"Feature","geometry":{"type":"Point","coordinates":[6.9219735,50.9533648]},"properties":{"maxheight":"2"}},{"type":"Feature","geometry":{"type":"Point","coordinates":[6.7385409,50.6884544]},"properties":{"maxheight":"3.7"}},{"type":"Feature","geometry":{"type":"Point","coordinates":[6.9949629,50.9167123]},"properties":{"maxweight":"4"}},{"type":"Feature","geometry":{"type":"Point","coordinates":[6.9895688,50.9211587]},"properties":{"hgv":"no"}},{"type":"Feature","geometry":{"type":"Point","coordinates":[6.6615348,50.9903614]},"properties":{"hgv":"destination"}},{"type":"Feature","geometry":{"type":"Point","coordinates":[6.4994075,50.7670588]},"properties":{"maxheight":"3.5"}},{"type":"Feature","geometry":{"type":"Point","coordinates":[6.1742712,50.7697527]},"properties":{"maxweight":"16"}},{"type":"Feature","geometry":{"type":"Point","coordinates":[6.1768011,50.7745091]},"properties":{"maxweight":"16"}},{"type":"Feature","geometry":{"type":"Point","coordinates":[6.765035,50.800028]},"properties":{"hgv":"destination"}},{"type":"Feature","geometry":{"type":"Point","coordinates":[6.7657495,50.7999451]},"properties":{"hgv":"destination"}},{"type":"Feature","geometry":{"type":"Point","coordinates":[6.0998846,50.783943]},"properties":{"maxheight":"2.6"}},{"type":"Feature","geometry":{"type":"Point","coordinates":[6.0995863,50.7838788]},"properties":{"maxheight":"2.6"}},{"type":"Feature","geometry":{"type":"Point","coordinates":[6.098949,50.7840625]},"properties":{"maxheight":"2.6"}},{"type":"Feature","geometry":{"type":"Point","coordinates":[6.6902368,50.2337003]},"properties":{"hgv":"destination"}},{"type":"Feature","geometry":{"type":"Point","coordinates":[6.2673205,50.7363505]},"properties":{"maxheight":"default"}},{"type":"Feature","geometry":{"type":"Point","coordinates":[6.2885999,50.8006561]},"properties":{"maxweight":"12"}},{"type":"Feature","geometry":{"type":"Point","coordinates":[6.3026785,50.7696311]},"properties":{"maxweight":"30"}},{"type":"Feature","geometry":{"type":"Point","coordinates":[6.6450288,50.9526864]},"properties":{"maxheight":"2.20 m"}},{"type":"Feature","geometry":{"type":"Point","coordinates":[6.1151205,50.771405]},"properties":{"maxheight":"3.5"}},{"type":"Feature","geometry":{"type":"Point","coordinates":[6.1162889,50.7715455]},"properties":{"maxheight":"below_default"}},{"type":"Feature","geometry":{"type":"Point","coordinates":[6.1150561,50.7719217]},"properties":{"maxheight":"2.65"}},{"type":"Feature","geometry":{"type":"Point","coordinates":[6.1159949,50.77258]},"properties":{"maxheight":"2.5"}},{"type":"Feature","geometry":{"type":"Point","coordinates":[6.1165997,50.7717217]},"properties":{"maxheight":"below_default"}},{"type":"Feature","geometry":{"type":"Point","coordinates":[6.6475363,50.9520981]},"properties":{"maxheight":"2.20","maxweight":"2.8"}},{"type":"Feature","geometry":{"type":"Point","coordinates":[6.6471822,50.9519652]},"properties":{"maxheight":"2.20","maxweight":"2.8"}},{"type":"Feature","geometry":{"type":"Point","coordinates":[6.64736,50.9519318]},"properties":{"maxheight":"2.20","maxweight":"2.8"}},{"type":"Feature","geometry":{"type":"Point","coordinates":[6.6473307,50.9519378]},"properties":{"maxheight":"2.20","maxweight":"2.8"}},{"type":"Feature","geometry":{"type":"Point","coordinates":[6.094522,50.7879001]},"properties":{"maxheight":"default"}},{"type":"Feature","geometry":{"type":"Point","coordinates":[6.2309658,50.7642375]},"properties":{"maxheight":"2.3"}},{"type":"Feature","geometry":{"type":"Point","coordinates":[6.2304175,50.7631337]},"properties":{"maxheight":"2.3"}},{"type":"Feature","geometry":{"type":"Point","coordinates":[6.2320271,50.764936]},"properties":{"maxheight":"1.95"}},{"type":"Feature","geometry":{"type":"Point","coordinates":[6.525502,50.19387]},"properties":{"hgv":"no"}},{"type":"Feature","geometry":{"type":"Point","coordinates":[6.3998339,50.2453387]},"properties":{"maxweight":"12"}},{"type":"Feature","geometry":{"type":"Point","coordinates":[6.4671017,50.339745]},"properties":{"maxweightrating:hgv":"7.5"}},{"type":"Feature","geometry":{"type":"Point","coordinates":[6.4442997,50.3283897]},"properties":{"maxweight":"3.5"}},{"type":"Feature","geometry":{"type":"Point","coordinates":[6.4908015,50.6543848]},"properties":{"hgv":"no"}},{"type":"Feature","geometry":{"type":"Point","coordinates":[6.0574399,50.7947395]},"properties":{"hgv":"destination"}},{"type":"Feature","geometry":{"type":"Point","coordinates":[6.0562207,50.7945602]},"properties":{"hgv":"destination"}},{"type":"Feature","geometry":{"type":"Point","coordinates":[6.0812366,50.7580811]},"properties":{"maxheight":"3.5"}},{"type":"Feature","geometry":{"type":"Point","coordinates":[6.647259,50.9519959]},"properties":{"maxheight":"2.20","maxweight":"2.8"}},{"type":"Feature","geometry":{"type":"Point","coordinates":[6.64726,50.9518984]},"properties":{"maxheight":"2.20","maxweight":"2.8"}},{"type":"Feature","geometry":{"type":"Point","coordinates":[6.926656,50.945904]},"properties":{"maxheight":"below_default"}},{"type":"Feature","geometry":{"type":"Point","coordinates":[6.2114835,50.7737024]},"properties":{"hgv":"destination"}},{"type":"Feature","geometry":{"type":"Point","coordinates":[6.0939122,50.7584735]},"properties":{"maxheight":"3"}},{"type":"Feature","geometry":{"type":"Point","coordinates":[6.9786888,50.8479095]},"properties":{"maxheight":"3.8"}},{"type":"Feature","geometry":{"type":"Point","coordinates":[6.9033347,50.952345]},"properties":{"maxheight":"2.2"}},{"type":"Feature","geometry":{"type":"Point","coordinates":[6.8918263,50.9532129]},"properties":{"hgv":"no"}},{"type":"Feature","geometry":{"type":"Point","coordinates":[6.1343519,50.7767973]},"properties":{"hgv":"destination"}},{"type":"Feature","geometry":{"type":"Point","coordinates":[6.3640336,50.1992856]},"properties":{"maxheight":"default"}},{"type":"Feature","geometry":{"type":"Point","coordinates":[6.645353,50.5910241]},"properties":{"hgv":"delivery"}},{"type":"Feature","geometry":{"type":"Point","coordinates":[6.6454696,50.590961]},"properties":{"hgv":"delivery"}},{"type":"Feature","geometry":{"type":"Point","coordinates":[6.6691831,50.4500471]},"properties":{"hgv":"designated"}},{"type":"Feature","geometry":{"type":"Point","coordinates":[6.7946269,50.6547668]},"properties":{"hgv":"yes"}},{"type":"Feature","geometry":{"type":"Point","coordinates":[6.8674408,50.5993553]},"properties":{"maxweight":"1.5"}},{"type":"Feature","geometry":{"type":"Point","coordinates":[6.3608839,50.9213537]},"properties":{"maxheight":"2.5"}},{"type":"Feature","geometry":{"type":"Point","coordinates":[6.7339702,50.6720004]},"properties":{"maxheight":"4"}},{"type":"Feature","geometry":{"type":"Point","coordinates":[6.8359123,50.6494826]},"properties":{"hgv":"delivery","maxweight":"7.5"}},{"type":"Feature","geometry":{"type":"Point","coordinates":[6.8360592,50.6495069]},"properties":{"hgv":"delivery","maxweight":"7.5"}},{"type":"Feature","geometry":{"type":"Point","coordinates":[6.8355637,50.6493294]},"properties":{"hgv":"delivery","maxweight":"7.5"}},{"type":"Feature","geometry":{"type":"Point","coordinates":[6.8354817,50.649284]},"properties":{"hgv":"delivery","maxweight":"7.5"}},{"type":"Feature","geometry":{"type":"Point","coordinates":[6.8359595,50.6495385]},"properties":{"hgv":"delivery","maxweight":"7.5"}},{"type":"Feature","geometry":{"type":"Point","coordinates":[6.8349704,50.6492]},"properties":{"hgv":"delivery","maxweight":"7.5"}},{"type":"Feature","geometry":{"type":"Point","coordinates":[6.8356414,50.6495314]},"properties":{"hgv":"delivery","maxweight":"7.5"}},{"type":"Feature","geometry":{"type":"Point","coordinates":[6.8503638,50.4300374]},"properties":{"maxheight":"3.9"}},{"type":"Feature","geometry":{"type":"Point","coordinates":[6.8308447,50.3867605]},"properties":{"maxheight":"4.1"}},{"type":"Feature","geometry":{"type":"Point","coordinates":[6.6737529,50.6044478]},"properties":{"hgv":"destination"}},{"type":"Feature","geometry":{"type":"Point","coordinates":[6.663946,50.6054564]},"properties":{"hgv":"destination"}},{"type":"Feature","geometry":{"type":"Point","coordinates":[6.9849273,50.9322449]},"properties":{"maxheight":"default"}},{"type":"Feature","geometry":{"type":"Point","coordinates":[6.831611,50.2033587]},"properties":{"hgv":"destination"}},{"type":"Feature","geometry":{"type":"Point","coordinates":[6.6636199,50.6055761]},"properties":{"hgv":"destination"}},{"type":"Feature","geometry":{"type":"Point","coordinates":[6.6651269,50.6050386]},"properties":{"hgv":"destination"}},{"type":"Feature","geometry":{"type":"Point","coordinates":[6.6635648,50.605651]},"properties":{"hgv":"destination"}},{"type":"Feature","geometry":{"type":"Point","coordinates":[6.6638192,50.6054086]},"properties":{"hgv":"no"}},{"type":"Feature","geometry":{"type":"Point","coordinates":[6.6640621,50.6055255]},"properties":{"hgv":"destination"}},{"type":"Feature","geometry":{"type":"Point","coordinates":[6.6641244,50.6054635]},"properties":{"hgv":"destination"}},{"type":"Feature","geometry":{"type":"Point","coordinates":[6.9673699,50.3290829]},"properties":{"maxweight":"12"}},{"type":"Feature","geometry":{"type":"Point","coordinates":[6.6560129,50.6170535]},"properties":{"hgv":"destination"}},{"type":"Feature","geometry":{"type":"Point","coordinates":[6.7729899,50.1742025]},"properties":{"hgv":"destination"}},{"type":"Feature","geometry":{"type":"Point","coordinates":[6.7766318,50.1685271]},"properties":{"hgv":"destination"}},{"type":"Feature","geometry":{"type":"Point","coordinates":[6.4952295,50.8028168]},"properties":{"hgv":"delivery"}},{"type":"Feature","geometry":{"type":"Point","coordinates":[6.4944692,50.8046729]},"properties":{"hgv":"delivery"}},{"type":"Feature","geometry":{"type":"Point","coordinates":[6.494298,50.8048155]},"properties":{"hgv":"delivery"}},{"type":"Feature","geometry":{"type":"Point","coordinates":[6.495172,50.8029673]},"properties":{"hgv":"delivery"}},{"type":"Feature","geometry":{"type":"Point","coordinates":[6.7658502,50.5541955]},"properties":{"maxheight":"2.1","maxwidth":"2.6"}},{"type":"Feature","geometry":{"type":"Point","coordinates":[6.9328653,50.9315906]},"properties":{"maxheight":"3.8"}},{"type":"Feature","geometry":{"type":"Point","coordinates":[6.9899281,50.9316543]},"properties":{"maxheight":"3.9"}},{"type":"Feature","geometry":{"type":"Point","coordinates":[6.8957031,50.1776499]},"properties":{"maxheight":"4"}},{"type":"Feature","geometry":{"type":"Point","coordinates":[6.9179677,50.9891982]},"properties":{"maxweight":"2.5"}},{"type":"Feature","geometry":{"type":"Point","coordinates":[6.9135181,50.964138]},"properties":{"maxheight":"3.9"}},{"type":"Feature","geometry":{"type":"Point","coordinates":[6.9138213,50.9638934]},"properties":{"maxheight":"4.2"}},{"type":"Feature","geometry":{"type":"Point","coordinates":[6.9554017,50.93326]},"properties":{"maxweight":"3"}},{"type":"Feature","geometry":{"type":"Point","coordinates":[6.9134464,50.964154]},"properties":{"maxheight":"3.9"}},{"type":"Feature","geometry":{"type":"Point","coordinates":[6.9328771,50.9195962]},"properties":{"maxheight":"3.5","maxweight":"7.5"}},{"type":"Feature","geometry":{"type":"Point","coordinates":[6.9329652,50.9196758]},"properties":{"maxheight":"3.5","maxweight":"7.5"}},{"type":"Feature","geometry":{"type":"Point","coordinates":[6.9333003,50.9200318]},"properties":{"maxheight":"3.5","maxweight":"7.5"}},{"type":"Feature","geometry":{"type":"Point","coordinates":[6.9075274,50.9447635]},"properties":{"maxheight":"below_default"}},{"type":"Feature","geometry":{"type":"Point","coordinates":[6.9558143,50.9568611]},"properties":{"maxweightrating:hgv":"7.5"}},{"type":"Feature","geometry":{"type":"Point","coordinates":[6.7697573,50.9346552]},"properties":{"maxweight":"30"}},{"type":"Feature","geometry":{"type":"Point","coordinates":[6.6963641,50.5712354]},"properties":{"hgv":"delivery"}},{"type":"Feature","geometry":{"type":"Point","coordinates":[6.6531645,50.593583]},"properties":{"hgv":"destination"}},{"type":"Feature","geometry":{"type":"Point","coordinates":[6.6532578,50.5939054]},"properties":{"hgv":"destination"}},{"type":"Feature","geometry":{"type":"Point","coordinates":[6.9767535,50.9729151]},"properties":{"maxheight":"3.4"}},{"type":"Feature","geometry":{"type":"Point","coordinates":[6.9039313,50.9963082]},"properties":{"maxheight":"4"}},{"type":"Feature","geometry":{"type":"Point","coordinates":[6.5103489,50.3625458]},"properties":{"maxheight":"default"}},{"type":"Feature","geometry":{"type":"Point","coordinates":[6.5102423,50.3684413]},"properties":{"maxheight":"default"}},{"type":"Feature","geometry":{"type":"Point","coordinates":[6.5564883,50.4213444]},"properties":{"maxweightrating":"7.5"}},{"type":"Feature","geometry":{"type":"Point","coordinates":[6.5577408,50.4199022]},"properties":{"maxweightrating":"7.5"}},{"type":"Feature","geometry":{"type":"Point","coordinates":[6.5589885,50.4168371]},"properties":{"maxweightrating":"7.5"}},{"type":"Feature","geometry":{"type":"Point","coordinates":[6.5585241,50.4171612]},"properties":{"maxweightrating":"7.5"}},{"type":"Feature","geometry":{"type":"Point","coordinates":[6.5601656,50.4165632]},"properties":{"maxweightrating":"7.5"}},{"type":"Feature","geometry":{"type":"Point","coordinates":[6.5600087,50.4165734]},"properties":{"maxweightrating":"7.5"}},{"type":"Feature","geometry":{"type":"Point","coordinates":[6.9752674,50.9571189]},"properties":{"maxheight":"2"}},{"type":"Feature","geometry":{"type":"Point","coordinates":[6.7320851,50.4993182]},"properties":{"hgv":"destination"}},{"type":"Feature","geometry":{"type":"Point","coordinates":[6.9590965,50.9068787]},"properties":{"maxweight":"3.5"}},{"type":"Feature","geometry":{"type":"Point","coordinates":[6.6501561,50.5917252]},"properties":{"maxheight":"2","maxweight":"2.5"}},{"type":"Feature","geometry":{"type":"Point","coordinates":[6.7585274,50.5527592]},"properties":{"hgv":"no"}},{"type":"Feature","geometry":{"type":"Point","coordinates":[6.940887,50.9879308]},"properties":{"maxweight":"3.5"}},{"type":"Feature","geometry":{"type":"Point","coordinates":[6.6569543,50.5973085]},"properties":{"hgv":"no"}},{"type":"Feature","geometry":{"type":"Point","coordinates":[6.656871,50.5973002]},"properties":{"hgv":"delivery"}},{"type":"Feature","geometry":{"type":"Point","coordinates":[6.6567181,50.5970361]},"properties":{"hgv":"delivery"}},{"type":"Feature","geometry":{"type":"Point","coordinates":[6.6531688,50.5931186]},"properties":{"hgv":"destination"}},{"type":"Feature","geometry":{"type":"Point","coordinates":[6.3790722,50.4122849]},"properties":{"maxweight":"3.5"}},{"type":"Feature","geometry":{"type":"Point","coordinates":[6.8096496,50.9060958]},"properties":{"maxheight":"4"}},{"type":"Feature","geometry":{"type":"Point","coordinates":[6.7982284,50.9048736]},"properties":{"maxheight":"4.2 m"}},{"type":"Feature","geometry":{"type":"Point","coordinates":[6.8920636,50.9608827]},"properties":{"maxweightrating:hgv":"7.5"}},{"type":"Feature","geometry":{"type":"Point","coordinates":[6.5951853,50.9599814]},"properties":{"hgv":"no"}},{"type":"Feature","geometry":{"type":"Point","coordinates":[6.6445787,50.3524906]},"properties":{"hgv":"forestry"}},{"type":"Feature","geometry":{"type":"Point","coordinates":[6.6486051,50.3502968]},"properties":{"hgv":"forestry"}},{"type":"Feature","geometry":{"type":"Point","coordinates":[6.6634066,50.6056569]},"properties":{"hgv":"destination"}},{"type":"Feature","geometry":{"type":"Point","coordinates":[6.6630691,50.6057342]},"properties":{"hgv":"destination"}},{"type":"Feature","geometry":{"type":"Point","coordinates":[6.6611946,50.6061706]},"properties":{"hgv":"destination"}},{"type":"Feature","geometry":{"type":"Point","coordinates":[6.6546357,50.6098924]},"properties":{"hgv":"destination"}},{"type":"Feature","geometry":{"type":"Point","coordinates":[6.6585058,50.6071806]},"properties":{"hgv":"destination"}},{"type":"Feature","geometry":{"type":"Point","coordinates":[6.1200507,50.7716494]},"properties":{"maxheight":"2"}},{"type":"Feature","geometry":{"type":"Point","coordinates":[6.045622,50.8074223]},"properties":{"maxheight":"4"}},{"type":"Feature","geometry":{"type":"Point","coordinates":[6.9446429,50.9405431]},"properties":{"maxheight":"2.30"}},{"type":"Feature","geometry":{"type":"Point","coordinates":[6.9764263,50.7623766]},"properties":{"maxweight":"7.5"}},{"type":"Feature","geometry":{"type":"Point","coordinates":[6.9460633,50.9728056]},"properties":{"maxheight":"below_default"}},{"type":"Feature","geometry":{"type":"Point","coordinates":[6.9460652,50.972836]},"properties":{"maxheight":"below_default"}},{"type":"Feature","geometry":{"type":"Point","coordinates":[6.6645659,50.587986]},"properties":{"maxheight":"4"}},{"type":"Feature","geometry":{"type":"Point","coordinates":[6.6645867,50.5879757]},"properties":{"maxheight":"4"}},{"type":"Feature","geometry":{"type":"Point","coordinates":[6.6644961,50.5880204]},"properties":{"maxheight":"4"}},{"type":"Feature","geometry":{"type":"Point","coordinates":[6.6644788,50.5880289]},"properties":{"maxheight":"4"}},{"type":"Feature","geometry":{"type":"Point","coordinates":[6.6643279,50.5880315]},"properties":{"maxheight":"4"}},{"type":"Feature","geometry":{"type":"Point","coordinates":[6.664296,50.5880377]},"properties":{"maxheight":"4"}},{"type":"Feature","geometry":{"type":"Point","coordinates":[6.2005512,50.7916928]},"properties":{"maxheight":"3.1"}},{"type":"Feature","geometry":{"type":"Point","coordinates":[6.8894114,50.3608056]},"properties":{"maxweight":"3.5"}},{"type":"Feature","geometry":{"type":"Point","coordinates":[6.4878148,50.8098877]},"properties":{"hgv":"destination"}},{"type":"Feature","geometry":{"type":"Point","coordinates":[6.2324077,50.7663039]},"properties":{"hgv":"no"}},{"type":"Feature","geometry":{"type":"Point","coordinates":[6.1506571,50.7575032]},"properties":{"maxheight":"2","maxweight":"2.5"}},{"type":"Feature","geometry":{"type":"Point","coordinates":[6.0562756,50.7946402]},"properties":{"hgv":"destination"}},{"type":"Feature","geometry":{"type":"Point","coordinates":[6.2055741,50.9231269]},"properties":{"hgv":"delivery"}},{"type":"Feature","geometry":{"type":"Point","coordinates":[6.8573319,50.9186779]},"properties":{"maxweight":"30"}},{"type":"Feature","geometry":{"type":"Point","coordinates":[6.9390993,50.8395871]},"properties":{"hgv":"destination"}},{"type":"Feature","geometry":{"type":"Point","coordinates":[6.9341249,50.8443075]},"properties":{"hgv":"destination"}},{"type":"Feature","geometry":{"type":"Point","coordinates":[6.9321648,50.8473667]},"properties":{"hgv":"destination"}},{"type":"Feature","geometry":{"type":"Point","coordinates":[6.9452856,50.8711107]},"properties":{"hgv":"no"}},{"type":"Feature","geometry":{"type":"Point","coordinates":[6.9112822,50.9534415]},"properties":{"maxheight":"default"}},{"type":"Feature","geometry":{"type":"Point","coordinates":[6.4532219,50.8473443]},"properties":{"maxweight":"2.8"}},{"type":"Feature","geometry":{"type":"Point","coordinates":[6.579762,50.5119979]},"properties":{"hgv":"delivery"}},{"type":"Feature","geometry":{"type":"Point","coordinates":[6.6653841,50.5913214]},"properties":{"hgv":"delivery"}},{"type":"Feature","geometry":{"type":"Point","coordinates":[6.4529446,50.8507182]},"properties":{"hgv":"no"}},{"type":"Feature","geometry":{"type":"Point","coordinates":[6.6715032,50.5869255]},"properties":{"hgv":"no"}},{"type":"Feature","geometry":{"type":"Point","coordinates":[6.8497008,50.7667874]},"properties":{"maxheight":"default"}},{"type":"Feature","geometry":{"type":"Point","coordinates":[6.5509712,50.6697886]},"properties":{"maxweight":"16"}},{"type":"Feature","geometry":{"type":"Point","coordinates":[6.1045715,50.7964896]},"properties":{"hgv":"no","maxweight":"3.5"}},{"type":"Feature","geometry":{"type":"Point","coordinates":[6.1041243,50.7966476]},"properties":{"hgv":"no","maxweight":"3.5"}},{"type":"Feature","geometry":{"type":"Point","coordinates":[6.9483909,50.9773898]},"properties":{"maxheight":"3"}},{"type":"Feature","geometry":{"type":"Point","coordinates":[6.9106591,50.9406028]},"properties":{"maxheight":"1.95"}},{"type":"Feature","geometry":{"type":"Point","coordinates":[6.9107014,50.9405883]},"properties":{"maxheight":"1.95"}},{"type":"Feature","geometry":{"type":"Point","coordinates":[6.0873426,50.7707801]},"properties":{"maxheight":"default"}},{"type":"Feature","geometry":{"type":"Point","coordinates":[6.8481973,50.8594472]},"properties":{"hgv":"yes"}},{"type":"Feature","geometry":{"type":"Point","coordinates":[6.9222354,50.9452342]},"properties":{"maxheight":"4.1"}},{"type":"Feature","geometry":{"type":"Point","coordinates":[6.6518368,50.2233592]},"properties":{"hgv":"destination"}},{"type":"Feature","geometry":{"type":"Point","coordinates":[6.6517617,50.2233314]},"properties":{"hgv":"destination"}},{"type":"Feature","geometry":{"type":"Point","coordinates":[6.4239838,50.2050712]},"properties":{"hgv":"no"}},{"type":"Feature","geometry":{"type":"Point","coordinates":[6.0862381,50.7706916]},"properties":{"maxweight":"16"}},{"type":"Feature","geometry":{"type":"Point","coordinates":[6.0867906,50.7709964]},"properties":{"maxweight":"16"}},{"type":"Feature","geometry":{"type":"Point","coordinates":[6.8167595,50.9091669]},"properties":{"maxheight":"below_default"}},{"type":"Feature","geometry":{"type":"Point","coordinates":[6.5063755,50.5706523]},"properties":{"maxheight":"3.8"}},{"type":"Feature","geometry":{"type":"Point","coordinates":[6.6909937,50.6839138]},"properties":{"maxheight":"3.0"}},{"type":"Feature","geometry":{"type":"Point","coordinates":[6.6899811,50.6801699]},"properties":{"maxweight":"0.1"}},{"type":"Feature","geometry":{"type":"Point","coordinates":[6.9755892,50.9691038]},"properties":{"maxweight":"7.5"}},{"type":"Feature","geometry":{"type":"Point","coordinates":[6.4442399,50.6323306]},"properties":{"hgv":"agricultural"}},{"type":"Feature","geometry":{"type":"Point","coordinates":[6.0888014,50.7740859]},"properties":{"maxheight":"2.8"}},{"type":"Feature","geometry":{"type":"Point","coordinates":[6.0888514,50.7739139]},"properties":{"maxheight":"2.8"}},{"type":"Feature","geometry":{"type":"Point","coordinates":[6.0891008,50.7739179]},"properties":{"maxheight":"2.8"}},{"type":"Feature","geometry":{"type":"Point","coordinates":[6.0892318,50.7740089]},"properties":{"maxheight":"2.8"}},{"type":"Feature","geometry":{"type":"Point","coordinates":[6.9401275,50.770707]},"properties":{"hgv":"agricultural"}},{"type":"Feature","geometry":{"type":"Point","coordinates":[6.9210511,50.5215045]},"properties":{"maxweight":"3.5"}},{"type":"Feature","geometry":{"type":"Point","coordinates":[6.7832065,50.960683]},"properties":{"maxheight":"5"}},{"type":"Feature","geometry":{"type":"Point","coordinates":[6.9968939,50.7420867]},"properties":{"hgv":"no"}},{"type":"Feature","geometry":{"type":"Point","coordinates":[6.056427,50.7946244]},"properties":{"hgv":"destination"}},{"type":"Feature","geometry":{"type":"Point","coordinates":[6.6797689,50.6053594]},"properties":{"hgv":"destination"}},{"type":"Feature","geometry":{"type":"Point","coordinates":[6.6806596,50.6053806]},"properties":{"hgv":"destination"}},{"type":"Feature","geometry":{"type":"Point","coordinates":[6.9831798,50.9198268]},"properties":{"maxheight":"4"}},{"type":"Feature","geometry":{"type":"Point","coordinates":[6.9549102,50.9374182]},"properties":{"maxheight":"default"}},{"type":"Feature","geometry":{"type":"Point","coordinates":[6.981195,50.763552]},"properties":{"maxweight":"7.5"}},{"type":"Feature","geometry":{"type":"Point","coordinates":[6.9810168,50.7636113]},"properties":{"maxweight":"7.5"}},{"type":"Feature","geometry":{"type":"Point","coordinates":[6.9806645,50.7635005]},"properties":{"maxweight":"7.5"}},{"type":"Feature","geometry":{"type":"Point","coordinates":[6.922592,50.9455745]},"properties":{"maxheight":"below_default"}},{"type":"Feature","geometry":{"type":"Point","coordinates":[6.6669477,50.264834]},"properties":{"maxweightrating:hgv":"7.5"}},{"type":"Feature","geometry":{"type":"Point","coordinates":[6.9523671,50.6259551]},"properties":{"maxheight":"3.3"}},{"type":"Feature","geometry":{"type":"Point","coordinates":[6.9523541,50.625875]},"properties":{"maxheight":"3.3"}},{"type":"Feature","geometry":{"type":"Point","coordinates":[6.4835668,50.8074158]},"properties":{"hgv":"no","maxweight":"2"}},{"type":"Feature","geometry":{"type":"Point","coordinates":[6.8930587,50.415854]},"properties":{"hgv":"no"}},{"type":"Feature","geometry":{"type":"Point","coordinates":[6.8130803,50.9406183]},"properties":{"maxheight":"4.4"}},{"type":"Feature","geometry":{"type":"Point","coordinates":[6.9122916,50.9454643]},"properties":{"maxheight":"below_default"}},{"type":"Feature","geometry":{"type":"Point","coordinates":[6.8880218,50.4458064]},"properties":{"maxheight":"4"}},{"type":"Feature","geometry":{"type":"Point","coordinates":[6.8787438,50.4462707]},"properties":{"maxweight":"3.5t"}},{"type":"Feature","geometry":{"type":"Point","coordinates":[6.9515524,50.6279172]},"properties":{"maxheight":"3.5"}},{"type":"Feature","geometry":{"type":"Point","coordinates":[6.1215734,50.8167355]},"properties":{"hgv":"no"}},{"type":"Feature","geometry":{"type":"Point","coordinates":[6.9185333,50.9501444]},"properties":{"maxheight":"3.1"}},{"type":"Feature","geometry":{"type":"Point","coordinates":[6.2459465,50.5539665]},"properties":{"maxweight":"2.5"}},{"type":"Feature","geometry":{"type":"Point","coordinates":[6.0917397,50.7769377]},"properties":{"maxheight":"2.4"}},{"type":"Feature","geometry":{"type":"Point","coordinates":[6.738031,50.5156357]},"properties":{"hgv":"no"}},{"type":"Feature","geometry":{"type":"Point","coordinates":[6.7393852,50.5164467]},"properties":{"hgv":"no"}},{"type":"Feature","geometry":{"type":"Point","coordinates":[6.6310069,50.5903292]},"properties":{"maxweight":"3.5"}},{"type":"Feature","geometry":{"type":"Point","coordinates":[6.0917606,50.7769084]},"properties":{"maxheight":"2.4"}},{"type":"Feature","geometry":{"type":"Point","coordinates":[6.9894867,50.9447255]},"properties":{"maxheight":"2.5"}},{"type":"Feature","geometry":{"type":"Point","coordinates":[6.9893893,50.9451747]},"properties":{"maxheight":"4"}},{"type":"Feature","geometry":{"type":"Point","coordinates":[6.8707864,50.3301077]},"properties":{"maxweight":"8"}},{"type":"Feature","geometry":{"type":"Point","coordinates":[6.5680838,50.2874857]},"properties":{"maxweight":"7.5"}},{"type":"Feature","geometry":{"type":"Point","coordinates":[6.9466072,50.9858718]},"properties":{"maxheight":"below_default"}},{"type":"Feature","geometry":{"type":"Point","coordinates":[6.7635221,50.5628833]},"properties":{"hgv":"no"}},{"type":"Feature","geometry":{"type":"Point","coordinates":[6.2702016,50.8209992]},"properties":{"maxheight":"3.2"}},{"type":"Feature","geometry":{"type":"Point","coordinates":[6.9433326,50.8502109]},"properties":{"maxheight":"default"}},{"type":"Feature","geometry":{"type":"Point","coordinates":[6.7754966,50.1732828]},"properties":{"hgv":"destination"}},{"type":"Feature","geometry":{"type":"Point","coordinates":[6.7747101,50.1738499]},"properties":{"hgv":"destination"}},{"type":"Feature","geometry":{"type":"Point","coordinates":[6.8952994,50.9251017]},"properties":{"maxheight":"3.8"}},{"type":"Feature","geometry":{"type":"Point","coordinates":[6.9140561,50.930151]},"properties":{"maxheight":"3.4"}},{"type":"Feature","geometry":{"type":"Point","coordinates":[6.5160453,50.8475383]},"properties":{"maxheight":"default"}},{"type":"Feature","geometry":{"type":"Point","coordinates":[6.5153615,50.847634]},"properties":{"maxheight":"default"}},{"type":"Feature","geometry":{"type":"Point","coordinates":[6.5379675,50.8490177]},"properties":{"maxheight":"default"}},{"type":"Feature","geometry":{"type":"Point","coordinates":[6.8693115,50.322849]},"properties":{"maxweight":"8"}},{"type":"Feature","geometry":{"type":"Point","coordinates":[6.427281,50.203832]},"properties":{"maxweight":"7.5"}},{"type":"Feature","geometry":{"type":"Point","coordinates":[6.0837156,50.8453031]},"properties":{"hgv":"destination"}},{"type":"Feature","geometry":{"type":"Point","coordinates":[6.8918112,50.9123306]},"properties":{"maxweightrating:hgv":"30"}},{"type":"Feature","geometry":{"type":"Point","coordinates":[6.9870631,50.9843039]},"properties":{"maxheight":"4"}},{"type":"Feature","geometry":{"type":"Point","coordinates":[6.6238267,50.1746162]},"properties":{"hgv":"no"}},{"type":"Feature","geometry":{"type":"Point","coordinates":[6.9080407,50.9382994]},"properties":{"maxheight":"4.1","maxweight":"12"}},{"type":"Feature","geometry":{"type":"Point","coordinates":[6.9078275,50.9382757]},"properties":{"maxheight":"4.1","maxweight":"12"}},{"type":"Feature","geometry":{"type":"Point","coordinates":[6.6839148,50.235319]},"properties":{"hgv":"no","maxlength":"8"}},{"type":"Feature","geometry":{"type":"Point","coordinates":[6.6833839,50.2370307]},"properties":{"hgv":"no","maxlength":"8"}},{"type":"Feature","geometry":{"type":"Point","coordinates":[6.6882643,50.2325658]},"properties":{"hgv":"destination"}},{"type":"Feature","geometry":{"type":"Point","coordinates":[6.8326788,50.2252073]},"properties":{"maxweight":"12"}},{"type":"Feature","geometry":{"type":"Point","coordinates":[6.8765603,50.103364]},"properties":{"maxheight":"3.2"}},{"type":"Feature","geometry":{"type":"Point","coordinates":[6.928107,50.1338614]},"properties":{"hgv":"no","goods":"yes"}},{"type":"Feature","geometry":{"type":"Point","coordinates":[6.9626211,50.9299434]},"properties":{"maxheight":"default"}},{"type":"Feature","geometry":{"type":"Point","coordinates":[6.9476612,50.9266672]},"properties":{"maxlength":"10"}},{"type":"Feature","geometry":{"type":"Point","coordinates":[6.9855512,50.8036196]},"properties":{"maxwidth":"1.25"}},{"type":"Feature","geometry":{"type":"Point","coordinates":[6.161546,50.7614009]},"properties":{"maxheight":"default"}},{"type":"Feature","geometry":{"type":"Point","coordinates":[6.1636128,50.7567945]},"properties":{"hgv":"destination"}},{"type":"Feature","geometry":{"type":"Point","coordinates":[6.2352465,50.7675539]},"properties":{"hgv":"no"}},{"type":"Feature","geometry":{"type":"Point","coordinates":[6.1595656,50.762433]},"properties":{"hgv":"destination"}},{"type":"Feature","geometry":{"type":"Point","coordinates":[6.9143152,50.9176985]},"properties":{"maxweight":"7.5"}},{"type":"Feature","geometry":{"type":"Point","coordinates":[6.4363187,50.717759]},"properties":{"hgv":"destination","maxweight":"7.5"}},{"type":"Feature","geometry":{"type":"Point","coordinates":[6.9597107,50.9645883]},"properties":{"maxheight":"2.1"}},{"type":"Feature","geometry":{"type":"Point","coordinates":[6.405608,50.5457084]},"properties":{"maxheight":"3.3"}},{"type":"Feature","geometry":{"type":"Point","coordinates":[6.5660812,50.9432204]},"properties":{"maxheight":"4"}},{"type":"Feature","geometry":{"type":"Point","coordinates":[6.6767932,50.8668883]},"properties":{"maxheight":"2.80"}},{"type":"Feature","geometry":{"type":"Point","coordinates":[6.1072129,50.7712417]},"properties":{"maxheight":"3.3"}},{"type":"Feature","geometry":{"type":"Point","coordinates":[6.925244,50.9266338]},"properties":{"hgv":"destination"}},{"type":"Feature","geometry":{"type":"Point","coordinates":[6.0884083,50.7639617]},"properties":{"maxheight":"3.5"}},{"type":"Feature","geometry":{"type":"Point","coordinates":[6.3545139,50.666762]},"properties":{"maxweight":"3.5"}},{"type":"Feature","geometry":{"type":"Point","coordinates":[6.3560722,50.9209]},"properties":{"maxheight":"3.6"}},{"type":"Feature","geometry":{"type":"Point","coordinates":[6.3560617,50.920894]},"properties":{"maxheight":"3.6"}},{"type":"Feature","geometry":{"type":"Point","coordinates":[6.9463242,50.9552005]},"properties":{"hgv":"delivery"}},{"type":"Feature","geometry":{"type":"Point","coordinates":[6.9644685,50.9868687]},"properties":{"maxheight":"below_default"}},{"type":"Feature","geometry":{"type":"Point","coordinates":[6.3253296,50.8333201]},"properties":{"maxheight":"default"}},{"type":"Feature","geometry":{"type":"Point","coordinates":[6.9723826,50.9383533]},"properties":{"maxheight":"3.2"}},{"type":"Feature","geometry":{"type":"Point","coordinates":[6.9458979,50.9868569]},"properties":{"maxheight":"3"}},{"type":"Feature","geometry":{"type":"Point","coordinates":[6.051518,50.8119194]},"properties":{"maxheight":"1.6"}},{"type":"Feature","geometry":{"type":"Point","coordinates":[6.051503,50.8118868]},"properties":{"maxheight":"1.6"}},{"type":"Feature","geometry":{"type":"Point","coordinates":[6.9812585,50.9187552]},"properties":{"maxheight":"default"}},{"type":"Feature","geometry":{"type":"Point","coordinates":[6.9818369,50.9190325]},"properties":{"maxheight":"default"}},{"type":"Feature","geometry":{"type":"Point","coordinates":[6.9304844,50.6996687]},"properties":{"hgv":"no"}},{"type":"Feature","geometry":{"type":"Point","coordinates":[6.9582622,50.9285654]},"properties":{"hgv":"destination"}},{"type":"Feature","geometry":{"type":"Point","coordinates":[6.1668128,50.7486872]},"properties":{"maxheight":"2.2"}},{"type":"Feature","geometry":{"type":"Point","coordinates":[6.1667521,50.749032]},"properties":{"maxheight":"2.2"}},{"type":"Feature","geometry":{"type":"Point","coordinates":[6.7361318,50.2764813]},"properties":{"hgv":"destination"}},{"type":"Feature","geometry":{"type":"Point","coordinates":[6.7510982,50.2588532]},"properties":{"hgv":"destination"}},{"type":"Feature","geometry":{"type":"Point","coordinates":[6.7513916,50.2585647]},"properties":{"hgv":"destination"}},{"type":"Feature","geometry":{"type":"Point","coordinates":[6.7517852,50.2581409]},"properties":{"hgv":"destination"}},{"type":"Feature","geometry":{"type":"Point","coordinates":[6.7516531,50.2559007]},"properties":{"hgv":"destination"}},{"type":"Feature","geometry":{"type":"Point","coordinates":[6.7543205,50.2524828]},"properties":{"hgv":"destination"}},{"type":"Feature","geometry":{"type":"Point","coordinates":[6.7545092,50.2520192]},"properties":{"hgv":"destination"}},{"type":"Feature","geometry":{"type":"Point","coordinates":[6.7543205,50.2524828]},"properties":{"hgv":"destination"}},{"type":"Feature","geometry":{"type":"Point","coordinates":[6.7553757,50.2510348]},"properties":{"hgv":"destination"}},{"type":"Feature","geometry":{"type":"Point","coordinates":[6.7687006,50.3380594]},"properties":{"maxheight":"default"}},{"type":"Feature","geometry":{"type":"Point","coordinates":[6.9840321,50.8218601]},"properties":{"maxheight":"2"}},{"type":"Feature","geometry":{"type":"Point","coordinates":[6.6476005,50.4389973]},"properties":{"hgv":"no","maxheight":"3.2"}},{"type":"Feature","geometry":{"type":"Point","coordinates":[6.6451318,50.4391159]},"properties":{"hgv":"destination"}},{"type":"Feature","geometry":{"type":"Point","coordinates":[6.7067962,50.6213805]},"properties":{"hgv":"destination"}},{"type":"Feature","geometry":{"type":"Point","coordinates":[6.0922144,50.8324819]},"properties":{"hgv":"destination"}},{"type":"Feature","geometry":{"type":"Point","coordinates":[6.6481719,50.4386945]},"properties":{"hgv":"no","maxheight":"3.2"}},{"type":"Feature","geometry":{"type":"Point","coordinates":[6.6252203,50.4416077]},"properties":{"hgv":"destination"}},{"type":"Feature","geometry":{"type":"Point","coordinates":[6.82888,50.9540011]},"properties":{"hgv":"destination"}},{"type":"Feature","geometry":{"type":"Point","coordinates":[6.1126991,50.7218046]},"properties":{"maxweight":"7.5"}},{"type":"Feature","geometry":{"type":"Point","coordinates":[6.9014019,50.9529378]},"properties":{"maxheight":"2.7"}},{"type":"Feature","geometry":{"type":"Point","coordinates":[6.8700081,50.9230538]},"properties":{"hgv":"destination"}},{"type":"Feature","geometry":{"type":"Point","coordinates":[6.1347201,50.7015483]},"properties":{"hgv":"agricultural"}},{"type":"Feature","geometry":{"type":"Point","coordinates":[6.5577122,50.4200323]},"properties":{"maxweightrating":"7.5"}},{"type":"Feature","geometry":{"type":"Point","coordinates":[6.7526238,50.9689105]},"properties":{"maxweight":"2.8"}},{"type":"Feature","geometry":{"type":"Point","coordinates":[6.7776021,50.6293034]},"properties":{"maxweight":"7.5"}},{"type":"Feature","geometry":{"type":"Point","coordinates":[6.8415005,50.6596635]},"properties":{"hgv":"no"}},{"type":"Feature","geometry":{"type":"Point","coordinates":[6.9683551,50.9825248]},"properties":{"hgv":"delivery"}},{"type":"Feature","geometry":{"type":"Point","coordinates":[6.9683378,50.9822979]},"properties":{"hgv":"delivery"}},{"type":"Feature","geometry":{"type":"Point","coordinates":[6.9015622,50.9519491]},"properties":{"maxheight":"below_default"}},{"type":"Feature","geometry":{"type":"Point","coordinates":[6.8524066,50.9382413]},"properties":{"hgv":"destination"}},{"type":"Feature","geometry":{"type":"Point","coordinates":[6.0372313,50.7239214]},"properties":{"maxweight":"7.5"}},{"type":"Feature","geometry":{"type":"Point","coordinates":[6.9631222,50.9302058]},"properties":{"maxheight":"default"}},{"type":"Feature","geometry":{"type":"Point","coordinates":[6.9200586,50.9253739]},"properties":{"maxweight":"3.5"}},{"type":"Feature","geometry":{"type":"Point","coordinates":[6.9854578,50.9363757]},"properties":{"maxheight":"below_default"}},{"type":"Feature","geometry":{"type":"Point","coordinates":[6.8344088,50.9428092]},"properties":{"maxheight":"default"}},{"type":"Feature","geometry":{"type":"Point","coordinates":[6.7941406,50.9639157]},"properties":{"hgv":"destination"}},{"type":"Feature","geometry":{"type":"Point","coordinates":[6.7912945,50.9636547]},"properties":{"hgv":"destination"}},{"type":"Feature","geometry":{"type":"Point","coordinates":[6.8288868,50.9542842]},"properties":{"hgv":"destination"}},{"type":"Feature","geometry":{"type":"Point","coordinates":[6.9138028,50.2844803]},"properties":{"maxheight":"4"}},{"type":"Feature","geometry":{"type":"Point","coordinates":[6.9135294,50.2844165]},"properties":{"maxheight":"4"}},{"type":"Feature","geometry":{"type":"Point","coordinates":[6.086201,50.7676342]},"properties":{"maxheight":"2.5"}},{"type":"Feature","geometry":{"type":"Point","coordinates":[6.9277345,50.8899375]},"properties":{"maxheight":"3.9"}},{"type":"Feature","geometry":{"type":"Point","coordinates":[6.6201337,50.5887194]},"properties":{"hgv":"designated"}},{"type":"Feature","geometry":{"type":"Point","coordinates":[6.6201344,50.5889046]},"properties":{"hgv":"no"}},{"type":"Feature","geometry":{"type":"Point","coordinates":[6.6201014,50.5888433]},"properties":{"hgv":"no"}},{"type":"Feature","geometry":{"type":"Point","coordinates":[6.6202452,50.5888811]},"properties":{"hgv":"no","maxheight":"3.4"}},{"type":"Feature","geometry":{"type":"Point","coordinates":[6.6201279,50.5887788]},"properties":{"hgv":"designated"}},{"type":"Feature","geometry":{"type":"Point","coordinates":[6.6203249,50.5887714]},"properties":{"hgv":"designated"}},{"type":"Feature","geometry":{"type":"Point","coordinates":[6.6203792,50.5888469]},"properties":{"hgv":"designated"}},{"type":"Feature","geometry":{"type":"Point","coordinates":[6.620348,50.5889399]},"properties":{"hgv":"no"}},{"type":"Feature","geometry":{"type":"Point","coordinates":[6.6202339,50.5887467]},"properties":{"hgv":"designated"}},{"type":"Feature","geometry":{"type":"Point","coordinates":[6.6201974,50.5887977]},"properties":{"hgv":"designated"}},{"type":"Feature","geometry":{"type":"Point","coordinates":[6.6203416,50.5889061]},"properties":{"hgv":"no"}},{"type":"Feature","geometry":{"type":"Point","coordinates":[6.6203067,50.5889501]},"properties":{"hgv":"no","maxheight":"3.4"}},{"type":"Feature","geometry":{"type":"Point","coordinates":[6.6201344,50.5889046]},"properties":{"hgv":"no"}},{"type":"Feature","geometry":{"type":"Point","coordinates":[6.6517207,50.6189153]},"properties":{"maxheight":"default"}},{"type":"Feature","geometry":{"type":"Point","coordinates":[6.6515484,50.6190627]},"properties":{"hgv":"no"}},{"type":"Feature","geometry":{"type":"Point","coordinates":[6.6515809,50.619077]},"properties":{"hgv":"no","maxheight":"default"}},{"type":"Feature","geometry":{"type":"Point","coordinates":[6.6515941,50.6190236]},"properties":{"hgv":"no"}},{"type":"Feature","geometry":{"type":"Point","coordinates":[6.6516266,50.6190382]},"properties":{"hgv":"no","maxheight":"default"}},{"type":"Feature","geometry":{"type":"Point","coordinates":[6.6516537,50.6189726]},"properties":{"hgv":"no","maxheight":"default"}},{"type":"Feature","geometry":{"type":"Point","coordinates":[6.6517207,50.6189153]},"properties":{"hgv":"no","maxheight":"default"}},{"type":"Feature","geometry":{"type":"Point","coordinates":[6.6519601,50.6189483]},"properties":{"hgv":"designated"}},{"type":"Feature","geometry":{"type":"Point","coordinates":[6.651953,50.6188943]},"properties":{"hgv":"designated"}},{"type":"Feature","geometry":{"type":"Point","coordinates":[6.6517853,50.61886]},"properties":{"hgv":"designated","maxheight":"default"}},{"type":"Feature","geometry":{"type":"Point","coordinates":[6.6516705,50.6187487]},"properties":{"hgv":"designated"}},{"type":"Feature","geometry":{"type":"Point","coordinates":[6.6516282,50.6187798]},"properties":{"hgv":"designated"}},{"type":"Feature","geometry":{"type":"Point","coordinates":[6.6518973,50.6188599]},"properties":{"hgv":"designated","maxheight":"default"}},{"type":"Feature","geometry":{"type":"Point","coordinates":[6.6518859,50.6189914]},"properties":{"hgv":"no"}},{"type":"Feature","geometry":{"type":"Point","coordinates":[6.651813,50.6190524]},"properties":{"hgv":"no"}},{"type":"Feature","geometry":{"type":"Point","coordinates":[6.6517559,50.6191009]},"properties":{"hgv":"no"}},{"type":"Feature","geometry":{"type":"Point","coordinates":[6.6517116,50.6191386]},"properties":{"hgv":"no"}},{"type":"Feature","geometry":{"type":"Point","coordinates":[6.6510722,50.6186078]},"properties":{"maxheight":"2.4"}},{"type":"Feature","geometry":{"type":"Point","coordinates":[6.6518625,50.6179973]},"properties":{"hgv":"designated"}},{"type":"Feature","geometry":{"type":"Point","coordinates":[6.6518334,50.6181171]},"properties":{"hgv":"designated"}},{"type":"Feature","geometry":{"type":"Point","coordinates":[6.6518677,50.6179732]},"properties":{"hgv":"designated"}},{"type":"Feature","geometry":{"type":"Point","coordinates":[6.6471914,50.6135157]},"properties":{"maxheight":"3","maxweight":"1.5"}},{"type":"Feature","geometry":{"type":"Point","coordinates":[6.977214,50.945737]},"properties":{"maxheight":"4"}},{"type":"Feature","geometry":{"type":"Point","coordinates":[6.9186017,50.950228]},"properties":{"maxheight":"below_default"}},{"type":"Feature","geometry":{"type":"Point","coordinates":[6.888305,50.9343211]},"properties":{"hgv":"destination"}},{"type":"Feature","geometry":{"type":"Point","coordinates":[6.3025742,50.7430402]},"properties":{"hgv":"forestry","maxweight":"3.5"}},{"type":"Feature","geometry":{"type":"Point","coordinates":[6.2849125,50.8333081]},"properties":{"hgv":"no"}},{"type":"Feature","geometry":{"type":"Point","coordinates":[6.037408,50.758948]},"properties":{"maxheight":"3.6"}},{"type":"Feature","geometry":{"type":"Point","coordinates":[6.6876189,50.8917219]},"properties":{"maxheight":"default"}},{"type":"Feature","geometry":{"type":"Point","coordinates":[6.6951638,50.8950773]},"properties":{"maxheight":"default"}},{"type":"Feature","geometry":{"type":"Point","coordinates":[6.7522091,50.8434677]},"properties":{"maxheight":"no_sign"}},{"type":"Feature","geometry":{"type":"Point","coordinates":[6.7576928,50.8399134]},"properties":{"maxheight":"no_sign"}},{"type":"Feature","geometry":{"type":"Point","coordinates":[6.7613871,50.836863]},"properties":{"maxheight":"default"}},{"type":"Feature","geometry":{"type":"Point","coordinates":[6.7684847,50.8310278]},"properties":{"maxheight":"default"}},{"type":"Feature","geometry":{"type":"Point","coordinates":[6.7746056,50.8260007]},"properties":{"maxheight":"default"}},{"type":"Feature","geometry":{"type":"Point","coordinates":[6.7764603,50.8244483]},"properties":{"maxheight":"default"}},{"type":"Feature","geometry":{"type":"Point","coordinates":[6.7768484,50.9593269]},"properties":{"hgv":"destination"}},{"type":"Feature","geometry":{"type":"Point","coordinates":[6.7744595,50.9586768]},"properties":{"hgv":"destination"}},{"type":"Feature","geometry":{"type":"Point","coordinates":[6.7100418,50.6665644]},"properties":{"maxweight":"80"}},{"type":"Feature","geometry":{"type":"Point","coordinates":[6.6610036,50.9329678]},"properties":{"maxheight":"default"}},{"type":"Feature","geometry":{"type":"Point","coordinates":[6.6611031,50.9330629]},"properties":{"maxheight":"default"}},{"type":"Feature","geometry":{"type":"Point","coordinates":[6.9015726,50.9264248]},"properties":{"hgv":"destination"}},{"type":"Feature","geometry":{"type":"Point","coordinates":[6.0182386,50.8485458]},"properties":{"hgv":"no"}},{"type":"Feature","geometry":{"type":"Point","coordinates":[6.9489104,50.9306646]},"properties":{"maxheight":"2.8"}},{"type":"Feature","geometry":{"type":"Point","coordinates":[6.5623278,50.9935196]},"properties":{"hgv":"destination"}},{"type":"Feature","geometry":{"type":"Point","coordinates":[6.0687479,50.7653338]},"properties":{"maxheight":"default"}},{"type":"Feature","geometry":{"type":"Point","coordinates":[6.3729024,50.4098614]},"properties":{"maxweight":"3.5"}},{"type":"Feature","geometry":{"type":"Point","coordinates":[6.0495267,50.7692697]},"properties":{"maxheight":"default"}},{"type":"Feature","geometry":{"type":"Point","coordinates":[6.0494466,50.7691924]},"properties":{"maxheight":"default"}},{"type":"Feature","geometry":{"type":"Point","coordinates":[6.0525042,50.7690231]},"properties":{"maxheight":"default"}},{"type":"Feature","geometry":{"type":"Point","coordinates":[6.0396415,50.7710411]},"properties":{"maxheight":"3"}},{"type":"Feature","geometry":{"type":"Point","coordinates":[6.3995208,50.7083966]},"properties":{"hgv":"agricultural"}},{"type":"Feature","geometry":{"type":"Point","coordinates":[6.8945539,50.8743447]},"properties":{"maxheight":"default"}},{"type":"Feature","geometry":{"type":"Point","coordinates":[6.888708,50.8743904]},"properties":{"maxheight":"default"}},{"type":"Feature","geometry":{"type":"Point","coordinates":[6.9411387,50.9457515]},"properties":{"maxheight":"4","maxwidth":"4"}},{"type":"Feature","geometry":{"type":"Point","coordinates":[6.3405007,50.9315757]},"properties":{"hgv":"no"}},{"type":"Feature","geometry":{"type":"Point","coordinates":[6.3374135,50.9297068]},"properties":{"hgv":"no"}},{"type":"Feature","geometry":{"type":"Point","coordinates":[6.8468863,50.6193134]},"properties":{"hgv":"destination"}},{"type":"Feature","geometry":{"type":"Point","coordinates":[6.8462326,50.6185245]},"properties":{"hgv":"destination"}},{"type":"Feature","geometry":{"type":"Point","coordinates":[6.0406975,50.7706125]},"properties":{"hgv":"yes"}},{"type":"Feature","geometry":{"type":"Point","coordinates":[6.9456549,50.9872326]},"properties":{"maxheight":"2.4"}},{"type":"Feature","geometry":{"type":"Point","coordinates":[6.9454282,50.9872938]},"properties":{"maxheight":"2.8"}},{"type":"Feature","geometry":{"type":"Point","coordinates":[6.9775885,50.9449609]},"properties":{"maxheight":"1.7"}},{"type":"Feature","geometry":{"type":"Point","coordinates":[6.9773171,50.9450497]},"properties":{"maxheight":"1.7"}},{"type":"Feature","geometry":{"type":"Point","coordinates":[6.2299233,50.7681097]},"properties":{"hgv":"destination"}},{"type":"Feature","geometry":{"type":"Point","coordinates":[6.0573336,50.7704887]},"properties":{"maxheight":"default"}},{"type":"Feature","geometry":{"type":"Point","coordinates":[6.8171534,50.9902251]},"properties":{"hgv":"no"}},{"type":"Feature","geometry":{"type":"Point","coordinates":[6.8154315,50.9888077]},"properties":{"hgv":"no"}},{"type":"Feature","geometry":{"type":"Point","coordinates":[6.9411426,50.9091959]},"properties":{"hgv":"destination"}},{"type":"Feature","geometry":{"type":"Point","coordinates":[6.9605463,50.9084786]},"properties":{"maxheight":"below_default"}},{"type":"Feature","geometry":{"type":"Point","coordinates":[6.9848064,50.8944098]},"properties":{"maxheight":"default"}},{"type":"Feature","geometry":{"type":"Point","coordinates":[6.9291824,50.9218041]},"properties":{"maxheight":"3.8"}},{"type":"Feature","geometry":{"type":"Point","coordinates":[6.7017908,50.6795873]},"properties":{"maxweight":"8"}},{"type":"Feature","geometry":{"type":"Point","coordinates":[6.9193948,50.9074331]},"properties":{"hgv":"destination"}},{"type":"Feature","geometry":{"type":"Point","coordinates":[6.9193032,50.9077308]},"properties":{"hgv":"destination"}},{"type":"Feature","geometry":{"type":"Point","coordinates":[6.9191449,50.9075832]},"properties":{"hgv":"destination"}},{"type":"Feature","geometry":{"type":"Point","coordinates":[6.1037068,50.7713956]},"properties":{"maxlength":"12"}},{"type":"Feature","geometry":{"type":"Point","coordinates":[6.9550378,50.9343495]},"properties":{"maxweight":"30"}},{"type":"Feature","geometry":{"type":"Point","coordinates":[6.9550327,50.9342769]},"properties":{"maxweight":"30"}},{"type":"Feature","geometry":{"type":"Point","coordinates":[6.9396282,50.9277688]},"properties":{"maxheight":"below_default"}},{"type":"Feature","geometry":{"type":"Point","coordinates":[6.5778898,50.8618477]},"properties":{"hgv":"no"}},{"type":"Feature","geometry":{"type":"Point","coordinates":[6.6846437,50.631416]},"properties":{"hgv":"no"}},{"type":"Feature","geometry":{"type":"Point","coordinates":[6.2945781,50.5532997]},"properties":{"maxweight":"3.5"}},{"type":"Feature","geometry":{"type":"Point","coordinates":[6.2669932,50.8221651]},"properties":{"maxheight":"3.4"}},{"type":"Feature","geometry":{"type":"Point","coordinates":[6.2713141,50.8330153]},"properties":{"maxheight":"3.8"}},{"type":"Feature","geometry":{"type":"Point","coordinates":[6.422575,50.8364664]},"properties":{"hgv":"designated"}},{"type":"Feature","geometry":{"type":"Point","coordinates":[6.422237,50.8368391]},"properties":{"hgv":"designated"}},{"type":"Feature","geometry":{"type":"Point","coordinates":[6.2442305,50.5551625]},"properties":{"maxweight":"16"}},{"type":"Feature","geometry":{"type":"Point","coordinates":[6.8864704,50.9341074]},"properties":{"hgv":"destination"}},{"type":"Feature","geometry":{"type":"Point","coordinates":[6.7114747,50.9077605]},"properties":{"maxheight":"2.5"}},{"type":"Feature","geometry":{"type":"Point","coordinates":[6.2334487,50.5722893]},"properties":{"maxweight":"7.5"}},{"type":"Feature","geometry":{"type":"Point","coordinates":[6.2334111,50.5720715]},"properties":{"maxweight":"7.5"}},{"type":"Feature","geometry":{"type":"Point","coordinates":[6.25082,50.5869569]},"properties":{"maxweight":"3.5"}},{"type":"Feature","geometry":{"type":"Point","coordinates":[6.9132096,50.9562701]},"properties":{"maxheight":"below_default"}},{"type":"Feature","geometry":{"type":"Point","coordinates":[6.9187042,50.9248864]},"properties":{"maxheight":"default"}},{"type":"Feature","geometry":{"type":"Point","coordinates":[6.9176509,50.9244508]},"properties":{"maxheight":"default"}},{"type":"Feature","geometry":{"type":"Point","coordinates":[6.9189263,50.9236241]},"properties":{"maxheight":"6"}},{"type":"Feature","geometry":{"type":"Point","coordinates":[6.270008,50.8235707]},"properties":{"hgv":"destination"}},{"type":"Feature","geometry":{"type":"Point","coordinates":[6.2681212,50.8225284]},"properties":{"hgv":"destination"}},{"type":"Feature","geometry":{"type":"Point","coordinates":[6.6605469,50.4413284]},"properties":{"maxheight":"2.2"}},{"type":"Feature","geometry":{"type":"Point","coordinates":[6.1656629,50.825522]},"properties":{"hgv":"destination","maxweight":"7.5"}},{"type":"Feature","geometry":{"type":"Point","coordinates":[6.9275989,50.8958381]},"properties":{"hgv":"destination"}},{"type":"Feature","geometry":{"type":"Point","coordinates":[6.9507185,50.9743882]},"properties":{"maxheight":"below_default"}},{"type":"Feature","geometry":{"type":"Point","coordinates":[6.0546085,50.7855318]},"properties":{"hgv":"no"}},{"type":"Feature","geometry":{"type":"Point","coordinates":[6.0539277,50.7859537]},"properties":{"hgv":"no"}},{"type":"Feature","geometry":{"type":"Point","coordinates":[6.7736852,50.9292549]},"properties":{"hgv":"no"}},{"type":"Feature","geometry":{"type":"Point","coordinates":[6.772551,50.9293576]},"properties":{"hgv":"no"}},{"type":"Feature","geometry":{"type":"Point","coordinates":[6.7718549,50.9291542]},"properties":{"hgv":"no"}},{"type":"Feature","geometry":{"type":"Point","coordinates":[6.9314279,50.926049]},"properties":{"hgv":"no"}},{"type":"Feature","geometry":{"type":"Point","coordinates":[6.2133122,50.8168635]},"properties":{"hgv":"private"}},{"type":"Feature","geometry":{"type":"Point","coordinates":[6.6725406,50.2920792]},"properties":{"maxweightrating":"7.5"}},{"type":"Feature","geometry":{"type":"Point","coordinates":[6.05443,50.7856444]},"properties":{"hgv":"no"}},{"type":"Feature","geometry":{"type":"Point","coordinates":[6.3739333,50.9303094]},"properties":{"maxheight":"none"}},{"type":"Feature","geometry":{"type":"Point","coordinates":[6.9414051,50.9156113]},"properties":{"maxheight":"2.8"}},{"type":"Feature","geometry":{"type":"Point","coordinates":[6.2168795,50.8179967]},"properties":{"hgv":"private"}},{"type":"Feature","geometry":{"type":"Point","coordinates":[6.2145294,50.8188939]},"properties":{"hgv":"designated"}},{"type":"Feature","geometry":{"type":"Point","coordinates":[6.2149594,50.8188178]},"properties":{"hgv":"designated"}},{"type":"Feature","geometry":{"type":"Point","coordinates":[6.0912477,50.8657774]},"properties":{"maxheight":"default"}},{"type":"Feature","geometry":{"type":"Point","coordinates":[6.2675113,50.8215587]},"properties":{"maxheight":"3.7"}},{"type":"Feature","geometry":{"type":"Point","coordinates":[6.9948062,50.8147837]},"properties":{"hgv":"delivery","goods":"delivery"}},{"type":"Feature","geometry":{"type":"Point","coordinates":[6.9948062,50.8147837]},"properties":{"hgv":"delivery","goods":"delivery"}},{"type":"Feature","geometry":{"type":"Point","coordinates":[6.1379118,50.7656698]},"properties":{"hgv":"destination"}},{"type":"Feature","geometry":{"type":"Point","coordinates":[6.0878205,50.7212907]},"properties":{"maxweight":"5"}},{"type":"Feature","geometry":{"type":"Point","coordinates":[6.9943249,50.9574144]},"properties":{"hgv":"destination"}},{"type":"Feature","geometry":{"type":"Point","coordinates":[6.955312,50.956592]},"properties":{"maxheight":"below_default"}},{"type":"Feature","geometry":{"type":"Point","coordinates":[6.3589868,50.9119456]},"properties":{"hgv":"destination"}},{"type":"Feature","geometry":{"type":"Point","coordinates":[6.5446876,50.3934061]},"properties":{"hgv":"delivery"}},{"type":"Feature","geometry":{"type":"Point","coordinates":[6.4139222,50.5283402]},"properties":{"hgv":"no"}},{"type":"Feature","geometry":{"type":"Point","coordinates":[6.960224,50.9339686]},"properties":{"maxweight":"6"}},{"type":"Feature","geometry":{"type":"Point","coordinates":[6.6801891,50.8957673]},"properties":{"hgv":"destination"}},{"type":"Feature","geometry":{"type":"Point","coordinates":[6.2663066,50.8210796]},"properties":{"maxheight":"below_default"}},{"type":"Feature","geometry":{"type":"Point","coordinates":[6.2665714,50.8212972]},"properties":{"maxheight":"below_default"}},{"type":"Feature","geometry":{"type":"Point","coordinates":[6.827079,50.6984914]},"properties":{"hgv":"yes","goods":"yes"}},{"type":"Feature","geometry":{"type":"Point","coordinates":[6.9828783,50.9371051]},"properties":{"maxheight":"2.4","maxweight":"2.5"}},{"type":"Feature","geometry":{"type":"Point","coordinates":[6.1546199,50.7845215]},"properties":{"hgv":"destination","maxweight":"7.5"}},{"type":"Feature","geometry":{"type":"Point","coordinates":[6.1312472,50.7765917]},"properties":{"hgv":"destination"}},{"type":"Feature","geometry":{"type":"Point","coordinates":[6.1306361,50.7763821]},"properties":{"hgv":"destination"}},{"type":"Feature","geometry":{"type":"Point","coordinates":[6.0783956,50.7755195]},"properties":{"maxweight":"12"}},{"type":"Feature","geometry":{"type":"Point","coordinates":[6.0786109,50.7754118]},"properties":{"maxweight":"12"}},{"type":"Feature","geometry":{"type":"Point","coordinates":[6.0784601,50.7755684]},"properties":{"maxweight":"12"}},{"type":"Feature","geometry":{"type":"Point","coordinates":[6.0778819,50.7751302]},"properties":{"maxweight":"12"}},{"type":"Feature","geometry":{"type":"Point","coordinates":[6.0779821,50.7750775]},"properties":{"maxweight":"12"}},{"type":"Feature","geometry":{"type":"Point","coordinates":[6.5962749,50.9701423]},"properties":{"hgv":"destination"}},{"type":"Feature","geometry":{"type":"Point","coordinates":[6.1985108,50.9197715]},"properties":{"hgv":"delivery"}},{"type":"Feature","geometry":{"type":"Point","coordinates":[6.1989363,50.9200318]},"properties":{"hgv":"delivery"}},{"type":"Feature","geometry":{"type":"Point","coordinates":[6.4257024,50.8345523]},"properties":{"hgv":"designated"}},{"type":"Feature","geometry":{"type":"Point","coordinates":[6.4241105,50.8337349]},"properties":{"hgv":"designated"}},{"type":"Feature","geometry":{"type":"Point","coordinates":[6.4235911,50.8337837]},"properties":{"hgv":"designated"}},{"type":"Feature","geometry":{"type":"Point","coordinates":[6.9324679,50.9657103]},"properties":{"maxheight":"4.2"}},{"type":"Feature","geometry":{"type":"Point","coordinates":[6.9770147,50.7626362]},"properties":{"hgv":"destination","maxweightrating:hgv":"7.5"}},{"type":"Feature","geometry":{"type":"Point","coordinates":[6.9769604,50.7626812]},"properties":{"hgv":"destination","maxweight":"7.5"}},{"type":"Feature","geometry":{"type":"Point","coordinates":[6.9763158,50.7623876]},"properties":{"maxweight":"7.5"}},{"type":"Feature","geometry":{"type":"Point","coordinates":[6.1437187,50.7066154]},"properties":{"hgv":"agricultural"}},{"type":"Feature","geometry":{"type":"Point","coordinates":[6.1432437,50.7065966]},"properties":{"hgv":"agricultural","maxheight":"4"}},{"type":"Feature","geometry":{"type":"Point","coordinates":[6.9194616,50.9470419]},"properties":{"maxheight":"below_default"}},{"type":"Feature","geometry":{"type":"Point","coordinates":[6.6238012,50.9563006]},"properties":{"maxweight":"30"}},{"type":"Feature","geometry":{"type":"Point","coordinates":[6.0767483,50.779702]},"properties":{"maxheight":"2","maxweight":"7.5"}},{"type":"Feature","geometry":{"type":"Point","coordinates":[6.0845981,50.7704835]},"properties":{"maxheight":"below_default"}},{"type":"Feature","geometry":{"type":"Point","coordinates":[6.9486852,50.6238746]},"properties":{"maxheight":"below_default"}},{"type":"Feature","geometry":{"type":"Point","coordinates":[6.8140847,50.813935]},"properties":{"hgv":"delivery"}},{"type":"Feature","geometry":{"type":"Point","coordinates":[6.0975709,50.7624693]},"properties":{"maxweight":"3.5"}},{"type":"Feature","geometry":{"type":"Point","coordinates":[6.0974466,50.7624493]},"properties":{"maxheight":"2.6","maxweight":"3.5"}},{"type":"Feature","geometry":{"type":"Point","coordinates":[6.9326023,50.9492949]},"properties":{"maxheight":"2.75","maxweight":"2"}},{"type":"Feature","geometry":{"type":"Point","coordinates":[6.9326759,50.9493763]},"properties":{"maxheight":"2.75","maxweight":"2"}},{"type":"Feature","geometry":{"type":"Point","coordinates":[6.8754169,50.9372945]},"properties":{"maxheight":"2.00"}},{"type":"Feature","geometry":{"type":"Point","coordinates":[6.8737992,50.9373175]},"properties":{"maxheight":"2.00"}},{"type":"Feature","geometry":{"type":"Point","coordinates":[6.1346988,50.0511595]},"properties":{"maxweightrating":"7.5"}},{"type":"Feature","geometry":{"type":"Point","coordinates":[6.1328287,50.0489877]},"properties":{"maxweightrating":"7.5"}},{"type":"Feature","geometry":{"type":"Point","coordinates":[6.9037511,50.6991175]},"properties":{"maxheight":"default"}},{"type":"Feature","geometry":{"type":"Point","coordinates":[6.9089392,50.6870845]},"properties":{"maxheight":"default"}},{"type":"Feature","geometry":{"type":"Point","coordinates":[6.9255492,50.1343227]},"properties":{"hgv":"no","goods":"yes"}},{"type":"Feature","geometry":{"type":"Point","coordinates":[6.5491297,50.9880733]},"properties":{"maxweight":"12"}},{"type":"Feature","geometry":{"type":"Point","coordinates":[6.5646642,50.9684313]},"properties":{"maxheight":"default"}},{"type":"Feature","geometry":{"type":"Point","coordinates":[6.566219,50.9665867]},"properties":{"maxheight":"default"}},{"type":"Feature","geometry":{"type":"Point","coordinates":[6.5655412,50.9671238]},"properties":{"maxheight":"default"}},{"type":"Feature","geometry":{"type":"Point","coordinates":[6.5662452,50.9663238]},"properties":{"maxheight":"default"}},{"type":"Feature","geometry":{"type":"Point","coordinates":[6.6482707,50.6562637]},"properties":{"maxweight":"0.7"}},{"type":"Feature","geometry":{"type":"Point","coordinates":[6.0936182,50.7796207]},"properties":{"maxheight":"1.9"}},{"type":"Feature","geometry":{"type":"Point","coordinates":[6.3580743,50.9228313]},"properties":{"maxheight":"2.8"}},{"type":"Feature","geometry":{"type":"Point","coordinates":[6.9393925,50.9281076]},"properties":{"maxheight":"below_default"}},{"type":"Feature","geometry":{"type":"Point","coordinates":[6.9349898,50.9201809]},"properties":{"maxheight":"1.9"}},{"type":"Feature","geometry":{"type":"Point","coordinates":[6.9555835,50.9557751]},"properties":{"maxheight":"3.6"}},{"type":"Feature","geometry":{"type":"Point","coordinates":[6.9545324,50.955188]},"properties":{"maxheight":"2.5"}},{"type":"Feature","geometry":{"type":"Point","coordinates":[6.9071806,50.815114]},"properties":{"maxheight":"none"}},{"type":"Feature","geometry":{"type":"Point","coordinates":[6.9059267,50.8147717]},"properties":{"maxheight":"none"}},{"type":"Feature","geometry":{"type":"Point","coordinates":[6.926737,50.679138]},"properties":{"maxweight":"12"}},{"type":"Feature","geometry":{"type":"Point","coordinates":[6.8881308,50.944946]},"properties":{"maxheight":"3.1"}},{"type":"Feature","geometry":{"type":"Point","coordinates":[6.9549678,50.9336841]},"properties":{"maxheight":"2.5"}},{"type":"Feature","geometry":{"type":"Point","coordinates":[6.9544389,50.9322945]},"properties":{"maxheight":"2.8"}},{"type":"Feature","geometry":{"type":"Point","coordinates":[6.9545466,50.9322176]},"properties":{"maxheight":"2.8"}},{"type":"Feature","geometry":{"type":"Point","coordinates":[6.9546036,50.93238]},"properties":{"maxweight":"5"}},{"type":"Feature","geometry":{"type":"Point","coordinates":[6.9586177,50.9393956]},"properties":{"maxweight":"2.5"}},{"type":"Feature","geometry":{"type":"Point","coordinates":[6.7796687,50.6286302]},"properties":{"maxweight":"7.5"}},{"type":"Feature","geometry":{"type":"Point","coordinates":[6.8792864,50.7988109]},"properties":{"maxheight":"2.8"}},{"type":"Feature","geometry":{"type":"Point","coordinates":[6.8049882,50.8572377]},"properties":{"hgv":"designated"}},{"type":"Feature","geometry":{"type":"Point","coordinates":[6.8065982,50.8586573]},"properties":{"hgv":"designated"}},{"type":"Feature","geometry":{"type":"Point","coordinates":[6.8057674,50.8591191]},"properties":{"hgv":"designated"}},{"type":"Feature","geometry":{"type":"Point","coordinates":[6.8055951,50.8574853]},"properties":{"hgv":"designated"}},{"type":"Feature","geometry":{"type":"Point","coordinates":[6.8045902,50.8582376]},"properties":{"maxheight":"4.5"}},{"type":"Feature","geometry":{"type":"Point","coordinates":[6.8047641,50.8582323]},"properties":{"maxheight":"4.5"}},{"type":"Feature","geometry":{"type":"Point","coordinates":[6.1205059,50.7187592]},"properties":{"hgv":"yes"}},{"type":"Feature","geometry":{"type":"Point","coordinates":[6.1187401,50.7183702]},"properties":{"hgv":"yes"}},{"type":"Feature","geometry":{"type":"Point","coordinates":[6.1199883,50.7187303]},"properties":{"hgv":"yes"}},{"type":"Feature","geometry":{"type":"Point","coordinates":[6.1212435,50.7193502]},"properties":{"hgv":"yes"}},{"type":"Feature","geometry":{"type":"Point","coordinates":[6.1206575,50.7188416]},"properties":{"hgv":"yes"}},{"type":"Feature","geometry":{"type":"Point","coordinates":[6.9362806,50.9386326]},"properties":{"maxheight":"3.6"}},{"type":"Feature","geometry":{"type":"Point","coordinates":[6.7758903,50.6307385]},"properties":{"hgv":"delivery"}},{"type":"Feature","geometry":{"type":"Point","coordinates":[6.263327,50.7450326]},"properties":{"maxheight":"2"}},{"type":"Feature","geometry":{"type":"Point","coordinates":[6.495747,50.0466973]},"properties":{"maxheight":"default"}},{"type":"Feature","geometry":{"type":"Point","coordinates":[6.4969575,50.0458014]},"properties":{"maxheight":"default"}},{"type":"Feature","geometry":{"type":"Point","coordinates":[6.1322673,50.9256105]},"properties":{"hgv":"official"}},{"type":"Feature","geometry":{"type":"Point","coordinates":[6.9152954,50.4415285]},"properties":{"maxweight":"45"}},{"type":"Feature","geometry":{"type":"Point","coordinates":[6.9507954,50.9396983]},"properties":{"maxheight":"default"}},{"type":"Feature","geometry":{"type":"Point","coordinates":[6.7220433,50.6479107]},"properties":{"maxheight":"default"}},{"type":"Feature","geometry":{"type":"Point","coordinates":[6.771073,50.701409]},"properties":{"maxheight":"default"}},{"type":"Feature","geometry":{"type":"Point","coordinates":[6.7708732,50.7013941]},"properties":{"maxheight":"default"}},{"type":"Feature","geometry":{"type":"Point","coordinates":[6.7793749,50.7192064]},"properties":{"maxheight":"default"}},{"type":"Feature","geometry":{"type":"Point","coordinates":[6.7795775,50.7192237]},"properties":{"maxheight":"default"}},{"type":"Feature","geometry":{"type":"Point","coordinates":[6.854096,50.9714254]},"properties":{"maxheight":"3.8"}},{"type":"Feature","geometry":{"type":"Point","coordinates":[6.1187017,50.7182641]},"properties":{"hgv":"yes"}},{"type":"Feature","geometry":{"type":"Point","coordinates":[6.1187776,50.7182792]},"properties":{"hgv":"yes"}},{"type":"Feature","geometry":{"type":"Point","coordinates":[6.9935644,50.7670723]},"properties":{"maxheight":"3.5"}},{"type":"Feature","geometry":{"type":"Point","coordinates":[6.9326304,50.7000722]},"properties":{"hgv":"no"}},{"type":"Feature","geometry":{"type":"Point","coordinates":[6.9515426,50.9401979]},"properties":{"maxheight":"1.95"}},{"type":"Feature","geometry":{"type":"Point","coordinates":[6.5173106,50.8141023]},"properties":{"maxheight":"2.4 m","maxwidth":"2.05 m"}},{"type":"Feature","geometry":{"type":"Point","coordinates":[6.9872571,50.9171576]},"properties":{"maxheight":"2.6"}},{"type":"Feature","geometry":{"type":"Point","coordinates":[6.1726459,50.7573087]},"properties":{"hgv":"destination"}},{"type":"Feature","geometry":{"type":"Point","coordinates":[6.9018635,50.9575503]},"properties":{"maxheight":"2.8"}},{"type":"Feature","geometry":{"type":"Point","coordinates":[6.9018713,50.9575263]},"properties":{"maxheight":"2.8"}},{"type":"Feature","geometry":{"type":"Point","coordinates":[6.9017546,50.957396]},"properties":{"maxheight":"2.8"}},{"type":"Feature","geometry":{"type":"Point","coordinates":[6.0758913,50.7828314]},"properties":{"maxheight":"3"}},{"type":"Feature","geometry":{"type":"Point","coordinates":[6.9272891,50.9456009]},"properties":{"maxheight":"3.8"}},{"type":"Feature","geometry":{"type":"Point","coordinates":[6.7716608,50.929025]},"properties":{"hgv":"no"}},{"type":"Feature","geometry":{"type":"Point","coordinates":[6.7717354,50.929241]},"properties":{"hgv":"no"}},{"type":"Feature","geometry":{"type":"Point","coordinates":[6.7792377,50.9285167]},"properties":{"hgv":"no"}},{"type":"Feature","geometry":{"type":"Point","coordinates":[6.775303,50.9293082]},"properties":{"hgv":"no"}},{"type":"Feature","geometry":{"type":"Point","coordinates":[6.7752539,50.9292405]},"properties":{"hgv":"no"}},{"type":"Feature","geometry":{"type":"Point","coordinates":[6.7752349,50.9291898]},"properties":{"hgv":"no"}},{"type":"Feature","geometry":{"type":"Point","coordinates":[6.7754529,50.9292064]},"properties":{"hgv":"no"}},{"type":"Feature","geometry":{"type":"Point","coordinates":[6.7756385,50.9292639]},"properties":{"hgv":"no"}},{"type":"Feature","geometry":{"type":"Point","coordinates":[6.7754778,50.9293209]},"properties":{"hgv":"no"}},{"type":"Feature","geometry":{"type":"Point","coordinates":[6.7751516,50.9290983]},"properties":{"hgv":"designated"}},{"type":"Feature","geometry":{"type":"Point","coordinates":[6.7752803,50.9291269]},"properties":{"hgv":"designated"}},{"type":"Feature","geometry":{"type":"Point","coordinates":[6.7755815,50.9291484]},"properties":{"hgv":"designated"}},{"type":"Feature","geometry":{"type":"Point","coordinates":[6.7752053,50.9293687]},"properties":{"hgv":"no"}},{"type":"Feature","geometry":{"type":"Point","coordinates":[6.7756782,50.9285327]},"properties":{"hgv":"designated"}},{"type":"Feature","geometry":{"type":"Point","coordinates":[6.7756928,50.9284501]},"properties":{"hgv":"designated"}},{"type":"Feature","geometry":{"type":"Point","coordinates":[6.7753726,50.9284372]},"properties":{"hgv":"designated"}},{"type":"Feature","geometry":{"type":"Point","coordinates":[6.7753485,50.9285065]},"properties":{"hgv":"designated"}},{"type":"Feature","geometry":{"type":"Point","coordinates":[6.7757237,50.9282418]},"properties":{"hgv":"no"}},{"type":"Feature","geometry":{"type":"Point","coordinates":[6.7755878,50.9282337]},"properties":{"hgv":"no"}},{"type":"Feature","geometry":{"type":"Point","coordinates":[6.7755613,50.9283907]},"properties":{"hgv":"no"}},{"type":"Feature","geometry":{"type":"Point","coordinates":[6.7755731,50.9283284]},"properties":{"hgv":"no"}},{"type":"Feature","geometry":{"type":"Point","coordinates":[6.7757115,50.9283351]},"properties":{"hgv":"no"}},{"type":"Feature","geometry":{"type":"Point","coordinates":[6.7757425,50.9283991]},"properties":{"hgv":"no"}},{"type":"Feature","geometry":{"type":"Point","coordinates":[6.7757177,50.9282889]},"properties":{"hgv":"no"}},{"type":"Feature","geometry":{"type":"Point","coordinates":[6.7754301,50.9282771]},"properties":{"hgv":"no"}},{"type":"Feature","geometry":{"type":"Point","coordinates":[6.6822337,50.6322116]},"properties":{"hgv":"destination"}},{"type":"Feature","geometry":{"type":"Point","coordinates":[6.5140644,50.848319]},"properties":{"maxheight":"default"}},{"type":"Feature","geometry":{"type":"Point","coordinates":[6.5165661,50.8471963]},"properties":{"maxheight":"default"}},{"type":"Feature","geometry":{"type":"Point","coordinates":[6.2935832,50.8297795]},"properties":{"maxheight":"default"}},{"type":"Feature","geometry":{"type":"Point","coordinates":[6.6816788,50.99944]},"properties":{"maxheight":"4.1"}},{"type":"Feature","geometry":{"type":"Point","coordinates":[6.6749115,50.8761113]},"properties":{"maxweight":"7.5"}},{"type":"Feature","geometry":{"type":"Point","coordinates":[6.5597031,50.9345536]},"properties":{"hgv":"no"}},{"type":"Feature","geometry":{"type":"Point","coordinates":[6.6086458,50.2443769]},"properties":{"hgv":"destination"}},{"type":"Feature","geometry":{"type":"Point","coordinates":[6.6167226,50.2526937]},"properties":{"hgv":"destination"}},{"type":"Feature","geometry":{"type":"Point","coordinates":[6.6083099,50.2477984]},"properties":{"hgv":"destination"}},{"type":"Feature","geometry":{"type":"Point","coordinates":[6.5887099,50.2440729]},"properties":{"maxweight":"12"}},{"type":"Feature","geometry":{"type":"Point","coordinates":[6.5885794,50.2438726]},"properties":{"maxweight":"12"}},{"type":"Feature","geometry":{"type":"Point","coordinates":[6.5722328,50.2873522]},"properties":{"maxweight":"7.5"}},{"type":"Feature","geometry":{"type":"Point","coordinates":[6.5676181,50.2872909]},"properties":{"maxweight":"7.5"}},{"type":"Feature","geometry":{"type":"Point","coordinates":[6.569261,50.2875039]},"properties":{"maxweight":"7.5"}},{"type":"Feature","geometry":{"type":"Point","coordinates":[6.5686293,50.2876242]},"properties":{"maxweight":"7.5"}},{"type":"Feature","geometry":{"type":"Point","coordinates":[6.9911971,50.9162666]},"properties":{"hgv":"delivery","maxheight":"3.8"}},{"type":"Feature","geometry":{"type":"Point","coordinates":[6.8772405,50.938076]},"properties":{"maxheight":"2.8"}},{"type":"Feature","geometry":{"type":"Point","coordinates":[6.8776729,50.9382332]},"properties":{"maxheight":"2.8"}},{"type":"Feature","geometry":{"type":"Point","coordinates":[6.9537264,50.9507701]},"properties":{"maxheight":"3.7"}},{"type":"Feature","geometry":{"type":"Point","coordinates":[6.9120451,50.950131]},"properties":{"maxheight":"default"}},{"type":"Feature","geometry":{"type":"Point","coordinates":[6.4570444,50.3369971]},"properties":{"hgv":"yes"}},{"type":"Feature","geometry":{"type":"Point","coordinates":[6.498897,50.3156025]},"properties":{"maxheight":"default"}},{"type":"Feature","geometry":{"type":"Point","coordinates":[6.5236759,50.3549008]},"properties":{"maxheight":"default"}},{"type":"Feature","geometry":{"type":"Point","coordinates":[6.6046463,50.3275644]},"properties":{"maxweight":"7.5"}},{"type":"Feature","geometry":{"type":"Point","coordinates":[6.755158,50.2512912]},"properties":{"hgv":"destination"}},{"type":"Feature","geometry":{"type":"Point","coordinates":[6.7555039,50.2509074]},"properties":{"hgv":"destination"}},{"type":"Feature","geometry":{"type":"Point","coordinates":[6.7556927,50.2507394]},"properties":{"hgv":"destination"}},{"type":"Feature","geometry":{"type":"Point","coordinates":[6.7555808,50.2507733]},"properties":{"hgv":"destination"}},{"type":"Feature","geometry":{"type":"Point","coordinates":[6.7554599,50.2508234]},"properties":{"hgv":"destination"}},{"type":"Feature","geometry":{"type":"Point","coordinates":[6.8960651,50.4476065]},"properties":{"maxweight":"16"}},{"type":"Feature","geometry":{"type":"Point","coordinates":[6.6430637,50.8007318]},"properties":{"maxweight":"6"}},{"type":"Feature","geometry":{"type":"Point","coordinates":[6.6416976,50.8013162]},"properties":{"maxweight":"6"}},{"type":"Feature","geometry":{"type":"Point","coordinates":[6.6425238,50.8009954]},"properties":{"maxweight":"6"}},{"type":"Feature","geometry":{"type":"Point","coordinates":[6.9264893,50.9244846]},"properties":{"maxheight":"below_default"}},{"type":"Feature","geometry":{"type":"Point","coordinates":[6.6408284,50.9159028]},"properties":{"hgv":"destination"}},{"type":"Feature","geometry":{"type":"Point","coordinates":[6.4793855,50.7689318]},"properties":{"maxweight":"3"}},{"type":"Feature","geometry":{"type":"Point","coordinates":[6.8383616,50.0321653]},"properties":{"maxlength":"10"}},{"type":"Feature","geometry":{"type":"Point","coordinates":[6.8481611,50.0404906]},"properties":{"hgv":"destination"}},{"type":"Feature","geometry":{"type":"Point","coordinates":[6.8572826,50.0421762]},"properties":{"hgv":"destination"}},{"type":"Feature","geometry":{"type":"Point","coordinates":[6.8605589,50.0368518]},"properties":{"hgv":"agricultural;forestry"}},{"type":"Feature","geometry":{"type":"Point","coordinates":[6.0746921,50.7784371]},"properties":{"maxheight":"default"}},{"type":"Feature","geometry":{"type":"Point","coordinates":[6.5240031,50.9835193]},"properties":{"hgv":"destination"}},{"type":"Feature","geometry":{"type":"Point","coordinates":[6.5825627,50.9976775]},"properties":{"hgv":"destination"}},{"type":"Feature","geometry":{"type":"Point","coordinates":[6.5628775,50.9895208]},"properties":{"hgv":"destination"}},{"type":"Feature","geometry":{"type":"Point","coordinates":[6.5715066,50.9773644]},"properties":{"hgv":"destination"}},{"type":"Feature","geometry":{"type":"Point","coordinates":[6.5723557,50.9780393]},"properties":{"hgv":"destination"}},{"type":"Feature","geometry":{"type":"Point","coordinates":[6.5129963,50.9962127]},"properties":{"hgv":"destination"}},{"type":"Feature","geometry":{"type":"Point","coordinates":[6.7241326,50.1019159]},"properties":{"hgv":"no"}},{"type":"Feature","geometry":{"type":"Point","coordinates":[6.7731898,50.9366526]},"properties":{"hgv":"destination"}},{"type":"Feature","geometry":{"type":"Point","coordinates":[6.3522083,50.8993712]},"properties":{"maxweight":"12"}},{"type":"Feature","geometry":{"type":"Point","coordinates":[6.3549109,50.8977322]},"properties":{"maxweight":"12"}},{"type":"Feature","geometry":{"type":"Point","coordinates":[6.5807539,50.8600036]},"properties":{"hgv":"no"}},{"type":"Feature","geometry":{"type":"Point","coordinates":[6.6715724,50.8659626]},"properties":{"hgv":"destination"}},{"type":"Feature","geometry":{"type":"Point","coordinates":[6.6723222,50.8660813]},"properties":{"hgv":"destination"}},{"type":"Feature","geometry":{"type":"Point","coordinates":[6.6680948,50.8654348]},"properties":{"hgv":"destination"}},{"type":"Feature","geometry":{"type":"Point","coordinates":[6.6709944,50.8658765]},"properties":{"hgv":"destination"}},{"type":"Feature","geometry":{"type":"Point","coordinates":[6.6719219,50.8660179]},"properties":{"hgv":"destination"}},{"type":"Feature","geometry":{"type":"Point","coordinates":[6.6708865,50.8658604]},"properties":{"hgv":"destination"}},{"type":"Feature","geometry":{"type":"Point","coordinates":[6.6714442,50.8659435]},"properties":{"hgv":"destination"}},{"type":"Feature","geometry":{"type":"Point","coordinates":[6.735634,50.9094807]},"properties":{"maxheight":"default"}},{"type":"Feature","geometry":{"type":"Point","coordinates":[6.7537166,50.9247036]},"properties":{"maxheight":"default"}},{"type":"Feature","geometry":{"type":"Point","coordinates":[6.9903536,50.9453068]},"properties":{"maxheight":"default"}},{"type":"Feature","geometry":{"type":"Point","coordinates":[6.9900744,50.9455066]},"properties":{"maxheight":"default"}},{"type":"Feature","geometry":{"type":"Point","coordinates":[6.9897293,50.9457208]},"properties":{"maxheight":"default"}},{"type":"Feature","geometry":{"type":"Point","coordinates":[6.9898834,50.9456196]},"properties":{"maxheight":"default"}},{"type":"Feature","geometry":{"type":"Point","coordinates":[6.9890055,50.9449787]},"properties":{"maxheight":"2.5"}},{"type":"Feature","geometry":{"type":"Point","coordinates":[6.9891668,50.9446354]},"properties":{"maxheight":"2.5"}},{"type":"Feature","geometry":{"type":"Point","coordinates":[6.9891711,50.9450667]},"properties":{"maxheight":"4"}},{"type":"Feature","geometry":{"type":"Point","coordinates":[6.9893382,50.9451486]},"properties":{"maxheight":"4"}},{"type":"Feature","geometry":{"type":"Point","coordinates":[6.9895341,50.9452534]},"properties":{"maxheight":"default"}},{"type":"Feature","geometry":{"type":"Point","coordinates":[6.989709,50.9453455]},"properties":{"maxheight":"default"}},{"type":"Feature","geometry":{"type":"Point","coordinates":[6.9898639,50.9454206]},"properties":{"maxheight":"default"}},{"type":"Feature","geometry":{"type":"Point","coordinates":[6.9897293,50.9457208]},"properties":{"maxheight":"default"}},{"type":"Feature","geometry":{"type":"Point","coordinates":[6.9905033,50.9456051]},"properties":{"maxheight":"default"}},{"type":"Feature","geometry":{"type":"Point","coordinates":[6.9910173,50.9459499]},"properties":{"maxheight":"default"}},{"type":"Feature","geometry":{"type":"Point","coordinates":[6.9907423,50.9459309]},"properties":{"maxheight":"default"}},{"type":"Feature","geometry":{"type":"Point","coordinates":[6.9909414,50.9456116]},"properties":{"maxheight":"default"}},{"type":"Feature","geometry":{"type":"Point","coordinates":[6.8830757,50.9774152]},"properties":{"maxheight":"4.2"}},{"type":"Feature","geometry":{"type":"Point","coordinates":[6.9445808,50.9353868]},"properties":{"maxheight":"default"}},{"type":"Feature","geometry":{"type":"Point","coordinates":[6.9130611,50.9484366]},"properties":{"maxweight":"7.5"}},{"type":"Feature","geometry":{"type":"Point","coordinates":[6.9131991,50.9479575]},"properties":{"maxweight":"7.5"}},{"type":"Feature","geometry":{"type":"Point","coordinates":[6.9127963,50.948151]},"properties":{"maxweight":"7.5"}},{"type":"Feature","geometry":{"type":"Point","coordinates":[6.8118177,50.7771703]},"properties":{"maxweight":"2"}},{"type":"Feature","geometry":{"type":"Point","coordinates":[6.9468119,50.9376422]},"properties":{"maxheight":"2.4"}},{"type":"Feature","geometry":{"type":"Point","coordinates":[6.9470597,50.9376156]},"properties":{"maxheight":"2"}},{"type":"Feature","geometry":{"type":"Point","coordinates":[6.3680644,50.1983341]},"properties":{"maxheight":"default"}},{"type":"Feature","geometry":{"type":"Point","coordinates":[6.3674624,50.1984976]},"properties":{"maxheight":"default"}},{"type":"Feature","geometry":{"type":"Point","coordinates":[6.7945935,50.6807396]},"properties":{"hgv":"destination"}},{"type":"Feature","geometry":{"type":"Point","coordinates":[6.7039391,50.6401292]},"properties":{"hgv":"no"}},{"type":"Feature","geometry":{"type":"Point","coordinates":[6.6605191,50.2148953]},"properties":{"hgv":"destination"}},{"type":"Feature","geometry":{"type":"Point","coordinates":[6.5942323,50.9703551]},"properties":{"hgv":"destination"}},{"type":"Feature","geometry":{"type":"Point","coordinates":[6.5945285,50.9708798]},"properties":{"hgv":"no"}},{"type":"Feature","geometry":{"type":"Point","coordinates":[6.6041918,50.9655896]},"properties":{"hgv":"no"}},{"type":"Feature","geometry":{"type":"Point","coordinates":[6.6026658,50.9663368]},"properties":{"hgv":"no"}},{"type":"Feature","geometry":{"type":"Point","coordinates":[6.9048703,50.3618854]},"properties":{"maxweight":"3.5"}},{"type":"Feature","geometry":{"type":"Point","coordinates":[6.9052458,50.3618452]},"properties":{"maxweight":"3.5"}},{"type":"Feature","geometry":{"type":"Point","coordinates":[6.9057372,50.3617866]},"properties":{"maxweight":"3.5"}},{"type":"Feature","geometry":{"type":"Point","coordinates":[6.8904722,50.361131]},"properties":{"maxweight":"3.5"}},{"type":"Feature","geometry":{"type":"Point","coordinates":[6.8745909,50.3552895]},"properties":{"maxweight":"3.5"}},{"type":"Feature","geometry":{"type":"Point","coordinates":[6.7716532,50.5096583]},"properties":{"maxweight":"12"}},{"type":"Feature","geometry":{"type":"Point","coordinates":[6.9624977,50.941833]},"properties":{"maxheight":"default"}},{"type":"Feature","geometry":{"type":"Point","coordinates":[6.9679802,50.9555102]},"properties":{"maxweightrating:hgv":"7.5"}},{"type":"Feature","geometry":{"type":"Point","coordinates":[6.9602697,50.944106]},"properties":{"maxheight":"below_default"}},{"type":"Feature","geometry":{"type":"Point","coordinates":[6.9941073,50.9117044]},"properties":{"hgv":"no"}},{"type":"Feature","geometry":{"type":"Point","coordinates":[6.0630967,50.7969492]},"properties":{"maxheight":"2.6"}},{"type":"Feature","geometry":{"type":"Point","coordinates":[6.2634161,50.8142713]},"properties":{"hgv":"no"}},{"type":"Feature","geometry":{"type":"Point","coordinates":[6.7528052,50.968859]},"properties":{"maxweight":"2.8"}},{"type":"Feature","geometry":{"type":"Point","coordinates":[6.9811402,50.6852654]},"properties":{"maxheight":"default"}},{"type":"Feature","geometry":{"type":"Point","coordinates":[6.9050226,50.9343074]},"properties":{"hgv":"destination"}},{"type":"Feature","geometry":{"type":"Point","coordinates":[6.9045958,50.9339973]},"properties":{"hgv":"destination"}},{"type":"Feature","geometry":{"type":"Point","coordinates":[6.9040764,50.9343006]},"properties":{"hgv":"destination"}},{"type":"Feature","geometry":{"type":"Point","coordinates":[6.9083926,50.9281751]},"properties":{"hgv":"destination"}},{"type":"Feature","geometry":{"type":"Point","coordinates":[6.649518,50.6128574]},"properties":{"maxweight":"3.5"}},{"type":"Feature","geometry":{"type":"Point","coordinates":[6.476064,50.0653937]},"properties":{"maxheight":"default"}},{"type":"Feature","geometry":{"type":"Point","coordinates":[6.9445493,50.9816813]},"properties":{"maxweight":"3.5"}},{"type":"Feature","geometry":{"type":"Point","coordinates":[6.9452259,50.9814543]},"properties":{"maxweight":"3.5"}},{"type":"Feature","geometry":{"type":"Point","coordinates":[6.9455036,50.9813449]},"properties":{"maxweight":"3.5"}},{"type":"Feature","geometry":{"type":"Point","coordinates":[6.9457534,50.9811983]},"properties":{"maxweight":"3.5"}},{"type":"Feature","geometry":{"type":"Point","coordinates":[6.9462709,50.9808639]},"properties":{"maxweight":"3.5"}},{"type":"Feature","geometry":{"type":"Point","coordinates":[6.4751916,50.8041178]},"properties":{"maxheight":"2.5"}},{"type":"Feature","geometry":{"type":"Point","coordinates":[6.7492861,50.2300624]},"properties":{"maxweightrating:hgv":"7.5"}},{"type":"Feature","geometry":{"type":"Point","coordinates":[6.7513377,50.228924]},"properties":{"maxweightrating:hgv":"7.5"}},{"type":"Feature","geometry":{"type":"Point","coordinates":[6.8187285,50.6543735]},"properties":{"hgv":"delivery","maxweight":"7.5"}},{"type":"Feature","geometry":{"type":"Point","coordinates":[6.818713,50.6543211]},"properties":{"hgv":"delivery","maxweight":"7.5"}},{"type":"Feature","geometry":{"type":"Point","coordinates":[6.8181612,50.6546898]},"properties":{"hgv":"delivery","maxweight":"7.5"}},{"type":"Feature","geometry":{"type":"Point","coordinates":[6.8181927,50.6545818]},"properties":{"hgv":"delivery","maxweight":"7.5"}},{"type":"Feature","geometry":{"type":"Point","coordinates":[6.7410472,50.839011]},"properties":{"maxheight":"3.2"}},{"type":"Feature","geometry":{"type":"Point","coordinates":[6.5638882,50.5024239]},"properties":{"maxheight":"below_default"}},{"type":"Feature","geometry":{"type":"Point","coordinates":[6.5626365,50.5035609]},"properties":{"maxheight":"2.5"}},{"type":"Feature","geometry":{"type":"Point","coordinates":[6.9429198,50.985418]},"properties":{"maxheight":"2.9"}},{"type":"Feature","geometry":{"type":"Point","coordinates":[6.0872451,50.7682598]},"properties":{"maxlength":"10"}},{"type":"Feature","geometry":{"type":"Point","coordinates":[6.0795974,50.8526706]},"properties":{"hgv":"no"}},{"type":"Feature","geometry":{"type":"Point","coordinates":[6.0345861,50.8186177]},"properties":{"maxheight":"4.0"}},{"type":"Feature","geometry":{"type":"Point","coordinates":[6.9984748,50.962343]},"properties":{"hgv":"destination"}},{"type":"Feature","geometry":{"type":"Point","coordinates":[6.1550322,50.7845802]},"properties":{"hgv":"destination","maxweight":"7.5"}},{"type":"Feature","geometry":{"type":"Point","coordinates":[6.9584491,50.9280134]},"properties":{"hgv":"destination"}},{"type":"Feature","geometry":{"type":"Point","coordinates":[6.6298899,50.856307]},"properties":{"hgv":"no"}},{"type":"Feature","geometry":{"type":"Point","coordinates":[6.969051,50.9408095]},"properties":{"hgv":"no"}},{"type":"Feature","geometry":{"type":"Point","coordinates":[6.9807799,50.9229162]},"properties":{"maxheight":"default"}},{"type":"Feature","geometry":{"type":"Point","coordinates":[6.348201,50.1395551]},"properties":{"maxweightrating:hgv":"7.5"}},{"type":"Feature","geometry":{"type":"Point","coordinates":[6.0800747,50.8527415]},"properties":{"hgv":"no"}},{"type":"Feature","geometry":{"type":"Point","coordinates":[6.0811361,50.8528991]},"properties":{"hgv":"no"}},{"type":"Feature","geometry":{"type":"Point","coordinates":[6.0459922,50.773952]},"properties":{"maxheight":"2","maxweight":"2.5"}},{"type":"Feature","geometry":{"type":"Point","coordinates":[6.7755468,50.9284785]},"properties":{"hgv":"designated"}},{"type":"Feature","geometry":{"type":"Point","coordinates":[6.7751829,50.9283704]},"properties":{"hgv":"no"}},{"type":"Feature","geometry":{"type":"Point","coordinates":[6.0977205,50.7533699]},"properties":{"maxweight":"2"}},{"type":"Feature","geometry":{"type":"Point","coordinates":[6.0974542,50.753291]},"properties":{"maxweight":"2"}},{"type":"Feature","geometry":{"type":"Point","coordinates":[6.0974162,50.7533288]},"properties":{"maxweight":"2"}},{"type":"Feature","geometry":{"type":"Point","coordinates":[6.9216262,50.9456508]},"properties":{"maxheight":"2"}},{"type":"Feature","geometry":{"type":"Point","coordinates":[6.1067955,50.8578899]},"properties":{"hgv":"no"}},{"type":"Feature","geometry":{"type":"Point","coordinates":[6.5584808,50.4176823]},"properties":{"maxweightrating":"7.5"}},{"type":"Feature","geometry":{"type":"Point","coordinates":[6.5603027,50.4165128]},"properties":{"maxweightrating":"7.5"}},{"type":"Feature","geometry":{"type":"Point","coordinates":[6.4980605,50.3701757]},"properties":{"hgv":"destination"}},{"type":"Feature","geometry":{"type":"Point","coordinates":[6.7638878,50.5547114]},"properties":{"hgv":"no"}},{"type":"Feature","geometry":{"type":"Point","coordinates":[6.9179628,50.9551913]},"properties":{"maxheight":"2.4"}},{"type":"Feature","geometry":{"type":"Point","coordinates":[6.6176359,50.2528515]},"properties":{"hgv":"destination"}},{"type":"Feature","geometry":{"type":"Point","coordinates":[6.4318652,50.738239]},"properties":{"hgv":"destination"}},{"type":"Feature","geometry":{"type":"Point","coordinates":[6.0617191,50.7459497]},"properties":{"hgv":"destination"}},{"type":"Feature","geometry":{"type":"Point","coordinates":[6.0350161,50.9894606]},"properties":{"maxweight":"1.5"}},{"type":"Feature","geometry":{"type":"Point","coordinates":[6.2610276,50.8208588]},"properties":{"maxheight":"below_default"}},{"type":"Feature","geometry":{"type":"Point","coordinates":[6.2628655,50.8191007]},"properties":{"maxheight":"2.7 m"}},{"type":"Feature","geometry":{"type":"Point","coordinates":[6.1302906,50.7933687]},"properties":{"maxweight":"16"}},{"type":"Feature","geometry":{"type":"Point","coordinates":[6.1168923,50.7705356]},"properties":{"maxheight":"4"}},{"type":"Feature","geometry":{"type":"Point","coordinates":[6.1616827,50.7922536]},"properties":{"hgv":"destination"}},{"type":"Feature","geometry":{"type":"Point","coordinates":[6.86947,50.92411]},"properties":{"hgv":"destination"}},{"type":"Feature","geometry":{"type":"Point","coordinates":[6.8691781,50.924677]},"properties":{"hgv":"destination"}},{"type":"Feature","geometry":{"type":"Point","coordinates":[6.1260759,50.7208426]},"properties":{"maxheight":"4"}},{"type":"Feature","geometry":{"type":"Point","coordinates":[6.6123324,50.5986336]},"properties":{"maxweight":"50"}},{"type":"Feature","geometry":{"type":"Point","coordinates":[6.8892589,50.9415588]},"properties":{"maxheight":"below_default"}},{"type":"Feature","geometry":{"type":"Point","coordinates":[6.0549847,50.8029025]},"properties":{"maxweight":"7.5"}},{"type":"Feature","geometry":{"type":"Point","coordinates":[6.0565749,50.8034604]},"properties":{"maxweight":"7.5"}},{"type":"Feature","geometry":{"type":"Point","coordinates":[6.9473063,50.9848507]},"properties":{"maxheight":"2.9"}},{"type":"Feature","geometry":{"type":"Point","coordinates":[6.7917668,50.6599998]},"properties":{"maxweight":"3.5"}},{"type":"Feature","geometry":{"type":"Point","coordinates":[6.7915021,50.6598977]},"properties":{"hgv":"no @ (maxweight > 7.5)","maxweight":"3.5"}},{"type":"Feature","geometry":{"type":"Point","coordinates":[6.9581586,50.9463981]},"properties":{"maxheight":"below_default"}},{"type":"Feature","geometry":{"type":"Point","coordinates":[6.9142123,50.9565274]},"properties":{"maxheight":"below_default"}},{"type":"Feature","geometry":{"type":"Point","coordinates":[6.207785,50.9978556]},"properties":{"hgv":"no"}},{"type":"Feature","geometry":{"type":"Point","coordinates":[6.4215029,50.7352509]},"properties":{"hgv":"destination"}},{"type":"Feature","geometry":{"type":"Point","coordinates":[6.431726,50.7381528]},"properties":{"hgv":"destination"}},{"type":"Feature","geometry":{"type":"Point","coordinates":[6.4299023,50.7370333]},"properties":{"hgv":"destination"}},{"type":"Feature","geometry":{"type":"Point","coordinates":[6.3231213,50.7596293]},"properties":{"maxweight":"3.5"}},{"type":"Feature","geometry":{"type":"Point","coordinates":[6.322162,50.7591148]},"properties":{"maxweight":"3.5"}},{"type":"Feature","geometry":{"type":"Point","coordinates":[6.9065768,50.0383857]},"properties":{"maxweight":"3.5"}},{"type":"Feature","geometry":{"type":"Point","coordinates":[6.923029,50.9437769]},"properties":{"maxheight":"3.8"}},{"type":"Feature","geometry":{"type":"Point","coordinates":[6.4752013,50.5290054]},"properties":{"maxheight":"below_default"}},{"type":"Feature","geometry":{"type":"Point","coordinates":[6.9832204,50.9131266]},"properties":{"maxweight":"3.5"}},{"type":"Feature","geometry":{"type":"Point","coordinates":[6.5592296,50.4167372]},"properties":{"maxweightrating":"7.5"}},{"type":"Feature","geometry":{"type":"Point","coordinates":[6.9691459,50.4806843]},"properties":{"maxweight":"30"}},{"type":"Feature","geometry":{"type":"Point","coordinates":[6.0227689,50.8201131]},"properties":{"hgv":"use_sidepath"}},{"type":"Feature","geometry":{"type":"Point","coordinates":[6.0240311,50.8185078]},"properties":{"hgv":"use_sidepath"}},{"type":"Feature","geometry":{"type":"Point","coordinates":[6.0229779,50.8200918]},"properties":{"hgv":"designated"}},{"type":"Feature","geometry":{"type":"Point","coordinates":[6.8141392,50.8025091]},"properties":{"maxheight":"default"}},{"type":"Feature","geometry":{"type":"Point","coordinates":[6.8143591,50.8019587]},"properties":{"maxheight":"below_default"}},{"type":"Feature","geometry":{"type":"Point","coordinates":[6.8143269,50.8019714]},"properties":{"maxheight":"below_default"}},{"type":"Feature","geometry":{"type":"Point","coordinates":[6.814205,50.802387]},"properties":{"maxheight":"default"}},{"type":"Feature","geometry":{"type":"Point","coordinates":[6.814185,50.8023813]},"properties":{"maxheight":"below_default"}},{"type":"Feature","geometry":{"type":"Point","coordinates":[6.8141191,50.802504]},"properties":{"maxheight":"below_default"}},{"type":"Feature","geometry":{"type":"Point","coordinates":[6.8141837,50.8018605]},"properties":{"maxheight":"below_default"}},{"type":"Feature","geometry":{"type":"Point","coordinates":[6.9553172,50.9002382]},"properties":{"maxheight":"2"}},{"type":"Feature","geometry":{"type":"Point","coordinates":[6.988999,50.5267046]},"properties":{"maxheight":"below_default"}},{"type":"Feature","geometry":{"type":"Point","coordinates":[6.2129923,50.7849966]},"properties":{"hgv":"no"}},{"type":"Feature","geometry":{"type":"Point","coordinates":[6.9386272,50.8353896]},"properties":{"maxheight":"4.5"}},{"type":"Feature","geometry":{"type":"Point","coordinates":[6.8577046,50.9706424]},"properties":{"maxheight":"4.3"}},{"type":"Feature","geometry":{"type":"Point","coordinates":[6.8576926,50.9706618]},"properties":{"maxheight":"4.3"}},{"type":"Feature","geometry":{"type":"Point","coordinates":[6.8573997,50.9704621]},"properties":{"maxheight":"4.3"}},{"type":"Feature","geometry":{"type":"Point","coordinates":[6.8573914,50.9704794]},"properties":{"maxheight":"4.3"}},{"type":"Feature","geometry":{"type":"Point","coordinates":[6.5881659,50.9755017]},"properties":{"hgv":"destination"}},{"type":"Feature","geometry":{"type":"Point","coordinates":[6.882547,50.8891594]},"properties":{"maxweight":"12"}},{"type":"Feature","geometry":{"type":"Point","coordinates":[6.6925123,50.6450677]},"properties":{"hgv":"designated"}},{"type":"Feature","geometry":{"type":"Point","coordinates":[6.269378,50.8231929]},"properties":{"hgv":"destination"}},{"type":"Feature","geometry":{"type":"Point","coordinates":[6.2698105,50.8234451]},"properties":{"hgv":"destination"}},{"type":"Feature","geometry":{"type":"Point","coordinates":[6.2820446,50.820779]},"properties":{"hgv":"destination"}},{"type":"Feature","geometry":{"type":"Point","coordinates":[6.2719707,50.8206671]},"properties":{"hgv":"destination"}},{"type":"Feature","geometry":{"type":"Point","coordinates":[6.2721109,50.820634]},"properties":{"hgv":"destination"}},{"type":"Feature","geometry":{"type":"Point","coordinates":[6.2683845,50.8218662]},"properties":{"hgv":"destination"}},{"type":"Feature","geometry":{"type":"Point","coordinates":[6.9620175,50.8844658]},"properties":{"hgv":"no","maxweightrating:hgv":"3.5"}},{"type":"Feature","geometry":{"type":"Point","coordinates":[6.1451353,50.7793736]},"properties":{"hgv":"destination","maxweight":"7.5"}},{"type":"Feature","geometry":{"type":"Point","coordinates":[6.0795974,50.7796717]},"properties":{"maxheight":"3.55"}},{"type":"Feature","geometry":{"type":"Point","coordinates":[6.9349996,50.9119109]},"properties":{"maxheight":"10"}},{"type":"Feature","geometry":{"type":"Point","coordinates":[6.9352801,50.912263]},"properties":{"maxheight":"10"}},{"type":"Feature","geometry":{"type":"Point","coordinates":[6.7254674,50.5425383]},"properties":{"hgv":"agricultural;forestry"}},{"type":"Feature","geometry":{"type":"Point","coordinates":[6.0874883,50.771321]},"properties":{"maxheight":"1.9"}},{"type":"Feature","geometry":{"type":"Point","coordinates":[6.4240089,50.210162]},"properties":{"maxweightrating:hgv":"7.5"}},{"type":"Feature","geometry":{"type":"Point","coordinates":[6.4157039,50.2098447]},"properties":{"maxweightrating:hgv":"7.5"}},{"type":"Feature","geometry":{"type":"Point","coordinates":[6.0858577,50.7717047]},"properties":{"maxheight":"1.9"}},{"type":"Feature","geometry":{"type":"Point","coordinates":[6.9112125,50.5109982]},"properties":{"maxweight":"3.5"}},{"type":"Feature","geometry":{"type":"Point","coordinates":[6.9122836,50.5114569]},"properties":{"maxweight":"3.5"}},{"type":"Feature","geometry":{"type":"Point","coordinates":[6.9151268,50.5160957]},"properties":{"maxweight":"3.5"}},{"type":"Feature","geometry":{"type":"Point","coordinates":[6.9188044,50.5186109]},"properties":{"maxweight":"3.5"}},{"type":"Feature","geometry":{"type":"Point","coordinates":[6.9184135,50.5184414]},"properties":{"maxweight":"3.5"}},{"type":"Feature","geometry":{"type":"Point","coordinates":[6.8768815,50.8587751]},"properties":{"maxheight":"default"}},{"type":"Feature","geometry":{"type":"Point","coordinates":[6.8748087,50.8552045]},"properties":{"maxheight":"default"}},{"type":"Feature","geometry":{"type":"Point","coordinates":[6.8747154,50.8550789]},"properties":{"maxheight":"default"}},{"type":"Feature","geometry":{"type":"Point","coordinates":[6.9138173,50.8437985]},"properties":{"maxheight":"none"}},{"type":"Feature","geometry":{"type":"Point","coordinates":[6.9093716,50.8369939]},"properties":{"maxheight":"none"}},{"type":"Feature","geometry":{"type":"Point","coordinates":[6.9077253,50.8350941]},"properties":{"maxheight":"none"}},{"type":"Feature","geometry":{"type":"Point","coordinates":[6.9200839,50.9362453]},"properties":{"maxheight":"2.35"}},{"type":"Feature","geometry":{"type":"Point","coordinates":[6.5505845,50.9938277]},"properties":{"hgv":"destination"}},{"type":"Feature","geometry":{"type":"Point","coordinates":[6.5776707,50.9807693]},"properties":{"hgv":"destination"}},{"type":"Feature","geometry":{"type":"Point","coordinates":[6.5765066,50.983086]},"properties":{"hgv":"destination"}},{"type":"Feature","geometry":{"type":"Point","coordinates":[6.5763044,50.981285]},"properties":{"hgv":"destination"}},{"type":"Feature","geometry":{"type":"Point","coordinates":[6.4558142,50.7751048]},"properties":{"maxwidth":"17"}},{"type":"Feature","geometry":{"type":"Point","coordinates":[6.4536326,50.7746214]},"properties":{"maxwidth":"6"}},{"type":"Feature","geometry":{"type":"Point","coordinates":[6.4530104,50.7746622]},"properties":{"maxwidth":"6"}},{"type":"Feature","geometry":{"type":"Point","coordinates":[6.4525686,50.7747038]},"properties":{"maxwidth":"6"}},{"type":"Feature","geometry":{"type":"Point","coordinates":[6.7106959,50.9136713]},"properties":{"maxheight":"3.4"}},{"type":"Feature","geometry":{"type":"Point","coordinates":[6.9623134,50.933938]},"properties":{"maxheight":"3.6","maxweight":"9"}},{"type":"Feature","geometry":{"type":"Point","coordinates":[6.0915948,50.770938]},"properties":{"maxheight":"2.2"}},{"type":"Feature","geometry":{"type":"Point","coordinates":[6.9611179,50.9335148]},"properties":{"maxheight":"3.5"}},{"type":"Feature","geometry":{"type":"Point","coordinates":[6.961889,50.9335754]},"properties":{"maxheight":"3.5"}},{"type":"Feature","geometry":{"type":"Point","coordinates":[6.0405416,50.7684645]},"properties":{"maxweight":"2.8"}},{"type":"Feature","geometry":{"type":"Point","coordinates":[6.0393962,50.7684225]},"properties":{"maxweight":"2.8"}},{"type":"Feature","geometry":{"type":"Point","coordinates":[6.3128323,50.9244084]},"properties":{"maxweight":"7.5"}},{"type":"Feature","geometry":{"type":"Point","coordinates":[6.7511544,50.6820084]},"properties":{"maxheight":"default"}},{"type":"Feature","geometry":{"type":"Point","coordinates":[6.7510259,50.6821155]},"properties":{"maxheight":"default"}},{"type":"Feature","geometry":{"type":"Point","coordinates":[6.7506171,50.6820517]},"properties":{"maxheight":"default"}},{"type":"Feature","geometry":{"type":"Point","coordinates":[6.7505088,50.6821426]},"properties":{"maxheight":"default"}},{"type":"Feature","geometry":{"type":"Point","coordinates":[6.7413065,50.6774676]},"properties":{"maxheight":"4"}},{"type":"Feature","geometry":{"type":"Point","coordinates":[6.7426199,50.6777049]},"properties":{"maxheight":"default"}},{"type":"Feature","geometry":{"type":"Point","coordinates":[6.7423141,50.6777109]},"properties":{"maxheight":"default"}},{"type":"Feature","geometry":{"type":"Point","coordinates":[6.8472755,50.9483146]},"properties":{"maxheight":"2.05"}},{"type":"Feature","geometry":{"type":"Point","coordinates":[6.8501149,50.6932758]},"properties":{"maxheight":"default"}},{"type":"Feature","geometry":{"type":"Point","coordinates":[6.9103325,50.9386958]},"properties":{"maxheight":"below_default"}},{"type":"Feature","geometry":{"type":"Point","coordinates":[6.9882736,50.9121279]},"properties":{"maxheight":"below_default"}},{"type":"Feature","geometry":{"type":"Point","coordinates":[6.826458,50.6502364]},"properties":{"hgv":"delivery","maxweight":"7.5"}},{"type":"Feature","geometry":{"type":"Point","coordinates":[6.7785811,50.7543576]},"properties":{"hgv":"destination","goods":"destination"}},{"type":"Feature","geometry":{"type":"Point","coordinates":[6.7784696,50.7544063]},"properties":{"hgv":"destination","goods":"destination"}},{"type":"Feature","geometry":{"type":"Point","coordinates":[6.7791423,50.754288]},"properties":{"hgv":"destination","goods":"destination"}},{"type":"Feature","geometry":{"type":"Point","coordinates":[6.7777015,50.6339457]},"properties":{"hgv":"delivery"}},{"type":"Feature","geometry":{"type":"Point","coordinates":[6.7778369,50.6339771]},"properties":{"hgv":"delivery"}},{"type":"Feature","geometry":{"type":"Point","coordinates":[6.7776247,50.633636]},"properties":{"hgv":"delivery"}},{"type":"Feature","geometry":{"type":"Point","coordinates":[6.8137033,50.8205969]},"properties":{"maxheight":"default"}},{"type":"Feature","geometry":{"type":"Point","coordinates":[6.812757,50.8202455]},"properties":{"maxheight":"default"}},{"type":"Feature","geometry":{"type":"Point","coordinates":[6.6690442,50.2830768]},"properties":{"maxweightrating:hgv":"7.5"}},{"type":"Feature","geometry":{"type":"Point","coordinates":[6.1362626,50.7783565]},"properties":{"maxheight":"3.4"}},{"type":"Feature","geometry":{"type":"Point","coordinates":[6.9868541,50.9337165]},"properties":{"maxheight":"default"}},{"type":"Feature","geometry":{"type":"Point","coordinates":[6.9102502,50.9579468]},"properties":{"maxheight":"3.2"}},{"type":"Feature","geometry":{"type":"Point","coordinates":[6.9471735,50.9110672]},"properties":{"maxweight":"12"}},{"type":"Feature","geometry":{"type":"Point","coordinates":[6.9425391,50.9374317]},"properties":{"maxheight:physical":"3.2","maxweight":"2.5"}},{"type":"Feature","geometry":{"type":"Point","coordinates":[6.9425421,50.93737]},"properties":{"maxheight:physical":"3.2","maxweight":"2.5"}},{"type":"Feature","geometry":{"type":"Point","coordinates":[6.1419182,50.7772199]},"properties":{"hgv":"destination"}},{"type":"Feature","geometry":{"type":"Point","coordinates":[6.0918352,50.7607342]},"properties":{"hgv":"no"}},{"type":"Feature","geometry":{"type":"Point","coordinates":[6.0920566,50.7606582]},"properties":{"hgv":"no"}},{"type":"Feature","geometry":{"type":"Point","coordinates":[6.906642,50.8334895]},"properties":{"maxheight":"none"}},{"type":"Feature","geometry":{"type":"Point","coordinates":[6.2523466,50.8227777]},"properties":{"maxheight":"3.95"}},{"type":"Feature","geometry":{"type":"Point","coordinates":[6.2519021,50.8231049]},"properties":{"maxheight":"below_default"}},{"type":"Feature","geometry":{"type":"Point","coordinates":[6.2518244,50.8231068]},"properties":{"maxheight":"below_default"}},{"type":"Feature","geometry":{"type":"Point","coordinates":[6.841644,50.6596512]},"properties":{"hgv":"no"}},{"type":"Feature","geometry":{"type":"Point","coordinates":[6.087456,50.8786825]},"properties":{"hgv":"no"}},{"type":"Feature","geometry":{"type":"Point","coordinates":[6.0845658,50.876394]},"properties":{"hgv":"no"}},{"type":"Feature","geometry":{"type":"Point","coordinates":[6.8162488,50.6881036]},"properties":{"maxheight":"3.4"}},{"type":"Feature","geometry":{"type":"Point","coordinates":[6.5621264,50.5411853]},"properties":{"hgv":"destination"}},{"type":"Feature","geometry":{"type":"Point","coordinates":[6.5466322,50.7083231]},"properties":{"hgv":"no"}},{"type":"Feature","geometry":{"type":"Point","coordinates":[6.7116688,50.6085921]},"properties":{"hgv":"no"}},{"type":"Feature","geometry":{"type":"Point","coordinates":[6.7106901,50.6067885]},"properties":{"hgv":"designated"}},{"type":"Feature","geometry":{"type":"Point","coordinates":[6.658818,50.2236392]},"properties":{"maxheight":"default"}},{"type":"Feature","geometry":{"type":"Point","coordinates":[6.6610615,50.2235871]},"properties":{"maxheight":"default"}},{"type":"Feature","geometry":{"type":"Point","coordinates":[6.7884731,50.9322914]},"properties":{"hgv":"destination"}},{"type":"Feature","geometry":{"type":"Point","coordinates":[6.4611606,50.8226754]},"properties":{"maxweightrating:hgv":"7.5"}},{"type":"Feature","geometry":{"type":"Point","coordinates":[6.4311175,50.1998563]},"properties":{"maxweight":"7.5"}},{"type":"Feature","geometry":{"type":"Point","coordinates":[6.4315399,50.1992819]},"properties":{"maxweight":"7.5"}},{"type":"Feature","geometry":{"type":"Point","coordinates":[6.2752153,50.9814458]},"properties":{"hgv":"no"}},{"type":"Feature","geometry":{"type":"Point","coordinates":[6.2738312,50.9809538]},"properties":{"hgv":"no"}},{"type":"Feature","geometry":{"type":"Point","coordinates":[6.2748729,50.9813018]},"properties":{"hgv":"no"}},{"type":"Feature","geometry":{"type":"Point","coordinates":[6.9772435,50.8231742]},"properties":{"maxweight":"2.5"}},{"type":"Feature","geometry":{"type":"Point","coordinates":[6.9773071,50.8230955]},"properties":{"maxweight":"2.5"}},{"type":"Feature","geometry":{"type":"Point","coordinates":[6.0735686,50.7687277]},"properties":{"maxheight":"4"}},{"type":"Feature","geometry":{"type":"Point","coordinates":[6.888943,50.9749673]},"properties":{"hgv":"designated"}},{"type":"Feature","geometry":{"type":"Point","coordinates":[6.8197667,50.8977622]},"properties":{"maxheight":"default"}},{"type":"Feature","geometry":{"type":"Point","coordinates":[6.9025213,50.8320524]},"properties":{"maxheight":"none"}},{"type":"Feature","geometry":{"type":"Point","coordinates":[6.4661476,50.7851708]},"properties":{"hgv":"destination"}},{"type":"Feature","geometry":{"type":"Point","coordinates":[6.465684,50.7861973]},"properties":{"hgv":"destination"}},{"type":"Feature","geometry":{"type":"Point","coordinates":[6.7194455,50.2388985]},"properties":{"maxwidth":"4"}},{"type":"Feature","geometry":{"type":"Point","coordinates":[6.7393964,50.2301207]},"properties":{"hgv":"destination"}},{"type":"Feature","geometry":{"type":"Point","coordinates":[6.9651173,50.625177]},"properties":{"maxheight":"none"}},{"type":"Feature","geometry":{"type":"Point","coordinates":[6.9274843,50.8603206]},"properties":{"hgv":"destination"}},{"type":"Feature","geometry":{"type":"Point","coordinates":[6.9627859,50.9524296]},"properties":{"maxheight":"3"}},{"type":"Feature","geometry":{"type":"Point","coordinates":[6.4164955,50.8054131]},"properties":{"maxheight":"3"}},{"type":"Feature","geometry":{"type":"Point","coordinates":[6.427332,50.8032644]},"properties":{"maxheight":"2.8"}},{"type":"Feature","geometry":{"type":"Point","coordinates":[6.4458955,50.7164624]},"properties":{"maxweight":"30 t"}},{"type":"Feature","geometry":{"type":"Point","coordinates":[6.0702541,50.840115]},"properties":{"maxweight":"3.5"}},{"type":"Feature","geometry":{"type":"Point","coordinates":[6.096465,50.7902696]},"properties":{"maxheight":"default"}},{"type":"Feature","geometry":{"type":"Point","coordinates":[6.9728684,50.6839042]},"properties":{"maxweight":"12"}},{"type":"Feature","geometry":{"type":"Point","coordinates":[6.9622802,50.9312337]},"properties":{"maxheight":"default"}},{"type":"Feature","geometry":{"type":"Point","coordinates":[6.5577963,50.4194894]},"properties":{"maxweightrating":"7.5"}},{"type":"Feature","geometry":{"type":"Point","coordinates":[6.1396987,50.7877869]},"properties":{"maxheight":"default"}},{"type":"Feature","geometry":{"type":"Point","coordinates":[6.1683139,50.7630208]},"properties":{"hgv":"destination"}},{"type":"Feature","geometry":{"type":"Point","coordinates":[6.1134695,50.7768127]},"properties":{"maxheight":"3.35"}},{"type":"Feature","geometry":{"type":"Point","coordinates":[6.1122182,50.7778951]},"properties":{"maxheight":"3.4"}},{"type":"Feature","geometry":{"type":"Point","coordinates":[6.1117877,50.7789234]},"properties":{"maxheight":"3.8"}},{"type":"Feature","geometry":{"type":"Point","coordinates":[6.9448719,50.9473167]},"properties":{"maxheight":"2"}},{"type":"Feature","geometry":{"type":"Point","coordinates":[6.0722916,50.7737857]},"properties":{"maxheight":"default"}},{"type":"Feature","geometry":{"type":"Point","coordinates":[6.0734874,50.7706745]},"properties":{"maxheight":"4"}},{"type":"Feature","geometry":{"type":"Point","coordinates":[6.8951996,50.9765022]},"properties":{"maxheight":"1.80"}},{"type":"Feature","geometry":{"type":"Point","coordinates":[6.9541331,50.908287]},"properties":{"hgv":"destination"}},{"type":"Feature","geometry":{"type":"Point","coordinates":[6.8147368,50.6565263]},"properties":{"hgv":"delivery","maxweight":"7.5"}},{"type":"Feature","geometry":{"type":"Point","coordinates":[6.817598,50.6549929]},"properties":{"hgv":"delivery","maxweight":"7.5"}},{"type":"Feature","geometry":{"type":"Point","coordinates":[6.981575,50.7981268]},"properties":{"maxwidth":"1"}},{"type":"Feature","geometry":{"type":"Point","coordinates":[6.9827741,50.8000647]},"properties":{"maxwidth":"1"}},{"type":"Feature","geometry":{"type":"Point","coordinates":[6.1572824,50.7932236]},"properties":{"maxweightrating:hgv":"7.5"}},{"type":"Feature","geometry":{"type":"Point","coordinates":[6.1566742,50.7895648]},"properties":{"maxweightrating:hgv":"7.5"}},{"type":"Feature","geometry":{"type":"Point","coordinates":[6.1340384,50.8028037]},"properties":{"maxheight":"default"}},{"type":"Feature","geometry":{"type":"Point","coordinates":[6.1340701,50.8028235]},"properties":{"maxheight":"default"}},{"type":"Feature","geometry":{"type":"Point","coordinates":[6.136961,50.7344261]},"properties":{"maxheight":"default"}},{"type":"Feature","geometry":{"type":"Point","coordinates":[6.9091857,50.8983176]},"properties":{"maxheight":"default"}},{"type":"Feature","geometry":{"type":"Point","coordinates":[6.9109879,50.8963279]},"properties":{"maxweight":"conditional"}},{"type":"Feature","geometry":{"type":"Point","coordinates":[6.9007479,50.9344683]},"properties":{"hgv":"destination"}},{"type":"Feature","geometry":{"type":"Point","coordinates":[6.9007481,50.9343199]},"properties":{"hgv":"destination"}},{"type":"Feature","geometry":{"type":"Point","coordinates":[6.0949622,50.7675196]},"properties":{"maxheight":"default"}},{"type":"Feature","geometry":{"type":"Point","coordinates":[6.0725406,50.7505165]},"properties":{"maxheight":"default"}},{"type":"Feature","geometry":{"type":"Point","coordinates":[6.9613475,50.9358135]},"properties":{"hgv":"no"}},{"type":"Feature","geometry":{"type":"Point","coordinates":[6.0556079,50.7849251]},"properties":{"hgv":"no"}},{"type":"Feature","geometry":{"type":"Point","coordinates":[6.0591738,50.7836499]},"properties":{"hgv":"no"}},{"type":"Feature","geometry":{"type":"Point","coordinates":[6.0513971,50.7854087]},"properties":{"maxweight":"3.5"}},{"type":"Feature","geometry":{"type":"Point","coordinates":[6.0381726,50.7870763]},"properties":{"maxweight":"5"}},{"type":"Feature","geometry":{"type":"Point","coordinates":[6.0589415,50.7981337]},"properties":{"maxheight":"default"}},{"type":"Feature","geometry":{"type":"Point","coordinates":[6.8879293,50.9421873]},"properties":{"maxheight":"2"}},{"type":"Feature","geometry":{"type":"Point","coordinates":[6.8879142,50.9420241]},"properties":{"maxheight":"2"}},{"type":"Feature","geometry":{"type":"Point","coordinates":[6.0515659,50.7828975]},"properties":{"maxheight":"default"}},{"type":"Feature","geometry":{"type":"Point","coordinates":[6.0517252,50.7829787]},"properties":{"maxheight":"default"}},{"type":"Feature","geometry":{"type":"Point","coordinates":[6.9407557,50.9043834]},"properties":{"hgv":"destination"}},{"type":"Feature","geometry":{"type":"Point","coordinates":[6.938995,50.9048781]},"properties":{"hgv":"destination"}},{"type":"Feature","geometry":{"type":"Point","coordinates":[6.0610452,50.8069233]},"properties":{"maxheight":"default"}},{"type":"Feature","geometry":{"type":"Point","coordinates":[6.0555995,50.7945825]},"properties":{"maxheight":"default"}},{"type":"Feature","geometry":{"type":"Point","coordinates":[6.0556861,50.7945805]},"properties":{"maxheight":"default"}},{"type":"Feature","geometry":{"type":"Point","coordinates":[6.0557619,50.7945538]},"properties":{"maxheight":"default"}},{"type":"Feature","geometry":{"type":"Point","coordinates":[6.0577861,50.772086]},"properties":{"maxheight":"default"}},{"type":"Feature","geometry":{"type":"Point","coordinates":[6.2110296,50.773975]},"properties":{"hgv":"destination"}},{"type":"Feature","geometry":{"type":"Point","coordinates":[6.1783108,50.7290454]},"properties":{"maxheight":"4"}},{"type":"Feature","geometry":{"type":"Point","coordinates":[6.0638694,50.7458506]},"properties":{"hgv":"destination"}},{"type":"Feature","geometry":{"type":"Point","coordinates":[6.9097934,50.9490064]},"properties":{"maxheight":"4"}},{"type":"Feature","geometry":{"type":"Point","coordinates":[6.1162252,50.7998653]},"properties":{"maxheight":"default"}},{"type":"Feature","geometry":{"type":"Point","coordinates":[6.0965387,50.7669807]},"properties":{"maxheight":"default"}},{"type":"Feature","geometry":{"type":"Point","coordinates":[6.0733136,50.773021]},"properties":{"maxheight":"default"}},{"type":"Feature","geometry":{"type":"Point","coordinates":[6.0780516,50.7678517]},"properties":{"maxheight":"default"}},{"type":"Feature","geometry":{"type":"Point","coordinates":[6.0850837,50.7629514]},"properties":{"maxheight":"3.8"}},{"type":"Feature","geometry":{"type":"Point","coordinates":[6.0548416,50.7853838]},"properties":{"hgv":"no"}},{"type":"Feature","geometry":{"type":"Point","coordinates":[6.9708134,50.9341837]},"properties":{"maxheight":"default"}},{"type":"Feature","geometry":{"type":"Point","coordinates":[6.9787589,50.9374668]},"properties":{"maxheight":"below_default"}},{"type":"Feature","geometry":{"type":"Point","coordinates":[6.1908576,50.7845141]},"properties":{"hgv":"no"}},{"type":"Feature","geometry":{"type":"Point","coordinates":[6.5673594,50.9875839]},"properties":{"hgv":"destination"}},{"type":"Feature","geometry":{"type":"Point","coordinates":[6.9098369,50.8968127]},"properties":{"maxweight":"conditional"}},{"type":"Feature","geometry":{"type":"Point","coordinates":[6.0981801,50.8728645]},"properties":{"maxweight":"5.5"}},{"type":"Feature","geometry":{"type":"Point","coordinates":[6.0999351,50.8719145]},"properties":{"maxweight":"5.5"}},{"type":"Feature","geometry":{"type":"Point","coordinates":[6.1004766,50.8718793]},"properties":{"maxweight":"5.5"}},{"type":"Feature","geometry":{"type":"Point","coordinates":[6.3818456,50.1932688]},"properties":{"maxweight":"5.5"}},{"type":"Feature","geometry":{"type":"Point","coordinates":[6.9352134,50.908519]},"properties":{"hgv":"destination"}},{"type":"Feature","geometry":{"type":"Point","coordinates":[6.4836274,50.6736773]},"properties":{"maxheight":"4"}},{"type":"Feature","geometry":{"type":"Point","coordinates":[6.9603938,50.9354148]},"properties":{"hgv":"no"}},{"type":"Feature","geometry":{"type":"Point","coordinates":[6.8777346,50.9382557]},"properties":{"maxheight":"2.8"}},{"type":"Feature","geometry":{"type":"Point","coordinates":[6.877846,50.9382962]},"properties":{"maxheight":"2.8"}},{"type":"Feature","geometry":{"type":"Point","coordinates":[6.9093991,50.9487358]},"properties":{"maxheight":"3.6"}},{"type":"Feature","geometry":{"type":"Point","coordinates":[6.9185666,50.9511262]},"properties":{"maxheight":"1.9"}},{"type":"Feature","geometry":{"type":"Point","coordinates":[6.945939,50.9667779]},"properties":{"maxweight":"6"}},{"type":"Feature","geometry":{"type":"Point","coordinates":[6.8895382,50.9442943]},"properties":{"maxheight":"4"}},{"type":"Feature","geometry":{"type":"Point","coordinates":[6.8895754,50.9447021]},"properties":{"maxheight":"3.6"}},{"type":"Feature","geometry":{"type":"Point","coordinates":[6.9029568,50.8138727]},"properties":{"maxheight":"none"}},{"type":"Feature","geometry":{"type":"Point","coordinates":[6.6771083,50.9935719]},"properties":{"maxheight":"4.0"}},{"type":"Feature","geometry":{"type":"Point","coordinates":[6.1472622,50.0048796]},"properties":{"hgv":"yes"}},{"type":"Feature","geometry":{"type":"Point","coordinates":[6.6373676,50.9538632]},"properties":{"maxheight":"1.9"}},{"type":"Feature","geometry":{"type":"Point","coordinates":[6.6718622,50.2916522]},"properties":{"maxweightrating":"7.5"}},{"type":"Feature","geometry":{"type":"Point","coordinates":[6.8500114,50.6248782]},"properties":{"hgv":"destination"}},{"type":"Feature","geometry":{"type":"Point","coordinates":[6.9028712,50.8293487]},"properties":{"maxheight":"2.05"}},{"type":"Feature","geometry":{"type":"Point","coordinates":[6.9027206,50.8290965]},"properties":{"maxheight":"2.05"}},{"type":"Feature","geometry":{"type":"Point","coordinates":[6.907922,50.8333957]},"properties":{"maxheight":"none"}},{"type":"Feature","geometry":{"type":"Point","coordinates":[6.2379193,50.5526305]},"properties":{"maxheight":"1.9"}},{"type":"Feature","geometry":{"type":"Point","coordinates":[6.9446238,50.967362]},"properties":{"maxheight":"2"}},{"type":"Feature","geometry":{"type":"Point","coordinates":[6.6409849,50.439175]},"properties":{"hgv":"destination"}},{"type":"Feature","geometry":{"type":"Point","coordinates":[6.623458,50.4357319]},"properties":{"hgv":"destination"}},{"type":"Feature","geometry":{"type":"Point","coordinates":[6.6253781,50.4368492]},"properties":{"hgv":"destination"}},{"type":"Feature","geometry":{"type":"Point","coordinates":[6.6249717,50.4366111]},"properties":{"hgv":"destination"}},{"type":"Feature","geometry":{"type":"Point","coordinates":[6.7468078,50.2308135]},"properties":{"maxweightrating:hgv":"7.5"}},{"type":"Feature","geometry":{"type":"Point","coordinates":[6.2104511,50.6820115]},"properties":{"maxweight":"2.5"}},{"type":"Feature","geometry":{"type":"Point","coordinates":[6.9759632,50.8983228]},"properties":{"hgv":"no"}},{"type":"Feature","geometry":{"type":"Point","coordinates":[6.4231322,50.5294893]},"properties":{"hgv":"no"}},{"type":"Feature","geometry":{"type":"Point","coordinates":[6.4233044,50.5295317]},"properties":{"hgv":"no"}},{"type":"Feature","geometry":{"type":"Point","coordinates":[6.6532742,50.5967427]},"properties":{"hgv":"destination"}},{"type":"Feature","geometry":{"type":"Point","coordinates":[6.6188765,50.44723]},"properties":{"maxheight":"default"}},{"type":"Feature","geometry":{"type":"Point","coordinates":[6.6206011,50.4478968]},"properties":{"maxheight":"default"}},{"type":"Feature","geometry":{"type":"Point","coordinates":[6.9663609,50.8532623]},"properties":{"maxheight":"4"}},{"type":"Feature","geometry":{"type":"Point","coordinates":[6.5260696,50.5226099]},"properties":{"maxweight":"2.8"}},{"type":"Feature","geometry":{"type":"Point","coordinates":[6.9014302,50.9530053]},"properties":{"maxheight":"2.7"}},{"type":"Feature","geometry":{"type":"Point","coordinates":[6.2228788,50.6803602]},"properties":{"maxweight":"2.5"}},{"type":"Feature","geometry":{"type":"Point","coordinates":[6.5578316,50.4193564]},"properties":{"maxweightrating":"7.5"}},{"type":"Feature","geometry":{"type":"Point","coordinates":[6.2927739,50.7831538]},"properties":{"hgv":"destination"}},{"type":"Feature","geometry":{"type":"Point","coordinates":[6.2265512,50.7705738]},"properties":{"hgv":"destination"}},{"type":"Feature","geometry":{"type":"Point","coordinates":[6.5931969,50.5377947]},"properties":{"hgv":"destination"}},{"type":"Feature","geometry":{"type":"Point","coordinates":[6.2780142,50.7532778]},"properties":{"hgv":"destination"}},{"type":"Feature","geometry":{"type":"Point","coordinates":[6.6494888,50.4374063]},"properties":{"hgv":"no","maxheight":"3.2"}},{"type":"Feature","geometry":{"type":"Point","coordinates":[6.7801766,50.6647664]},"properties":{"hgv":"destination"}},{"type":"Feature","geometry":{"type":"Point","coordinates":[6.7805568,50.6645639]},"properties":{"hgv":"destination"}},{"type":"Feature","geometry":{"type":"Point","coordinates":[6.7831725,50.6602582]},"properties":{"hgv":"destination"}},{"type":"Feature","geometry":{"type":"Point","coordinates":[6.7779236,50.6292334]},"properties":{"maxweight":"7.5"}},{"type":"Feature","geometry":{"type":"Point","coordinates":[6.379494,50.1883515]},"properties":{"maxheight":"default"}},{"type":"Feature","geometry":{"type":"Point","coordinates":[6.7739088,50.7996547]},"properties":{"hgv":"destination"}},{"type":"Feature","geometry":{"type":"Point","coordinates":[6.972441,50.9395685]},"properties":{"maxheight":"4"}},{"type":"Feature","geometry":{"type":"Point","coordinates":[6.9717446,50.9389533]},"properties":{"maxheight":"4"}},{"type":"Feature","geometry":{"type":"Point","coordinates":[6.6597426,50.4507627]},"properties":{"maxheight":"default"}},{"type":"Feature","geometry":{"type":"Point","coordinates":[6.1426814,50.777456]},"properties":{"maxheight":"2.4"}},{"type":"Feature","geometry":{"type":"Point","coordinates":[6.9784748,50.8478212]},"properties":{"maxheight":"3.8"}},{"type":"Feature","geometry":{"type":"Point","coordinates":[6.2566723,50.0721453]},"properties":{"maxheight":"3"}},{"type":"Feature","geometry":{"type":"Point","coordinates":[6.9588767,50.9470957]},"properties":{"maxheight":"3.5"}},{"type":"Feature","geometry":{"type":"Point","coordinates":[6.9934865,50.914831]},"properties":{"maxweightrating:hgv":"7.5"}},{"type":"Feature","geometry":{"type":"Point","coordinates":[6.9003822,50.9627079]},"properties":{"hgv":"destination"}},{"type":"Feature","geometry":{"type":"Point","coordinates":[6.911944,50.049395]},"properties":{"hgv":"no"}},{"type":"Feature","geometry":{"type":"Point","coordinates":[6.9242533,50.9036534]},"properties":{"hgv":"destination"}},{"type":"Feature","geometry":{"type":"Point","coordinates":[6.9234079,50.9044794]},"properties":{"hgv":"destination"}},{"type":"Feature","geometry":{"type":"Point","coordinates":[6.1028927,50.7772572]},"properties":{"maxlength":"10"}},{"type":"Feature","geometry":{"type":"Point","coordinates":[6.9043514,50.9374172]},"properties":{"maxheight":"3.5"}},{"type":"Feature","geometry":{"type":"Point","coordinates":[6.8288832,50.9541114]},"properties":{"hgv":"destination"}},{"type":"Feature","geometry":{"type":"Point","coordinates":[6.837732,50.0319366]},"properties":{"maxlength":"10"}},{"type":"Feature","geometry":{"type":"Point","coordinates":[6.7241904,50.1019467]},"properties":{"hgv":"no"}},{"type":"Feature","geometry":{"type":"Point","coordinates":[6.3524811,50.1423708]},"properties":{"maxweightrating:hgv":"7.5"}},{"type":"Feature","geometry":{"type":"Point","coordinates":[6.9425131,50.9353084]},"properties":{"maxheight":"3.5","maxweight":"6"}},{"type":"Feature","geometry":{"type":"Point","coordinates":[6.9778337,50.9423382]},"properties":{"maxheight":"4.1"}},{"type":"Feature","geometry":{"type":"Point","coordinates":[6.9283959,50.9439374]},"properties":{"maxweight":"2.5"}},{"type":"Feature","geometry":{"type":"Point","coordinates":[6.9281662,50.9438849]},"properties":{"maxweight":"2.5"}},{"type":"Feature","geometry":{"type":"Point","coordinates":[6.8904215,50.9345034]},"properties":{"hgv":"destination"}},{"type":"Feature","geometry":{"type":"Point","coordinates":[6.8509375,50.9232576]},"properties":{"maxheight":"2.2"}},{"type":"Feature","geometry":{"type":"Point","coordinates":[6.8509598,50.9232133]},"properties":{"maxheight":"2.2"}},{"type":"Feature","geometry":{"type":"Point","coordinates":[6.1045591,50.7964771]},"properties":{"hgv":"no","maxweight":"3.5"}},{"type":"Feature","geometry":{"type":"Point","coordinates":[6.0516161,50.8014785]},"properties":{"maxweight":"7.5"}},{"type":"Feature","geometry":{"type":"Point","coordinates":[6.0677024,50.7702887]},"properties":{"maxheight":"4"}},{"type":"Feature","geometry":{"type":"Point","coordinates":[6.9675636,50.7392053]},"properties":{"hgv":"no"}},{"type":"Feature","geometry":{"type":"Point","coordinates":[6.8686248,50.7693975]},"properties":{"hgv":"no"}},{"type":"Feature","geometry":{"type":"Point","coordinates":[6.9951849,50.9586007]},"properties":{"hgv":"destination"}},{"type":"Feature","geometry":{"type":"Point","coordinates":[6.7456543,50.6051932]},"properties":{"maxheight":"3"}},{"type":"Feature","geometry":{"type":"Point","coordinates":[6.0934292,50.7593683]},"properties":{"maxheight":"2.9"}},{"type":"Feature","geometry":{"type":"Point","coordinates":[6.659544,50.5645632]},"properties":{"maxheight":"2"}},{"type":"Feature","geometry":{"type":"Point","coordinates":[6.4112398,50.9059804]},"properties":{"maxheight":"3"}},{"type":"Feature","geometry":{"type":"Point","coordinates":[6.7593143,50.8379726]},"properties":{"maxheight":"default"}},{"type":"Feature","geometry":{"type":"Point","coordinates":[6.7605834,50.8364944]},"properties":{"maxheight":"default"}},{"type":"Feature","geometry":{"type":"Point","coordinates":[6.4418752,50.0168735]},"properties":{"maxlength":"6"}},{"type":"Feature","geometry":{"type":"Point","coordinates":[6.8807476,50.9659864]},"properties":{"hgv":"destination"}},{"type":"Feature","geometry":{"type":"Point","coordinates":[6.8808868,50.9661026]},"properties":{"hgv":"destination"}},{"type":"Feature","geometry":{"type":"Point","coordinates":[6.8805574,50.9658748]},"properties":{"hgv":"destination"}},{"type":"Feature","geometry":{"type":"Point","coordinates":[6.8810866,50.9662876]},"properties":{"hgv":"destination"}},{"type":"Feature","geometry":{"type":"Point","coordinates":[6.8811846,50.9663782]},"properties":{"hgv":"destination"}},{"type":"Feature","geometry":{"type":"Point","coordinates":[6.8471599,50.9261551]},"properties":{"maxheight":"default"}},{"type":"Feature","geometry":{"type":"Point","coordinates":[6.3454508,50.9445729]},"properties":{"maxheight":"default"}},{"type":"Feature","geometry":{"type":"Point","coordinates":[6.2678337,50.8320181]},"properties":{"hgv":"no"}},{"type":"Feature","geometry":{"type":"Point","coordinates":[6.6500635,50.591707]},"properties":{"maxheight":"2","maxweight":"2.5"}},{"type":"Feature","geometry":{"type":"Point","coordinates":[6.9858307,50.8153636]},"properties":{"maxheight":"5"}},{"type":"Feature","geometry":{"type":"Point","coordinates":[6.4781671,50.7718867]},"properties":{"hgv":"destination"}},{"type":"Feature","geometry":{"type":"Point","coordinates":[6.4780614,50.7720809]},"properties":{"hgv":"destination"}},{"type":"Feature","geometry":{"type":"Point","coordinates":[6.8956155,50.8309895]},"properties":{"maxheight":"none"}},{"type":"Feature","geometry":{"type":"Point","coordinates":[6.8961071,50.831015]},"properties":{"maxheight":"none"}},{"type":"Feature","geometry":{"type":"Point","coordinates":[6.9945037,50.7611733]},"properties":{"hgv":"delivery"}},{"type":"Feature","geometry":{"type":"Point","coordinates":[6.9949727,50.7610411]},"properties":{"hgv":"delivery"}},{"type":"Feature","geometry":{"type":"Point","coordinates":[6.2332351,50.5711014]},"properties":{"maxweight":"3.5"}},{"type":"Feature","geometry":{"type":"Point","coordinates":[6.2855228,50.8107575]},"properties":{"maxheight":"5.5"}},{"type":"Feature","geometry":{"type":"Point","coordinates":[6.2847638,50.8064823]},"properties":{"maxheight":"4.2"}},{"type":"Feature","geometry":{"type":"Point","coordinates":[6.2847725,50.8069964]},"properties":{"maxheight":"4.2"}},{"type":"Feature","geometry":{"type":"Point","coordinates":[6.2864423,50.8058985]},"properties":{"hgv":"no"}},{"type":"Feature","geometry":{"type":"Point","coordinates":[6.9528833,50.9551346]},"properties":{"maxheight":"3.8"}},{"type":"Feature","geometry":{"type":"Point","coordinates":[6.2536579,50.8191558]},"properties":{"hgv":"destination"}},{"type":"Feature","geometry":{"type":"Point","coordinates":[6.2522596,50.8175371]},"properties":{"hgv":"destination"}},{"type":"Feature","geometry":{"type":"Point","coordinates":[6.6591932,50.9930967]},"properties":{"hgv":"destination"}},{"type":"Feature","geometry":{"type":"Point","coordinates":[6.3836141,50.7112525]},"properties":{"hgv":"agricultural"}},{"type":"Feature","geometry":{"type":"Point","coordinates":[6.2339782,50.5514587]},"properties":{"hgv":"destination"}},{"type":"Feature","geometry":{"type":"Point","coordinates":[6.6311139,50.6165227]},"properties":{"hgv":"no"}},{"type":"Feature","geometry":{"type":"Point","coordinates":[6.9179702,50.9239774]},"properties":{"maxheight":"3.25"}},{"type":"Feature","geometry":{"type":"Point","coordinates":[6.630007,50.9458561]},"properties":{"maxheight":"default","maxweight":"16"}},{"type":"Feature","geometry":{"type":"Point","coordinates":[6.6299585,50.9458479]},"properties":{"maxweight":"16"}},{"type":"Feature","geometry":{"type":"Point","coordinates":[6.8080266,50.267515]},"properties":{"hgv":"destination"}},{"type":"Feature","geometry":{"type":"Point","coordinates":[6.660071,50.9936242]},"properties":{"hgv":"destination"}},{"type":"Feature","geometry":{"type":"Point","coordinates":[6.6607296,50.9940511]},"properties":{"hgv":"destination"}},{"type":"Feature","geometry":{"type":"Point","coordinates":[6.6592973,50.9989771]},"properties":{"maxheight":"4.1"}},{"type":"Feature","geometry":{"type":"Point","coordinates":[6.6600005,50.9986284]},"properties":{"maxheight":"4.1"}},{"type":"Feature","geometry":{"type":"Point","coordinates":[6.4704398,50.8014444]},"properties":{"maxheight":"3.5"}},{"type":"Feature","geometry":{"type":"Point","coordinates":[6.2691721,50.8230787]},"properties":{"hgv":"destination"}},{"type":"Feature","geometry":{"type":"Point","coordinates":[6.2702905,50.8238892]},"properties":{"hgv":"destination"}},{"type":"Feature","geometry":{"type":"Point","coordinates":[6.4863973,50.7978996]},"properties":{"maxheight":"2.2","maxweight":"2.5"}},{"type":"Feature","geometry":{"type":"Point","coordinates":[6.9141717,50.9515495]},"properties":{"maxheight":"below_default"}},{"type":"Feature","geometry":{"type":"Point","coordinates":[6.578456,50.8613391]},"properties":{"hgv":"no"}},{"type":"Feature","geometry":{"type":"Point","coordinates":[6.5671043,50.9337241]},"properties":{"maxweight":"2.8"}},{"type":"Feature","geometry":{"type":"Point","coordinates":[6.7700445,50.9289011]},"properties":{"hgv":"designated"}},{"type":"Feature","geometry":{"type":"Point","coordinates":[6.7747454,50.9290589]},"properties":{"hgv":"no"}},{"type":"Feature","geometry":{"type":"Point","coordinates":[6.6687102,50.983718]},"properties":{"hgv":"destination"}},{"type":"Feature","geometry":{"type":"Point","coordinates":[6.668433,50.9837431]},"properties":{"hgv":"destination"}},{"type":"Feature","geometry":{"type":"Point","coordinates":[6.5467697,50.8132691]},"properties":{"hgv":"no"}},{"type":"Feature","geometry":{"type":"Point","coordinates":[6.5512957,50.8145638]},"properties":{"hgv":"no"}},{"type":"Feature","geometry":{"type":"Point","coordinates":[6.6700621,50.9864038]},"properties":{"hgv":"destination"}},{"type":"Feature","geometry":{"type":"Point","coordinates":[6.6710797,50.982989]},"properties":{"hgv":"destination"}},{"type":"Feature","geometry":{"type":"Point","coordinates":[6.6709308,50.9830528]},"properties":{"hgv":"destination"}},{"type":"Feature","geometry":{"type":"Point","coordinates":[6.5240004,50.8267986]},"properties":{"hgv":"destination"}},{"type":"Feature","geometry":{"type":"Point","coordinates":[6.6726015,50.9828012]},"properties":{"hgv":"destination"}},{"type":"Feature","geometry":{"type":"Point","coordinates":[6.6757984,50.9830742]},"properties":{"hgv":"destination"}},{"type":"Feature","geometry":{"type":"Point","coordinates":[6.9298682,50.9653616]},"properties":{"maxweight":"2.8"}},{"type":"Feature","geometry":{"type":"Point","coordinates":[6.5250143,50.8370068]},"properties":{"maxheight":"4"}},{"type":"Feature","geometry":{"type":"Point","coordinates":[6.9378997,50.7311543]},"properties":{"hgv":"agricultural"}},{"type":"Feature","geometry":{"type":"Point","coordinates":[6.655192,50.5931379]},"properties":{"hgv":"destination"}},{"type":"Feature","geometry":{"type":"Point","coordinates":[6.655222,50.5930287]},"properties":{"hgv":"destination"}},{"type":"Feature","geometry":{"type":"Point","coordinates":[6.0861835,50.7600499]},"properties":{"maxheight":"3.5"}},{"type":"Feature","geometry":{"type":"Point","coordinates":[6.983259,50.9130834]},"properties":{"maxweight":"3.5"}},{"type":"Feature","geometry":{"type":"Point","coordinates":[6.8709149,50.615653]},"properties":{"maxweight":"3.5"}},{"type":"Feature","geometry":{"type":"Point","coordinates":[6.8701159,50.6185857]},"properties":{"maxweight":"3.5"}},{"type":"Feature","geometry":{"type":"Point","coordinates":[6.8698219,50.620459]},"properties":{"maxweight":"3.5"}},{"type":"Feature","geometry":{"type":"Point","coordinates":[6.8699989,50.6206679]},"properties":{"maxweight":"3.5"}},{"type":"Feature","geometry":{"type":"Point","coordinates":[6.8324044,50.7482196]},"properties":{"maxheight":"2.9"}},{"type":"Feature","geometry":{"type":"Point","coordinates":[6.7694303,50.6412265]},"properties":{"maxwidth":"3.2"}},{"type":"Feature","geometry":{"type":"Point","coordinates":[6.9406723,50.6439531]},"properties":{"hgv":"no"}},{"type":"Feature","geometry":{"type":"Point","coordinates":[6.9407937,50.6438982]},"properties":{"hgv":"no"}},{"type":"Feature","geometry":{"type":"Point","coordinates":[6.9412118,50.6437385]},"properties":{"hgv":"no"}},{"type":"Feature","geometry":{"type":"Point","coordinates":[6.8308879,50.7762497]},"properties":{"maxheight":"4"}},{"type":"Feature","geometry":{"type":"Point","coordinates":[6.8323112,50.7749101]},"properties":{"maxheight":"4"}},{"type":"Feature","geometry":{"type":"Point","coordinates":[6.8344572,50.7661662]},"properties":{"maxheight":"3"}},{"type":"Feature","geometry":{"type":"Point","coordinates":[6.7984932,50.8084053]},"properties":{"maxheight":"2.2"}},{"type":"Feature","geometry":{"type":"Point","coordinates":[6.8007291,50.8043605]},"properties":{"maxheight":"2.2"}},{"type":"Feature","geometry":{"type":"Point","coordinates":[6.7913507,50.8108725]},"properties":{"hgv":"no","maxweight":"16"}},{"type":"Feature","geometry":{"type":"Point","coordinates":[6.7683217,50.8428729]},"properties":{"maxweight":"20"}},{"type":"Feature","geometry":{"type":"Point","coordinates":[6.7314908,50.8648887]},"properties":{"maxheight":"2.1"}},{"type":"Feature","geometry":{"type":"Point","coordinates":[6.9121398,50.8301444]},"properties":{"maxheight":"none"}},{"type":"Feature","geometry":{"type":"Point","coordinates":[6.2852468,50.781375]},"properties":{"hgv":"destination"}},{"type":"Feature","geometry":{"type":"Point","coordinates":[6.8114228,50.8117749]},"properties":{"hgv":"destination"}},{"type":"Feature","geometry":{"type":"Point","coordinates":[6.2143084,50.8554248]},"properties":{"maxweight":"3.5"}},{"type":"Feature","geometry":{"type":"Point","coordinates":[6.7085888,50.915708]},"properties":{"maxheight":"2.9"}},{"type":"Feature","geometry":{"type":"Point","coordinates":[6.9301843,50.7011735]},"properties":{"hgv":"destination"}},{"type":"Feature","geometry":{"type":"Point","coordinates":[6.1430248,50.8424315]},"properties":{"maxheight":"default"}},{"type":"Feature","geometry":{"type":"Point","coordinates":[6.4437524,50.9047386]},"properties":{"hgv":"destination"}},{"type":"Feature","geometry":{"type":"Point","coordinates":[6.4417573,50.9056443]},"properties":{"hgv":"destination"}},{"type":"Feature","geometry":{"type":"Point","coordinates":[6.1218119,50.7957952]},"properties":{"maxweight":"7"}},{"type":"Feature","geometry":{"type":"Point","coordinates":[6.478207,50.8115819]},"properties":{"hgv":"destination"}},{"type":"Feature","geometry":{"type":"Point","coordinates":[6.2338487,50.8990052]},"properties":{"hgv":"delivery"}},{"type":"Feature","geometry":{"type":"Point","coordinates":[6.9410234,50.6437889]},"properties":{"hgv":"no"}},{"type":"Feature","geometry":{"type":"Point","coordinates":[6.8334996,50.9395526]},"properties":{"hgv":"destination"}},{"type":"Feature","geometry":{"type":"Point","coordinates":[6.6374492,50.9531091]},"properties":{"maxheight":"3"}},{"type":"Feature","geometry":{"type":"Point","coordinates":[6.8842327,50.0975384]},"properties":{"hgv":"no"}},{"type":"Feature","geometry":{"type":"Point","coordinates":[6.9118899,50.0496554]},"properties":{"hgv":"no"}},{"type":"Feature","geometry":{"type":"Point","coordinates":[6.9125497,50.047754]},"properties":{"hgv":"no"}},{"type":"Feature","geometry":{"type":"Point","coordinates":[6.9972956,50.9343234]},"properties":{"maxheight":"default"}},{"type":"Feature","geometry":{"type":"Point","coordinates":[6.9971053,50.9336833]},"properties":{"maxheight":"default"}},{"type":"Feature","geometry":{"type":"Point","coordinates":[6.4106726,50.8881846]},"properties":{"maxweight":"5.5"}},{"type":"Feature","geometry":{"type":"Point","coordinates":[6.4110519,50.8883018]},"properties":{"maxweight":"5.5"}},{"type":"Feature","geometry":{"type":"Point","coordinates":[6.9895836,50.9210636]},"properties":{"hgv":"no"}},{"type":"Feature","geometry":{"type":"Point","coordinates":[6.9611179,50.9335148]},"properties":{"maxheight":"3.5"}},{"type":"Feature","geometry":{"type":"Point","coordinates":[6.3179917,50.9264432]},"properties":{"maxweight":"7.5"}},{"type":"Feature","geometry":{"type":"Point","coordinates":[6.9601827,50.6249693]},"properties":{"maxheight":"default"}},{"type":"Feature","geometry":{"type":"Point","coordinates":[6.9605191,50.6249475]},"properties":{"maxheight":"default"}},{"type":"Feature","geometry":{"type":"Point","coordinates":[6.0531551,50.8001079]},"properties":{"hgv":"destination"}},{"type":"Feature","geometry":{"type":"Point","coordinates":[6.054499,50.8026098]},"properties":{"hgv":"destination"}},{"type":"Feature","geometry":{"type":"Point","coordinates":[6.95451,50.9438611]},"properties":{"maxheight":"3"}},{"type":"Feature","geometry":{"type":"Point","coordinates":[6.8981833,50.8285819]},"properties":{"maxweight":"11.5"}},{"type":"Feature","geometry":{"type":"Point","coordinates":[6.9057734,50.9420519]},"properties":{"maxheight":"3.6"}},{"type":"Feature","geometry":{"type":"Point","coordinates":[6.9057873,50.9421181]},"properties":{"maxheight":"3.6"}},{"type":"Feature","geometry":{"type":"Point","coordinates":[6.9057915,50.9421378]},"properties":{"maxheight":"3.6"}},{"type":"Feature","geometry":{"type":"Point","coordinates":[6.9183855,50.2867293]},"properties":{"hgv":"delivery"}},{"type":"Feature","geometry":{"type":"Point","coordinates":[6.9178552,50.288851]},"properties":{"hgv":"delivery"}},{"type":"Feature","geometry":{"type":"Point","coordinates":[6.9178873,50.2888928]},"properties":{"hgv":"delivery"}},{"type":"Feature","geometry":{"type":"Point","coordinates":[6.9031974,50.8261808]},"properties":{"maxheight":"2.95","maxwidth":"2.7"}},{"type":"Feature","geometry":{"type":"Point","coordinates":[6.3436594,50.9976938]},"properties":{"hgv":"destination"}},{"type":"Feature","geometry":{"type":"Point","coordinates":[6.9563193,50.9321669]},"properties":{"maxweight":"7.50"}},{"type":"Feature","geometry":{"type":"Point","coordinates":[6.9382513,50.9200382]},"properties":{"maxweightrating:hgv":"7.5"}},{"type":"Feature","geometry":{"type":"Point","coordinates":[6.9033866,50.9267304]},"properties":{"maxheight":"3.6"}},{"type":"Feature","geometry":{"type":"Point","coordinates":[6.978277,50.9606513]},"properties":{"maxheight":"default"}},{"type":"Feature","geometry":{"type":"Point","coordinates":[6.8560604,50.9393149]},"properties":{"maxheight":"2"}},{"type":"Feature","geometry":{"type":"Point","coordinates":[6.4517426,50.2301252]},"properties":{"maxheight":"3.7"}},{"type":"Feature","geometry":{"type":"Point","coordinates":[6.7094553,50.6077185]},"properties":{"hgv":"no"}},{"type":"Feature","geometry":{"type":"Point","coordinates":[6.7103769,50.6090849]},"properties":{"hgv":"designated"}},{"type":"Feature","geometry":{"type":"Point","coordinates":[6.0973774,50.7533157]},"properties":{"maxweight":"2"}},{"type":"Feature","geometry":{"type":"Point","coordinates":[6.097413,50.7532767]},"properties":{"maxweight":"2"}},{"type":"Feature","geometry":{"type":"Point","coordinates":[6.5646456,50.9308799]},"properties":{"maxweight":"2.8"}},{"type":"Feature","geometry":{"type":"Point","coordinates":[6.78783,50.1644586]},"properties":{"hgv":"destination"}},{"type":"Feature","geometry":{"type":"Point","coordinates":[6.0651803,50.7817436]},"properties":{"hgv":"no"}},{"type":"Feature","geometry":{"type":"Point","coordinates":[6.0656051,50.7816134]},"properties":{"hgv":"no"}},{"type":"Feature","geometry":{"type":"Point","coordinates":[6.0670434,50.7811223]},"properties":{"hgv":"no"}},{"type":"Feature","geometry":{"type":"Point","coordinates":[6.9558276,50.9315533]},"properties":{"maxweight":"7.50"}},{"type":"Feature","geometry":{"type":"Point","coordinates":[6.9960402,50.8808833]},"properties":{"maxheight":"3.2"}},{"type":"Feature","geometry":{"type":"Point","coordinates":[6.8964374,50.9458192]},"properties":{"maxheight":"3.4"}},{"type":"Feature","geometry":{"type":"Point","coordinates":[6.8977112,50.9452076]},"properties":{"maxheight":"3.4"}},{"type":"Feature","geometry":{"type":"Point","coordinates":[6.9361674,50.9898395]},"properties":{"maxweight":"3.5"}},{"type":"Feature","geometry":{"type":"Point","coordinates":[6.9709781,50.9366487]},"properties":{"hgv":"no"}},{"type":"Feature","geometry":{"type":"Point","coordinates":[6.5199681,50.8380339]},"properties":{"hgv":"agricultural"}},{"type":"Feature","geometry":{"type":"Point","coordinates":[6.0159399,50.8416631]},"properties":{"maxheight":"default"}},{"type":"Feature","geometry":{"type":"Point","coordinates":[6.0157216,50.8415684]},"properties":{"maxheight":"default"}},{"type":"Feature","geometry":{"type":"Point","coordinates":[6.0766843,50.7721858]},"properties":{"maxheight":"3"}},{"type":"Feature","geometry":{"type":"Point","coordinates":[6.9921359,50.915524]},"properties":{"hgv":"destination"}},{"type":"Feature","geometry":{"type":"Point","coordinates":[6.9919981,50.9148633]},"properties":{"hgv":"destination"}},{"type":"Feature","geometry":{"type":"Point","coordinates":[6.7643928,50.5588025]},"properties":{"hgv":"no"}},{"type":"Feature","geometry":{"type":"Point","coordinates":[6.7642696,50.5570956]},"properties":{"hgv":"no"}},{"type":"Feature","geometry":{"type":"Point","coordinates":[6.9606085,50.9284206]},"properties":{"hgv":"delivery","maxweightrating:hgv":"7.5"}},{"type":"Feature","geometry":{"type":"Point","coordinates":[6.9862501,50.9482124]},"properties":{"maxheight":"default"}},{"type":"Feature","geometry":{"type":"Point","coordinates":[6.254404,50.8040065]},"properties":{"hgv":"destination"}},{"type":"Feature","geometry":{"type":"Point","coordinates":[6.9877467,50.9105395]},"properties":{"hgv":"destination"}},{"type":"Feature","geometry":{"type":"Point","coordinates":[6.9887866,50.910983]},"properties":{"hgv":"destination"}},{"type":"Feature","geometry":{"type":"Point","coordinates":[6.9884385,50.9106473]},"properties":{"maxweight":"3.5"}},{"type":"Feature","geometry":{"type":"Point","coordinates":[6.9884941,50.9106036]},"properties":{"maxweight":"3.5"}},{"type":"Feature","geometry":{"type":"Point","coordinates":[6.9883277,50.9107364]},"properties":{"maxweight":"3.5"}},{"type":"Feature","geometry":{"type":"Point","coordinates":[6.9884941,50.9106036]},"properties":{"maxweight":"3.5"}},{"type":"Feature","geometry":{"type":"Point","coordinates":[6.9886933,50.9105961]},"properties":{"maxweight":"3.5"}},{"type":"Feature","geometry":{"type":"Point","coordinates":[6.902214,50.9607353]},"properties":{"hgv":"destination"}},{"type":"Feature","geometry":{"type":"Point","coordinates":[6.9720014,50.931171]},"properties":{"maxheight":"default"}},{"type":"Feature","geometry":{"type":"Point","coordinates":[6.9713798,50.9319967]},"properties":{"maxheight":"default"}},{"type":"Feature","geometry":{"type":"Point","coordinates":[6.9708191,50.9345201]},"properties":{"maxheight":"default"}},{"type":"Feature","geometry":{"type":"Point","coordinates":[6.1501258,50.7829872]},"properties":{"hgv":"destination","maxweight":"7.5"}},{"type":"Feature","geometry":{"type":"Point","coordinates":[6.6497119,50.692077]},"properties":{"maxheight":"2.8"}},{"type":"Feature","geometry":{"type":"Point","coordinates":[6.9813225,50.2121327]},"properties":{"maxwidth":"0.7"}},{"type":"Feature","geometry":{"type":"Point","coordinates":[6.9815528,50.2119822]},"properties":{"maxwidth":"0.7"}},{"type":"Feature","geometry":{"type":"Point","coordinates":[6.9612877,50.9301274]},"properties":{"maxheight":"default"}},{"type":"Feature","geometry":{"type":"Point","coordinates":[6.9613004,50.930089]},"properties":{"maxheight":"default"}},{"type":"Feature","geometry":{"type":"Point","coordinates":[6.9556971,50.9317655]},"properties":{"maxweight":"7.50"}},{"type":"Feature","geometry":{"type":"Point","coordinates":[6.7653519,50.5812397]},"properties":{"maxweight":"3.5"}},{"type":"Feature","geometry":{"type":"Point","coordinates":[6.9736826,50.9560556]},"properties":{"maxheight":"default"}},{"type":"Feature","geometry":{"type":"Point","coordinates":[6.6724629,50.8661036]},"properties":{"hgv":"destination"}},{"type":"Feature","geometry":{"type":"Point","coordinates":[6.8258967,50.6996729]},"properties":{"hgv":"yes"}},{"type":"Feature","geometry":{"type":"Point","coordinates":[6.870477,50.6141217]},"properties":{"hgv":"no"}},{"type":"Feature","geometry":{"type":"Point","coordinates":[6.8707086,50.6131995]},"properties":{"hgv":"no"}},{"type":"Feature","geometry":{"type":"Point","coordinates":[6.0664871,50.7910335]},"properties":{"maxheight":"2.1"}},{"type":"Feature","geometry":{"type":"Point","coordinates":[6.6958231,50.9091465]},"properties":{"maxheight":"no_sign"}},{"type":"Feature","geometry":{"type":"Point","coordinates":[6.0664054,50.7904895]},"properties":{"maxheight":"2.1"}},{"type":"Feature","geometry":{"type":"Point","coordinates":[6.8170733,50.8216641]},"properties":{"maxheight":"default"}},{"type":"Feature","geometry":{"type":"Point","coordinates":[6.8170299,50.821654]},"properties":{"maxheight":"default"}},{"type":"Feature","geometry":{"type":"Point","coordinates":[6.9527744,50.9357175]},"properties":{"maxheight":"3.8"}},{"type":"Feature","geometry":{"type":"Point","coordinates":[6.2467993,50.8208015]},"properties":{"maxheight":"default"}},{"type":"Feature","geometry":{"type":"Point","coordinates":[6.2477299,50.8209374]},"properties":{"maxheight":"default"}},{"type":"Feature","geometry":{"type":"Point","coordinates":[6.0255209,50.8169943]},"properties":{"hgv":"no"}},{"type":"Feature","geometry":{"type":"Point","coordinates":[6.0278165,50.8153671]},"properties":{"maxheight":"4.0"}},{"type":"Feature","geometry":{"type":"Point","coordinates":[6.0276459,50.8152805]},"properties":{"maxheight":"4.0"}},{"type":"Feature","geometry":{"type":"Point","coordinates":[6.0284577,50.8156928]},"properties":{"maxheight":"4.0"}},{"type":"Feature","geometry":{"type":"Point","coordinates":[6.7264844,50.1019765]},"properties":{"hgv":"no"}},{"type":"Feature","geometry":{"type":"Point","coordinates":[6.2143028,50.6817489]},"properties":{"maxweight":"2.5"}},{"type":"Feature","geometry":{"type":"Point","coordinates":[6.7530597,50.9687869]},"properties":{"maxweight":"2.8"}},{"type":"Feature","geometry":{"type":"Point","coordinates":[6.7532062,50.9687346]},"properties":{"maxweight":"2.8"}},{"type":"Feature","geometry":{"type":"Point","coordinates":[6.765459,50.5599227]},"properties":{"hgv":"no"}},{"type":"Feature","geometry":{"type":"Point","coordinates":[6.764827,50.5605636]},"properties":{"hgv":"no"}},{"type":"Feature","geometry":{"type":"Point","coordinates":[6.7662534,50.5539348]},"properties":{"hgv":"destination"}},{"type":"Feature","geometry":{"type":"Point","coordinates":[6.2841115,50.8055301]},"properties":{"maxweight":"3.5"}},{"type":"Feature","geometry":{"type":"Point","coordinates":[6.9133852,50.9963714]},"properties":{"hgv":"destination"}},{"type":"Feature","geometry":{"type":"Point","coordinates":[6.9922457,50.945661]},"properties":{"maxweight":"30"}},{"type":"Feature","geometry":{"type":"Point","coordinates":[6.9981774,50.946658]},"properties":{"maxweight":"30"}},{"type":"Feature","geometry":{"type":"Point","coordinates":[6.9964897,50.9465624]},"properties":{"maxweight":"30"}},{"type":"Feature","geometry":{"type":"Point","coordinates":[6.993882,50.9458338]},"properties":{"maxweight":"30"}},{"type":"Feature","geometry":{"type":"Point","coordinates":[6.3667143,50.9285698]},"properties":{"maxheight":"4.63"}},{"type":"Feature","geometry":{"type":"Point","coordinates":[6.4832955,50.7424042]},"properties":{"maxheight":"below_default"}},{"type":"Feature","geometry":{"type":"Point","coordinates":[6.9853724,50.9203687]},"properties":{"hgv":"delivery","maxheight":"3.8"}},{"type":"Feature","geometry":{"type":"Point","coordinates":[6.985064,50.9205863]},"properties":{"hgv":"delivery","maxheight":"3.8"}},{"type":"Feature","geometry":{"type":"Point","coordinates":[6.9862224,50.910416]},"properties":{"maxweight":"3.5"}},{"type":"Feature","geometry":{"type":"Point","coordinates":[6.985824,50.91075]},"properties":{"maxweight":"3.5"}},{"type":"Feature","geometry":{"type":"Point","coordinates":[6.9970778,50.933587]},"properties":{"maxheight":"default"}},{"type":"Feature","geometry":{"type":"Point","coordinates":[6.9970282,50.9334571]},"properties":{"maxheight":"default"}},{"type":"Feature","geometry":{"type":"Point","coordinates":[6.9967503,50.9326689]},"properties":{"maxheight":"default"}},{"type":"Feature","geometry":{"type":"Point","coordinates":[6.996655,50.9323781]},"properties":{"maxheight":"default"}},{"type":"Feature","geometry":{"type":"Point","coordinates":[6.9960912,50.9304329]},"properties":{"maxheight":"default"}},{"type":"Feature","geometry":{"type":"Point","coordinates":[6.9914515,50.916085]},"properties":{"hgv":"delivery","maxheight":"3.8"}},{"type":"Feature","geometry":{"type":"Point","coordinates":[6.9904458,50.9166473]},"properties":{"hgv":"delivery"}},{"type":"Feature","geometry":{"type":"Point","coordinates":[6.9838307,50.921414]},"properties":{"hgv":"delivery","maxheight":"3.8"}},{"type":"Feature","geometry":{"type":"Point","coordinates":[6.9601162,50.9414758]},"properties":{"maxheight":"4"}},{"type":"Feature","geometry":{"type":"Point","coordinates":[6.9597461,50.9405341]},"properties":{"maxheight":"default"}},{"type":"Feature","geometry":{"type":"Point","coordinates":[6.7913045,50.6597875]},"properties":{"hgv":"no @ (maxweight > 7.5)","maxweight":"3.5"}},{"type":"Feature","geometry":{"type":"Point","coordinates":[6.9652953,50.9057442]},"properties":{"maxheight":"1.9"}},{"type":"Feature","geometry":{"type":"Point","coordinates":[6.0255168,50.8174086]},"properties":{"hgv":"use_sidepath"}},{"type":"Feature","geometry":{"type":"Point","coordinates":[6.9395776,50.9056509]},"properties":{"hgv":"destination"}},{"type":"Feature","geometry":{"type":"Point","coordinates":[6.9539105,50.8443174]},"properties":{"hgv":"designated"}},{"type":"Feature","geometry":{"type":"Point","coordinates":[6.1588184,50.7523254]},"properties":{"hgv":"destination"}},{"type":"Feature","geometry":{"type":"Point","coordinates":[6.0696011,50.826515]},"properties":{"maxweight":"9"}},{"type":"Feature","geometry":{"type":"Point","coordinates":[6.9075025,50.8333866]},"properties":{"maxheight":"none"}},{"type":"Feature","geometry":{"type":"Point","coordinates":[6.7513614,50.253019]},"properties":{"hgv":"no"}},{"type":"Feature","geometry":{"type":"Point","coordinates":[6.1238789,50.9628972]},"properties":{"maxweight":"5.5"}},{"type":"Feature","geometry":{"type":"Point","coordinates":[6.8139551,50.9105938]},"properties":{"maxweight":"7.5"}},{"type":"Feature","geometry":{"type":"Point","coordinates":[6.9227416,50.8887938]},"properties":{"hgv":"designated"}},{"type":"Feature","geometry":{"type":"Point","coordinates":[6.9220895,50.889949]},"properties":{"hgv":"designated"}},{"type":"Feature","geometry":{"type":"Point","coordinates":[6.9224735,50.8891301]},"properties":{"hgv":"no","maxheight":"3"}},{"type":"Feature","geometry":{"type":"Point","coordinates":[6.9159022,50.8955954]},"properties":{"maxwidth":"2.1","maxweightrating":"3.5"}},{"type":"Feature","geometry":{"type":"Point","coordinates":[6.1012657,50.7796352]},"properties":{"hgv":"no"}},{"type":"Feature","geometry":{"type":"Point","coordinates":[6.1025498,50.7795849]},"properties":{"hgv":"no"}},{"type":"Feature","geometry":{"type":"Point","coordinates":[6.1976888,50.8106399]},"properties":{"maxheight":"2.8"}},{"type":"Feature","geometry":{"type":"Point","coordinates":[6.2700303,50.8318584]},"properties":{"hgv":"no"}},{"type":"Feature","geometry":{"type":"Point","coordinates":[6.9718606,50.9389192]},"properties":{"maxheight":"default"}},{"type":"Feature","geometry":{"type":"Point","coordinates":[6.2025213,50.9221292]},"properties":{"hgv":"delivery"}},{"type":"Feature","geometry":{"type":"Point","coordinates":[6.9384468,50.9568851]},"properties":{"maxheight":"4"}},{"type":"Feature","geometry":{"type":"Point","coordinates":[6.9181171,50.2879871]},"properties":{"hgv":"delivery"}},{"type":"Feature","geometry":{"type":"Point","coordinates":[6.9599935,50.9430133]},"properties":{"maxheight":"default"}},{"type":"Feature","geometry":{"type":"Point","coordinates":[6.9599672,50.9429627]},"properties":{"maxheight":"default"}},{"type":"Feature","geometry":{"type":"Point","coordinates":[6.9103825,50.8904704]},"properties":{"hgv":"no"}},{"type":"Feature","geometry":{"type":"Point","coordinates":[6.891505,50.9468824]},"properties":{"maxheight":"3.8"}},{"type":"Feature","geometry":{"type":"Point","coordinates":[6.95003,50.9557777]},"properties":{"maxweight":"5.5"}},{"type":"Feature","geometry":{"type":"Point","coordinates":[6.9974446,50.760663]},"properties":{"maxweightrating:hgv":"none @ (hgv=delivery)"}},{"type":"Feature","geometry":{"type":"Point","coordinates":[6.2786204,50.8988707]},"properties":{"hgv":"no"}},{"type":"Feature","geometry":{"type":"Point","coordinates":[6.2781456,50.8985961]},"properties":{"hgv":"no"}},{"type":"Feature","geometry":{"type":"Point","coordinates":[6.2781867,50.8986199]},"properties":{"hgv":"no"}},{"type":"Feature","geometry":{"type":"Point","coordinates":[6.2785654,50.8988389]},"properties":{"hgv":"no"}},{"type":"Feature","geometry":{"type":"Point","coordinates":[6.2781802,50.8984608]},"properties":{"hgv":"no"}},{"type":"Feature","geometry":{"type":"Point","coordinates":[6.278208,50.8984425]},"properties":{"hgv":"no"}},{"type":"Feature","geometry":{"type":"Point","coordinates":[6.2780861,50.8985507]},"properties":{"hgv":"no"}},{"type":"Feature","geometry":{"type":"Point","coordinates":[6.2781532,50.8984809]},"properties":{"hgv":"no"}},{"type":"Feature","geometry":{"type":"Point","coordinates":[6.2781802,50.8984608]},"properties":{"hgv":"no"}},{"type":"Feature","geometry":{"type":"Point","coordinates":[6.2783037,50.8985308]},"properties":{"hgv":"no"}},{"type":"Feature","geometry":{"type":"Point","coordinates":[6.2783058,50.8983958]},"properties":{"hgv":"no"}},{"type":"Feature","geometry":{"type":"Point","coordinates":[6.2783926,50.8984218]},"properties":{"hgv":"no"}},{"type":"Feature","geometry":{"type":"Point","coordinates":[6.2784427,50.8984507]},"properties":{"hgv":"no"}},{"type":"Feature","geometry":{"type":"Point","coordinates":[6.2788064,50.8986609]},"properties":{"hgv":"no"}},{"type":"Feature","geometry":{"type":"Point","coordinates":[6.2792486,50.8989173]},"properties":{"hgv":"no"}},{"type":"Feature","geometry":{"type":"Point","coordinates":[6.279211,50.8988955]},"properties":{"hgv":"no"}},{"type":"Feature","geometry":{"type":"Point","coordinates":[6.2790345,50.899105]},"properties":{"hgv":"no"}},{"type":"Feature","geometry":{"type":"Point","coordinates":[6.2789773,50.8990771]},"properties":{"hgv":"no"}},{"type":"Feature","geometry":{"type":"Point","coordinates":[6.2786942,50.8987586]},"properties":{"hgv":"no"}},{"type":"Feature","geometry":{"type":"Point","coordinates":[6.2787121,50.8987691]},"properties":{"hgv":"no"}},{"type":"Feature","geometry":{"type":"Point","coordinates":[6.2731454,50.0835951]},"properties":{"maxheight":"2.7"}},{"type":"Feature","geometry":{"type":"Point","coordinates":[6.8486698,50.9203501]},"properties":{"hgv":"designated"}},{"type":"Feature","geometry":{"type":"Point","coordinates":[6.3177161,50.9109595]},"properties":{"maxheight":"default"}},{"type":"Feature","geometry":{"type":"Point","coordinates":[6.3176443,50.9109229]},"properties":{"maxheight":"default"}},{"type":"Feature","geometry":{"type":"Point","coordinates":[6.3183378,50.9111276]},"properties":{"maxheight":"default"}},{"type":"Feature","geometry":{"type":"Point","coordinates":[6.3178309,50.9108614]},"properties":{"maxheight":"default"}},{"type":"Feature","geometry":{"type":"Point","coordinates":[6.3231741,50.9138306]},"properties":{"maxheight":"default"}},{"type":"Feature","geometry":{"type":"Point","coordinates":[6.3232899,50.9139072]},"properties":{"maxheight":"default"}},{"type":"Feature","geometry":{"type":"Point","coordinates":[6.322359,50.9134986]},"properties":{"maxheight":"default"}},{"type":"Feature","geometry":{"type":"Point","coordinates":[6.3230453,50.9139116]},"properties":{"maxheight":"default"}},{"type":"Feature","geometry":{"type":"Point","coordinates":[6.3235675,50.9140786]},"properties":{"maxheight":"default"}},{"type":"Feature","geometry":{"type":"Point","coordinates":[6.3236875,50.9141527]},"properties":{"maxheight":"default"}},{"type":"Feature","geometry":{"type":"Point","coordinates":[6.3231663,50.9139828]},"properties":{"maxheight":"default"}},{"type":"Feature","geometry":{"type":"Point","coordinates":[6.3234432,50.9141551]},"properties":{"maxheight":"default"}},{"type":"Feature","geometry":{"type":"Point","coordinates":[6.3410849,50.9991562]},"properties":{"hgv":"destination"}},{"type":"Feature","geometry":{"type":"Point","coordinates":[6.7751516,50.9290983]},"properties":{"hgv":"no"}},{"type":"Feature","geometry":{"type":"Point","coordinates":[6.1095103,50.7793708]},"properties":{"maxheight":"default"}},{"type":"Feature","geometry":{"type":"Point","coordinates":[6.0613547,50.8112059]},"properties":{"hgv":"destination"}},{"type":"Feature","geometry":{"type":"Point","coordinates":[6.913556,50.8433653]},"properties":{"maxheight":"none"}},{"type":"Feature","geometry":{"type":"Point","coordinates":[6.9139103,50.8437754]},"properties":{"maxheight":"none"}},{"type":"Feature","geometry":{"type":"Point","coordinates":[6.9223982,50.8894445]},"properties":{"hgv":"designated"}},{"type":"Feature","geometry":{"type":"Point","coordinates":[6.2025235,50.8662662]},"properties":{"maxheight":"4 m"}},{"type":"Feature","geometry":{"type":"Point","coordinates":[6.1190498,50.7697915]},"properties":{"maxheight":"3.9"}},{"type":"Feature","geometry":{"type":"Point","coordinates":[6.1639973,50.804555]},"properties":{"maxheight":"default"}},{"type":"Feature","geometry":{"type":"Point","coordinates":[6.9668915,50.8849161]},"properties":{"maxheight":"default"}},{"type":"Feature","geometry":{"type":"Point","coordinates":[6.9689504,50.8854536]},"properties":{"maxheight":"default"}},{"type":"Feature","geometry":{"type":"Point","coordinates":[6.1236791,50.7978795]},"properties":{"maxwidth":"1.9"}},{"type":"Feature","geometry":{"type":"Point","coordinates":[6.942545,50.9556949]},"properties":{"maxheight":"3.7"}},{"type":"Feature","geometry":{"type":"Point","coordinates":[6.2187993,50.7663468]},"properties":{"maxheight":"none"}},{"type":"Feature","geometry":{"type":"Point","coordinates":[6.5942558,50.9710072]},"properties":{"hgv":"destination"}},{"type":"Feature","geometry":{"type":"Point","coordinates":[6.0489702,50.7818705]},"properties":{"maxheight":"4"}},{"type":"Feature","geometry":{"type":"Point","coordinates":[6.4927276,50.8570159]},"properties":{"maxweight":"30"}},{"type":"Feature","geometry":{"type":"Point","coordinates":[6.9240696,50.9039116]},"properties":{"hgv":"destination"}},{"type":"Feature","geometry":{"type":"Point","coordinates":[6.2809863,50.7804027]},"properties":{"hgv":"destination"}},{"type":"Feature","geometry":{"type":"Point","coordinates":[6.286965,50.7820793]},"properties":{"maxweight":"2.8 t"}},{"type":"Feature","geometry":{"type":"Point","coordinates":[6.2885564,50.782034]},"properties":{"hgv":"destination"}},{"type":"Feature","geometry":{"type":"Point","coordinates":[6.2885841,50.7820424]},"properties":{"hgv":"destination"}},{"type":"Feature","geometry":{"type":"Point","coordinates":[6.1083372,50.841411]},"properties":{"hgv":"delivery"}},{"type":"Feature","geometry":{"type":"Point","coordinates":[6.9473089,50.7819355]},"properties":{"hgv":"agricultural"}},{"type":"Feature","geometry":{"type":"Point","coordinates":[6.5903212,50.974]},"properties":{"hgv":"destination"}},{"type":"Feature","geometry":{"type":"Point","coordinates":[6.589228,50.9747508]},"properties":{"hgv":"destination"}},{"type":"Feature","geometry":{"type":"Point","coordinates":[6.5920103,50.9740953]},"properties":{"hgv":"no"}},{"type":"Feature","geometry":{"type":"Point","coordinates":[6.5927878,50.9731544]},"properties":{"hgv":"no"}},{"type":"Feature","geometry":{"type":"Point","coordinates":[6.5934626,50.9746233]},"properties":{"hgv":"destination"}},{"type":"Feature","geometry":{"type":"Point","coordinates":[6.6236268,50.9577544]},"properties":{"maxweight":"16"}},{"type":"Feature","geometry":{"type":"Point","coordinates":[6.6605482,50.2235654]},"properties":{"maxheight":"default"}},{"type":"Feature","geometry":{"type":"Point","coordinates":[6.0605857,50.8041961]},"properties":{"maxweight":"7.5"}},{"type":"Feature","geometry":{"type":"Point","coordinates":[6.4448899,50.9031818]},"properties":{"hgv":"destination"}},{"type":"Feature","geometry":{"type":"Point","coordinates":[6.9436856,50.8937727]},"properties":{"maxheight":"2.05"}},{"type":"Feature","geometry":{"type":"Point","coordinates":[6.9286554,50.9449543]},"properties":{"maxweightrating:hgv":"7.5"}},{"type":"Feature","geometry":{"type":"Point","coordinates":[6.8214836,50.9842904]},"properties":{"hgv":"designated"}},{"type":"Feature","geometry":{"type":"Point","coordinates":[6.9911244,50.9115985]},"properties":{"hgv":"destination"}},{"type":"Feature","geometry":{"type":"Point","coordinates":[6.9921355,50.9116728]},"properties":{"hgv":"destination"}},{"type":"Feature","geometry":{"type":"Point","coordinates":[6.9933997,50.9143021]},"properties":{"maxweightrating:hgv":"7.5"}},{"type":"Feature","geometry":{"type":"Point","coordinates":[6.9934408,50.914582]},"properties":{"maxweightrating:hgv":"7.5"}},{"type":"Feature","geometry":{"type":"Point","coordinates":[6.9933055,50.9133957]},"properties":{"maxweightrating:hgv":"7.5"}},{"type":"Feature","geometry":{"type":"Point","coordinates":[6.9913915,50.916185]},"properties":{"hgv":"delivery","maxheight":"3.8"}},{"type":"Feature","geometry":{"type":"Point","coordinates":[6.9569739,50.9353997]},"properties":{"maxlength":"12"}},{"type":"Feature","geometry":{"type":"Point","coordinates":[6.0697347,50.8103516]},"properties":{"hgv":"destination"}},{"type":"Feature","geometry":{"type":"Point","coordinates":[6.0698511,50.8097138]},"properties":{"hgv":"destination"}},{"type":"Feature","geometry":{"type":"Point","coordinates":[6.0661188,50.8126895]},"properties":{"hgv":"destination"}},{"type":"Feature","geometry":{"type":"Point","coordinates":[6.5866698,50.9763697]},"properties":{"hgv":"destination"}},{"type":"Feature","geometry":{"type":"Point","coordinates":[6.9625067,50.9246243]},"properties":{"hgv":"destination"}},{"type":"Feature","geometry":{"type":"Point","coordinates":[6.9529613,50.9264178]},"properties":{"hgv":"destination"}},{"type":"Feature","geometry":{"type":"Point","coordinates":[6.9570355,50.9302133]},"properties":{"maxweight":"44"}},{"type":"Feature","geometry":{"type":"Point","coordinates":[6.9439,50.9444167]},"properties":{"hgv":"no"}},{"type":"Feature","geometry":{"type":"Point","coordinates":[6.9725337,50.9305449]},"properties":{"maxheight":"default"}},{"type":"Feature","geometry":{"type":"Point","coordinates":[6.6559082,50.591737]},"properties":{"hgv":"delivery"}},{"type":"Feature","geometry":{"type":"Point","coordinates":[6.9730529,50.6287415]},"properties":{"maxheight":"below_default"}},{"type":"Feature","geometry":{"type":"Point","coordinates":[6.995482,50.7606419]},"properties":{"maxheight":"2.2"}},{"type":"Feature","geometry":{"type":"Point","coordinates":[6.4243452,50.8357381]},"properties":{"hgv":"private"}},{"type":"Feature","geometry":{"type":"Point","coordinates":[6.4235888,50.8350359]},"properties":{"hgv":"private"}},{"type":"Feature","geometry":{"type":"Point","coordinates":[6.0579203,50.8431025]},"properties":{"maxweight":"3.5"}},{"type":"Feature","geometry":{"type":"Point","coordinates":[6.7782059,50.7517636]},"properties":{"hgv":"destination","goods":"destination"}},{"type":"Feature","geometry":{"type":"Point","coordinates":[6.9081748,50.9372958]},"properties":{"maxwidth":"1"}},{"type":"Feature","geometry":{"type":"Point","coordinates":[6.9559482,50.9557523]},"properties":{"maxheight":"2.8"}},{"type":"Feature","geometry":{"type":"Point","coordinates":[6.9339747,50.9133329]},"properties":{"maxheight":"4"}},{"type":"Feature","geometry":{"type":"Point","coordinates":[6.9343034,50.9132122]},"properties":{"maxheight":"4"}},{"type":"Feature","geometry":{"type":"Point","coordinates":[6.952775,50.9470986]},"properties":{"maxheight":"3.4"}},{"type":"Feature","geometry":{"type":"Point","coordinates":[6.6595757,50.5919762]},"properties":{"hgv":"delivery"}},{"type":"Feature","geometry":{"type":"Point","coordinates":[6.8127438,50.9411228]},"properties":{"maxheight":"4.4"}},{"type":"Feature","geometry":{"type":"Point","coordinates":[6.7248261,50.7701669]},"properties":{"hgv":"no"}},{"type":"Feature","geometry":{"type":"Point","coordinates":[6.786932,50.8424301]},"properties":{"hgv":"destination"}},{"type":"Feature","geometry":{"type":"Point","coordinates":[6.8863918,50.8637507]},"properties":{"hgv":"no"}},{"type":"Feature","geometry":{"type":"Point","coordinates":[6.0654178,50.8111932]},"properties":{"hgv":"destination"}},{"type":"Feature","geometry":{"type":"Point","coordinates":[6.0654627,50.8106562]},"properties":{"hgv":"destination"}},{"type":"Feature","geometry":{"type":"Point","coordinates":[6.0654171,50.8104489]},"properties":{"hgv":"destination"}},{"type":"Feature","geometry":{"type":"Point","coordinates":[6.821426,50.9120747]},"properties":{"maxheight":"2.1"}},{"type":"Feature","geometry":{"type":"Point","coordinates":[6.4426966,50.8364864]},"properties":{"maxheight":"3.8 m"}},{"type":"Feature","geometry":{"type":"Point","coordinates":[6.961133,50.9855929]},"properties":{"hgv":"destination","maxheight":"default"}},{"type":"Feature","geometry":{"type":"Point","coordinates":[6.9021146,50.8294031]},"properties":{"maxwidth":"1.25"}},{"type":"Feature","geometry":{"type":"Point","coordinates":[6.8447712,50.7877529]},"properties":{"hgv":"designated"}},{"type":"Feature","geometry":{"type":"Point","coordinates":[6.8450157,50.7860883]},"properties":{"hgv":"designated"}},{"type":"Feature","geometry":{"type":"Point","coordinates":[6.115592,50.7722041]},"properties":{"maxheight:physical":"2.25"}},{"type":"Feature","geometry":{"type":"Point","coordinates":[6.1116663,50.7725084]},"properties":{"maxheight:physical":"3.25"}},{"type":"Feature","geometry":{"type":"Point","coordinates":[6.1117069,50.7724908]},"properties":{"maxheight:physical":"3.25"}},{"type":"Feature","geometry":{"type":"Point","coordinates":[6.9783975,50.8482932]},"properties":{"maxheight":"3.8"}},{"type":"Feature","geometry":{"type":"Point","coordinates":[6.9784337,50.8479834]},"properties":{"maxheight":"3.8"}},{"type":"Feature","geometry":{"type":"Point","coordinates":[6.9370954,50.925284]},"properties":{"hgv":"destination"}},{"type":"Feature","geometry":{"type":"Point","coordinates":[6.9599358,50.9427441]},"properties":{"maxheight":"3.3"}},{"type":"Feature","geometry":{"type":"Point","coordinates":[6.3993188,50.8087133]},"properties":{"maxheight":"3.8"}},{"type":"Feature","geometry":{"type":"Point","coordinates":[6.9125576,50.9963691]},"properties":{"hgv":"destination"}},{"type":"Feature","geometry":{"type":"Point","coordinates":[6.4731411,50.8225013]},"properties":{"hgv":"no"}},{"type":"Feature","geometry":{"type":"Point","coordinates":[6.4729033,50.8230475]},"properties":{"hgv":"no"}},{"type":"Feature","geometry":{"type":"Point","coordinates":[6.8918548,50.8197823]},"properties":{"maxweight":"2.5"}},{"type":"Feature","geometry":{"type":"Point","coordinates":[6.8480697,50.6209642]},"properties":{"hgv":"destination"}},{"type":"Feature","geometry":{"type":"Point","coordinates":[6.8484581,50.621476]},"properties":{"hgv":"destination"}},{"type":"Feature","geometry":{"type":"Point","coordinates":[6.960006,50.9302295]},"properties":{"maxheight":"4"}},{"type":"Feature","geometry":{"type":"Point","coordinates":[6.959898,50.9304884]},"properties":{"maxheight":"4"}},{"type":"Feature","geometry":{"type":"Point","coordinates":[6.9628658,50.885104]},"properties":{"hgv":"no","maxweightrating:hgv":"3.5"}},{"type":"Feature","geometry":{"type":"Point","coordinates":[6.9657075,50.8906876]},"properties":{"hgv":"no","maxweightrating:hgv":"3.5"}},{"type":"Feature","geometry":{"type":"Point","coordinates":[6.981333,50.9394424]},"properties":{"maxheight":"1.8"}},{"type":"Feature","geometry":{"type":"Point","coordinates":[6.5984513,50.9688559]},"properties":{"hgv":"destination"}},{"type":"Feature","geometry":{"type":"Point","coordinates":[6.9736655,50.2136051]},"properties":{"maxheight":"3.5"}},{"type":"Feature","geometry":{"type":"Point","coordinates":[6.0941365,50.7626316]},"properties":{"maxheight":"3.8"}},{"type":"Feature","geometry":{"type":"Point","coordinates":[6.2144929,50.6817154]},"properties":{"maxweight":"2.5"}},{"type":"Feature","geometry":{"type":"Point","coordinates":[6.2168978,50.6813219]},"properties":{"maxweight":"2.5"}},{"type":"Feature","geometry":{"type":"Point","coordinates":[6.2191559,50.6809472]},"properties":{"maxweight":"2.5"}},{"type":"Feature","geometry":{"type":"Point","coordinates":[6.5368178,50.0342927]},"properties":{"hgv":"yes"}},{"type":"Feature","geometry":{"type":"Point","coordinates":[6.8310428,50.7863206]},"properties":{"hgv":"no"}},{"type":"Feature","geometry":{"type":"Point","coordinates":[6.6612884,50.5918077]},"properties":{"hgv":"delivery"}},{"type":"Feature","geometry":{"type":"Point","coordinates":[6.4602097,50.1610375]},"properties":{"maxheight":"4.1"}},{"type":"Feature","geometry":{"type":"Point","coordinates":[6.8897484,50.3610439]},"properties":{"maxweight":"3.5"}},{"type":"Feature","geometry":{"type":"Point","coordinates":[6.9969821,50.9333316]},"properties":{"maxheight":"default"}},{"type":"Feature","geometry":{"type":"Point","coordinates":[6.9981214,50.935501]},"properties":{"hgv":"delivery"}},{"type":"Feature","geometry":{"type":"Point","coordinates":[6.9986987,50.9354635]},"properties":{"hgv":"delivery"}},{"type":"Feature","geometry":{"type":"Point","coordinates":[6.8103911,50.6809965]},"properties":{"hgv":"destination","maxweight":"7.5"}},{"type":"Feature","geometry":{"type":"Point","coordinates":[6.9995753,50.9344348]},"properties":{"maxheight":"default"}},{"type":"Feature","geometry":{"type":"Point","coordinates":[6.0624727,50.8497768]},"properties":{"hgv":"destination"}},{"type":"Feature","geometry":{"type":"Point","coordinates":[6.063441,50.8490927]},"properties":{"hgv":"destination"}},{"type":"Feature","geometry":{"type":"Point","coordinates":[6.7890732,50.327746]},"properties":{"hgv":"no"}},{"type":"Feature","geometry":{"type":"Point","coordinates":[6.9626384,50.928269]},"properties":{"hgv":"delivery","maxweightrating:hgv":"7.5"}},{"type":"Feature","geometry":{"type":"Point","coordinates":[6.9622453,50.9278386]},"properties":{"hgv":"delivery","maxweightrating:hgv":"7.5"}},{"type":"Feature","geometry":{"type":"Point","coordinates":[6.9621043,50.9276714]},"properties":{"hgv":"delivery","maxweightrating:hgv":"7.5"}},{"type":"Feature","geometry":{"type":"Point","coordinates":[6.9617388,50.927012]},"properties":{"hgv":"delivery","maxweightrating:hgv":"7.5"}},{"type":"Feature","geometry":{"type":"Point","coordinates":[6.9641009,50.9231179]},"properties":{"hgv":"delivery","maxweightrating:hgv":"7.5"}},{"type":"Feature","geometry":{"type":"Point","coordinates":[6.9643493,50.9232225]},"properties":{"hgv":"delivery","maxweightrating:hgv":"7.5"}},{"type":"Feature","geometry":{"type":"Point","coordinates":[6.9405907,50.9333717]},"properties":{"maxheight":"1.95"}},{"type":"Feature","geometry":{"type":"Point","coordinates":[6.9407624,50.9335716]},"properties":{"maxheight":"1.95"}},{"type":"Feature","geometry":{"type":"Point","coordinates":[6.4930573,50.773844]},"properties":{"hgv":"destination"}},{"type":"Feature","geometry":{"type":"Point","coordinates":[6.4937531,50.7734568]},"properties":{"hgv":"destination"}},{"type":"Feature","geometry":{"type":"Point","coordinates":[6.4933746,50.7737301]},"properties":{"hgv":"destination"}},{"type":"Feature","geometry":{"type":"Point","coordinates":[6.4943706,50.7732464]},"properties":{"hgv":"destination"}},{"type":"Feature","geometry":{"type":"Point","coordinates":[6.4959677,50.7720295]},"properties":{"hgv":"destination"}},{"type":"Feature","geometry":{"type":"Point","coordinates":[6.4963404,50.7715381]},"properties":{"hgv":"no"}},{"type":"Feature","geometry":{"type":"Point","coordinates":[6.4959973,50.7714356]},"properties":{"hgv":"no"}},{"type":"Feature","geometry":{"type":"Point","coordinates":[6.8214127,50.6488367]},"properties":{"hgv":"delivery","maxweight":"7.5"}},{"type":"Feature","geometry":{"type":"Point","coordinates":[6.8213657,50.6488179]},"properties":{"hgv":"delivery","maxweight":"7.5"}},{"type":"Feature","geometry":{"type":"Point","coordinates":[6.8221425,50.6491288]},"properties":{"hgv":"delivery","maxweight":"7.5"}},{"type":"Feature","geometry":{"type":"Point","coordinates":[6.3974398,50.9253272]},"properties":{"hgv":"delivery"}},{"type":"Feature","geometry":{"type":"Point","coordinates":[6.9783229,50.9184109]},"properties":{"maxweight":"3.5"}},{"type":"Feature","geometry":{"type":"Point","coordinates":[6.9544755,50.9268075]},"properties":{"hgv":"destination"}},{"type":"Feature","geometry":{"type":"Point","coordinates":[6.954201,50.9270019]},"properties":{"hgv":"destination"}},{"type":"Feature","geometry":{"type":"Point","coordinates":[6.9539888,50.9271455]},"properties":{"hgv":"destination"}},{"type":"Feature","geometry":{"type":"Point","coordinates":[6.9575722,50.9527168]},"properties":{"maxheight":"3.3","maxwidth":"2.5"}},{"type":"Feature","geometry":{"type":"Point","coordinates":[6.9578938,50.9525436]},"properties":{"maxheight":"3.3","maxwidth":"2.5"}},{"type":"Feature","geometry":{"type":"Point","coordinates":[6.8800251,50.0685043]},"properties":{"hgv":"no","maxheight":"none"}},{"type":"Feature","geometry":{"type":"Point","coordinates":[6.8818328,50.067834]},"properties":{"hgv":"no","maxheight":"none"}},{"type":"Feature","geometry":{"type":"Point","coordinates":[6.8798878,50.0706142]},"properties":{"hgv":"no","maxheight":"none"}},{"type":"Feature","geometry":{"type":"Point","coordinates":[6.8794267,50.0706087]},"properties":{"hgv":"designated","maxheight":"none"}},{"type":"Feature","geometry":{"type":"Point","coordinates":[6.8808719,50.0682119]},"properties":{"hgv":"designated","maxheight":"none"}},{"type":"Feature","geometry":{"type":"Point","coordinates":[6.3982367,50.7284514]},"properties":{"hgv":"destination"}},{"type":"Feature","geometry":{"type":"Point","coordinates":[6.3988194,50.728629]},"properties":{"hgv":"destination"}},{"type":"Feature","geometry":{"type":"Point","coordinates":[6.9520068,50.9465775]},"properties":{"maxheight":"3.4"}},{"type":"Feature","geometry":{"type":"Point","coordinates":[6.9524732,50.9469022]},"properties":{"maxheight":"3.4"}},{"type":"Feature","geometry":{"type":"Point","coordinates":[6.9535989,50.9476338]},"properties":{"maxheight":"3.4"}},{"type":"Feature","geometry":{"type":"Point","coordinates":[6.9610672,50.9288417]},"properties":{"maxweightrating:hgv":"2.5"}},{"type":"Feature","geometry":{"type":"Point","coordinates":[6.8667608,50.0979982]},"properties":{"maxheight":"default"}},{"type":"Feature","geometry":{"type":"Point","coordinates":[6.8742955,50.0746937]},"properties":{"maxheight":"default"}},{"type":"Feature","geometry":{"type":"Point","coordinates":[6.8820532,50.1557849]},"properties":{"maxheight":"default"}},{"type":"Feature","geometry":{"type":"Point","coordinates":[6.8819501,50.157299]},"properties":{"maxheight":"default"}},{"type":"Feature","geometry":{"type":"Point","coordinates":[6.9800286,50.9513962]},"properties":{"maxheight":"default"}},{"type":"Feature","geometry":{"type":"Point","coordinates":[6.9799108,50.9513928]},"properties":{"maxheight":"default"}},{"type":"Feature","geometry":{"type":"Point","coordinates":[6.8884256,50.1669845]},"properties":{"maxheight":"default"}},{"type":"Feature","geometry":{"type":"Point","coordinates":[6.8906774,50.1682376]},"properties":{"maxheight":"default"}},{"type":"Feature","geometry":{"type":"Point","coordinates":[6.8887633,50.1670417]},"properties":{"maxheight":"default"}},{"type":"Feature","geometry":{"type":"Point","coordinates":[6.8948506,50.1734562]},"properties":{"maxheight":"default"}},{"type":"Feature","geometry":{"type":"Point","coordinates":[6.8905581,50.1683148]},"properties":{"maxheight":"default"}},{"type":"Feature","geometry":{"type":"Point","coordinates":[6.8962766,50.1777958]},"properties":{"maxheight":"4"}},{"type":"Feature","geometry":{"type":"Point","coordinates":[6.8954929,50.1775965]},"properties":{"maxheight":"4"}},{"type":"Feature","geometry":{"type":"Point","coordinates":[6.9896851,50.9208614]},"properties":{"hgv":"no"}},{"type":"Feature","geometry":{"type":"Point","coordinates":[6.980531,50.9519596]},"properties":{"maxheight":"default"}}]}