{"type":"FeatureCollection","features":[{"type":"Feature","geometry":{"type":"Point","coordinates":[8.1367962,48.8870476]},"properties":{"maxheight":"2.2"}},{"type":"Feature","geometry":{"type":"Point","coordinates":[8.3883704,48.9818913]},"properties":{"maxheight":"default"}},{"type":"Feature","geometry":{"type":"Point","coordinates":[8.3322877,48.7946979]},"properties":{"maxheight":"default"}},{"type":"Feature","geometry":{"type":"Point","coordinates":[8.4100536,48.9965084]},"properties":{"maxheight":"3.95"}},{"type":"Feature","geometry":{"type":"Point","coordinates":[8.3344856,48.9911406]},"properties":{"maxwidth":"2.4"}},{"type":"Feature","geometry":{"type":"Point","coordinates":[8.3767815,48.4823029]},"properties":{"maxheight":"default"}},{"type":"Feature","geometry":{"type":"Point","coordinates":[8.3839256,48.9845411]},"properties":{"maxwidth":"1.2"}},{"type":"Feature","geometry":{"type":"Point","coordinates":[8.4727044,48.9968039]},"properties":{"maxheight":"2"}},{"type":"Feature","geometry":{"type":"Point","coordinates":[8.4041258,48.9931283]},"properties":{"maxheight":"2"}},{"type":"Feature","geometry":{"type":"Point","coordinates":[8.4576315,48.9152926]},"properties":{"maxheight":"default"}},{"type":"Feature","geometry":{"type":"Point","coordinates":[8.3900501,48.9558449]},"properties":{"maxwidth":"1.8"}},{"type":"Feature","geometry":{"type":"Point","coordinates":[8.3898852,48.9821078]},"properties":{"maxheight":"3.9"}},{"type":"Feature","geometry":{"type":"Point","coordinates":[8.3787709,48.9910917]},"properties":{"maxheight":"default"}},{"type":"Feature","geometry":{"type":"Point","coordinates":[8.3840969,48.9894993]},"properties":{"maxheight":"4"}},{"type":"Feature","geometry":{"type":"Point","coordinates":[8.3831556,48.9897803]},"properties":{"maxheight":"default"}},{"type":"Feature","geometry":{"type":"Point","coordinates":[8.6864626,48.4441525]},"properties":{"maxheight":"3.3"}},{"type":"Feature","geometry":{"type":"Point","coordinates":[8.2320454,48.7677804]},"properties":{"maxheight":"2","maxwidth":"1","maxweight":"2.5"}},{"type":"Feature","geometry":{"type":"Point","coordinates":[8.3192671,48.9767041]},"properties":{"maxwidth":"1.3"}},{"type":"Feature","geometry":{"type":"Point","coordinates":[8.2384424,48.7610266]},"properties":{"maxheight":"2.1"}},{"type":"Feature","geometry":{"type":"Point","coordinates":[8.9439805,48.7584994]},"properties":{"maxwidth":"1.3"}},{"type":"Feature","geometry":{"type":"Point","coordinates":[8.8931845,48.635213]},"properties":{"hgv":"destination"}},{"type":"Feature","geometry":{"type":"Point","coordinates":[8.2450074,48.7626386]},"properties":{"maxheight":"2.05"}},{"type":"Feature","geometry":{"type":"Point","coordinates":[8.2463926,48.7635089]},"properties":{"maxheight":"1.95"}},{"type":"Feature","geometry":{"type":"Point","coordinates":[8.8702116,48.5984678]},"properties":{"maxweight":"2.0"}},{"type":"Feature","geometry":{"type":"Point","coordinates":[8.0376899,48.6409189]},"properties":{"hgv":"no"}},{"type":"Feature","geometry":{"type":"Point","coordinates":[8.2304093,48.213375]},"properties":{"hgv":"no"}},{"type":"Feature","geometry":{"type":"Point","coordinates":[8.3840847,48.9992538]},"properties":{"maxheight":"2.1"}},{"type":"Feature","geometry":{"type":"Point","coordinates":[8.1382095,48.6969509]},"properties":{"maxheight":"2"}},{"type":"Feature","geometry":{"type":"Point","coordinates":[8.9638247,48.5496886]},"properties":{"maxheight":"default"}},{"type":"Feature","geometry":{"type":"Point","coordinates":[8.9007373,48.4590603]},"properties":{"maxheight":"3.5","maxweight":"16"}},{"type":"Feature","geometry":{"type":"Point","coordinates":[8.9014839,48.4588813]},"properties":{"maxheight":"3.5","maxweight":"16"}},{"type":"Feature","geometry":{"type":"Point","coordinates":[8.8703096,48.5979079]},"properties":{"maxheight":"2.0"}},{"type":"Feature","geometry":{"type":"Point","coordinates":[8.3072724,48.8140826]},"properties":{"maxheight":"default"}},{"type":"Feature","geometry":{"type":"Point","coordinates":[8.321316,48.8035948]},"properties":{"maxheight":"default"}},{"type":"Feature","geometry":{"type":"Point","coordinates":[8.319114,48.8065826]},"properties":{"maxheight":"default"}},{"type":"Feature","geometry":{"type":"Point","coordinates":[8.4884751,48.9430522]},"properties":{"maxwidth":"1.4"}},{"type":"Feature","geometry":{"type":"Point","coordinates":[8.3113357,48.8120033]},"properties":{"maxheight":"default"}},{"type":"Feature","geometry":{"type":"Point","coordinates":[8.3151625,48.8093893]},"properties":{"maxheight":"default"}},{"type":"Feature","geometry":{"type":"Point","coordinates":[8.8518688,48.961785]},"properties":{"hgv":"no","goods":"no"}},{"type":"Feature","geometry":{"type":"Point","coordinates":[8.2077264,48.7827828]},"properties":{"maxheight":"2.05"}},{"type":"Feature","geometry":{"type":"Point","coordinates":[8.2089745,48.7827838]},"properties":{"maxheight":"2.05"}},{"type":"Feature","geometry":{"type":"Point","coordinates":[8.9679083,48.9436938]},"properties":{"maxweight":"4.5"}},{"type":"Feature","geometry":{"type":"Point","coordinates":[8.8679833,48.5965116]},"properties":{"maxheight":"2.2"}},{"type":"Feature","geometry":{"type":"Point","coordinates":[8.9832598,48.7024327]},"properties":{"maxheight":"2"}},{"type":"Feature","geometry":{"type":"Point","coordinates":[8.6384006,48.3639129]},"properties":{"maxweight":"7.5 t"}},{"type":"Feature","geometry":{"type":"Point","coordinates":[8.9640694,48.2563363]},"properties":{"maxheight":"3.7","maxweight":"7.5"}},{"type":"Feature","geometry":{"type":"Point","coordinates":[8.3377063,48.7488263]},"properties":{"maxwidth":"1"}},{"type":"Feature","geometry":{"type":"Point","coordinates":[8.2049498,48.0528984]},"properties":{"maxheight":"2"}},{"type":"Feature","geometry":{"type":"Point","coordinates":[8.9546545,48.977467]},"properties":{"maxwidth":"1"}},{"type":"Feature","geometry":{"type":"Point","coordinates":[8.5069057,48.4674541]},"properties":{"maxheight":"default"}},{"type":"Feature","geometry":{"type":"Point","coordinates":[8.4578883,48.0571273]},"properties":{"maxheight":"2.5","maxheight:physical":"2.5"}},{"type":"Feature","geometry":{"type":"Point","coordinates":[8.4549254,48.0610554]},"properties":{"hgv":"no"}},{"type":"Feature","geometry":{"type":"Point","coordinates":[8.9016152,48.5935941]},"properties":{"maxwidth":"0.5"}},{"type":"Feature","geometry":{"type":"Point","coordinates":[8.4569232,48.0564814]},"properties":{"maxheight":"below_default"}},{"type":"Feature","geometry":{"type":"Point","coordinates":[8.2537396,48.0051343]},"properties":{"maxheight":"3.25"}},{"type":"Feature","geometry":{"type":"Point","coordinates":[8.5387725,48.0645804]},"properties":{"maxheight":"2"}},{"type":"Feature","geometry":{"type":"Point","coordinates":[8.3098613,48.8129742]},"properties":{"maxheight":"default"}},{"type":"Feature","geometry":{"type":"Point","coordinates":[8.5375866,48.0634405]},"properties":{"maxheight":"2.1","maxweight":"2.1"}},{"type":"Feature","geometry":{"type":"Point","coordinates":[8.7039719,48.5912744]},"properties":{"maxweight":"2.8"}},{"type":"Feature","geometry":{"type":"Point","coordinates":[8.9828293,48.7005193]},"properties":{"maxheight":"2"}},{"type":"Feature","geometry":{"type":"Point","coordinates":[8.9531299,48.773681]},"properties":{"maxwidth":"1.3"}},{"type":"Feature","geometry":{"type":"Point","coordinates":[8.6192331,48.0272919]},"properties":{"maxheight":"2.8"}},{"type":"Feature","geometry":{"type":"Point","coordinates":[8.3768189,48.4845519]},"properties":{"maxheight":"default"}},{"type":"Feature","geometry":{"type":"Point","coordinates":[8.3292164,48.6530928]},"properties":{"maxwidth":"1"}},{"type":"Feature","geometry":{"type":"Point","coordinates":[8.3315478,48.6558573]},"properties":{"maxwidth":"1"}},{"type":"Feature","geometry":{"type":"Point","coordinates":[8.4654836,48.0575717]},"properties":{"maxweight":"1.05"}},{"type":"Feature","geometry":{"type":"Point","coordinates":[8.4656935,48.057617]},"properties":{"maxweight":"1.05"}},{"type":"Feature","geometry":{"type":"Point","coordinates":[8.4103416,48.939027]},"properties":{"maxheight":"2"}},{"type":"Feature","geometry":{"type":"Point","coordinates":[8.6948129,48.3711994]},"properties":{"hgv":"yes"}},{"type":"Feature","geometry":{"type":"Point","coordinates":[8.2132315,48.853915]},"properties":{"maxheight":"2.6"}},{"type":"Feature","geometry":{"type":"Point","coordinates":[8.2136373,48.8539255]},"properties":{"maxheight":"2.6"}},{"type":"Feature","geometry":{"type":"Point","coordinates":[8.6946706,48.8914115]},"properties":{"maxheight":"2.1"}},{"type":"Feature","geometry":{"type":"Point","coordinates":[8.6946349,48.891266]},"properties":{"maxheight":"2"}},{"type":"Feature","geometry":{"type":"Point","coordinates":[8.6965418,48.8927353]},"properties":{"maxheight":"2"}},{"type":"Feature","geometry":{"type":"Point","coordinates":[8.7021683,48.8946328]},"properties":{"maxheight":"2","maxweight":"2.5"}},{"type":"Feature","geometry":{"type":"Point","coordinates":[8.9874194,48.7133784]},"properties":{"maxheight":"2"}},{"type":"Feature","geometry":{"type":"Point","coordinates":[8.6244239,48.3877161]},"properties":{"maxwidth":"1.8"}},{"type":"Feature","geometry":{"type":"Point","coordinates":[8.9913518,48.7060587]},"properties":{"maxheight":"2"}},{"type":"Feature","geometry":{"type":"Point","coordinates":[8.9641803,48.7206811]},"properties":{"maxheight":"1.9"}},{"type":"Feature","geometry":{"type":"Point","coordinates":[8.8453043,48.9528614]},"properties":{"maxweight":"1.45"}},{"type":"Feature","geometry":{"type":"Point","coordinates":[8.8452548,48.9529925]},"properties":{"maxweight":"1.05"}},{"type":"Feature","geometry":{"type":"Point","coordinates":[8.8452248,48.9531151]},"properties":{"maxweight":"1.05"}},{"type":"Feature","geometry":{"type":"Point","coordinates":[8.9976424,48.7060993]},"properties":{"maxheight":"2.1"}},{"type":"Feature","geometry":{"type":"Point","coordinates":[8.8178877,48.75266]},"properties":{"maxwidth":"4.5"}},{"type":"Feature","geometry":{"type":"Point","coordinates":[8.9967503,48.7073779]},"properties":{"maxheight":"2.7","maxweight":"2.5"}},{"type":"Feature","geometry":{"type":"Point","coordinates":[8.904958,48.8522685]},"properties":{"maxheight":"2.1"}},{"type":"Feature","geometry":{"type":"Point","coordinates":[8.8625071,48.5939247]},"properties":{"maxweight":"0.675"}},{"type":"Feature","geometry":{"type":"Point","coordinates":[8.9019776,48.9811862]},"properties":{"maxwidth":"1.00"}},{"type":"Feature","geometry":{"type":"Point","coordinates":[8.7013123,48.8899098]},"properties":{"hgv":"no","maxheight":"2"}},{"type":"Feature","geometry":{"type":"Point","coordinates":[8.7026497,48.8900143]},"properties":{"hgv":"no"}},{"type":"Feature","geometry":{"type":"Point","coordinates":[8.9622151,48.180498]},"properties":{"maxweight":"3.5"}},{"type":"Feature","geometry":{"type":"Point","coordinates":[8.4696522,48.9277218]},"properties":{"maxheight":"1.9"}},{"type":"Feature","geometry":{"type":"Point","coordinates":[8.9250079,48.9411818]},"properties":{"maxwidth":"1"}},{"type":"Feature","geometry":{"type":"Point","coordinates":[8.3463825,48.7480763]},"properties":{"maxwidth":"1"}},{"type":"Feature","geometry":{"type":"Point","coordinates":[8.7053496,48.8909787]},"properties":{"maxheight":"2"}},{"type":"Feature","geometry":{"type":"Point","coordinates":[8.8532594,48.960853]},"properties":{"hgv":"destination","goods":"destination"}},{"type":"Feature","geometry":{"type":"Point","coordinates":[8.8532644,48.96256]},"properties":{"goods":"no"}},{"type":"Feature","geometry":{"type":"Point","coordinates":[8.1342119,48.6973565]},"properties":{"maxheight":"2"}},{"type":"Feature","geometry":{"type":"Point","coordinates":[8.5473438,48.7486584]},"properties":{"maxheight":"1.9"}},{"type":"Feature","geometry":{"type":"Point","coordinates":[8.5502606,48.7468974]},"properties":{"maxheight":"2.00 m"}},{"type":"Feature","geometry":{"type":"Point","coordinates":[8.547544,48.7486961]},"properties":{"maxheight":"1.9"}},{"type":"Feature","geometry":{"type":"Point","coordinates":[8.5472418,48.7483083]},"properties":{"maxheight":"1.9"}},{"type":"Feature","geometry":{"type":"Point","coordinates":[8.5470133,48.7487132]},"properties":{"maxheight":"1.9"}},{"type":"Feature","geometry":{"type":"Point","coordinates":[8.5794758,48.5318031]},"properties":{"maxheight":"2"}},{"type":"Feature","geometry":{"type":"Point","coordinates":[8.5796597,48.5314379]},"properties":{"maxheight":"2"}},{"type":"Feature","geometry":{"type":"Point","coordinates":[8.1044186,48.5896343]},"properties":{"maxweight":"3.5"}},{"type":"Feature","geometry":{"type":"Point","coordinates":[8.3680281,48.8468111]},"properties":{"hgv":"no"}},{"type":"Feature","geometry":{"type":"Point","coordinates":[8.470913,48.9268424]},"properties":{"maxheight":"2.1"}},{"type":"Feature","geometry":{"type":"Point","coordinates":[8.9609129,48.9488678]},"properties":{"maxwidth":"1.35"}},{"type":"Feature","geometry":{"type":"Point","coordinates":[8.1355494,48.6971107]},"properties":{"maxheight":"2"}},{"type":"Feature","geometry":{"type":"Point","coordinates":[8.3191687,48.8066067]},"properties":{"maxheight":"default"}},{"type":"Feature","geometry":{"type":"Point","coordinates":[8.7030926,48.8939724]},"properties":{"maxweight":"1.050"}},{"type":"Feature","geometry":{"type":"Point","coordinates":[8.7030977,48.8941339]},"properties":{"maxweight":"1.050"}},{"type":"Feature","geometry":{"type":"Point","coordinates":[8.3605653,48.8249795]},"properties":{"maxheight":"2"}},{"type":"Feature","geometry":{"type":"Point","coordinates":[8.4587623,48.9919511]},"properties":{"maxwidth":"1.5"}},{"type":"Feature","geometry":{"type":"Point","coordinates":[8.4574052,48.9911915]},"properties":{"maxheight":"below_default"}},{"type":"Feature","geometry":{"type":"Point","coordinates":[8.4504861,48.9850193]},"properties":{"maxwidth":"1.2"}},{"type":"Feature","geometry":{"type":"Point","coordinates":[8.3446753,48.7831128]},"properties":{"maxheight":"default"}},{"type":"Feature","geometry":{"type":"Point","coordinates":[8.3391658,48.7924457]},"properties":{"maxheight":"default"}},{"type":"Feature","geometry":{"type":"Point","coordinates":[8.3609552,48.984025]},"properties":{"maxheight":"2.1"}},{"type":"Feature","geometry":{"type":"Point","coordinates":[8.3606993,48.9840733]},"properties":{"maxheight":"below_default"}},{"type":"Feature","geometry":{"type":"Point","coordinates":[8.3667754,48.9858514]},"properties":{"maxheight":"below_default"}},{"type":"Feature","geometry":{"type":"Point","coordinates":[8.3837856,48.984617]},"properties":{"maxwidth":"1.0"}},{"type":"Feature","geometry":{"type":"Point","coordinates":[8.1805734,48.977316]},"properties":{"maxheight":"2.2"}},{"type":"Feature","geometry":{"type":"Point","coordinates":[8.6390894,48.1650639]},"properties":{"maxweight":"0.63"}},{"type":"Feature","geometry":{"type":"Point","coordinates":[8.6390691,48.1652161]},"properties":{"maxweight":"0.63"}},{"type":"Feature","geometry":{"type":"Point","coordinates":[8.6390631,48.1653757]},"properties":{"maxweight":"0.63"}},{"type":"Feature","geometry":{"type":"Point","coordinates":[8.2161923,48.2868401]},"properties":{"maxweight":"7.5"}},{"type":"Feature","geometry":{"type":"Point","coordinates":[8.2157377,48.2807477]},"properties":{"maxweight":"7.5"}},{"type":"Feature","geometry":{"type":"Point","coordinates":[8.9705525,48.9914183]},"properties":{"maxwidth":"1"}},{"type":"Feature","geometry":{"type":"Point","coordinates":[8.8979759,48.6432468]},"properties":{"maxheight":"3","maxwidth":"2"}},{"type":"Feature","geometry":{"type":"Point","coordinates":[8.3994987,48.9938617]},"properties":{"maxheight":"3.1"}},{"type":"Feature","geometry":{"type":"Point","coordinates":[8.3477455,48.7458986]},"properties":{"maxheight":"3.0"}},{"type":"Feature","geometry":{"type":"Point","coordinates":[8.8624009,48.5940627]},"properties":{"maxweight":"0.63"}},{"type":"Feature","geometry":{"type":"Point","coordinates":[8.2230209,48.1685143]},"properties":{"maxheight":"4"}},{"type":"Feature","geometry":{"type":"Point","coordinates":[8.4065635,48.4680144]},"properties":{"maxheight":"default"}},{"type":"Feature","geometry":{"type":"Point","coordinates":[8.3773458,48.9965431]},"properties":{"maxheight":"4"}},{"type":"Feature","geometry":{"type":"Point","coordinates":[8.4544304,48.0599102]},"properties":{"maxheight:physical":"2.5"}},{"type":"Feature","geometry":{"type":"Point","coordinates":[8.2546122,48.1348411]},"properties":{"maxheight":"4"}},{"type":"Feature","geometry":{"type":"Point","coordinates":[8.4579026,48.0571353]},"properties":{"maxheight":"2.5"}},{"type":"Feature","geometry":{"type":"Point","coordinates":[8.4654424,48.0574397]},"properties":{"maxwidth":"1.2"}},{"type":"Feature","geometry":{"type":"Point","coordinates":[8.9640825,48.9397666]},"properties":{"maxwidth":"1.2"}},{"type":"Feature","geometry":{"type":"Point","coordinates":[8.4148139,48.9939005]},"properties":{"maxwidth":"1.45"}},{"type":"Feature","geometry":{"type":"Point","coordinates":[8.4136612,48.9954894]},"properties":{"maxwidth":"1.45"}},{"type":"Feature","geometry":{"type":"Point","coordinates":[8.40076,48.9720862]},"properties":{"maxwidth":"1.2"}},{"type":"Feature","geometry":{"type":"Point","coordinates":[8.451212,48.0595301]},"properties":{"maxheight":"below_default"}},{"type":"Feature","geometry":{"type":"Point","coordinates":[8.7283174,48.5513948]},"properties":{"maxweight":"1.050"}},{"type":"Feature","geometry":{"type":"Point","coordinates":[8.0023527,48.7525361]},"properties":{"maxweight":"5"}},{"type":"Feature","geometry":{"type":"Point","coordinates":[8.3638156,48.9944563]},"properties":{"maxwidth":"1.2"}},{"type":"Feature","geometry":{"type":"Point","coordinates":[8.9989159,48.5213452]},"properties":{"maxheight":"default"}},{"type":"Feature","geometry":{"type":"Point","coordinates":[8.9936276,48.5228298]},"properties":{"maxheight":"default"}},{"type":"Feature","geometry":{"type":"Point","coordinates":[8.963553,48.5441008]},"properties":{"maxheight":"default"}},{"type":"Feature","geometry":{"type":"Point","coordinates":[8.4102836,48.9997875]},"properties":{"maxheight":"2.1"}},{"type":"Feature","geometry":{"type":"Point","coordinates":[8.7469731,48.7379092]},"properties":{"maxwidth":"4"}},{"type":"Feature","geometry":{"type":"Point","coordinates":[8.2345929,48.7663216]},"properties":{"maxheight":"below_default"}},{"type":"Feature","geometry":{"type":"Point","coordinates":[8.9740148,48.5269508]},"properties":{"maxheight":"default"}},{"type":"Feature","geometry":{"type":"Point","coordinates":[8.7023393,48.8901343]},"properties":{"hgv":"no"}},{"type":"Feature","geometry":{"type":"Point","coordinates":[8.232853,48.1655151]},"properties":{"maxheight":"4"}},{"type":"Feature","geometry":{"type":"Point","coordinates":[8.4056467,48.9999892]},"properties":{"maxwidth":"1.6"}},{"type":"Feature","geometry":{"type":"Point","coordinates":[8.3858392,48.9945109]},"properties":{"maxwidth":"4.6"}},{"type":"Feature","geometry":{"type":"Point","coordinates":[8.7030875,48.8938115]},"properties":{"maxweight":"1.05"}},{"type":"Feature","geometry":{"type":"Point","coordinates":[8.0372545,48.6596806]},"properties":{"maxheight":"2.5"}},{"type":"Feature","geometry":{"type":"Point","coordinates":[8.1566519,48.7600585]},"properties":{"maxheight":"2.8"}},{"type":"Feature","geometry":{"type":"Point","coordinates":[8.4692693,48.998956]},"properties":{"maxheight":"2.25"}},{"type":"Feature","geometry":{"type":"Point","coordinates":[8.8533889,48.2747826]},"properties":{"maxwidth":"1.50"}},{"type":"Feature","geometry":{"type":"Point","coordinates":[8.9940391,48.9263297]},"properties":{"maxwidth":"3.00"}},{"type":"Feature","geometry":{"type":"Point","coordinates":[8.8098114,48.7550408]},"properties":{"maxwidth":"4.6"}},{"type":"Feature","geometry":{"type":"Point","coordinates":[8.3213529,48.803603]},"properties":{"maxheight":"default"}},{"type":"Feature","geometry":{"type":"Point","coordinates":[8.3192548,48.8066513]},"properties":{"maxheight":"default"}},{"type":"Feature","geometry":{"type":"Point","coordinates":[8.7415197,48.7146341]},"properties":{"maxheight":"2.1"}},{"type":"Feature","geometry":{"type":"Point","coordinates":[8.2556763,48.8278243]},"properties":{"maxheight":"2"}},{"type":"Feature","geometry":{"type":"Point","coordinates":[8.4551617,48.0609757]},"properties":{"hgv":"no"}},{"type":"Feature","geometry":{"type":"Point","coordinates":[8.9690708,48.9895684]},"properties":{"maxwidth":"1"}},{"type":"Feature","geometry":{"type":"Point","coordinates":[8.5467687,48.7488745]},"properties":{"maxheight":"1.9"}},{"type":"Feature","geometry":{"type":"Point","coordinates":[8.1178349,48.6883406]},"properties":{"maxwidth":"5"}},{"type":"Feature","geometry":{"type":"Point","coordinates":[8.3672301,48.7557043]},"properties":{"hgv":"no"}},{"type":"Feature","geometry":{"type":"Point","coordinates":[8.3202542,48.8020353]},"properties":{"maxheight":"2"}},{"type":"Feature","geometry":{"type":"Point","coordinates":[8.1927589,48.78354]},"properties":{"maxheight":"2.5"}},{"type":"Feature","geometry":{"type":"Point","coordinates":[8.0065574,48.7576544]},"properties":{"maxheight":"60"}},{"type":"Feature","geometry":{"type":"Point","coordinates":[8.0283797,48.7831671]},"properties":{"maxheight":"60"}},{"type":"Feature","geometry":{"type":"Point","coordinates":[8.0241311,48.7834499]},"properties":{"maxheight":"60"}},{"type":"Feature","geometry":{"type":"Point","coordinates":[8.0674755,48.7891892]},"properties":{"maxheight":"60"}},{"type":"Feature","geometry":{"type":"Point","coordinates":[8.111249,48.8219482]},"properties":{"maxheight":"60"}},{"type":"Feature","geometry":{"type":"Point","coordinates":[8.1131692,48.8326278]},"properties":{"maxheight":"7.1"}},{"type":"Feature","geometry":{"type":"Point","coordinates":[8.2024411,48.8471911]},"properties":{"maxwidth":"1.5"}},{"type":"Feature","geometry":{"type":"Point","coordinates":[8.4756543,48.5052918]},"properties":{"maxwidth":"1.5"}},{"type":"Feature","geometry":{"type":"Point","coordinates":[8.190251,48.7893996]},"properties":{"maxweight":"0.8"}},{"type":"Feature","geometry":{"type":"Point","coordinates":[8.1900502,48.7894984]},"properties":{"maxweight":"0.65"}},{"type":"Feature","geometry":{"type":"Point","coordinates":[8.1898777,48.7895795]},"properties":{"maxweight":"0.65"}},{"type":"Feature","geometry":{"type":"Point","coordinates":[8.189683,48.7896732]},"properties":{"maxweight":"0.63"}},{"type":"Feature","geometry":{"type":"Point","coordinates":[8.9635632,48.7198148]},"properties":{"maxheight":"below_default"}},{"type":"Feature","geometry":{"type":"Point","coordinates":[8.9652363,48.7231551]},"properties":{"maxheight":"below_default"}},{"type":"Feature","geometry":{"type":"Point","coordinates":[8.9648996,48.7208719]},"properties":{"maxheight":"1.9"}},{"type":"Feature","geometry":{"type":"Point","coordinates":[8.1059385,48.6733362]},"properties":{"maxwidth":"5"}},{"type":"Feature","geometry":{"type":"Point","coordinates":[8.1042057,48.6732724]},"properties":{"maxwidth":"5"}},{"type":"Feature","geometry":{"type":"Point","coordinates":[8.9717965,48.9245838]},"properties":{"maxheight":"4.3"}},{"type":"Feature","geometry":{"type":"Point","coordinates":[8.9720388,48.924737]},"properties":{"maxheight":"4.3"}},{"type":"Feature","geometry":{"type":"Point","coordinates":[8.1159456,48.1789853]},"properties":{"hgv":"yes"}},{"type":"Feature","geometry":{"type":"Point","coordinates":[8.8412313,48.9457821]},"properties":{"maxheight":"3.6"}},{"type":"Feature","geometry":{"type":"Point","coordinates":[8.2420239,48.7578204]},"properties":{"maxheight":"1.90"}},{"type":"Feature","geometry":{"type":"Point","coordinates":[8.7414395,48.7147896]},"properties":{"maxweight":"1.0"}},{"type":"Feature","geometry":{"type":"Point","coordinates":[8.4012642,48.9926369]},"properties":{"maxweight":"1.05"}},{"type":"Feature","geometry":{"type":"Point","coordinates":[8.4011804,48.9927793]},"properties":{"maxweight":"1.05"}},{"type":"Feature","geometry":{"type":"Point","coordinates":[8.4011145,48.9929709]},"properties":{"maxweight":"1.400"}},{"type":"Feature","geometry":{"type":"Point","coordinates":[8.4010115,48.9931486]},"properties":{"maxweight":"1.400"}},{"type":"Feature","geometry":{"type":"Point","coordinates":[8.4009104,48.9933335]},"properties":{"maxweight":"1.400"}},{"type":"Feature","geometry":{"type":"Point","coordinates":[8.4008048,48.9935124]},"properties":{"maxweight":"1.070"}},{"type":"Feature","geometry":{"type":"Point","coordinates":[8.4006988,48.9936899]},"properties":{"maxweight":"1.070"}},{"type":"Feature","geometry":{"type":"Point","coordinates":[8.4006089,48.9938141]},"properties":{"maxweight":"1.05"}},{"type":"Feature","geometry":{"type":"Point","coordinates":[8.3217161,48.978069]},"properties":{"maxwidth":"1.5"}},{"type":"Feature","geometry":{"type":"Point","coordinates":[8.3209624,48.9770842]},"properties":{"maxwidth":"1.8"}},{"type":"Feature","geometry":{"type":"Point","coordinates":[8.990392,48.7062542]},"properties":{"maxheight":"2"}},{"type":"Feature","geometry":{"type":"Point","coordinates":[8.8725617,48.7550346]},"properties":{"maxweight":"1.050"}},{"type":"Feature","geometry":{"type":"Point","coordinates":[8.8723473,48.7550952]},"properties":{"maxweight":"1.050"}},{"type":"Feature","geometry":{"type":"Point","coordinates":[8.4727896,48.9296541]},"properties":{"maxheight":"2"}},{"type":"Feature","geometry":{"type":"Point","coordinates":[8.9308729,48.7749415]},"properties":{"maxweight":"1"}},{"type":"Feature","geometry":{"type":"Point","coordinates":[8.892414,48.9900359]},"properties":{"maxheight":"2.40","maxwidth":"2.00"}},{"type":"Feature","geometry":{"type":"Point","coordinates":[8.8921899,48.9903183]},"properties":{"maxheight":"2.40","maxwidth":"2.00"}},{"type":"Feature","geometry":{"type":"Point","coordinates":[8.8879279,48.9934771]},"properties":{"maxwidth":"3.00"}},{"type":"Feature","geometry":{"type":"Point","coordinates":[8.9785167,48.7268658]},"properties":{"maxweight":"1.050"}},{"type":"Feature","geometry":{"type":"Point","coordinates":[8.9049434,48.979901]},"properties":{"maxwidth":"5.00"}},{"type":"Feature","geometry":{"type":"Point","coordinates":[8.9075252,48.7139504]},"properties":{"maxheight":"2"}},{"type":"Feature","geometry":{"type":"Point","coordinates":[8.9067288,48.7141684]},"properties":{"maxheight":"2"}},{"type":"Feature","geometry":{"type":"Point","coordinates":[8.4448334,48.9953502]},"properties":{"maxheight":"2"}},{"type":"Feature","geometry":{"type":"Point","coordinates":[8.4452871,48.9953695]},"properties":{"maxheight":"2"}},{"type":"Feature","geometry":{"type":"Point","coordinates":[8.1892402,48.8694246]},"properties":{"hgv":"no","maxweight":"7.5"}},{"type":"Feature","geometry":{"type":"Point","coordinates":[8.0958076,48.7797132]},"properties":{"hgv":"no"}},{"type":"Feature","geometry":{"type":"Point","coordinates":[8.018524,48.3416882]},"properties":{"maxwidth":"4"}},{"type":"Feature","geometry":{"type":"Point","coordinates":[8.6510328,48.1603734]},"properties":{"maxheight":"3.5"}},{"type":"Feature","geometry":{"type":"Point","coordinates":[8.4044676,48.9959652]},"properties":{"maxwidth":"2.6"}},{"type":"Feature","geometry":{"type":"Point","coordinates":[8.9596035,48.3610343]},"properties":{"maxheight":"2"}},{"type":"Feature","geometry":{"type":"Point","coordinates":[8.1599444,48.7606248]},"properties":{"maxwidth":"2"}},{"type":"Feature","geometry":{"type":"Point","coordinates":[8.159975,48.7607242]},"properties":{"maxwidth":"2"}},{"type":"Feature","geometry":{"type":"Point","coordinates":[8.6982252,48.892974]},"properties":{"maxheight":"2","maxweight":"2.5"}},{"type":"Feature","geometry":{"type":"Point","coordinates":[8.9222775,48.9546876]},"properties":{"maxwidth":"1"}},{"type":"Feature","geometry":{"type":"Point","coordinates":[8.405379,48.9957211]},"properties":{"maxheight":"2.1"}},{"type":"Feature","geometry":{"type":"Point","coordinates":[8.1932109,48.9580816]},"properties":{"maxheight":"6.5"}},{"type":"Feature","geometry":{"type":"Point","coordinates":[8.117817,48.6883552]},"properties":{"maxwidth":"5"}},{"type":"Feature","geometry":{"type":"Point","coordinates":[8.3657899,48.9887102]},"properties":{"maxheight":"below_default"}},{"type":"Feature","geometry":{"type":"Point","coordinates":[8.3655064,48.9887093]},"properties":{"maxheight":"below_default"}},{"type":"Feature","geometry":{"type":"Point","coordinates":[8.3652543,48.9887102]},"properties":{"maxheight":"below_default"}},{"type":"Feature","geometry":{"type":"Point","coordinates":[8.9638949,48.2565507]},"properties":{"maxheight":"3.7"}},{"type":"Feature","geometry":{"type":"Point","coordinates":[8.684862,48.8900477]},"properties":{"hgv":"yes"}},{"type":"Feature","geometry":{"type":"Point","coordinates":[8.9990047,48.7080744]},"properties":{"maxheight":"1.9"}},{"type":"Feature","geometry":{"type":"Point","coordinates":[8.4654537,48.9993031]},"properties":{"maxheight":"2"}},{"type":"Feature","geometry":{"type":"Point","coordinates":[8.7292247,48.5446128]},"properties":{"maxheight":"2.2"}},{"type":"Feature","geometry":{"type":"Point","coordinates":[8.2077628,48.8575349]},"properties":{"maxweight":"3.25"}},{"type":"Feature","geometry":{"type":"Point","coordinates":[8.2077922,48.8575597]},"properties":{"maxweight":"3.25"}},{"type":"Feature","geometry":{"type":"Point","coordinates":[8.2078216,48.8575844]},"properties":{"maxweight":"3.25"}},{"type":"Feature","geometry":{"type":"Point","coordinates":[8.1560777,48.7961269]},"properties":{"hgv":"yes"}},{"type":"Feature","geometry":{"type":"Point","coordinates":[8.4881397,48.4728233]},"properties":{"maxweight":"3.5"}},{"type":"Feature","geometry":{"type":"Point","coordinates":[8.5493163,48.8392538]},"properties":{"maxwidth":"1.5"}},{"type":"Feature","geometry":{"type":"Point","coordinates":[8.1140026,48.8315386]},"properties":{"maxheight":"3"}},{"type":"Feature","geometry":{"type":"Point","coordinates":[8.6025185,48.5318153]},"properties":{"maxweight":"6"}},{"type":"Feature","geometry":{"type":"Point","coordinates":[8.6919383,48.661898]},"properties":{"hgv":"no","goods":"no"}},{"type":"Feature","geometry":{"type":"Point","coordinates":[8.6066809,48.5537834]},"properties":{"maxweight":"3.5"}},{"type":"Feature","geometry":{"type":"Point","coordinates":[8.2366667,48.8625118]},"properties":{"maxheight":"3.2"}},{"type":"Feature","geometry":{"type":"Point","coordinates":[8.7223378,48.8961783]},"properties":{"maxheight":"1.9"}},{"type":"Feature","geometry":{"type":"Point","coordinates":[8.7223091,48.8962109]},"properties":{"maxheight":"1.9"}},{"type":"Feature","geometry":{"type":"Point","coordinates":[8.7227791,48.8964254]},"properties":{"maxheight":"2","maxweight":"2.5"}},{"type":"Feature","geometry":{"type":"Point","coordinates":[8.3187311,48.8035204]},"properties":{"maxheight":"2"}},{"type":"Feature","geometry":{"type":"Point","coordinates":[8.3768675,48.9549654]},"properties":{"maxheight":"2"}},{"type":"Feature","geometry":{"type":"Point","coordinates":[8.451207,48.9967857]},"properties":{"maxwidth":"2.5 m"}},{"type":"Feature","geometry":{"type":"Point","coordinates":[8.4530597,48.9966456]},"properties":{"maxwidth":"4"}},{"type":"Feature","geometry":{"type":"Point","coordinates":[8.4532979,48.996607]},"properties":{"maxwidth":"4"}},{"type":"Feature","geometry":{"type":"Point","coordinates":[8.4490639,48.9961597]},"properties":{"maxwidth":"4"}},{"type":"Feature","geometry":{"type":"Point","coordinates":[8.4498483,48.9967761]},"properties":{"maxwidth":"3 m"}},{"type":"Feature","geometry":{"type":"Point","coordinates":[8.4514414,48.9969088]},"properties":{"maxwidth":"2.5 m"}},{"type":"Feature","geometry":{"type":"Point","coordinates":[8.4543964,48.9969024]},"properties":{"maxwidth":"3 m"}},{"type":"Feature","geometry":{"type":"Point","coordinates":[8.224451,48.8660977]},"properties":{"maxheight":"2"}},{"type":"Feature","geometry":{"type":"Point","coordinates":[8.3660038,48.9985336]},"properties":{"hgv":"yes"}},{"type":"Feature","geometry":{"type":"Point","coordinates":[8.1960929,48.8157405]},"properties":{"maxheight":"3"}},{"type":"Feature","geometry":{"type":"Point","coordinates":[8.4652688,48.0698394]},"properties":{"hgv":"no"}},{"type":"Feature","geometry":{"type":"Point","coordinates":[8.9999527,48.708544]},"properties":{"maxwidth":"1.6"}},{"type":"Feature","geometry":{"type":"Point","coordinates":[8.6890299,48.4413402]},"properties":{"maxweight":"0.8"}},{"type":"Feature","geometry":{"type":"Point","coordinates":[8.6889946,48.4415587]},"properties":{"maxweight":"0.8"}},{"type":"Feature","geometry":{"type":"Point","coordinates":[8.6889169,48.4417451]},"properties":{"maxweight":"0.8"}},{"type":"Feature","geometry":{"type":"Point","coordinates":[8.3841431,48.9992549]},"properties":{"maxheight":"2.1"}},{"type":"Feature","geometry":{"type":"Point","coordinates":[8.240948,48.888999]},"properties":{"maxweight":"1.05"}},{"type":"Feature","geometry":{"type":"Point","coordinates":[8.932029,48.8463487]},"properties":{"maxheight":"2.1"}},{"type":"Feature","geometry":{"type":"Point","coordinates":[8.9372965,48.7764272]},"properties":{"hgv":"no"}},{"type":"Feature","geometry":{"type":"Point","coordinates":[8.4177984,48.9391895]},"properties":{"maxheight":"2"}},{"type":"Feature","geometry":{"type":"Point","coordinates":[8.4029591,48.9930272]},"properties":{"maxlength":"3"}},{"type":"Feature","geometry":{"type":"Point","coordinates":[8.9587281,48.9319749]},"properties":{"maxheight":"2"}},{"type":"Feature","geometry":{"type":"Point","coordinates":[8.5418041,48.9917547]},"properties":{"maxwidth":"3.7"}},{"type":"Feature","geometry":{"type":"Point","coordinates":[8.957924,48.9325815]},"properties":{"maxheight":"1.93"}},{"type":"Feature","geometry":{"type":"Point","coordinates":[8.2023696,48.8673076]},"properties":{"maxheight":"2"}},{"type":"Feature","geometry":{"type":"Point","coordinates":[8.9959729,48.684413]},"properties":{"maxheight":"1.9"}},{"type":"Feature","geometry":{"type":"Point","coordinates":[8.0786771,48.7854092]},"properties":{"maxwidth":"1.5"}},{"type":"Feature","geometry":{"type":"Point","coordinates":[8.9943057,48.9264353]},"properties":{"maxwidth":"5.00"}},{"type":"Feature","geometry":{"type":"Point","coordinates":[8.9942553,48.9264652]},"properties":{"maxwidth":"5.00"}},{"type":"Feature","geometry":{"type":"Point","coordinates":[8.3777482,48.9986661]},"properties":{"maxheight":"2.1"}},{"type":"Feature","geometry":{"type":"Point","coordinates":[8.3582154,48.9938595]},"properties":{"maxwidth":"1.3"}},{"type":"Feature","geometry":{"type":"Point","coordinates":[8.3569484,48.9941343]},"properties":{"maxwidth":"1.7"}},{"type":"Feature","geometry":{"type":"Point","coordinates":[8.6982243,48.8929506]},"properties":{"maxheight":"2.0","maxweight":"2.5"}},{"type":"Feature","geometry":{"type":"Point","coordinates":[8.9232431,48.9708631]},"properties":{"maxwidth":"1.00"}},{"type":"Feature","geometry":{"type":"Point","coordinates":[8.2258245,48.8602607]},"properties":{"maxheight":"2.05"}},{"type":"Feature","geometry":{"type":"Point","coordinates":[8.4178367,48.4624162]},"properties":{"hgv":"designated"}},{"type":"Feature","geometry":{"type":"Point","coordinates":[8.4111142,48.9960973]},"properties":{"maxheight":"2.3"}},{"type":"Feature","geometry":{"type":"Point","coordinates":[8.4111568,48.9961048]},"properties":{"maxheight":"2.3"}},{"type":"Feature","geometry":{"type":"Point","coordinates":[8.9230106,48.9726868]},"properties":{"maxwidth":"2.20"}},{"type":"Feature","geometry":{"type":"Point","coordinates":[8.1609758,48.7609946]},"properties":{"maxwidth":"2"}},{"type":"Feature","geometry":{"type":"Point","coordinates":[8.1609887,48.7608]},"properties":{"maxwidth":"2"}},{"type":"Feature","geometry":{"type":"Point","coordinates":[8.2069447,48.8553605]},"properties":{"maxheight":"2"}},{"type":"Feature","geometry":{"type":"Point","coordinates":[8.2069521,48.8553905]},"properties":{"maxheight":"2"}},{"type":"Feature","geometry":{"type":"Point","coordinates":[8.8898032,48.9920991]},"properties":{"maxwidth":"0.50"}},{"type":"Feature","geometry":{"type":"Point","coordinates":[8.9586277,48.9298554]},"properties":{"maxheight":"2.2"}},{"type":"Feature","geometry":{"type":"Point","coordinates":[8.4054821,48.9658246]},"properties":{"maxheight":"2.25"}},{"type":"Feature","geometry":{"type":"Point","coordinates":[8.9632851,48.9348562]},"properties":{"maxwidth":"1"}},{"type":"Feature","geometry":{"type":"Point","coordinates":[8.965916,48.9325286]},"properties":{"maxwidth":"1"}},{"type":"Feature","geometry":{"type":"Point","coordinates":[8.9656983,48.9326817]},"properties":{"maxwidth":"1"}},{"type":"Feature","geometry":{"type":"Point","coordinates":[8.4152495,48.4699719]},"properties":{"maxheight":"2.5"}},{"type":"Feature","geometry":{"type":"Point","coordinates":[8.4153316,48.46999]},"properties":{"maxheight":"2.5"}},{"type":"Feature","geometry":{"type":"Point","coordinates":[8.4154366,48.4698748]},"properties":{"maxheight":"2.5"}},{"type":"Feature","geometry":{"type":"Point","coordinates":[8.957362,48.9373289]},"properties":{"maxwidth":"1"}},{"type":"Feature","geometry":{"type":"Point","coordinates":[8.9572753,48.9373138]},"properties":{"maxwidth":"1"}},{"type":"Feature","geometry":{"type":"Point","coordinates":[8.9571885,48.9372987]},"properties":{"maxwidth":"1"}},{"type":"Feature","geometry":{"type":"Point","coordinates":[8.9848526,48.9168847]},"properties":{"maxwidth":"1.5"}},{"type":"Feature","geometry":{"type":"Point","coordinates":[8.4566642,48.9971833]},"properties":{"maxheight":"below_default"}},{"type":"Feature","geometry":{"type":"Point","coordinates":[8.904116,48.8526086]},"properties":{"maxheight":"2.1"}},{"type":"Feature","geometry":{"type":"Point","coordinates":[8.410159,48.9389444]},"properties":{"maxheight":"2"}},{"type":"Feature","geometry":{"type":"Point","coordinates":[8.7439857,48.9940479]},"properties":{"maxwidth":"3.00"}},{"type":"Feature","geometry":{"type":"Point","coordinates":[8.4906355,48.9455238]},"properties":{"maxheight":"2.1"}},{"type":"Feature","geometry":{"type":"Point","coordinates":[8.5348846,48.0639813]},"properties":{"hgv":"no"}},{"type":"Feature","geometry":{"type":"Point","coordinates":[8.0046058,48.6199013]},"properties":{"maxweight":"6"}},{"type":"Feature","geometry":{"type":"Point","coordinates":[8.0129234,48.6460789]},"properties":{"maxweight":"6"}},{"type":"Feature","geometry":{"type":"Point","coordinates":[8.3380746,48.981787]},"properties":{"hgv":"no"}},{"type":"Feature","geometry":{"type":"Point","coordinates":[8.9686833,48.98965]},"properties":{"maxwidth":"1"}},{"type":"Feature","geometry":{"type":"Point","coordinates":[8.9712045,48.9909266]},"properties":{"maxwidth":"1"}},{"type":"Feature","geometry":{"type":"Point","coordinates":[8.9702186,48.991429]},"properties":{"maxwidth":"1"}},{"type":"Feature","geometry":{"type":"Point","coordinates":[8.9702464,48.9914201]},"properties":{"maxwidth":"0.5"}},{"type":"Feature","geometry":{"type":"Point","coordinates":[8.4516489,48.9752412]},"properties":{"maxwidth":"1"}},{"type":"Feature","geometry":{"type":"Point","coordinates":[8.8312464,48.9490675]},"properties":{"maxheight":"2.20","maxwidth":"1.00"}},{"type":"Feature","geometry":{"type":"Point","coordinates":[8.0381683,48.6409339]},"properties":{"hgv":"designated"}},{"type":"Feature","geometry":{"type":"Point","coordinates":[8.8565246,48.9555639]},"properties":{"maxheight":"2.20","maxwidth":"2.00"}},{"type":"Feature","geometry":{"type":"Point","coordinates":[8.8558135,48.9553523]},"properties":{"maxheight":"2.20","maxwidth":"2.00"}},{"type":"Feature","geometry":{"type":"Point","coordinates":[8.8553626,48.9552094]},"properties":{"maxheight":"2.20","maxwidth":"1.00"}},{"type":"Feature","geometry":{"type":"Point","coordinates":[8.8590271,48.9562126]},"properties":{"maxheight":"2.20","maxwidth":"1.00"}},{"type":"Feature","geometry":{"type":"Point","coordinates":[8.8637339,48.9566347]},"properties":{"maxheight":"2.20","maxwidth":"1.00"}},{"type":"Feature","geometry":{"type":"Point","coordinates":[8.8612024,48.9563906]},"properties":{"maxwidth":"2.50"}},{"type":"Feature","geometry":{"type":"Point","coordinates":[8.8611678,48.9563869]},"properties":{"maxwidth":"2.50"}},{"type":"Feature","geometry":{"type":"Point","coordinates":[8.8611343,48.9563833]},"properties":{"maxwidth":"2.50"}},{"type":"Feature","geometry":{"type":"Point","coordinates":[8.8601045,48.9562545]},"properties":{"maxwidth":"1.80"}},{"type":"Feature","geometry":{"type":"Point","coordinates":[8.8600809,48.9562507]},"properties":{"maxwidth":"1.80"}},{"type":"Feature","geometry":{"type":"Point","coordinates":[8.860057,48.9562469]},"properties":{"maxwidth":"1.80"}},{"type":"Feature","geometry":{"type":"Point","coordinates":[8.8600334,48.9562432]},"properties":{"maxwidth":"1.80"}},{"type":"Feature","geometry":{"type":"Point","coordinates":[8.8600095,48.9562394]},"properties":{"maxwidth":"1.80"}},{"type":"Feature","geometry":{"type":"Point","coordinates":[8.4568994,48.9888729]},"properties":{"maxheight":"1.9"}},{"type":"Feature","geometry":{"type":"Point","coordinates":[8.4557076,48.989022]},"properties":{"maxheight":"1.9"}},{"type":"Feature","geometry":{"type":"Point","coordinates":[8.4113467,48.9392294]},"properties":{"maxheight":"2"}},{"type":"Feature","geometry":{"type":"Point","coordinates":[8.4121923,48.9392502]},"properties":{"maxheight":"2.1"}},{"type":"Feature","geometry":{"type":"Point","coordinates":[8.9591679,48.9282628]},"properties":{"maxheight":"below_default"}},{"type":"Feature","geometry":{"type":"Point","coordinates":[8.9579347,48.9285776]},"properties":{"maxheight":"below_default"}},{"type":"Feature","geometry":{"type":"Point","coordinates":[8.931777,48.4760351]},"properties":{"maxheight":"2"}},{"type":"Feature","geometry":{"type":"Point","coordinates":[8.2451292,48.7683313]},"properties":{"maxwidth":"1"}},{"type":"Feature","geometry":{"type":"Point","coordinates":[8.9887491,48.9798982]},"properties":{"maxwidth":"0.5"}},{"type":"Feature","geometry":{"type":"Point","coordinates":[8.3197363,48.8027155]},"properties":{"maxweight":"0.75"}},{"type":"Feature","geometry":{"type":"Point","coordinates":[8.525753,48.0304784]},"properties":{"hgv":"no"}},{"type":"Feature","geometry":{"type":"Point","coordinates":[8.2339304,48.8608354]},"properties":{"hgv":"no"}},{"type":"Feature","geometry":{"type":"Point","coordinates":[8.4030049,48.9726553]},"properties":{"maxheight":"1.9"}},{"type":"Feature","geometry":{"type":"Point","coordinates":[8.3307034,48.9873384]},"properties":{"maxwidth":"1.6"}},{"type":"Feature","geometry":{"type":"Point","coordinates":[8.9873115,48.5233896]},"properties":{"maxheight":"default"}},{"type":"Feature","geometry":{"type":"Point","coordinates":[8.9936049,48.5227956]},"properties":{"maxheight":"default"}},{"type":"Feature","geometry":{"type":"Point","coordinates":[8.9989212,48.5213009]},"properties":{"maxheight":"default"}},{"type":"Feature","geometry":{"type":"Point","coordinates":[8.4352288,48.8013671]},"properties":{"maxheight":"2.2"}},{"type":"Feature","geometry":{"type":"Point","coordinates":[8.7821989,48.4796422]},"properties":{"maxweight":"1.050"}},{"type":"Feature","geometry":{"type":"Point","coordinates":[8.3341234,48.9912678]},"properties":{"maxwidth":"1.5"}},{"type":"Feature","geometry":{"type":"Point","coordinates":[8.3342391,48.9912272]},"properties":{"maxwidth":"1.4"}},{"type":"Feature","geometry":{"type":"Point","coordinates":[8.3978683,48.9938964]},"properties":{"maxheight":"2"}},{"type":"Feature","geometry":{"type":"Point","coordinates":[8.1686702,48.4766928]},"properties":{"maxheight":"3.8"}},{"type":"Feature","geometry":{"type":"Point","coordinates":[8.3967902,48.9935959]},"properties":{"maxheight":"2"}},{"type":"Feature","geometry":{"type":"Point","coordinates":[8.3970693,48.9934163]},"properties":{"maxheight":"below_default"}},{"type":"Feature","geometry":{"type":"Point","coordinates":[8.2127497,48.8605646]},"properties":{"hgv":"no"}},{"type":"Feature","geometry":{"type":"Point","coordinates":[8.3663607,48.982355]},"properties":{"maxheight":"2.1"}},{"type":"Feature","geometry":{"type":"Point","coordinates":[8.3673438,48.9819345]},"properties":{"maxheight":"2.1"}},{"type":"Feature","geometry":{"type":"Point","coordinates":[8.3669192,48.9813206]},"properties":{"maxheight":"1.98"}},{"type":"Feature","geometry":{"type":"Point","coordinates":[8.7453356,48.7134681]},"properties":{"maxheight":"2.05"}},{"type":"Feature","geometry":{"type":"Point","coordinates":[8.1594402,48.7619704]},"properties":{"maxwidth":"4"}},{"type":"Feature","geometry":{"type":"Point","coordinates":[8.9627864,48.5524425]},"properties":{"maxweight":"0.63"}},{"type":"Feature","geometry":{"type":"Point","coordinates":[8.9630705,48.5524338]},"properties":{"maxweight":"0.63"}},{"type":"Feature","geometry":{"type":"Point","coordinates":[8.8466168,48.9508998]},"properties":{"maxheight":"2"}},{"type":"Feature","geometry":{"type":"Point","coordinates":[8.8462518,48.9508307]},"properties":{"maxheight":"2"}},{"type":"Feature","geometry":{"type":"Point","coordinates":[8.9649302,48.878082]},"properties":{"maxwidth":"0.5"}},{"type":"Feature","geometry":{"type":"Point","coordinates":[8.9996545,48.7200656]},"properties":{"maxheight":"2"}},{"type":"Feature","geometry":{"type":"Point","coordinates":[8.3647089,48.60644]},"properties":{"maxwidth":"0.8"}},{"type":"Feature","geometry":{"type":"Point","coordinates":[8.4508789,48.9784667]},"properties":{"maxweight":"16"}},{"type":"Feature","geometry":{"type":"Point","coordinates":[8.5755496,48.295632]},"properties":{"maxweight":"1.000"}},{"type":"Feature","geometry":{"type":"Point","coordinates":[8.5752703,48.2956522]},"properties":{"maxweight":"1.000"}},{"type":"Feature","geometry":{"type":"Point","coordinates":[8.4516619,48.988438]},"properties":{"maxwidth":"0.9"}},{"type":"Feature","geometry":{"type":"Point","coordinates":[8.4650409,48.9948384]},"properties":{"maxheight":"below_default"}},{"type":"Feature","geometry":{"type":"Point","coordinates":[8.4642215,48.9946985]},"properties":{"maxheight":"below_default"}},{"type":"Feature","geometry":{"type":"Point","coordinates":[8.5706228,48.9519595]},"properties":{"maxheight":"2"}},{"type":"Feature","geometry":{"type":"Point","coordinates":[8.9950186,48.6880937]},"properties":{"maxheight":"2"}},{"type":"Feature","geometry":{"type":"Point","coordinates":[8.6449056,48.7867464]},"properties":{"maxheight":"2.1"}},{"type":"Feature","geometry":{"type":"Point","coordinates":[8.4231186,48.9341141]},"properties":{"maxwidth":"1.6"}},{"type":"Feature","geometry":{"type":"Point","coordinates":[8.4665015,48.9959852]},"properties":{"maxheight":"2"}},{"type":"Feature","geometry":{"type":"Point","coordinates":[8.465562,48.9962703]},"properties":{"maxheight":"2"}},{"type":"Feature","geometry":{"type":"Point","coordinates":[8.3679314,48.9796617]},"properties":{"maxheight":"2.05"}},{"type":"Feature","geometry":{"type":"Point","coordinates":[8.4068591,48.9454091]},"properties":{"maxheight":"2"}},{"type":"Feature","geometry":{"type":"Point","coordinates":[8.4073936,48.9448383]},"properties":{"maxheight":"2"}},{"type":"Feature","geometry":{"type":"Point","coordinates":[8.4082992,48.9962524]},"properties":{"maxheight":"below_default"}},{"type":"Feature","geometry":{"type":"Point","coordinates":[8.4087139,48.9962467]},"properties":{"maxheight":"2.2"}},{"type":"Feature","geometry":{"type":"Point","coordinates":[8.4120456,48.9974253]},"properties":{"maxheight":"2"}},{"type":"Feature","geometry":{"type":"Point","coordinates":[8.4119993,48.9974123]},"properties":{"maxheight":"below_default"}},{"type":"Feature","geometry":{"type":"Point","coordinates":[8.9956717,48.8866255]},"properties":{"maxheight":"default"}},{"type":"Feature","geometry":{"type":"Point","coordinates":[8.8153751,48.7731022]},"properties":{"maxwidth":"1"}},{"type":"Feature","geometry":{"type":"Point","coordinates":[8.2412925,48.8890129]},"properties":{"maxwidth":"1.4"}},{"type":"Feature","geometry":{"type":"Point","coordinates":[8.2406477,48.8891442]},"properties":{"maxwidth":"1.4"}},{"type":"Feature","geometry":{"type":"Point","coordinates":[8.7410299,48.7122747]},"properties":{"maxheight":"2.1"}},{"type":"Feature","geometry":{"type":"Point","coordinates":[8.9430577,48.6621396]},"properties":{"maxweight":"0.630"}},{"type":"Feature","geometry":{"type":"Point","coordinates":[8.4650381,48.0581351]},"properties":{"maxwidth":"1.2"}},{"type":"Feature","geometry":{"type":"Point","coordinates":[8.4650553,48.0586853]},"properties":{"maxwidth":"1.2"}},{"type":"Feature","geometry":{"type":"Point","coordinates":[8.4650837,48.0585617]},"properties":{"maxwidth":"1.3"}},{"type":"Feature","geometry":{"type":"Point","coordinates":[8.409831,48.9965639]},"properties":{"goods":"designated"}},{"type":"Feature","geometry":{"type":"Point","coordinates":[8.4617864,48.99353]},"properties":{"maxheight":"2"}},{"type":"Feature","geometry":{"type":"Point","coordinates":[8.9647283,48.8777434]},"properties":{"maxwidth":"0.5"}},{"type":"Feature","geometry":{"type":"Point","coordinates":[8.8681229,48.5850919]},"properties":{"maxwidth":"1.3"}},{"type":"Feature","geometry":{"type":"Point","coordinates":[8.451473,48.9958252]},"properties":{"hgv":"no"}},{"type":"Feature","geometry":{"type":"Point","coordinates":[8.4521692,48.9960321]},"properties":{"hgv":"no"}},{"type":"Feature","geometry":{"type":"Point","coordinates":[8.4519656,48.9967164]},"properties":{"maxheight":"2.7"}},{"type":"Feature","geometry":{"type":"Point","coordinates":[8.4136577,48.9759023]},"properties":{"maxheight":"1.95"}},{"type":"Feature","geometry":{"type":"Point","coordinates":[8.4122085,48.9755988]},"properties":{"maxheight":"1.95 m"}},{"type":"Feature","geometry":{"type":"Point","coordinates":[8.1096363,48.238756]},"properties":{"maxwidth":"1"}},{"type":"Feature","geometry":{"type":"Point","coordinates":[8.1096753,48.2387651]},"properties":{"maxwidth":"1"}},{"type":"Feature","geometry":{"type":"Point","coordinates":[8.7116539,48.8235974]},"properties":{"maxweight":"7.5"}},{"type":"Feature","geometry":{"type":"Point","coordinates":[8.7109888,48.8232928]},"properties":{"maxweight":"7.5"}},{"type":"Feature","geometry":{"type":"Point","coordinates":[8.4429127,48.9338168]},"properties":{"maxheight":"1.95"}},{"type":"Feature","geometry":{"type":"Point","coordinates":[8.4419355,48.9342309]},"properties":{"maxheight":"1.95"}},{"type":"Feature","geometry":{"type":"Point","coordinates":[8.4157348,48.9660815]},"properties":{"maxwidth":"1.3"}},{"type":"Feature","geometry":{"type":"Point","coordinates":[8.4528218,48.9623723]},"properties":{"maxwidth":"1.0"}},{"type":"Feature","geometry":{"type":"Point","coordinates":[8.452667,48.9624349]},"properties":{"maxwidth":"1.0"}},{"type":"Feature","geometry":{"type":"Point","coordinates":[8.7037545,48.8930908]},"properties":{"maxweight":"1.0"}},{"type":"Feature","geometry":{"type":"Point","coordinates":[8.70372,48.893575]},"properties":{"maxweight":"1.000"}},{"type":"Feature","geometry":{"type":"Point","coordinates":[8.3657809,48.9904959]},"properties":{"maxwidth":"1.4"}},{"type":"Feature","geometry":{"type":"Point","coordinates":[8.7682164,48.8794335]},"properties":{"maxweight":"2.8"}},{"type":"Feature","geometry":{"type":"Point","coordinates":[8.0539205,48.0841311]},"properties":{"maxwidth":"3"}},{"type":"Feature","geometry":{"type":"Point","coordinates":[8.3719623,48.5041636]},"properties":{"maxwidth":"0.92 m"}},{"type":"Feature","geometry":{"type":"Point","coordinates":[8.372029,48.5041718]},"properties":{"maxwidth":"0.92 m"}},{"type":"Feature","geometry":{"type":"Point","coordinates":[8.3859287,48.9962105]},"properties":{"maxwidth":"2.2"}},{"type":"Feature","geometry":{"type":"Point","coordinates":[8.4016214,48.9954072]},"properties":{"maxwidth":"1.90m"}},{"type":"Feature","geometry":{"type":"Point","coordinates":[8.0076587,48.5920237]},"properties":{"maxwidth":"1.3"}},{"type":"Feature","geometry":{"type":"Point","coordinates":[8.3962685,48.9931807]},"properties":{"maxheight":"1.16","maxwidth":"0.80","maxlength":"1.98"}},{"type":"Feature","geometry":{"type":"Point","coordinates":[8.4125877,48.9471998]},"properties":{"maxwidth":"1.4"}},{"type":"Feature","geometry":{"type":"Point","coordinates":[8.868782,48.5984262]},"properties":{"maxheight":"2.1"}},{"type":"Feature","geometry":{"type":"Point","coordinates":[8.4033344,48.9916378]},"properties":{"maxheight":"1.95"}},{"type":"Feature","geometry":{"type":"Point","coordinates":[8.8280384,48.5231934]},"properties":{"maxweight":"1.050"}},{"type":"Feature","geometry":{"type":"Point","coordinates":[8.8278083,48.5231682]},"properties":{"maxweight":"1.050"}},{"type":"Feature","geometry":{"type":"Point","coordinates":[8.4591079,48.9918742]},"properties":{"maxweight":"1.5"}},{"type":"Feature","geometry":{"type":"Point","coordinates":[8.195039,48.8114875]},"properties":{"maxheight":"2.4","maxwidth":"2.38"}},{"type":"Feature","geometry":{"type":"Point","coordinates":[8.3422916,48.124096]},"properties":{"maxwidth":"1.2"}},{"type":"Feature","geometry":{"type":"Point","coordinates":[8.6368459,48.3664786]},"properties":{"maxweight":"1.050"}},{"type":"Feature","geometry":{"type":"Point","coordinates":[8.6365997,48.3665781]},"properties":{"maxweight":"1.050"}},{"type":"Feature","geometry":{"type":"Point","coordinates":[8.0377044,48.6412988]},"properties":{"hgv":"no"}},{"type":"Feature","geometry":{"type":"Point","coordinates":[8.3988193,48.9917043]},"properties":{"maxheight":"2.1"}},{"type":"Feature","geometry":{"type":"Point","coordinates":[8.4037852,48.9929097]},"properties":{"maxheight":"2.10"}},{"type":"Feature","geometry":{"type":"Point","coordinates":[8.1311636,48.6960567]},"properties":{"maxheight":"below_default"}},{"type":"Feature","geometry":{"type":"Point","coordinates":[8.1325952,48.6956716]},"properties":{"maxheight":"4","maxwidth":"2"}},{"type":"Feature","geometry":{"type":"Point","coordinates":[8.4153546,48.998689]},"properties":{"maxwidth":"1.4"}},{"type":"Feature","geometry":{"type":"Point","coordinates":[8.362209,48.9934224]},"properties":{"maxwidth":"1.1"}},{"type":"Feature","geometry":{"type":"Point","coordinates":[8.3349739,48.9652653]},"properties":{"maxwidth":"1.4"}},{"type":"Feature","geometry":{"type":"Point","coordinates":[8.3564763,48.9941178]},"properties":{"maxwidth":"1.3"}},{"type":"Feature","geometry":{"type":"Point","coordinates":[8.3559557,48.9943557]},"properties":{"maxwidth":"1.3"}},{"type":"Feature","geometry":{"type":"Point","coordinates":[8.2101993,48.8598188]},"properties":{"maxheight":"2"}},{"type":"Feature","geometry":{"type":"Point","coordinates":[8.9442719,48.658027]},"properties":{"maxwidth":"0.5"}},{"type":"Feature","geometry":{"type":"Point","coordinates":[8.9446105,48.6584079]},"properties":{"maxwidth":"0.5"}},{"type":"Feature","geometry":{"type":"Point","coordinates":[8.5371038,48.0458952]},"properties":{"hgv":"yes"}},{"type":"Feature","geometry":{"type":"Point","coordinates":[8.4231,48.934039]},"properties":{"maxwidth":"1.4"}},{"type":"Feature","geometry":{"type":"Point","coordinates":[8.5304663,48.0570208]},"properties":{"maxheight":"2.5"}},{"type":"Feature","geometry":{"type":"Point","coordinates":[8.530505,48.0570321]},"properties":{"maxheight":"2.5"}},{"type":"Feature","geometry":{"type":"Point","coordinates":[8.5305563,48.0570671]},"properties":{"maxheight":"2.5"}},{"type":"Feature","geometry":{"type":"Point","coordinates":[8.5305917,48.0570873]},"properties":{"maxheight":"2.5"}},{"type":"Feature","geometry":{"type":"Point","coordinates":[8.3183691,48.1307364]},"properties":{"maxheight":"2"}},{"type":"Feature","geometry":{"type":"Point","coordinates":[8.3186697,48.1304501]},"properties":{"maxheight":"2"}},{"type":"Feature","geometry":{"type":"Point","coordinates":[8.3181987,48.1308987]},"properties":{"maxheight":"2"}},{"type":"Feature","geometry":{"type":"Point","coordinates":[8.3730707,48.520966]},"properties":{"maxheight":"2"}},{"type":"Feature","geometry":{"type":"Point","coordinates":[8.9407119,48.7739092]},"properties":{"maxheight":"below_default"}},{"type":"Feature","geometry":{"type":"Point","coordinates":[8.9447057,48.7740356]},"properties":{"maxheight":"below_default"}},{"type":"Feature","geometry":{"type":"Point","coordinates":[8.1592289,48.423458]},"properties":{"maxweight":"1.8"}},{"type":"Feature","geometry":{"type":"Point","coordinates":[8.4647474,48.0572439]},"properties":{"hgv":"no"}},{"type":"Feature","geometry":{"type":"Point","coordinates":[8.5161605,48.0629417]},"properties":{"hgv":"no"}},{"type":"Feature","geometry":{"type":"Point","coordinates":[8.5315297,48.0159896]},"properties":{"maxheight":"below_default"}},{"type":"Feature","geometry":{"type":"Point","coordinates":[8.9001231,48.6397098]},"properties":{"maxheight":"below_default"}},{"type":"Feature","geometry":{"type":"Point","coordinates":[8.0038049,48.5842524]},"properties":{"hgv":"delivery"}},{"type":"Feature","geometry":{"type":"Point","coordinates":[8.5329486,48.0153481]},"properties":{"maxheight":"below_default"}},{"type":"Feature","geometry":{"type":"Point","coordinates":[8.5313739,48.0150379]},"properties":{"maxheight":"below_default"}},{"type":"Feature","geometry":{"type":"Point","coordinates":[8.4475206,48.0657378]},"properties":{"hgv":"no"}},{"type":"Feature","geometry":{"type":"Point","coordinates":[8.459356,48.0525135]},"properties":{"maxheight":"below_default"}},{"type":"Feature","geometry":{"type":"Point","coordinates":[8.7723034,48.4023907]},"properties":{"maxweight":"3.5"}},{"type":"Feature","geometry":{"type":"Point","coordinates":[8.9984542,48.5013268]},"properties":{"maxheight":"below_default"}},{"type":"Feature","geometry":{"type":"Point","coordinates":[8.4623854,48.0544635]},"properties":{"maxheight":"below_default"}},{"type":"Feature","geometry":{"type":"Point","coordinates":[8.8101581,48.4896386]},"properties":{"maxweight":"1.050"}},{"type":"Feature","geometry":{"type":"Point","coordinates":[8.8099891,48.4896074]},"properties":{"maxweight":"1.050"}},{"type":"Feature","geometry":{"type":"Point","coordinates":[8.2001413,48.8643627]},"properties":{"maxheight":"1.98"}},{"type":"Feature","geometry":{"type":"Point","coordinates":[8.1757467,48.3188026]},"properties":{"hgv":"no"}},{"type":"Feature","geometry":{"type":"Point","coordinates":[8.4667388,48.9590337]},"properties":{"hgv":"destination"}},{"type":"Feature","geometry":{"type":"Point","coordinates":[8.4713528,48.9637797]},"properties":{"hgv":"no"}},{"type":"Feature","geometry":{"type":"Point","coordinates":[8.996869,48.5018715]},"properties":{"maxheight":"below_default"}},{"type":"Feature","geometry":{"type":"Point","coordinates":[8.4659052,48.9982882]},"properties":{"maxheight":"2"}},{"type":"Feature","geometry":{"type":"Point","coordinates":[8.9706186,48.5033113]},"properties":{"maxheight":"2"}},{"type":"Feature","geometry":{"type":"Point","coordinates":[8.3845022,48.9908591]},"properties":{"maxheight":"below_default"}},{"type":"Feature","geometry":{"type":"Point","coordinates":[8.3837244,48.9907254]},"properties":{"maxheight":"below_default"}},{"type":"Feature","geometry":{"type":"Point","coordinates":[8.7723457,48.9197389]},"properties":{"maxwidth":"8"}},{"type":"Feature","geometry":{"type":"Point","coordinates":[8.275481,48.8263718]},"properties":{"maxwidth":"1.0"}},{"type":"Feature","geometry":{"type":"Point","coordinates":[8.5328722,48.0155092]},"properties":{"maxheight":"below_default"}},{"type":"Feature","geometry":{"type":"Point","coordinates":[8.3783624,48.9963796]},"properties":{"maxheight":"1.95"}},{"type":"Feature","geometry":{"type":"Point","coordinates":[8.8139559,48.9056371]},"properties":{"hgv":"no"}},{"type":"Feature","geometry":{"type":"Point","coordinates":[8.5407644,48.0224374]},"properties":{"maxheight":"2"}},{"type":"Feature","geometry":{"type":"Point","coordinates":[8.9913259,48.5027366]},"properties":{"maxheight":"below_default"}},{"type":"Feature","geometry":{"type":"Point","coordinates":[8.7355907,48.4536682]},"properties":{"maxweight":"7"}},{"type":"Feature","geometry":{"type":"Point","coordinates":[8.4069841,48.9998983]},"properties":{"maxweight":"0.2"}},{"type":"Feature","geometry":{"type":"Point","coordinates":[8.2061722,48.8568069]},"properties":{"maxweight":"3.25"}},{"type":"Feature","geometry":{"type":"Point","coordinates":[8.2554624,48.828765]},"properties":{"maxheight":"below_default"}},{"type":"Feature","geometry":{"type":"Point","coordinates":[8.9997131,48.7127059]},"properties":{"maxheight":"below_default"}},{"type":"Feature","geometry":{"type":"Point","coordinates":[8.999235,48.7134028]},"properties":{"maxheight":"below_default"}},{"type":"Feature","geometry":{"type":"Point","coordinates":[8.7414336,48.7148008]},"properties":{"maxweight":"1.0"}},{"type":"Feature","geometry":{"type":"Point","coordinates":[8.3683838,48.9827133]},"properties":{"maxheight":"below_default"}},{"type":"Feature","geometry":{"type":"Point","coordinates":[8.3679503,48.9827121]},"properties":{"maxheight":"below_default"}},{"type":"Feature","geometry":{"type":"Point","coordinates":[8.3663397,48.9835466]},"properties":{"maxheight":"below_default"}},{"type":"Feature","geometry":{"type":"Point","coordinates":[8.36732,48.9831308]},"properties":{"maxheight":"below_default"}},{"type":"Feature","geometry":{"type":"Point","coordinates":[8.9869452,48.7220537]},"properties":{"maxheight":"2"}},{"type":"Feature","geometry":{"type":"Point","coordinates":[8.3576241,48.9836403]},"properties":{"maxheight":"2"}},{"type":"Feature","geometry":{"type":"Point","coordinates":[8.3942943,48.9491999]},"properties":{"maxheight":"2"}},{"type":"Feature","geometry":{"type":"Point","coordinates":[8.374654,48.9813796]},"properties":{"maxheight":"below_default"}},{"type":"Feature","geometry":{"type":"Point","coordinates":[8.3689988,48.9831567]},"properties":{"maxheight":"2"}},{"type":"Feature","geometry":{"type":"Point","coordinates":[8.3643228,48.9900972]},"properties":{"maxheight":"below_default"}},{"type":"Feature","geometry":{"type":"Point","coordinates":[8.3685278,48.9850075]},"properties":{"maxheight":"below_default"}},{"type":"Feature","geometry":{"type":"Point","coordinates":[8.3674994,48.9828204]},"properties":{"maxheight":"below_default"}},{"type":"Feature","geometry":{"type":"Point","coordinates":[8.3685332,48.9839411]},"properties":{"maxheight":"below_default"}},{"type":"Feature","geometry":{"type":"Point","coordinates":[8.3654216,48.984572]},"properties":{"maxheight":"below_default"}},{"type":"Feature","geometry":{"type":"Point","coordinates":[8.9797801,48.6828151]},"properties":{"hgv":"yes"}},{"type":"Feature","geometry":{"type":"Point","coordinates":[8.9814523,48.6836593]},"properties":{"hgv":"yes"}},{"type":"Feature","geometry":{"type":"Point","coordinates":[8.3689222,48.9812318]},"properties":{"maxheight":"1.8"}},{"type":"Feature","geometry":{"type":"Point","coordinates":[8.993134,48.501874]},"properties":{"maxheight":"below_default"}},{"type":"Feature","geometry":{"type":"Point","coordinates":[8.9968234,48.5018731]},"properties":{"maxheight":"below_default"}},{"type":"Feature","geometry":{"type":"Point","coordinates":[8.3557184,48.6212768]},"properties":{"goods":"yes"}},{"type":"Feature","geometry":{"type":"Point","coordinates":[8.2165704,48.8611612]},"properties":{"maxweight":"1.05"}},{"type":"Feature","geometry":{"type":"Point","coordinates":[8.2164624,48.8612155]},"properties":{"maxweight":"1.05"}},{"type":"Feature","geometry":{"type":"Point","coordinates":[8.2162948,48.8613086]},"properties":{"maxweight":"1.05"}},{"type":"Feature","geometry":{"type":"Point","coordinates":[8.2160956,48.8614125]},"properties":{"maxweight":"1.05"}},{"type":"Feature","geometry":{"type":"Point","coordinates":[8.4882555,48.9451401]},"properties":{"maxwidth":"1.4"}},{"type":"Feature","geometry":{"type":"Point","coordinates":[8.1291921,48.733598]},"properties":{"maxwidth":"1"}},{"type":"Feature","geometry":{"type":"Point","coordinates":[8.1297909,48.7336131]},"properties":{"maxwidth":"1"}},{"type":"Feature","geometry":{"type":"Point","coordinates":[8.1293463,48.7338796]},"properties":{"maxwidth":"1"}},{"type":"Feature","geometry":{"type":"Point","coordinates":[8.1298452,48.7338936]},"properties":{"maxwidth":"1"}},{"type":"Feature","geometry":{"type":"Point","coordinates":[8.8694506,48.8242151]},"properties":{"hgv":"no"}},{"type":"Feature","geometry":{"type":"Point","coordinates":[8.3743334,48.9365426]},"properties":{"maxheight":"below_default"}},{"type":"Feature","geometry":{"type":"Point","coordinates":[8.374911,48.9359732]},"properties":{"maxheight":"below_default"}},{"type":"Feature","geometry":{"type":"Point","coordinates":[8.3746138,48.9362407]},"properties":{"maxheight":"below_default"}},{"type":"Feature","geometry":{"type":"Point","coordinates":[8.9798266,48.7669291]},"properties":{"maxheight":"3"}},{"type":"Feature","geometry":{"type":"Point","coordinates":[8.3714331,48.9814068]},"properties":{"maxheight":"below_default"}},{"type":"Feature","geometry":{"type":"Point","coordinates":[8.3712709,48.9813157]},"properties":{"maxheight":"below_default"}},{"type":"Feature","geometry":{"type":"Point","coordinates":[8.5405314,48.0182548]},"properties":{"maxheight":"1.98"}},{"type":"Feature","geometry":{"type":"Point","coordinates":[8.3669418,48.9999295]},"properties":{"maxheight":"below_default"}},{"type":"Feature","geometry":{"type":"Point","coordinates":[8.7304141,48.5446978]},"properties":{"maxheight":"2.2"}},{"type":"Feature","geometry":{"type":"Point","coordinates":[8.7303918,48.5448349]},"properties":{"maxheight":"2.2"}},{"type":"Feature","geometry":{"type":"Point","coordinates":[8.7292025,48.544753]},"properties":{"maxheight":"2.2"}},{"type":"Feature","geometry":{"type":"Point","coordinates":[8.3669575,48.9831305]},"properties":{"maxheight":"below_default"}},{"type":"Feature","geometry":{"type":"Point","coordinates":[8.4546062,48.9986493]},"properties":{"maxheight":"2"}},{"type":"Feature","geometry":{"type":"Point","coordinates":[8.4545892,48.9985727]},"properties":{"maxheight":"1.8"}},{"type":"Feature","geometry":{"type":"Point","coordinates":[8.2229819,48.1682648]},"properties":{"maxheight":"4"}},{"type":"Feature","geometry":{"type":"Point","coordinates":[8.2229172,48.1682956]},"properties":{"maxheight":"4"}},{"type":"Feature","geometry":{"type":"Point","coordinates":[8.7042161,48.8934973]},"properties":{"maxweight":"1.000"}},{"type":"Feature","geometry":{"type":"Point","coordinates":[8.4063127,48.9727144]},"properties":{"maxheight":"2.05"}},{"type":"Feature","geometry":{"type":"Point","coordinates":[8.903845,48.6365104]},"properties":{"maxheight":"2"}},{"type":"Feature","geometry":{"type":"Point","coordinates":[8.3691877,48.5086272]},"properties":{"maxweight":"30"}},{"type":"Feature","geometry":{"type":"Point","coordinates":[8.3709991,48.5062812]},"properties":{"hgv":"no"}},{"type":"Feature","geometry":{"type":"Point","coordinates":[8.3692056,48.5078444]},"properties":{"maxweight":"30"}},{"type":"Feature","geometry":{"type":"Point","coordinates":[8.3718637,48.5041816]},"properties":{"maxwidth":"0.98 m"}},{"type":"Feature","geometry":{"type":"Point","coordinates":[8.3719171,48.5041866]},"properties":{"maxwidth":"0.92 m"}},{"type":"Feature","geometry":{"type":"Point","coordinates":[8.1940956,48.8767906]},"properties":{"maxheight":"2"}},{"type":"Feature","geometry":{"type":"Point","coordinates":[8.1949297,48.876986]},"properties":{"maxheight":"2"}},{"type":"Feature","geometry":{"type":"Point","coordinates":[8.1957741,48.8772519]},"properties":{"maxheight":"1.8"}},{"type":"Feature","geometry":{"type":"Point","coordinates":[8.7521131,48.9565053]},"properties":{"maxwidth":"1.2"}},{"type":"Feature","geometry":{"type":"Point","coordinates":[8.8221118,48.6433785]},"properties":{"maxweight":"3.5"}},{"type":"Feature","geometry":{"type":"Point","coordinates":[8.3806689,48.990077]},"properties":{"maxheight":"below_default"}},{"type":"Feature","geometry":{"type":"Point","coordinates":[8.3630976,48.9872465]},"properties":{"maxheight":"below_default"}},{"type":"Feature","geometry":{"type":"Point","coordinates":[8.3629769,48.9863958]},"properties":{"maxheight":"below_default"}},{"type":"Feature","geometry":{"type":"Point","coordinates":[8.3631798,48.9850284]},"properties":{"maxheight":"below_default"}},{"type":"Feature","geometry":{"type":"Point","coordinates":[8.3157114,48.9794479]},"properties":{"hgv":"no"}},{"type":"Feature","geometry":{"type":"Point","coordinates":[8.3641413,48.9867572]},"properties":{"maxheight":"below_default"}},{"type":"Feature","geometry":{"type":"Point","coordinates":[8.3706697,48.9820054]},"properties":{"maxheight":"below_default"}},{"type":"Feature","geometry":{"type":"Point","coordinates":[8.130692,48.6953702]},"properties":{"maxheight":"2"}},{"type":"Feature","geometry":{"type":"Point","coordinates":[8.130746,48.6954081]},"properties":{"maxheight":"2"}},{"type":"Feature","geometry":{"type":"Point","coordinates":[8.9547794,48.6611123]},"properties":{"maxheight":"2.05"}},{"type":"Feature","geometry":{"type":"Point","coordinates":[8.3505833,48.734208]},"properties":{"maxheight":"default"}},{"type":"Feature","geometry":{"type":"Point","coordinates":[8.8959298,48.6386542]},"properties":{"maxheight":"below_default"}},{"type":"Feature","geometry":{"type":"Point","coordinates":[8.8974828,48.6389032]},"properties":{"maxheight":"below_default"}},{"type":"Feature","geometry":{"type":"Point","coordinates":[8.8969329,48.6394775]},"properties":{"maxheight":"1.8"}},{"type":"Feature","geometry":{"type":"Point","coordinates":[8.4075747,48.9495105]},"properties":{"maxheight":"below_default"}},{"type":"Feature","geometry":{"type":"Point","coordinates":[8.3740725,48.9370223]},"properties":{"maxheight":"below_default"}},{"type":"Feature","geometry":{"type":"Point","coordinates":[8.89344,48.6424155]},"properties":{"hgv":"destination"}},{"type":"Feature","geometry":{"type":"Point","coordinates":[8.3688568,48.9814302]},"properties":{"maxheight":"below_default"}},{"type":"Feature","geometry":{"type":"Point","coordinates":[8.7300351,48.6693866]},"properties":{"maxheight":"2.4"}},{"type":"Feature","geometry":{"type":"Point","coordinates":[8.95275,48.4799767]},"properties":{"maxheight":"2"}},{"type":"Feature","geometry":{"type":"Point","coordinates":[8.9526787,48.4800126]},"properties":{"maxheight":"2"}},{"type":"Feature","geometry":{"type":"Point","coordinates":[8.1986732,48.1422293]},"properties":{"hgv":"no"}},{"type":"Feature","geometry":{"type":"Point","coordinates":[8.2548597,48.134987]},"properties":{"maxheight":"4"}},{"type":"Feature","geometry":{"type":"Point","coordinates":[8.278842,48.1358972]},"properties":{"maxheight":"4"}},{"type":"Feature","geometry":{"type":"Point","coordinates":[8.2787847,48.1355524]},"properties":{"maxheight":"4"}},{"type":"Feature","geometry":{"type":"Point","coordinates":[8.2702053,48.1380322]},"properties":{"maxheight":"4"}},{"type":"Feature","geometry":{"type":"Point","coordinates":[8.2703327,48.1378711]},"properties":{"maxheight":"4"}},{"type":"Feature","geometry":{"type":"Point","coordinates":[8.2652434,48.1360713]},"properties":{"maxheight":"4"}},{"type":"Feature","geometry":{"type":"Point","coordinates":[8.2652002,48.1363175]},"properties":{"maxheight":"4"}},{"type":"Feature","geometry":{"type":"Point","coordinates":[8.7698447,48.920387]},"properties":{"maxweight":"1.05"}},{"type":"Feature","geometry":{"type":"Point","coordinates":[8.7699675,48.9202264]},"properties":{"maxweight":"1.05"}},{"type":"Feature","geometry":{"type":"Point","coordinates":[8.2328206,48.1652052]},"properties":{"maxheight":"4"}},{"type":"Feature","geometry":{"type":"Point","coordinates":[8.2251304,48.7511374]},"properties":{"maxheight":"1.9"}},{"type":"Feature","geometry":{"type":"Point","coordinates":[8.8959901,48.6395067]},"properties":{"maxheight":"1.8"}},{"type":"Feature","geometry":{"type":"Point","coordinates":[8.2334151,48.2107656]},"properties":{"maxwidth":"1.16"}},{"type":"Feature","geometry":{"type":"Point","coordinates":[8.5289836,48.031949]},"properties":{"hgv":"no"}},{"type":"Feature","geometry":{"type":"Point","coordinates":[8.5321974,48.0322723]},"properties":{"hgv":"yes"}},{"type":"Feature","geometry":{"type":"Point","coordinates":[8.4078751,48.9935615]},"properties":{"maxheight":"2"}},{"type":"Feature","geometry":{"type":"Point","coordinates":[8.5017232,48.8655545]},"properties":{"maxwidth":"1.3"}},{"type":"Feature","geometry":{"type":"Point","coordinates":[8.2305636,48.2123361]},"properties":{"maxheight":"2"}},{"type":"Feature","geometry":{"type":"Point","coordinates":[8.437323,48.0585833]},"properties":{"maxheight":"2"}},{"type":"Feature","geometry":{"type":"Point","coordinates":[8.9885428,48.7132869]},"properties":{"maxheight":"2"}},{"type":"Feature","geometry":{"type":"Point","coordinates":[8.3602756,48.9868101]},"properties":{"maxheight":"below_default"}},{"type":"Feature","geometry":{"type":"Point","coordinates":[8.374918,48.9811573]},"properties":{"maxheight":"below_default"}},{"type":"Feature","geometry":{"type":"Point","coordinates":[8.199551,48.8101918]},"properties":{"maxheight":"below_default"}},{"type":"Feature","geometry":{"type":"Point","coordinates":[8.1996659,48.8103894]},"properties":{"maxheight":"below_default"}},{"type":"Feature","geometry":{"type":"Point","coordinates":[8.1999052,48.8107917]},"properties":{"maxheight":"below_default"}},{"type":"Feature","geometry":{"type":"Point","coordinates":[8.2000124,48.8110032]},"properties":{"maxheight":"below_default"}},{"type":"Feature","geometry":{"type":"Point","coordinates":[8.5258714,48.065716]},"properties":{"hgv":"no"}},{"type":"Feature","geometry":{"type":"Point","coordinates":[8.2383456,48.8919642]},"properties":{"maxheight":"below_default"}},{"type":"Feature","geometry":{"type":"Point","coordinates":[8.2445147,48.8890334]},"properties":{"maxheight":"below_default"}},{"type":"Feature","geometry":{"type":"Point","coordinates":[8.2451032,48.8930438]},"properties":{"maxheight":"2"}},{"type":"Feature","geometry":{"type":"Point","coordinates":[8.1988781,48.808141]},"properties":{"maxheight":"below_default"}},{"type":"Feature","geometry":{"type":"Point","coordinates":[8.1993587,48.8098399]},"properties":{"maxheight":"below_default"}},{"type":"Feature","geometry":{"type":"Point","coordinates":[8.3519089,48.9928015]},"properties":{"maxheight":"below_default"}},{"type":"Feature","geometry":{"type":"Point","coordinates":[8.195883,48.8087631]},"properties":{"maxheight":"below_default"}},{"type":"Feature","geometry":{"type":"Point","coordinates":[8.1808095,48.9773067]},"properties":{"maxheight":"2.2"}},{"type":"Feature","geometry":{"type":"Point","coordinates":[8.1810421,48.9772971]},"properties":{"maxheight":"2.2"}},{"type":"Feature","geometry":{"type":"Point","coordinates":[8.1812725,48.977288]},"properties":{"maxheight":"2.2"}},{"type":"Feature","geometry":{"type":"Point","coordinates":[8.1815005,48.9772789]},"properties":{"maxheight":"2.2"}},{"type":"Feature","geometry":{"type":"Point","coordinates":[8.1817345,48.97727]},"properties":{"maxheight":"2.2"}},{"type":"Feature","geometry":{"type":"Point","coordinates":[8.1819597,48.9772597]},"properties":{"maxheight":"2.2"}},{"type":"Feature","geometry":{"type":"Point","coordinates":[8.2218515,48.8650066]},"properties":{"hgv":"no"}},{"type":"Feature","geometry":{"type":"Point","coordinates":[8.8437928,48.9521112]},"properties":{"hgv":"no"}},{"type":"Feature","geometry":{"type":"Point","coordinates":[8.8406188,48.9491113]},"properties":{"maxheight":"2.0"}},{"type":"Feature","geometry":{"type":"Point","coordinates":[8.3652485,48.9821627]},"properties":{"maxheight":"below_default"}},{"type":"Feature","geometry":{"type":"Point","coordinates":[8.36531,48.982913]},"properties":{"maxheight":"below_default"}},{"type":"Feature","geometry":{"type":"Point","coordinates":[8.0802847,48.6253185]},"properties":{"maxheight":"2.1"}},{"type":"Feature","geometry":{"type":"Point","coordinates":[8.2006558,48.0484768]},"properties":{"hgv":"delivery"}},{"type":"Feature","geometry":{"type":"Point","coordinates":[8.2010215,48.0477257]},"properties":{"hgv":"delivery"}},{"type":"Feature","geometry":{"type":"Point","coordinates":[8.1918006,48.0441007]},"properties":{"hgv":"destination"}},{"type":"Feature","geometry":{"type":"Point","coordinates":[8.8724093,48.7491129]},"properties":{"maxwidth":"4.4"}},{"type":"Feature","geometry":{"type":"Point","coordinates":[8.8730426,48.7492835]},"properties":{"maxwidth":"4.4"}},{"type":"Feature","geometry":{"type":"Point","coordinates":[8.872859,48.7492364]},"properties":{"maxwidth":"4.4"}},{"type":"Feature","geometry":{"type":"Point","coordinates":[8.8725951,48.7491661]},"properties":{"maxwidth":"4.4"}},{"type":"Feature","geometry":{"type":"Point","coordinates":[8.8179241,48.7522862]},"properties":{"maxwidth":"4.4"}},{"type":"Feature","geometry":{"type":"Point","coordinates":[8.8185368,48.7523906]},"properties":{"maxwidth":"4.5"}},{"type":"Feature","geometry":{"type":"Point","coordinates":[8.817322,48.7522228]},"properties":{"maxwidth":"4.4"}},{"type":"Feature","geometry":{"type":"Point","coordinates":[8.1724829,48.2837741]},"properties":{"maxheight":"2"}},{"type":"Feature","geometry":{"type":"Point","coordinates":[8.8191763,48.7514048]},"properties":{"maxwidth":"4.3"}},{"type":"Feature","geometry":{"type":"Point","coordinates":[8.8080404,48.7551256]},"properties":{"maxwidth":"4.6"}},{"type":"Feature","geometry":{"type":"Point","coordinates":[8.8104923,48.7548735]},"properties":{"maxwidth":"4.6"}},{"type":"Feature","geometry":{"type":"Point","coordinates":[8.8195651,48.7519898]},"properties":{"maxwidth":"4.3"}},{"type":"Feature","geometry":{"type":"Point","coordinates":[8.808609,48.7550928]},"properties":{"maxwidth":"4.6"}},{"type":"Feature","geometry":{"type":"Point","coordinates":[8.8111624,48.7547088]},"properties":{"maxwidth":"4.6"}},{"type":"Feature","geometry":{"type":"Point","coordinates":[8.8190956,48.7521991]},"properties":{"maxwidth":"4.3"}},{"type":"Feature","geometry":{"type":"Point","coordinates":[8.8078289,48.7551741]},"properties":{"maxwidth":"4.7"}},{"type":"Feature","geometry":{"type":"Point","coordinates":[8.3520866,48.9946872]},"properties":{"maxheight":"below_default"}},{"type":"Feature","geometry":{"type":"Point","coordinates":[8.8176684,48.7528427]},"properties":{"maxwidth":"4.5"}},{"type":"Feature","geometry":{"type":"Point","coordinates":[8.8166122,48.7533306]},"properties":{"maxwidth":"4.5"}},{"type":"Feature","geometry":{"type":"Point","coordinates":[8.9100972,48.6432694]},"properties":{"maxheight":"2"}},{"type":"Feature","geometry":{"type":"Point","coordinates":[8.2077842,48.0501106]},"properties":{"maxheight":"below_default"}},{"type":"Feature","geometry":{"type":"Point","coordinates":[8.7559004,48.7441451]},"properties":{"maxwidth":"4.5"}},{"type":"Feature","geometry":{"type":"Point","coordinates":[8.7467576,48.7382987]},"properties":{"maxwidth":"4"}},{"type":"Feature","geometry":{"type":"Point","coordinates":[8.7470774,48.73773]},"properties":{"maxwidth":"4"}},{"type":"Feature","geometry":{"type":"Point","coordinates":[8.747341,48.7372771]},"properties":{"maxwidth":"4"}},{"type":"Feature","geometry":{"type":"Point","coordinates":[8.7468788,48.7380796]},"properties":{"maxwidth":"4"}},{"type":"Feature","geometry":{"type":"Point","coordinates":[8.7472071,48.7375072]},"properties":{"maxwidth":"4"}},{"type":"Feature","geometry":{"type":"Point","coordinates":[8.3631191,48.9854116]},"properties":{"maxheight":"below_default"}},{"type":"Feature","geometry":{"type":"Point","coordinates":[8.5314474,48.0172772]},"properties":{"hgv":"no"}},{"type":"Feature","geometry":{"type":"Point","coordinates":[8.5313705,48.0173246]},"properties":{"hgv":"no"}},{"type":"Feature","geometry":{"type":"Point","coordinates":[8.5313289,48.0173329]},"properties":{"hgv":"no"}},{"type":"Feature","geometry":{"type":"Point","coordinates":[8.4433633,48.066172]},"properties":{"hgv":"no"}},{"type":"Feature","geometry":{"type":"Point","coordinates":[8.523478,48.8493327]},"properties":{"maxheight":"1.9"}},{"type":"Feature","geometry":{"type":"Point","coordinates":[8.4650426,48.0581626]},"properties":{"hgv":"no"}},{"type":"Feature","geometry":{"type":"Point","coordinates":[8.4500881,48.0685405]},"properties":{"hgv":"no"}},{"type":"Feature","geometry":{"type":"Point","coordinates":[8.3706676,48.9813459]},"properties":{"maxheight":"below_default"}},{"type":"Feature","geometry":{"type":"Point","coordinates":[8.8355169,48.7892734]},"properties":{"hgv":"no"}},{"type":"Feature","geometry":{"type":"Point","coordinates":[8.9828545,48.7905406]},"properties":{"hgv":"no"}},{"type":"Feature","geometry":{"type":"Point","coordinates":[8.9829678,48.7905029]},"properties":{"hgv":"no"}},{"type":"Feature","geometry":{"type":"Point","coordinates":[8.8746003,48.5910324]},"properties":{"maxheight":"2.1","maxweight":"3"}},{"type":"Feature","geometry":{"type":"Point","coordinates":[8.9006619,48.6466901]},"properties":{"hgv":"no"}},{"type":"Feature","geometry":{"type":"Point","coordinates":[8.8981664,48.6367094]},"properties":{"hgv":"no"}},{"type":"Feature","geometry":{"type":"Point","coordinates":[8.8950937,48.641007]},"properties":{"hgv":"no"}},{"type":"Feature","geometry":{"type":"Point","coordinates":[8.3679149,48.9804924]},"properties":{"maxheight":"2.05"}},{"type":"Feature","geometry":{"type":"Point","coordinates":[8.9742513,48.7205355]},"properties":{"maxheight":"2"}},{"type":"Feature","geometry":{"type":"Point","coordinates":[8.999911,48.7201438]},"properties":{"maxheight":"2"}},{"type":"Feature","geometry":{"type":"Point","coordinates":[8.3241914,48.8894169]},"properties":{"hgv":"no"}},{"type":"Feature","geometry":{"type":"Point","coordinates":[8.1626259,48.8228983]},"properties":{"hgv":"yes"}},{"type":"Feature","geometry":{"type":"Point","coordinates":[8.3724482,48.9896877]},"properties":{"maxheight":"2.7"}},{"type":"Feature","geometry":{"type":"Point","coordinates":[8.8935381,48.6406659]},"properties":{"hgv":"no"}},{"type":"Feature","geometry":{"type":"Point","coordinates":[8.8937017,48.6409048]},"properties":{"hgv":"no"}},{"type":"Feature","geometry":{"type":"Point","coordinates":[8.9133187,48.5557541]},"properties":{"goods":"private"}},{"type":"Feature","geometry":{"type":"Point","coordinates":[8.9149442,48.5559988]},"properties":{"goods":"private"}},{"type":"Feature","geometry":{"type":"Point","coordinates":[8.5324915,48.0352645]},"properties":{"hgv":"yes"}},{"type":"Feature","geometry":{"type":"Point","coordinates":[8.3335165,48.126021]},"properties":{"maxheight":"2"}},{"type":"Feature","geometry":{"type":"Point","coordinates":[8.3335325,48.1259859]},"properties":{"maxheight":"2"}},{"type":"Feature","geometry":{"type":"Point","coordinates":[8.2359973,48.8925164]},"properties":{"maxwidth":"1"}},{"type":"Feature","geometry":{"type":"Point","coordinates":[8.280581,48.7644716]},"properties":{"maxweight":"0.45"}},{"type":"Feature","geometry":{"type":"Point","coordinates":[8.91044,48.6387145]},"properties":{"hgv":"no"}},{"type":"Feature","geometry":{"type":"Point","coordinates":[8.2970455,48.8134288]},"properties":{"maxheight":"2","maxwidth":"1.5"}},{"type":"Feature","geometry":{"type":"Point","coordinates":[8.5431056,48.987896]},"properties":{"maxheight":"3.2"}},{"type":"Feature","geometry":{"type":"Point","coordinates":[8.5436835,48.9879877]},"properties":{"maxheight":"3.2"}},{"type":"Feature","geometry":{"type":"Point","coordinates":[8.4994485,48.9204641]},"properties":{"maxweight":"1.3"}},{"type":"Feature","geometry":{"type":"Point","coordinates":[8.5434924,48.9876604]},"properties":{"maxweight":"1.050"}},{"type":"Feature","geometry":{"type":"Point","coordinates":[8.961836,48.7410418]},"properties":{"maxheight":"below_default"}},{"type":"Feature","geometry":{"type":"Point","coordinates":[8.1876059,48.789852]},"properties":{"maxheight":"2.1"}},{"type":"Feature","geometry":{"type":"Point","coordinates":[8.9308918,48.3048238]},"properties":{"maxheight":"2"}},{"type":"Feature","geometry":{"type":"Point","coordinates":[8.7269405,48.7380324]},"properties":{"maxheight":"2"}},{"type":"Feature","geometry":{"type":"Point","coordinates":[8.7268672,48.7380329]},"properties":{"maxheight":"2"}},{"type":"Feature","geometry":{"type":"Point","coordinates":[8.0807709,48.6241612]},"properties":{"maxheight":"2.1"}},{"type":"Feature","geometry":{"type":"Point","coordinates":[8.7249877,48.3880091]},"properties":{"maxheight":"3.1"}},{"type":"Feature","geometry":{"type":"Point","coordinates":[8.7252297,48.388002]},"properties":{"maxheight":"3.1"}},{"type":"Feature","geometry":{"type":"Point","coordinates":[8.7254681,48.3879941]},"properties":{"maxheight":"3.1"}},{"type":"Feature","geometry":{"type":"Point","coordinates":[8.7257132,48.3879905]},"properties":{"maxheight":"3.1"}},{"type":"Feature","geometry":{"type":"Point","coordinates":[8.7258146,48.3877918]},"properties":{"maxheight":"3.1"}},{"type":"Feature","geometry":{"type":"Point","coordinates":[8.405748,48.462136]},"properties":{"maxheight":"1.5","maxwidth":"4"}},{"type":"Feature","geometry":{"type":"Point","coordinates":[8.3389821,48.7490539]},"properties":{"maxwidth":"1"}},{"type":"Feature","geometry":{"type":"Point","coordinates":[8.8475155,48.9531633]},"properties":{"hgv":"no"}},{"type":"Feature","geometry":{"type":"Point","coordinates":[8.7016694,48.8974287]},"properties":{"maxwidth":"1.2"}},{"type":"Feature","geometry":{"type":"Point","coordinates":[8.7016822,48.8974115]},"properties":{"maxwidth":"1.2"}},{"type":"Feature","geometry":{"type":"Point","coordinates":[8.3710486,48.9908663]},"properties":{"maxheight":"2.7"}},{"type":"Feature","geometry":{"type":"Point","coordinates":[8.6459914,48.1576357]},"properties":{"maxwidth":"1.6"}},{"type":"Feature","geometry":{"type":"Point","coordinates":[8.3506387,48.7341332]},"properties":{"maxheight":"default"}},{"type":"Feature","geometry":{"type":"Point","coordinates":[8.3506595,48.7341051]},"properties":{"maxheight":"default"}},{"type":"Feature","geometry":{"type":"Point","coordinates":[8.4679287,48.0686203]},"properties":{"hgv":"yes"}},{"type":"Feature","geometry":{"type":"Point","coordinates":[8.91448,48.643059]},"properties":{"hgv":"no"}},{"type":"Feature","geometry":{"type":"Point","coordinates":[8.2272384,48.8678524]},"properties":{"maxheight":"3"}},{"type":"Feature","geometry":{"type":"Point","coordinates":[8.6352639,48.0727744]},"properties":{"hgv":"no"}},{"type":"Feature","geometry":{"type":"Point","coordinates":[8.5882955,48.8455598]},"properties":{"maxheight":"2.1"}},{"type":"Feature","geometry":{"type":"Point","coordinates":[8.4198208,48.9376894]},"properties":{"maxheight":"2.8"}},{"type":"Feature","geometry":{"type":"Point","coordinates":[8.9621339,48.349374]},"properties":{"maxheight":"2"}},{"type":"Feature","geometry":{"type":"Point","coordinates":[8.914234,48.6422378]},"properties":{"hgv":"no"}},{"type":"Feature","geometry":{"type":"Point","coordinates":[8.3607026,48.8250012]},"properties":{"maxheight":"2"}},{"type":"Feature","geometry":{"type":"Point","coordinates":[8.0646166,48.6299589]},"properties":{"maxheight":"1.8"}},{"type":"Feature","geometry":{"type":"Point","coordinates":[8.5309626,48.9159138]},"properties":{"maxwidth":"2.35"}},{"type":"Feature","geometry":{"type":"Point","coordinates":[8.0479558,48.7638624]},"properties":{"hgv":"no"}},{"type":"Feature","geometry":{"type":"Point","coordinates":[8.0472389,48.7465842]},"properties":{"hgv":"no"}},{"type":"Feature","geometry":{"type":"Point","coordinates":[8.0047903,48.7512647]},"properties":{"hgv":"no"}},{"type":"Feature","geometry":{"type":"Point","coordinates":[8.4124455,48.4639369]},"properties":{"maxheight":"2.1"}},{"type":"Feature","geometry":{"type":"Point","coordinates":[8.825324,48.8728045]},"properties":{"hgv":"no"}},{"type":"Feature","geometry":{"type":"Point","coordinates":[8.6720465,48.8697752]},"properties":{"maxwidth":"1.55"}},{"type":"Feature","geometry":{"type":"Point","coordinates":[8.9077132,48.6377773]},"properties":{"maxwidth":"4"}},{"type":"Feature","geometry":{"type":"Point","coordinates":[8.9079763,48.6379666]},"properties":{"maxwidth":"4"}},{"type":"Feature","geometry":{"type":"Point","coordinates":[8.9004365,48.6417423]},"properties":{"hgv":"no"}},{"type":"Feature","geometry":{"type":"Point","coordinates":[8.9005189,48.6417443]},"properties":{"hgv":"no"}},{"type":"Feature","geometry":{"type":"Point","coordinates":[8.7061908,48.6837851]},"properties":{"maxwidth":"0.5"}},{"type":"Feature","geometry":{"type":"Point","coordinates":[8.3069943,48.9681696]},"properties":{"maxheight":"4","maxwidth":"3"}},{"type":"Feature","geometry":{"type":"Point","coordinates":[8.4551252,48.9719678]},"properties":{"maxheight":"2.2"}},{"type":"Feature","geometry":{"type":"Point","coordinates":[8.057701,48.777949]},"properties":{"hgv":"no"}},{"type":"Feature","geometry":{"type":"Point","coordinates":[8.5598325,48.0599295]},"properties":{"hgv":"no"}},{"type":"Feature","geometry":{"type":"Point","coordinates":[8.5376517,48.0631177]},"properties":{"hgv":"no"}},{"type":"Feature","geometry":{"type":"Point","coordinates":[8.4998685,48.0644875]},"properties":{"hgv":"no"}},{"type":"Feature","geometry":{"type":"Point","coordinates":[8.4639485,48.058075]},"properties":{"hgv":"no"}},{"type":"Feature","geometry":{"type":"Point","coordinates":[8.0157474,48.0650129]},"properties":{"hgv":"no"}},{"type":"Feature","geometry":{"type":"Point","coordinates":[8.4560604,48.0709033]},"properties":{"hgv":"no"}},{"type":"Feature","geometry":{"type":"Point","coordinates":[8.4644386,48.0620195]},"properties":{"hgv":"no"}},{"type":"Feature","geometry":{"type":"Point","coordinates":[8.3064384,48.9684027]},"properties":{"maxheight":"4","maxwidth":"3"}},{"type":"Feature","geometry":{"type":"Point","coordinates":[8.5279966,48.0321486]},"properties":{"hgv":"no"}},{"type":"Feature","geometry":{"type":"Point","coordinates":[8.6216518,48.0766535]},"properties":{"hgv":"yes"}},{"type":"Feature","geometry":{"type":"Point","coordinates":[8.6216476,48.0768837]},"properties":{"hgv":"yes"}},{"type":"Feature","geometry":{"type":"Point","coordinates":[8.6278149,48.0712003]},"properties":{"hgv":"no"}},{"type":"Feature","geometry":{"type":"Point","coordinates":[8.5031267,48.0827192]},"properties":{"hgv":"no"}},{"type":"Feature","geometry":{"type":"Point","coordinates":[8.6998486,48.4551595]},"properties":{"hgv":"designated"}},{"type":"Feature","geometry":{"type":"Point","coordinates":[8.4644865,48.0787528]},"properties":{"hgv":"no"}},{"type":"Feature","geometry":{"type":"Point","coordinates":[8.5224773,48.0625595]},"properties":{"hgv":"no"}},{"type":"Feature","geometry":{"type":"Point","coordinates":[8.8346695,48.835839]},"properties":{"hgv":"no"}},{"type":"Feature","geometry":{"type":"Point","coordinates":[8.8680072,48.828129]},"properties":{"maxheight":"4.3"}},{"type":"Feature","geometry":{"type":"Point","coordinates":[8.8270236,48.505553]},"properties":{"hgv":"no"}},{"type":"Feature","geometry":{"type":"Point","coordinates":[8.827094,48.5055405]},"properties":{"hgv":"no"}},{"type":"Feature","geometry":{"type":"Point","coordinates":[8.8271128,48.5055938]},"properties":{"hgv":"no"}},{"type":"Feature","geometry":{"type":"Point","coordinates":[8.8270258,48.5056089]},"properties":{"hgv":"no"}},{"type":"Feature","geometry":{"type":"Point","coordinates":[8.0423549,48.7665489]},"properties":{"maxheight":"4.50"}},{"type":"Feature","geometry":{"type":"Point","coordinates":[8.3664595,48.9833312]},"properties":{"maxheight":"1.9"}},{"type":"Feature","geometry":{"type":"Point","coordinates":[8.9658011,48.3567811]},"properties":{"maxheight":"2"}},{"type":"Feature","geometry":{"type":"Point","coordinates":[8.3990319,48.9905079]},"properties":{"maxheight":"default"}},{"type":"Feature","geometry":{"type":"Point","coordinates":[8.0031766,48.7520948]},"properties":{"maxweight":"5"}},{"type":"Feature","geometry":{"type":"Point","coordinates":[8.1142811,48.7210495]},"properties":{"maxweight":"7.5"}},{"type":"Feature","geometry":{"type":"Point","coordinates":[8.000488,48.7418583]},"properties":{"maxweight":"6"}},{"type":"Feature","geometry":{"type":"Point","coordinates":[8.06198,48.73298]},"properties":{"hgv":"destination","maxweight":"7.5"}},{"type":"Feature","geometry":{"type":"Point","coordinates":[8.0630904,48.7334258]},"properties":{"maxweight":"16"}},{"type":"Feature","geometry":{"type":"Point","coordinates":[8.0948573,48.7485783]},"properties":{"maxweight":"16"}},{"type":"Feature","geometry":{"type":"Point","coordinates":[8.2570148,48.9776045]},"properties":{"hgv":"yes","maxweight":"30"}},{"type":"Feature","geometry":{"type":"Point","coordinates":[8.3679608,48.9391298]},"properties":{"hgv":"delivery"}},{"type":"Feature","geometry":{"type":"Point","coordinates":[8.3771093,48.988788]},"properties":{"hgv":"destination"}},{"type":"Feature","geometry":{"type":"Point","coordinates":[8.39717,48.9890226]},"properties":{"maxheight":"4.5"}},{"type":"Feature","geometry":{"type":"Point","coordinates":[8.4277398,48.9935805]},"properties":{"maxheight":"default"}},{"type":"Feature","geometry":{"type":"Point","coordinates":[8.330504,48.9675599]},"properties":{"hgv":"no"}},{"type":"Feature","geometry":{"type":"Point","coordinates":[8.1367962,48.8870476]},"properties":{"maxheight":"2.2","maxweight":"3.5"}},{"type":"Feature","geometry":{"type":"Point","coordinates":[8.3922059,48.9572156]},"properties":{"maxheight":"default"}},{"type":"Feature","geometry":{"type":"Point","coordinates":[8.1938523,48.9595842]},"properties":{"maxheight":"6.5"}},{"type":"Feature","geometry":{"type":"Point","coordinates":[8.0975729,48.8067804]},"properties":{"maxweight":"7.5"}},{"type":"Feature","geometry":{"type":"Point","coordinates":[8.3827432,48.9854552]},"properties":{"maxheight":"3.4","maxlength":"10"}},{"type":"Feature","geometry":{"type":"Point","coordinates":[8.1210359,48.7442589]},"properties":{"maxheight":"default"}},{"type":"Feature","geometry":{"type":"Point","coordinates":[8.1290898,48.8442581]},"properties":{"hgv":"no"}},{"type":"Feature","geometry":{"type":"Point","coordinates":[8.3987893,48.5255322]},"properties":{"hgv":"no"}},{"type":"Feature","geometry":{"type":"Point","coordinates":[8.3966078,48.5455311]},"properties":{"maxweight":"7.5"}},{"type":"Feature","geometry":{"type":"Point","coordinates":[8.3855736,48.9901728]},"properties":{"hgv":"destination"}},{"type":"Feature","geometry":{"type":"Point","coordinates":[8.3836001,48.9905041]},"properties":{"hgv":"destination"}},{"type":"Feature","geometry":{"type":"Point","coordinates":[8.3796412,48.9901273]},"properties":{"hgv":"destination"}},{"type":"Feature","geometry":{"type":"Point","coordinates":[8.3771509,48.9888465]},"properties":{"hgv":"destination"}},{"type":"Feature","geometry":{"type":"Point","coordinates":[8.3741757,48.9931388]},"properties":{"hgv":"destination"}},{"type":"Feature","geometry":{"type":"Point","coordinates":[8.3733305,48.9960655]},"properties":{"maxheight":"default"}},{"type":"Feature","geometry":{"type":"Point","coordinates":[8.1697214,48.7704046]},"properties":{"hgv":"destination","maxheight":"none"}},{"type":"Feature","geometry":{"type":"Point","coordinates":[8.1765258,48.7748399]},"properties":{"hgv":"no","maxweight":"2.4"}},{"type":"Feature","geometry":{"type":"Point","coordinates":[8.4036402,48.9909116]},"properties":{"maxheight":"4.5"}},{"type":"Feature","geometry":{"type":"Point","coordinates":[8.4047423,48.9895356]},"properties":{"maxheight":"2.7"}},{"type":"Feature","geometry":{"type":"Point","coordinates":[8.4029938,48.9793016]},"properties":{"maxweight":"16"}},{"type":"Feature","geometry":{"type":"Point","coordinates":[8.4019728,48.9807604]},"properties":{"maxweight":"16"}},{"type":"Feature","geometry":{"type":"Point","coordinates":[8.392488,48.9583742]},"properties":{"maxheight":"default"}},{"type":"Feature","geometry":{"type":"Point","coordinates":[8.4181317,48.9680243]},"properties":{"maxweight":"1.5"}},{"type":"Feature","geometry":{"type":"Point","coordinates":[8.3901186,48.9583934]},"properties":{"maxheight":"default"}},{"type":"Feature","geometry":{"type":"Point","coordinates":[8.4017737,48.991121]},"properties":{"hgv":"no","maxweight":"3.5"}},{"type":"Feature","geometry":{"type":"Point","coordinates":[8.3943968,48.9884732]},"properties":{"maxweight":"30"}},{"type":"Feature","geometry":{"type":"Point","coordinates":[8.3796332,48.9605585]},"properties":{"maxheight":"default"}},{"type":"Feature","geometry":{"type":"Point","coordinates":[8.3852387,48.9915418]},"properties":{"maxheight":"2.6","maxheight:physical":"2.6"}},{"type":"Feature","geometry":{"type":"Point","coordinates":[8.3835797,48.9917368]},"properties":{"maxheight":"4.5"}},{"type":"Feature","geometry":{"type":"Point","coordinates":[8.3818482,48.9885497]},"properties":{"hgv":"destination"}},{"type":"Feature","geometry":{"type":"Point","coordinates":[8.4585674,48.9140883]},"properties":{"maxweight":"7.5"}},{"type":"Feature","geometry":{"type":"Point","coordinates":[8.4494571,48.7772265]},"properties":{"maxweight":"2.5"}},{"type":"Feature","geometry":{"type":"Point","coordinates":[8.4576042,48.910202]},"properties":{"maxweight":"7.5"}},{"type":"Feature","geometry":{"type":"Point","coordinates":[8.4118382,48.9677608]},"properties":{"maxweight":"3"}},{"type":"Feature","geometry":{"type":"Point","coordinates":[8.4014995,48.980636]},"properties":{"maxweight":"16"}},{"type":"Feature","geometry":{"type":"Point","coordinates":[8.3799988,48.9890021]},"properties":{"hgv":"destination"}},{"type":"Feature","geometry":{"type":"Point","coordinates":[8.3789471,48.9892522]},"properties":{"hgv":"destination"}},{"type":"Feature","geometry":{"type":"Point","coordinates":[8.3802505,48.9892885]},"properties":{"hgv":"destination"}},{"type":"Feature","geometry":{"type":"Point","coordinates":[8.3812647,48.9889513]},"properties":{"hgv":"destination"}},{"type":"Feature","geometry":{"type":"Point","coordinates":[8.3790323,48.9868675]},"properties":{"hgv":"destination"}},{"type":"Feature","geometry":{"type":"Point","coordinates":[8.3783106,48.9858725]},"properties":{"hgv":"destination"}},{"type":"Feature","geometry":{"type":"Point","coordinates":[8.3768703,48.9887814]},"properties":{"hgv":"destination"}},{"type":"Feature","geometry":{"type":"Point","coordinates":[8.3743903,48.9857052]},"properties":{"hgv":"destination"}},{"type":"Feature","geometry":{"type":"Point","coordinates":[8.3744683,48.9856009]},"properties":{"hgv":"destination"}},{"type":"Feature","geometry":{"type":"Point","coordinates":[8.3780239,48.9877722]},"properties":{"hgv":"destination"}},{"type":"Feature","geometry":{"type":"Point","coordinates":[8.3776571,48.9860451]},"properties":{"hgv":"destination"}},{"type":"Feature","geometry":{"type":"Point","coordinates":[8.3755495,48.9868209]},"properties":{"hgv":"destination"}},{"type":"Feature","geometry":{"type":"Point","coordinates":[8.3757617,48.9863859]},"properties":{"hgv":"destination"}},{"type":"Feature","geometry":{"type":"Point","coordinates":[8.4411687,48.9938552]},"properties":{"hgv":"destination"}},{"type":"Feature","geometry":{"type":"Point","coordinates":[8.4400759,48.9920068]},"properties":{"hgv":"destination"}},{"type":"Feature","geometry":{"type":"Point","coordinates":[8.4397388,48.9925251]},"properties":{"hgv":"destination"}},{"type":"Feature","geometry":{"type":"Point","coordinates":[8.4405657,48.992743]},"properties":{"hgv":"destination"}},{"type":"Feature","geometry":{"type":"Point","coordinates":[8.4380644,48.9932055]},"properties":{"hgv":"destination"}},{"type":"Feature","geometry":{"type":"Point","coordinates":[8.4379383,48.9930971]},"properties":{"hgv":"destination"}},{"type":"Feature","geometry":{"type":"Point","coordinates":[8.440397,48.9909215]},"properties":{"hgv":"destination"}},{"type":"Feature","geometry":{"type":"Point","coordinates":[8.4412451,48.9915303]},"properties":{"hgv":"destination"}},{"type":"Feature","geometry":{"type":"Point","coordinates":[8.4424174,48.9921866]},"properties":{"hgv":"destination"}},{"type":"Feature","geometry":{"type":"Point","coordinates":[8.4418774,48.9918534]},"properties":{"hgv":"destination"}},{"type":"Feature","geometry":{"type":"Point","coordinates":[8.3451464,48.9047426]},"properties":{"maxheight":"default"}},{"type":"Feature","geometry":{"type":"Point","coordinates":[8.4055077,48.9934058]},"properties":{"maxheight":"below_default"}},{"type":"Feature","geometry":{"type":"Point","coordinates":[8.4048257,48.9944191]},"properties":{"maxheight":"below_default"}},{"type":"Feature","geometry":{"type":"Point","coordinates":[8.4116297,48.996028]},"properties":{"maxheight":"default"}},{"type":"Feature","geometry":{"type":"Point","coordinates":[8.3927031,48.9899206]},"properties":{"maxheight":"4"}},{"type":"Feature","geometry":{"type":"Point","coordinates":[8.4115989,48.9388448]},"properties":{"hgv":"destination"}},{"type":"Feature","geometry":{"type":"Point","coordinates":[8.4448863,48.9876086]},"properties":{"maxheight":"none"}},{"type":"Feature","geometry":{"type":"Point","coordinates":[8.3813158,48.9917101]},"properties":{"maxheight":"4.5"}},{"type":"Feature","geometry":{"type":"Point","coordinates":[8.3972635,48.9918737]},"properties":{"maxheight":"default"}},{"type":"Feature","geometry":{"type":"Point","coordinates":[8.3774964,48.9846886]},"properties":{"hgv":"destination"}},{"type":"Feature","geometry":{"type":"Point","coordinates":[8.3744146,48.5096052]},"properties":{"maxweight":"3.5"}},{"type":"Feature","geometry":{"type":"Point","coordinates":[8.3621021,48.6764772]},"properties":{"maxweight":"16"}},{"type":"Feature","geometry":{"type":"Point","coordinates":[8.3577109,48.7237454]},"properties":{"hgv":"destination"}},{"type":"Feature","geometry":{"type":"Point","coordinates":[8.338572,48.7638916]},"properties":{"maxheight":"none"}},{"type":"Feature","geometry":{"type":"Point","coordinates":[8.3807292,48.9592185]},"properties":{"maxheight":"none"}},{"type":"Feature","geometry":{"type":"Point","coordinates":[8.3761099,48.9715223]},"properties":{"maxheight":"default"}},{"type":"Feature","geometry":{"type":"Point","coordinates":[8.3784734,48.9544726]},"properties":{"maxheight":"default"}},{"type":"Feature","geometry":{"type":"Point","coordinates":[8.374143,48.9800996]},"properties":{"maxheight":"default"}},{"type":"Feature","geometry":{"type":"Point","coordinates":[8.4548846,48.9998324]},"properties":{"hgv":"destination"}},{"type":"Feature","geometry":{"type":"Point","coordinates":[8.4488951,48.999586]},"properties":{"hgv":"destination"}},{"type":"Feature","geometry":{"type":"Point","coordinates":[8.3722261,48.9214239]},"properties":{"maxweight":"5"}},{"type":"Feature","geometry":{"type":"Point","coordinates":[8.3730063,48.953458]},"properties":{"maxheight":"none"}},{"type":"Feature","geometry":{"type":"Point","coordinates":[8.3882916,48.948138]},"properties":{"maxheight":"default"}},{"type":"Feature","geometry":{"type":"Point","coordinates":[8.2579838,48.9773068]},"properties":{"maxheight":"2.2"}},{"type":"Feature","geometry":{"type":"Point","coordinates":[8.4034792,48.9489539]},"properties":{"maxweight":"7.5 t"}},{"type":"Feature","geometry":{"type":"Point","coordinates":[8.3885318,48.9535615]},"properties":{"maxweight":"3"}},{"type":"Feature","geometry":{"type":"Point","coordinates":[8.8313519,48.9571878]},"properties":{"maxheight":"3.8"}},{"type":"Feature","geometry":{"type":"Point","coordinates":[8.4730288,48.996773]},"properties":{"maxheight":"2"}},{"type":"Feature","geometry":{"type":"Point","coordinates":[8.2258321,48.8732637]},"properties":{"maxheight":"none"}},{"type":"Feature","geometry":{"type":"Point","coordinates":[8.4748511,48.9237365]},"properties":{"hgv":"destination"}},{"type":"Feature","geometry":{"type":"Point","coordinates":[8.3931095,48.9892873]},"properties":{"maxheight":"4.5"}},{"type":"Feature","geometry":{"type":"Point","coordinates":[8.3933472,48.9891638]},"properties":{"maxheight":"4.5"}},{"type":"Feature","geometry":{"type":"Point","coordinates":[8.3385022,48.9631516]},"properties":{"maxheight":"none"}},{"type":"Feature","geometry":{"type":"Point","coordinates":[8.2256575,48.8094331]},"properties":{"hgv":"destination"}},{"type":"Feature","geometry":{"type":"Point","coordinates":[8.3273192,48.9813338]},"properties":{"maxweight":"1.0"}},{"type":"Feature","geometry":{"type":"Point","coordinates":[8.4066409,48.9782779]},"properties":{"maxheight":"2.6"}},{"type":"Feature","geometry":{"type":"Point","coordinates":[8.3852979,48.9961859]},"properties":{"maxheight":"2.5"}},{"type":"Feature","geometry":{"type":"Point","coordinates":[8.384898,48.9962007]},"properties":{"maxheight":"2.5"}},{"type":"Feature","geometry":{"type":"Point","coordinates":[8.4080003,48.941804]},"properties":{"maxheight":"3","maxweight":"5"}},{"type":"Feature","geometry":{"type":"Point","coordinates":[8.2006481,48.8465745]},"properties":{"maxweight":"7.5"}},{"type":"Feature","geometry":{"type":"Point","coordinates":[8.2300903,48.8690094]},"properties":{"maxweight":"7.5"}},{"type":"Feature","geometry":{"type":"Point","coordinates":[8.0178247,48.591648]},"properties":{"maxweight":"7.5"}},{"type":"Feature","geometry":{"type":"Point","coordinates":[8.0170516,48.5911835]},"properties":{"maxweight":"7.5"}},{"type":"Feature","geometry":{"type":"Point","coordinates":[8.25836,48.9876142]},"properties":{"hgv":"agricultural"}},{"type":"Feature","geometry":{"type":"Point","coordinates":[8.3923883,48.9905585]},"properties":{"maxweight":"3"}},{"type":"Feature","geometry":{"type":"Point","coordinates":[8.3913539,48.9511128]},"properties":{"maxweight":"24"}},{"type":"Feature","geometry":{"type":"Point","coordinates":[8.6577713,48.8991136]},"properties":{"maxweight":"3"}},{"type":"Feature","geometry":{"type":"Point","coordinates":[8.4410097,48.9176955]},"properties":{"hgv":"no"}},{"type":"Feature","geometry":{"type":"Point","coordinates":[8.4471812,48.9169826]},"properties":{"hgv":"no"}},{"type":"Feature","geometry":{"type":"Point","coordinates":[8.4556841,48.914618]},"properties":{"hgv":"destination"}},{"type":"Feature","geometry":{"type":"Point","coordinates":[8.4553447,48.9146378]},"properties":{"hgv":"destination"}},{"type":"Feature","geometry":{"type":"Point","coordinates":[8.4551647,48.9146804]},"properties":{"hgv":"destination"}},{"type":"Feature","geometry":{"type":"Point","coordinates":[8.4551326,48.9146895]},"properties":{"hgv":"destination"}},{"type":"Feature","geometry":{"type":"Point","coordinates":[8.4508018,48.9185532]},"properties":{"hgv":"no"}},{"type":"Feature","geometry":{"type":"Point","coordinates":[8.2658257,48.83011]},"properties":{"maxweight":"2.8"}},{"type":"Feature","geometry":{"type":"Point","coordinates":[8.4551252,48.9719678]},"properties":{"maxheight":"2.2"}},{"type":"Feature","geometry":{"type":"Point","coordinates":[8.3684817,48.939283]},"properties":{"hgv":"delivery"}},{"type":"Feature","geometry":{"type":"Point","coordinates":[8.3684817,48.939283]},"properties":{"hgv":"delivery"}},{"type":"Feature","geometry":{"type":"Point","coordinates":[8.3683773,48.9391553]},"properties":{"hgv":"delivery"}},{"type":"Feature","geometry":{"type":"Point","coordinates":[8.3684289,48.9389647]},"properties":{"hgv":"delivery"}},{"type":"Feature","geometry":{"type":"Point","coordinates":[8.3683153,48.9388258]},"properties":{"hgv":"delivery"}},{"type":"Feature","geometry":{"type":"Point","coordinates":[8.3681931,48.9386763]},"properties":{"hgv":"delivery"}},{"type":"Feature","geometry":{"type":"Point","coordinates":[8.410422,48.9392567]},"properties":{"maxheight":"2"}},{"type":"Feature","geometry":{"type":"Point","coordinates":[8.1999984,48.7951988]},"properties":{"hgv":"destination"}},{"type":"Feature","geometry":{"type":"Point","coordinates":[8.3760638,48.9752223]},"properties":{"maxweight":"7.5"}},{"type":"Feature","geometry":{"type":"Point","coordinates":[8.3790599,48.9915285]},"properties":{"maxheight":"4.5"}},{"type":"Feature","geometry":{"type":"Point","coordinates":[8.4450027,48.9877003]},"properties":{"maxheight":"none"}},{"type":"Feature","geometry":{"type":"Point","coordinates":[8.2503555,48.9029473]},"properties":{"hgv":"destination"}},{"type":"Feature","geometry":{"type":"Point","coordinates":[8.2702968,48.7885057]},"properties":{"maxweight":"3.5"}},{"type":"Feature","geometry":{"type":"Point","coordinates":[8.2250468,48.8667777]},"properties":{"maxheight":"none"}},{"type":"Feature","geometry":{"type":"Point","coordinates":[8.1610679,48.7776836]},"properties":{"maxweight":"6"}},{"type":"Feature","geometry":{"type":"Point","coordinates":[8.5851587,48.1903987]},"properties":{"maxheight":"default"}},{"type":"Feature","geometry":{"type":"Point","coordinates":[8.5919277,48.0924756]},"properties":{"maxheight":"default"}},{"type":"Feature","geometry":{"type":"Point","coordinates":[8.9633887,48.5017538]},"properties":{"hgv":"no"}},{"type":"Feature","geometry":{"type":"Point","coordinates":[8.396112,48.9890995]},"properties":{"maxheight":"4.5"}},{"type":"Feature","geometry":{"type":"Point","coordinates":[8.3960738,48.9890067]},"properties":{"maxheight":"4.5"}},{"type":"Feature","geometry":{"type":"Point","coordinates":[8.3878222,48.9905666]},"properties":{"maxheight":"4.5"}},{"type":"Feature","geometry":{"type":"Point","coordinates":[8.3891973,48.9899949]},"properties":{"maxheight":"4.5"}},{"type":"Feature","geometry":{"type":"Point","coordinates":[8.9947561,48.5039276]},"properties":{"maxweight":"5"}},{"type":"Feature","geometry":{"type":"Point","coordinates":[8.2442522,48.856857]},"properties":{"maxweight":"7.5"}},{"type":"Feature","geometry":{"type":"Point","coordinates":[8.1713507,48.2898979]},"properties":{"maxheight":"default"}},{"type":"Feature","geometry":{"type":"Point","coordinates":[8.9734675,48.5258327]},"properties":{"maxweight":"6"}},{"type":"Feature","geometry":{"type":"Point","coordinates":[8.791593,48.4742575]},"properties":{"maxheight":"default"}},{"type":"Feature","geometry":{"type":"Point","coordinates":[8.8421363,48.504086]},"properties":{"maxheight":"default"}},{"type":"Feature","geometry":{"type":"Point","coordinates":[8.3371826,48.2838501]},"properties":{"maxheight":"default"}},{"type":"Feature","geometry":{"type":"Point","coordinates":[8.4342103,48.0809055]},"properties":{"hgv":"no"}},{"type":"Feature","geometry":{"type":"Point","coordinates":[8.9328507,48.4726079]},"properties":{"hgv":"no"}},{"type":"Feature","geometry":{"type":"Point","coordinates":[8.399986,48.9752746]},"properties":{"maxweight":"3"}},{"type":"Feature","geometry":{"type":"Point","coordinates":[8.4029275,48.9733156]},"properties":{"maxweight":"3"}},{"type":"Feature","geometry":{"type":"Point","coordinates":[8.4003554,48.9750788]},"properties":{"maxweight":"3"}},{"type":"Feature","geometry":{"type":"Point","coordinates":[8.3816105,48.9854567]},"properties":{"maxheight":"3.4","maxlength":"10"}},{"type":"Feature","geometry":{"type":"Point","coordinates":[8.3756963,48.9880585]},"properties":{"maxheight":"default"}},{"type":"Feature","geometry":{"type":"Point","coordinates":[8.3429235,48.9948592]},"properties":{"maxheight":"default"}},{"type":"Feature","geometry":{"type":"Point","coordinates":[8.3427671,48.9948834]},"properties":{"maxheight":"default"}},{"type":"Feature","geometry":{"type":"Point","coordinates":[8.8652003,48.5919609]},"properties":{"hgv":"destination"}},{"type":"Feature","geometry":{"type":"Point","coordinates":[8.214439,48.7777201]},"properties":{"maxheight":"none"}},{"type":"Feature","geometry":{"type":"Point","coordinates":[8.2448798,48.7527081]},"properties":{"maxheight":"none"}},{"type":"Feature","geometry":{"type":"Point","coordinates":[8.2143214,48.7776612]},"properties":{"maxweight":"30"}},{"type":"Feature","geometry":{"type":"Point","coordinates":[8.196128,48.7822898]},"properties":{"maxheight":"none"}},{"type":"Feature","geometry":{"type":"Point","coordinates":[8.8960756,48.6048058]},"properties":{"maxheight":"default"}},{"type":"Feature","geometry":{"type":"Point","coordinates":[8.2547531,48.7493919]},"properties":{"maxweight":"7.5"}},{"type":"Feature","geometry":{"type":"Point","coordinates":[8.8966657,48.6049866]},"properties":{"maxheight":"default"}},{"type":"Feature","geometry":{"type":"Point","coordinates":[8.2505005,48.7496241]},"properties":{"maxweight":"2.8"}},{"type":"Feature","geometry":{"type":"Point","coordinates":[8.1778322,48.7761966]},"properties":{"hgv":"no","maxweight":"2.4"}},{"type":"Feature","geometry":{"type":"Point","coordinates":[8.190805,48.78096]},"properties":{"maxheight":"none"}},{"type":"Feature","geometry":{"type":"Point","coordinates":[8.1911495,48.7813323]},"properties":{"maxheight":"none"}},{"type":"Feature","geometry":{"type":"Point","coordinates":[8.7790854,48.9015219]},"properties":{"maxweight":"12"}},{"type":"Feature","geometry":{"type":"Point","coordinates":[8.7743296,48.9060848]},"properties":{"maxheight":"default"}},{"type":"Feature","geometry":{"type":"Point","coordinates":[8.7876375,48.9126902]},"properties":{"maxlength":"12"}},{"type":"Feature","geometry":{"type":"Point","coordinates":[8.6950019,48.9074836]},"properties":{"maxweight":"2.8"}},{"type":"Feature","geometry":{"type":"Point","coordinates":[8.2755356,48.7399374]},"properties":{"maxweight":"12"}},{"type":"Feature","geometry":{"type":"Point","coordinates":[8.2786322,48.7392649]},"properties":{"maxweight":"30"}},{"type":"Feature","geometry":{"type":"Point","coordinates":[8.2707667,48.7413475]},"properties":{"maxweight":"30"}},{"type":"Feature","geometry":{"type":"Point","coordinates":[8.6086883,48.9651259]},"properties":{"hgv":"no"}},{"type":"Feature","geometry":{"type":"Point","coordinates":[8.8936911,48.5538867]},"properties":{"maxheight":"default"}},{"type":"Feature","geometry":{"type":"Point","coordinates":[8.8856718,48.5538647]},"properties":{"maxheight":"default"}},{"type":"Feature","geometry":{"type":"Point","coordinates":[8.8627283,48.5489077]},"properties":{"hgv":"destination"}},{"type":"Feature","geometry":{"type":"Point","coordinates":[8.2517102,48.7496451]},"properties":{"maxweight":"2.5"}},{"type":"Feature","geometry":{"type":"Point","coordinates":[8.4720665,48.9227052]},"properties":{"hgv":"destination"}},{"type":"Feature","geometry":{"type":"Point","coordinates":[8.4521616,48.928018]},"properties":{"hgv":"destination"}},{"type":"Feature","geometry":{"type":"Point","coordinates":[8.2199492,48.8089912]},"properties":{"hgv":"no"}},{"type":"Feature","geometry":{"type":"Point","coordinates":[8.2027991,48.7834297]},"properties":{"maxheight":"3.9"}},{"type":"Feature","geometry":{"type":"Point","coordinates":[8.6306414,48.9348887]},"properties":{"maxweight":"7.5"}},{"type":"Feature","geometry":{"type":"Point","coordinates":[8.1950577,48.7822631]},"properties":{"maxheight":"none"}},{"type":"Feature","geometry":{"type":"Point","coordinates":[8.9999184,48.6802646]},"properties":{"hgv":"destination"}},{"type":"Feature","geometry":{"type":"Point","coordinates":[8.9942698,48.6761666]},"properties":{"hgv":"destination","maxweight":"7.5"}},{"type":"Feature","geometry":{"type":"Point","coordinates":[8.9944295,48.6774834]},"properties":{"maxweight":"7.5"}},{"type":"Feature","geometry":{"type":"Point","coordinates":[8.6724986,48.891778]},"properties":{"maxweight":"3.5"}},{"type":"Feature","geometry":{"type":"Point","coordinates":[8.244203,48.7675911]},"properties":{"maxheight":"none"}},{"type":"Feature","geometry":{"type":"Point","coordinates":[8.1642312,48.7649877]},"properties":{"maxheight":"none"}},{"type":"Feature","geometry":{"type":"Point","coordinates":[8.2804201,48.738389]},"properties":{"maxweight":"30"}},{"type":"Feature","geometry":{"type":"Point","coordinates":[8.2447749,48.7508825]},"properties":{"maxweight":"30"}},{"type":"Feature","geometry":{"type":"Point","coordinates":[8.9933525,48.6378538]},"properties":{"maxweight":"3.5"}},{"type":"Feature","geometry":{"type":"Point","coordinates":[8.2374485,48.7582669]},"properties":{"maxweight":"2.8"}},{"type":"Feature","geometry":{"type":"Point","coordinates":[8.2394814,48.7599906]},"properties":{"maxweight":"12"}},{"type":"Feature","geometry":{"type":"Point","coordinates":[8.2181278,48.7759201]},"properties":{"maxheight":"none"}},{"type":"Feature","geometry":{"type":"Point","coordinates":[8.205324,48.7149308]},"properties":{"maxweight":"16"}},{"type":"Feature","geometry":{"type":"Point","coordinates":[8.5035619,48.0319663]},"properties":{"maxweight":"3.5"}},{"type":"Feature","geometry":{"type":"Point","coordinates":[8.2341752,48.7518908]},"properties":{"hgv":"destination"}},{"type":"Feature","geometry":{"type":"Point","coordinates":[8.962197,48.66186]},"properties":{"maxheight":"none"}},{"type":"Feature","geometry":{"type":"Point","coordinates":[8.2410118,48.8885808]},"properties":{"hgv":"no"}},{"type":"Feature","geometry":{"type":"Point","coordinates":[8.133859,48.8419804]},"properties":{"hgv":"no"}},{"type":"Feature","geometry":{"type":"Point","coordinates":[8.3914908,48.9811496]},"properties":{"maxweight":"3"}},{"type":"Feature","geometry":{"type":"Point","coordinates":[8.2525455,48.7604468]},"properties":{"maxweight":"16"}},{"type":"Feature","geometry":{"type":"Point","coordinates":[8.2350816,48.7677621]},"properties":{"hgv":"no"}},{"type":"Feature","geometry":{"type":"Point","coordinates":[8.2451258,48.7598911]},"properties":{"maxwidth":"2.7"}},{"type":"Feature","geometry":{"type":"Point","coordinates":[8.2295483,48.757348]},"properties":{"hgv":"no"}},{"type":"Feature","geometry":{"type":"Point","coordinates":[8.9701471,48.6870282]},"properties":{"maxheight":"default"}},{"type":"Feature","geometry":{"type":"Point","coordinates":[8.2685187,48.7417646]},"properties":{"maxweight":"30"}},{"type":"Feature","geometry":{"type":"Point","coordinates":[8.2677669,48.7424734]},"properties":{"maxheight":"2.8"}},{"type":"Feature","geometry":{"type":"Point","coordinates":[8.265482,48.7423269]},"properties":{"maxweight":"30"}},{"type":"Feature","geometry":{"type":"Point","coordinates":[8.4451665,48.9877751]},"properties":{"maxheight":"none"}},{"type":"Feature","geometry":{"type":"Point","coordinates":[8.4520034,48.9961474]},"properties":{"hgv":"delivery"}},{"type":"Feature","geometry":{"type":"Point","coordinates":[8.1318421,48.7110089]},"properties":{"maxheight":"default"}},{"type":"Feature","geometry":{"type":"Point","coordinates":[8.2057762,48.7814888]},"properties":{"maxheight":"none"}},{"type":"Feature","geometry":{"type":"Point","coordinates":[8.2206979,48.7729012]},"properties":{"maxheight":"2.2"}},{"type":"Feature","geometry":{"type":"Point","coordinates":[8.2207945,48.7730444]},"properties":{"maxheight":"2.2"}},{"type":"Feature","geometry":{"type":"Point","coordinates":[8.2207603,48.7732041]},"properties":{"maxheight":"2.2"}},{"type":"Feature","geometry":{"type":"Point","coordinates":[8.6342853,48.9583094]},"properties":{"maxweight":"2.6"}},{"type":"Feature","geometry":{"type":"Point","coordinates":[8.2448452,48.7581436]},"properties":{"maxwidth":"2.7"}},{"type":"Feature","geometry":{"type":"Point","coordinates":[8.9117626,48.6227319]},"properties":{"maxheight":"default"}},{"type":"Feature","geometry":{"type":"Point","coordinates":[8.9586325,48.9482633]},"properties":{"maxheight":"none"}},{"type":"Feature","geometry":{"type":"Point","coordinates":[8.2791835,48.959132]},"properties":{"maxweight":"2.8"}},{"type":"Feature","geometry":{"type":"Point","coordinates":[8.7760781,48.579237]},"properties":{"hgv":"destination","maxweightrating:hgv":"7.5"}},{"type":"Feature","geometry":{"type":"Point","coordinates":[8.2327171,48.7675824]},"properties":{"maxweight":"16"}},{"type":"Feature","geometry":{"type":"Point","coordinates":[8.8952195,48.913495]},"properties":{"maxwidth":"2.60"}},{"type":"Feature","geometry":{"type":"Point","coordinates":[8.9439181,48.6898529]},"properties":{"hgv":"destination"}},{"type":"Feature","geometry":{"type":"Point","coordinates":[8.933039,48.6555056]},"properties":{"maxweight":"7.5"}},{"type":"Feature","geometry":{"type":"Point","coordinates":[8.8536025,48.5871108]},"properties":{"maxheight":"default"}},{"type":"Feature","geometry":{"type":"Point","coordinates":[8.7796846,48.5794124]},"properties":{"maxweightrating:hgv":"7.5"}},{"type":"Feature","geometry":{"type":"Point","coordinates":[8.1939199,48.7922258]},"properties":{"maxweight":"30"}},{"type":"Feature","geometry":{"type":"Point","coordinates":[8.7236174,48.5532561]},"properties":{"hgv":"destination"}},{"type":"Feature","geometry":{"type":"Point","coordinates":[8.2022436,48.9831916]},"properties":{"hgv":"no","goods":"no"}},{"type":"Feature","geometry":{"type":"Point","coordinates":[8.9524769,48.8093568]},"properties":{"maxweightrating:hgv":"7.5"}},{"type":"Feature","geometry":{"type":"Point","coordinates":[8.9373859,48.7764722]},"properties":{"hgv":"no"}},{"type":"Feature","geometry":{"type":"Point","coordinates":[8.9456174,48.7681111]},"properties":{"hgv":"no"}},{"type":"Feature","geometry":{"type":"Point","coordinates":[8.8773829,48.7600488]},"properties":{"maxheight":"default"}},{"type":"Feature","geometry":{"type":"Point","coordinates":[8.9051202,48.7748075]},"properties":{"hgv":"delivery"}},{"type":"Feature","geometry":{"type":"Point","coordinates":[8.8822595,48.6422415]},"properties":{"maxweight":"7.5"}},{"type":"Feature","geometry":{"type":"Point","coordinates":[8.5774503,48.8165229]},"properties":{"maxweight":"3.5"}},{"type":"Feature","geometry":{"type":"Point","coordinates":[8.6116694,48.9611058]},"properties":{"maxheight":"3.4"}},{"type":"Feature","geometry":{"type":"Point","coordinates":[8.242199,48.8575858]},"properties":{"maxweight":"7.5"}},{"type":"Feature","geometry":{"type":"Point","coordinates":[8.0133004,48.728424]},"properties":{"hgv":"destination"}},{"type":"Feature","geometry":{"type":"Point","coordinates":[8.1495739,48.9812949]},"properties":{"maxweight":"3.5"}},{"type":"Feature","geometry":{"type":"Point","coordinates":[8.1560466,48.9801482]},"properties":{"maxweight":"3.5"}},{"type":"Feature","geometry":{"type":"Point","coordinates":[8.1593515,48.9804221]},"properties":{"maxweight":"3.5"}},{"type":"Feature","geometry":{"type":"Point","coordinates":[8.1625348,48.9805269]},"properties":{"maxweight":"3.5"}},{"type":"Feature","geometry":{"type":"Point","coordinates":[8.9899622,48.7124929]},"properties":{"hgv":"destination"}},{"type":"Feature","geometry":{"type":"Point","coordinates":[8.2741629,48.8403769]},"properties":{"hgv":"no"}},{"type":"Feature","geometry":{"type":"Point","coordinates":[8.7756085,48.9054976]},"properties":{"maxwidth":"2.7"}},{"type":"Feature","geometry":{"type":"Point","coordinates":[8.2425283,48.762476]},"properties":{"hgv":"no"}},{"type":"Feature","geometry":{"type":"Point","coordinates":[8.0541962,48.9939127]},"properties":{"maxweightrating":"3.5"}},{"type":"Feature","geometry":{"type":"Point","coordinates":[8.9776325,48.6866754]},"properties":{"maxheight":"default"}},{"type":"Feature","geometry":{"type":"Point","coordinates":[8.2579098,48.731806]},"properties":{"maxweight":"2.8"}},{"type":"Feature","geometry":{"type":"Point","coordinates":[8.2539574,48.7296797]},"properties":{"maxweight":"16"}},{"type":"Feature","geometry":{"type":"Point","coordinates":[8.2556594,48.7303188]},"properties":{"maxweight":"2.8"}},{"type":"Feature","geometry":{"type":"Point","coordinates":[8.2576231,48.732725]},"properties":{"maxweight":"2.8"}},{"type":"Feature","geometry":{"type":"Point","coordinates":[8.1362502,48.8077173]},"properties":{"maxweight":"1.5"}},{"type":"Feature","geometry":{"type":"Point","coordinates":[8.7432772,48.7128559]},"properties":{"maxheight":"default"}},{"type":"Feature","geometry":{"type":"Point","coordinates":[8.8539039,48.9579457]},"properties":{"hgv":"destination","goods":"destination"}},{"type":"Feature","geometry":{"type":"Point","coordinates":[8.9168772,48.2232454]},"properties":{"maxweight":"3.5"}},{"type":"Feature","geometry":{"type":"Point","coordinates":[8.5315678,48.8430804]},"properties":{"maxweight":"2.8"}},{"type":"Feature","geometry":{"type":"Point","coordinates":[8.1877015,48.8124023]},"properties":{"maxweight":"30"}},{"type":"Feature","geometry":{"type":"Point","coordinates":[8.7439864,48.5135013]},"properties":{"maxweight":"7.5"}},{"type":"Feature","geometry":{"type":"Point","coordinates":[8.1977675,48.858452]},"properties":{"maxweight":"3.5"}},{"type":"Feature","geometry":{"type":"Point","coordinates":[8.2037562,48.8541271]},"properties":{"maxweight":"7.5"}},{"type":"Feature","geometry":{"type":"Point","coordinates":[8.2558374,48.9082573]},"properties":{"maxweight":"3.5"}},{"type":"Feature","geometry":{"type":"Point","coordinates":[8.9046864,48.778334]},"properties":{"hgv":"delivery"}},{"type":"Feature","geometry":{"type":"Point","coordinates":[8.1253667,48.8183663]},"properties":{"maxweight":"12"}},{"type":"Feature","geometry":{"type":"Point","coordinates":[8.0970205,48.7674601]},"properties":{"maxweight":"6"}},{"type":"Feature","geometry":{"type":"Point","coordinates":[8.9787828,48.7269711]},"properties":{"maxheight":"default"}},{"type":"Feature","geometry":{"type":"Point","coordinates":[8.2709309,48.7802939]},"properties":{"maxlength":"16"}},{"type":"Feature","geometry":{"type":"Point","coordinates":[8.8593803,48.7724506]},"properties":{"hgv":"agricultural"}},{"type":"Feature","geometry":{"type":"Point","coordinates":[8.7263302,48.4102167]},"properties":{"maxheight":"default"}},{"type":"Feature","geometry":{"type":"Point","coordinates":[8.9576728,48.2148621]},"properties":{"maxweight":"3.5"}},{"type":"Feature","geometry":{"type":"Point","coordinates":[8.9584957,48.2140046]},"properties":{"maxweight":"3.5"}},{"type":"Feature","geometry":{"type":"Point","coordinates":[8.229083,48.848224]},"properties":{"maxweight":"7.5"}},{"type":"Feature","geometry":{"type":"Point","coordinates":[8.880493,48.5927278]},"properties":{"hgv":"destination"}},{"type":"Feature","geometry":{"type":"Point","coordinates":[8.6691209,48.8907443]},"properties":{"maxweight":"30"}},{"type":"Feature","geometry":{"type":"Point","coordinates":[8.6686401,48.8910494]},"properties":{"maxweight":"3"}},{"type":"Feature","geometry":{"type":"Point","coordinates":[8.9539775,48.8080227]},"properties":{"hgv":"delivery"}},{"type":"Feature","geometry":{"type":"Point","coordinates":[8.2550338,48.4947832]},"properties":{"maxheight":"3.8","maxweight":"6"}},{"type":"Feature","geometry":{"type":"Point","coordinates":[8.8677363,48.2967014]},"properties":{"maxheight":"default"}},{"type":"Feature","geometry":{"type":"Point","coordinates":[8.9760533,48.3537775]},"properties":{"maxheight":"default"}},{"type":"Feature","geometry":{"type":"Point","coordinates":[8.879995,48.5774947]},"properties":{"hgv":"destination","maxweightrating:hgv":"7.5"}},{"type":"Feature","geometry":{"type":"Point","coordinates":[8.8797179,48.5762842]},"properties":{"hgv":"destination","maxweightrating:hgv":"7.5"}},{"type":"Feature","geometry":{"type":"Point","coordinates":[8.8829697,48.575431]},"properties":{"hgv":"destination","maxweightrating:hgv":"7.5"}},{"type":"Feature","geometry":{"type":"Point","coordinates":[8.8814607,48.5758618]},"properties":{"hgv":"destination","maxweightrating:hgv":"7.5"}},{"type":"Feature","geometry":{"type":"Point","coordinates":[8.8806989,48.5764861]},"properties":{"hgv":"destination","maxweightrating:hgv":"7.5"}},{"type":"Feature","geometry":{"type":"Point","coordinates":[8.9055291,48.5612217]},"properties":{"hgv":"destination"}},{"type":"Feature","geometry":{"type":"Point","coordinates":[8.9609202,48.6590868]},"properties":{"maxheight":"default"}},{"type":"Feature","geometry":{"type":"Point","coordinates":[8.8206912,48.5641074]},"properties":{"hgv":"no"}},{"type":"Feature","geometry":{"type":"Point","coordinates":[8.9087474,48.8185898]},"properties":{"maxheight":"default"}},{"type":"Feature","geometry":{"type":"Point","coordinates":[8.8781429,48.5954469]},"properties":{"maxweight":"7.5"}},{"type":"Feature","geometry":{"type":"Point","coordinates":[8.8766441,48.5798793]},"properties":{"hgv":"destination","maxweightrating:hgv":"7.5"}},{"type":"Feature","geometry":{"type":"Point","coordinates":[8.8830272,48.5789944]},"properties":{"hgv":"destination","maxweightrating:hgv":"7.5"}},{"type":"Feature","geometry":{"type":"Point","coordinates":[8.8738983,48.7517153]},"properties":{"maxlength":"10"}},{"type":"Feature","geometry":{"type":"Point","coordinates":[8.7715276,48.849839]},"properties":{"maxweight":"6"}},{"type":"Feature","geometry":{"type":"Point","coordinates":[8.9562352,48.6607818]},"properties":{"maxweight":"7.5"}},{"type":"Feature","geometry":{"type":"Point","coordinates":[8.959489,48.9288444]},"properties":{"hgv":"destination","maxweight":"2.8"}},{"type":"Feature","geometry":{"type":"Point","coordinates":[8.9557285,48.9437627]},"properties":{"maxweight":"6"}},{"type":"Feature","geometry":{"type":"Point","coordinates":[8.9534832,48.9337303]},"properties":{"hgv":"destination","maxweight":"7.5"}},{"type":"Feature","geometry":{"type":"Point","coordinates":[8.7177061,48.8937835]},"properties":{"maxweight":"30"}},{"type":"Feature","geometry":{"type":"Point","coordinates":[8.7173659,48.8941817]},"properties":{"maxweight":"30"}},{"type":"Feature","geometry":{"type":"Point","coordinates":[8.7282951,48.8948153]},"properties":{"maxweight":"6"}},{"type":"Feature","geometry":{"type":"Point","coordinates":[8.1810335,48.7502426]},"properties":{"maxweight":"6"}},{"type":"Feature","geometry":{"type":"Point","coordinates":[8.1822596,48.7483063]},"properties":{"maxweight":"6"}},{"type":"Feature","geometry":{"type":"Point","coordinates":[8.1942908,48.7462633]},"properties":{"hgv":"destination","maxweight":"6"}},{"type":"Feature","geometry":{"type":"Point","coordinates":[8.1693993,48.7373139]},"properties":{"hgv":"destination"}},{"type":"Feature","geometry":{"type":"Point","coordinates":[8.6422864,48.9689531]},"properties":{"maxweight":"2.8"}},{"type":"Feature","geometry":{"type":"Point","coordinates":[8.207801,48.7799129]},"properties":{"maxweight":"30"}},{"type":"Feature","geometry":{"type":"Point","coordinates":[8.2032489,48.7808457]},"properties":{"maxweight":"12"}},{"type":"Feature","geometry":{"type":"Point","coordinates":[8.2363365,48.7629555]},"properties":{"maxweight":"16"}},{"type":"Feature","geometry":{"type":"Point","coordinates":[8.2437821,48.7597567]},"properties":{"maxwidth":"2.7"}},{"type":"Feature","geometry":{"type":"Point","coordinates":[8.2496279,48.7275441]},"properties":{"maxweight":"12"}},{"type":"Feature","geometry":{"type":"Point","coordinates":[8.2488581,48.7268524]},"properties":{"maxweight":"12"}},{"type":"Feature","geometry":{"type":"Point","coordinates":[8.2256503,48.7679497]},"properties":{"maxweight":"3"}},{"type":"Feature","geometry":{"type":"Point","coordinates":[8.224392,48.7661747]},"properties":{"maxweight":"3"}},{"type":"Feature","geometry":{"type":"Point","coordinates":[8.6870442,48.8063009]},"properties":{"maxweight":"16"}},{"type":"Feature","geometry":{"type":"Point","coordinates":[8.8053581,48.8241187]},"properties":{"hgv":"destination"}},{"type":"Feature","geometry":{"type":"Point","coordinates":[8.9746152,48.3929321]},"properties":{"maxweight":"5"}},{"type":"Feature","geometry":{"type":"Point","coordinates":[8.9882199,48.4028225]},"properties":{"hgv":"agricultural"}},{"type":"Feature","geometry":{"type":"Point","coordinates":[8.8383828,48.7663892]},"properties":{"maxweight":"7.5"}},{"type":"Feature","geometry":{"type":"Point","coordinates":[8.2196032,48.8420673]},"properties":{"maxwidth":"2.3"}},{"type":"Feature","geometry":{"type":"Point","coordinates":[8.207046,48.844538]},"properties":{"hgv":"destination"}},{"type":"Feature","geometry":{"type":"Point","coordinates":[8.3616143,48.6777661]},"properties":{"maxweight":"3"}},{"type":"Feature","geometry":{"type":"Point","coordinates":[8.3584794,48.68287]},"properties":{"maxweight":"7.5"}},{"type":"Feature","geometry":{"type":"Point","coordinates":[8.2589922,48.8764072]},"properties":{"maxweight":"30"}},{"type":"Feature","geometry":{"type":"Point","coordinates":[8.0616304,48.6812967]},"properties":{"maxweight":"12"}},{"type":"Feature","geometry":{"type":"Point","coordinates":[8.2941306,48.6228125]},"properties":{"hgv":"destination"}},{"type":"Feature","geometry":{"type":"Point","coordinates":[8.1812357,48.8069124]},"properties":{"hgv":"no"}},{"type":"Feature","geometry":{"type":"Point","coordinates":[8.6873298,48.7685649]},"properties":{"maxweight":"6"}},{"type":"Feature","geometry":{"type":"Point","coordinates":[8.8950415,48.6237222]},"properties":{"maxheight":"default"}},{"type":"Feature","geometry":{"type":"Point","coordinates":[8.8936698,48.6414976]},"properties":{"hgv":"destination","maxweightrating":"7.5"}},{"type":"Feature","geometry":{"type":"Point","coordinates":[8.9148681,48.6451282]},"properties":{"maxheight":"default"}},{"type":"Feature","geometry":{"type":"Point","coordinates":[8.9093472,48.6475498]},"properties":{"hgv":"destination","maxweight":"7.5"}},{"type":"Feature","geometry":{"type":"Point","coordinates":[8.9523297,48.8062467]},"properties":{"hgv":"no"}},{"type":"Feature","geometry":{"type":"Point","coordinates":[8.9532706,48.6633008]},"properties":{"maxweight":"3.5"}},{"type":"Feature","geometry":{"type":"Point","coordinates":[8.9150115,48.6319369]},"properties":{"maxheight":"default"}},{"type":"Feature","geometry":{"type":"Point","coordinates":[8.9158576,48.6336578]},"properties":{"maxheight":"default"}},{"type":"Feature","geometry":{"type":"Point","coordinates":[8.9021837,48.6122598]},"properties":{"maxheight":"default"}},{"type":"Feature","geometry":{"type":"Point","coordinates":[8.9335496,48.6427433]},"properties":{"maxheight":"default"}},{"type":"Feature","geometry":{"type":"Point","coordinates":[8.9534677,48.6609858]},"properties":{"maxweight":"7.5"}},{"type":"Feature","geometry":{"type":"Point","coordinates":[8.7108048,48.8232566]},"properties":{"maxweight":"7.5"}},{"type":"Feature","geometry":{"type":"Point","coordinates":[8.9491691,48.726198]},"properties":{"maxheight":"below_default"}},{"type":"Feature","geometry":{"type":"Point","coordinates":[8.9382259,48.6609833]},"properties":{"maxweight":"7.5"}},{"type":"Feature","geometry":{"type":"Point","coordinates":[8.7611729,48.5334376]},"properties":{"maxweightrating:hgv":"7.5"}},{"type":"Feature","geometry":{"type":"Point","coordinates":[8.002627,48.5660948]},"properties":{"maxweight":"7.5"}},{"type":"Feature","geometry":{"type":"Point","coordinates":[8.0453232,48.5774446]},"properties":{"hgv":"no"}},{"type":"Feature","geometry":{"type":"Point","coordinates":[8.0100573,48.6406803]},"properties":{"maxweight":"6"}},{"type":"Feature","geometry":{"type":"Point","coordinates":[8.9106542,48.6359917]},"properties":{"maxheight":"default"}},{"type":"Feature","geometry":{"type":"Point","coordinates":[8.8933667,48.6403809]},"properties":{"hgv":"destination","maxweightrating":"7.5"}},{"type":"Feature","geometry":{"type":"Point","coordinates":[8.8931626,48.6350899]},"properties":{"hgv":"destination","maxweight":"7.5"}},{"type":"Feature","geometry":{"type":"Point","coordinates":[8.8891415,48.6413504]},"properties":{"hgv":"destination","maxweight":"7.5"}},{"type":"Feature","geometry":{"type":"Point","coordinates":[8.2481454,48.8564308]},"properties":{"maxweight":"3.5"}},{"type":"Feature","geometry":{"type":"Point","coordinates":[8.8938749,48.62273]},"properties":{"maxheight":"3.7"}},{"type":"Feature","geometry":{"type":"Point","coordinates":[8.2479617,48.857217]},"properties":{"maxweight":"7.5"}},{"type":"Feature","geometry":{"type":"Point","coordinates":[8.9914376,48.7124101]},"properties":{"hgv":"destination"}},{"type":"Feature","geometry":{"type":"Point","coordinates":[8.9471551,48.6641475]},"properties":{"hgv":"no","maxheight":"3.5","maxweight":"3.5"}},{"type":"Feature","geometry":{"type":"Point","coordinates":[8.9981896,48.708982]},"properties":{"hgv":"destination"}},{"type":"Feature","geometry":{"type":"Point","coordinates":[8.8699472,48.7472988]},"properties":{"maxheight":"default"}},{"type":"Feature","geometry":{"type":"Point","coordinates":[8.8726499,48.7472748]},"properties":{"maxheight":"4.1"}},{"type":"Feature","geometry":{"type":"Point","coordinates":[8.7784242,48.9008019]},"properties":{"maxweight":"2.8"}},{"type":"Feature","geometry":{"type":"Point","coordinates":[8.6839948,48.8693475]},"properties":{"maxweight":"24"}},{"type":"Feature","geometry":{"type":"Point","coordinates":[8.835784,48.6609997]},"properties":{"maxweightrating:hgv":"7.5"}},{"type":"Feature","geometry":{"type":"Point","coordinates":[8.5170867,48.1372726]},"properties":{"maxweight":"6"}},{"type":"Feature","geometry":{"type":"Point","coordinates":[8.2588034,48.743853]},"properties":{"maxweight":"30"}},{"type":"Feature","geometry":{"type":"Point","coordinates":[8.7726154,48.9091666]},"properties":{"hgv":"designated"}},{"type":"Feature","geometry":{"type":"Point","coordinates":[8.9595783,48.6913878]},"properties":{"maxweight":"16"}},{"type":"Feature","geometry":{"type":"Point","coordinates":[8.9573862,48.9294226]},"properties":{"hgv":"destination","maxweight":"2.8"}},{"type":"Feature","geometry":{"type":"Point","coordinates":[8.2262336,48.7671853]},"properties":{"maxweight":"3"}},{"type":"Feature","geometry":{"type":"Point","coordinates":[8.2250191,48.7671194]},"properties":{"maxweight":"3"}},{"type":"Feature","geometry":{"type":"Point","coordinates":[8.7248647,48.5535167]},"properties":{"hgv":"destination"}},{"type":"Feature","geometry":{"type":"Point","coordinates":[8.613793,48.9650522]},"properties":{"hgv":"no"}},{"type":"Feature","geometry":{"type":"Point","coordinates":[8.6616683,48.6232096]},"properties":{"maxweight":"3.5"}},{"type":"Feature","geometry":{"type":"Point","coordinates":[8.3283187,48.1221194]},"properties":{"maxwidth":"2"}},{"type":"Feature","geometry":{"type":"Point","coordinates":[8.2549095,48.7566845]},"properties":{"maxweight":"7.5"}},{"type":"Feature","geometry":{"type":"Point","coordinates":[8.975673,48.6759001]},"properties":{"hgv":"no"}},{"type":"Feature","geometry":{"type":"Point","coordinates":[8.3356554,48.7690438]},"properties":{"maxweight":"16"}},{"type":"Feature","geometry":{"type":"Point","coordinates":[8.2810677,48.7736334]},"properties":{"hgv":"destination","maxweight":"7.5"}},{"type":"Feature","geometry":{"type":"Point","coordinates":[8.7758239,48.5352956]},"properties":{"hgv":"destination"}},{"type":"Feature","geometry":{"type":"Point","coordinates":[8.8704722,48.7517229]},"properties":{"maxlength":"10"}},{"type":"Feature","geometry":{"type":"Point","coordinates":[8.9406584,48.6548037]},"properties":{"maxweight":"3.5"}},{"type":"Feature","geometry":{"type":"Point","coordinates":[8.9287521,48.6488967]},"properties":{"maxweight":"12"}},{"type":"Feature","geometry":{"type":"Point","coordinates":[8.946717,48.8080375]},"properties":{"hgv":"no"}},{"type":"Feature","geometry":{"type":"Point","coordinates":[8.9823213,48.8533653]},"properties":{"hgv":"destination"}},{"type":"Feature","geometry":{"type":"Point","coordinates":[8.2476935,48.8541816]},"properties":{"maxweight":"3.5"}},{"type":"Feature","geometry":{"type":"Point","coordinates":[8.3719173,48.7562408]},"properties":{"hgv":"destination"}},{"type":"Feature","geometry":{"type":"Point","coordinates":[8.0955546,48.2777957]},"properties":{"hgv":"destination"}},{"type":"Feature","geometry":{"type":"Point","coordinates":[8.9555798,48.8113489]},"properties":{"hgv":"destination"}},{"type":"Feature","geometry":{"type":"Point","coordinates":[8.8819298,48.5960566]},"properties":{"hgv":"destination"}},{"type":"Feature","geometry":{"type":"Point","coordinates":[8.6466822,48.494513]},"properties":{"maxweight":"6"}},{"type":"Feature","geometry":{"type":"Point","coordinates":[8.0504001,48.624509]},"properties":{"maxweightrating:hgv":"7.5"}},{"type":"Feature","geometry":{"type":"Point","coordinates":[8.5183234,48.8646232]},"properties":{"maxweight":"1.5"}},{"type":"Feature","geometry":{"type":"Point","coordinates":[8.6637988,48.886798]},"properties":{"maxheight":"3.7"}},{"type":"Feature","geometry":{"type":"Point","coordinates":[8.2652578,48.7537708]},"properties":{"maxweight":"2.5"}},{"type":"Feature","geometry":{"type":"Point","coordinates":[8.2816173,48.7389432]},"properties":{"maxweight":"30"}},{"type":"Feature","geometry":{"type":"Point","coordinates":[8.7573513,48.7662498]},"properties":{"maxweight":"6"}},{"type":"Feature","geometry":{"type":"Point","coordinates":[8.8837355,48.5763181]},"properties":{"maxweightrating:hgv":"7.5"}},{"type":"Feature","geometry":{"type":"Point","coordinates":[8.2380979,48.7610578]},"properties":{"maxweight":"30"}},{"type":"Feature","geometry":{"type":"Point","coordinates":[8.2349064,48.7664909]},"properties":{"maxweight":"30"}},{"type":"Feature","geometry":{"type":"Point","coordinates":[8.9210299,48.8449004]},"properties":{"maxlength":"10"}},{"type":"Feature","geometry":{"type":"Point","coordinates":[8.5990575,48.8451333]},"properties":{"maxweight":"7.5"}},{"type":"Feature","geometry":{"type":"Point","coordinates":[8.4008475,48.9980964]},"properties":{"maxweight":"1.5"}},{"type":"Feature","geometry":{"type":"Point","coordinates":[8.4003001,48.999113]},"properties":{"maxweight":"1.5"}},{"type":"Feature","geometry":{"type":"Point","coordinates":[8.6461255,48.8983551]},"properties":{"maxweight":"2.8"}},{"type":"Feature","geometry":{"type":"Point","coordinates":[8.8789954,48.5712202]},"properties":{"hgv":"destination","maxweightrating:hgv":"7.5"}},{"type":"Feature","geometry":{"type":"Point","coordinates":[8.0331348,48.0212257]},"properties":{"maxweight":"2.8"}},{"type":"Feature","geometry":{"type":"Point","coordinates":[8.8688163,48.5837966]},"properties":{"maxheight":"3.8"}},{"type":"Feature","geometry":{"type":"Point","coordinates":[8.9632063,48.6669279]},"properties":{"maxweight":"5"}},{"type":"Feature","geometry":{"type":"Point","coordinates":[8.9617042,48.5325529]},"properties":{"hgv":"destination"}},{"type":"Feature","geometry":{"type":"Point","coordinates":[8.7369063,48.5150853]},"properties":{"maxheight":"3.7"}},{"type":"Feature","geometry":{"type":"Point","coordinates":[8.7211433,48.5460902]},"properties":{"maxweight":"7.5"}},{"type":"Feature","geometry":{"type":"Point","coordinates":[8.2664444,48.8523886]},"properties":{"maxheight":"none"}},{"type":"Feature","geometry":{"type":"Point","coordinates":[8.6159214,48.45649]},"properties":{"maxweight":"3.5"}},{"type":"Feature","geometry":{"type":"Point","coordinates":[8.4731483,48.4542114]},"properties":{"maxweight":"2.5"}},{"type":"Feature","geometry":{"type":"Point","coordinates":[8.3023198,48.8083936]},"properties":{"maxweight":"3.5"}},{"type":"Feature","geometry":{"type":"Point","coordinates":[8.3635638,48.9402069]},"properties":{"maxheight":"default"}},{"type":"Feature","geometry":{"type":"Point","coordinates":[8.4728234,48.8576529]},"properties":{"maxweight":"1.5"}},{"type":"Feature","geometry":{"type":"Point","coordinates":[8.5253343,48.8434758]},"properties":{"maxweight":"3.5"}},{"type":"Feature","geometry":{"type":"Point","coordinates":[8.4711725,48.8960118]},"properties":{"maxweight":"7.5"}},{"type":"Feature","geometry":{"type":"Point","coordinates":[8.5218621,48.8739179]},"properties":{"maxweight":"12"}},{"type":"Feature","geometry":{"type":"Point","coordinates":[8.5222219,48.8736986]},"properties":{"hgv":"no","maxweight":"3.5"}},{"type":"Feature","geometry":{"type":"Point","coordinates":[8.4623891,48.8609931]},"properties":{"maxweight":"1.5"}},{"type":"Feature","geometry":{"type":"Point","coordinates":[8.913218,48.8345705]},"properties":{"maxweight":"2.8"}},{"type":"Feature","geometry":{"type":"Point","coordinates":[8.8996876,48.5774843]},"properties":{"maxheight":"4"}},{"type":"Feature","geometry":{"type":"Point","coordinates":[8.8431119,48.5034812]},"properties":{"maxheight":"default"}},{"type":"Feature","geometry":{"type":"Point","coordinates":[8.0311547,48.389538]},"properties":{"maxweight":"6"}},{"type":"Feature","geometry":{"type":"Point","coordinates":[8.5278996,48.3092329]},"properties":{"hgv":"agricultural"}},{"type":"Feature","geometry":{"type":"Point","coordinates":[8.9490384,48.6499928]},"properties":{"maxheight":"default"}},{"type":"Feature","geometry":{"type":"Point","coordinates":[8.9628346,48.7495039]},"properties":{"hgv":"destination;agricultural;forestry"}},{"type":"Feature","geometry":{"type":"Point","coordinates":[8.4673434,48.0537276]},"properties":{"maxweight":"30"}},{"type":"Feature","geometry":{"type":"Point","coordinates":[8.5216658,48.0186692]},"properties":{"maxheight":"default"}},{"type":"Feature","geometry":{"type":"Point","coordinates":[8.6429139,48.9291475]},"properties":{"maxheight":"3.1"}},{"type":"Feature","geometry":{"type":"Point","coordinates":[8.2043074,48.0528887]},"properties":{"hgv":"no"}},{"type":"Feature","geometry":{"type":"Point","coordinates":[8.2055105,48.0528426]},"properties":{"hgv":"no"}},{"type":"Feature","geometry":{"type":"Point","coordinates":[8.9674124,48.737758]},"properties":{"hgv":"destination"}},{"type":"Feature","geometry":{"type":"Point","coordinates":[8.9419486,48.7718348]},"properties":{"hgv":"no"}},{"type":"Feature","geometry":{"type":"Point","coordinates":[8.4793415,48.4705056]},"properties":{"hgv":"destination"}},{"type":"Feature","geometry":{"type":"Point","coordinates":[8.5333362,48.0134449]},"properties":{"hgv":"delivery","goods":"delivery"}},{"type":"Feature","geometry":{"type":"Point","coordinates":[8.0892704,48.7252558]},"properties":{"hgv":"no"}},{"type":"Feature","geometry":{"type":"Point","coordinates":[8.0862607,48.7247685]},"properties":{"maxweight":"6"}},{"type":"Feature","geometry":{"type":"Point","coordinates":[8.8206575,48.7568682]},"properties":{"maxweight":"7.5"}},{"type":"Feature","geometry":{"type":"Point","coordinates":[8.897023,48.7227094]},"properties":{"hgv":"no"}},{"type":"Feature","geometry":{"type":"Point","coordinates":[8.2551473,48.4947106]},"properties":{"maxheight":"3.8","maxweight":"6"}},{"type":"Feature","geometry":{"type":"Point","coordinates":[8.6108313,48.5841056]},"properties":{"maxweight":"3.5"}},{"type":"Feature","geometry":{"type":"Point","coordinates":[8.6072613,48.5857274]},"properties":{"maxweight":"3.5"}},{"type":"Feature","geometry":{"type":"Point","coordinates":[8.7286516,48.5513164]},"properties":{"hgv":"destination"}},{"type":"Feature","geometry":{"type":"Point","coordinates":[8.6950908,48.9121544]},"properties":{"maxheight":"default"}},{"type":"Feature","geometry":{"type":"Point","coordinates":[8.6926749,48.0909403]},"properties":{"hgv":"no"}},{"type":"Feature","geometry":{"type":"Point","coordinates":[8.7003189,48.1168853]},"properties":{"maxheight":"default"}},{"type":"Feature","geometry":{"type":"Point","coordinates":[8.6440773,48.9290711]},"properties":{"maxweight":"3.5"}},{"type":"Feature","geometry":{"type":"Point","coordinates":[8.4117086,48.0310406]},"properties":{"maxweight":"7.5"}},{"type":"Feature","geometry":{"type":"Point","coordinates":[8.5680469,48.9598856]},"properties":{"maxweight":"7.5"}},{"type":"Feature","geometry":{"type":"Point","coordinates":[8.6056225,48.5851898]},"properties":{"maxwidth":"1.6"}},{"type":"Feature","geometry":{"type":"Point","coordinates":[8.6034311,48.5866916]},"properties":{"maxweight":"3.5"}},{"type":"Feature","geometry":{"type":"Point","coordinates":[8.8748409,48.5770557]},"properties":{"hgv":"destination","maxweightrating:hgv":"7.5"}},{"type":"Feature","geometry":{"type":"Point","coordinates":[8.8755885,48.5778058]},"properties":{"hgv":"destination","maxweightrating:hgv":"7.5"}},{"type":"Feature","geometry":{"type":"Point","coordinates":[8.8745656,48.5781971]},"properties":{"hgv":"destination","maxweightrating:hgv":"7.5"}},{"type":"Feature","geometry":{"type":"Point","coordinates":[8.8744311,48.5776117]},"properties":{"hgv":"destination","maxweightrating:hgv":"7.5"}},{"type":"Feature","geometry":{"type":"Point","coordinates":[8.8764149,48.5784492]},"properties":{"hgv":"destination","maxweightrating:hgv":"7.5"}},{"type":"Feature","geometry":{"type":"Point","coordinates":[8.8778775,48.5794085]},"properties":{"hgv":"destination","maxweightrating:hgv":"7.5"}},{"type":"Feature","geometry":{"type":"Point","coordinates":[8.8761679,48.5803962]},"properties":{"hgv":"destination","maxweightrating:hgv":"7.5"}},{"type":"Feature","geometry":{"type":"Point","coordinates":[8.90649,48.5604013]},"properties":{"hgv":"destination"}},{"type":"Feature","geometry":{"type":"Point","coordinates":[8.2648738,48.7547652]},"properties":{"maxweight":"7.5"}},{"type":"Feature","geometry":{"type":"Point","coordinates":[8.6386683,48.3639051]},"properties":{"maxweight":"7.5"}},{"type":"Feature","geometry":{"type":"Point","coordinates":[8.5735645,48.9517365]},"properties":{"maxweight":"2.8"}},{"type":"Feature","geometry":{"type":"Point","coordinates":[8.5773269,48.9503319]},"properties":{"maxweight":"2.8"}},{"type":"Feature","geometry":{"type":"Point","coordinates":[8.526206,48.0291714]},"properties":{"hgv":"no"}},{"type":"Feature","geometry":{"type":"Point","coordinates":[8.8020274,48.6802422]},"properties":{"maxweight":"7.5"}},{"type":"Feature","geometry":{"type":"Point","coordinates":[8.7399195,48.7146393]},"properties":{"maxheight":"default"}},{"type":"Feature","geometry":{"type":"Point","coordinates":[8.5791725,48.9555022]},"properties":{"maxweight":"7.5"}},{"type":"Feature","geometry":{"type":"Point","coordinates":[8.5924186,48.5608158]},"properties":{"maxweight":"3.5"}},{"type":"Feature","geometry":{"type":"Point","coordinates":[8.5955702,48.5560224]},"properties":{"maxweight":"3.5"}},{"type":"Feature","geometry":{"type":"Point","coordinates":[8.5895374,48.5331883]},"properties":{"maxweight":"6"}},{"type":"Feature","geometry":{"type":"Point","coordinates":[8.5958629,48.5554205]},"properties":{"maxweight":"3.5"}},{"type":"Feature","geometry":{"type":"Point","coordinates":[8.6286855,48.9425678]},"properties":{"maxweight":"16"}},{"type":"Feature","geometry":{"type":"Point","coordinates":[8.1936534,48.7900789]},"properties":{"maxweight":"16"}},{"type":"Feature","geometry":{"type":"Point","coordinates":[8.1929879,48.7909816]},"properties":{"maxweight":"45"}},{"type":"Feature","geometry":{"type":"Point","coordinates":[8.7500471,48.7118174]},"properties":{"maxweight":"2.8"}},{"type":"Feature","geometry":{"type":"Point","coordinates":[8.7218742,48.5493173]},"properties":{"hgv":"destination"}},{"type":"Feature","geometry":{"type":"Point","coordinates":[8.5670119,48.4415897]},"properties":{"maxweight":"6"}},{"type":"Feature","geometry":{"type":"Point","coordinates":[8.5664796,48.441931]},"properties":{"maxweight":"6"}},{"type":"Feature","geometry":{"type":"Point","coordinates":[8.5652356,48.4337032]},"properties":{"maxweight":"6"}},{"type":"Feature","geometry":{"type":"Point","coordinates":[8.4659257,48.9655121]},"properties":{"maxheight":"below_default"}},{"type":"Feature","geometry":{"type":"Point","coordinates":[8.7277402,48.5452112]},"properties":{"maxweight":"3"}},{"type":"Feature","geometry":{"type":"Point","coordinates":[8.7271948,48.5451186]},"properties":{"maxweight":"3"}},{"type":"Feature","geometry":{"type":"Point","coordinates":[8.844669,48.5034564]},"properties":{"maxheight":"default"}},{"type":"Feature","geometry":{"type":"Point","coordinates":[8.5943874,48.090087]},"properties":{"maxheight":"default"}},{"type":"Feature","geometry":{"type":"Point","coordinates":[8.5706941,48.941358]},"properties":{"maxheight":"2.1"}},{"type":"Feature","geometry":{"type":"Point","coordinates":[8.633786,48.9600017]},"properties":{"maxweight":"2.6"}},{"type":"Feature","geometry":{"type":"Point","coordinates":[8.8247633,48.5124167]},"properties":{"maxheight":"3.9"}},{"type":"Feature","geometry":{"type":"Point","coordinates":[8.160573,48.5685279]},"properties":{"maxheight":"3.5"}},{"type":"Feature","geometry":{"type":"Point","coordinates":[8.9656192,48.7423226]},"properties":{"hgv":"destination"}},{"type":"Feature","geometry":{"type":"Point","coordinates":[8.728958,48.5526756]},"properties":{"maxweight":"6"}},{"type":"Feature","geometry":{"type":"Point","coordinates":[8.467154,48.0538934]},"properties":{"maxweight":"30"}},{"type":"Feature","geometry":{"type":"Point","coordinates":[8.8711169,48.749384]},"properties":{"hgv":"no"}},{"type":"Feature","geometry":{"type":"Point","coordinates":[8.9562434,48.7445707]},"properties":{"maxweight":"7.5"}},{"type":"Feature","geometry":{"type":"Point","coordinates":[8.9592912,48.742575]},"properties":{"hgv":"no"}},{"type":"Feature","geometry":{"type":"Point","coordinates":[8.6023896,48.5545817]},"properties":{"maxweight":"3.5"}},{"type":"Feature","geometry":{"type":"Point","coordinates":[8.2284416,48.2926713]},"properties":{"maxheight":"default"}},{"type":"Feature","geometry":{"type":"Point","coordinates":[8.2335277,48.7557134]},"properties":{"maxheight":"none"}},{"type":"Feature","geometry":{"type":"Point","coordinates":[8.2435132,48.7532048]},"properties":{"maxheight":"none"}},{"type":"Feature","geometry":{"type":"Point","coordinates":[8.9781414,48.7833969]},"properties":{"maxheight":"default"}},{"type":"Feature","geometry":{"type":"Point","coordinates":[8.4860725,48.8999436]},"properties":{"maxweight":"7.5"}},{"type":"Feature","geometry":{"type":"Point","coordinates":[8.8064029,48.4952349]},"properties":{"hgv":"no","maxweight":"3.5"}},{"type":"Feature","geometry":{"type":"Point","coordinates":[8.6140794,48.6053151]},"properties":{"maxweight":"3.5"}},{"type":"Feature","geometry":{"type":"Point","coordinates":[8.6066902,48.6070879]},"properties":{"maxweight":"3.5"}},{"type":"Feature","geometry":{"type":"Point","coordinates":[8.7158839,48.5604665]},"properties":{"maxweight":"6"}},{"type":"Feature","geometry":{"type":"Point","coordinates":[8.7239671,48.5620421]},"properties":{"maxweight":"30"}},{"type":"Feature","geometry":{"type":"Point","coordinates":[8.6894727,48.5717989]},"properties":{"maxweight":"30"}},{"type":"Feature","geometry":{"type":"Point","coordinates":[8.6115442,48.5864838]},"properties":{"hgv":"no","maxwidth":"2"}},{"type":"Feature","geometry":{"type":"Point","coordinates":[8.9833747,48.7911847]},"properties":{"maxweight":"30"}},{"type":"Feature","geometry":{"type":"Point","coordinates":[8.3840943,48.9988873]},"properties":{"maxheight":"2.1","maxweight":"2.5"}},{"type":"Feature","geometry":{"type":"Point","coordinates":[8.9425169,48.6953112]},"properties":{"maxweight":"3"}},{"type":"Feature","geometry":{"type":"Point","coordinates":[8.9428872,48.6953759]},"properties":{"maxweight":"3"}},{"type":"Feature","geometry":{"type":"Point","coordinates":[8.5086873,48.9197548]},"properties":{"hgv":"destination"}},{"type":"Feature","geometry":{"type":"Point","coordinates":[8.9470916,48.6642454]},"properties":{"maxweight":"3.5"}},{"type":"Feature","geometry":{"type":"Point","coordinates":[8.8130606,48.4948021]},"properties":{"hgv":"destination"}},{"type":"Feature","geometry":{"type":"Point","coordinates":[8.9429565,48.6618309]},"properties":{"hgv":"no"}},{"type":"Feature","geometry":{"type":"Point","coordinates":[8.9633671,48.746767]},"properties":{"hgv":"destination;agricultural;forestry"}},{"type":"Feature","geometry":{"type":"Point","coordinates":[8.9872826,48.5233215]},"properties":{"maxweight":"12"}},{"type":"Feature","geometry":{"type":"Point","coordinates":[8.9190168,48.5728711]},"properties":{"maxheight":"default"}},{"type":"Feature","geometry":{"type":"Point","coordinates":[8.9004026,48.5811651]},"properties":{"maxheight":"default"}},{"type":"Feature","geometry":{"type":"Point","coordinates":[8.9900306,48.279233]},"properties":{"maxweight":"6"}},{"type":"Feature","geometry":{"type":"Point","coordinates":[8.9390093,48.6210321]},"properties":{"hgv":"destination"}},{"type":"Feature","geometry":{"type":"Point","coordinates":[8.9079541,48.7147774]},"properties":{"maxweight":"13.7"}},{"type":"Feature","geometry":{"type":"Point","coordinates":[8.9346124,48.654851]},"properties":{"maxweight":"2.5"}},{"type":"Feature","geometry":{"type":"Point","coordinates":[8.3727129,48.9896489]},"properties":{"maxheight":"2.7"}},{"type":"Feature","geometry":{"type":"Point","coordinates":[8.8335221,48.6953485]},"properties":{"maxweight":"6"}},{"type":"Feature","geometry":{"type":"Point","coordinates":[8.8355525,48.6959267]},"properties":{"maxweight":"6"}},{"type":"Feature","geometry":{"type":"Point","coordinates":[8.9422897,48.6586553]},"properties":{"maxwidth":"2 m"}},{"type":"Feature","geometry":{"type":"Point","coordinates":[8.1166449,48.7158239]},"properties":{"maxweight":"12"}},{"type":"Feature","geometry":{"type":"Point","coordinates":[8.6491432,48.5613095]},"properties":{"maxweight":"6"}},{"type":"Feature","geometry":{"type":"Point","coordinates":[8.8274934,48.5257581]},"properties":{"maxheight":"3.3"}},{"type":"Feature","geometry":{"type":"Point","coordinates":[8.9527695,48.6913768]},"properties":{"maxweight":"7.5"}},{"type":"Feature","geometry":{"type":"Point","coordinates":[8.9524561,48.6908823]},"properties":{"maxweight":"7.5"}},{"type":"Feature","geometry":{"type":"Point","coordinates":[8.2282573,48.8912992]},"properties":{"maxweight":"12"}},{"type":"Feature","geometry":{"type":"Point","coordinates":[8.1315675,48.8432236]},"properties":{"hgv":"no"}},{"type":"Feature","geometry":{"type":"Point","coordinates":[8.254855,48.1643018]},"properties":{"maxweight":"6"}},{"type":"Feature","geometry":{"type":"Point","coordinates":[8.2418305,48.1613624]},"properties":{"maxweight":"6"}},{"type":"Feature","geometry":{"type":"Point","coordinates":[8.2538262,48.1596366]},"properties":{"maxweight":"1"}},{"type":"Feature","geometry":{"type":"Point","coordinates":[8.9025934,48.6793045]},"properties":{"hgv":"no"}},{"type":"Feature","geometry":{"type":"Point","coordinates":[8.1355067,48.7095611]},"properties":{"maxheight":"default"}},{"type":"Feature","geometry":{"type":"Point","coordinates":[8.9443833,48.6578455]},"properties":{"maxweight":"12"}},{"type":"Feature","geometry":{"type":"Point","coordinates":[8.9868306,48.7874699]},"properties":{"maxheight":"default"}},{"type":"Feature","geometry":{"type":"Point","coordinates":[8.1967264,48.7351849]},"properties":{"maxweight":"2.8"}},{"type":"Feature","geometry":{"type":"Point","coordinates":[8.1844746,48.7369772]},"properties":{"maxweight":"7.5"}},{"type":"Feature","geometry":{"type":"Point","coordinates":[8.7555885,48.7839728]},"properties":{"maxweight":"6"}},{"type":"Feature","geometry":{"type":"Point","coordinates":[8.9096483,48.7150562]},"properties":{"hgv":"no"}},{"type":"Feature","geometry":{"type":"Point","coordinates":[8.4346617,48.8842263]},"properties":{"hgv":"no"}},{"type":"Feature","geometry":{"type":"Point","coordinates":[8.4936298,48.9944515]},"properties":{"maxweight":"2.8"}},{"type":"Feature","geometry":{"type":"Point","coordinates":[8.9286557,48.6557387]},"properties":{"maxheight":"3.6"}},{"type":"Feature","geometry":{"type":"Point","coordinates":[8.3578991,48.9644049]},"properties":{"maxweight":"14"}},{"type":"Feature","geometry":{"type":"Point","coordinates":[8.91758,48.2228421]},"properties":{"hgv":"no"}},{"type":"Feature","geometry":{"type":"Point","coordinates":[8.7878566,48.727014]},"properties":{"maxheight":"default"}},{"type":"Feature","geometry":{"type":"Point","coordinates":[8.4328701,48.4492507]},"properties":{"maxweightrating:hgv":"7.5"}},{"type":"Feature","geometry":{"type":"Point","coordinates":[8.8499606,48.2697822]},"properties":{"maxweight":"7.5"}},{"type":"Feature","geometry":{"type":"Point","coordinates":[8.2187249,48.4699404]},"properties":{"maxweight":"6"}},{"type":"Feature","geometry":{"type":"Point","coordinates":[8.7237676,48.6737865]},"properties":{"hgv":"no"}},{"type":"Feature","geometry":{"type":"Point","coordinates":[8.6810032,48.5961999]},"properties":{"maxweightrating:hgv":"6"}},{"type":"Feature","geometry":{"type":"Point","coordinates":[8.6772926,48.5887982]},"properties":{"maxweightrating:hgv":"6"}},{"type":"Feature","geometry":{"type":"Point","coordinates":[8.1496815,48.6894466]},"properties":{"hgv":"destination"}},{"type":"Feature","geometry":{"type":"Point","coordinates":[8.7466467,48.6250994]},"properties":{"hgv":"no","maxweightrating:hgv":"7.5"}},{"type":"Feature","geometry":{"type":"Point","coordinates":[8.3922397,48.1214789]},"properties":{"maxweight":"3.5"}},{"type":"Feature","geometry":{"type":"Point","coordinates":[8.6939636,48.8964272]},"properties":{"maxweight":"24"}},{"type":"Feature","geometry":{"type":"Point","coordinates":[8.4664158,48.0333756]},"properties":{"maxweight":"12"}},{"type":"Feature","geometry":{"type":"Point","coordinates":[8.8880681,48.6793132]},"properties":{"hgv":"no"}},{"type":"Feature","geometry":{"type":"Point","coordinates":[8.9144593,48.632017]},"properties":{"maxheight":"default"}},{"type":"Feature","geometry":{"type":"Point","coordinates":[8.8732118,48.0201798]},"properties":{"maxweight":"16"}},{"type":"Feature","geometry":{"type":"Point","coordinates":[8.8996333,48.5639013]},"properties":{"maxheight":"default"}},{"type":"Feature","geometry":{"type":"Point","coordinates":[8.9803193,48.3874509]},"properties":{"hgv":"no"}},{"type":"Feature","geometry":{"type":"Point","coordinates":[8.1461182,48.7776987]},"properties":{"maxheight":"default"}},{"type":"Feature","geometry":{"type":"Point","coordinates":[8.1876538,48.8122256]},"properties":{"maxheight":"default"}},{"type":"Feature","geometry":{"type":"Point","coordinates":[8.9441311,48.4878713]},"properties":{"maxheight":"default"}},{"type":"Feature","geometry":{"type":"Point","coordinates":[8.9840275,48.6684645]},"properties":{"maxheight":"default"}},{"type":"Feature","geometry":{"type":"Point","coordinates":[8.1451532,48.9812169]},"properties":{"maxweight":"3.5"}},{"type":"Feature","geometry":{"type":"Point","coordinates":[8.1446535,48.9811853]},"properties":{"maxweight":"3.5"}},{"type":"Feature","geometry":{"type":"Point","coordinates":[8.1451532,48.9811501]},"properties":{"maxweight":"3.5"}},{"type":"Feature","geometry":{"type":"Point","coordinates":[8.4607131,48.8376565]},"properties":{"hgv":"no"}},{"type":"Feature","geometry":{"type":"Point","coordinates":[8.461218,48.8200167]},"properties":{"hgv":"no"}},{"type":"Feature","geometry":{"type":"Point","coordinates":[8.6521706,48.4413318]},"properties":{"hgv":"no"}},{"type":"Feature","geometry":{"type":"Point","coordinates":[8.3556495,48.1097881]},"properties":{"hgv":"destination"}},{"type":"Feature","geometry":{"type":"Point","coordinates":[8.5407124,48.9914067]},"properties":{"maxheight":"2.3"}},{"type":"Feature","geometry":{"type":"Point","coordinates":[8.5403604,48.991347]},"properties":{"maxheight":"2.3"}},{"type":"Feature","geometry":{"type":"Point","coordinates":[8.361001,48.9253383]},"properties":{"hgv":"no"}},{"type":"Feature","geometry":{"type":"Point","coordinates":[8.6627409,48.4873725]},"properties":{"maxweight":"7"}},{"type":"Feature","geometry":{"type":"Point","coordinates":[8.9643986,48.7774204]},"properties":{"maxheight":"default"}},{"type":"Feature","geometry":{"type":"Point","coordinates":[8.6511675,48.4432632]},"properties":{"maxweight":"3.5"}},{"type":"Feature","geometry":{"type":"Point","coordinates":[8.9473973,48.3887295]},"properties":{"hgv":"no","goods":"no","maxwidth":"2.5"}},{"type":"Feature","geometry":{"type":"Point","coordinates":[8.877786,48.5812565]},"properties":{"hgv":"destination","maxweightrating:hgv":"7.5"}},{"type":"Feature","geometry":{"type":"Point","coordinates":[8.8795561,48.5780305]},"properties":{"hgv":"destination","maxweightrating:hgv":"7.5"}},{"type":"Feature","geometry":{"type":"Point","coordinates":[8.8780472,48.5789611]},"properties":{"hgv":"destination","maxweightrating:hgv":"7.5"}},{"type":"Feature","geometry":{"type":"Point","coordinates":[8.0683778,48.6915405]},"properties":{"maxweight":"12"}},{"type":"Feature","geometry":{"type":"Point","coordinates":[8.7745404,48.1853443]},"properties":{"hgv":"agricultural;forestry","maxweight":"6"}},{"type":"Feature","geometry":{"type":"Point","coordinates":[8.0565949,48.6849228]},"properties":{"maxwidth":"2.5"}},{"type":"Feature","geometry":{"type":"Point","coordinates":[8.6773518,48.4894699]},"properties":{"maxweight":"3.5"}},{"type":"Feature","geometry":{"type":"Point","coordinates":[8.700194,48.047167]},"properties":{"hgv":"agricultural"}},{"type":"Feature","geometry":{"type":"Point","coordinates":[8.5210914,48.0224582]},"properties":{"maxheight":"below_default"}},{"type":"Feature","geometry":{"type":"Point","coordinates":[8.6932488,48.4503082]},"properties":{"hgv":"no"}},{"type":"Feature","geometry":{"type":"Point","coordinates":[8.8696165,48.5280138]},"properties":{"hgv":"destination"}},{"type":"Feature","geometry":{"type":"Point","coordinates":[8.910748,48.743531]},"properties":{"hgv":"destination;agricultural"}},{"type":"Feature","geometry":{"type":"Point","coordinates":[8.2173088,48.800454]},"properties":{"maxweight":"2.8"}},{"type":"Feature","geometry":{"type":"Point","coordinates":[8.6885355,48.4457231]},"properties":{"hgv":"no"}},{"type":"Feature","geometry":{"type":"Point","coordinates":[8.6768923,48.4412602]},"properties":{"maxweight":"3.5"}},{"type":"Feature","geometry":{"type":"Point","coordinates":[8.6491759,48.5992752]},"properties":{"maxweight":"7"}},{"type":"Feature","geometry":{"type":"Point","coordinates":[8.6489922,48.5988465]},"properties":{"maxweight":"7"}},{"type":"Feature","geometry":{"type":"Point","coordinates":[8.6487122,48.598332]},"properties":{"maxweight":"7"}},{"type":"Feature","geometry":{"type":"Point","coordinates":[8.2386445,48.8295732]},"properties":{"maxweight":"6"}},{"type":"Feature","geometry":{"type":"Point","coordinates":[8.2208227,48.8062293]},"properties":{"hgv":"no"}},{"type":"Feature","geometry":{"type":"Point","coordinates":[8.1871799,48.1966397]},"properties":{"hgv":"agricultural"}},{"type":"Feature","geometry":{"type":"Point","coordinates":[8.9874827,48.6438779]},"properties":{"maxweight":"3.5"}},{"type":"Feature","geometry":{"type":"Point","coordinates":[8.9868037,48.6465892]},"properties":{"maxweight":"3.5"}},{"type":"Feature","geometry":{"type":"Point","coordinates":[8.8775092,48.5774928]},"properties":{"hgv":"destination","maxweightrating:hgv":"7.5"}},{"type":"Feature","geometry":{"type":"Point","coordinates":[8.0907814,48.0822953]},"properties":{"maxweight":"12"}},{"type":"Feature","geometry":{"type":"Point","coordinates":[8.9200319,48.6357619]},"properties":{"maxheight":"none"}},{"type":"Feature","geometry":{"type":"Point","coordinates":[8.9325644,48.6417298]},"properties":{"maxheight":"none"}},{"type":"Feature","geometry":{"type":"Point","coordinates":[8.0891181,48.6562634]},"properties":{"maxheight":"3.2","maxweight":"3.5"}},{"type":"Feature","geometry":{"type":"Point","coordinates":[8.0898163,48.6561657]},"properties":{"maxheight":"3.2","maxweight":"3.5"}},{"type":"Feature","geometry":{"type":"Point","coordinates":[8.8959654,48.9406314]},"properties":{"maxweight":"7.5"}},{"type":"Feature","geometry":{"type":"Point","coordinates":[8.2187301,48.8118639]},"properties":{"hgv":"destination"}},{"type":"Feature","geometry":{"type":"Point","coordinates":[8.2205394,48.8059059]},"properties":{"hgv":"no"}},{"type":"Feature","geometry":{"type":"Point","coordinates":[8.2271818,48.8009862]},"properties":{"maxweight":"30"}},{"type":"Feature","geometry":{"type":"Point","coordinates":[8.9941792,48.3852355]},"properties":{"maxheight":"default"}},{"type":"Feature","geometry":{"type":"Point","coordinates":[8.669301,48.4897092]},"properties":{"maxweight":"16"}},{"type":"Feature","geometry":{"type":"Point","coordinates":[8.6699577,48.4941678]},"properties":{"hgv":"destination"}},{"type":"Feature","geometry":{"type":"Point","coordinates":[8.2297076,48.8427482]},"properties":{"maxheight":"none"}},{"type":"Feature","geometry":{"type":"Point","coordinates":[8.9356142,48.4787791]},"properties":{"maxweight":"7.5"}},{"type":"Feature","geometry":{"type":"Point","coordinates":[8.3820385,48.9895301]},"properties":{"hgv":"destination"}},{"type":"Feature","geometry":{"type":"Point","coordinates":[8.1956907,48.8159334]},"properties":{"hgv":"yes"}},{"type":"Feature","geometry":{"type":"Point","coordinates":[8.8916788,48.5583051]},"properties":{"maxheight":"default"}},{"type":"Feature","geometry":{"type":"Point","coordinates":[8.62817,48.299684]},"properties":{"hgv":"delivery"}},{"type":"Feature","geometry":{"type":"Point","coordinates":[8.6278113,48.2981891]},"properties":{"hgv":"delivery"}},{"type":"Feature","geometry":{"type":"Point","coordinates":[8.7010067,48.4598566]},"properties":{"maxheight":"none"}},{"type":"Feature","geometry":{"type":"Point","coordinates":[8.599327,48.222704]},"properties":{"maxweight":"24"}},{"type":"Feature","geometry":{"type":"Point","coordinates":[8.712952,48.6252983]},"properties":{"hgv":"destination"}},{"type":"Feature","geometry":{"type":"Point","coordinates":[8.7127986,48.6248974]},"properties":{"hgv":"destination"}},{"type":"Feature","geometry":{"type":"Point","coordinates":[8.8648635,48.5931188]},"properties":{"hgv":"destination"}},{"type":"Feature","geometry":{"type":"Point","coordinates":[8.9597749,48.9453046]},"properties":{"maxheight":"2.00"}},{"type":"Feature","geometry":{"type":"Point","coordinates":[8.1920892,48.7974782]},"properties":{"maxweight":"3"}},{"type":"Feature","geometry":{"type":"Point","coordinates":[8.9241761,48.4735735]},"properties":{"maxheight":"below_default"}},{"type":"Feature","geometry":{"type":"Point","coordinates":[8.8959437,48.9290801]},"properties":{"maxwidth":"2"}},{"type":"Feature","geometry":{"type":"Point","coordinates":[8.1130895,48.5945416]},"properties":{"maxheight":"default"}},{"type":"Feature","geometry":{"type":"Point","coordinates":[8.1853813,48.012197]},"properties":{"maxwidth":"1.60"}},{"type":"Feature","geometry":{"type":"Point","coordinates":[8.1043796,48.59708]},"properties":{"maxheight":"default"}},{"type":"Feature","geometry":{"type":"Point","coordinates":[8.1094142,48.5947905]},"properties":{"maxheight":"default"}},{"type":"Feature","geometry":{"type":"Point","coordinates":[8.6955586,48.44831]},"properties":{"maxheight":"none"}},{"type":"Feature","geometry":{"type":"Point","coordinates":[8.1664404,48.7686716]},"properties":{"hgv":"no","maxheight":"2.6"}},{"type":"Feature","geometry":{"type":"Point","coordinates":[8.1673315,48.7682468]},"properties":{"hgv":"no","maxheight":"2.6"}},{"type":"Feature","geometry":{"type":"Point","coordinates":[8.1677299,48.7674616]},"properties":{"hgv":"no","maxheight":"2.6"}},{"type":"Feature","geometry":{"type":"Point","coordinates":[8.1585758,48.7604666]},"properties":{"maxheight":"2.8"}},{"type":"Feature","geometry":{"type":"Point","coordinates":[8.157191,48.7604321]},"properties":{"maxheight":"2.8"}},{"type":"Feature","geometry":{"type":"Point","coordinates":[8.6745473,48.4882505]},"properties":{"maxweight":"3.5"}},{"type":"Feature","geometry":{"type":"Point","coordinates":[8.2598397,48.7552968]},"properties":{"maxweight":"7.5"}},{"type":"Feature","geometry":{"type":"Point","coordinates":[8.8715939,48.5956766]},"properties":{"maxweight":"7.5"}},{"type":"Feature","geometry":{"type":"Point","coordinates":[8.5984013,48.2761811]},"properties":{"maxweight":"30"}},{"type":"Feature","geometry":{"type":"Point","coordinates":[8.2056712,48.8138168]},"properties":{"maxweight":"2.8"}},{"type":"Feature","geometry":{"type":"Point","coordinates":[8.2082437,48.0508911]},"properties":{"hgv":"private","goods":"destination"}},{"type":"Feature","geometry":{"type":"Point","coordinates":[8.202288,48.0493936]},"properties":{"maxweight":"5"}},{"type":"Feature","geometry":{"type":"Point","coordinates":[8.8777385,48.5704082]},"properties":{"hgv":"destination","maxweightrating:hgv":"7.5"}},{"type":"Feature","geometry":{"type":"Point","coordinates":[8.9054453,48.5582221]},"properties":{"hgv":"no"}},{"type":"Feature","geometry":{"type":"Point","coordinates":[8.2184074,48.8393325]},"properties":{"maxweight":"30"}},{"type":"Feature","geometry":{"type":"Point","coordinates":[8.5729741,48.9310793]},"properties":{"maxweight":"30"}},{"type":"Feature","geometry":{"type":"Point","coordinates":[8.758213,48.9198091]},"properties":{"maxheight":"default"}},{"type":"Feature","geometry":{"type":"Point","coordinates":[8.6006882,48.2428598]},"properties":{"maxweight":"12"}},{"type":"Feature","geometry":{"type":"Point","coordinates":[8.984414,48.7105804]},"properties":{"maxheight":"default"}},{"type":"Feature","geometry":{"type":"Point","coordinates":[8.9553448,48.9312653]},"properties":{"maxheight":"2.1"}},{"type":"Feature","geometry":{"type":"Point","coordinates":[8.5073141,48.0399342]},"properties":{"maxweight":"3.5"}},{"type":"Feature","geometry":{"type":"Point","coordinates":[8.1298633,48.5832613]},"properties":{"maxheight":"default"}},{"type":"Feature","geometry":{"type":"Point","coordinates":[8.9971039,48.4822166]},"properties":{"maxlength":"10"}},{"type":"Feature","geometry":{"type":"Point","coordinates":[8.9964347,48.482656]},"properties":{"maxlength":"10"}},{"type":"Feature","geometry":{"type":"Point","coordinates":[8.372597,48.5126413]},"properties":{"hgv":"destination"}},{"type":"Feature","geometry":{"type":"Point","coordinates":[8.8457633,48.700115]},"properties":{"maxweight":"6"}},{"type":"Feature","geometry":{"type":"Point","coordinates":[8.6409214,48.2082619]},"properties":{"maxweight":"1.5"}},{"type":"Feature","geometry":{"type":"Point","coordinates":[8.9899318,48.9205108]},"properties":{"maxweight":"16"}},{"type":"Feature","geometry":{"type":"Point","coordinates":[8.9780008,48.9204638]},"properties":{"maxheight":"3.3"}},{"type":"Feature","geometry":{"type":"Point","coordinates":[8.1849942,48.0123881]},"properties":{"maxwidth":"1.60"}},{"type":"Feature","geometry":{"type":"Point","coordinates":[8.9543609,48.9449702]},"properties":{"maxweight":"6"}},{"type":"Feature","geometry":{"type":"Point","coordinates":[8.9553964,48.9443756]},"properties":{"maxheight":"3.8","maxwidth":"3","maxweight":"6"}},{"type":"Feature","geometry":{"type":"Point","coordinates":[8.1278504,48.6531611]},"properties":{"hgv":"no","maxweight":"6"}},{"type":"Feature","geometry":{"type":"Point","coordinates":[8.2333797,48.8268191]},"properties":{"maxweight":"6"}},{"type":"Feature","geometry":{"type":"Point","coordinates":[8.2332524,48.8267817]},"properties":{"maxweight":"6"}},{"type":"Feature","geometry":{"type":"Point","coordinates":[8.2331749,48.8267566]},"properties":{"maxweight":"6"}},{"type":"Feature","geometry":{"type":"Point","coordinates":[8.6089747,48.2092278]},"properties":{"maxheight":"3.5","maxweight":"3.5"}},{"type":"Feature","geometry":{"type":"Point","coordinates":[8.1514429,48.6022707]},"properties":{"maxweight":"16 t"}},{"type":"Feature","geometry":{"type":"Point","coordinates":[8.8918265,48.5748047]},"properties":{"maxheight":"default"}},{"type":"Feature","geometry":{"type":"Point","coordinates":[8.8859673,48.5748699]},"properties":{"hgv":"delivery"}},{"type":"Feature","geometry":{"type":"Point","coordinates":[8.8841028,48.576398]},"properties":{"maxweightrating:hgv":"7.5"}},{"type":"Feature","geometry":{"type":"Point","coordinates":[8.8828847,48.5766686]},"properties":{"maxweightrating:hgv":"7.5"}},{"type":"Feature","geometry":{"type":"Point","coordinates":[8.8835215,48.5786413]},"properties":{"hgv":"destination","goods":"destination","maxweightrating:hgv":"7.5"}},{"type":"Feature","geometry":{"type":"Point","coordinates":[8.8826557,48.5778266]},"properties":{"hgv":"destination","maxweightrating:hgv":"7.5"}},{"type":"Feature","geometry":{"type":"Point","coordinates":[8.8828715,48.5806972]},"properties":{"hgv":"destination","maxweightrating:hgv":"7.5"}},{"type":"Feature","geometry":{"type":"Point","coordinates":[8.8816261,48.5788649]},"properties":{"hgv":"destination","maxweightrating:hgv":"7.5"}},{"type":"Feature","geometry":{"type":"Point","coordinates":[8.8888826,48.5479673]},"properties":{"maxheight":"default"}},{"type":"Feature","geometry":{"type":"Point","coordinates":[8.8842474,48.575236]},"properties":{"hgv":"destination","maxweightrating:hgv":"7.5"}},{"type":"Feature","geometry":{"type":"Point","coordinates":[8.8847216,48.5758523]},"properties":{"hgv":"destination","maxweightrating:hgv":"7.5"}},{"type":"Feature","geometry":{"type":"Point","coordinates":[8.8844257,48.5758012]},"properties":{"hgv":"destination","maxweightrating:hgv":"7.5"}},{"type":"Feature","geometry":{"type":"Point","coordinates":[8.8803974,48.5746878]},"properties":{"hgv":"destination","maxweightrating:hgv":"7.5"}},{"type":"Feature","geometry":{"type":"Point","coordinates":[8.8798752,48.5752319]},"properties":{"hgv":"destination","maxweightrating:hgv":"7.5"}},{"type":"Feature","geometry":{"type":"Point","coordinates":[8.8829825,48.573636]},"properties":{"hgv":"destination","maxweightrating:hgv":"7.5"}},{"type":"Feature","geometry":{"type":"Point","coordinates":[8.8816208,48.5721565]},"properties":{"hgv":"destination","maxweightrating:hgv":"7.5"}},{"type":"Feature","geometry":{"type":"Point","coordinates":[8.8782042,48.5741401]},"properties":{"hgv":"destination","maxweightrating:hgv":"7.5"}},{"type":"Feature","geometry":{"type":"Point","coordinates":[8.8807503,48.5729712]},"properties":{"hgv":"destination","maxweightrating:hgv":"7.5"}},{"type":"Feature","geometry":{"type":"Point","coordinates":[8.8804921,48.5731541]},"properties":{"hgv":"destination","maxweightrating:hgv":"7.5"}},{"type":"Feature","geometry":{"type":"Point","coordinates":[8.8803716,48.5722514]},"properties":{"hgv":"destination","maxweightrating:hgv":"7.5"}},{"type":"Feature","geometry":{"type":"Point","coordinates":[8.877194,48.5725148]},"properties":{"hgv":"destination","maxweightrating:hgv":"7.5"}},{"type":"Feature","geometry":{"type":"Point","coordinates":[8.0569771,48.6659377]},"properties":{"maxweight":"7.5"}},{"type":"Feature","geometry":{"type":"Point","coordinates":[8.0514122,48.6598289]},"properties":{"maxweight":"7.5"}},{"type":"Feature","geometry":{"type":"Point","coordinates":[8.0493119,48.6560322]},"properties":{"maxweight":"7.5"}},{"type":"Feature","geometry":{"type":"Point","coordinates":[8.0493074,48.6570854]},"properties":{"maxweight":"7.5"}},{"type":"Feature","geometry":{"type":"Point","coordinates":[8.0479633,48.6558188]},"properties":{"maxweight":"7.5"}},{"type":"Feature","geometry":{"type":"Point","coordinates":[8.0463303,48.6557805]},"properties":{"maxweight":"7.5"}},{"type":"Feature","geometry":{"type":"Point","coordinates":[8.8764098,48.5709493]},"properties":{"hgv":"destination","maxweightrating:hgv":"7.5"}},{"type":"Feature","geometry":{"type":"Point","coordinates":[8.8771385,48.5728878]},"properties":{"hgv":"destination","maxweightrating:hgv":"7.5"}},{"type":"Feature","geometry":{"type":"Point","coordinates":[8.8771503,48.5717561]},"properties":{"hgv":"destination","maxweightrating:hgv":"7.5"}},{"type":"Feature","geometry":{"type":"Point","coordinates":[8.8770693,48.5717722]},"properties":{"hgv":"destination","maxweightrating:hgv":"7.5"}},{"type":"Feature","geometry":{"type":"Point","coordinates":[8.8769284,48.5716737]},"properties":{"hgv":"destination","maxweightrating:hgv":"7.5"}},{"type":"Feature","geometry":{"type":"Point","coordinates":[8.8756579,48.5719963]},"properties":{"hgv":"destination","maxweightrating:hgv":"7.5"}},{"type":"Feature","geometry":{"type":"Point","coordinates":[8.877758,48.5725244]},"properties":{"hgv":"destination","maxweightrating:hgv":"7.5"}},{"type":"Feature","geometry":{"type":"Point","coordinates":[8.879456,48.5734243]},"properties":{"hgv":"destination","maxweightrating:hgv":"7.5"}},{"type":"Feature","geometry":{"type":"Point","coordinates":[8.8790309,48.574452]},"properties":{"hgv":"destination","maxweightrating:hgv":"7.5"}},{"type":"Feature","geometry":{"type":"Point","coordinates":[8.8773218,48.5741848]},"properties":{"hgv":"destination","maxweightrating:hgv":"7.5"}},{"type":"Feature","geometry":{"type":"Point","coordinates":[8.86974,48.5286117]},"properties":{"hgv":"destination"}},{"type":"Feature","geometry":{"type":"Point","coordinates":[8.9548125,48.9494361]},"properties":{"maxheight":"default"}},{"type":"Feature","geometry":{"type":"Point","coordinates":[8.9545172,48.9495911]},"properties":{"hgv":"no"}},{"type":"Feature","geometry":{"type":"Point","coordinates":[8.2812749,48.7619397]},"properties":{"goods":"no"}},{"type":"Feature","geometry":{"type":"Point","coordinates":[8.8746698,48.5723218]},"properties":{"hgv":"destination","maxweightrating:hgv":"7.5"}},{"type":"Feature","geometry":{"type":"Point","coordinates":[8.8772453,48.5722473]},"properties":{"hgv":"destination","maxweightrating:hgv":"7.5"}},{"type":"Feature","geometry":{"type":"Point","coordinates":[8.8779303,48.5747915]},"properties":{"hgv":"destination","maxweightrating:hgv":"7.5"}},{"type":"Feature","geometry":{"type":"Point","coordinates":[8.8754129,48.5733298]},"properties":{"hgv":"destination","maxweightrating:hgv":"7.5"}},{"type":"Feature","geometry":{"type":"Point","coordinates":[8.8761496,48.5740342]},"properties":{"hgv":"destination","maxweightrating:hgv":"7.5"}},{"type":"Feature","geometry":{"type":"Point","coordinates":[8.8785411,48.5748408]},"properties":{"hgv":"destination","maxweightrating:hgv":"7.5"}},{"type":"Feature","geometry":{"type":"Point","coordinates":[8.8823674,48.573279]},"properties":{"hgv":"destination","maxweightrating:hgv":"7.5"}},{"type":"Feature","geometry":{"type":"Point","coordinates":[8.8883877,48.5705823]},"properties":{"hgv":"destination","maxweightrating:hgv":"7.5"}},{"type":"Feature","geometry":{"type":"Point","coordinates":[8.8747805,48.576603]},"properties":{"hgv":"destination","maxweightrating:hgv":"7.5"}},{"type":"Feature","geometry":{"type":"Point","coordinates":[8.8752835,48.5748712]},"properties":{"hgv":"destination","maxweightrating:hgv":"7.5"}},{"type":"Feature","geometry":{"type":"Point","coordinates":[8.8724867,48.5738666]},"properties":{"hgv":"destination","maxweightrating:hgv":"7.5"}},{"type":"Feature","geometry":{"type":"Point","coordinates":[8.8729917,48.5744318]},"properties":{"hgv":"destination","maxweightrating:hgv":"7.5"}},{"type":"Feature","geometry":{"type":"Point","coordinates":[8.8754009,48.5757343]},"properties":{"hgv":"destination","maxweightrating:hgv":"7.5"}},{"type":"Feature","geometry":{"type":"Point","coordinates":[8.8744174,48.5762273]},"properties":{"hgv":"destination","maxweightrating:hgv":"7.5"}},{"type":"Feature","geometry":{"type":"Point","coordinates":[8.872858,48.5761879]},"properties":{"hgv":"destination","maxweightrating:hgv":"7.5"}},{"type":"Feature","geometry":{"type":"Point","coordinates":[8.8727372,48.5750017]},"properties":{"hgv":"destination","maxweightrating:hgv":"7.5"}},{"type":"Feature","geometry":{"type":"Point","coordinates":[8.8760077,48.5764112]},"properties":{"hgv":"destination","maxweightrating:hgv":"7.5"}},{"type":"Feature","geometry":{"type":"Point","coordinates":[8.8768083,48.5768143]},"properties":{"hgv":"destination","maxweightrating:hgv":"7.5"}},{"type":"Feature","geometry":{"type":"Point","coordinates":[8.875766,48.5788071]},"properties":{"hgv":"destination","maxweightrating:hgv":"7.5"}},{"type":"Feature","geometry":{"type":"Point","coordinates":[8.8799307,48.575578]},"properties":{"hgv":"destination","maxweightrating:hgv":"7.5"}},{"type":"Feature","geometry":{"type":"Point","coordinates":[8.8828994,48.5794829]},"properties":{"hgv":"destination","maxweightrating:hgv":"7.5"}},{"type":"Feature","geometry":{"type":"Point","coordinates":[8.8821419,48.5740317]},"properties":{"hgv":"destination","maxweightrating:hgv":"7.5"}},{"type":"Feature","geometry":{"type":"Point","coordinates":[8.542838,48.8858797]},"properties":{"maxweight":"2"}},{"type":"Feature","geometry":{"type":"Point","coordinates":[8.5888174,48.4450372]},"properties":{"maxweight":"3.5"}},{"type":"Feature","geometry":{"type":"Point","coordinates":[8.872203,48.5952162]},"properties":{"maxweight":"7.5"}},{"type":"Feature","geometry":{"type":"Point","coordinates":[8.3387602,48.2905059]},"properties":{"maxweight":"12"}},{"type":"Feature","geometry":{"type":"Point","coordinates":[8.8459727,48.5019683]},"properties":{"maxheight":"default"}},{"type":"Feature","geometry":{"type":"Point","coordinates":[8.1879191,48.2868743]},"properties":{"hgv":"delivery"}},{"type":"Feature","geometry":{"type":"Point","coordinates":[8.8338038,48.5154293]},"properties":{"maxheight":"default"}},{"type":"Feature","geometry":{"type":"Point","coordinates":[8.3179582,48.8037423]},"properties":{"maxweight":"30"}},{"type":"Feature","geometry":{"type":"Point","coordinates":[8.0491353,48.6693946]},"properties":{"maxweight":"12"}},{"type":"Feature","geometry":{"type":"Point","coordinates":[8.8661425,48.683767]},"properties":{"hgv":"no"}},{"type":"Feature","geometry":{"type":"Point","coordinates":[8.051468,48.6580004]},"properties":{"maxweight":"7.5"}},{"type":"Feature","geometry":{"type":"Point","coordinates":[8.5678278,48.9074729]},"properties":{"maxweight":"6"}},{"type":"Feature","geometry":{"type":"Point","coordinates":[8.2167225,48.8030993]},"properties":{"hgv":"destination"}},{"type":"Feature","geometry":{"type":"Point","coordinates":[8.2252722,48.808924]},"properties":{"hgv":"destination"}},{"type":"Feature","geometry":{"type":"Point","coordinates":[8.7774894,48.1274962]},"properties":{"maxweight":"6"}},{"type":"Feature","geometry":{"type":"Point","coordinates":[8.4583233,48.2526959]},"properties":{"hgv":"no","maxweight":"7.5"}},{"type":"Feature","geometry":{"type":"Point","coordinates":[8.6593261,48.8974096]},"properties":{"maxweight":"3"}},{"type":"Feature","geometry":{"type":"Point","coordinates":[8.6631072,48.8942754]},"properties":{"maxweight":"3"}},{"type":"Feature","geometry":{"type":"Point","coordinates":[8.3161235,48.8087675]},"properties":{"maxheight":"default"}},{"type":"Feature","geometry":{"type":"Point","coordinates":[8.6370724,48.8365337]},"properties":{"maxweight":"7.5"}},{"type":"Feature","geometry":{"type":"Point","coordinates":[8.9340231,48.7696045]},"properties":{"maxheight":"3.8"}},{"type":"Feature","geometry":{"type":"Point","coordinates":[8.8376985,48.7885095]},"properties":{"maxlength":"10"}},{"type":"Feature","geometry":{"type":"Point","coordinates":[8.418857,48.252786]},"properties":{"maxweight":"3.5"}},{"type":"Feature","geometry":{"type":"Point","coordinates":[8.786322,48.5755612]},"properties":{"goods":"no","maxweight":"7.5"}},{"type":"Feature","geometry":{"type":"Point","coordinates":[8.4228791,48.9661294]},"properties":{"maxheight":"default"}},{"type":"Feature","geometry":{"type":"Point","coordinates":[8.9892946,48.3545945]},"properties":{"maxheight":"default"}},{"type":"Feature","geometry":{"type":"Point","coordinates":[8.8495491,48.5597921]},"properties":{"hgv":"no"}},{"type":"Feature","geometry":{"type":"Point","coordinates":[8.7311402,48.4914364]},"properties":{"hgv":"agricultural","maxheight":"3.6"}},{"type":"Feature","geometry":{"type":"Point","coordinates":[8.2566563,48.7936433]},"properties":{"maxweight":"3.5"}},{"type":"Feature","geometry":{"type":"Point","coordinates":[8.8953848,48.499071]},"properties":{"maxheight":"below_default"}},{"type":"Feature","geometry":{"type":"Point","coordinates":[8.8809497,48.5204237]},"properties":{"maxheight":"default"}},{"type":"Feature","geometry":{"type":"Point","coordinates":[8.632525,48.4714796]},"properties":{"maxweight":"5.5"}},{"type":"Feature","geometry":{"type":"Point","coordinates":[8.6080086,48.4544428]},"properties":{"maxweight":"7.5"}},{"type":"Feature","geometry":{"type":"Point","coordinates":[8.889058,48.5480964]},"properties":{"maxheight":"default"}},{"type":"Feature","geometry":{"type":"Point","coordinates":[8.5647924,48.4986276]},"properties":{"hgv":"agricultural;forestry"}},{"type":"Feature","geometry":{"type":"Point","coordinates":[8.5675698,48.4928529]},"properties":{"hgv":"no"}},{"type":"Feature","geometry":{"type":"Point","coordinates":[8.6079863,48.4834667]},"properties":{"hgv":"no"}},{"type":"Feature","geometry":{"type":"Point","coordinates":[8.8536264,48.5099446]},"properties":{"maxheight":"default"}},{"type":"Feature","geometry":{"type":"Point","coordinates":[8.5961629,48.8462487]},"properties":{"maxweight":"3.5"}},{"type":"Feature","geometry":{"type":"Point","coordinates":[8.8476612,48.9508178]},"properties":{"hgv":"no","goods":"no"}},{"type":"Feature","geometry":{"type":"Point","coordinates":[8.5693283,48.4780184]},"properties":{"maxweight":"6.5"}},{"type":"Feature","geometry":{"type":"Point","coordinates":[8.2375225,48.8841968]},"properties":{"maxheight":"default"}},{"type":"Feature","geometry":{"type":"Point","coordinates":[8.8537585,48.5652943]},"properties":{"maxweight":"12"}},{"type":"Feature","geometry":{"type":"Point","coordinates":[8.8482012,48.5584196]},"properties":{"hgv":"no"}},{"type":"Feature","geometry":{"type":"Point","coordinates":[8.8487227,48.5589283]},"properties":{"hgv":"no"}},{"type":"Feature","geometry":{"type":"Point","coordinates":[8.8295319,48.5661661]},"properties":{"hgv":"no"}},{"type":"Feature","geometry":{"type":"Point","coordinates":[8.6994809,48.6922107]},"properties":{"maxweight":"6"}},{"type":"Feature","geometry":{"type":"Point","coordinates":[8.6183164,48.1965134]},"properties":{"maxweight":"16"}},{"type":"Feature","geometry":{"type":"Point","coordinates":[8.5800473,48.3669677]},"properties":{"maxweight":"1.5"}},{"type":"Feature","geometry":{"type":"Point","coordinates":[8.5748801,48.9023029]},"properties":{"maxweight":"3.5"}},{"type":"Feature","geometry":{"type":"Point","coordinates":[8.696632,48.8853154]},"properties":{"maxweight":"8"}},{"type":"Feature","geometry":{"type":"Point","coordinates":[8.6980989,48.8871268]},"properties":{"maxheight":"default"}},{"type":"Feature","geometry":{"type":"Point","coordinates":[8.0007072,48.7102096]},"properties":{"hgv":"no"}},{"type":"Feature","geometry":{"type":"Point","coordinates":[8.1730146,48.8012855]},"properties":{"maxheight":"below_default"}},{"type":"Feature","geometry":{"type":"Point","coordinates":[8.1654608,48.7843945]},"properties":{"maxweight":"30"}},{"type":"Feature","geometry":{"type":"Point","coordinates":[8.5060212,48.101321]},"properties":{"maxwidth":"2"}},{"type":"Feature","geometry":{"type":"Point","coordinates":[8.9252088,48.6506351]},"properties":{"maxweight":"3.5"}},{"type":"Feature","geometry":{"type":"Point","coordinates":[8.2374836,48.8900178]},"properties":{"hgv":"no"}},{"type":"Feature","geometry":{"type":"Point","coordinates":[8.2108734,48.8577246]},"properties":{"maxheight":"4.0"}},{"type":"Feature","geometry":{"type":"Point","coordinates":[8.3626019,48.9389924]},"properties":{"maxheight":"default"}},{"type":"Feature","geometry":{"type":"Point","coordinates":[8.9647327,48.9400433]},"properties":{"hgv":"destination"}},{"type":"Feature","geometry":{"type":"Point","coordinates":[8.1546531,48.6850049]},"properties":{"maxweight":"7.5"}},{"type":"Feature","geometry":{"type":"Point","coordinates":[8.1568082,48.686624]},"properties":{"maxweight":"7.5"}},{"type":"Feature","geometry":{"type":"Point","coordinates":[8.1847456,48.6686712]},"properties":{"hgv":"no","maxwidth":"2"}},{"type":"Feature","geometry":{"type":"Point","coordinates":[8.1880982,48.6640405]},"properties":{"maxweight":"3.5"}},{"type":"Feature","geometry":{"type":"Point","coordinates":[8.2147358,48.8284891]},"properties":{"maxheight":"default"}},{"type":"Feature","geometry":{"type":"Point","coordinates":[8.2210166,48.8384303]},"properties":{"maxweight":"12"}},{"type":"Feature","geometry":{"type":"Point","coordinates":[8.7359887,48.4718727]},"properties":{"maxheight":"2.6"}},{"type":"Feature","geometry":{"type":"Point","coordinates":[8.7729323,48.5348597]},"properties":{"hgv":"destination"}},{"type":"Feature","geometry":{"type":"Point","coordinates":[8.9686177,48.7436185]},"properties":{"hgv":"no"}},{"type":"Feature","geometry":{"type":"Point","coordinates":[8.4727342,48.0742728]},"properties":{"maxheight":"default"}},{"type":"Feature","geometry":{"type":"Point","coordinates":[8.0353465,48.5400099]},"properties":{"maxweight":"30"}},{"type":"Feature","geometry":{"type":"Point","coordinates":[8.9474115,48.3241886]},"properties":{"maxweight":"3.5 t"}},{"type":"Feature","geometry":{"type":"Point","coordinates":[8.8514783,48.2752503]},"properties":{"maxweight":"7.5"}},{"type":"Feature","geometry":{"type":"Point","coordinates":[8.8736647,48.9386695]},"properties":{"hgv":"no"}},{"type":"Feature","geometry":{"type":"Point","coordinates":[8.1251117,48.7344302]},"properties":{"maxweight":"7.5"}},{"type":"Feature","geometry":{"type":"Point","coordinates":[8.9593653,48.9454364]},"properties":{"hgv":"no","maxheight":"2.00","maxweight":"2.5"}},{"type":"Feature","geometry":{"type":"Point","coordinates":[8.9437216,48.9375939]},"properties":{"hgv":"destination","maxweight":"7.5"}},{"type":"Feature","geometry":{"type":"Point","coordinates":[8.5855206,48.5687375]},"properties":{"maxweight":"12"}},{"type":"Feature","geometry":{"type":"Point","coordinates":[8.2246894,48.8365404]},"properties":{"maxheight":"3.1"}},{"type":"Feature","geometry":{"type":"Point","coordinates":[8.2637898,48.8793843]},"properties":{"maxheight":"default"}},{"type":"Feature","geometry":{"type":"Point","coordinates":[8.9524358,48.6916183]},"properties":{"maxweight":"7.5"}},{"type":"Feature","geometry":{"type":"Point","coordinates":[8.9523422,48.6912972]},"properties":{"maxweight":"7.5"}},{"type":"Feature","geometry":{"type":"Point","coordinates":[8.2192599,48.8396509]},"properties":{"maxweight":"5"}},{"type":"Feature","geometry":{"type":"Point","coordinates":[8.7403641,48.2749082]},"properties":{"maxweight":"1.5"}},{"type":"Feature","geometry":{"type":"Point","coordinates":[8.7539101,48.2761589]},"properties":{"maxweight":"6.0"}},{"type":"Feature","geometry":{"type":"Point","coordinates":[8.7662046,48.2845218]},"properties":{"maxweight":"3.5"}},{"type":"Feature","geometry":{"type":"Point","coordinates":[8.4529118,48.0606291]},"properties":{"maxlength":"12"}},{"type":"Feature","geometry":{"type":"Point","coordinates":[8.6380407,48.2060675]},"properties":{"maxweight":"1.5"}},{"type":"Feature","geometry":{"type":"Point","coordinates":[8.6067934,48.1778749]},"properties":{"maxweight":"3.5"}},{"type":"Feature","geometry":{"type":"Point","coordinates":[8.2135348,48.7773323]},"properties":{"hgv":"no"}},{"type":"Feature","geometry":{"type":"Point","coordinates":[8.1837754,48.7680912]},"properties":{"hgv":"destination"}},{"type":"Feature","geometry":{"type":"Point","coordinates":[8.177243,48.7644265]},"properties":{"maxweight":"6"}},{"type":"Feature","geometry":{"type":"Point","coordinates":[8.4200039,48.0339957]},"properties":{"maxweight":"7.5"}},{"type":"Feature","geometry":{"type":"Point","coordinates":[8.4634711,48.0540744]},"properties":{"hgv":"no"}},{"type":"Feature","geometry":{"type":"Point","coordinates":[8.0582102,48.537082]},"properties":{"maxweight":"20"}},{"type":"Feature","geometry":{"type":"Point","coordinates":[8.9668446,48.9428811]},"properties":{"maxweight":"4.5"}},{"type":"Feature","geometry":{"type":"Point","coordinates":[8.9650409,48.9435309]},"properties":{"maxweight":"4.5"}},{"type":"Feature","geometry":{"type":"Point","coordinates":[8.1970788,48.8361662]},"properties":{"maxheight":"2"}},{"type":"Feature","geometry":{"type":"Point","coordinates":[8.2143434,48.8381924]},"properties":{"maxweight":"3"}},{"type":"Feature","geometry":{"type":"Point","coordinates":[8.9187802,48.5783518]},"properties":{"hgv":"no"}},{"type":"Feature","geometry":{"type":"Point","coordinates":[8.1240581,48.736119]},"properties":{"maxweight":"7.5"}},{"type":"Feature","geometry":{"type":"Point","coordinates":[8.6976524,48.6349008]},"properties":{"maxweight":"3.5"}},{"type":"Feature","geometry":{"type":"Point","coordinates":[8.2488683,48.8585758]},"properties":{"maxweight":"7.5"}},{"type":"Feature","geometry":{"type":"Point","coordinates":[8.2476506,48.8556375]},"properties":{"maxweight":"3.5"}},{"type":"Feature","geometry":{"type":"Point","coordinates":[8.5659631,48.9089206]},"properties":{"maxweight":"3"}},{"type":"Feature","geometry":{"type":"Point","coordinates":[8.5647584,48.9091395]},"properties":{"maxweight":"3"}},{"type":"Feature","geometry":{"type":"Point","coordinates":[8.5650329,48.9091651]},"properties":{"maxweight":"3"}},{"type":"Feature","geometry":{"type":"Point","coordinates":[8.5743581,48.9029832]},"properties":{"maxweight":"2.8"}},{"type":"Feature","geometry":{"type":"Point","coordinates":[8.2300781,48.8958877]},"properties":{"maxweight":"12"}},{"type":"Feature","geometry":{"type":"Point","coordinates":[8.1801683,48.9912593]},"properties":{"maxweight":"3.5"}},{"type":"Feature","geometry":{"type":"Point","coordinates":[8.1802421,48.9923913]},"properties":{"maxweight":"3.5"}},{"type":"Feature","geometry":{"type":"Point","coordinates":[8.752451,48.9199324]},"properties":{"maxweight":"2.8"}},{"type":"Feature","geometry":{"type":"Point","coordinates":[8.7698585,48.5790364]},"properties":{"maxweight":"5.5"}},{"type":"Feature","geometry":{"type":"Point","coordinates":[8.5854539,48.0906069]},"properties":{"maxweight":"6"}},{"type":"Feature","geometry":{"type":"Point","coordinates":[8.4835687,48.2648812]},"properties":{"maxweight":"3.5"}},{"type":"Feature","geometry":{"type":"Point","coordinates":[8.8742466,48.5975525]},"properties":{"hgv":"delivery","goods":"delivery"}},{"type":"Feature","geometry":{"type":"Point","coordinates":[8.7562355,48.2078975]},"properties":{"hgv":"destination","maxweight":"3.5"}},{"type":"Feature","geometry":{"type":"Point","coordinates":[8.6323334,48.0714405]},"properties":{"maxweight":"2.8"}},{"type":"Feature","geometry":{"type":"Point","coordinates":[8.6338702,48.0709806]},"properties":{"maxweight":"2.8"}},{"type":"Feature","geometry":{"type":"Point","coordinates":[8.8679064,48.5497912]},"properties":{"hgv":"destination"}},{"type":"Feature","geometry":{"type":"Point","coordinates":[8.7049817,48.427926]},"properties":{"maxweight":"3.5"}},{"type":"Feature","geometry":{"type":"Point","coordinates":[8.8782457,48.5760473]},"properties":{"hgv":"destination","maxweightrating:hgv":"7.5"}},{"type":"Feature","geometry":{"type":"Point","coordinates":[8.5523044,48.0196466]},"properties":{"hgv":"forestry;agricultural","goods":"forestry;agricultural"}},{"type":"Feature","geometry":{"type":"Point","coordinates":[8.6758915,48.7028222]},"properties":{"maxweight":"6"}},{"type":"Feature","geometry":{"type":"Point","coordinates":[8.673704,48.7040939]},"properties":{"maxweight":"6"}},{"type":"Feature","geometry":{"type":"Point","coordinates":[8.8663825,48.5952765]},"properties":{"hgv":"no"}},{"type":"Feature","geometry":{"type":"Point","coordinates":[8.9154704,48.5818325]},"properties":{"hgv":"no"}},{"type":"Feature","geometry":{"type":"Point","coordinates":[8.7548831,48.4398874]},"properties":{"maxheight":"default"}},{"type":"Feature","geometry":{"type":"Point","coordinates":[8.7543226,48.4395795]},"properties":{"maxheight":"default"}},{"type":"Feature","geometry":{"type":"Point","coordinates":[8.9198853,48.4672834]},"properties":{"maxheight":"4"}},{"type":"Feature","geometry":{"type":"Point","coordinates":[8.7520578,48.9546439]},"properties":{"maxweight":"2.8"}},{"type":"Feature","geometry":{"type":"Point","coordinates":[8.7512931,48.9554113]},"properties":{"maxweight":"2.8"}},{"type":"Feature","geometry":{"type":"Point","coordinates":[8.8291854,48.5361304]},"properties":{"maxheight":"2.5"}},{"type":"Feature","geometry":{"type":"Point","coordinates":[8.406462,48.3465725]},"properties":{"maxheight":"2.6"}},{"type":"Feature","geometry":{"type":"Point","coordinates":[8.0045281,48.734231]},"properties":{"maxweight":"6"}},{"type":"Feature","geometry":{"type":"Point","coordinates":[8.0071789,48.7309211]},"properties":{"maxweight":"6"}},{"type":"Feature","geometry":{"type":"Point","coordinates":[8.1335748,48.7571935]},"properties":{"maxweight":"12"}},{"type":"Feature","geometry":{"type":"Point","coordinates":[8.6059817,48.4563723]},"properties":{"maxweight":"7.5"}},{"type":"Feature","geometry":{"type":"Point","coordinates":[8.9387025,48.5358961]},"properties":{"maxweight":"3.5"}},{"type":"Feature","geometry":{"type":"Point","coordinates":[8.8693719,48.2384771]},"properties":{"maxweight":"5"}},{"type":"Feature","geometry":{"type":"Point","coordinates":[8.8740475,48.2389687]},"properties":{"maxweight":"1.5"}},{"type":"Feature","geometry":{"type":"Point","coordinates":[8.15911,48.6164793]},"properties":{"hgv":"destination"}},{"type":"Feature","geometry":{"type":"Point","coordinates":[8.204848,48.5972516]},"properties":{"maxheight":"2.2"}},{"type":"Feature","geometry":{"type":"Point","coordinates":[8.2032866,48.596508]},"properties":{"maxheight":"2.2"}},{"type":"Feature","geometry":{"type":"Point","coordinates":[8.172937,48.6310802]},"properties":{"maxweight":"3"}},{"type":"Feature","geometry":{"type":"Point","coordinates":[8.9187898,48.543981]},"properties":{"maxweight":"6"}},{"type":"Feature","geometry":{"type":"Point","coordinates":[8.6727756,48.7340367]},"properties":{"maxweight":"6"}},{"type":"Feature","geometry":{"type":"Point","coordinates":[8.1179756,48.5936588]},"properties":{"maxheight":"default"}},{"type":"Feature","geometry":{"type":"Point","coordinates":[8.7489696,48.9096223]},"properties":{"maxweight":"24"}},{"type":"Feature","geometry":{"type":"Point","coordinates":[8.0366323,48.020583]},"properties":{"maxweight":"12"}},{"type":"Feature","geometry":{"type":"Point","coordinates":[8.0398488,48.0186973]},"properties":{"hgv":"private","goods":"private"}},{"type":"Feature","geometry":{"type":"Point","coordinates":[8.5494168,48.7533563]},"properties":{"maxlength":"12","maxweight":"7.5"}},{"type":"Feature","geometry":{"type":"Point","coordinates":[8.685462,48.7155321]},"properties":{"hgv":"destination"}},{"type":"Feature","geometry":{"type":"Point","coordinates":[8.68209,48.7041]},"properties":{"hgv":"destination"}},{"type":"Feature","geometry":{"type":"Point","coordinates":[8.5497181,48.7504592]},"properties":{"maxweight":"7.5"}},{"type":"Feature","geometry":{"type":"Point","coordinates":[8.036055,48.0206631]},"properties":{"maxheight":"4"}},{"type":"Feature","geometry":{"type":"Point","coordinates":[8.654836,48.663791]},"properties":{"maxweight":"6"}},{"type":"Feature","geometry":{"type":"Point","coordinates":[8.637977,48.670539]},"properties":{"maxweight":"3.5"}},{"type":"Feature","geometry":{"type":"Point","coordinates":[8.6586835,48.7102239]},"properties":{"maxweight":"6"}},{"type":"Feature","geometry":{"type":"Point","coordinates":[8.6972718,48.7010308]},"properties":{"hgv":"agricultural;forestry"}},{"type":"Feature","geometry":{"type":"Point","coordinates":[8.2138306,48.824128]},"properties":{"maxheight":"default"}},{"type":"Feature","geometry":{"type":"Point","coordinates":[8.1287871,48.6894288]},"properties":{"maxlength":"9"}},{"type":"Feature","geometry":{"type":"Point","coordinates":[8.7105681,48.9086638]},"properties":{"maxlength":"12"}},{"type":"Feature","geometry":{"type":"Point","coordinates":[8.2123706,48.2487555]},"properties":{"maxweight":"30"}},{"type":"Feature","geometry":{"type":"Point","coordinates":[8.019913,48.6623798]},"properties":{"hgv":"destination"}},{"type":"Feature","geometry":{"type":"Point","coordinates":[8.7871437,48.7353297]},"properties":{"hgv":"destination"}},{"type":"Feature","geometry":{"type":"Point","coordinates":[8.7837849,48.7381735]},"properties":{"hgv":"destination"}},{"type":"Feature","geometry":{"type":"Point","coordinates":[8.7800208,48.737942]},"properties":{"hgv":"destination"}},{"type":"Feature","geometry":{"type":"Point","coordinates":[8.6928992,48.7184963]},"properties":{"hgv":"destination"}},{"type":"Feature","geometry":{"type":"Point","coordinates":[8.7041687,48.7058085]},"properties":{"hgv":"forestry"}},{"type":"Feature","geometry":{"type":"Point","coordinates":[8.964773,48.8788426]},"properties":{"maxwidth":"2.4"}},{"type":"Feature","geometry":{"type":"Point","coordinates":[8.1938862,48.5363717]},"properties":{"maxweight":"12"}},{"type":"Feature","geometry":{"type":"Point","coordinates":[8.1826298,48.5134383]},"properties":{"maxweight":"30"}},{"type":"Feature","geometry":{"type":"Point","coordinates":[8.149864,48.4873126]},"properties":{"hgv":"no"}},{"type":"Feature","geometry":{"type":"Point","coordinates":[8.9420865,48.6973256]},"properties":{"hgv":"no"}},{"type":"Feature","geometry":{"type":"Point","coordinates":[8.2159432,48.2467081]},"properties":{"maxlength":"10"}},{"type":"Feature","geometry":{"type":"Point","coordinates":[8.7292054,48.2598544]},"properties":{"maxweight":"2.8"}},{"type":"Feature","geometry":{"type":"Point","coordinates":[8.4376621,48.1466507]},"properties":{"maxweight":"8"}},{"type":"Feature","geometry":{"type":"Point","coordinates":[8.7270671,48.5972443]},"properties":{"hgv":"agricultural;forestry"}},{"type":"Feature","geometry":{"type":"Point","coordinates":[8.5367957,48.5892565]},"properties":{"maxweight":"6"}},{"type":"Feature","geometry":{"type":"Point","coordinates":[8.5313841,48.6097283]},"properties":{"maxweight":"6"}},{"type":"Feature","geometry":{"type":"Point","coordinates":[8.438037,48.1469634]},"properties":{"maxweight":"8"}},{"type":"Feature","geometry":{"type":"Point","coordinates":[8.6425282,48.9867824]},"properties":{"goods":"agricultural"}},{"type":"Feature","geometry":{"type":"Point","coordinates":[8.4215644,48.4670846]},"properties":{"hgv":"no"}},{"type":"Feature","geometry":{"type":"Point","coordinates":[8.9494479,48.691411]},"properties":{"hgv":"no","maxweight":"7.5"}},{"type":"Feature","geometry":{"type":"Point","coordinates":[8.9103996,48.9527237]},"properties":{"hgv":"no"}},{"type":"Feature","geometry":{"type":"Point","coordinates":[8.1751952,48.2851787]},"properties":{"maxheight":"4"}},{"type":"Feature","geometry":{"type":"Point","coordinates":[8.8002823,48.5834941]},"properties":{"maxweight":"5.5"}},{"type":"Feature","geometry":{"type":"Point","coordinates":[8.6865704,48.8899846]},"properties":{"hgv":"yes"}},{"type":"Feature","geometry":{"type":"Point","coordinates":[8.8322357,48.539109]},"properties":{"maxweight":"12"}},{"type":"Feature","geometry":{"type":"Point","coordinates":[8.6746349,48.8904651]},"properties":{"hgv":"no"}},{"type":"Feature","geometry":{"type":"Point","coordinates":[8.9520564,48.9526453]},"properties":{"hgv":"destination","maxweight":"7.5"}},{"type":"Feature","geometry":{"type":"Point","coordinates":[8.7272912,48.8412124]},"properties":{"maxweight":"3"}},{"type":"Feature","geometry":{"type":"Point","coordinates":[8.9844339,48.9535457]},"properties":{"hgv":"no"}},{"type":"Feature","geometry":{"type":"Point","coordinates":[8.9430375,48.6905835]},"properties":{"hgv":"destination"}},{"type":"Feature","geometry":{"type":"Point","coordinates":[8.961062,48.6591955]},"properties":{"maxheight":"default"}},{"type":"Feature","geometry":{"type":"Point","coordinates":[8.9422167,48.6974254]},"properties":{"hgv":"no"}},{"type":"Feature","geometry":{"type":"Point","coordinates":[8.8361669,48.7892211]},"properties":{"maxwidth":"2.4","maxlength":"10"}},{"type":"Feature","geometry":{"type":"Point","coordinates":[8.5466589,48.7545883]},"properties":{"maxweight":"30"}},{"type":"Feature","geometry":{"type":"Point","coordinates":[8.5564268,48.7638219]},"properties":{"maxweight":"40"}},{"type":"Feature","geometry":{"type":"Point","coordinates":[8.527644,48.8432838]},"properties":{"maxweight":"3.5"}},{"type":"Feature","geometry":{"type":"Point","coordinates":[8.065701,48.5466914]},"properties":{"maxweight":"5.5"}},{"type":"Feature","geometry":{"type":"Point","coordinates":[8.5220817,48.7001468]},"properties":{"maxweight":"3.5"}},{"type":"Feature","geometry":{"type":"Point","coordinates":[8.984956,48.7538328]},"properties":{"maxweight":"3.5"}},{"type":"Feature","geometry":{"type":"Point","coordinates":[8.5410267,48.8831122]},"properties":{"maxheight":"3.1"}},{"type":"Feature","geometry":{"type":"Point","coordinates":[8.5400165,48.8843435]},"properties":{"maxweight":"2"}},{"type":"Feature","geometry":{"type":"Point","coordinates":[8.6803981,48.7318184]},"properties":{"maxweight":"6"}},{"type":"Feature","geometry":{"type":"Point","coordinates":[8.9442683,48.9375035]},"properties":{"hgv":"destination","maxweight":"7.5"}},{"type":"Feature","geometry":{"type":"Point","coordinates":[8.9356171,48.4781133]},"properties":{"maxwidth":"2.3"}},{"type":"Feature","geometry":{"type":"Point","coordinates":[8.4719162,48.0360986]},"properties":{"maxweight":"3.5"}},{"type":"Feature","geometry":{"type":"Point","coordinates":[8.7210762,48.6554605]},"properties":{"maxweight":"6"}},{"type":"Feature","geometry":{"type":"Point","coordinates":[8.666151,48.6540859]},"properties":{"maxweight":"6"}},{"type":"Feature","geometry":{"type":"Point","coordinates":[8.645174,48.667759]},"properties":{"maxweight":"6"}},{"type":"Feature","geometry":{"type":"Point","coordinates":[8.6236158,48.6589328]},"properties":{"hgv":"agricultural;forestry"}},{"type":"Feature","geometry":{"type":"Point","coordinates":[8.6071373,48.6719351]},"properties":{"maxweight":"3"}},{"type":"Feature","geometry":{"type":"Point","coordinates":[8.6023649,48.6879742]},"properties":{"hgv":"forestry"}},{"type":"Feature","geometry":{"type":"Point","coordinates":[8.8619676,48.5915945]},"properties":{"hgv":"destination"}},{"type":"Feature","geometry":{"type":"Point","coordinates":[8.6646652,48.8854829]},"properties":{"hgv":"no"}},{"type":"Feature","geometry":{"type":"Point","coordinates":[8.7717058,48.5337905]},"properties":{"maxweightrating:hgv":"7.5"}},{"type":"Feature","geometry":{"type":"Point","coordinates":[8.6584443,48.8334697]},"properties":{"maxweight":"7.5"}},{"type":"Feature","geometry":{"type":"Point","coordinates":[8.0297934,48.6083853]},"properties":{"hgv":"no","goods":"yes"}},{"type":"Feature","geometry":{"type":"Point","coordinates":[8.0312354,48.6122799]},"properties":{"maxheight":"3"}},{"type":"Feature","geometry":{"type":"Point","coordinates":[8.3757207,48.1312964]},"properties":{"hgv":"no"}},{"type":"Feature","geometry":{"type":"Point","coordinates":[8.414545,48.9476274]},"properties":{"hgv":"no"}},{"type":"Feature","geometry":{"type":"Point","coordinates":[8.7506834,48.6312591]},"properties":{"hgv":"no","maxweightrating:hgv":"7.5"}},{"type":"Feature","geometry":{"type":"Point","coordinates":[8.9069991,48.5622192]},"properties":{"hgv":"destination"}},{"type":"Feature","geometry":{"type":"Point","coordinates":[8.4889864,48.1386779]},"properties":{"maxweight":"6"}},{"type":"Feature","geometry":{"type":"Point","coordinates":[8.5141803,48.1597816]},"properties":{"maxweight":"3.5"}},{"type":"Feature","geometry":{"type":"Point","coordinates":[8.8130867,48.6921652]},"properties":{"maxweight":"7.5"}},{"type":"Feature","geometry":{"type":"Point","coordinates":[8.39595,48.1009236]},"properties":{"maxweight":"3.5"}},{"type":"Feature","geometry":{"type":"Point","coordinates":[8.3897486,48.1041409]},"properties":{"maxweight":"3.5"}},{"type":"Feature","geometry":{"type":"Point","coordinates":[8.6728992,48.874891]},"properties":{"maxweight":"3"}},{"type":"Feature","geometry":{"type":"Point","coordinates":[8.8375504,48.9512049]},"properties":{"maxheight":"4"}},{"type":"Feature","geometry":{"type":"Point","coordinates":[8.2545582,48.8266686]},"properties":{"hgv":"no"}},{"type":"Feature","geometry":{"type":"Point","coordinates":[8.0703146,48.5252151]},"properties":{"maxweight":"3.5"}},{"type":"Feature","geometry":{"type":"Point","coordinates":[8.7466578,48.631682]},"properties":{"maxheight":"3.3"}},{"type":"Feature","geometry":{"type":"Point","coordinates":[8.921927,48.5517156]},"properties":{"maxweight":"2"}},{"type":"Feature","geometry":{"type":"Point","coordinates":[8.9041254,48.5627472]},"properties":{"hgv":"destination"}},{"type":"Feature","geometry":{"type":"Point","coordinates":[8.9070294,48.5612218]},"properties":{"hgv":"destination"}},{"type":"Feature","geometry":{"type":"Point","coordinates":[8.0735698,48.702744]},"properties":{"maxweight":"16"}},{"type":"Feature","geometry":{"type":"Point","coordinates":[8.7768522,48.619997]},"properties":{"maxweight":"30"}},{"type":"Feature","geometry":{"type":"Point","coordinates":[8.6012649,48.1273917]},"properties":{"hgv":"no"}},{"type":"Feature","geometry":{"type":"Point","coordinates":[8.90133,48.4589269]},"properties":{"maxweight":"16"}},{"type":"Feature","geometry":{"type":"Point","coordinates":[8.357342,48.818333]},"properties":{"maxweight":"6"}},{"type":"Feature","geometry":{"type":"Point","coordinates":[8.8962181,48.9139094]},"properties":{"maxheight":"2.6"}},{"type":"Feature","geometry":{"type":"Point","coordinates":[8.907399,48.771582]},"properties":{"hgv":"no","maxweight":"3.5"}},{"type":"Feature","geometry":{"type":"Point","coordinates":[8.9777577,48.7889513]},"properties":{"maxheight":"default"}},{"type":"Feature","geometry":{"type":"Point","coordinates":[8.575918,48.9036075]},"properties":{"maxweight":"3.5"}},{"type":"Feature","geometry":{"type":"Point","coordinates":[8.9514285,48.6917116]},"properties":{"hgv":"no","maxweight":"7.5"}},{"type":"Feature","geometry":{"type":"Point","coordinates":[8.9855032,48.3304644]},"properties":{"maxlength":"8"}},{"type":"Feature","geometry":{"type":"Point","coordinates":[8.9861627,48.344794]},"properties":{"maxweight":"6"}},{"type":"Feature","geometry":{"type":"Point","coordinates":[8.5505167,48.8738409]},"properties":{"maxweight":"6"}},{"type":"Feature","geometry":{"type":"Point","coordinates":[8.6619723,48.8855622]},"properties":{"maxheight":"3.7"}},{"type":"Feature","geometry":{"type":"Point","coordinates":[8.7963714,48.8197317]},"properties":{"maxweight":"2.8"}},{"type":"Feature","geometry":{"type":"Point","coordinates":[8.7994981,48.8221405]},"properties":{"maxweight":"2.8"}},{"type":"Feature","geometry":{"type":"Point","coordinates":[8.9937332,48.2504433]},"properties":{"hgv":"no"}},{"type":"Feature","geometry":{"type":"Point","coordinates":[8.7231078,48.8968745]},"properties":{"hgv":"no"}},{"type":"Feature","geometry":{"type":"Point","coordinates":[8.6876337,48.4527883]},"properties":{"maxheight":"none"}},{"type":"Feature","geometry":{"type":"Point","coordinates":[8.2650062,48.8295365]},"properties":{"maxweight":"2.8"}},{"type":"Feature","geometry":{"type":"Point","coordinates":[8.2648442,48.8299113]},"properties":{"maxweight":"2.8"}},{"type":"Feature","geometry":{"type":"Point","coordinates":[8.2519683,48.8313487]},"properties":{"maxweight":"7.5"}},{"type":"Feature","geometry":{"type":"Point","coordinates":[8.5328319,48.8435763]},"properties":{"maxweight":"2.8"}},{"type":"Feature","geometry":{"type":"Point","coordinates":[8.532726,48.8434409]},"properties":{"maxweight":"2.8"}},{"type":"Feature","geometry":{"type":"Point","coordinates":[8.9619565,48.5285563]},"properties":{"maxweight":"12"}},{"type":"Feature","geometry":{"type":"Point","coordinates":[8.9614648,48.5286059]},"properties":{"maxweight":"12"}},{"type":"Feature","geometry":{"type":"Point","coordinates":[8.9612046,48.5285765]},"properties":{"maxweight":"12"}},{"type":"Feature","geometry":{"type":"Point","coordinates":[8.1736302,48.7368814]},"properties":{"hgv":"destination"}},{"type":"Feature","geometry":{"type":"Point","coordinates":[8.7378548,48.9049122]},"properties":{"hgv":"no"}},{"type":"Feature","geometry":{"type":"Point","coordinates":[8.7375401,48.9047631]},"properties":{"hgv":"no"}},{"type":"Feature","geometry":{"type":"Point","coordinates":[8.7377768,48.9045521]},"properties":{"hgv":"no"}},{"type":"Feature","geometry":{"type":"Point","coordinates":[8.7380057,48.9047888]},"properties":{"hgv":"no"}},{"type":"Feature","geometry":{"type":"Point","coordinates":[8.7387953,48.9052006]},"properties":{"hgv":"no"}},{"type":"Feature","geometry":{"type":"Point","coordinates":[8.7381982,48.9046104]},"properties":{"hgv":"no"}},{"type":"Feature","geometry":{"type":"Point","coordinates":[8.1733217,48.7375545]},"properties":{"hgv":"destination"}},{"type":"Feature","geometry":{"type":"Point","coordinates":[8.1565039,48.7290733]},"properties":{"maxweight":"30"}},{"type":"Feature","geometry":{"type":"Point","coordinates":[8.1652675,48.7274411]},"properties":{"maxweight":"16"}},{"type":"Feature","geometry":{"type":"Point","coordinates":[8.6784918,48.8666897]},"properties":{"maxwidth":"2"}},{"type":"Feature","geometry":{"type":"Point","coordinates":[8.5578745,48.4530165]},"properties":{"hgv":"no"}},{"type":"Feature","geometry":{"type":"Point","coordinates":[8.5767951,48.9008532]},"properties":{"maxweight":"6"}},{"type":"Feature","geometry":{"type":"Point","coordinates":[8.6456396,48.8698667]},"properties":{"maxlength":"10"}},{"type":"Feature","geometry":{"type":"Point","coordinates":[8.6450797,48.8748888]},"properties":{"maxweight":"3.5"}},{"type":"Feature","geometry":{"type":"Point","coordinates":[8.6455023,48.8755238]},"properties":{"maxheight":"3.5","maxweight":"3.5"}},{"type":"Feature","geometry":{"type":"Point","coordinates":[8.586732,48.575829]},"properties":{"maxweight":"30"}},{"type":"Feature","geometry":{"type":"Point","coordinates":[8.5786959,48.7901534]},"properties":{"maxweight":"3.5"}},{"type":"Feature","geometry":{"type":"Point","coordinates":[8.9652621,48.2539925]},"properties":{"maxheight":"3.7"}},{"type":"Feature","geometry":{"type":"Point","coordinates":[8.8501813,48.6068612]},"properties":{"maxheight":"default"}},{"type":"Feature","geometry":{"type":"Point","coordinates":[8.9624651,48.2142019]},"properties":{"maxweight":"3.5"}},{"type":"Feature","geometry":{"type":"Point","coordinates":[8.6661973,48.8923793]},"properties":{"maxweight":"10"}},{"type":"Feature","geometry":{"type":"Point","coordinates":[8.7153804,48.9143742]},"properties":{"maxwidth":"2.5"}},{"type":"Feature","geometry":{"type":"Point","coordinates":[8.7162802,48.9171473]},"properties":{"maxweight":"2.8"}},{"type":"Feature","geometry":{"type":"Point","coordinates":[8.3360958,48.8660956]},"properties":{"hgv":"no"}},{"type":"Feature","geometry":{"type":"Point","coordinates":[8.9221998,48.2568875]},"properties":{"hgv":"no","maxweight":"5"}},{"type":"Feature","geometry":{"type":"Point","coordinates":[8.9493987,48.7479247]},"properties":{"maxweight":"24"}},{"type":"Feature","geometry":{"type":"Point","coordinates":[8.7885551,48.8146158]},"properties":{"hgv":"designated","maxweight":"5.5"}},{"type":"Feature","geometry":{"type":"Point","coordinates":[8.9832944,48.3414032]},"properties":{"maxweight":"2.8"}},{"type":"Feature","geometry":{"type":"Point","coordinates":[8.3248906,48.1277512]},"properties":{"goods":"yes","maxweight":"3.5"}},{"type":"Feature","geometry":{"type":"Point","coordinates":[8.503405,48.9694747]},"properties":{"maxweight":"1"}},{"type":"Feature","geometry":{"type":"Point","coordinates":[8.5141994,48.8607932]},"properties":{"maxweight":"1.5"}},{"type":"Feature","geometry":{"type":"Point","coordinates":[8.5342068,48.8343368]},"properties":{"maxweight":"3.5"}},{"type":"Feature","geometry":{"type":"Point","coordinates":[8.5410017,48.8362741]},"properties":{"maxweight":"2.8"}},{"type":"Feature","geometry":{"type":"Point","coordinates":[8.784351,48.9174471]},"properties":{"maxweight":"7.5"}},{"type":"Feature","geometry":{"type":"Point","coordinates":[8.3326828,48.1393887]},"properties":{"hgv":"no","maxweight":"3.5"}},{"type":"Feature","geometry":{"type":"Point","coordinates":[8.9645018,48.192355]},"properties":{"maxweight":"3.5"}},{"type":"Feature","geometry":{"type":"Point","coordinates":[8.6070259,48.8707814]},"properties":{"maxweight":"3.5"}},{"type":"Feature","geometry":{"type":"Point","coordinates":[8.6068957,48.8705517]},"properties":{"maxweight":"2.8"}},{"type":"Feature","geometry":{"type":"Point","coordinates":[8.6014928,48.8712378]},"properties":{"maxweight":"2.8"}},{"type":"Feature","geometry":{"type":"Point","coordinates":[8.4599817,48.9291898]},"properties":{"maxweight":"2.8"}},{"type":"Feature","geometry":{"type":"Point","coordinates":[8.4691547,48.9142172]},"properties":{"maxweight":"7.5"}},{"type":"Feature","geometry":{"type":"Point","coordinates":[8.2070909,48.2613793]},"properties":{"maxwidth":"6"}},{"type":"Feature","geometry":{"type":"Point","coordinates":[8.2121319,48.2454202]},"properties":{"maxwidth":"4.5"}},{"type":"Feature","geometry":{"type":"Point","coordinates":[8.9592372,48.2134708]},"properties":{"maxheight":"4.00","maxweight":"3.5"}},{"type":"Feature","geometry":{"type":"Point","coordinates":[8.9592755,48.2136181]},"properties":{"maxweight":"3.5"}},{"type":"Feature","geometry":{"type":"Point","coordinates":[8.22221,48.8064328]},"properties":{"hgv":"destination"}},{"type":"Feature","geometry":{"type":"Point","coordinates":[8.2232429,48.8072682]},"properties":{"hgv":"destination"}},{"type":"Feature","geometry":{"type":"Point","coordinates":[8.2078662,48.0516045]},"properties":{"maxheight":"3.1"}},{"type":"Feature","geometry":{"type":"Point","coordinates":[8.7253398,48.3880762]},"properties":{"maxheight":"3.1"}},{"type":"Feature","geometry":{"type":"Point","coordinates":[8.3309412,48.135895]},"properties":{"maxheight":"3.1"}},{"type":"Feature","geometry":{"type":"Point","coordinates":[8.5403176,48.0586399]},"properties":{"maxheight":"2.5"}},{"type":"Feature","geometry":{"type":"Point","coordinates":[8.5442822,48.0614185]},"properties":{"maxweight":"15"}},{"type":"Feature","geometry":{"type":"Point","coordinates":[8.3282442,48.1265415]},"properties":{"maxweight":"3.5"}},{"type":"Feature","geometry":{"type":"Point","coordinates":[8.6125565,48.1125916]},"properties":{"hgv":"no"}},{"type":"Feature","geometry":{"type":"Point","coordinates":[8.4591382,48.0337005]},"properties":{"hgv":"no"}},{"type":"Feature","geometry":{"type":"Point","coordinates":[8.8323946,48.7486346]},"properties":{"maxheight":"2.8"}},{"type":"Feature","geometry":{"type":"Point","coordinates":[8.6762591,48.1230059]},"properties":{"maxweight":"12"}},{"type":"Feature","geometry":{"type":"Point","coordinates":[8.7298507,48.9068265]},"properties":{"maxweight":"2"}},{"type":"Feature","geometry":{"type":"Point","coordinates":[8.7017789,48.7249789]},"properties":{"maxheight":"3.8"}},{"type":"Feature","geometry":{"type":"Point","coordinates":[8.3272248,48.1283826]},"properties":{"maxweight":"3.5"}},{"type":"Feature","geometry":{"type":"Point","coordinates":[8.2299384,48.3450315]},"properties":{"maxweight":"30"}},{"type":"Feature","geometry":{"type":"Point","coordinates":[8.556833,48.064312]},"properties":{"maxweight":"3.5"}},{"type":"Feature","geometry":{"type":"Point","coordinates":[8.5494191,48.0625098]},"properties":{"hgv":"destination","maxweight":"3.5"}},{"type":"Feature","geometry":{"type":"Point","coordinates":[8.4062652,48.0707121]},"properties":{"hgv":"no"}},{"type":"Feature","geometry":{"type":"Point","coordinates":[8.4061782,48.0818485]},"properties":{"maxweight":"3.5"}},{"type":"Feature","geometry":{"type":"Point","coordinates":[8.1146573,48.5198252]},"properties":{"maxweight":"30"}},{"type":"Feature","geometry":{"type":"Point","coordinates":[8.4372564,48.1469865]},"properties":{"maxweight":"12"}},{"type":"Feature","geometry":{"type":"Point","coordinates":[8.4369013,48.1474501]},"properties":{"maxweight":"8"}},{"type":"Feature","geometry":{"type":"Point","coordinates":[8.562962,48.862327]},"properties":{"maxweight":"2.8"}},{"type":"Feature","geometry":{"type":"Point","coordinates":[8.5635351,48.8612059]},"properties":{"maxweight":"2.8"}},{"type":"Feature","geometry":{"type":"Point","coordinates":[8.5747011,48.8556952]},"properties":{"maxweight":"3.5"}},{"type":"Feature","geometry":{"type":"Point","coordinates":[8.5734936,48.8559075]},"properties":{"maxweight":"3.5"}},{"type":"Feature","geometry":{"type":"Point","coordinates":[8.5683838,48.8611714]},"properties":{"maxweight":"3.5"}},{"type":"Feature","geometry":{"type":"Point","coordinates":[8.6805967,48.8672584]},"properties":{"maxweight":"2.8"}},{"type":"Feature","geometry":{"type":"Point","coordinates":[8.5145785,48.8551606]},"properties":{"maxweight":"1.5"}},{"type":"Feature","geometry":{"type":"Point","coordinates":[8.4879899,48.4321794]},"properties":{"maxweight":"6"}},{"type":"Feature","geometry":{"type":"Point","coordinates":[8.6563481,48.8973753]},"properties":{"maxweight":"3.0"}},{"type":"Feature","geometry":{"type":"Point","coordinates":[8.0715113,48.6341148]},"properties":{"hgv":"no"}},{"type":"Feature","geometry":{"type":"Point","coordinates":[8.0713363,48.6354884]},"properties":{"maxweight":"1.5"}},{"type":"Feature","geometry":{"type":"Point","coordinates":[8.4119558,48.0368904]},"properties":{"maxheight":"default"}},{"type":"Feature","geometry":{"type":"Point","coordinates":[8.1840707,48.7681141]},"properties":{"hgv":"destination"}},{"type":"Feature","geometry":{"type":"Point","coordinates":[8.5796676,48.124175]},"properties":{"maxweight":"3.5"}},{"type":"Feature","geometry":{"type":"Point","coordinates":[8.6580942,48.8986714]},"properties":{"maxweight":"2.8"}},{"type":"Feature","geometry":{"type":"Point","coordinates":[8.057903,48.5515401]},"properties":{"hgv":"agricultural"}},{"type":"Feature","geometry":{"type":"Point","coordinates":[8.7576308,48.2073919]},"properties":{"hgv":"destination","maxweight":"3.5"}},{"type":"Feature","geometry":{"type":"Point","coordinates":[8.4678197,48.0532368]},"properties":{"maxweight":"30"}},{"type":"Feature","geometry":{"type":"Point","coordinates":[8.9937078,48.6782783]},"properties":{"maxweight":"7.5"}},{"type":"Feature","geometry":{"type":"Point","coordinates":[8.4674274,48.053773]},"properties":{"maxweight":"30"}},{"type":"Feature","geometry":{"type":"Point","coordinates":[8.8541938,48.2753139]},"properties":{"maxweight":"7.5"}},{"type":"Feature","geometry":{"type":"Point","coordinates":[8.6038752,48.9628896]},"properties":{"maxheight":"3.6"}},{"type":"Feature","geometry":{"type":"Point","coordinates":[8.5568256,48.8233331]},"properties":{"hgv":"no"}},{"type":"Feature","geometry":{"type":"Point","coordinates":[8.5882324,48.8542631]},"properties":{"hgv":"no"}},{"type":"Feature","geometry":{"type":"Point","coordinates":[8.5893487,48.8530555]},"properties":{"hgv":"no"}},{"type":"Feature","geometry":{"type":"Point","coordinates":[8.5896643,48.852428]},"properties":{"hgv":"destination"}},{"type":"Feature","geometry":{"type":"Point","coordinates":[8.635326,48.8695573]},"properties":{"hgv":"no"}},{"type":"Feature","geometry":{"type":"Point","coordinates":[8.9780602,48.7834617]},"properties":{"maxheight":"default"}},{"type":"Feature","geometry":{"type":"Point","coordinates":[8.6209924,48.9603651]},"properties":{"hgv":"no"}},{"type":"Feature","geometry":{"type":"Point","coordinates":[8.8788909,48.5918233]},"properties":{"hgv":"destination"}},{"type":"Feature","geometry":{"type":"Point","coordinates":[8.8756594,48.5904338]},"properties":{"hgv":"no"}},{"type":"Feature","geometry":{"type":"Point","coordinates":[8.8758743,48.5904593]},"properties":{"hgv":"no"}},{"type":"Feature","geometry":{"type":"Point","coordinates":[8.8760956,48.5904782]},"properties":{"hgv":"no"}},{"type":"Feature","geometry":{"type":"Point","coordinates":[8.8763052,48.5905209]},"properties":{"hgv":"no"}},{"type":"Feature","geometry":{"type":"Point","coordinates":[8.8765,48.5905655]},"properties":{"hgv":"no"}},{"type":"Feature","geometry":{"type":"Point","coordinates":[8.6816859,48.8688137]},"properties":{"maxweight":"2.8"}},{"type":"Feature","geometry":{"type":"Point","coordinates":[8.617899,48.9528936]},"properties":{"maxheight":"3.3","maxwidth":"3"}},{"type":"Feature","geometry":{"type":"Point","coordinates":[8.355483,48.1280896]},"properties":{"maxheight":"3.1"}},{"type":"Feature","geometry":{"type":"Point","coordinates":[8.5031152,48.4636979]},"properties":{"hgv":"destination"}},{"type":"Feature","geometry":{"type":"Point","coordinates":[8.5015756,48.8007336]},"properties":{"hgv":"destination"}},{"type":"Feature","geometry":{"type":"Point","coordinates":[8.5409099,48.8359899]},"properties":{"maxweight":"2.8"}},{"type":"Feature","geometry":{"type":"Point","coordinates":[8.4805286,48.8132814]},"properties":{"maxweight":"2.8"}},{"type":"Feature","geometry":{"type":"Point","coordinates":[8.4645424,48.8162119]},"properties":{"maxwidth":"2.53"}},{"type":"Feature","geometry":{"type":"Point","coordinates":[8.2079331,48.0517587]},"properties":{"maxheight":"2.9"}},{"type":"Feature","geometry":{"type":"Point","coordinates":[8.6335655,48.9592443]},"properties":{"maxweight":"2.6"}},{"type":"Feature","geometry":{"type":"Point","coordinates":[8.6090225,48.9633318]},"properties":{"hgv":"no"}},{"type":"Feature","geometry":{"type":"Point","coordinates":[8.6090742,48.9633522]},"properties":{"hgv":"no"}},{"type":"Feature","geometry":{"type":"Point","coordinates":[8.6085903,48.963594]},"properties":{"hgv":"no"}},{"type":"Feature","geometry":{"type":"Point","coordinates":[8.6086572,48.9637294]},"properties":{"hgv":"no"}},{"type":"Feature","geometry":{"type":"Point","coordinates":[8.5854298,48.9274145]},"properties":{"maxheight":"14"}},{"type":"Feature","geometry":{"type":"Point","coordinates":[8.0449587,48.0196613]},"properties":{"maxweight":"12"}},{"type":"Feature","geometry":{"type":"Point","coordinates":[8.7492436,48.9187035]},"properties":{"maxweight":"2.9"}},{"type":"Feature","geometry":{"type":"Point","coordinates":[8.4071767,48.465205]},"properties":{"maxweight":"7.5"}},{"type":"Feature","geometry":{"type":"Point","coordinates":[8.0385633,48.0205309]},"properties":{"maxweight":"12"}},{"type":"Feature","geometry":{"type":"Point","coordinates":[8.044371,48.0197129]},"properties":{"maxweight":"12"}},{"type":"Feature","geometry":{"type":"Point","coordinates":[8.2247631,48.0464637]},"properties":{"maxweight":"9"}},{"type":"Feature","geometry":{"type":"Point","coordinates":[8.642376,48.0765685]},"properties":{"maxweight":"3.5"}},{"type":"Feature","geometry":{"type":"Point","coordinates":[8.6413639,48.0771929]},"properties":{"maxweight":"3.5"}},{"type":"Feature","geometry":{"type":"Point","coordinates":[8.6426883,48.0775347]},"properties":{"maxweight":"3.5"}},{"type":"Feature","geometry":{"type":"Point","coordinates":[8.6434772,48.0768676]},"properties":{"maxweight":"3.5"}},{"type":"Feature","geometry":{"type":"Point","coordinates":[8.9403233,48.9937959]},"properties":{"maxwidth":"1.8"}},{"type":"Feature","geometry":{"type":"Point","coordinates":[8.6738738,48.4761723]},"properties":{"maxweight":"30"}},{"type":"Feature","geometry":{"type":"Point","coordinates":[8.8972797,48.9126033]},"properties":{"maxweight":"7"}},{"type":"Feature","geometry":{"type":"Point","coordinates":[8.7168977,48.909837]},"properties":{"maxweight":"2"}},{"type":"Feature","geometry":{"type":"Point","coordinates":[8.717242,48.9097771]},"properties":{"maxweight":"2"}},{"type":"Feature","geometry":{"type":"Point","coordinates":[8.7428916,48.9088193]},"properties":{"maxweight":"3.5"}},{"type":"Feature","geometry":{"type":"Point","coordinates":[8.7432656,48.9085729]},"properties":{"maxweight":"3.5"}},{"type":"Feature","geometry":{"type":"Point","coordinates":[8.7041231,48.893662]},"properties":{"maxheight":"default"}},{"type":"Feature","geometry":{"type":"Point","coordinates":[8.704743,48.8935386]},"properties":{"maxheight":"default"}},{"type":"Feature","geometry":{"type":"Point","coordinates":[8.7139742,48.9012458]},"properties":{"maxweight":"2"}},{"type":"Feature","geometry":{"type":"Point","coordinates":[8.7658807,48.9192486]},"properties":{"maxweight":"6"}},{"type":"Feature","geometry":{"type":"Point","coordinates":[8.9520822,48.6918883]},"properties":{"hgv":"no","maxweight":"7.5"}},{"type":"Feature","geometry":{"type":"Point","coordinates":[8.6995182,48.8949909]},"properties":{"maxheight":"3.6"}},{"type":"Feature","geometry":{"type":"Point","coordinates":[8.7057622,48.8951512]},"properties":{"maxweight":"6"}},{"type":"Feature","geometry":{"type":"Point","coordinates":[8.7059256,48.8952288]},"properties":{"maxweight":"6"}},{"type":"Feature","geometry":{"type":"Point","coordinates":[8.6134699,48.9179192]},"properties":{"maxheight":"3.5"}},{"type":"Feature","geometry":{"type":"Point","coordinates":[8.1728832,48.0396766]},"properties":{"maxweightrating:hgv":"12"}},{"type":"Feature","geometry":{"type":"Point","coordinates":[8.1727953,48.0396856]},"properties":{"maxweightrating:hgv":"12"}},{"type":"Feature","geometry":{"type":"Point","coordinates":[8.6447123,48.8703632]},"properties":{"maxlength":"10"}},{"type":"Feature","geometry":{"type":"Point","coordinates":[8.8626615,48.4137296]},"properties":{"hgv":"no"}},{"type":"Feature","geometry":{"type":"Point","coordinates":[8.8535958,48.416254]},"properties":{"hgv":"no"}},{"type":"Feature","geometry":{"type":"Point","coordinates":[8.2051478,48.8669312]},"properties":{"hgv":"no"}},{"type":"Feature","geometry":{"type":"Point","coordinates":[8.2656689,48.6595613]},"properties":{"maxweight":"30"}},{"type":"Feature","geometry":{"type":"Point","coordinates":[8.9619385,48.7404391]},"properties":{"maxheight":"3","maxweight":"3 t"}},{"type":"Feature","geometry":{"type":"Point","coordinates":[8.9618822,48.7402923]},"properties":{"maxheight":"3","maxweight":"3 t"}},{"type":"Feature","geometry":{"type":"Point","coordinates":[8.3538488,48.7276305]},"properties":{"hgv":"no"}},{"type":"Feature","geometry":{"type":"Point","coordinates":[8.7417742,48.8597258]},"properties":{"maxweight":"3"}},{"type":"Feature","geometry":{"type":"Point","coordinates":[8.0956479,48.0055772]},"properties":{"hgv":"no","maxweight":"7.5"}},{"type":"Feature","geometry":{"type":"Point","coordinates":[8.876368,48.5729368]},"properties":{"hgv":"destination","maxweightrating:hgv":"7.5"}},{"type":"Feature","geometry":{"type":"Point","coordinates":[8.8755325,48.5725728]},"properties":{"hgv":"destination","maxweightrating:hgv":"7.5"}},{"type":"Feature","geometry":{"type":"Point","coordinates":[8.1830167,48.7220177]},"properties":{"maxweight":"9"}},{"type":"Feature","geometry":{"type":"Point","coordinates":[8.1790264,48.7229904]},"properties":{"maxweight":"16"}},{"type":"Feature","geometry":{"type":"Point","coordinates":[8.7625356,48.7929362]},"properties":{"maxweight":"2.8"}},{"type":"Feature","geometry":{"type":"Point","coordinates":[8.5452344,48.7469079]},"properties":{"maxlength":"12","maxweight":"7.5"}},{"type":"Feature","geometry":{"type":"Point","coordinates":[8.5480394,48.7511144]},"properties":{"maxlength":"12","maxweight":"7.5"}},{"type":"Feature","geometry":{"type":"Point","coordinates":[8.9304832,48.7668195]},"properties":{"hgv":"no"}},{"type":"Feature","geometry":{"type":"Point","coordinates":[8.4938404,48.9944574]},"properties":{"maxweight":"2.8"}},{"type":"Feature","geometry":{"type":"Point","coordinates":[8.49428,48.9945524]},"properties":{"maxweight":"2.8"}},{"type":"Feature","geometry":{"type":"Point","coordinates":[8.7750882,48.8952941]},"properties":{"maxweight":"2.8"}},{"type":"Feature","geometry":{"type":"Point","coordinates":[8.0323311,48.0179178]},"properties":{"maxweight":"2.8"}},{"type":"Feature","geometry":{"type":"Point","coordinates":[8.0321505,48.0179959]},"properties":{"maxweight":"2.8"}},{"type":"Feature","geometry":{"type":"Point","coordinates":[8.6759909,48.8581981]},"properties":{"maxweight":"2.8"}},{"type":"Feature","geometry":{"type":"Point","coordinates":[8.4572644,48.0670734]},"properties":{"maxheight":"2.8"}},{"type":"Feature","geometry":{"type":"Point","coordinates":[8.7420428,48.8594516]},"properties":{"maxweight":"3"}},{"type":"Feature","geometry":{"type":"Point","coordinates":[8.9685351,48.6896696]},"properties":{"maxheight":"default"}},{"type":"Feature","geometry":{"type":"Point","coordinates":[8.9686716,48.6896288]},"properties":{"maxheight":"default"}},{"type":"Feature","geometry":{"type":"Point","coordinates":[8.9678951,48.6929684]},"properties":{"maxheight":"default"}},{"type":"Feature","geometry":{"type":"Point","coordinates":[8.2552627,48.8691963]},"properties":{"maxheight":"none"}},{"type":"Feature","geometry":{"type":"Point","coordinates":[8.6787422,48.893525]},"properties":{"maxweight":"24"}},{"type":"Feature","geometry":{"type":"Point","coordinates":[8.5460203,48.8867065]},"properties":{"maxweight":"6"}},{"type":"Feature","geometry":{"type":"Point","coordinates":[8.5467479,48.8875173]},"properties":{"maxweight":"7.5"}},{"type":"Feature","geometry":{"type":"Point","coordinates":[8.5468116,48.8874788]},"properties":{"maxweight":"7.5"}},{"type":"Feature","geometry":{"type":"Point","coordinates":[8.6587842,48.8980049]},"properties":{"maxweight":"3"}},{"type":"Feature","geometry":{"type":"Point","coordinates":[8.7468968,48.9103996]},"properties":{"maxweight":"2.8"}},{"type":"Feature","geometry":{"type":"Point","coordinates":[8.4742372,48.5136496]},"properties":{"maxweight":"6"}},{"type":"Feature","geometry":{"type":"Point","coordinates":[8.6620218,48.6673403]},"properties":{"maxweight":"6"}},{"type":"Feature","geometry":{"type":"Point","coordinates":[8.9008905,48.6424042]},"properties":{"maxheight":"2.1"}},{"type":"Feature","geometry":{"type":"Point","coordinates":[8.9020193,48.7769746]},"properties":{"hgv":"delivery"}},{"type":"Feature","geometry":{"type":"Point","coordinates":[8.8984663,48.7761838]},"properties":{"maxweight":"12"}},{"type":"Feature","geometry":{"type":"Point","coordinates":[8.4071803,48.4128526]},"properties":{"hgv":"no"}},{"type":"Feature","geometry":{"type":"Point","coordinates":[8.4411677,48.4224472]},"properties":{"maxweight":"6"}},{"type":"Feature","geometry":{"type":"Point","coordinates":[8.9070605,48.7715343]},"properties":{"maxweight":"3.5"}},{"type":"Feature","geometry":{"type":"Point","coordinates":[8.580367,48.0427605]},"properties":{"maxheight":"default"}},{"type":"Feature","geometry":{"type":"Point","coordinates":[8.9514747,48.8481981]},"properties":{"maxweight":"2.5"}},{"type":"Feature","geometry":{"type":"Point","coordinates":[8.829886,48.8426786]},"properties":{"hgv":"no"}},{"type":"Feature","geometry":{"type":"Point","coordinates":[8.835421,48.8477401]},"properties":{"maxweight":"3.5"}},{"type":"Feature","geometry":{"type":"Point","coordinates":[8.17637,48.0206891]},"properties":{"maxweight":"16"}},{"type":"Feature","geometry":{"type":"Point","coordinates":[8.1790665,48.7193612]},"properties":{"maxwidth":"2"}},{"type":"Feature","geometry":{"type":"Point","coordinates":[8.842559,48.5028995]},"properties":{"maxheight":"default"}},{"type":"Feature","geometry":{"type":"Point","coordinates":[8.3609392,48.9243228]},"properties":{"hgv":"no"}},{"type":"Feature","geometry":{"type":"Point","coordinates":[8.9770595,48.7932609]},"properties":{"maxheight":"below_default"}},{"type":"Feature","geometry":{"type":"Point","coordinates":[8.6649443,48.8313324]},"properties":{"hgv":"no"}},{"type":"Feature","geometry":{"type":"Point","coordinates":[8.8646327,48.9368519]},"properties":{"maxweight":"6"}},{"type":"Feature","geometry":{"type":"Point","coordinates":[8.9102727,48.6389385]},"properties":{"maxheight":"default"}},{"type":"Feature","geometry":{"type":"Point","coordinates":[8.8706951,48.6039894]},"properties":{"hgv":"no","maxheight":"3.2"}},{"type":"Feature","geometry":{"type":"Point","coordinates":[8.8704939,48.6043198]},"properties":{"hgv":"no","maxheight":"3.2"}},{"type":"Feature","geometry":{"type":"Point","coordinates":[8.8705174,48.6044791]},"properties":{"hgv":"no","maxheight":"3.2"}},{"type":"Feature","geometry":{"type":"Point","coordinates":[8.8714094,48.6042392]},"properties":{"hgv":"no","maxheight":"3.2"}},{"type":"Feature","geometry":{"type":"Point","coordinates":[8.8710223,48.6038997]},"properties":{"hgv":"no","maxheight":"3.2"}},{"type":"Feature","geometry":{"type":"Point","coordinates":[8.9831442,48.9546435]},"properties":{"maxweight":"7.5"}},{"type":"Feature","geometry":{"type":"Point","coordinates":[8.9734694,48.9556341]},"properties":{"maxweight":"6"}},{"type":"Feature","geometry":{"type":"Point","coordinates":[8.9695659,48.9490365]},"properties":{"hgv":"no"}},{"type":"Feature","geometry":{"type":"Point","coordinates":[8.8933537,48.7688467]},"properties":{"maxweight":"6"}},{"type":"Feature","geometry":{"type":"Point","coordinates":[8.4674415,48.0211743]},"properties":{"maxweight":"12"}},{"type":"Feature","geometry":{"type":"Point","coordinates":[8.6768591,48.6301226]},"properties":{"maxweight":"3.5"}},{"type":"Feature","geometry":{"type":"Point","coordinates":[8.487864,48.0432526]},"properties":{"maxheight":"default"}},{"type":"Feature","geometry":{"type":"Point","coordinates":[8.8762876,48.7518122]},"properties":{"maxweightrating:hgv":"7.5"}},{"type":"Feature","geometry":{"type":"Point","coordinates":[8.8760302,48.7518573]},"properties":{"maxweightrating:hgv":"7.5"}},{"type":"Feature","geometry":{"type":"Point","coordinates":[8.8740789,48.7499741]},"properties":{"maxlength":"10"}},{"type":"Feature","geometry":{"type":"Point","coordinates":[8.4521668,48.9178428]},"properties":{"hgv":"destination"}},{"type":"Feature","geometry":{"type":"Point","coordinates":[8.4539141,48.9150241]},"properties":{"hgv":"destination"}},{"type":"Feature","geometry":{"type":"Point","coordinates":[8.9155824,48.2235742]},"properties":{"maxheight":"default"}},{"type":"Feature","geometry":{"type":"Point","coordinates":[8.546056,48.4544166]},"properties":{"maxweight":"6"}},{"type":"Feature","geometry":{"type":"Point","coordinates":[8.8867416,48.6777357]},"properties":{"maxweight":"30"}},{"type":"Feature","geometry":{"type":"Point","coordinates":[8.5475517,48.4541468]},"properties":{"maxweight":"6"}},{"type":"Feature","geometry":{"type":"Point","coordinates":[8.3153861,48.1257614]},"properties":{"maxlength":"4"}},{"type":"Feature","geometry":{"type":"Point","coordinates":[8.5588256,48.4591637]},"properties":{"maxweight":"6"}},{"type":"Feature","geometry":{"type":"Point","coordinates":[8.5572237,48.4588056]},"properties":{"maxweight":"6"}},{"type":"Feature","geometry":{"type":"Point","coordinates":[8.9494988,48.9595841]},"properties":{"hgv":"destination"}},{"type":"Feature","geometry":{"type":"Point","coordinates":[8.9493842,48.958556]},"properties":{"hgv":"destination"}},{"type":"Feature","geometry":{"type":"Point","coordinates":[8.4586171,48.0649172]},"properties":{"maxheight":"default"}},{"type":"Feature","geometry":{"type":"Point","coordinates":[8.8439068,48.8861354]},"properties":{"hgv":"destination"}},{"type":"Feature","geometry":{"type":"Point","coordinates":[8.5739337,48.4730526]},"properties":{"maxweight":"6"}},{"type":"Feature","geometry":{"type":"Point","coordinates":[8.8042155,48.8278451]},"properties":{"hgv":"destination"}},{"type":"Feature","geometry":{"type":"Point","coordinates":[8.9785308,48.6750866]},"properties":{"maxheight":"default"}},{"type":"Feature","geometry":{"type":"Point","coordinates":[8.9795027,48.6742991]},"properties":{"maxheight":"default"}},{"type":"Feature","geometry":{"type":"Point","coordinates":[8.3823646,48.7679683]},"properties":{"hgv":"no"}},{"type":"Feature","geometry":{"type":"Point","coordinates":[8.8212692,48.3563047]},"properties":{"maxweight":"2.8"}},{"type":"Feature","geometry":{"type":"Point","coordinates":[8.7724717,48.4020891]},"properties":{"maxweight":"3.5"}},{"type":"Feature","geometry":{"type":"Point","coordinates":[8.9691809,48.6837731]},"properties":{"maxheight":"default"}},{"type":"Feature","geometry":{"type":"Point","coordinates":[8.9789147,48.6746665]},"properties":{"maxheight":"default"}},{"type":"Feature","geometry":{"type":"Point","coordinates":[8.4025158,48.9808929]},"properties":{"maxweight":"16"}},{"type":"Feature","geometry":{"type":"Point","coordinates":[8.1404451,48.9812639]},"properties":{"maxweight":"3.5"}},{"type":"Feature","geometry":{"type":"Point","coordinates":[8.940608,48.9144926]},"properties":{"hgv":"destination"}},{"type":"Feature","geometry":{"type":"Point","coordinates":[8.7126383,48.9036037]},"properties":{"hgv":"destination"}},{"type":"Feature","geometry":{"type":"Point","coordinates":[8.822621,48.9363026]},"properties":{"maxweight":"2.8"}},{"type":"Feature","geometry":{"type":"Point","coordinates":[8.8736229,48.9385598]},"properties":{"hgv":"no"}},{"type":"Feature","geometry":{"type":"Point","coordinates":[8.9341642,48.330965]},"properties":{"maxheight":"default"}},{"type":"Feature","geometry":{"type":"Point","coordinates":[8.1371233,48.0025984]},"properties":{"maxweight":"16"}},{"type":"Feature","geometry":{"type":"Point","coordinates":[8.8048316,48.8272618]},"properties":{"hgv":"destination"}},{"type":"Feature","geometry":{"type":"Point","coordinates":[8.0329987,48.0213464]},"properties":{"maxweight":"12"}},{"type":"Feature","geometry":{"type":"Point","coordinates":[8.0319406,48.0157772]},"properties":{"maxweight":"2.8"}},{"type":"Feature","geometry":{"type":"Point","coordinates":[8.0179781,48.0250881]},"properties":{"maxweight":"12"}},{"type":"Feature","geometry":{"type":"Point","coordinates":[8.9988491,48.7044284]},"properties":{"maxheight":"default"}},{"type":"Feature","geometry":{"type":"Point","coordinates":[8.6796055,48.7693928]},"properties":{"maxweight":"5.5"}},{"type":"Feature","geometry":{"type":"Point","coordinates":[8.6732855,48.7686916]},"properties":{"maxweight":"5.5"}},{"type":"Feature","geometry":{"type":"Point","coordinates":[8.4034698,48.2640013]},"properties":{"hgv":"destination","maxlength":"9"}},{"type":"Feature","geometry":{"type":"Point","coordinates":[8.0707359,48.172272]},"properties":{"hgv":"destination"}},{"type":"Feature","geometry":{"type":"Point","coordinates":[8.1416685,48.7467409]},"properties":{"maxweight":"6"}},{"type":"Feature","geometry":{"type":"Point","coordinates":[8.1152522,48.0488506]},"properties":{"maxweight":"12"}},{"type":"Feature","geometry":{"type":"Point","coordinates":[8.115423,48.0293969]},"properties":{"maxweight":"3"}},{"type":"Feature","geometry":{"type":"Point","coordinates":[8.2488643,48.8596681]},"properties":{"maxweight":"7.5"}},{"type":"Feature","geometry":{"type":"Point","coordinates":[8.8562739,48.4482216]},"properties":{"maxheight":"3.1"}},{"type":"Feature","geometry":{"type":"Point","coordinates":[8.8410531,48.7000621]},"properties":{"maxweight":"6"}},{"type":"Feature","geometry":{"type":"Point","coordinates":[8.6388994,48.2104982]},"properties":{"maxweight":"1.5"}},{"type":"Feature","geometry":{"type":"Point","coordinates":[8.4215846,48.4565478]},"properties":{"hgv":"yes"}},{"type":"Feature","geometry":{"type":"Point","coordinates":[8.4226654,48.4565427]},"properties":{"hgv":"yes"}},{"type":"Feature","geometry":{"type":"Point","coordinates":[8.8900613,48.5843455]},"properties":{"maxheight":"default"}},{"type":"Feature","geometry":{"type":"Point","coordinates":[8.7220997,48.9013272]},"properties":{"hgv":"destination"}},{"type":"Feature","geometry":{"type":"Point","coordinates":[8.2229992,48.2210818]},"properties":{"maxwidth":"3.5"}},{"type":"Feature","geometry":{"type":"Point","coordinates":[8.342083,48.2902135]},"properties":{"hgv":"destination","maxweight":"7.5"}},{"type":"Feature","geometry":{"type":"Point","coordinates":[8.3364599,48.2902237]},"properties":{"hgv":"destination","maxweight":"7.5"}},{"type":"Feature","geometry":{"type":"Point","coordinates":[8.331245,48.2906056]},"properties":{"hgv":"destination","maxweight":"7.5"}},{"type":"Feature","geometry":{"type":"Point","coordinates":[8.4470559,48.0700024]},"properties":{"hgv":"no"}},{"type":"Feature","geometry":{"type":"Point","coordinates":[8.702101,48.8906989]},"properties":{"maxweight":"12"}},{"type":"Feature","geometry":{"type":"Point","coordinates":[8.4942476,48.994604]},"properties":{"maxweight":"2.8"}},{"type":"Feature","geometry":{"type":"Point","coordinates":[8.957347,48.7905229]},"properties":{"maxweight":"1.5"}},{"type":"Feature","geometry":{"type":"Point","coordinates":[8.2559788,48.8503544]},"properties":{"maxweight":"3.5"}},{"type":"Feature","geometry":{"type":"Point","coordinates":[8.2473019,48.8527626]},"properties":{"maxweight":"3.5"}},{"type":"Feature","geometry":{"type":"Point","coordinates":[8.9706955,48.7810368]},"properties":{"maxheight":"default"}},{"type":"Feature","geometry":{"type":"Point","coordinates":[8.1634615,48.7285716]},"properties":{"hgv":"no"}},{"type":"Feature","geometry":{"type":"Point","coordinates":[8.1632374,48.7279133]},"properties":{"maxweight":"16"}},{"type":"Feature","geometry":{"type":"Point","coordinates":[8.1622098,48.7278497]},"properties":{"maxweight":"16"}},{"type":"Feature","geometry":{"type":"Point","coordinates":[8.7069416,48.8296808]},"properties":{"maxheight":"3.7","maxwidth":"2","maxweight":"3.5"}},{"type":"Feature","geometry":{"type":"Point","coordinates":[8.6011486,48.8414845]},"properties":{"maxweight":"16"}},{"type":"Feature","geometry":{"type":"Point","coordinates":[8.5988501,48.8399513]},"properties":{"maxweight":"7.5"}},{"type":"Feature","geometry":{"type":"Point","coordinates":[8.5766429,48.8153296]},"properties":{"maxweight":"30"}},{"type":"Feature","geometry":{"type":"Point","coordinates":[8.3723602,48.9976089]},"properties":{"maxheight":"default"}},{"type":"Feature","geometry":{"type":"Point","coordinates":[8.8554376,48.451643]},"properties":{"maxwidth":"2"}},{"type":"Feature","geometry":{"type":"Point","coordinates":[8.7059807,48.8298462]},"properties":{"maxwidth":"2","maxweight":"3.5"}},{"type":"Feature","geometry":{"type":"Point","coordinates":[8.7088358,48.8279248]},"properties":{"maxwidth":"2","maxweight":"3.5"}},{"type":"Feature","geometry":{"type":"Point","coordinates":[8.7087293,48.8282118]},"properties":{"maxwidth":"2","maxweight":"3.5"}},{"type":"Feature","geometry":{"type":"Point","coordinates":[8.708467,48.8285362]},"properties":{"maxwidth":"2","maxweight":"3.5"}},{"type":"Feature","geometry":{"type":"Point","coordinates":[8.7085957,48.828424]},"properties":{"maxheight":"3.8","maxwidth":"2","maxweight":"3.5"}},{"type":"Feature","geometry":{"type":"Point","coordinates":[8.7013939,48.8246064]},"properties":{"maxweight":"30"}},{"type":"Feature","geometry":{"type":"Point","coordinates":[8.7011676,48.8243736]},"properties":{"maxweight":"30"}},{"type":"Feature","geometry":{"type":"Point","coordinates":[8.701222,48.8244629]},"properties":{"maxweight":"30"}},{"type":"Feature","geometry":{"type":"Point","coordinates":[8.7071757,48.8256728]},"properties":{"maxweight":"30"}},{"type":"Feature","geometry":{"type":"Point","coordinates":[8.711662,48.8235727]},"properties":{"maxweight":"7.5"}},{"type":"Feature","geometry":{"type":"Point","coordinates":[8.1456222,48.7673253]},"properties":{"maxweight":"30 t"}},{"type":"Feature","geometry":{"type":"Point","coordinates":[8.9147412,48.8336331]},"properties":{"maxweight":"30"}},{"type":"Feature","geometry":{"type":"Point","coordinates":[8.7291376,48.7953409]},"properties":{"maxweight":"7.5"}},{"type":"Feature","geometry":{"type":"Point","coordinates":[8.7293914,48.7979567]},"properties":{"maxweight":"7.5"}},{"type":"Feature","geometry":{"type":"Point","coordinates":[8.7355028,48.817864]},"properties":{"maxweight":"12"}},{"type":"Feature","geometry":{"type":"Point","coordinates":[8.7642242,48.447625]},"properties":{"maxheight":"default"}},{"type":"Feature","geometry":{"type":"Point","coordinates":[8.7637867,48.445947]},"properties":{"maxheight":"default"}},{"type":"Feature","geometry":{"type":"Point","coordinates":[8.7663788,48.4449506]},"properties":{"maxheight":"default"}},{"type":"Feature","geometry":{"type":"Point","coordinates":[8.7436677,48.8166886]},"properties":{"hgv":"destination"}},{"type":"Feature","geometry":{"type":"Point","coordinates":[8.666857,48.8894233]},"properties":{"maxheight":"default"}},{"type":"Feature","geometry":{"type":"Point","coordinates":[8.6836881,48.7412533]},"properties":{"maxweight":"5"}},{"type":"Feature","geometry":{"type":"Point","coordinates":[8.7518608,48.7635318]},"properties":{"maxweight":"6"}},{"type":"Feature","geometry":{"type":"Point","coordinates":[8.1675393,48.7320503]},"properties":{"hgv":"delivery"}},{"type":"Feature","geometry":{"type":"Point","coordinates":[8.8718367,48.6783758]},"properties":{"hgv":"no"}},{"type":"Feature","geometry":{"type":"Point","coordinates":[8.4694809,48.328775]},"properties":{"maxweight":"3.5"}},{"type":"Feature","geometry":{"type":"Point","coordinates":[8.5676137,48.4938082]},"properties":{"hgv":"no"}},{"type":"Feature","geometry":{"type":"Point","coordinates":[8.8323115,48.3407183]},"properties":{"maxweight":"3.50"}},{"type":"Feature","geometry":{"type":"Point","coordinates":[8.7542114,48.9856318]},"properties":{"goods":"destination"}},{"type":"Feature","geometry":{"type":"Point","coordinates":[8.6650211,48.8311991]},"properties":{"hgv":"no"}},{"type":"Feature","geometry":{"type":"Point","coordinates":[8.2220553,48.8427828]},"properties":{"maxweight":"6"}},{"type":"Feature","geometry":{"type":"Point","coordinates":[8.7243241,48.9695162]},"properties":{"maxweight":"2"}},{"type":"Feature","geometry":{"type":"Point","coordinates":[8.7170418,48.9629202]},"properties":{"hgv":"no"}},{"type":"Feature","geometry":{"type":"Point","coordinates":[8.7148122,48.9600855]},"properties":{"hgv":"no"}},{"type":"Feature","geometry":{"type":"Point","coordinates":[8.7283852,48.9657104]},"properties":{"maxweight":"2.5"}},{"type":"Feature","geometry":{"type":"Point","coordinates":[8.7273682,48.965637]},"properties":{"hgv":"designated"}},{"type":"Feature","geometry":{"type":"Point","coordinates":[8.7437522,48.6431832]},"properties":{"maxheight":"3.6"}},{"type":"Feature","geometry":{"type":"Point","coordinates":[8.404245,48.1843056]},"properties":{"maxweight":"3.5"}},{"type":"Feature","geometry":{"type":"Point","coordinates":[8.4053752,48.1850297]},"properties":{"maxweight":"3.5"}},{"type":"Feature","geometry":{"type":"Point","coordinates":[8.3413767,48.2901061]},"properties":{"hgv":"destination","maxweight":"7.5"}},{"type":"Feature","geometry":{"type":"Point","coordinates":[8.3977999,48.3399182]},"properties":{"maxweight":"2.5"}},{"type":"Feature","geometry":{"type":"Point","coordinates":[8.8712188,48.9364121]},"properties":{"maxweight":"7.5"}},{"type":"Feature","geometry":{"type":"Point","coordinates":[8.7782634,48.3044029]},"properties":{"maxweight":"6"}},{"type":"Feature","geometry":{"type":"Point","coordinates":[8.9486644,48.3870621]},"properties":{"hgv":"no","goods":"no"}},{"type":"Feature","geometry":{"type":"Point","coordinates":[8.7432438,48.6220038]},"properties":{"hgv":"no"}},{"type":"Feature","geometry":{"type":"Point","coordinates":[8.7267554,48.4967893]},"properties":{"maxweight":"7.5"}},{"type":"Feature","geometry":{"type":"Point","coordinates":[8.9815544,48.6717174]},"properties":{"maxheight":"5"}},{"type":"Feature","geometry":{"type":"Point","coordinates":[8.4562506,48.0597959]},"properties":{"maxheight":"3","maxwidth":"3.7"}},{"type":"Feature","geometry":{"type":"Point","coordinates":[8.1329274,48.7531145]},"properties":{"hgv":"delivery","goods":"delivery"}},{"type":"Feature","geometry":{"type":"Point","coordinates":[8.6207674,48.948456]},"properties":{"maxheight":"2.90"}},{"type":"Feature","geometry":{"type":"Point","coordinates":[8.7419291,48.887742]},"properties":{"hgv":"no"}},{"type":"Feature","geometry":{"type":"Point","coordinates":[8.8254837,48.807398]},"properties":{"hgv":"destination"}},{"type":"Feature","geometry":{"type":"Point","coordinates":[8.8022536,48.8259831]},"properties":{"hgv":"destination"}},{"type":"Feature","geometry":{"type":"Point","coordinates":[8.6909231,48.8053956]},"properties":{"maxweight":"40"}},{"type":"Feature","geometry":{"type":"Point","coordinates":[8.6877704,48.8060532]},"properties":{"maxweight":"16"}},{"type":"Feature","geometry":{"type":"Point","coordinates":[8.6843218,48.8059008]},"properties":{"maxweight":"16"}},{"type":"Feature","geometry":{"type":"Point","coordinates":[8.6841403,48.8057358]},"properties":{"maxweight":"16"}},{"type":"Feature","geometry":{"type":"Point","coordinates":[8.6860777,48.7693609]},"properties":{"maxweight":"6"}},{"type":"Feature","geometry":{"type":"Point","coordinates":[8.7967045,48.9965149]},"properties":{"maxweight":"6"}},{"type":"Feature","geometry":{"type":"Point","coordinates":[8.7303883,48.7732152]},"properties":{"maxweight":"2.8"}},{"type":"Feature","geometry":{"type":"Point","coordinates":[8.8192063,48.9903007]},"properties":{"maxwidth":"3.2"}},{"type":"Feature","geometry":{"type":"Point","coordinates":[8.8300949,48.9910492]},"properties":{"maxwidth":"4.2"}},{"type":"Feature","geometry":{"type":"Point","coordinates":[8.3333541,48.795718]},"properties":{"hgv":"no"}},{"type":"Feature","geometry":{"type":"Point","coordinates":[8.4597669,48.0566338]},"properties":{"goods":"delivery"}},{"type":"Feature","geometry":{"type":"Point","coordinates":[8.3897339,48.2480938]},"properties":{"hgv":"agricultural;forestry"}},{"type":"Feature","geometry":{"type":"Point","coordinates":[8.9816333,48.6772807]},"properties":{"maxheight":"3.8","maxweight":"7.5"}},{"type":"Feature","geometry":{"type":"Point","coordinates":[8.7295128,48.8314453]},"properties":{"maxwidth":"2"}},{"type":"Feature","geometry":{"type":"Point","coordinates":[8.8186875,48.5019454]},"properties":{"maxheight":"4"}},{"type":"Feature","geometry":{"type":"Point","coordinates":[8.7065444,48.7214417]},"properties":{"hgv":"destination"}},{"type":"Feature","geometry":{"type":"Point","coordinates":[8.2333143,48.8771747]},"properties":{"maxheight":"2.8"}},{"type":"Feature","geometry":{"type":"Point","coordinates":[8.1739371,48.6978262]},"properties":{"hgv":"no"}},{"type":"Feature","geometry":{"type":"Point","coordinates":[8.1728103,48.6977975]},"properties":{"hgv":"no"}},{"type":"Feature","geometry":{"type":"Point","coordinates":[8.4680249,48.8455914]},"properties":{"hgv":"no"}},{"type":"Feature","geometry":{"type":"Point","coordinates":[8.4686152,48.8457472]},"properties":{"hgv":"no"}},{"type":"Feature","geometry":{"type":"Point","coordinates":[8.8899053,48.8240491]},"properties":{"hgv":"no"}},{"type":"Feature","geometry":{"type":"Point","coordinates":[8.1172575,48.6724626]},"properties":{"hgv":"no"}},{"type":"Feature","geometry":{"type":"Point","coordinates":[8.5990621,48.5451009]},"properties":{"maxweight":"6"}},{"type":"Feature","geometry":{"type":"Point","coordinates":[8.5049759,48.8441801]},"properties":{"maxweight":"3"}},{"type":"Feature","geometry":{"type":"Point","coordinates":[8.6502849,48.6008955]},"properties":{"maxweight":"3.5"}},{"type":"Feature","geometry":{"type":"Point","coordinates":[8.2308536,48.2136156]},"properties":{"hgv":"destination"}},{"type":"Feature","geometry":{"type":"Point","coordinates":[8.7385351,48.7151738]},"properties":{"maxweight":"7.5"}},{"type":"Feature","geometry":{"type":"Point","coordinates":[8.5499964,48.7464544]},"properties":{"maxheight":"2.00 m"}},{"type":"Feature","geometry":{"type":"Point","coordinates":[8.5473438,48.7486584]},"properties":{"maxheight":"1.8"}},{"type":"Feature","geometry":{"type":"Point","coordinates":[8.7295459,48.798097]},"properties":{"maxheight":"3","maxweight":"7.5"}},{"type":"Feature","geometry":{"type":"Point","coordinates":[8.7297555,48.798189]},"properties":{"maxweight":"7.5"}},{"type":"Feature","geometry":{"type":"Point","coordinates":[8.1214326,48.6746733]},"properties":{"hgv":"destination","goods":"destination"}},{"type":"Feature","geometry":{"type":"Point","coordinates":[8.3957446,48.329168]},"properties":{"maxlength":"10"}},{"type":"Feature","geometry":{"type":"Point","coordinates":[8.6358584,48.0683767]},"properties":{"hgv":"destination"}},{"type":"Feature","geometry":{"type":"Point","coordinates":[8.6356784,48.0693801]},"properties":{"hgv":"destination"}},{"type":"Feature","geometry":{"type":"Point","coordinates":[8.6363821,48.0698497]},"properties":{"hgv":"destination"}},{"type":"Feature","geometry":{"type":"Point","coordinates":[8.6353599,48.068574]},"properties":{"hgv":"destination"}},{"type":"Feature","geometry":{"type":"Point","coordinates":[8.6310107,48.066731]},"properties":{"hgv":"destination"}},{"type":"Feature","geometry":{"type":"Point","coordinates":[8.6302524,48.0665054]},"properties":{"hgv":"destination"}},{"type":"Feature","geometry":{"type":"Point","coordinates":[8.6326902,48.0678162]},"properties":{"hgv":"destination"}},{"type":"Feature","geometry":{"type":"Point","coordinates":[8.6365407,48.0689632]},"properties":{"hgv":"destination"}},{"type":"Feature","geometry":{"type":"Point","coordinates":[8.5811753,48.4486763]},"properties":{"maxweight":"1.5"}},{"type":"Feature","geometry":{"type":"Point","coordinates":[8.5385102,48.8500431]},"properties":{"hgv":"no"}},{"type":"Feature","geometry":{"type":"Point","coordinates":[8.131324,48.6885602]},"properties":{"hgv":"destination","goods":"destination"}},{"type":"Feature","geometry":{"type":"Point","coordinates":[8.9611534,48.3926885]},"properties":{"hgv":"no","goods":"no"}},{"type":"Feature","geometry":{"type":"Point","coordinates":[8.8576883,48.9414581]},"properties":{"maxweight":"6"}},{"type":"Feature","geometry":{"type":"Point","coordinates":[8.3523178,48.7287497]},"properties":{"hgv":"no"}},{"type":"Feature","geometry":{"type":"Point","coordinates":[8.257625,48.7337488]},"properties":{"maxweight":"2.8"}},{"type":"Feature","geometry":{"type":"Point","coordinates":[8.8116185,48.9426111]},"properties":{"hgv":"no"}},{"type":"Feature","geometry":{"type":"Point","coordinates":[8.5736609,48.1691424]},"properties":{"maxheight":"2.7"}},{"type":"Feature","geometry":{"type":"Point","coordinates":[8.4535188,48.0589724]},"properties":{"maxheight":"2.15","maxweight":"2.5"}},{"type":"Feature","geometry":{"type":"Point","coordinates":[8.3860713,48.2625805]},"properties":{"hgv":"destination","maxlength":"9"}},{"type":"Feature","geometry":{"type":"Point","coordinates":[8.3784903,48.2643158]},"properties":{"hgv":"destination","maxlength":"9"}},{"type":"Feature","geometry":{"type":"Point","coordinates":[8.779652,48.9031141]},"properties":{"maxweight":"2.8"}},{"type":"Feature","geometry":{"type":"Point","coordinates":[8.6945327,48.4438538]},"properties":{"maxheight":"3"}},{"type":"Feature","geometry":{"type":"Point","coordinates":[8.7467664,48.6255948]},"properties":{"hgv":"no","maxweight":"7.5","maxweightrating:hgv":"7.5"}},{"type":"Feature","geometry":{"type":"Point","coordinates":[8.7449901,48.6263488]},"properties":{"hgv":"no","maxweightrating:hgv":"7.5"}},{"type":"Feature","geometry":{"type":"Point","coordinates":[8.6080351,48.4574215]},"properties":{"maxweight":"7.5"}},{"type":"Feature","geometry":{"type":"Point","coordinates":[8.5859086,48.7652362]},"properties":{"maxweight":"7.5"}},{"type":"Feature","geometry":{"type":"Point","coordinates":[8.3739991,48.7595324]},"properties":{"hgv":"destination"}},{"type":"Feature","geometry":{"type":"Point","coordinates":[8.8341545,48.9313985]},"properties":{"hgv":"delivery","maxweight":"2.8"}},{"type":"Feature","geometry":{"type":"Point","coordinates":[8.9066721,48.4098783]},"properties":{"hgv":"private","goods":"private","maxwidth":"2"}},{"type":"Feature","geometry":{"type":"Point","coordinates":[8.6659246,48.7090827]},"properties":{"maxweight":"6"}},{"type":"Feature","geometry":{"type":"Point","coordinates":[8.7045876,48.7059242]},"properties":{"hgv":"forestry"}},{"type":"Feature","geometry":{"type":"Point","coordinates":[8.7044258,48.7058833]},"properties":{"hgv":"forestry"}},{"type":"Feature","geometry":{"type":"Point","coordinates":[8.5467995,48.7391143]},"properties":{"maxweight":"2.5"}},{"type":"Feature","geometry":{"type":"Point","coordinates":[8.878116,48.5751082]},"properties":{"hgv":"destination","maxweightrating:hgv":"7.5"}},{"type":"Feature","geometry":{"type":"Point","coordinates":[8.877689,48.5748899]},"properties":{"hgv":"destination","maxweightrating:hgv":"7.5"}},{"type":"Feature","geometry":{"type":"Point","coordinates":[8.8760175,48.5761171]},"properties":{"hgv":"destination","maxweightrating:hgv":"7.5"}},{"type":"Feature","geometry":{"type":"Point","coordinates":[8.8768851,48.577936]},"properties":{"hgv":"destination","maxweightrating:hgv":"7.5"}},{"type":"Feature","geometry":{"type":"Point","coordinates":[8.8785531,48.5799588]},"properties":{"hgv":"destination","maxweightrating:hgv":"7.5"}},{"type":"Feature","geometry":{"type":"Point","coordinates":[8.8793045,48.5789752]},"properties":{"hgv":"destination","maxweightrating:hgv":"7.5"}},{"type":"Feature","geometry":{"type":"Point","coordinates":[8.7057768,48.6528032]},"properties":{"maxweight":"6"}},{"type":"Feature","geometry":{"type":"Point","coordinates":[8.5084873,48.4633968]},"properties":{"hgv":"no"}},{"type":"Feature","geometry":{"type":"Point","coordinates":[8.8659768,48.74725]},"properties":{"hgv":"agricultural;forestry"}},{"type":"Feature","geometry":{"type":"Point","coordinates":[8.8533681,48.9359901]},"properties":{"maxweight":"1.5"}},{"type":"Feature","geometry":{"type":"Point","coordinates":[8.7196321,48.6682666]},"properties":{"hgv":"agricultural;forestry"}},{"type":"Feature","geometry":{"type":"Point","coordinates":[8.5151168,48.1015398]},"properties":{"maxwidth":"3"}},{"type":"Feature","geometry":{"type":"Point","coordinates":[8.6522037,48.9096392]},"properties":{"maxheight":"default"}},{"type":"Feature","geometry":{"type":"Point","coordinates":[8.1964678,48.6707049]},"properties":{"maxweight":"7.5"}},{"type":"Feature","geometry":{"type":"Point","coordinates":[8.9406822,48.6534455]},"properties":{"maxweight":"12"}},{"type":"Feature","geometry":{"type":"Point","coordinates":[8.4186877,48.3012897]},"properties":{"hgv":"delivery"}},{"type":"Feature","geometry":{"type":"Point","coordinates":[8.4233672,48.3018988]},"properties":{"maxweight":"3.5"}},{"type":"Feature","geometry":{"type":"Point","coordinates":[8.8437958,48.6785663]},"properties":{"maxweight":"12"}},{"type":"Feature","geometry":{"type":"Point","coordinates":[8.6386944,48.0680015]},"properties":{"hgv":"no"}},{"type":"Feature","geometry":{"type":"Point","coordinates":[8.5723963,48.1372014]},"properties":{"maxheight":"default"}},{"type":"Feature","geometry":{"type":"Point","coordinates":[8.9507218,48.9241644]},"properties":{"maxheight":"2.1"}},{"type":"Feature","geometry":{"type":"Point","coordinates":[8.0423286,48.5629118]},"properties":{"maxweight":"5.5"}},{"type":"Feature","geometry":{"type":"Point","coordinates":[8.545491,48.1386733]},"properties":{"maxweight":"3.5"}},{"type":"Feature","geometry":{"type":"Point","coordinates":[8.7477287,48.8673716]},"properties":{"maxheight":"FIXME"}},{"type":"Feature","geometry":{"type":"Point","coordinates":[8.8880689,48.269625]},"properties":{"maxweight":"3.5"}},{"type":"Feature","geometry":{"type":"Point","coordinates":[8.8910857,48.2655909]},"properties":{"maxweight":"3.5"}},{"type":"Feature","geometry":{"type":"Point","coordinates":[8.9079509,48.2684487]},"properties":{"maxweight":"3.5"}},{"type":"Feature","geometry":{"type":"Point","coordinates":[8.4606541,48.0629722]},"properties":{"maxweight":"30"}},{"type":"Feature","geometry":{"type":"Point","coordinates":[8.2342429,48.8385254]},"properties":{"maxweight":"0.5"}},{"type":"Feature","geometry":{"type":"Point","coordinates":[8.7316512,48.6033037]},"properties":{"maxweight":"12"}},{"type":"Feature","geometry":{"type":"Point","coordinates":[8.779679,48.3718664]},"properties":{"maxwidth":"1"}},{"type":"Feature","geometry":{"type":"Point","coordinates":[8.9109025,48.3114272]},"properties":{"maxweight":"6"}},{"type":"Feature","geometry":{"type":"Point","coordinates":[8.7428313,48.8017694]},"properties":{"maxweight":"3"}},{"type":"Feature","geometry":{"type":"Point","coordinates":[8.745818,48.7990844]},"properties":{"maxweight":"2.8"}},{"type":"Feature","geometry":{"type":"Point","coordinates":[8.7438391,48.8022592]},"properties":{"maxweight":"2.8"}},{"type":"Feature","geometry":{"type":"Point","coordinates":[8.751793,48.7954723]},"properties":{"maxweight":"2.8"}},{"type":"Feature","geometry":{"type":"Point","coordinates":[8.7286333,48.6667535]},"properties":{"maxweight":"12"}},{"type":"Feature","geometry":{"type":"Point","coordinates":[8.7224417,48.6579576]},"properties":{"maxweight":"6"}},{"type":"Feature","geometry":{"type":"Point","coordinates":[8.8116879,48.6905503]},"properties":{"maxweight":"7.5"}},{"type":"Feature","geometry":{"type":"Point","coordinates":[8.8119244,48.6900815]},"properties":{"maxweight":"7.5"}},{"type":"Feature","geometry":{"type":"Point","coordinates":[8.5168094,48.1041401]},"properties":{"maxwidth":"2.5"}},{"type":"Feature","geometry":{"type":"Point","coordinates":[8.5173868,48.1062291]},"properties":{"maxwidth":"2.5"}},{"type":"Feature","geometry":{"type":"Point","coordinates":[8.5016531,48.1108]},"properties":{"maxweight":"20"}},{"type":"Feature","geometry":{"type":"Point","coordinates":[8.2130677,48.2537903]},"properties":{"maxheight":"2.5"}},{"type":"Feature","geometry":{"type":"Point","coordinates":[8.5884503,48.762637]},"properties":{"maxweight":"7.5"}},{"type":"Feature","geometry":{"type":"Point","coordinates":[8.588397,48.7625882]},"properties":{"maxweight":"7.5"}},{"type":"Feature","geometry":{"type":"Point","coordinates":[8.5880049,48.7622194]},"properties":{"maxweight":"7.5"}},{"type":"Feature","geometry":{"type":"Point","coordinates":[8.597022,48.5405975]},"properties":{"maxweight":"6"}},{"type":"Feature","geometry":{"type":"Point","coordinates":[8.7793369,48.7386506]},"properties":{"hgv":"destination"}},{"type":"Feature","geometry":{"type":"Point","coordinates":[8.7854637,48.7366885]},"properties":{"hgv":"destination"}},{"type":"Feature","geometry":{"type":"Point","coordinates":[8.7756377,48.7424834]},"properties":{"hgv":"destination"}},{"type":"Feature","geometry":{"type":"Point","coordinates":[8.7530985,48.8944905]},"properties":{"maxweight":"2.8"}},{"type":"Feature","geometry":{"type":"Point","coordinates":[8.7621662,48.8907914]},"properties":{"maxweight":"2.8"}},{"type":"Feature","geometry":{"type":"Point","coordinates":[8.9027587,48.888395]},"properties":{"maxweight":"8"}},{"type":"Feature","geometry":{"type":"Point","coordinates":[8.6335117,48.9590661]},"properties":{"maxweight":"2.6"}},{"type":"Feature","geometry":{"type":"Point","coordinates":[8.9674696,48.7445786]},"properties":{"hgv":"destination"}},{"type":"Feature","geometry":{"type":"Point","coordinates":[8.968772,48.7439936]},"properties":{"hgv":"destination"}},{"type":"Feature","geometry":{"type":"Point","coordinates":[8.7847906,48.7351095]},"properties":{"hgv":"destination"}},{"type":"Feature","geometry":{"type":"Point","coordinates":[8.2863693,48.8803288]},"properties":{"maxheight":"3.8"}},{"type":"Feature","geometry":{"type":"Point","coordinates":[8.391673,48.1195781]},"properties":{"maxweight":"3.5"}},{"type":"Feature","geometry":{"type":"Point","coordinates":[8.3943803,48.1137037]},"properties":{"maxweight":"3.5"}},{"type":"Feature","geometry":{"type":"Point","coordinates":[8.398834,48.1120423]},"properties":{"maxweight":"3.5"}},{"type":"Feature","geometry":{"type":"Point","coordinates":[8.0114164,48.7532501]},"properties":{"hgv":"no"}},{"type":"Feature","geometry":{"type":"Point","coordinates":[8.9077629,48.3396569]},"properties":{"maxweight":"3.5"}},{"type":"Feature","geometry":{"type":"Point","coordinates":[8.4478015,48.9305866]},"properties":{"maxheight":"3.9"}},{"type":"Feature","geometry":{"type":"Point","coordinates":[8.442393,48.9333421]},"properties":{"maxweight":"7.5"}},{"type":"Feature","geometry":{"type":"Point","coordinates":[8.0105545,48.7573879]},"properties":{"maxheight":"3.7"}},{"type":"Feature","geometry":{"type":"Point","coordinates":[8.8767466,48.746602]},"properties":{"maxheight":"default"}},{"type":"Feature","geometry":{"type":"Point","coordinates":[8.6195181,48.7294828]},"properties":{"maxweight":"6"}},{"type":"Feature","geometry":{"type":"Point","coordinates":[8.6052815,48.7448598]},"properties":{"maxweight":"6"}},{"type":"Feature","geometry":{"type":"Point","coordinates":[8.742293,48.8576453]},"properties":{"maxweight":"3"}},{"type":"Feature","geometry":{"type":"Point","coordinates":[8.7321111,48.8964375]},"properties":{"maxweight":"6"}},{"type":"Feature","geometry":{"type":"Point","coordinates":[8.7284274,48.8948555]},"properties":{"maxweight":"6"}},{"type":"Feature","geometry":{"type":"Point","coordinates":[8.2135012,48.8922865]},"properties":{"maxweight":"12"}},{"type":"Feature","geometry":{"type":"Point","coordinates":[8.0050331,48.7317511]},"properties":{"maxweight":"6"}},{"type":"Feature","geometry":{"type":"Point","coordinates":[8.8444413,48.5336203]},"properties":{"maxheight":"default"}},{"type":"Feature","geometry":{"type":"Point","coordinates":[8.6139277,48.9647375]},"properties":{"hgv":"no"}},{"type":"Feature","geometry":{"type":"Point","coordinates":[8.6088188,48.9632556]},"properties":{"hgv":"no"}},{"type":"Feature","geometry":{"type":"Point","coordinates":[8.7632144,48.3863467]},"properties":{"maxweight":"6"}},{"type":"Feature","geometry":{"type":"Point","coordinates":[8.9577877,48.7739445]},"properties":{"maxheight":"default"}},{"type":"Feature","geometry":{"type":"Point","coordinates":[8.9639111,48.7443934]},"properties":{"hgv":"no"}},{"type":"Feature","geometry":{"type":"Point","coordinates":[8.8914963,48.3299928]},"properties":{"maxweight":"2.8"}},{"type":"Feature","geometry":{"type":"Point","coordinates":[8.9358842,48.0133718]},"properties":{"maxweight":"12"}},{"type":"Feature","geometry":{"type":"Point","coordinates":[8.8604209,48.1582087]},"properties":{"hgv":"no","goods":"no"}},{"type":"Feature","geometry":{"type":"Point","coordinates":[8.7816655,48.7224545]},"properties":{"maxheight":"2.6"}},{"type":"Feature","geometry":{"type":"Point","coordinates":[8.890566,48.3384436]},"properties":{"maxweight":"2.8"}},{"type":"Feature","geometry":{"type":"Point","coordinates":[8.5760955,48.0449446]},"properties":{"maxweight":"6"}},{"type":"Feature","geometry":{"type":"Point","coordinates":[8.4036942,48.0885272]},"properties":{"maxweight":"1.5"}},{"type":"Feature","geometry":{"type":"Point","coordinates":[8.4041641,48.089403]},"properties":{"maxweight":"1.5"}},{"type":"Feature","geometry":{"type":"Point","coordinates":[8.6547039,48.012526]},"properties":{"maxheight":"default"}},{"type":"Feature","geometry":{"type":"Point","coordinates":[8.0257909,48.6614263]},"properties":{"hgv":"no"}},{"type":"Feature","geometry":{"type":"Point","coordinates":[8.044015,48.581325]},"properties":{"hgv":"agricultural"}},{"type":"Feature","geometry":{"type":"Point","coordinates":[8.0423657,48.5765231]},"properties":{"hgv":"no"}},{"type":"Feature","geometry":{"type":"Point","coordinates":[8.0350347,48.5726877]},"properties":{"hgv":"no"}},{"type":"Feature","geometry":{"type":"Point","coordinates":[8.0109773,48.6191745]},"properties":{"maxheight":"default"}},{"type":"Feature","geometry":{"type":"Point","coordinates":[8.2578164,48.9098891]},"properties":{"maxheight":"3"}},{"type":"Feature","geometry":{"type":"Point","coordinates":[8.75739,48.2087501]},"properties":{"maxweight":"3.5"}},{"type":"Feature","geometry":{"type":"Point","coordinates":[8.7576173,48.2104797]},"properties":{"hgv":"destination","maxweight":"7.5"}},{"type":"Feature","geometry":{"type":"Point","coordinates":[8.0479961,48.744336]},"properties":{"maxweight":"12"}},{"type":"Feature","geometry":{"type":"Point","coordinates":[8.0957709,48.0762622]},"properties":{"maxweight":"12"}},{"type":"Feature","geometry":{"type":"Point","coordinates":[8.0955539,48.074453]},"properties":{"maxweight":"12"}},{"type":"Feature","geometry":{"type":"Point","coordinates":[8.3376939,48.0661094]},"properties":{"maxweight":"7.5"}},{"type":"Feature","geometry":{"type":"Point","coordinates":[8.77871,48.8127963]},"properties":{"maxweight":"12"}},{"type":"Feature","geometry":{"type":"Point","coordinates":[8.3656919,48.1084217]},"properties":{"maxweight":"3.5"}},{"type":"Feature","geometry":{"type":"Point","coordinates":[8.5151614,48.0448717]},"properties":{"maxheight":"1.5","maxwidth":"1.2"}},{"type":"Feature","geometry":{"type":"Point","coordinates":[8.3862368,48.9374663]},"properties":{"maxheight":"default"}},{"type":"Feature","geometry":{"type":"Point","coordinates":[8.1062353,48.0632915]},"properties":{"maxweight":"12"}},{"type":"Feature","geometry":{"type":"Point","coordinates":[8.2034416,48.0569737]},"properties":{"maxweight":"3.5"}},{"type":"Feature","geometry":{"type":"Point","coordinates":[8.2031589,48.0575575]},"properties":{"maxweight":"3.5"}},{"type":"Feature","geometry":{"type":"Point","coordinates":[8.8494109,48.7257208]},"properties":{"maxweight":"6"}},{"type":"Feature","geometry":{"type":"Point","coordinates":[8.8328368,48.0038597]},"properties":{"maxweight":"40"}},{"type":"Feature","geometry":{"type":"Point","coordinates":[8.2644296,48.8298249]},"properties":{"maxweight":"2.8"}},{"type":"Feature","geometry":{"type":"Point","coordinates":[8.4834134,48.361221]},"properties":{"maxweight":"1.5"}},{"type":"Feature","geometry":{"type":"Point","coordinates":[8.3379914,48.9631063]},"properties":{"hgv":"destination"}},{"type":"Feature","geometry":{"type":"Point","coordinates":[8.3372171,48.9620956]},"properties":{"hgv":"destination"}},{"type":"Feature","geometry":{"type":"Point","coordinates":[8.9125888,48.645346]},"properties":{"hgv":"destination","maxweight":"7.5"}},{"type":"Feature","geometry":{"type":"Point","coordinates":[8.5349129,48.2960214]},"properties":{"hgv":"agricultural"}},{"type":"Feature","geometry":{"type":"Point","coordinates":[8.4733243,48.060153]},"properties":{"maxheight":"default"}},{"type":"Feature","geometry":{"type":"Point","coordinates":[8.1170442,48.8469727]},"properties":{"maxheight":"default"}},{"type":"Feature","geometry":{"type":"Point","coordinates":[8.7985577,48.7604108]},"properties":{"maxweight":"6"}},{"type":"Feature","geometry":{"type":"Point","coordinates":[8.7959349,48.7584991]},"properties":{"maxweight":"6"}},{"type":"Feature","geometry":{"type":"Point","coordinates":[8.7954668,48.7579725]},"properties":{"maxweight":"3.5"}},{"type":"Feature","geometry":{"type":"Point","coordinates":[8.7997603,48.7610743]},"properties":{"maxweight":"6"}},{"type":"Feature","geometry":{"type":"Point","coordinates":[8.7464828,48.7102643]},"properties":{"maxweight":"2.8"}},{"type":"Feature","geometry":{"type":"Point","coordinates":[8.4715116,48.0433496]},"properties":{"maxheight":"3.2"}},{"type":"Feature","geometry":{"type":"Point","coordinates":[8.4723956,48.0072836]},"properties":{"maxweight":"3.5"}},{"type":"Feature","geometry":{"type":"Point","coordinates":[8.7463147,48.7113493]},"properties":{"maxheight":"3.9"}},{"type":"Feature","geometry":{"type":"Point","coordinates":[8.0471214,48.7448506]},"properties":{"maxweight":"30"}},{"type":"Feature","geometry":{"type":"Point","coordinates":[8.7205101,48.7073863]},"properties":{"hgv":"forestry"}},{"type":"Feature","geometry":{"type":"Point","coordinates":[8.8930949,48.3837683]},"properties":{"maxweight":"12"}},{"type":"Feature","geometry":{"type":"Point","coordinates":[8.606132,48.0343839]},"properties":{"maxheight":"default"}},{"type":"Feature","geometry":{"type":"Point","coordinates":[8.4579822,48.9127245]},"properties":{"maxweight":"7.5"}},{"type":"Feature","geometry":{"type":"Point","coordinates":[8.6069811,48.9663144]},"properties":{"hgv":"destination"}},{"type":"Feature","geometry":{"type":"Point","coordinates":[8.293822,48.8224186]},"properties":{"maxheight":"none"}},{"type":"Feature","geometry":{"type":"Point","coordinates":[8.399892,48.4251807]},"properties":{"goods":"yes"}},{"type":"Feature","geometry":{"type":"Point","coordinates":[8.4504716,48.0296357]},"properties":{"maxweight":"7.5"}},{"type":"Feature","geometry":{"type":"Point","coordinates":[8.452129,48.0133933]},"properties":{"maxweight":"6"}},{"type":"Feature","geometry":{"type":"Point","coordinates":[8.3699484,48.5116695]},"properties":{"maxwidth":"2.5"}},{"type":"Feature","geometry":{"type":"Point","coordinates":[8.8933342,48.315746]},"properties":{"maxweight":"7.5"}},{"type":"Feature","geometry":{"type":"Point","coordinates":[8.6252685,48.0271544]},"properties":{"maxheight":"default"}},{"type":"Feature","geometry":{"type":"Point","coordinates":[8.9698781,48.6822291]},"properties":{"maxheight":"default"}},{"type":"Feature","geometry":{"type":"Point","coordinates":[8.6025768,48.6588453]},"properties":{"maxweight":"6"}},{"type":"Feature","geometry":{"type":"Point","coordinates":[8.5375866,48.0634405]},"properties":{"maxheight":"2.1","maxweight":"2.1"}},{"type":"Feature","geometry":{"type":"Point","coordinates":[8.7166812,48.3794835]},"properties":{"maxheight":"default"}},{"type":"Feature","geometry":{"type":"Point","coordinates":[8.6411172,48.6600767]},"properties":{"hgv":"agricultural;forestry;destination"}},{"type":"Feature","geometry":{"type":"Point","coordinates":[8.6427262,48.6670782]},"properties":{"maxweight":"6"}},{"type":"Feature","geometry":{"type":"Point","coordinates":[8.6296316,48.6623138]},"properties":{"maxweight":"6"}},{"type":"Feature","geometry":{"type":"Point","coordinates":[8.6255954,48.0405268]},"properties":{"maxheight":"default"}},{"type":"Feature","geometry":{"type":"Point","coordinates":[8.8991494,48.5697076]},"properties":{"maxheight":"default"}},{"type":"Feature","geometry":{"type":"Point","coordinates":[8.445689,48.0149062]},"properties":{"maxweight":"6"}},{"type":"Feature","geometry":{"type":"Point","coordinates":[8.4198187,48.0180418]},"properties":{"maxweight":"6"}},{"type":"Feature","geometry":{"type":"Point","coordinates":[8.4124548,48.0192547]},"properties":{"maxweight":"6"}},{"type":"Feature","geometry":{"type":"Point","coordinates":[8.6089414,48.4565998]},"properties":{"maxweight":"7.5"}},{"type":"Feature","geometry":{"type":"Point","coordinates":[8.8470116,48.7223488]},"properties":{"maxweight":"6"}},{"type":"Feature","geometry":{"type":"Point","coordinates":[8.0719754,48.557411]},"properties":{"maxweight":"12"}},{"type":"Feature","geometry":{"type":"Point","coordinates":[8.7950435,48.7231865]},"properties":{"maxweight":"6"}},{"type":"Feature","geometry":{"type":"Point","coordinates":[8.9004692,48.7150931]},"properties":{"maxheight":"default"}},{"type":"Feature","geometry":{"type":"Point","coordinates":[8.8990383,48.7162608]},"properties":{"maxheight":"below_default"}},{"type":"Feature","geometry":{"type":"Point","coordinates":[8.0999443,48.0651442]},"properties":{"maxweight":"12"}},{"type":"Feature","geometry":{"type":"Point","coordinates":[8.1857425,48.7340794]},"properties":{"maxheight":"3.1"}},{"type":"Feature","geometry":{"type":"Point","coordinates":[8.5961138,48.7602344]},"properties":{"maxweight":"3.5"}},{"type":"Feature","geometry":{"type":"Point","coordinates":[8.6197948,48.7294509]},"properties":{"maxweight":"6"}},{"type":"Feature","geometry":{"type":"Point","coordinates":[8.6221775,48.7272938]},"properties":{"maxweight":"6"}},{"type":"Feature","geometry":{"type":"Point","coordinates":[8.2933339,48.7641932]},"properties":{"maxweight":"7.5"}},{"type":"Feature","geometry":{"type":"Point","coordinates":[8.6730943,48.4866114]},"properties":{"maxweight":"3.5"}},{"type":"Feature","geometry":{"type":"Point","coordinates":[8.3523487,48.7263825]},"properties":{"hgv":"destination"}},{"type":"Feature","geometry":{"type":"Point","coordinates":[8.2542032,48.6358121]},"properties":{"hgv":"destination"}},{"type":"Feature","geometry":{"type":"Point","coordinates":[8.548171,48.7495206]},"properties":{"maxlength":"12","maxweight":"7.5"}},{"type":"Feature","geometry":{"type":"Point","coordinates":[8.5538231,48.7533065]},"properties":{"maxweight":"2"}},{"type":"Feature","geometry":{"type":"Point","coordinates":[8.5321205,48.4581755]},"properties":{"maxweight":"6"}},{"type":"Feature","geometry":{"type":"Point","coordinates":[8.5010316,48.0824517]},"properties":{"hgv":"no","maxweight":"3.5"}},{"type":"Feature","geometry":{"type":"Point","coordinates":[8.5010323,48.081564]},"properties":{"hgv":"no","maxweight":"3.5"}},{"type":"Feature","geometry":{"type":"Point","coordinates":[8.7141527,48.9028455]},"properties":{"hgv":"destination"}},{"type":"Feature","geometry":{"type":"Point","coordinates":[8.8685838,48.944705]},"properties":{"hgv":"agricultural"}},{"type":"Feature","geometry":{"type":"Point","coordinates":[8.6740891,48.3894355]},"properties":{"maxweight":"16"}},{"type":"Feature","geometry":{"type":"Point","coordinates":[8.3887056,48.98941]},"properties":{"maxheight":"1.4"}},{"type":"Feature","geometry":{"type":"Point","coordinates":[8.2163369,48.802883]},"properties":{"hgv":"destination"}},{"type":"Feature","geometry":{"type":"Point","coordinates":[8.8019666,48.8520477]},"properties":{"maxheight":"default"}},{"type":"Feature","geometry":{"type":"Point","coordinates":[8.7243197,48.7161937]},"properties":{"maxweight":"3.5"}},{"type":"Feature","geometry":{"type":"Point","coordinates":[8.7447505,48.7130032]},"properties":{"hgv":"destination"}},{"type":"Feature","geometry":{"type":"Point","coordinates":[8.1008201,48.0646121]},"properties":{"maxweight":"12"}},{"type":"Feature","geometry":{"type":"Point","coordinates":[8.1009518,48.0645419]},"properties":{"maxweight":"12"}},{"type":"Feature","geometry":{"type":"Point","coordinates":[8.1020622,48.0571771]},"properties":{"maxweight":"16"}},{"type":"Feature","geometry":{"type":"Point","coordinates":[8.9968755,48.4875978]},"properties":{"maxweight":"12"}},{"type":"Feature","geometry":{"type":"Point","coordinates":[8.110352,48.7916745]},"properties":{"hgv":"no"}},{"type":"Feature","geometry":{"type":"Point","coordinates":[8.6654912,48.3283849]},"properties":{"hgv":"delivery"}},{"type":"Feature","geometry":{"type":"Point","coordinates":[8.5709465,48.3159612]},"properties":{"maxweight":"2.4"}},{"type":"Feature","geometry":{"type":"Point","coordinates":[8.8903959,48.5327021]},"properties":{"maxheight":"default"}},{"type":"Feature","geometry":{"type":"Point","coordinates":[8.4623854,48.0544635]},"properties":{"maxheight":"below_default"}},{"type":"Feature","geometry":{"type":"Point","coordinates":[8.8114243,48.4916079]},"properties":{"maxheight":"default"}},{"type":"Feature","geometry":{"type":"Point","coordinates":[8.9178801,48.6366521]},"properties":{"maxheight":"none"}},{"type":"Feature","geometry":{"type":"Point","coordinates":[8.6370947,48.4146944]},"properties":{"maxheight":"2.2"}},{"type":"Feature","geometry":{"type":"Point","coordinates":[8.1230646,48.0246272]},"properties":{"hgv":"no","maxweight":"3"}},{"type":"Feature","geometry":{"type":"Point","coordinates":[8.8592093,48.9562618]},"properties":{"maxheight":"3.00"}},{"type":"Feature","geometry":{"type":"Point","coordinates":[8.4647932,48.0735823]},"properties":{"maxweight":"30"}},{"type":"Feature","geometry":{"type":"Point","coordinates":[8.3899678,48.9955181]},"properties":{"maxheight":"2.35"}},{"type":"Feature","geometry":{"type":"Point","coordinates":[8.4008584,48.9408325]},"properties":{"maxheight":"2.8"}},{"type":"Feature","geometry":{"type":"Point","coordinates":[8.9592326,48.6573666]},"properties":{"maxheight":"default"}},{"type":"Feature","geometry":{"type":"Point","coordinates":[8.9904964,48.6432215]},"properties":{"maxweight":"3.5"}},{"type":"Feature","geometry":{"type":"Point","coordinates":[8.9933421,48.6412248]},"properties":{"maxweight":"3.5"}},{"type":"Feature","geometry":{"type":"Point","coordinates":[8.0770638,48.6093018]},"properties":{"maxheight":"3.8"}},{"type":"Feature","geometry":{"type":"Point","coordinates":[8.0212513,48.0227506]},"properties":{"maxweight":"12"}},{"type":"Feature","geometry":{"type":"Point","coordinates":[8.0482812,48.0208126]},"properties":{"maxweight":"12"}},{"type":"Feature","geometry":{"type":"Point","coordinates":[8.0464323,48.0439624]},"properties":{"maxwidth":"2.3"}},{"type":"Feature","geometry":{"type":"Point","coordinates":[8.6856521,48.4450291]},"properties":{"maxweight":"3.5"}},{"type":"Feature","geometry":{"type":"Point","coordinates":[8.0752882,48.7434799]},"properties":{"maxweight":"16"}},{"type":"Feature","geometry":{"type":"Point","coordinates":[8.6943697,48.895125]},"properties":{"maxheight":"default"}},{"type":"Feature","geometry":{"type":"Point","coordinates":[8.5107912,48.1036217]},"properties":{"maxwidth":"2.5"}},{"type":"Feature","geometry":{"type":"Point","coordinates":[8.4458552,48.1415829]},"properties":{"hgv":"destination"}},{"type":"Feature","geometry":{"type":"Point","coordinates":[8.1962037,48.8586058]},"properties":{"maxheight":"2"}},{"type":"Feature","geometry":{"type":"Point","coordinates":[8.196639,48.8581705]},"properties":{"maxheight":"2"}},{"type":"Feature","geometry":{"type":"Point","coordinates":[8.2078295,48.8534195]},"properties":{"maxweight":"3.5"}},{"type":"Feature","geometry":{"type":"Point","coordinates":[8.2136696,48.8568527]},"properties":{"maxheight":"4.1"}},{"type":"Feature","geometry":{"type":"Point","coordinates":[8.4671089,48.9617163]},"properties":{"hgv":"destination","goods":"destination"}},{"type":"Feature","geometry":{"type":"Point","coordinates":[8.470464,48.9636105]},"properties":{"hgv":"no"}},{"type":"Feature","geometry":{"type":"Point","coordinates":[8.709149,48.1276067]},"properties":{"maxweight":"40 t"}},{"type":"Feature","geometry":{"type":"Point","coordinates":[8.2145292,48.8513909]},"properties":{"maxheight":"2"}},{"type":"Feature","geometry":{"type":"Point","coordinates":[8.0037721,48.065696]},"properties":{"hgv":"no","goods":"no"}},{"type":"Feature","geometry":{"type":"Point","coordinates":[8.6961437,48.3943082]},"properties":{"maxweight":"7.5"}},{"type":"Feature","geometry":{"type":"Point","coordinates":[8.2136641,48.2374491]},"properties":{"maxwidth":"5"}},{"type":"Feature","geometry":{"type":"Point","coordinates":[8.2142658,48.2414135]},"properties":{"maxwidth":"5"}},{"type":"Feature","geometry":{"type":"Point","coordinates":[8.2139581,48.2422171]},"properties":{"maxwidth":"4.5"}},{"type":"Feature","geometry":{"type":"Point","coordinates":[8.4731358,48.4559576]},"properties":{"maxweight":"2.5"}},{"type":"Feature","geometry":{"type":"Point","coordinates":[8.4777305,48.4657056]},"properties":{"maxweight":"2.5"}},{"type":"Feature","geometry":{"type":"Point","coordinates":[8.2152117,48.8610679]},"properties":{"hgv":"no"}},{"type":"Feature","geometry":{"type":"Point","coordinates":[8.2150326,48.8610291]},"properties":{"hgv":"no"}},{"type":"Feature","geometry":{"type":"Point","coordinates":[8.6030158,48.8515723]},"properties":{"hgv":"destination"}},{"type":"Feature","geometry":{"type":"Point","coordinates":[8.2574929,48.9094608]},"properties":{"maxheight":"3"}},{"type":"Feature","geometry":{"type":"Point","coordinates":[8.2575091,48.91028]},"properties":{"maxheight":"3"}},{"type":"Feature","geometry":{"type":"Point","coordinates":[8.7137799,48.096853]},"properties":{"hgv":"no"}},{"type":"Feature","geometry":{"type":"Point","coordinates":[8.7140677,48.0967102]},"properties":{"hgv":"no"}},{"type":"Feature","geometry":{"type":"Point","coordinates":[8.6893041,48.7276953]},"properties":{"maxweight":"6"}},{"type":"Feature","geometry":{"type":"Point","coordinates":[8.5924487,48.1727968]},"properties":{"maxweight":"1.5"}},{"type":"Feature","geometry":{"type":"Point","coordinates":[8.5336524,48.8736652]},"properties":{"maxweight":"7.5"}},{"type":"Feature","geometry":{"type":"Point","coordinates":[8.4732252,48.9502682]},"properties":{"hgv":"no"}},{"type":"Feature","geometry":{"type":"Point","coordinates":[8.1299842,48.8183277]},"properties":{"maxheight":"none"}},{"type":"Feature","geometry":{"type":"Point","coordinates":[8.6093258,48.6331639]},"properties":{"maxheight":"2.8"}},{"type":"Feature","geometry":{"type":"Point","coordinates":[8.4750177,48.6658603]},"properties":{"maxweight":"3.5"}},{"type":"Feature","geometry":{"type":"Point","coordinates":[8.5365416,48.0430152]},"properties":{"maxheight":"4.2"}},{"type":"Feature","geometry":{"type":"Point","coordinates":[8.8355629,48.850375]},"properties":{"maxweight":"3.5"}},{"type":"Feature","geometry":{"type":"Point","coordinates":[8.8317103,48.8500504]},"properties":{"maxweight":"3.5"}},{"type":"Feature","geometry":{"type":"Point","coordinates":[8.0008271,48.7130968]},"properties":{"hgv":"no"}},{"type":"Feature","geometry":{"type":"Point","coordinates":[8.827605,48.9053975]},"properties":{"maxweightrating:hgv":"12"}},{"type":"Feature","geometry":{"type":"Point","coordinates":[8.3069124,48.8090513]},"properties":{"maxweight":"40"}},{"type":"Feature","geometry":{"type":"Point","coordinates":[8.0881702,48.2790685]},"properties":{"maxweight":"3.5"}},{"type":"Feature","geometry":{"type":"Point","coordinates":[8.0894383,48.2808056]},"properties":{"maxweight":"7.5"}},{"type":"Feature","geometry":{"type":"Point","coordinates":[8.5880291,48.0400758]},"properties":{"maxheight":"default"}},{"type":"Feature","geometry":{"type":"Point","coordinates":[8.5784728,48.1199402]},"properties":{"maxheight":"default"}},{"type":"Feature","geometry":{"type":"Point","coordinates":[8.3543521,48.7360984]},"properties":{"maxheight":"none"}},{"type":"Feature","geometry":{"type":"Point","coordinates":[8.0068739,48.7258559]},"properties":{"maxweight":"2.8"}},{"type":"Feature","geometry":{"type":"Point","coordinates":[8.5425935,48.7550213]},"properties":{"maxweight":"30"}},{"type":"Feature","geometry":{"type":"Point","coordinates":[8.5335349,48.7537554]},"properties":{"maxweight":"30"}},{"type":"Feature","geometry":{"type":"Point","coordinates":[8.7601731,48.0290586]},"properties":{"goods":"agricultural"}},{"type":"Feature","geometry":{"type":"Point","coordinates":[8.3057166,48.0457683]},"properties":{"maxweight":"3.5"}},{"type":"Feature","geometry":{"type":"Point","coordinates":[8.9784479,48.1871193]},"properties":{"maxweight":"2.8"}},{"type":"Feature","geometry":{"type":"Point","coordinates":[8.1340441,48.0123943]},"properties":{"hgv":"no","maxweight":"3"}},{"type":"Feature","geometry":{"type":"Point","coordinates":[8.1312615,48.0148731]},"properties":{"hgv":"no","maxweight":"3"}},{"type":"Feature","geometry":{"type":"Point","coordinates":[8.139447,48.0083528]},"properties":{"hgv":"no","maxweight":"3"}},{"type":"Feature","geometry":{"type":"Point","coordinates":[8.300653,48.0566265]},"properties":{"maxheight":"3.8"}},{"type":"Feature","geometry":{"type":"Point","coordinates":[8.7086889,48.8906464]},"properties":{"hgv":"destination"}},{"type":"Feature","geometry":{"type":"Point","coordinates":[8.0022191,48.5917358]},"properties":{"hgv":"no"}},{"type":"Feature","geometry":{"type":"Point","coordinates":[8.6513757,48.8988413]},"properties":{"maxweight":"2.8"}},{"type":"Feature","geometry":{"type":"Point","coordinates":[8.6743252,48.1295414]},"properties":{"maxweight":"40"}},{"type":"Feature","geometry":{"type":"Point","coordinates":[8.3950855,48.5262519]},"properties":{"hgv":"destination"}},{"type":"Feature","geometry":{"type":"Point","coordinates":[8.798492,48.8261757]},"properties":{"maxweight":"6"}},{"type":"Feature","geometry":{"type":"Point","coordinates":[8.6830654,48.3597492]},"properties":{"maxheight":"default"}},{"type":"Feature","geometry":{"type":"Point","coordinates":[8.6392086,48.2646023]},"properties":{"maxheight":"default"}},{"type":"Feature","geometry":{"type":"Point","coordinates":[8.046042,48.7449713]},"properties":{"hgv":"destination","maxweight":"7.5"}},{"type":"Feature","geometry":{"type":"Point","coordinates":[8.0271155,48.5411614]},"properties":{"maxheight":"default"}},{"type":"Feature","geometry":{"type":"Point","coordinates":[8.458508,48.051368]},"properties":{"maxweight":"30"}},{"type":"Feature","geometry":{"type":"Point","coordinates":[8.7425465,48.8882668]},"properties":{"hgv":"no"}},{"type":"Feature","geometry":{"type":"Point","coordinates":[8.6692202,48.94709]},"properties":{"maxheight":"2.5"}},{"type":"Feature","geometry":{"type":"Point","coordinates":[8.6075607,48.6849234]},"properties":{"hgv":"forestry"}},{"type":"Feature","geometry":{"type":"Point","coordinates":[8.5661701,48.6606443]},"properties":{"maxweight":"2.8"}},{"type":"Feature","geometry":{"type":"Point","coordinates":[8.5719653,48.661054]},"properties":{"maxweight":"2.8"}},{"type":"Feature","geometry":{"type":"Point","coordinates":[8.5813038,48.6624065]},"properties":{"maxweight":"2.8"}},{"type":"Feature","geometry":{"type":"Point","coordinates":[8.571341,48.6625038]},"properties":{"maxweight":"2.8"}},{"type":"Feature","geometry":{"type":"Point","coordinates":[8.5685274,48.6614642]},"properties":{"maxweight":"2.8"}},{"type":"Feature","geometry":{"type":"Point","coordinates":[8.1611027,48.474033]},"properties":{"hgv":"destination"}},{"type":"Feature","geometry":{"type":"Point","coordinates":[8.0607328,48.6821687]},"properties":{"maxweight":"12"}},{"type":"Feature","geometry":{"type":"Point","coordinates":[8.7392095,48.6739941]},"properties":{"maxweight":"7.5"}},{"type":"Feature","geometry":{"type":"Point","coordinates":[8.504467,48.9170375]},"properties":{"hgv":"destination","maxweight":"7.5"}},{"type":"Feature","geometry":{"type":"Point","coordinates":[8.506296,48.9146696]},"properties":{"maxweight":"7.5"}},{"type":"Feature","geometry":{"type":"Point","coordinates":[8.5057649,48.9121034]},"properties":{"maxweight":"7.5"}},{"type":"Feature","geometry":{"type":"Point","coordinates":[8.7752149,48.5790075]},"properties":{"hgv":"destination","maxweightrating:hgv":"7.5"}},{"type":"Feature","geometry":{"type":"Point","coordinates":[8.7606138,48.5758354]},"properties":{"maxheight":"default"}},{"type":"Feature","geometry":{"type":"Point","coordinates":[8.73661,48.8579675]},"properties":{"maxweight":"3.5"}},{"type":"Feature","geometry":{"type":"Point","coordinates":[8.5032057,48.1030178]},"properties":{"maxwidth":"2"}},{"type":"Feature","geometry":{"type":"Point","coordinates":[8.0123396,48.522653]},"properties":{"maxweight":"7.5"}},{"type":"Feature","geometry":{"type":"Point","coordinates":[8.9316849,48.6589917]},"properties":{"maxheight":"default"}},{"type":"Feature","geometry":{"type":"Point","coordinates":[8.9558507,48.4756982]},"properties":{"maxheight":"below_default"}},{"type":"Feature","geometry":{"type":"Point","coordinates":[8.4192345,48.9438795]},"properties":{"maxweight":"2"}},{"type":"Feature","geometry":{"type":"Point","coordinates":[8.7229387,48.8964214]},"properties":{"hgv":"no"}},{"type":"Feature","geometry":{"type":"Point","coordinates":[8.3775163,48.4786812]},"properties":{"maxweight":"3"}},{"type":"Feature","geometry":{"type":"Point","coordinates":[8.3763975,48.480882]},"properties":{"maxweight":"1.5"}},{"type":"Feature","geometry":{"type":"Point","coordinates":[8.7257822,48.5386375]},"properties":{"maxweight":"12"}},{"type":"Feature","geometry":{"type":"Point","coordinates":[8.2182664,48.8470772]},"properties":{"maxweight":"6"}},{"type":"Feature","geometry":{"type":"Point","coordinates":[8.6809434,48.5925047]},"properties":{"maxweight":"6"}},{"type":"Feature","geometry":{"type":"Point","coordinates":[8.084246,48.721796]},"properties":{"hgv":"no"}},{"type":"Feature","geometry":{"type":"Point","coordinates":[8.2211797,48.7808913]},"properties":{"hgv":"no"}},{"type":"Feature","geometry":{"type":"Point","coordinates":[8.8116594,48.9426877]},"properties":{"hgv":"no"}},{"type":"Feature","geometry":{"type":"Point","coordinates":[8.8051624,48.9372411]},"properties":{"hgv":"no"}},{"type":"Feature","geometry":{"type":"Point","coordinates":[8.8095123,48.9413237]},"properties":{"hgv":"no"}},{"type":"Feature","geometry":{"type":"Point","coordinates":[8.8114615,48.9425518]},"properties":{"hgv":"no"}},{"type":"Feature","geometry":{"type":"Point","coordinates":[8.8109066,48.9424293]},"properties":{"hgv":"no"}},{"type":"Feature","geometry":{"type":"Point","coordinates":[8.8086575,48.9403555]},"properties":{"hgv":"no"}},{"type":"Feature","geometry":{"type":"Point","coordinates":[8.8109291,48.9412624]},"properties":{"maxheight":"2"}},{"type":"Feature","geometry":{"type":"Point","coordinates":[8.0550063,48.3012131]},"properties":{"maxheight":"3.6","maxlength":"12"}},{"type":"Feature","geometry":{"type":"Point","coordinates":[8.0502367,48.3067388]},"properties":{"maxheight":"3.3"}},{"type":"Feature","geometry":{"type":"Point","coordinates":[8.8693921,48.0058665]},"properties":{"hgv":"no"}},{"type":"Feature","geometry":{"type":"Point","coordinates":[8.8697673,48.0059414]},"properties":{"hgv":"no"}},{"type":"Feature","geometry":{"type":"Point","coordinates":[8.8709679,48.0061523]},"properties":{"hgv":"no"}},{"type":"Feature","geometry":{"type":"Point","coordinates":[8.870509,48.0060896]},"properties":{"hgv":"no"}},{"type":"Feature","geometry":{"type":"Point","coordinates":[8.8701387,48.0060156]},"properties":{"hgv":"no"}},{"type":"Feature","geometry":{"type":"Point","coordinates":[8.4125941,48.0362833]},"properties":{"hgv":"no"}},{"type":"Feature","geometry":{"type":"Point","coordinates":[8.4127302,48.0362651]},"properties":{"hgv":"no"}},{"type":"Feature","geometry":{"type":"Point","coordinates":[8.1364486,48.8871571]},"properties":{"maxheight":"2.2","maxweight":"3.5"}},{"type":"Feature","geometry":{"type":"Point","coordinates":[8.2724298,48.6576135]},"properties":{"maxweight":"12"}},{"type":"Feature","geometry":{"type":"Point","coordinates":[8.1878528,48.8662349]},"properties":{"maxweightrating:hgv":"7.5"}},{"type":"Feature","geometry":{"type":"Point","coordinates":[8.0732776,48.2839095]},"properties":{"maxheight":"3"}},{"type":"Feature","geometry":{"type":"Point","coordinates":[8.1057738,48.8011821]},"properties":{"maxweight":"7.5"}},{"type":"Feature","geometry":{"type":"Point","coordinates":[8.1106732,48.8072918]},"properties":{"maxweight":"12"}},{"type":"Feature","geometry":{"type":"Point","coordinates":[8.1350845,48.7360043]},"properties":{"maxweight":"16"}},{"type":"Feature","geometry":{"type":"Point","coordinates":[8.1523051,48.7713519]},"properties":{"maxweight":"6"}},{"type":"Feature","geometry":{"type":"Point","coordinates":[8.1653815,48.7670644]},"properties":{"maxheight":"none"}},{"type":"Feature","geometry":{"type":"Point","coordinates":[8.1043563,48.7618149]},"properties":{"maxweight":"6"}},{"type":"Feature","geometry":{"type":"Point","coordinates":[8.8886463,48.0247129]},"properties":{"maxwidth":"2"}},{"type":"Feature","geometry":{"type":"Point","coordinates":[8.9181052,48.5453991]},"properties":{"maxweight":"6"}},{"type":"Feature","geometry":{"type":"Point","coordinates":[8.5882529,48.854137]},"properties":{"hgv":"no"}},{"type":"Feature","geometry":{"type":"Point","coordinates":[8.2385337,48.8589292]},"properties":{"maxweight":"7.5"}},{"type":"Feature","geometry":{"type":"Point","coordinates":[8.7013575,48.8898077]},"properties":{"maxweight":"30"}},{"type":"Feature","geometry":{"type":"Point","coordinates":[8.3260927,48.9050419]},"properties":{"maxweight":"5 kg"}},{"type":"Feature","geometry":{"type":"Point","coordinates":[8.3382707,48.8970383]},"properties":{"maxweight":"0.025"}},{"type":"Feature","geometry":{"type":"Point","coordinates":[8.3225565,48.7922623]},"properties":{"hgv":"no"}},{"type":"Feature","geometry":{"type":"Point","coordinates":[8.3226386,48.7923831]},"properties":{"hgv":"no"}},{"type":"Feature","geometry":{"type":"Point","coordinates":[8.1468269,48.4885865]},"properties":{"maxweight":"30"}},{"type":"Feature","geometry":{"type":"Point","coordinates":[8.1611115,48.4704889]},"properties":{"maxweight":"3.5"}},{"type":"Feature","geometry":{"type":"Point","coordinates":[8.1820943,48.9782879]},"properties":{"maxweight":"3.5"}},{"type":"Feature","geometry":{"type":"Point","coordinates":[8.5784296,48.1203411]},"properties":{"maxheight":"default"}},{"type":"Feature","geometry":{"type":"Point","coordinates":[8.2694685,48.8653763]},"properties":{"maxweight":"30"}},{"type":"Feature","geometry":{"type":"Point","coordinates":[8.9943775,48.3852411]},"properties":{"maxheight":"default"}},{"type":"Feature","geometry":{"type":"Point","coordinates":[8.7026394,48.7048946]},"properties":{"hgv":"forestry"}},{"type":"Feature","geometry":{"type":"Point","coordinates":[8.4403667,48.44378]},"properties":{"maxheight":"default"}},{"type":"Feature","geometry":{"type":"Point","coordinates":[8.7090415,48.5900405]},"properties":{"maxweight":"2.8"}},{"type":"Feature","geometry":{"type":"Point","coordinates":[8.7576693,48.8844822]},"properties":{"maxweight":"2.8"}},{"type":"Feature","geometry":{"type":"Point","coordinates":[8.8624316,48.1831153]},"properties":{"maxweight":"3.5"}},{"type":"Feature","geometry":{"type":"Point","coordinates":[8.6469,48.1526305]},"properties":{"maxweight":"8"}},{"type":"Feature","geometry":{"type":"Point","coordinates":[8.0070316,48.6319873]},"properties":{"maxweight":"6"}},{"type":"Feature","geometry":{"type":"Point","coordinates":[8.2047163,48.9189417]},"properties":{"maxweight":"1.5"}},{"type":"Feature","geometry":{"type":"Point","coordinates":[8.1081658,48.737803]},"properties":{"maxweight":"6"}},{"type":"Feature","geometry":{"type":"Point","coordinates":[8.5751139,48.1783535]},"properties":{"maxheight":"default"}},{"type":"Feature","geometry":{"type":"Point","coordinates":[8.6038787,48.5858548]},"properties":{"maxweight":"3.5"}},{"type":"Feature","geometry":{"type":"Point","coordinates":[8.5393183,48.0154639]},"properties":{"hgv":"no"}},{"type":"Feature","geometry":{"type":"Point","coordinates":[8.5838259,48.0017187]},"properties":{"maxweight":"3"}},{"type":"Feature","geometry":{"type":"Point","coordinates":[8.5409349,48.8366899]},"properties":{"maxweight":"2.8"}},{"type":"Feature","geometry":{"type":"Point","coordinates":[8.8612574,48.5944608]},"properties":{"maxheight":"2.8"}},{"type":"Feature","geometry":{"type":"Point","coordinates":[8.6509229,48.160334]},"properties":{"maxheight":"3.5","maxheight:physical":"3.5"}},{"type":"Feature","geometry":{"type":"Point","coordinates":[8.6546624,48.1761983]},"properties":{"maxweight":"2.8"}},{"type":"Feature","geometry":{"type":"Point","coordinates":[8.060324,48.2873927]},"properties":{"maxheight":"3.3"}},{"type":"Feature","geometry":{"type":"Point","coordinates":[8.4206287,48.0421294]},"properties":{"maxweight":"7.5"}},{"type":"Feature","geometry":{"type":"Point","coordinates":[8.4184619,48.0453236]},"properties":{"maxweight":"7.5"}},{"type":"Feature","geometry":{"type":"Point","coordinates":[8.4190882,48.044792]},"properties":{"maxweight":"7.5"}},{"type":"Feature","geometry":{"type":"Point","coordinates":[8.4203671,48.0431259]},"properties":{"maxweight":"7.5"}},{"type":"Feature","geometry":{"type":"Point","coordinates":[8.4203099,48.043322]},"properties":{"maxweight":"7.5"}},{"type":"Feature","geometry":{"type":"Point","coordinates":[8.4201651,48.0437136]},"properties":{"maxweight":"7.5"}},{"type":"Feature","geometry":{"type":"Point","coordinates":[8.4210665,48.0381232]},"properties":{"maxweight":"7.5"}},{"type":"Feature","geometry":{"type":"Point","coordinates":[8.4221991,48.0411051]},"properties":{"maxweight":"7.5"}},{"type":"Feature","geometry":{"type":"Point","coordinates":[8.4234557,48.0402619]},"properties":{"maxweight":"7.5"}},{"type":"Feature","geometry":{"type":"Point","coordinates":[8.9425227,48.6623747]},"properties":{"hgv":"no"}},{"type":"Feature","geometry":{"type":"Point","coordinates":[8.0133784,48.396092]},"properties":{"maxweight":"16"}},{"type":"Feature","geometry":{"type":"Point","coordinates":[8.012084,48.3950907]},"properties":{"maxweight":"16"}},{"type":"Feature","geometry":{"type":"Point","coordinates":[8.0105726,48.393706]},"properties":{"maxweight":"16"}},{"type":"Feature","geometry":{"type":"Point","coordinates":[8.4934192,48.8430757]},"properties":{"maxweight":"3.5"}},{"type":"Feature","geometry":{"type":"Point","coordinates":[8.3121368,48.7794112]},"properties":{"hgv":"no"}},{"type":"Feature","geometry":{"type":"Point","coordinates":[8.3043538,48.7809158]},"properties":{"hgv":"no"}},{"type":"Feature","geometry":{"type":"Point","coordinates":[8.3106719,48.7798476]},"properties":{"hgv":"no"}},{"type":"Feature","geometry":{"type":"Point","coordinates":[8.2654323,48.1330103]},"properties":{"maxweight":"5"}},{"type":"Feature","geometry":{"type":"Point","coordinates":[8.3407799,48.7939029]},"properties":{"hgv":"no"}},{"type":"Feature","geometry":{"type":"Point","coordinates":[8.3045491,48.7805256]},"properties":{"maxweight":"2.5"}},{"type":"Feature","geometry":{"type":"Point","coordinates":[8.0726865,48.6912605]},"properties":{"maxweight":"16"}},{"type":"Feature","geometry":{"type":"Point","coordinates":[8.6857158,48.6495545]},"properties":{"maxweight":"3.5"}},{"type":"Feature","geometry":{"type":"Point","coordinates":[8.6901564,48.6391908]},"properties":{"maxweight":"3.5"}},{"type":"Feature","geometry":{"type":"Point","coordinates":[8.7117584,48.653916]},"properties":{"maxweight":"6"}},{"type":"Feature","geometry":{"type":"Point","coordinates":[8.5857146,48.8054695]},"properties":{"maxweight":"3.5"}},{"type":"Feature","geometry":{"type":"Point","coordinates":[8.2148525,48.8578514]},"properties":{"maxheight":"4.0"}},{"type":"Feature","geometry":{"type":"Point","coordinates":[8.203949,48.8505088]},"properties":{"maxweight":"7.5"}},{"type":"Feature","geometry":{"type":"Point","coordinates":[8.7216918,48.5535536]},"properties":{"maxheight":"2"}},{"type":"Feature","geometry":{"type":"Point","coordinates":[8.2496314,48.8555731]},"properties":{"maxweight":"3.5"}},{"type":"Feature","geometry":{"type":"Point","coordinates":[8.24755,48.8566708]},"properties":{"maxweight":"7.5"}},{"type":"Feature","geometry":{"type":"Point","coordinates":[8.8719971,48.6773586]},"properties":{"maxweight":"30"}},{"type":"Feature","geometry":{"type":"Point","coordinates":[8.5440283,48.5862731]},"properties":{"maxweight":"12"}},{"type":"Feature","geometry":{"type":"Point","coordinates":[8.7231301,48.5488795]},"properties":{"maxheight":"2.3"}},{"type":"Feature","geometry":{"type":"Point","coordinates":[8.2192995,48.839616]},"properties":{"maxweight":"5"}},{"type":"Feature","geometry":{"type":"Point","coordinates":[8.4188549,48.9427804]},"properties":{"maxweight":"2.8"}},{"type":"Feature","geometry":{"type":"Point","coordinates":[8.4185578,48.9428497]},"properties":{"maxweight":"2.8"}},{"type":"Feature","geometry":{"type":"Point","coordinates":[8.0741789,48.0909638]},"properties":{"maxweight":"12"}},{"type":"Feature","geometry":{"type":"Point","coordinates":[8.0647905,48.0941564]},"properties":{"maxweight":"12"}},{"type":"Feature","geometry":{"type":"Point","coordinates":[8.4604851,48.062711]},"properties":{"maxheight":"1.9"}},{"type":"Feature","geometry":{"type":"Point","coordinates":[8.4608028,48.0626695]},"properties":{"maxheight":"1.9"}},{"type":"Feature","geometry":{"type":"Point","coordinates":[8.4611577,48.0621361]},"properties":{"maxheight":"1.9"}},{"type":"Feature","geometry":{"type":"Point","coordinates":[8.4096291,48.1511133]},"properties":{"maxheight":"2.75"}},{"type":"Feature","geometry":{"type":"Point","coordinates":[8.6698787,48.8854983]},"properties":{"maxweight":"2.8"}},{"type":"Feature","geometry":{"type":"Point","coordinates":[8.6443235,48.0237165]},"properties":{"maxheight":"default"}},{"type":"Feature","geometry":{"type":"Point","coordinates":[8.5998353,48.0346071]},"properties":{"maxheight":"default"}},{"type":"Feature","geometry":{"type":"Point","coordinates":[8.5987908,48.0368277]},"properties":{"maxheight":"below_default"}},{"type":"Feature","geometry":{"type":"Point","coordinates":[8.557135,48.063684]},"properties":{"hgv":"no"}},{"type":"Feature","geometry":{"type":"Point","coordinates":[8.6086415,48.0182215]},"properties":{"maxheight":"below_default"}},{"type":"Feature","geometry":{"type":"Point","coordinates":[8.6727813,48.7339827]},"properties":{"maxweight":"6"}},{"type":"Feature","geometry":{"type":"Point","coordinates":[8.6729711,48.7337707]},"properties":{"maxweight":"6"}},{"type":"Feature","geometry":{"type":"Point","coordinates":[8.6623241,48.5999187]},"properties":{"maxweight":"3.5"}},{"type":"Feature","geometry":{"type":"Point","coordinates":[8.6602212,48.6124989]},"properties":{"maxweight":"7.5"}},{"type":"Feature","geometry":{"type":"Point","coordinates":[8.025002,48.0323843]},"properties":{"maxwidth":"2.3"}},{"type":"Feature","geometry":{"type":"Point","coordinates":[8.8719901,48.3016815]},"properties":{"maxheight":"default"}},{"type":"Feature","geometry":{"type":"Point","coordinates":[8.8686472,48.3100209]},"properties":{"hgv":"agricultural"}},{"type":"Feature","geometry":{"type":"Point","coordinates":[8.5917732,48.0891738]},"properties":{"maxheight":"default"}},{"type":"Feature","geometry":{"type":"Point","coordinates":[8.0411419,48.7728134]},"properties":{"maxweight":"12"}},{"type":"Feature","geometry":{"type":"Point","coordinates":[8.7360275,48.6225737]},"properties":{"maxweight":"7.5"}},{"type":"Feature","geometry":{"type":"Point","coordinates":[8.7358129,48.6224939]},"properties":{"maxweight":"7.5"}},{"type":"Feature","geometry":{"type":"Point","coordinates":[8.7366937,48.6219059]},"properties":{"maxweight":"7.5"}},{"type":"Feature","geometry":{"type":"Point","coordinates":[8.8090605,48.6412546]},"properties":{"maxweight":"3.5"}},{"type":"Feature","geometry":{"type":"Point","coordinates":[8.5067855,48.0371791]},"properties":{"maxweight":"3.5"}},{"type":"Feature","geometry":{"type":"Point","coordinates":[8.733102,48.8512981]},"properties":{"maxweight":"3"}},{"type":"Feature","geometry":{"type":"Point","coordinates":[8.7303861,48.847116]},"properties":{"maxweight":"3"}},{"type":"Feature","geometry":{"type":"Point","coordinates":[8.7060254,48.829607]},"properties":{"maxwidth":"2","maxweight":"3.5"}},{"type":"Feature","geometry":{"type":"Point","coordinates":[8.7035612,48.8283959]},"properties":{"hgv":"forestry"}},{"type":"Feature","geometry":{"type":"Point","coordinates":[8.8501942,48.8983355]},"properties":{"maxweight":"8"}},{"type":"Feature","geometry":{"type":"Point","coordinates":[8.098843,48.0686104]},"properties":{"maxweight":"12"}},{"type":"Feature","geometry":{"type":"Point","coordinates":[8.5838118,48.8992404]},"properties":{"maxweight":"40"}},{"type":"Feature","geometry":{"type":"Point","coordinates":[8.2132315,48.853915]},"properties":{"maxheight":"2.1"}},{"type":"Feature","geometry":{"type":"Point","coordinates":[8.712559,48.4365337]},"properties":{"maxheight":"default"}},{"type":"Feature","geometry":{"type":"Point","coordinates":[8.818717,48.0065859]},"properties":{"maxweight":"7.5"}},{"type":"Feature","geometry":{"type":"Point","coordinates":[8.2071914,48.7847059]},"properties":{"goods":"destination"}},{"type":"Feature","geometry":{"type":"Point","coordinates":[8.2097782,48.7853526]},"properties":{"goods":"destination"}},{"type":"Feature","geometry":{"type":"Point","coordinates":[8.5441444,48.0499297]},"properties":{"maxheight":"4"}},{"type":"Feature","geometry":{"type":"Point","coordinates":[8.9633066,48.6570634]},"properties":{"maxweight":"12"}},{"type":"Feature","geometry":{"type":"Point","coordinates":[8.6728473,48.9079769]},"properties":{"maxheight":"default"}},{"type":"Feature","geometry":{"type":"Point","coordinates":[8.6845105,48.8060617]},"properties":{"maxweight":"16"}},{"type":"Feature","geometry":{"type":"Point","coordinates":[8.7210409,48.6553386]},"properties":{"maxweight":"6"}},{"type":"Feature","geometry":{"type":"Point","coordinates":[8.4120294,48.0048455]},"properties":{"maxheight":"3.9"}},{"type":"Feature","geometry":{"type":"Point","coordinates":[8.6814609,48.1186095]},"properties":{"maxweight":"12"}},{"type":"Feature","geometry":{"type":"Point","coordinates":[8.5737053,48.8243135]},"properties":{"maxweight":"3.5"}},{"type":"Feature","geometry":{"type":"Point","coordinates":[8.8424572,48.7117586]},"properties":{"maxweight":"6"}},{"type":"Feature","geometry":{"type":"Point","coordinates":[8.8411208,48.7002456]},"properties":{"maxweight":"6"}},{"type":"Feature","geometry":{"type":"Point","coordinates":[8.5313045,48.7497009]},"properties":{"maxheight":"below_default"}},{"type":"Feature","geometry":{"type":"Point","coordinates":[8.9896616,48.7134226]},"properties":{"maxheight":"2"}},{"type":"Feature","geometry":{"type":"Point","coordinates":[8.1995,48.7828228]},"properties":{"maxheight":"none"}},{"type":"Feature","geometry":{"type":"Point","coordinates":[8.4404982,48.4195821]},"properties":{"maxweight":"6"}},{"type":"Feature","geometry":{"type":"Point","coordinates":[8.672402,48.1263376]},"properties":{"maxweight":"12"}},{"type":"Feature","geometry":{"type":"Point","coordinates":[8.6730561,48.1261439]},"properties":{"maxweight":"12"}},{"type":"Feature","geometry":{"type":"Point","coordinates":[8.0449502,48.6299936]},"properties":{"maxweightrating:hgv":"7.5"}},{"type":"Feature","geometry":{"type":"Point","coordinates":[8.0480007,48.6259476]},"properties":{"maxweightrating:hgv":"7.5"}},{"type":"Feature","geometry":{"type":"Point","coordinates":[8.1097624,48.8485379]},"properties":{"maxweightrating":"7.5"}},{"type":"Feature","geometry":{"type":"Point","coordinates":[8.3547565,48.8184393]},"properties":{"maxweight":"6"}},{"type":"Feature","geometry":{"type":"Point","coordinates":[8.363465,48.8165903]},"properties":{"maxweight":"12"}},{"type":"Feature","geometry":{"type":"Point","coordinates":[8.1149612,48.8474653]},"properties":{"hgv":"no","maxweight":"7.5"}},{"type":"Feature","geometry":{"type":"Point","coordinates":[8.9567268,48.6584677]},"properties":{"maxweight":"5.5 t"}},{"type":"Feature","geometry":{"type":"Point","coordinates":[8.1088625,48.7887517]},"properties":{"maxheight":"2.5"}},{"type":"Feature","geometry":{"type":"Point","coordinates":[8.7164981,48.9171619]},"properties":{"maxweight":"2.8"}},{"type":"Feature","geometry":{"type":"Point","coordinates":[8.8668977,48.6807725]},"properties":{"maxweight":"12"}},{"type":"Feature","geometry":{"type":"Point","coordinates":[8.1114541,48.8481979]},"properties":{"hgv":"no","maxweightrating":"7.5"}},{"type":"Feature","geometry":{"type":"Point","coordinates":[8.681068,48.1202068]},"properties":{"maxweight":"12"}},{"type":"Feature","geometry":{"type":"Point","coordinates":[8.342773,48.2903666]},"properties":{"hgv":"destination","maxweight":"7.5"}},{"type":"Feature","geometry":{"type":"Point","coordinates":[8.3407965,48.2902754]},"properties":{"hgv":"destination","maxweight":"7.5"}},{"type":"Feature","geometry":{"type":"Point","coordinates":[8.2879651,48.1499562]},"properties":{"maxweight":"6"}},{"type":"Feature","geometry":{"type":"Point","coordinates":[8.3340272,48.8772973]},"properties":{"maxwidth":"2.4"}},{"type":"Feature","geometry":{"type":"Point","coordinates":[8.6243294,48.3873918]},"properties":{"maxweight":"16"}},{"type":"Feature","geometry":{"type":"Point","coordinates":[8.3603306,48.9237802]},"properties":{"hgv":"no"}},{"type":"Feature","geometry":{"type":"Point","coordinates":[8.3606692,48.9235043]},"properties":{"hgv":"no"}},{"type":"Feature","geometry":{"type":"Point","coordinates":[8.3595255,48.9248008]},"properties":{"hgv":"no"}},{"type":"Feature","geometry":{"type":"Point","coordinates":[8.3585455,48.9234785]},"properties":{"hgv":"no"}},{"type":"Feature","geometry":{"type":"Point","coordinates":[8.3593109,48.9244602]},"properties":{"hgv":"no"}},{"type":"Feature","geometry":{"type":"Point","coordinates":[8.3587895,48.9238215]},"properties":{"hgv":"no"}},{"type":"Feature","geometry":{"type":"Point","coordinates":[8.3585455,48.9234785]},"properties":{"hgv":"no"}},{"type":"Feature","geometry":{"type":"Point","coordinates":[8.3589054,48.9230005]},"properties":{"hgv":"no"}},{"type":"Feature","geometry":{"type":"Point","coordinates":[8.3596466,48.9233221]},"properties":{"hgv":"no"}},{"type":"Feature","geometry":{"type":"Point","coordinates":[8.3599331,48.9236576]},"properties":{"hgv":"no"}},{"type":"Feature","geometry":{"type":"Point","coordinates":[8.3615496,48.9233973]},"properties":{"hgv":"no"}},{"type":"Feature","geometry":{"type":"Point","coordinates":[8.6208762,48.9622535]},"properties":{"hgv":"no"}},{"type":"Feature","geometry":{"type":"Point","coordinates":[8.6208337,48.9622248]},"properties":{"hgv":"no"}},{"type":"Feature","geometry":{"type":"Point","coordinates":[8.1990295,48.8127086]},"properties":{"maxweight":"2.8"}},{"type":"Feature","geometry":{"type":"Point","coordinates":[8.7134545,48.0970897]},"properties":{"maxweight":"3"}},{"type":"Feature","geometry":{"type":"Point","coordinates":[8.7134377,48.0972747]},"properties":{"maxweight":"3"}},{"type":"Feature","geometry":{"type":"Point","coordinates":[8.1671931,48.7377376]},"properties":{"hgv":"destination"}},{"type":"Feature","geometry":{"type":"Point","coordinates":[8.6672969,48.1296748]},"properties":{"maxweight":"12"}},{"type":"Feature","geometry":{"type":"Point","coordinates":[8.2476975,48.8565932]},"properties":{"maxweight":"7.5"}},{"type":"Feature","geometry":{"type":"Point","coordinates":[8.2467503,48.8566515]},"properties":{"maxweight":"7.5"}},{"type":"Feature","geometry":{"type":"Point","coordinates":[8.2489755,48.8606943]},"properties":{"maxweight":"7.5"}},{"type":"Feature","geometry":{"type":"Point","coordinates":[8.2489783,48.8610154]},"properties":{"maxweight":"7.5"}},{"type":"Feature","geometry":{"type":"Point","coordinates":[8.2493176,48.8612113]},"properties":{"maxweight":"7.5"}},{"type":"Feature","geometry":{"type":"Point","coordinates":[8.2489425,48.8612716]},"properties":{"maxweight":"7.5"}},{"type":"Feature","geometry":{"type":"Point","coordinates":[8.6813171,48.1199764]},"properties":{"maxweight":"12"}},{"type":"Feature","geometry":{"type":"Point","coordinates":[8.6566853,48.134647]},"properties":{"maxweight":"16"}},{"type":"Feature","geometry":{"type":"Point","coordinates":[8.6536629,48.1364651]},"properties":{"maxweight":"12"}},{"type":"Feature","geometry":{"type":"Point","coordinates":[8.3418491,48.7809031]},"properties":{"maxweight":"30"}},{"type":"Feature","geometry":{"type":"Point","coordinates":[8.5516324,48.0448095]},"properties":{"maxheight":"5.5"}},{"type":"Feature","geometry":{"type":"Point","coordinates":[8.2509749,48.7653494]},"properties":{"maxweightrating:hgv":"16"}},{"type":"Feature","geometry":{"type":"Point","coordinates":[8.2452978,48.7554989]},"properties":{"maxweight":"16"}},{"type":"Feature","geometry":{"type":"Point","coordinates":[8.6619946,48.1325142]},"properties":{"maxweight":"12"}},{"type":"Feature","geometry":{"type":"Point","coordinates":[8.2477779,48.8565615]},"properties":{"maxweight":"7.5"}},{"type":"Feature","geometry":{"type":"Point","coordinates":[8.2161572,48.8112204]},"properties":{"hgv":"no"}},{"type":"Feature","geometry":{"type":"Point","coordinates":[8.6584082,48.8989158]},"properties":{"maxweight":"2.8"}},{"type":"Feature","geometry":{"type":"Point","coordinates":[8.032946,48.3495291]},"properties":{"maxheight":"3.2"}},{"type":"Feature","geometry":{"type":"Point","coordinates":[8.342835,48.7821594]},"properties":{"maxweight":"30"}},{"type":"Feature","geometry":{"type":"Point","coordinates":[8.3374588,48.7778021]},"properties":{"maxweight":"3"}},{"type":"Feature","geometry":{"type":"Point","coordinates":[8.6495761,48.7125279]},"properties":{"maxweight":"6"}},{"type":"Feature","geometry":{"type":"Point","coordinates":[8.6799165,48.7021147]},"properties":{"maxweight":"6"}},{"type":"Feature","geometry":{"type":"Point","coordinates":[8.6826211,48.7015433]},"properties":{"maxweight":"6"}},{"type":"Feature","geometry":{"type":"Point","coordinates":[8.6632377,48.7429385]},"properties":{"maxweight":"7.5"}},{"type":"Feature","geometry":{"type":"Point","coordinates":[8.2064918,48.861767]},"properties":{"maxheight":"3.3"}},{"type":"Feature","geometry":{"type":"Point","coordinates":[8.6598111,48.6687843]},"properties":{"maxweight":"6"}},{"type":"Feature","geometry":{"type":"Point","coordinates":[8.9371461,48.6992371]},"properties":{"maxheight":"default"}},{"type":"Feature","geometry":{"type":"Point","coordinates":[8.9661934,48.7001078]},"properties":{"maxheight":"default"}},{"type":"Feature","geometry":{"type":"Point","coordinates":[8.967661,48.6999993]},"properties":{"maxheight":"default"}},{"type":"Feature","geometry":{"type":"Point","coordinates":[8.9495518,48.7297791]},"properties":{"maxheight":"default"}},{"type":"Feature","geometry":{"type":"Point","coordinates":[8.3283446,48.068067]},"properties":{"maxweight":"7.5"}},{"type":"Feature","geometry":{"type":"Point","coordinates":[8.9790911,48.5266387]},"properties":{"maxheight":"4"}},{"type":"Feature","geometry":{"type":"Point","coordinates":[8.9092771,48.7750221]},"properties":{"maxweightrating:hgv":"7.5"}},{"type":"Feature","geometry":{"type":"Point","coordinates":[8.5991032,48.1098578]},"properties":{"maxweight":"12"}},{"type":"Feature","geometry":{"type":"Point","coordinates":[8.3439738,48.7635999]},"properties":{"hgv":"destination"}},{"type":"Feature","geometry":{"type":"Point","coordinates":[8.9383004,48.9698036]},"properties":{"hgv":"agricultural;forestry","goods":"agricultural;forestry"}},{"type":"Feature","geometry":{"type":"Point","coordinates":[8.3186326,48.5795794]},"properties":{"maxweight":"20"}},{"type":"Feature","geometry":{"type":"Point","coordinates":[8.2156096,48.8611278]},"properties":{"hgv":"no"}},{"type":"Feature","geometry":{"type":"Point","coordinates":[8.2069447,48.8553605]},"properties":{"maxheight":"2"}},{"type":"Feature","geometry":{"type":"Point","coordinates":[8.2187422,48.8646521]},"properties":{"maxheight":"2.9","maxweight":"9"}},{"type":"Feature","geometry":{"type":"Point","coordinates":[8.9223478,48.95279]},"properties":{"hgv":"delivery"}},{"type":"Feature","geometry":{"type":"Point","coordinates":[8.9197129,48.9538429]},"properties":{"hgv":"no"}},{"type":"Feature","geometry":{"type":"Point","coordinates":[8.202635,48.8479773]},"properties":{"maxweight":"7.5"}},{"type":"Feature","geometry":{"type":"Point","coordinates":[8.5615264,48.4604201]},"properties":{"maxweight":"6"}},{"type":"Feature","geometry":{"type":"Point","coordinates":[8.5414064,48.046042]},"properties":{"maxheight":"3"}},{"type":"Feature","geometry":{"type":"Point","coordinates":[8.9867828,48.7216127]},"properties":{"maxweight":"18"}},{"type":"Feature","geometry":{"type":"Point","coordinates":[8.2945141,48.738409]},"properties":{"maxweightrating:hgv":"7.5"}},{"type":"Feature","geometry":{"type":"Point","coordinates":[8.2093885,48.7800183]},"properties":{"maxheight":"none"}},{"type":"Feature","geometry":{"type":"Point","coordinates":[8.3753301,48.9935154]},"properties":{"hgv":"destination","maxheight":"default"}},{"type":"Feature","geometry":{"type":"Point","coordinates":[8.9108467,48.2206841]},"properties":{"maxweight":"3.5"}},{"type":"Feature","geometry":{"type":"Point","coordinates":[8.7355624,48.1128281]},"properties":{"maxweight":"12"}},{"type":"Feature","geometry":{"type":"Point","coordinates":[8.0082256,48.6868498]},"properties":{"maxweight":"2"}},{"type":"Feature","geometry":{"type":"Point","coordinates":[8.5792465,48.2840641]},"properties":{"maxwidth":"2.5","maxlength":"7.5","maxweight":"12 t"}},{"type":"Feature","geometry":{"type":"Point","coordinates":[8.9491235,48.9627384]},"properties":{"hgv":"destination"}},{"type":"Feature","geometry":{"type":"Point","coordinates":[8.4750308,48.9152684]},"properties":{"maxweight":"7.5"}},{"type":"Feature","geometry":{"type":"Point","coordinates":[8.7155153,48.600146]},"properties":{"hgv":"agricultural;forestry"}},{"type":"Feature","geometry":{"type":"Point","coordinates":[8.2465113,48.8599942]},"properties":{"maxweight":"12"}},{"type":"Feature","geometry":{"type":"Point","coordinates":[8.7441218,48.0689849]},"properties":{"hgv":"destination"}},{"type":"Feature","geometry":{"type":"Point","coordinates":[8.7400374,48.0695104]},"properties":{"hgv":"destination"}},{"type":"Feature","geometry":{"type":"Point","coordinates":[8.8477508,48.2770003]},"properties":{"maxweight":"1.5"}},{"type":"Feature","geometry":{"type":"Point","coordinates":[8.8505767,48.2761795]},"properties":{"hgv":"no"}},{"type":"Feature","geometry":{"type":"Point","coordinates":[8.8528304,48.2798732]},"properties":{"hgv":"no"}},{"type":"Feature","geometry":{"type":"Point","coordinates":[8.6123861,48.0291603]},"properties":{"hgv":"destination"}},{"type":"Feature","geometry":{"type":"Point","coordinates":[8.900383,48.8933995]},"properties":{"maxweight":"8"}},{"type":"Feature","geometry":{"type":"Point","coordinates":[8.5351873,48.5328071]},"properties":{"maxweight":"2"}},{"type":"Feature","geometry":{"type":"Point","coordinates":[8.5207588,48.1746829]},"properties":{"maxweight":"3.5"}},{"type":"Feature","geometry":{"type":"Point","coordinates":[8.5407558,48.180898]},"properties":{"maxweight":"1.5 t"}},{"type":"Feature","geometry":{"type":"Point","coordinates":[8.8990357,48.3175875]},"properties":{"maxheight":"default"}},{"type":"Feature","geometry":{"type":"Point","coordinates":[8.355296,48.9155059]},"properties":{"maxweight":"12"}},{"type":"Feature","geometry":{"type":"Point","coordinates":[8.8389772,48.9504572]},"properties":{"goods":"destination"}},{"type":"Feature","geometry":{"type":"Point","coordinates":[8.4713499,48.0598035]},"properties":{"maxheight":"default"}},{"type":"Feature","geometry":{"type":"Point","coordinates":[8.4662467,48.054394]},"properties":{"maxweight":"30"}},{"type":"Feature","geometry":{"type":"Point","coordinates":[8.0416807,48.1502976]},"properties":{"maxweight":"6"}},{"type":"Feature","geometry":{"type":"Point","coordinates":[8.4147774,48.0313498]},"properties":{"maxweight":"7.5"}},{"type":"Feature","geometry":{"type":"Point","coordinates":[8.4189781,48.0333198]},"properties":{"maxweight":"7.5"}},{"type":"Feature","geometry":{"type":"Point","coordinates":[8.5067061,48.4830754]},"properties":{"hgv":"no"}},{"type":"Feature","geometry":{"type":"Point","coordinates":[8.215888,48.848228]},"properties":{"maxheight":"none"}},{"type":"Feature","geometry":{"type":"Point","coordinates":[8.5355884,48.5857739]},"properties":{"maxweight":"3.5"}},{"type":"Feature","geometry":{"type":"Point","coordinates":[8.8301595,48.0020037]},"properties":{"maxweight":"40"}},{"type":"Feature","geometry":{"type":"Point","coordinates":[8.1384256,48.7570729]},"properties":{"maxweight":"6"}},{"type":"Feature","geometry":{"type":"Point","coordinates":[8.9992695,48.8032791]},"properties":{"maxweight":"4.5"}},{"type":"Feature","geometry":{"type":"Point","coordinates":[8.7038624,48.3710989]},"properties":{"hgv":"no"}},{"type":"Feature","geometry":{"type":"Point","coordinates":[8.4417534,48.0698348]},"properties":{"hgv":"no"}},{"type":"Feature","geometry":{"type":"Point","coordinates":[8.8703844,48.1967319]},"properties":{"maxweight":"3.5"}},{"type":"Feature","geometry":{"type":"Point","coordinates":[8.4387341,48.072321]},"properties":{"hgv":"no"}},{"type":"Feature","geometry":{"type":"Point","coordinates":[8.4359379,48.0745189]},"properties":{"hgv":"no"}},{"type":"Feature","geometry":{"type":"Point","coordinates":[8.9477861,48.7663816]},"properties":{"maxheight":"default"}},{"type":"Feature","geometry":{"type":"Point","coordinates":[8.4644388,48.9102983]},"properties":{"maxweight":"7.5"}},{"type":"Feature","geometry":{"type":"Point","coordinates":[8.4483494,48.0666677]},"properties":{"maxheight":"default"}},{"type":"Feature","geometry":{"type":"Point","coordinates":[8.0654771,48.7196179]},"properties":{"hgv":"no"}},{"type":"Feature","geometry":{"type":"Point","coordinates":[8.2073356,48.0525144]},"properties":{"maxheight":"4"}},{"type":"Feature","geometry":{"type":"Point","coordinates":[8.9696962,48.6832443]},"properties":{"maxheight":"default"}},{"type":"Feature","geometry":{"type":"Point","coordinates":[8.0027538,48.6396952]},"properties":{"maxweight":"6"}},{"type":"Feature","geometry":{"type":"Point","coordinates":[8.0193168,48.6735083]},"properties":{"hgv":"no"}},{"type":"Feature","geometry":{"type":"Point","coordinates":[8.7403642,48.3194736]},"properties":{"maxweight":"3.5"}},{"type":"Feature","geometry":{"type":"Point","coordinates":[8.7652099,48.3005701]},"properties":{"maxweight":"6"}},{"type":"Feature","geometry":{"type":"Point","coordinates":[8.6876567,48.3822268]},"properties":{"hgv":"destination"}},{"type":"Feature","geometry":{"type":"Point","coordinates":[8.7103872,48.3702217]},"properties":{"hgv":"yes","goods":"yes"}},{"type":"Feature","geometry":{"type":"Point","coordinates":[8.4157204,48.0315119]},"properties":{"maxweight":"7.5"}},{"type":"Feature","geometry":{"type":"Point","coordinates":[8.4203156,48.0366191]},"properties":{"maxweight":"7.5"}},{"type":"Feature","geometry":{"type":"Point","coordinates":[8.4178291,48.0326495]},"properties":{"maxweight":"7.5"}},{"type":"Feature","geometry":{"type":"Point","coordinates":[8.1959337,48.7834379]},"properties":{"maxheight":"none"}},{"type":"Feature","geometry":{"type":"Point","coordinates":[8.3765833,48.9934582]},"properties":{"maxheight":"4.5"}},{"type":"Feature","geometry":{"type":"Point","coordinates":[8.3797339,48.9923794]},"properties":{"maxheight":"default"}},{"type":"Feature","geometry":{"type":"Point","coordinates":[8.4748407,48.3824367]},"properties":{"hgv":"destination"}},{"type":"Feature","geometry":{"type":"Point","coordinates":[8.466941,48.3678366]},"properties":{"maxweight":"6"}},{"type":"Feature","geometry":{"type":"Point","coordinates":[8.4793679,48.3808841]},"properties":{"maxweight":"12"}},{"type":"Feature","geometry":{"type":"Point","coordinates":[8.989171,48.76382]},"properties":{"hgv":"no"}},{"type":"Feature","geometry":{"type":"Point","coordinates":[8.4223414,48.2135675]},"properties":{"maxweight":"3.5"}},{"type":"Feature","geometry":{"type":"Point","coordinates":[8.9832363,48.788455]},"properties":{"hgv":"delivery"}},{"type":"Feature","geometry":{"type":"Point","coordinates":[8.1896811,48.7199843]},"properties":{"maxweight":"16"}},{"type":"Feature","geometry":{"type":"Point","coordinates":[8.0388843,48.6601596]},"properties":{"hgv":"no"}},{"type":"Feature","geometry":{"type":"Point","coordinates":[8.8689406,48.8284643]},"properties":{"maxheight":"default"}},{"type":"Feature","geometry":{"type":"Point","coordinates":[8.930486,48.7592805]},"properties":{"maxheight":"default"}},{"type":"Feature","geometry":{"type":"Point","coordinates":[8.9062204,48.7811334]},"properties":{"hgv":"destination"}},{"type":"Feature","geometry":{"type":"Point","coordinates":[8.8496409,48.8369146]},"properties":{"maxheight":"none"}},{"type":"Feature","geometry":{"type":"Point","coordinates":[8.1088038,48.7253273]},"properties":{"hgv":"delivery","maxheight":"3.5"}},{"type":"Feature","geometry":{"type":"Point","coordinates":[8.1107169,48.7246368]},"properties":{"hgv":"delivery","maxheight":"3.5"}},{"type":"Feature","geometry":{"type":"Point","coordinates":[8.1034014,48.8051234]},"properties":{"maxweight":"7.5"}},{"type":"Feature","geometry":{"type":"Point","coordinates":[8.1012359,48.8063532]},"properties":{"maxweight":"7.5"}},{"type":"Feature","geometry":{"type":"Point","coordinates":[8.188005,48.921697]},"properties":{"maxweight":"1.5"}},{"type":"Feature","geometry":{"type":"Point","coordinates":[8.2000494,48.914597]},"properties":{"maxweight":"1.5"}},{"type":"Feature","geometry":{"type":"Point","coordinates":[8.3806615,48.9877985]},"properties":{"hgv":"destination"}},{"type":"Feature","geometry":{"type":"Point","coordinates":[8.376741,48.9844315]},"properties":{"hgv":"destination"}},{"type":"Feature","geometry":{"type":"Point","coordinates":[8.3767965,48.9846433]},"properties":{"hgv":"destination"}},{"type":"Feature","geometry":{"type":"Point","coordinates":[8.3409377,48.2281138]},"properties":{"maxlength":"10"}},{"type":"Feature","geometry":{"type":"Point","coordinates":[8.7336051,48.7024448]},"properties":{"maxheight":"default"}},{"type":"Feature","geometry":{"type":"Point","coordinates":[8.9169682,48.6363923]},"properties":{"maxheight":"default"}},{"type":"Feature","geometry":{"type":"Point","coordinates":[8.619823,48.9627474]},"properties":{"hgv":"destination"}},{"type":"Feature","geometry":{"type":"Point","coordinates":[8.0782288,48.5326925]},"properties":{"hgv":"delivery"}},{"type":"Feature","geometry":{"type":"Point","coordinates":[8.0781586,48.5328586]},"properties":{"hgv":"delivery"}},{"type":"Feature","geometry":{"type":"Point","coordinates":[8.1381579,48.010273]},"properties":{"hgv":"no","maxweight":"3"}},{"type":"Feature","geometry":{"type":"Point","coordinates":[8.1395823,48.0069054]},"properties":{"maxweight":"16"}},{"type":"Feature","geometry":{"type":"Point","coordinates":[8.1399532,48.0076122]},"properties":{"maxweight":"16"}},{"type":"Feature","geometry":{"type":"Point","coordinates":[8.681528,48.0444279]},"properties":{"hgv":"no"}},{"type":"Feature","geometry":{"type":"Point","coordinates":[8.0357275,48.0206725]},"properties":{"maxweight":"12"}},{"type":"Feature","geometry":{"type":"Point","coordinates":[8.4108595,48.0707586]},"properties":{"hgv":"no"}},{"type":"Feature","geometry":{"type":"Point","coordinates":[8.3867559,48.9414535]},"properties":{"maxheight":"default"}},{"type":"Feature","geometry":{"type":"Point","coordinates":[8.0942121,48.6406367]},"properties":{"hgv":"destination"}},{"type":"Feature","geometry":{"type":"Point","coordinates":[8.6250831,48.1293644]},"properties":{"hgv":"no"}},{"type":"Feature","geometry":{"type":"Point","coordinates":[8.00569,48.5913792]},"properties":{"maxheight":"3.3"}},{"type":"Feature","geometry":{"type":"Point","coordinates":[8.0074905,48.0285253]},"properties":{"maxweight":"12"}},{"type":"Feature","geometry":{"type":"Point","coordinates":[8.3714761,48.9979192]},"properties":{"maxheight":"default"}},{"type":"Feature","geometry":{"type":"Point","coordinates":[8.4006836,48.5245901]},"properties":{"maxweight":"1.5"}},{"type":"Feature","geometry":{"type":"Point","coordinates":[8.2539722,48.1418554]},"properties":{"maxweight":"3.5"}},{"type":"Feature","geometry":{"type":"Point","coordinates":[8.240854,48.1387333]},"properties":{"maxweight":"3.5"}},{"type":"Feature","geometry":{"type":"Point","coordinates":[8.0805524,48.0896198]},"properties":{"maxweight":"12"}},{"type":"Feature","geometry":{"type":"Point","coordinates":[8.1825457,48.777547]},"properties":{"maxheight":"none"}},{"type":"Feature","geometry":{"type":"Point","coordinates":[8.8717227,48.6175164]},"properties":{"maxheight":"default"}},{"type":"Feature","geometry":{"type":"Point","coordinates":[8.864251,48.585835]},"properties":{"maxheight":"default"}},{"type":"Feature","geometry":{"type":"Point","coordinates":[8.0114976,48.5863096]},"properties":{"maxweight":"7.5"}},{"type":"Feature","geometry":{"type":"Point","coordinates":[8.008447,48.5852496]},"properties":{"maxweight":"7.5"}},{"type":"Feature","geometry":{"type":"Point","coordinates":[8.0102351,48.5858901]},"properties":{"maxweight":"7.5"}},{"type":"Feature","geometry":{"type":"Point","coordinates":[8.5404286,48.7212371]},"properties":{"maxweight":"16"}},{"type":"Feature","geometry":{"type":"Point","coordinates":[8.9294799,48.8468063]},"properties":{"hgv":"no"}},{"type":"Feature","geometry":{"type":"Point","coordinates":[8.867032,48.7567857]},"properties":{"maxheight":"below_default"}},{"type":"Feature","geometry":{"type":"Point","coordinates":[8.2741716,48.8767249]},"properties":{"maxheight":"3.2"}},{"type":"Feature","geometry":{"type":"Point","coordinates":[8.0056836,48.5855838]},"properties":{"hgv":"delivery"}},{"type":"Feature","geometry":{"type":"Point","coordinates":[8.0049573,48.5850496]},"properties":{"hgv":"delivery"}},{"type":"Feature","geometry":{"type":"Point","coordinates":[8.66099,48.3346383]},"properties":{"hgv":"destination","maxlength":"10"}},{"type":"Feature","geometry":{"type":"Point","coordinates":[8.1821497,48.9767778]},"properties":{"hgv":"no"}},{"type":"Feature","geometry":{"type":"Point","coordinates":[8.182179,48.9769956]},"properties":{"hgv":"no"}},{"type":"Feature","geometry":{"type":"Point","coordinates":[8.719073,48.3871215]},"properties":{"hgv":"delivery;destination"}},{"type":"Feature","geometry":{"type":"Point","coordinates":[8.2370175,48.2968927]},"properties":{"hgv":"destination"}},{"type":"Feature","geometry":{"type":"Point","coordinates":[8.2246419,48.2998801]},"properties":{"hgv":"destination"}},{"type":"Feature","geometry":{"type":"Point","coordinates":[8.2364858,48.2974234]},"properties":{"hgv":"destination"}},{"type":"Feature","geometry":{"type":"Point","coordinates":[8.1905045,48.0135313]},"properties":{"maxwidth":"1.60"}},{"type":"Feature","geometry":{"type":"Point","coordinates":[8.1819445,48.0170457]},"properties":{"maxweight":"16"}},{"type":"Feature","geometry":{"type":"Point","coordinates":[8.1722411,48.0396987]},"properties":{"maxweightrating:hgv":"12"}},{"type":"Feature","geometry":{"type":"Point","coordinates":[8.0357686,48.694913]},"properties":{"maxweight":"12"}},{"type":"Feature","geometry":{"type":"Point","coordinates":[8.7999983,48.7506662]},"properties":{"maxweight":"7.5"}},{"type":"Feature","geometry":{"type":"Point","coordinates":[8.8014329,48.7723351]},"properties":{"maxweight":"7.5"}},{"type":"Feature","geometry":{"type":"Point","coordinates":[8.7392914,48.7187063]},"properties":{"maxheight":"3.7"}},{"type":"Feature","geometry":{"type":"Point","coordinates":[8.7403497,48.7178362]},"properties":{"maxheight":"3.2"}},{"type":"Feature","geometry":{"type":"Point","coordinates":[8.8607738,48.5956696]},"properties":{"maxheight":"2.1"}},{"type":"Feature","geometry":{"type":"Point","coordinates":[8.4830371,48.4147806]},"properties":{"hgv":"delivery"}},{"type":"Feature","geometry":{"type":"Point","coordinates":[8.1713364,48.6981952]},"properties":{"maxweight":"3"}},{"type":"Feature","geometry":{"type":"Point","coordinates":[8.1742496,48.6956327]},"properties":{"maxweight":"9"}},{"type":"Feature","geometry":{"type":"Point","coordinates":[8.5288587,48.0315716]},"properties":{"hgv":"no","maxheight":"2.6"}},{"type":"Feature","geometry":{"type":"Point","coordinates":[8.526381,48.0301883]},"properties":{"hgv":"no"}},{"type":"Feature","geometry":{"type":"Point","coordinates":[8.5347716,48.0397426]},"properties":{"maxheight":"default"}},{"type":"Feature","geometry":{"type":"Point","coordinates":[8.5379705,48.0453989]},"properties":{"maxheight":"default"}},{"type":"Feature","geometry":{"type":"Point","coordinates":[8.5411578,48.0460462]},"properties":{"maxheight":"3"}},{"type":"Feature","geometry":{"type":"Point","coordinates":[8.7730278,48.6589667]},"properties":{"maxweight":"3.5"}},{"type":"Feature","geometry":{"type":"Point","coordinates":[8.0937018,48.6389799]},"properties":{"hgv":"destination"}},{"type":"Feature","geometry":{"type":"Point","coordinates":[8.2510627,48.7904699]},"properties":{"maxweight":"3.5"}},{"type":"Feature","geometry":{"type":"Point","coordinates":[8.2507908,48.7896895]},"properties":{"maxweight":"3.5"}},{"type":"Feature","geometry":{"type":"Point","coordinates":[8.215226,48.2338975]},"properties":{"maxwidth":"4"}},{"type":"Feature","geometry":{"type":"Point","coordinates":[8.2168622,48.2312284]},"properties":{"maxwidth":"4"}},{"type":"Feature","geometry":{"type":"Point","coordinates":[8.5384203,48.0333711]},"properties":{"maxweight":"5"}},{"type":"Feature","geometry":{"type":"Point","coordinates":[8.5192776,48.3872437]},"properties":{"hgv":"no","maxweight":"16"}},{"type":"Feature","geometry":{"type":"Point","coordinates":[8.6709893,48.483544]},"properties":{"maxweight":"3.5"}},{"type":"Feature","geometry":{"type":"Point","coordinates":[8.2851557,48.8715904]},"properties":{"maxweight":"7.5"}},{"type":"Feature","geometry":{"type":"Point","coordinates":[8.2223962,48.2250443]},"properties":{"maxwidth":"4"}},{"type":"Feature","geometry":{"type":"Point","coordinates":[8.7775384,48.4433824]},"properties":{"maxweight":"30"}},{"type":"Feature","geometry":{"type":"Point","coordinates":[8.4893513,48.432789]},"properties":{"maxweight":"6"}},{"type":"Feature","geometry":{"type":"Point","coordinates":[8.217414,48.796228]},"properties":{"maxweight":"2.8"}},{"type":"Feature","geometry":{"type":"Point","coordinates":[8.2092417,48.8000381]},"properties":{"hgv":"destination"}},{"type":"Feature","geometry":{"type":"Point","coordinates":[8.2124997,48.8009846]},"properties":{"hgv":"destination"}},{"type":"Feature","geometry":{"type":"Point","coordinates":[8.2185566,48.7976371]},"properties":{"maxweight":"2.8"}},{"type":"Feature","geometry":{"type":"Point","coordinates":[8.0653212,48.7515409]},"properties":{"maxweight":"12"}},{"type":"Feature","geometry":{"type":"Point","coordinates":[8.0674719,48.7535198]},"properties":{"maxweight":"16"}},{"type":"Feature","geometry":{"type":"Point","coordinates":[8.7157417,48.4484219]},"properties":{"maxheight":"none"}},{"type":"Feature","geometry":{"type":"Point","coordinates":[8.2071651,48.813046]},"properties":{"maxweight":"2.8"}},{"type":"Feature","geometry":{"type":"Point","coordinates":[8.1261099,48.6165825]},"properties":{"maxheight":"2.5","maxwidth":"1.8"}},{"type":"Feature","geometry":{"type":"Point","coordinates":[8.1248247,48.6178975]},"properties":{"maxheight":"2.5","maxwidth":"1.8"}},{"type":"Feature","geometry":{"type":"Point","coordinates":[8.6724984,48.489901]},"properties":{"maxweight":"1.5"}},{"type":"Feature","geometry":{"type":"Point","coordinates":[8.4440883,48.1514374]},"properties":{"maxweight":"3.5"}},{"type":"Feature","geometry":{"type":"Point","coordinates":[8.5077055,48.1580801]},"properties":{"maxweight":"3.5"}},{"type":"Feature","geometry":{"type":"Point","coordinates":[8.1249795,48.617378]},"properties":{"maxheight":"2.5","maxwidth":"1.8"}},{"type":"Feature","geometry":{"type":"Point","coordinates":[8.6031418,48.1588844]},"properties":{"maxheight":"default"}},{"type":"Feature","geometry":{"type":"Point","coordinates":[8.9986287,48.3844399]},"properties":{"maxheight":"default"}},{"type":"Feature","geometry":{"type":"Point","coordinates":[8.3696928,48.7558146]},"properties":{"maxwidth":"2"}},{"type":"Feature","geometry":{"type":"Point","coordinates":[8.8514158,48.7200727]},"properties":{"maxweight":"6"}},{"type":"Feature","geometry":{"type":"Point","coordinates":[8.9453623,48.4735465]},"properties":{"hgv":"destination"}},{"type":"Feature","geometry":{"type":"Point","coordinates":[8.6168668,48.6612056]},"properties":{"maxweight":"6"}},{"type":"Feature","geometry":{"type":"Point","coordinates":[8.6359044,48.6620213]},"properties":{"maxweight":"6"}},{"type":"Feature","geometry":{"type":"Point","coordinates":[8.0181939,48.5922665]},"properties":{"maxweight":"7.5"}},{"type":"Feature","geometry":{"type":"Point","coordinates":[8.9648599,48.677991]},"properties":{"maxheight":"none"}},{"type":"Feature","geometry":{"type":"Point","coordinates":[8.216757,48.7939256]},"properties":{"maxweight":"2.8"}},{"type":"Feature","geometry":{"type":"Point","coordinates":[8.2160384,48.7931426]},"properties":{"maxweight":"2.8"}},{"type":"Feature","geometry":{"type":"Point","coordinates":[8.1335422,48.719074]},"properties":{"maxweight":"16"}},{"type":"Feature","geometry":{"type":"Point","coordinates":[8.1236708,48.689038]},"properties":{"maxweight":"9"}},{"type":"Feature","geometry":{"type":"Point","coordinates":[8.5123637,48.4384676]},"properties":{"maxweight":"6"}},{"type":"Feature","geometry":{"type":"Point","coordinates":[8.4664105,48.1073644]},"properties":{"maxweight":"12"}},{"type":"Feature","geometry":{"type":"Point","coordinates":[8.0835515,48.7122554]},"properties":{"maxweight":"16"}},{"type":"Feature","geometry":{"type":"Point","coordinates":[8.7400214,48.7232218]},"properties":{"maxheight":"3"}},{"type":"Feature","geometry":{"type":"Point","coordinates":[8.7578063,48.7118791]},"properties":{"maxheight":"1.65"}},{"type":"Feature","geometry":{"type":"Point","coordinates":[8.4443911,48.6357032]},"properties":{"maxweight":"1.5"}},{"type":"Feature","geometry":{"type":"Point","coordinates":[8.6953874,48.7002297]},"properties":{"hgv":"agricultural;forestry"}},{"type":"Feature","geometry":{"type":"Point","coordinates":[8.7055264,48.5635672]},"properties":{"maxweight":"6"}},{"type":"Feature","geometry":{"type":"Point","coordinates":[8.7266525,48.5539337]},"properties":{"hgv":"destination"}},{"type":"Feature","geometry":{"type":"Point","coordinates":[8.882923,48.5724359]},"properties":{"hgv":"destination","maxweightrating:hgv":"7.5"}},{"type":"Feature","geometry":{"type":"Point","coordinates":[8.714715,48.096336]},"properties":{"hgv":"no"}},{"type":"Feature","geometry":{"type":"Point","coordinates":[8.2199699,48.0452433]},"properties":{"hgv":"forestry","goods":"forestry"}},{"type":"Feature","geometry":{"type":"Point","coordinates":[8.3653519,48.9942227]},"properties":{"maxheight":"default"}},{"type":"Feature","geometry":{"type":"Point","coordinates":[8.1661153,48.1072038]},"properties":{"maxweight":"1.5"}},{"type":"Feature","geometry":{"type":"Point","coordinates":[8.6962293,48.6608354]},"properties":{"hgv":"yes"}},{"type":"Feature","geometry":{"type":"Point","coordinates":[8.9409154,48.6938356]},"properties":{"hgv":"destination"}},{"type":"Feature","geometry":{"type":"Point","coordinates":[8.9417193,48.6922118]},"properties":{"hgv":"destination"}},{"type":"Feature","geometry":{"type":"Point","coordinates":[8.7206117,48.5312814]},"properties":{"maxweight":"16"}},{"type":"Feature","geometry":{"type":"Point","coordinates":[8.7210505,48.5313924]},"properties":{"maxweight":"16"}},{"type":"Feature","geometry":{"type":"Point","coordinates":[8.7217941,48.529937]},"properties":{"maxweight":"16"}},{"type":"Feature","geometry":{"type":"Point","coordinates":[8.5822977,48.7995621]},"properties":{"hgv":"no"}},{"type":"Feature","geometry":{"type":"Point","coordinates":[8.5083039,48.9295766]},"properties":{"maxwidth":"3"}},{"type":"Feature","geometry":{"type":"Point","coordinates":[8.6670965,48.6245515]},"properties":{"maxweight":"3.5"}},{"type":"Feature","geometry":{"type":"Point","coordinates":[8.6709001,48.6272509]},"properties":{"maxweight":"3.5"}},{"type":"Feature","geometry":{"type":"Point","coordinates":[8.1359639,48.5782635]},"properties":{"maxweight":"18"}},{"type":"Feature","geometry":{"type":"Point","coordinates":[8.852603,48.7282073]},"properties":{"hgv":"destination"}},{"type":"Feature","geometry":{"type":"Point","coordinates":[8.7205778,48.655422]},"properties":{"maxweight":"6"}},{"type":"Feature","geometry":{"type":"Point","coordinates":[8.7819796,48.8989091]},"properties":{"maxheight":"default"}},{"type":"Feature","geometry":{"type":"Point","coordinates":[8.3945463,48.5394447]},"properties":{"maxweight":"30"}},{"type":"Feature","geometry":{"type":"Point","coordinates":[8.8281088,48.5064735]},"properties":{"maxheight":"default"}},{"type":"Feature","geometry":{"type":"Point","coordinates":[8.7949716,48.8262732]},"properties":{"hgv":"no"}},{"type":"Feature","geometry":{"type":"Point","coordinates":[8.7958312,48.826869]},"properties":{"hgv":"no"}},{"type":"Feature","geometry":{"type":"Point","coordinates":[8.5884417,48.0811233]},"properties":{"maxheight":"default"}},{"type":"Feature","geometry":{"type":"Point","coordinates":[8.6106591,48.109593]},"properties":{"maxheight":"default"}},{"type":"Feature","geometry":{"type":"Point","coordinates":[8.5619178,48.05471]},"properties":{"maxheight":"default"}},{"type":"Feature","geometry":{"type":"Point","coordinates":[8.9446098,48.655733]},"properties":{"maxweight":"7.5"}},{"type":"Feature","geometry":{"type":"Point","coordinates":[8.8761081,48.2485274]},"properties":{"maxweight":"2.8"}},{"type":"Feature","geometry":{"type":"Point","coordinates":[8.4234519,48.0396294]},"properties":{"maxweight":"7.5"}},{"type":"Feature","geometry":{"type":"Point","coordinates":[8.8776404,48.2983219]},"properties":{"maxheight":"3.70"}},{"type":"Feature","geometry":{"type":"Point","coordinates":[8.6956351,48.1115807]},"properties":{"maxheight":"2.8"}},{"type":"Feature","geometry":{"type":"Point","coordinates":[8.2449932,48.296851]},"properties":{"maxheight":"3.7"}},{"type":"Feature","geometry":{"type":"Point","coordinates":[8.972587,48.9840334]},"properties":{"maxweight":"7.5"}},{"type":"Feature","geometry":{"type":"Point","coordinates":[8.8965675,48.5659893]},"properties":{"maxheight":"default"}},{"type":"Feature","geometry":{"type":"Point","coordinates":[8.6860158,48.387896]},"properties":{"hgv":"no"}},{"type":"Feature","geometry":{"type":"Point","coordinates":[8.6816701,48.3890192]},"properties":{"hgv":"no"}},{"type":"Feature","geometry":{"type":"Point","coordinates":[8.6851252,48.3889512]},"properties":{"hgv":"no"}},{"type":"Feature","geometry":{"type":"Point","coordinates":[8.6831833,48.3889765]},"properties":{"maxweight":"3.5"}},{"type":"Feature","geometry":{"type":"Point","coordinates":[8.5791459,48.3657566]},"properties":{"maxweight":"1.5"}},{"type":"Feature","geometry":{"type":"Point","coordinates":[8.6900594,48.3823622]},"properties":{"hgv":"destination"}},{"type":"Feature","geometry":{"type":"Point","coordinates":[8.5498076,48.97051]},"properties":{"hgv":"destination"}},{"type":"Feature","geometry":{"type":"Point","coordinates":[8.6410363,48.3659849]},"properties":{"hgv":"no"}},{"type":"Feature","geometry":{"type":"Point","coordinates":[8.7319492,48.7371327]},"properties":{"maxheight":"default"}},{"type":"Feature","geometry":{"type":"Point","coordinates":[8.7303318,48.7380439]},"properties":{"maxheight":"below_default"}},{"type":"Feature","geometry":{"type":"Point","coordinates":[8.2386155,48.8590055]},"properties":{"maxweight":"7.5"}},{"type":"Feature","geometry":{"type":"Point","coordinates":[8.3838219,48.9915919]},"properties":{"maxheight":"4.5"}},{"type":"Feature","geometry":{"type":"Point","coordinates":[8.3765321,48.9696497]},"properties":{"maxheight":"default"}},{"type":"Feature","geometry":{"type":"Point","coordinates":[8.380297,48.9595084]},"properties":{"maxheight":"none"}},{"type":"Feature","geometry":{"type":"Point","coordinates":[8.3728706,48.9536846]},"properties":{"maxheight":"none"}},{"type":"Feature","geometry":{"type":"Point","coordinates":[8.2105457,48.8244431]},"properties":{"maxheight":"none"}},{"type":"Feature","geometry":{"type":"Point","coordinates":[8.6851252,48.3889512]},"properties":{"maxweight":"3.5"}},{"type":"Feature","geometry":{"type":"Point","coordinates":[8.7054397,48.3883374]},"properties":{"maxweight":"5.5"}},{"type":"Feature","geometry":{"type":"Point","coordinates":[8.8744899,48.5756432]},"properties":{"hgv":"destination","maxweightrating:hgv":"7.5"}},{"type":"Feature","geometry":{"type":"Point","coordinates":[8.8738389,48.5744645]},"properties":{"hgv":"destination","maxweightrating:hgv":"7.5"}},{"type":"Feature","geometry":{"type":"Point","coordinates":[8.4077916,48.991256]},"properties":{"maxheight":"default"}},{"type":"Feature","geometry":{"type":"Point","coordinates":[8.402003,48.9895146]},"properties":{"maxheight":"default"}},{"type":"Feature","geometry":{"type":"Point","coordinates":[8.4333571,48.99165]},"properties":{"maxheight":"default"}},{"type":"Feature","geometry":{"type":"Point","coordinates":[8.7113183,48.3670658]},"properties":{"hgv":"yes","goods":"yes"}},{"type":"Feature","geometry":{"type":"Point","coordinates":[8.7091205,48.3690408]},"properties":{"hgv":"yes","goods":"yes"}},{"type":"Feature","geometry":{"type":"Point","coordinates":[8.7084692,48.3693734]},"properties":{"hgv":"yes","goods":"yes"}},{"type":"Feature","geometry":{"type":"Point","coordinates":[8.7091745,48.3685967]},"properties":{"hgv":"yes","goods":"yes"}},{"type":"Feature","geometry":{"type":"Point","coordinates":[8.7032313,48.367922]},"properties":{"hgv":"yes","goods":"yes"}},{"type":"Feature","geometry":{"type":"Point","coordinates":[8.7027767,48.367264]},"properties":{"hgv":"yes","goods":"yes"}},{"type":"Feature","geometry":{"type":"Point","coordinates":[8.7031747,48.3700634]},"properties":{"hgv":"yes","goods":"yes"}},{"type":"Feature","geometry":{"type":"Point","coordinates":[8.7024821,48.36812]},"properties":{"hgv":"yes","goods":"yes"}},{"type":"Feature","geometry":{"type":"Point","coordinates":[8.7020559,48.3676731]},"properties":{"hgv":"yes","goods":"yes"}},{"type":"Feature","geometry":{"type":"Point","coordinates":[8.9005519,48.9947835]},"properties":{"maxweight":"12"}},{"type":"Feature","geometry":{"type":"Point","coordinates":[8.8377598,48.3424834]},"properties":{"maxweight":"3.50"}},{"type":"Feature","geometry":{"type":"Point","coordinates":[8.8341907,48.339575]},"properties":{"maxweight":"7.5"}},{"type":"Feature","geometry":{"type":"Point","coordinates":[8.0303972,48.0222264]},"properties":{"maxweight":"12"}},{"type":"Feature","geometry":{"type":"Point","coordinates":[8.7366406,48.7183111]},"properties":{"maxheight":"2.05","maxweight":"2"}},{"type":"Feature","geometry":{"type":"Point","coordinates":[8.0216053,48.3911744]},"properties":{"maxheight":"default"}},{"type":"Feature","geometry":{"type":"Point","coordinates":[8.7030591,48.8899175]},"properties":{"hgv":"destination","maxheight":"default"}},{"type":"Feature","geometry":{"type":"Point","coordinates":[8.7045863,48.8900019]},"properties":{"hgv":"destination"}},{"type":"Feature","geometry":{"type":"Point","coordinates":[8.7000978,48.8901395]},"properties":{"hgv":"destination"}},{"type":"Feature","geometry":{"type":"Point","coordinates":[8.1159507,48.4228872]},"properties":{"maxweight":"3.5"}},{"type":"Feature","geometry":{"type":"Point","coordinates":[8.3397786,48.2902169]},"properties":{"hgv":"destination","maxweight":"7.5"}},{"type":"Feature","geometry":{"type":"Point","coordinates":[8.0803257,48.2810616]},"properties":{"maxheight":"default"}},{"type":"Feature","geometry":{"type":"Point","coordinates":[8.7612342,48.1363726]},"properties":{"hgv":"no"}},{"type":"Feature","geometry":{"type":"Point","coordinates":[8.7422576,48.0691565]},"properties":{"hgv":"destination"}},{"type":"Feature","geometry":{"type":"Point","coordinates":[8.7441908,48.068944]},"properties":{"hgv":"destination"}},{"type":"Feature","geometry":{"type":"Point","coordinates":[8.7667125,48.6915579]},"properties":{"hgv":"private","goods":"private"}},{"type":"Feature","geometry":{"type":"Point","coordinates":[8.756087,48.7109316]},"properties":{"hgv":"no","goods":"no"}},{"type":"Feature","geometry":{"type":"Point","coordinates":[8.9446549,48.6558384]},"properties":{"maxweight":"12"}},{"type":"Feature","geometry":{"type":"Point","coordinates":[8.9525455,48.6613308]},"properties":{"hgv":"destination","maxweight":"7.5"}},{"type":"Feature","geometry":{"type":"Point","coordinates":[8.9260679,48.6510857]},"properties":{"maxweight":"3.5"}},{"type":"Feature","geometry":{"type":"Point","coordinates":[8.4084543,48.942643]},"properties":{"maxheight":"3.6"}},{"type":"Feature","geometry":{"type":"Point","coordinates":[8.8847637,48.278591]},"properties":{"maxweight":"6"}},{"type":"Feature","geometry":{"type":"Point","coordinates":[8.3907008,48.5242064]},"properties":{"hgv":"destination"}},{"type":"Feature","geometry":{"type":"Point","coordinates":[8.3852007,48.5224191]},"properties":{"hgv":"destination"}},{"type":"Feature","geometry":{"type":"Point","coordinates":[8.383176,48.5206851]},"properties":{"hgv":"destination"}},{"type":"Feature","geometry":{"type":"Point","coordinates":[8.5937366,48.0911829]},"properties":{"maxheight":"default"}},{"type":"Feature","geometry":{"type":"Point","coordinates":[8.5318445,48.0080042]},"properties":{"maxheight":"default"}},{"type":"Feature","geometry":{"type":"Point","coordinates":[8.531683,48.007979]},"properties":{"maxheight":"default"}},{"type":"Feature","geometry":{"type":"Point","coordinates":[8.175071,48.3425147]},"properties":{"hgv":"agricultural","maxweight":"7.5"}},{"type":"Feature","geometry":{"type":"Point","coordinates":[8.1643703,48.347104]},"properties":{"hgv":"agricultural","maxweight":"7.5"}},{"type":"Feature","geometry":{"type":"Point","coordinates":[8.1652377,48.3475513]},"properties":{"hgv":"agricultural","maxweight":"7.5"}},{"type":"Feature","geometry":{"type":"Point","coordinates":[8.5631812,48.3610613]},"properties":{"maxweight":"1.5"}},{"type":"Feature","geometry":{"type":"Point","coordinates":[8.5500246,48.3599762]},"properties":{"maxweight":"1.5"}},{"type":"Feature","geometry":{"type":"Point","coordinates":[8.8987876,48.3176338]},"properties":{"maxheight":"default"}},{"type":"Feature","geometry":{"type":"Point","coordinates":[8.9872055,48.3770185]},"properties":{"maxheight":"default"}},{"type":"Feature","geometry":{"type":"Point","coordinates":[8.9857397,48.375212]},"properties":{"maxheight":"default"}},{"type":"Feature","geometry":{"type":"Point","coordinates":[8.8576393,48.2711082]},"properties":{"maxheight":"default"}},{"type":"Feature","geometry":{"type":"Point","coordinates":[8.615025,48.51348]},"properties":{"maxweight":"6"}},{"type":"Feature","geometry":{"type":"Point","coordinates":[8.0756173,48.3496904]},"properties":{"hgv":"delivery"}},{"type":"Feature","geometry":{"type":"Point","coordinates":[8.0847391,48.7218018]},"properties":{"hgv":"no","maxweight":"3"}},{"type":"Feature","geometry":{"type":"Point","coordinates":[8.575524,48.3638548]},"properties":{"maxweight":"1.5"}},{"type":"Feature","geometry":{"type":"Point","coordinates":[8.6965866,48.5401822]},"properties":{"maxweight":"24"}},{"type":"Feature","geometry":{"type":"Point","coordinates":[8.2456046,48.8622771]},"properties":{"maxheight":"default"}},{"type":"Feature","geometry":{"type":"Point","coordinates":[8.2125403,48.7785199]},"properties":{"maxheight":"none"}},{"type":"Feature","geometry":{"type":"Point","coordinates":[8.8224756,48.7767361]},"properties":{"hgv":"destination;agricultural"}},{"type":"Feature","geometry":{"type":"Point","coordinates":[8.8298821,48.782013]},"properties":{"hgv":"destination;agricultural"}},{"type":"Feature","geometry":{"type":"Point","coordinates":[8.8241923,48.77789]},"properties":{"hgv":"destination;agricultural"}},{"type":"Feature","geometry":{"type":"Point","coordinates":[8.9941524,48.6859103]},"properties":{"hgv":"no"}},{"type":"Feature","geometry":{"type":"Point","coordinates":[8.6481724,48.1484818]},"properties":{"maxweight":"2.5"}},{"type":"Feature","geometry":{"type":"Point","coordinates":[8.9723598,48.4789184]},"properties":{"maxheight":"3.3"}},{"type":"Feature","geometry":{"type":"Point","coordinates":[8.5361981,48.0127364]},"properties":{"hgv":"no","goods":"no"}},{"type":"Feature","geometry":{"type":"Point","coordinates":[8.4353293,48.9911243]},"properties":{"maxheight":"default"}},{"type":"Feature","geometry":{"type":"Point","coordinates":[8.2344767,48.2101064]},"properties":{"hgv":"no"}},{"type":"Feature","geometry":{"type":"Point","coordinates":[8.2302393,48.2129076]},"properties":{"hgv":"destination"}},{"type":"Feature","geometry":{"type":"Point","coordinates":[8.3487096,48.7541713]},"properties":{"maxweight":"3.5"}},{"type":"Feature","geometry":{"type":"Point","coordinates":[8.9596176,48.6914783]},"properties":{"maxweight":"16"}},{"type":"Feature","geometry":{"type":"Point","coordinates":[8.9810502,48.6962861]},"properties":{"maxheight":"default"}},{"type":"Feature","geometry":{"type":"Point","coordinates":[8.9802334,48.6954566]},"properties":{"maxheight":"default"}},{"type":"Feature","geometry":{"type":"Point","coordinates":[8.9892442,48.6897604]},"properties":{"hgv":"no"}},{"type":"Feature","geometry":{"type":"Point","coordinates":[8.9897482,48.689921]},"properties":{"hgv":"no"}},{"type":"Feature","geometry":{"type":"Point","coordinates":[8.7013558,48.8909889]},"properties":{"maxweight":"10"}},{"type":"Feature","geometry":{"type":"Point","coordinates":[8.8465219,48.5976118]},"properties":{"maxheight":"default"}},{"type":"Feature","geometry":{"type":"Point","coordinates":[8.8264234,48.1156061]},"properties":{"maxweight":"3.5"}},{"type":"Feature","geometry":{"type":"Point","coordinates":[8.4195238,48.071061]},"properties":{"maxweight":"3.5"}},{"type":"Feature","geometry":{"type":"Point","coordinates":[8.4183081,48.0718526]},"properties":{"maxweight":"3.5"}},{"type":"Feature","geometry":{"type":"Point","coordinates":[8.302921,48.9697661]},"properties":{"maxheight":"default"}},{"type":"Feature","geometry":{"type":"Point","coordinates":[8.0000675,48.1016265]},"properties":{"maxweight":"30"}},{"type":"Feature","geometry":{"type":"Point","coordinates":[8.0059248,48.124626]},"properties":{"hgv":"no","maxheight":"2.9"}},{"type":"Feature","geometry":{"type":"Point","coordinates":[8.0048552,48.1216196]},"properties":{"maxweight":"6"}},{"type":"Feature","geometry":{"type":"Point","coordinates":[8.8547699,48.1851603]},"properties":{"maxweight":"3.5"}},{"type":"Feature","geometry":{"type":"Point","coordinates":[8.3001031,48.4098415]},"properties":{"maxweight":"12"}},{"type":"Feature","geometry":{"type":"Point","coordinates":[8.5613739,48.0052546]},"properties":{"maxweight":"3"}},{"type":"Feature","geometry":{"type":"Point","coordinates":[8.5622649,48.005352]},"properties":{"maxweight":"3"}},{"type":"Feature","geometry":{"type":"Point","coordinates":[8.8635894,48.1678841]},"properties":{"hgv":"no"}},{"type":"Feature","geometry":{"type":"Point","coordinates":[8.8682145,48.1675094]},"properties":{"hgv":"no"}},{"type":"Feature","geometry":{"type":"Point","coordinates":[8.8387519,48.5150305]},"properties":{"maxheight":"default"}},{"type":"Feature","geometry":{"type":"Point","coordinates":[8.4167642,48.7737017]},"properties":{"maxweight":"7.5"}},{"type":"Feature","geometry":{"type":"Point","coordinates":[8.4365837,48.9906559]},"properties":{"maxheight":"default"}},{"type":"Feature","geometry":{"type":"Point","coordinates":[8.2109763,48.4306167]},"properties":{"maxweight":"1.5"}},{"type":"Feature","geometry":{"type":"Point","coordinates":[8.4152821,48.9385727]},"properties":{"maxheight":"below_default"}},{"type":"Feature","geometry":{"type":"Point","coordinates":[8.7031433,48.8899966]},"properties":{"hgv":"destination"}},{"type":"Feature","geometry":{"type":"Point","coordinates":[8.4025753,48.9402886]},"properties":{"hgv":"destination"}},{"type":"Feature","geometry":{"type":"Point","coordinates":[8.7927656,48.5722211]},"properties":{"maxweight":"5.5"}},{"type":"Feature","geometry":{"type":"Point","coordinates":[8.1513063,48.5674302]},"properties":{"maxweight":"30"}},{"type":"Feature","geometry":{"type":"Point","coordinates":[8.9657499,48.9532141]},"properties":{"hgv":"delivery"}},{"type":"Feature","geometry":{"type":"Point","coordinates":[8.3288657,48.4274985]},"properties":{"maxweight":"3"}},{"type":"Feature","geometry":{"type":"Point","coordinates":[8.0128165,48.3965153]},"properties":{"maxheight":"default"}},{"type":"Feature","geometry":{"type":"Point","coordinates":[8.4829105,48.0716154]},"properties":{"maxheight":"default"}},{"type":"Feature","geometry":{"type":"Point","coordinates":[8.501799,48.0826808]},"properties":{"hgv":"no"}},{"type":"Feature","geometry":{"type":"Point","coordinates":[8.2895493,48.7716801]},"properties":{"maxweight":"7.5"}},{"type":"Feature","geometry":{"type":"Point","coordinates":[8.6054539,48.0276619]},"properties":{"hgv":"destination"}},{"type":"Feature","geometry":{"type":"Point","coordinates":[8.9171261,48.093007]},"properties":{"maxweight":"15"}},{"type":"Feature","geometry":{"type":"Point","coordinates":[8.4083472,48.9453036]},"properties":{"maxheight":"2.2"}},{"type":"Feature","geometry":{"type":"Point","coordinates":[8.7073478,48.8806545]},"properties":{"maxweight":"3.5"}},{"type":"Feature","geometry":{"type":"Point","coordinates":[8.3308377,48.7635343]},"properties":{"maxheight":"2.3"}},{"type":"Feature","geometry":{"type":"Point","coordinates":[8.4605478,48.0625944]},"properties":{"maxheight":"1.9"}},{"type":"Feature","geometry":{"type":"Point","coordinates":[8.4609601,48.0622941]},"properties":{"maxheight":"1.9"}},{"type":"Feature","geometry":{"type":"Point","coordinates":[8.4609601,48.0622941]},"properties":{"maxheight":"1.9"}},{"type":"Feature","geometry":{"type":"Point","coordinates":[8.7627144,48.5866288]},"properties":{"maxweight":"5.5"}},{"type":"Feature","geometry":{"type":"Point","coordinates":[8.3765393,48.4876268]},"properties":{"maxweight":"3"}},{"type":"Feature","geometry":{"type":"Point","coordinates":[8.3943738,48.5655858]},"properties":{"maxweight":"30"}},{"type":"Feature","geometry":{"type":"Point","coordinates":[8.7111986,48.3672835]},"properties":{"hgv":"yes","goods":"yes"}},{"type":"Feature","geometry":{"type":"Point","coordinates":[8.8503439,48.9366832]},"properties":{"maxweight":"1.5"}},{"type":"Feature","geometry":{"type":"Point","coordinates":[8.4501785,48.0660387]},"properties":{"maxheight":"3.6 m"}},{"type":"Feature","geometry":{"type":"Point","coordinates":[8.9539624,48.6538879]},"properties":{"maxheight":"none"}},{"type":"Feature","geometry":{"type":"Point","coordinates":[8.3289517,48.0958384]},"properties":{"hgv":"no"}},{"type":"Feature","geometry":{"type":"Point","coordinates":[8.2121378,48.7773643]},"properties":{"maxweight":"30"}},{"type":"Feature","geometry":{"type":"Point","coordinates":[8.795996,48.6715635]},"properties":{"hgv":"agricultural;forestry","maxwidth":"3.5"}},{"type":"Feature","geometry":{"type":"Point","coordinates":[8.1965627,48.7338379]},"properties":{"maxweight":"2.8"}},{"type":"Feature","geometry":{"type":"Point","coordinates":[8.7280752,48.2342086]},"properties":{"maxweight":"6"}},{"type":"Feature","geometry":{"type":"Point","coordinates":[8.8446994,48.6778269]},"properties":{"hgv":"agricultural;forestry","maxwidth":"3.5"}},{"type":"Feature","geometry":{"type":"Point","coordinates":[8.7898154,48.7358059]},"properties":{"maxheight":"below_default"}},{"type":"Feature","geometry":{"type":"Point","coordinates":[8.519556,48.341166]},"properties":{"maxweight":"1.5"}},{"type":"Feature","geometry":{"type":"Point","coordinates":[8.772323,48.8469268]},"properties":{"maxweight":"6"}},{"type":"Feature","geometry":{"type":"Point","coordinates":[8.7671596,48.8512881]},"properties":{"maxweight":"6"}},{"type":"Feature","geometry":{"type":"Point","coordinates":[8.8158445,48.9453444]},"properties":{"maxheight":"3.20"}},{"type":"Feature","geometry":{"type":"Point","coordinates":[8.1321755,48.0432798]},"properties":{"maxweight":"12"}},{"type":"Feature","geometry":{"type":"Point","coordinates":[8.1003027,48.0649287]},"properties":{"maxweight":"12"}},{"type":"Feature","geometry":{"type":"Point","coordinates":[8.3505574,48.6675431]},"properties":{"maxweight":"40"}},{"type":"Feature","geometry":{"type":"Point","coordinates":[8.3427733,48.7427555]},"properties":{"maxweight":"1"}},{"type":"Feature","geometry":{"type":"Point","coordinates":[8.3432504,48.7422516]},"properties":{"maxweight":"1"}},{"type":"Feature","geometry":{"type":"Point","coordinates":[8.8528396,48.5897495]},"properties":{"maxheight":"default"}},{"type":"Feature","geometry":{"type":"Point","coordinates":[8.9932002,48.6856696]},"properties":{"hgv":"no"}},{"type":"Feature","geometry":{"type":"Point","coordinates":[8.9895914,48.6903111]},"properties":{"hgv":"no"}},{"type":"Feature","geometry":{"type":"Point","coordinates":[8.3527853,48.2916081]},"properties":{"hgv":"destination","maxweight":"7.5"}},{"type":"Feature","geometry":{"type":"Point","coordinates":[8.3257345,48.7885984]},"properties":{"maxheight":"4"}},{"type":"Feature","geometry":{"type":"Point","coordinates":[8.1330269,48.6481808]},"properties":{"maxheight":"3.5"}},{"type":"Feature","geometry":{"type":"Point","coordinates":[8.4157892,48.461241]},"properties":{"hgv":"yes"}},{"type":"Feature","geometry":{"type":"Point","coordinates":[8.0476491,48.7440106]},"properties":{"hgv":"destination","maxweight":"7.5"}},{"type":"Feature","geometry":{"type":"Point","coordinates":[8.2578745,48.9103675]},"properties":{"maxheight":"3"}},{"type":"Feature","geometry":{"type":"Point","coordinates":[8.1347265,48.8876671]},"properties":{"maxheight":"2.2","maxweightrating":"3.5"}},{"type":"Feature","geometry":{"type":"Point","coordinates":[8.7143309,48.2451437]},"properties":{"maxweight":"1.5"}},{"type":"Feature","geometry":{"type":"Point","coordinates":[8.1254844,48.6802928]},"properties":{"hgv":"destination","goods":"destination"}},{"type":"Feature","geometry":{"type":"Point","coordinates":[8.7030666,48.9553621]},"properties":{"hgv":"destination"}},{"type":"Feature","geometry":{"type":"Point","coordinates":[8.8566346,48.9600865]},"properties":{"hgv":"destination","goods":"destination"}},{"type":"Feature","geometry":{"type":"Point","coordinates":[8.8525633,48.9626126]},"properties":{"hgv":"no"}},{"type":"Feature","geometry":{"type":"Point","coordinates":[8.8545516,48.9589764]},"properties":{"hgv":"destination","goods":"destination"}},{"type":"Feature","geometry":{"type":"Point","coordinates":[8.608902,48.0285177]},"properties":{"hgv":"destination"}},{"type":"Feature","geometry":{"type":"Point","coordinates":[8.8093379,48.9381424]},"properties":{"maxweight":"2.8"}},{"type":"Feature","geometry":{"type":"Point","coordinates":[8.712923,48.9032936]},"properties":{"hgv":"destination"}},{"type":"Feature","geometry":{"type":"Point","coordinates":[8.6985972,48.8807321]},"properties":{"maxweight":"30"}},{"type":"Feature","geometry":{"type":"Point","coordinates":[8.6253679,48.725557]},"properties":{"maxweight":"6"}},{"type":"Feature","geometry":{"type":"Point","coordinates":[8.6201146,48.7293491]},"properties":{"maxweight":"6"}},{"type":"Feature","geometry":{"type":"Point","coordinates":[8.5897261,48.7622907]},"properties":{"maxweight":"3.5"}},{"type":"Feature","geometry":{"type":"Point","coordinates":[8.7110285,48.3693614]},"properties":{"hgv":"yes","goods":"yes"}},{"type":"Feature","geometry":{"type":"Point","coordinates":[8.3706548,48.7561623]},"properties":{"hgv":"destination"}},{"type":"Feature","geometry":{"type":"Point","coordinates":[8.1928911,48.7197774]},"properties":{"maxweight":"16"}},{"type":"Feature","geometry":{"type":"Point","coordinates":[8.1966965,48.717688]},"properties":{"maxweight":"16"}},{"type":"Feature","geometry":{"type":"Point","coordinates":[8.2054015,48.8438114]},"properties":{"hgv":"destination"}},{"type":"Feature","geometry":{"type":"Point","coordinates":[8.3203051,48.7999012]},"properties":{"maxheight":"3.2"}},{"type":"Feature","geometry":{"type":"Point","coordinates":[8.6034013,48.856152]},"properties":{"hgv":"destination"}},{"type":"Feature","geometry":{"type":"Point","coordinates":[8.6033034,48.8560973]},"properties":{"hgv":"destination"}},{"type":"Feature","geometry":{"type":"Point","coordinates":[8.706365,48.371291]},"properties":{"hgv":"no","goods":"no"}},{"type":"Feature","geometry":{"type":"Point","coordinates":[8.3219749,48.7991527]},"properties":{"maxheight":"2"}},{"type":"Feature","geometry":{"type":"Point","coordinates":[8.5030163,48.9087386]},"properties":{"maxweight":"7.5"}},{"type":"Feature","geometry":{"type":"Point","coordinates":[8.1590715,48.4737672]},"properties":{"hgv":"destination"}},{"type":"Feature","geometry":{"type":"Point","coordinates":[8.2024681,48.4787884]},"properties":{"maxweight":"6"}},{"type":"Feature","geometry":{"type":"Point","coordinates":[8.2153193,48.4861689]},"properties":{"maxweight":"6"}},{"type":"Feature","geometry":{"type":"Point","coordinates":[8.2427663,48.8919454]},"properties":{"maxheight":"default"}},{"type":"Feature","geometry":{"type":"Point","coordinates":[8.2446602,48.459091]},"properties":{"maxweight":"6"}},{"type":"Feature","geometry":{"type":"Point","coordinates":[8.114993,48.5943698]},"properties":{"maxheight":"default"}},{"type":"Feature","geometry":{"type":"Point","coordinates":[8.6788317,48.8403]},"properties":{"maxweight":"3.0"}},{"type":"Feature","geometry":{"type":"Point","coordinates":[8.6855043,48.8371262]},"properties":{"maxweight":"3.0"}},{"type":"Feature","geometry":{"type":"Point","coordinates":[8.7066075,48.8296631]},"properties":{"maxwidth":"2","maxweight":"3.5"}},{"type":"Feature","geometry":{"type":"Point","coordinates":[8.2432111,48.4919772]},"properties":{"maxweight":"6"}},{"type":"Feature","geometry":{"type":"Point","coordinates":[8.2362166,48.4927448]},"properties":{"maxweight":"6"}},{"type":"Feature","geometry":{"type":"Point","coordinates":[8.2195115,48.4904819]},"properties":{"maxweight":"6"}},{"type":"Feature","geometry":{"type":"Point","coordinates":[8.9285527,48.5728208]},"properties":{"maxheight":"default"}},{"type":"Feature","geometry":{"type":"Point","coordinates":[8.6295883,48.9365257]},"properties":{"maxweight":"7.5"}},{"type":"Feature","geometry":{"type":"Point","coordinates":[8.1173279,48.5187634]},"properties":{"hgv":"no"}},{"type":"Feature","geometry":{"type":"Point","coordinates":[8.8499316,48.5979093]},"properties":{"maxheight":"default"}},{"type":"Feature","geometry":{"type":"Point","coordinates":[8.7467558,48.6256868]},"properties":{"hgv":"no","maxweightrating:hgv":"7.5"}},{"type":"Feature","geometry":{"type":"Point","coordinates":[8.547623,48.74615]},"properties":{"maxheight":"4.0"}},{"type":"Feature","geometry":{"type":"Point","coordinates":[8.9547466,48.9321557]},"properties":{"hgv":"destination","maxweight":"7.5"}},{"type":"Feature","geometry":{"type":"Point","coordinates":[8.6153191,48.8543305]},"properties":{"hgv":"destination"}},{"type":"Feature","geometry":{"type":"Point","coordinates":[8.2719618,48.6189332]},"properties":{"maxweight":"30"}},{"type":"Feature","geometry":{"type":"Point","coordinates":[8.2570588,48.6257003]},"properties":{"maxweight":"12"}},{"type":"Feature","geometry":{"type":"Point","coordinates":[8.803143,48.7426491]},"properties":{"maxheight":"4.1"}},{"type":"Feature","geometry":{"type":"Point","coordinates":[8.5824675,48.5319123]},"properties":{"maxweight":"6 t"}},{"type":"Feature","geometry":{"type":"Point","coordinates":[8.7294149,48.7952723]},"properties":{"maxweight":"7.5"}},{"type":"Feature","geometry":{"type":"Point","coordinates":[8.7288432,48.7948264]},"properties":{"maxweight":"7.5"}},{"type":"Feature","geometry":{"type":"Point","coordinates":[8.6802829,48.8676278]},"properties":{"maxwidth":"2"}},{"type":"Feature","geometry":{"type":"Point","coordinates":[8.8087549,48.8048036]},"properties":{"maxweight":"12"}},{"type":"Feature","geometry":{"type":"Point","coordinates":[8.6900513,48.4464042]},"properties":{"hgv":"no"}},{"type":"Feature","geometry":{"type":"Point","coordinates":[8.6815701,48.8454324]},"properties":{"maxweight":"3.0"}},{"type":"Feature","geometry":{"type":"Point","coordinates":[8.6981345,48.8936789]},"properties":{"maxheight":"2.05","maxweight":"2.5"}},{"type":"Feature","geometry":{"type":"Point","coordinates":[8.7093078,48.9487218]},"properties":{"maxweight":"3.5"}},{"type":"Feature","geometry":{"type":"Point","coordinates":[8.2373702,48.814436]},"properties":{"maxweight":"3.5"}},{"type":"Feature","geometry":{"type":"Point","coordinates":[8.2191807,48.8648346]},"properties":{"maxheight":"2.9"}},{"type":"Feature","geometry":{"type":"Point","coordinates":[8.0746176,48.5423691]},"properties":{"maxweight":"3"}},{"type":"Feature","geometry":{"type":"Point","coordinates":[8.1252154,48.6183035]},"properties":{"maxheight":"2.5","maxwidth":"1.8"}},{"type":"Feature","geometry":{"type":"Point","coordinates":[8.6828438,48.7408186]},"properties":{"maxweight":"5"}},{"type":"Feature","geometry":{"type":"Point","coordinates":[8.0113532,48.6192767]},"properties":{"maxheight":"default"}},{"type":"Feature","geometry":{"type":"Point","coordinates":[8.1365281,48.5069202]},"properties":{"maxweight":"12"}},{"type":"Feature","geometry":{"type":"Point","coordinates":[8.0366273,48.6621595]},"properties":{"hgv":"no"}},{"type":"Feature","geometry":{"type":"Point","coordinates":[8.5908451,48.0820281]},"properties":{"maxheight":"default"}},{"type":"Feature","geometry":{"type":"Point","coordinates":[8.1820968,48.9764715]},"properties":{"hgv":"no"}},{"type":"Feature","geometry":{"type":"Point","coordinates":[8.3754012,48.9340834]},"properties":{"maxweight":"3 t"}},{"type":"Feature","geometry":{"type":"Point","coordinates":[8.8525272,48.9054877]},"properties":{"maxweight":"8"}},{"type":"Feature","geometry":{"type":"Point","coordinates":[8.8142994,48.7463791]},"properties":{"maxheight":"default"}},{"type":"Feature","geometry":{"type":"Point","coordinates":[8.6625799,48.7410129]},"properties":{"maxweight":"7.5"}},{"type":"Feature","geometry":{"type":"Point","coordinates":[8.9655591,48.9532518]},"properties":{"hgv":"delivery"}},{"type":"Feature","geometry":{"type":"Point","coordinates":[8.9656313,48.953239]},"properties":{"hgv":"delivery"}},{"type":"Feature","geometry":{"type":"Point","coordinates":[8.9862793,48.9806583]},"properties":{"maxweight":"5"}},{"type":"Feature","geometry":{"type":"Point","coordinates":[8.8450041,48.8379378]},"properties":{"hgv":"yes"}},{"type":"Feature","geometry":{"type":"Point","coordinates":[8.5517346,48.7579632]},"properties":{"hgv":"no"}},{"type":"Feature","geometry":{"type":"Point","coordinates":[8.3684179,48.9920444]},"properties":{"maxheight":"default"}},{"type":"Feature","geometry":{"type":"Point","coordinates":[8.4506615,48.0514901]},"properties":{"maxweight":"30"}},{"type":"Feature","geometry":{"type":"Point","coordinates":[8.4383884,48.0517637]},"properties":{"maxweight":"6"}},{"type":"Feature","geometry":{"type":"Point","coordinates":[8.0894259,48.280572]},"properties":{"maxweight":"7.5"}},{"type":"Feature","geometry":{"type":"Point","coordinates":[8.543677,48.7350216]},"properties":{"hgv":"no","maxweight":"2.8"}},{"type":"Feature","geometry":{"type":"Point","coordinates":[8.8423967,48.3307666]},"properties":{"maxwidth":"2.40"}},{"type":"Feature","geometry":{"type":"Point","coordinates":[8.2575063,48.7417666]},"properties":{"maxweight":"16"}},{"type":"Feature","geometry":{"type":"Point","coordinates":[8.2005689,48.8203852]},"properties":{"maxheight":"default"}},{"type":"Feature","geometry":{"type":"Point","coordinates":[8.5495263,48.75038]},"properties":{"maxweight":"7.5"}},{"type":"Feature","geometry":{"type":"Point","coordinates":[8.7434776,48.1865667]},"properties":{"maxweight":"7.5"}},{"type":"Feature","geometry":{"type":"Point","coordinates":[8.3712184,48.5062193]},"properties":{"hgv":"no","maxweight":"2.5"}},{"type":"Feature","geometry":{"type":"Point","coordinates":[8.0500907,48.3121501]},"properties":{"maxheight":"3.2"}},{"type":"Feature","geometry":{"type":"Point","coordinates":[8.202372,48.7957822]},"properties":{"hgv":"destination"}},{"type":"Feature","geometry":{"type":"Point","coordinates":[8.2053225,48.7982779]},"properties":{"hgv":"destination"}},{"type":"Feature","geometry":{"type":"Point","coordinates":[8.6967774,48.8853319]},"properties":{"maxweight":"8"}},{"type":"Feature","geometry":{"type":"Point","coordinates":[8.4460356,48.9950342]},"properties":{"maxheight":"2","maxweight":"2.5"}},{"type":"Feature","geometry":{"type":"Point","coordinates":[8.1421818,48.4913968]},"properties":{"maxweight":"3"}},{"type":"Feature","geometry":{"type":"Point","coordinates":[8.5962296,48.5552043]},"properties":{"maxweight":"3.5"}},{"type":"Feature","geometry":{"type":"Point","coordinates":[8.4706185,48.0282395]},"properties":{"maxheight":"3.2"}},{"type":"Feature","geometry":{"type":"Point","coordinates":[8.4688204,48.0279148]},"properties":{"maxwidth":"2.6","maxweight":"12"}},{"type":"Feature","geometry":{"type":"Point","coordinates":[8.4575204,48.0263071]},"properties":{"maxweight":"12"}},{"type":"Feature","geometry":{"type":"Point","coordinates":[8.4497137,48.0231749]},"properties":{"maxweight":"3.5"}},{"type":"Feature","geometry":{"type":"Point","coordinates":[8.450392,48.028381]},"properties":{"maxweight":"3.5"}},{"type":"Feature","geometry":{"type":"Point","coordinates":[8.137173,48.8869806]},"properties":{"maxheight":"2.2","maxweight":"3.5"}},{"type":"Feature","geometry":{"type":"Point","coordinates":[8.105511,48.5893706]},"properties":{"maxweight":"3.5"}},{"type":"Feature","geometry":{"type":"Point","coordinates":[8.2283369,48.8682799]},"properties":{"maxheight":"4.0","maxweight":"7.5"}},{"type":"Feature","geometry":{"type":"Point","coordinates":[8.2277364,48.8681029]},"properties":{"maxheight":"4","maxweight":"7.5"}},{"type":"Feature","geometry":{"type":"Point","coordinates":[8.2269804,48.8678419]},"properties":{"maxweight":"7.5"}},{"type":"Feature","geometry":{"type":"Point","coordinates":[8.867787,48.5744596]},"properties":{"maxweight":"12"}},{"type":"Feature","geometry":{"type":"Point","coordinates":[8.5207628,48.0222436]},"properties":{"maxheight":"3.8"}},{"type":"Feature","geometry":{"type":"Point","coordinates":[8.1930047,48.7461462]},"properties":{"maxweight":"6"}},{"type":"Feature","geometry":{"type":"Point","coordinates":[8.2256229,48.8474721]},"properties":{"maxweight":"7.5"}},{"type":"Feature","geometry":{"type":"Point","coordinates":[8.2333665,48.8501638]},"properties":{"maxweight":"7.5"}},{"type":"Feature","geometry":{"type":"Point","coordinates":[8.2304294,48.8486353]},"properties":{"maxweight":"7.5"}},{"type":"Feature","geometry":{"type":"Point","coordinates":[8.253571,48.9865062]},"properties":{"maxweight":"7.5"}},{"type":"Feature","geometry":{"type":"Point","coordinates":[8.701752,48.0980708]},"properties":{"maxheight":"none"}},{"type":"Feature","geometry":{"type":"Point","coordinates":[8.4096578,48.9963325]},"properties":{"maxheight":"3.4"}},{"type":"Feature","geometry":{"type":"Point","coordinates":[8.4090276,48.9962849]},"properties":{"maxheight":"3.4"}},{"type":"Feature","geometry":{"type":"Point","coordinates":[8.4090649,48.9961548]},"properties":{"maxheight":"3.4"}},{"type":"Feature","geometry":{"type":"Point","coordinates":[8.4090442,48.9963109]},"properties":{"maxheight":"3.4"}},{"type":"Feature","geometry":{"type":"Point","coordinates":[8.3928762,48.1039042]},"properties":{"maxweight":"3.5"}},{"type":"Feature","geometry":{"type":"Point","coordinates":[8.7991025,48.143155]},"properties":{"hgv":"no","maxweight":"2.8"}},{"type":"Feature","geometry":{"type":"Point","coordinates":[8.1328158,48.8425457]},"properties":{"hgv":"no"}},{"type":"Feature","geometry":{"type":"Point","coordinates":[8.2295705,48.8687803]},"properties":{"maxweight":"7.5"}},{"type":"Feature","geometry":{"type":"Point","coordinates":[8.1338304,48.8420757]},"properties":{"hgv":"no"}},{"type":"Feature","geometry":{"type":"Point","coordinates":[8.1653899,48.855634]},"properties":{"maxweight":"7.5"}},{"type":"Feature","geometry":{"type":"Point","coordinates":[8.373938,48.7600222]},"properties":{"hgv":"no"}},{"type":"Feature","geometry":{"type":"Point","coordinates":[8.9762405,48.6769779]},"properties":{"maxheight":"default"}},{"type":"Feature","geometry":{"type":"Point","coordinates":[8.9031197,48.6144252]},"properties":{"hgv":"no"}},{"type":"Feature","geometry":{"type":"Point","coordinates":[8.5748732,48.7786189]},"properties":{"hgv":"no"}},{"type":"Feature","geometry":{"type":"Point","coordinates":[8.5711614,48.7753162]},"properties":{"hgv":"no"}},{"type":"Feature","geometry":{"type":"Point","coordinates":[8.1884623,48.8574552]},"properties":{"maxweight":"7.5"}},{"type":"Feature","geometry":{"type":"Point","coordinates":[8.5692928,48.3221145]},"properties":{"hgv":"agricultural","goods":"agricultural"}},{"type":"Feature","geometry":{"type":"Point","coordinates":[8.8687438,48.8287747]},"properties":{"hgv":"no"}},{"type":"Feature","geometry":{"type":"Point","coordinates":[8.114012,48.7385843]},"properties":{"maxheight":"2.5"}},{"type":"Feature","geometry":{"type":"Point","coordinates":[8.067445,48.6986247]},"properties":{"maxweight":"16"}},{"type":"Feature","geometry":{"type":"Point","coordinates":[8.7849776,48.974422]},"properties":{"goods":"no"}},{"type":"Feature","geometry":{"type":"Point","coordinates":[8.0361352,48.6591007]},"properties":{"maxheight":"2.5"}},{"type":"Feature","geometry":{"type":"Point","coordinates":[8.0356368,48.6586557]},"properties":{"hgv":"designated"}},{"type":"Feature","geometry":{"type":"Point","coordinates":[8.9781808,48.9502851]},"properties":{"hgv":"no"}},{"type":"Feature","geometry":{"type":"Point","coordinates":[8.9736526,48.9559713]},"properties":{"maxweight":"6"}},{"type":"Feature","geometry":{"type":"Point","coordinates":[8.1602371,48.4643908]},"properties":{"maxweight":"12"}},{"type":"Feature","geometry":{"type":"Point","coordinates":[8.5337511,48.311255]},"properties":{"hgv":"agricultural"}},{"type":"Feature","geometry":{"type":"Point","coordinates":[8.637863,48.654402]},"properties":{"hgv":"agricultural;forestry;destination"}},{"type":"Feature","geometry":{"type":"Point","coordinates":[8.2764342,48.1395401]},"properties":{"maxweight":"6 t"}},{"type":"Feature","geometry":{"type":"Point","coordinates":[8.9648696,48.8784064]},"properties":{"maxheight":"2.30"}},{"type":"Feature","geometry":{"type":"Point","coordinates":[8.5732635,48.9035972]},"properties":{"maxweight":"12"}},{"type":"Feature","geometry":{"type":"Point","coordinates":[8.6953519,48.8909333]},"properties":{"hgv":"destination"}},{"type":"Feature","geometry":{"type":"Point","coordinates":[8.6953138,48.891028]},"properties":{"hgv":"destination"}},{"type":"Feature","geometry":{"type":"Point","coordinates":[8.6972577,48.8904951]},"properties":{"hgv":"destination"}},{"type":"Feature","geometry":{"type":"Point","coordinates":[8.8866492,48.2950219]},"properties":{"maxweight":"6"}},{"type":"Feature","geometry":{"type":"Point","coordinates":[8.6048876,48.687031]},"properties":{"maxweight":"3"}},{"type":"Feature","geometry":{"type":"Point","coordinates":[8.5935591,48.6888655]},"properties":{"hgv":"forestry"}},{"type":"Feature","geometry":{"type":"Point","coordinates":[8.6035524,48.6775427]},"properties":{"maxweight":"3"}},{"type":"Feature","geometry":{"type":"Point","coordinates":[8.6047463,48.6812441]},"properties":{"maxweight":"3"}},{"type":"Feature","geometry":{"type":"Point","coordinates":[8.596336,48.688195]},"properties":{"hgv":"forestry"}},{"type":"Feature","geometry":{"type":"Point","coordinates":[8.6027298,48.6748306]},"properties":{"maxweight":"3"}},{"type":"Feature","geometry":{"type":"Point","coordinates":[8.6055091,48.685257]},"properties":{"maxweight":"3"}},{"type":"Feature","geometry":{"type":"Point","coordinates":[8.4796404,48.2947636]},"properties":{"hgv":"no"}},{"type":"Feature","geometry":{"type":"Point","coordinates":[8.481466,48.2935402]},"properties":{"hgv":"no"}},{"type":"Feature","geometry":{"type":"Point","coordinates":[8.8282479,48.5237546]},"properties":{"maxheight":"2","maxweight":"2.5"}},{"type":"Feature","geometry":{"type":"Point","coordinates":[8.8278945,48.5238428]},"properties":{"maxheight":"2.0","maxweight":"2.5"}},{"type":"Feature","geometry":{"type":"Point","coordinates":[8.8846203,48.250451]},"properties":{"maxweight":"1.5"}},{"type":"Feature","geometry":{"type":"Point","coordinates":[8.6546812,48.0027182]},"properties":{"maxheight":"default"}},{"type":"Feature","geometry":{"type":"Point","coordinates":[8.4808444,48.9473028]},"properties":{"hgv":"no"}},{"type":"Feature","geometry":{"type":"Point","coordinates":[8.4790765,48.6785087]},"properties":{"maxweight":"1.5"}},{"type":"Feature","geometry":{"type":"Point","coordinates":[8.1175366,48.846932]},"properties":{"hgv":"no"}},{"type":"Feature","geometry":{"type":"Point","coordinates":[8.4118622,48.9987519]},"properties":{"maxheight":"3.6"}},{"type":"Feature","geometry":{"type":"Point","coordinates":[8.0370535,48.6415911]},"properties":{"hgv":"delivery"}},{"type":"Feature","geometry":{"type":"Point","coordinates":[8.0368481,48.6410743]},"properties":{"hgv":"delivery"}},{"type":"Feature","geometry":{"type":"Point","coordinates":[8.6944608,48.6616906]},"properties":{"maxheight":"2.8","maxwidth":"2.8"}},{"type":"Feature","geometry":{"type":"Point","coordinates":[8.6871683,48.6913748]},"properties":{"maxweight":"5"}},{"type":"Feature","geometry":{"type":"Point","coordinates":[8.7331428,48.7716043]},"properties":{"maxheight":"2.2"}},{"type":"Feature","geometry":{"type":"Point","coordinates":[8.5587736,48.9606637]},"properties":{"hgv":"destination"}},{"type":"Feature","geometry":{"type":"Point","coordinates":[8.5593072,48.9602123]},"properties":{"hgv":"destination"}},{"type":"Feature","geometry":{"type":"Point","coordinates":[8.0878257,48.7246711]},"properties":{"maxweight":"6"}},{"type":"Feature","geometry":{"type":"Point","coordinates":[8.0864856,48.7247552]},"properties":{"maxweight":"6"}},{"type":"Feature","geometry":{"type":"Point","coordinates":[8.0938278,48.7477725]},"properties":{"maxweight":"16"}},{"type":"Feature","geometry":{"type":"Point","coordinates":[8.1238611,48.7367366]},"properties":{"maxweight":"7.5"}},{"type":"Feature","geometry":{"type":"Point","coordinates":[8.1239311,48.7365921]},"properties":{"maxweight":"7.5"}},{"type":"Feature","geometry":{"type":"Point","coordinates":[8.0937557,48.7477665]},"properties":{"maxweight":"16"}},{"type":"Feature","geometry":{"type":"Point","coordinates":[8.4013894,48.9942313]},"properties":{"maxheight":"3.4"}},{"type":"Feature","geometry":{"type":"Point","coordinates":[8.4466334,48.0714522]},"properties":{"maxheight":"3.2"}},{"type":"Feature","geometry":{"type":"Point","coordinates":[8.6884373,48.6903532]},"properties":{"maxweight":"5"}},{"type":"Feature","geometry":{"type":"Point","coordinates":[8.8540268,48.449932]},"properties":{"hgv":"no"}},{"type":"Feature","geometry":{"type":"Point","coordinates":[8.5345151,48.9909166]},"properties":{"hgv":"destination"}},{"type":"Feature","geometry":{"type":"Point","coordinates":[8.5338679,48.9941642]},"properties":{"hgv":"destination"}},{"type":"Feature","geometry":{"type":"Point","coordinates":[8.5823973,48.0901601]},"properties":{"maxweight":"45"}},{"type":"Feature","geometry":{"type":"Point","coordinates":[8.4194407,48.8937026]},"properties":{"hgv":"destination"}},{"type":"Feature","geometry":{"type":"Point","coordinates":[8.9419788,48.6593745]},"properties":{"maxweight":"5"}},{"type":"Feature","geometry":{"type":"Point","coordinates":[8.1999513,48.2714609]},"properties":{"maxweight":"12"}},{"type":"Feature","geometry":{"type":"Point","coordinates":[8.052929,48.757928]},"properties":{"maxweight":"12"}},{"type":"Feature","geometry":{"type":"Point","coordinates":[8.8439227,48.5244882]},"properties":{"maxheight":"default"}},{"type":"Feature","geometry":{"type":"Point","coordinates":[8.8435559,48.5481533]},"properties":{"maxheight":"default"}},{"type":"Feature","geometry":{"type":"Point","coordinates":[8.8440741,48.5485637]},"properties":{"hgv":"destination"}},{"type":"Feature","geometry":{"type":"Point","coordinates":[8.8443281,48.5186241]},"properties":{"maxheight":"default"}},{"type":"Feature","geometry":{"type":"Point","coordinates":[8.2168409,48.2389229]},"properties":{"maxheight":"3.9"}},{"type":"Feature","geometry":{"type":"Point","coordinates":[8.5840784,48.0917782]},"properties":{"maxweight":"6"}},{"type":"Feature","geometry":{"type":"Point","coordinates":[8.7378232,48.7136952]},"properties":{"maxheight":"3.0"}},{"type":"Feature","geometry":{"type":"Point","coordinates":[8.8794767,48.5776618]},"properties":{"hgv":"destination","maxweightrating:hgv":"7.5"}},{"type":"Feature","geometry":{"type":"Point","coordinates":[8.8688645,48.8287873]},"properties":{"hgv":"no"}},{"type":"Feature","geometry":{"type":"Point","coordinates":[8.1236446,48.6889448]},"properties":{"maxweight":"9"}},{"type":"Feature","geometry":{"type":"Point","coordinates":[8.9436679,48.4725555]},"properties":{"maxheight":"default"}},{"type":"Feature","geometry":{"type":"Point","coordinates":[8.0318294,48.016185]},"properties":{"maxheight":"3"}},{"type":"Feature","geometry":{"type":"Point","coordinates":[8.2024793,48.7153811]},"properties":{"maxweight":"16"}},{"type":"Feature","geometry":{"type":"Point","coordinates":[8.2032274,48.7156648]},"properties":{"maxweight":"16"}},{"type":"Feature","geometry":{"type":"Point","coordinates":[8.8788608,48.5757525]},"properties":{"hgv":"destination","maxweightrating:hgv":"7.5"}},{"type":"Feature","geometry":{"type":"Point","coordinates":[8.1289843,48.6537426]},"properties":{"hgv":"no","maxweight":"6"}},{"type":"Feature","geometry":{"type":"Point","coordinates":[8.1285164,48.6535275]},"properties":{"hgv":"no","maxweight":"6"}},{"type":"Feature","geometry":{"type":"Point","coordinates":[8.5844591,48.0792929]},"properties":{"maxheight":"default"}},{"type":"Feature","geometry":{"type":"Point","coordinates":[8.9681519,48.5379017]},"properties":{"maxheight":"default"}},{"type":"Feature","geometry":{"type":"Point","coordinates":[8.6340629,48.1586584]},"properties":{"maxweight":"2.8"}},{"type":"Feature","geometry":{"type":"Point","coordinates":[8.7372285,48.7163111]},"properties":{"maxheight":"2"}},{"type":"Feature","geometry":{"type":"Point","coordinates":[8.9772777,48.7893675]},"properties":{"maxheight":"default"}},{"type":"Feature","geometry":{"type":"Point","coordinates":[8.9986696,48.7424594]},"properties":{"maxweightrating:hgv":"7.5"}},{"type":"Feature","geometry":{"type":"Point","coordinates":[8.3286762,48.7970782]},"properties":{"maxheight":"2"}},{"type":"Feature","geometry":{"type":"Point","coordinates":[8.3287312,48.7972319]},"properties":{"maxheight":"2"}},{"type":"Feature","geometry":{"type":"Point","coordinates":[8.3290194,48.7968556]},"properties":{"maxheight":"2"}},{"type":"Feature","geometry":{"type":"Point","coordinates":[8.1697076,48.4771482]},"properties":{"maxweight":"30"}},{"type":"Feature","geometry":{"type":"Point","coordinates":[8.1830606,48.668949]},"properties":{"maxwidth":"2"}},{"type":"Feature","geometry":{"type":"Point","coordinates":[8.5824861,48.0720685]},"properties":{"hgv":"no","maxweight":"3","maxweightrating":"3"}},{"type":"Feature","geometry":{"type":"Point","coordinates":[8.5082546,48.485612]},"properties":{"hgv":"no"}},{"type":"Feature","geometry":{"type":"Point","coordinates":[8.2037516,48.2675086]},"properties":{"maxwidth":"4.5"}},{"type":"Feature","geometry":{"type":"Point","coordinates":[8.4984555,48.4668015]},"properties":{"hgv":"agricultural"}},{"type":"Feature","geometry":{"type":"Point","coordinates":[8.4994637,48.4655691]},"properties":{"hgv":"agricultural"}},{"type":"Feature","geometry":{"type":"Point","coordinates":[8.7822686,48.4796578]},"properties":{"maxheight":"2.5"}},{"type":"Feature","geometry":{"type":"Point","coordinates":[8.907698,48.7716226]},"properties":{"maxweight":"3.5"}},{"type":"Feature","geometry":{"type":"Point","coordinates":[8.9077179,48.7716893]},"properties":{"maxweight":"3.5"}},{"type":"Feature","geometry":{"type":"Point","coordinates":[8.3486056,48.6670107]},"properties":{"maxweight":"40"}},{"type":"Feature","geometry":{"type":"Point","coordinates":[8.8412622,48.9519169]},"properties":{"maxheight":"default"}},{"type":"Feature","geometry":{"type":"Point","coordinates":[8.3988319,48.9962366]},"properties":{"maxheight":"2.5","maxweight":"2.0"}},{"type":"Feature","geometry":{"type":"Point","coordinates":[8.0634834,48.778823]},"properties":{"hgv":"destination"}},{"type":"Feature","geometry":{"type":"Point","coordinates":[8.5001447,48.9201703]},"properties":{"maxwidth":"2.1","maxweight":"2.5"}},{"type":"Feature","geometry":{"type":"Point","coordinates":[8.6733035,48.1260422]},"properties":{"maxheight":"3.3","maxweight":"12"}},{"type":"Feature","geometry":{"type":"Point","coordinates":[8.9029921,48.771803]},"properties":{"hgv":"no"}},{"type":"Feature","geometry":{"type":"Point","coordinates":[8.8055253,48.4929642]},"properties":{"maxweight":"3.5"}},{"type":"Feature","geometry":{"type":"Point","coordinates":[8.8543197,48.8987433]},"properties":{"maxweight":"8"}},{"type":"Feature","geometry":{"type":"Point","coordinates":[8.7016877,48.4498067]},"properties":{"maxheight":"none"}},{"type":"Feature","geometry":{"type":"Point","coordinates":[8.5799383,48.7815904]},"properties":{"maxweight":"1.5"}},{"type":"Feature","geometry":{"type":"Point","coordinates":[8.534464,48.0123697]},"properties":{"maxweight":"7.5"}},{"type":"Feature","geometry":{"type":"Point","coordinates":[8.9852695,48.0574105]},"properties":{"maxheight:physical":"4.6"}},{"type":"Feature","geometry":{"type":"Point","coordinates":[8.9150307,48.2220967]},"properties":{"maxweight":"3.5"}},{"type":"Feature","geometry":{"type":"Point","coordinates":[8.9526152,48.2134266]},"properties":{"maxweight":"3.5"}},{"type":"Feature","geometry":{"type":"Point","coordinates":[8.9599475,48.213822]},"properties":{"maxweight":"3.5"}},{"type":"Feature","geometry":{"type":"Point","coordinates":[8.9590489,48.2138538]},"properties":{"maxweight":"3.5"}},{"type":"Feature","geometry":{"type":"Point","coordinates":[8.5788035,48.0717142]},"properties":{"maxweight":"30"}},{"type":"Feature","geometry":{"type":"Point","coordinates":[8.575433,48.0767744]},"properties":{"maxheight":"3.9"}},{"type":"Feature","geometry":{"type":"Point","coordinates":[8.2038586,48.7820239]},"properties":{"maxlength":"10"}},{"type":"Feature","geometry":{"type":"Point","coordinates":[8.9299143,48.7654436]},"properties":{"hgv":"no"}},{"type":"Feature","geometry":{"type":"Point","coordinates":[8.9726335,48.0650934]},"properties":{"maxweight":"2"}},{"type":"Feature","geometry":{"type":"Point","coordinates":[8.6815365,48.3846206]},"properties":{"hgv":"destination"}},{"type":"Feature","geometry":{"type":"Point","coordinates":[8.6337412,48.3648251]},"properties":{"maxweight":"7.5 t"}},{"type":"Feature","geometry":{"type":"Point","coordinates":[8.6337248,48.3649151]},"properties":{"maxweight":"7.5"}},{"type":"Feature","geometry":{"type":"Point","coordinates":[8.1376138,48.7145829]},"properties":{"maxheight":"none"}},{"type":"Feature","geometry":{"type":"Point","coordinates":[8.1731567,48.7707225]},"properties":{"maxheight":"none"}},{"type":"Feature","geometry":{"type":"Point","coordinates":[8.3646348,48.7139459]},"properties":{"maxheight":"2.8"}},{"type":"Feature","geometry":{"type":"Point","coordinates":[8.6993549,48.4512938]},"properties":{"maxheight":"none"}},{"type":"Feature","geometry":{"type":"Point","coordinates":[8.6966904,48.4526541]},"properties":{"maxheight":"none"}},{"type":"Feature","geometry":{"type":"Point","coordinates":[8.6969023,48.4519124]},"properties":{"maxheight":"none"}},{"type":"Feature","geometry":{"type":"Point","coordinates":[8.6962069,48.4531218]},"properties":{"maxheight":"none"}},{"type":"Feature","geometry":{"type":"Point","coordinates":[8.48847,48.4841122]},"properties":{"maxweight":"3.5"}},{"type":"Feature","geometry":{"type":"Point","coordinates":[8.2953516,48.4742343]},"properties":{"hgv":"delivery"}},{"type":"Feature","geometry":{"type":"Point","coordinates":[8.2952232,48.4739816]},"properties":{"hgv":"delivery"}},{"type":"Feature","geometry":{"type":"Point","coordinates":[8.5041328,48.9101705]},"properties":{"maxweight":"7.5"}},{"type":"Feature","geometry":{"type":"Point","coordinates":[8.4705966,48.0554082]},"properties":{"maxheight":"2.4"}},{"type":"Feature","geometry":{"type":"Point","coordinates":[8.0028423,48.7203024]},"properties":{"hgv":"no"}},{"type":"Feature","geometry":{"type":"Point","coordinates":[8.0026824,48.72038]},"properties":{"hgv":"no"}},{"type":"Feature","geometry":{"type":"Point","coordinates":[8.0728551,48.6080731]},"properties":{"maxheight":"default"}},{"type":"Feature","geometry":{"type":"Point","coordinates":[8.3458011,48.3581046]},"properties":{"maxweight":"12"}},{"type":"Feature","geometry":{"type":"Point","coordinates":[8.5300714,48.1936178]},"properties":{"maxweight":"7.5"}},{"type":"Feature","geometry":{"type":"Point","coordinates":[8.4344231,48.1563993]},"properties":{"maxweight":"3"}},{"type":"Feature","geometry":{"type":"Point","coordinates":[8.4918015,48.0670281]},"properties":{"maxweight":"3.5"}},{"type":"Feature","geometry":{"type":"Point","coordinates":[8.4923831,48.0669728]},"properties":{"maxweight":"3.5"}},{"type":"Feature","geometry":{"type":"Point","coordinates":[8.144327,48.3833823]},"properties":{"maxweight":"40"}},{"type":"Feature","geometry":{"type":"Point","coordinates":[8.8277622,48.1174201]},"properties":{"maxweight":"3.5"}},{"type":"Feature","geometry":{"type":"Point","coordinates":[8.4947249,48.9021955]},"properties":{"maxweight":"7.5"}},{"type":"Feature","geometry":{"type":"Point","coordinates":[8.5707226,48.0442326]},"properties":{"maxheight":"default"}},{"type":"Feature","geometry":{"type":"Point","coordinates":[8.4590737,48.991837]},"properties":{"maxweight":"1.5"}},{"type":"Feature","geometry":{"type":"Point","coordinates":[8.0241436,48.3334238]},"properties":{"maxheight":"default"}},{"type":"Feature","geometry":{"type":"Point","coordinates":[8.5018474,48.211972]},"properties":{"hgv":"no"}},{"type":"Feature","geometry":{"type":"Point","coordinates":[8.0906309,48.0134508]},"properties":{"maxweight":"12"}},{"type":"Feature","geometry":{"type":"Point","coordinates":[8.0336955,48.0158187]},"properties":{"maxweight":"2.8"}},{"type":"Feature","geometry":{"type":"Point","coordinates":[8.9077477,48.7718081]},"properties":{"maxweight":"3.5"}},{"type":"Feature","geometry":{"type":"Point","coordinates":[8.3374553,48.9757873]},"properties":{"maxheight":"2.5"}},{"type":"Feature","geometry":{"type":"Point","coordinates":[8.3380388,48.9758994]},"properties":{"maxheight":"2.5"}},{"type":"Feature","geometry":{"type":"Point","coordinates":[8.3671511,48.7133819]},"properties":{"maxweight":"12"}},{"type":"Feature","geometry":{"type":"Point","coordinates":[8.6697195,48.8866235]},"properties":{"maxweight":"2.8"}},{"type":"Feature","geometry":{"type":"Point","coordinates":[8.6700964,48.8869897]},"properties":{"maxweight":"2.8"}},{"type":"Feature","geometry":{"type":"Point","coordinates":[8.6700684,48.8866251]},"properties":{"maxweight":"2.8"}},{"type":"Feature","geometry":{"type":"Point","coordinates":[8.7413616,48.2394808]},"properties":{"hgv":"no"}},{"type":"Feature","geometry":{"type":"Point","coordinates":[8.4448632,48.4965386]},"properties":{"maxweight":"6"}},{"type":"Feature","geometry":{"type":"Point","coordinates":[8.4814224,48.4839]},"properties":{"maxweight":"3.5"}},{"type":"Feature","geometry":{"type":"Point","coordinates":[8.6537577,48.4447003]},"properties":{"maxweight":"3.5"}},{"type":"Feature","geometry":{"type":"Point","coordinates":[8.3382793,48.9758472]},"properties":{"maxheight":"2.5"}},{"type":"Feature","geometry":{"type":"Point","coordinates":[8.3380308,48.9753064]},"properties":{"maxheight":"2.5"}},{"type":"Feature","geometry":{"type":"Point","coordinates":[8.3385242,48.9757958]},"properties":{"maxheight":"2.5"}},{"type":"Feature","geometry":{"type":"Point","coordinates":[8.3377992,48.975948]},"properties":{"maxheight":"2.5"}},{"type":"Feature","geometry":{"type":"Point","coordinates":[8.3387563,48.9751544]},"properties":{"maxheight":"2.5"}},{"type":"Feature","geometry":{"type":"Point","coordinates":[8.3387713,48.9757438]},"properties":{"maxheight":"2.5"}},{"type":"Feature","geometry":{"type":"Point","coordinates":[8.3380388,48.9758994]},"properties":{"maxheight":"2.5"}},{"type":"Feature","geometry":{"type":"Point","coordinates":[8.337544,48.9759764]},"properties":{"maxheight":"2.5"}},{"type":"Feature","geometry":{"type":"Point","coordinates":[8.4077757,48.9415031]},"properties":{"maxheight":"3","maxweight":"5"}},{"type":"Feature","geometry":{"type":"Point","coordinates":[8.4004105,48.5247441]},"properties":{"maxweight":"3.5"}},{"type":"Feature","geometry":{"type":"Point","coordinates":[8.7912767,48.4436824]},"properties":{"maxlength":"10"}},{"type":"Feature","geometry":{"type":"Point","coordinates":[8.3908698,48.4277554]},"properties":{"goods":"yes"}},{"type":"Feature","geometry":{"type":"Point","coordinates":[8.0132415,48.7524996]},"properties":{"hgv":"delivery"}},{"type":"Feature","geometry":{"type":"Point","coordinates":[8.8604034,48.0807679]},"properties":{"maxweight":"6t"}},{"type":"Feature","geometry":{"type":"Point","coordinates":[8.6449697,48.1579094]},"properties":{"hgv":"no"}},{"type":"Feature","geometry":{"type":"Point","coordinates":[8.5428808,48.4108127]},"properties":{"hgv":"destination"}},{"type":"Feature","geometry":{"type":"Point","coordinates":[8.3015267,48.0450719]},"properties":{"maxweight":"2.8"}},{"type":"Feature","geometry":{"type":"Point","coordinates":[8.0614717,48.353899]},"properties":{"maxweight":"5"}},{"type":"Feature","geometry":{"type":"Point","coordinates":[8.0756053,48.3951199]},"properties":{"maxweight":"12"}},{"type":"Feature","geometry":{"type":"Point","coordinates":[8.11007,48.595374]},"properties":{"maxheight":"default"}},{"type":"Feature","geometry":{"type":"Point","coordinates":[8.0424832,48.6378083]},"properties":{"maxweightrating:hgv":"7.5"}},{"type":"Feature","geometry":{"type":"Point","coordinates":[8.0425187,48.6379208]},"properties":{"maxweightrating:hgv":"7.5"}},{"type":"Feature","geometry":{"type":"Point","coordinates":[8.3837212,48.9569359]},"properties":{"maxheight":"none"}},{"type":"Feature","geometry":{"type":"Point","coordinates":[8.1879044,48.2888055]},"properties":{"maxweight":"2.8"}},{"type":"Feature","geometry":{"type":"Point","coordinates":[8.1806642,48.2883404]},"properties":{"maxweight":"2.8"}},{"type":"Feature","geometry":{"type":"Point","coordinates":[8.6238727,48.3590827]},"properties":{"hgv":"no"}},{"type":"Feature","geometry":{"type":"Point","coordinates":[8.7669788,48.402363]},"properties":{"hgv":"no","maxwidth":"2","maxweight":"2.8"}},{"type":"Feature","geometry":{"type":"Point","coordinates":[8.4722386,48.8949926]},"properties":{"maxweight":"7.5"}},{"type":"Feature","geometry":{"type":"Point","coordinates":[8.5216812,48.0241471]},"properties":{"maxheight":"below_default"}},{"type":"Feature","geometry":{"type":"Point","coordinates":[8.1053082,48.007414]},"properties":{"maxweight":"12"}},{"type":"Feature","geometry":{"type":"Point","coordinates":[8.4342705,48.9986782]},"properties":{"hgv":"no"}},{"type":"Feature","geometry":{"type":"Point","coordinates":[8.7508693,48.708017]},"properties":{"maxweight":"2.8"}},{"type":"Feature","geometry":{"type":"Point","coordinates":[8.5277573,48.0284745]},"properties":{"hgv":"no"}},{"type":"Feature","geometry":{"type":"Point","coordinates":[8.8054567,48.4965533]},"properties":{"hgv":"no"}},{"type":"Feature","geometry":{"type":"Point","coordinates":[8.4064232,48.4595248]},"properties":{"maxweight":"30"}},{"type":"Feature","geometry":{"type":"Point","coordinates":[8.879209,48.8259193]},"properties":{"maxheight":"default"}},{"type":"Feature","geometry":{"type":"Point","coordinates":[8.2858428,48.5324579]},"properties":{"maxweight":"30"}},{"type":"Feature","geometry":{"type":"Point","coordinates":[8.2642814,48.5261286]},"properties":{"maxweight":"1.5"}},{"type":"Feature","geometry":{"type":"Point","coordinates":[8.8688136,48.7466472]},"properties":{"hgv":"no"}},{"type":"Feature","geometry":{"type":"Point","coordinates":[8.8286909,48.7630923]},"properties":{"maxweight":"7.5"}},{"type":"Feature","geometry":{"type":"Point","coordinates":[8.8260431,48.7615458]},"properties":{"maxweight":"7.5"}},{"type":"Feature","geometry":{"type":"Point","coordinates":[8.9780265,48.9503143]},"properties":{"hgv":"no"}},{"type":"Feature","geometry":{"type":"Point","coordinates":[8.9783286,48.9502321]},"properties":{"hgv":"no"}},{"type":"Feature","geometry":{"type":"Point","coordinates":[8.6838318,48.3842588]},"properties":{"hgv":"destination"}},{"type":"Feature","geometry":{"type":"Point","coordinates":[8.0237124,48.3912834]},"properties":{"maxweight":"6"}},{"type":"Feature","geometry":{"type":"Point","coordinates":[8.4348559,48.0753313]},"properties":{"hgv":"no"}},{"type":"Feature","geometry":{"type":"Point","coordinates":[8.1812761,48.9769899]},"properties":{"maxheight":"2.2"}},{"type":"Feature","geometry":{"type":"Point","coordinates":[8.3840739,48.5212049]},"properties":{"hgv":"destination"}},{"type":"Feature","geometry":{"type":"Point","coordinates":[8.089513,48.2818046]},"properties":{"maxweight":"7.5"}},{"type":"Feature","geometry":{"type":"Point","coordinates":[8.8994266,48.2980026]},"properties":{"hgv":"no"}},{"type":"Feature","geometry":{"type":"Point","coordinates":[8.7525024,48.9878024]},"properties":{"goods":"destination"}},{"type":"Feature","geometry":{"type":"Point","coordinates":[8.7541096,48.9863051]},"properties":{"goods":"destination"}},{"type":"Feature","geometry":{"type":"Point","coordinates":[8.3906009,48.9815872]},"properties":{"maxweight":"3"}},{"type":"Feature","geometry":{"type":"Point","coordinates":[8.0176141,48.3938345]},"properties":{"maxheight":"default"}},{"type":"Feature","geometry":{"type":"Point","coordinates":[8.6104644,48.9645962]},"properties":{"hgv":"no"}},{"type":"Feature","geometry":{"type":"Point","coordinates":[8.506642,48.9153944]},"properties":{"maxweight":"7.5"}},{"type":"Feature","geometry":{"type":"Point","coordinates":[8.6025479,48.9668451]},"properties":{"hgv":"destination"}},{"type":"Feature","geometry":{"type":"Point","coordinates":[8.7147221,48.9599791]},"properties":{"hgv":"no"}},{"type":"Feature","geometry":{"type":"Point","coordinates":[8.2324438,48.1754193]},"properties":{"maxweight":"16"}},{"type":"Feature","geometry":{"type":"Point","coordinates":[8.6313701,48.9586365]},"properties":{"maxweight":"2.8"}},{"type":"Feature","geometry":{"type":"Point","coordinates":[8.6284465,48.9580447]},"properties":{"maxweight":"2.8"}},{"type":"Feature","geometry":{"type":"Point","coordinates":[8.6239762,48.9565445]},"properties":{"maxweight":"2.8"}},{"type":"Feature","geometry":{"type":"Point","coordinates":[8.2304212,48.2131826]},"properties":{"hgv":"destination"}},{"type":"Feature","geometry":{"type":"Point","coordinates":[8.0956022,48.538753]},"properties":{"hgv":"delivery"}},{"type":"Feature","geometry":{"type":"Point","coordinates":[8.6104413,48.9654322]},"properties":{"hgv":"destination"}},{"type":"Feature","geometry":{"type":"Point","coordinates":[8.6149103,48.9641073]},"properties":{"hgv":"no"}},{"type":"Feature","geometry":{"type":"Point","coordinates":[8.1567797,48.4739011]},"properties":{"hgv":"destination"}},{"type":"Feature","geometry":{"type":"Point","coordinates":[8.155176,48.4298155]},"properties":{"maxweight":"1.8"}},{"type":"Feature","geometry":{"type":"Point","coordinates":[8.5418387,48.7503841]},"properties":{"maxweight":"30"}},{"type":"Feature","geometry":{"type":"Point","coordinates":[8.1873391,48.7896339]},"properties":{"maxheight":"2.1"}},{"type":"Feature","geometry":{"type":"Point","coordinates":[8.1871714,48.7895017]},"properties":{"maxheight":"2.1"}},{"type":"Feature","geometry":{"type":"Point","coordinates":[8.5387945,48.0645791]},"properties":{"maxheight":"2"}},{"type":"Feature","geometry":{"type":"Point","coordinates":[8.8792445,48.580466]},"properties":{"hgv":"destination","maxweightrating:hgv":"7.5"}},{"type":"Feature","geometry":{"type":"Point","coordinates":[8.8776928,48.5798981]},"properties":{"hgv":"destination","maxweightrating:hgv":"7.5"}},{"type":"Feature","geometry":{"type":"Point","coordinates":[8.5599696,48.9981654]},"properties":{"maxweight":"3.5"}},{"type":"Feature","geometry":{"type":"Point","coordinates":[8.4991497,48.9441836]},"properties":{"maxheight":"default"}},{"type":"Feature","geometry":{"type":"Point","coordinates":[8.0775969,48.175984]},"properties":{"maxheight":"default"}},{"type":"Feature","geometry":{"type":"Point","coordinates":[8.0955752,48.0748228]},"properties":{"maxweight":"12"}},{"type":"Feature","geometry":{"type":"Point","coordinates":[8.0955345,48.0746806]},"properties":{"maxweight":"12"}},{"type":"Feature","geometry":{"type":"Point","coordinates":[8.5471883,48.7455301]},"properties":{"maxweight":"7.5"}},{"type":"Feature","geometry":{"type":"Point","coordinates":[8.5484019,48.7464724]},"properties":{"maxweight":"7.5"}},{"type":"Feature","geometry":{"type":"Point","coordinates":[8.6250696,48.9407215]},"properties":{"maxheight":"4"}},{"type":"Feature","geometry":{"type":"Point","coordinates":[8.7585592,48.918013]},"properties":{"maxweight":"2.8"}},{"type":"Feature","geometry":{"type":"Point","coordinates":[8.7348297,48.9136633]},"properties":{"maxweight":"3.5"}},{"type":"Feature","geometry":{"type":"Point","coordinates":[8.7458412,48.9158408]},"properties":{"hgv":"no"}},{"type":"Feature","geometry":{"type":"Point","coordinates":[8.7534008,48.9193858]},"properties":{"maxweight":"2.8"}},{"type":"Feature","geometry":{"type":"Point","coordinates":[8.7542297,48.9183607]},"properties":{"maxweight":"2.9"}},{"type":"Feature","geometry":{"type":"Point","coordinates":[8.0410364,48.5271509]},"properties":{"maxweight":"2"}},{"type":"Feature","geometry":{"type":"Point","coordinates":[8.8344428,48.9511551]},"properties":{"maxheight":"4"}},{"type":"Feature","geometry":{"type":"Point","coordinates":[8.7872633,48.9740716]},"properties":{"goods":"no"}},{"type":"Feature","geometry":{"type":"Point","coordinates":[8.8303443,48.9902838]},"properties":{"maxwidth":"4.2"}},{"type":"Feature","geometry":{"type":"Point","coordinates":[8.8304439,48.9900043]},"properties":{"maxwidth":"4.2"}},{"type":"Feature","geometry":{"type":"Point","coordinates":[8.8306341,48.9865135]},"properties":{"maxwidth":"4.2"}},{"type":"Feature","geometry":{"type":"Point","coordinates":[8.7469959,48.9008027]},"properties":{"maxweight":"2.8"}},{"type":"Feature","geometry":{"type":"Point","coordinates":[8.7814759,48.9101907]},"properties":{"maxweight":"2.8"}},{"type":"Feature","geometry":{"type":"Point","coordinates":[8.5871364,48.8525058]},"properties":{"hgv":"destination"}},{"type":"Feature","geometry":{"type":"Point","coordinates":[8.5536343,48.9666331]},"properties":{"hgv":"destination"}},{"type":"Feature","geometry":{"type":"Point","coordinates":[8.5582667,48.9609829]},"properties":{"hgv":"destination"}},{"type":"Feature","geometry":{"type":"Point","coordinates":[8.549112,48.9762584]},"properties":{"hgv":"destination"}},{"type":"Feature","geometry":{"type":"Point","coordinates":[8.5479025,48.9722908]},"properties":{"hgv":"destination"}},{"type":"Feature","geometry":{"type":"Point","coordinates":[8.5521219,48.965356]},"properties":{"hgv":"no"}},{"type":"Feature","geometry":{"type":"Point","coordinates":[8.553869,48.9660973]},"properties":{"hgv":"destination"}},{"type":"Feature","geometry":{"type":"Point","coordinates":[8.5538408,48.9662401]},"properties":{"hgv":"destination"}},{"type":"Feature","geometry":{"type":"Point","coordinates":[8.5541139,48.9673445]},"properties":{"hgv":"destination"}},{"type":"Feature","geometry":{"type":"Point","coordinates":[8.5520998,48.9695572]},"properties":{"hgv":"destination"}},{"type":"Feature","geometry":{"type":"Point","coordinates":[8.5802799,48.9545675]},"properties":{"maxweight":"12"}},{"type":"Feature","geometry":{"type":"Point","coordinates":[8.5786105,48.9546218]},"properties":{"maxweight":"7.5"}},{"type":"Feature","geometry":{"type":"Point","coordinates":[8.6335926,48.9315448]},"properties":{"maxheight":"2.6"}},{"type":"Feature","geometry":{"type":"Point","coordinates":[8.6799248,48.9098364]},"properties":{"maxheight":"default"}},{"type":"Feature","geometry":{"type":"Point","coordinates":[8.6748728,48.91565]},"properties":{"maxweight":"3.5"}},{"type":"Feature","geometry":{"type":"Point","coordinates":[8.6677485,48.9144796]},"properties":{"goods":"yes"}},{"type":"Feature","geometry":{"type":"Point","coordinates":[8.6664217,48.9135974]},"properties":{"hgv":"yes","goods":"yes"}},{"type":"Feature","geometry":{"type":"Point","coordinates":[8.6660916,48.9140891]},"properties":{"hgv":"yes","goods":"yes"}},{"type":"Feature","geometry":{"type":"Point","coordinates":[8.6767468,48.9121872]},"properties":{"maxheight":"3.6"}},{"type":"Feature","geometry":{"type":"Point","coordinates":[8.675942,48.9130474]},"properties":{"maxheight":"3.6"}},{"type":"Feature","geometry":{"type":"Point","coordinates":[8.6731651,48.9140488]},"properties":{"hgv":"no"}},{"type":"Feature","geometry":{"type":"Point","coordinates":[8.1953468,48.2815789]},"properties":{"hgv":"destination"}},{"type":"Feature","geometry":{"type":"Point","coordinates":[8.1929203,48.2816773]},"properties":{"maxlength":"10"}},{"type":"Feature","geometry":{"type":"Point","coordinates":[8.1974435,48.2805628]},"properties":{"maxweight":"6"}},{"type":"Feature","geometry":{"type":"Point","coordinates":[8.6650848,48.9176008]},"properties":{"maxheight":"3.9","maxweight":"2.8"}},{"type":"Feature","geometry":{"type":"Point","coordinates":[8.6430211,48.9292885]},"properties":{"maxweight":"12"}},{"type":"Feature","geometry":{"type":"Point","coordinates":[8.6467298,48.9284053]},"properties":{"maxweight":"12"}},{"type":"Feature","geometry":{"type":"Point","coordinates":[8.7988099,48.9486686]},"properties":{"hgv":"no","goods":"destination"}},{"type":"Feature","geometry":{"type":"Point","coordinates":[8.2149626,48.284136]},"properties":{"maxweight":"7.5"}},{"type":"Feature","geometry":{"type":"Point","coordinates":[8.8191571,48.8719386]},"properties":{"hgv":"destination","maxweight":"7.5"}},{"type":"Feature","geometry":{"type":"Point","coordinates":[8.2156354,48.2811877]},"properties":{"maxweight":"7.5"}},{"type":"Feature","geometry":{"type":"Point","coordinates":[8.7605708,48.9177588]},"properties":{"maxheight":"default"}},{"type":"Feature","geometry":{"type":"Point","coordinates":[8.7580747,48.9208292]},"properties":{"maxweight":"6"}},{"type":"Feature","geometry":{"type":"Point","coordinates":[8.7736832,48.9218993]},"properties":{"maxweight":"6"}},{"type":"Feature","geometry":{"type":"Point","coordinates":[8.7596037,48.9166369]},"properties":{"maxweight":"2.8"}},{"type":"Feature","geometry":{"type":"Point","coordinates":[8.7626714,48.9189356]},"properties":{"maxweight":"6"}},{"type":"Feature","geometry":{"type":"Point","coordinates":[8.3309283,48.2175392]},"properties":{"maxweight":"6"}},{"type":"Feature","geometry":{"type":"Point","coordinates":[8.405266,48.9938123]},"properties":{"maxheight":"below_default"}},{"type":"Feature","geometry":{"type":"Point","coordinates":[8.4052493,48.9936868]},"properties":{"maxheight":"below_default"}},{"type":"Feature","geometry":{"type":"Point","coordinates":[8.4054211,48.9934086]},"properties":{"maxheight":"default"}},{"type":"Feature","geometry":{"type":"Point","coordinates":[8.4049159,48.9944024]},"properties":{"maxheight":"below_default"}},{"type":"Feature","geometry":{"type":"Point","coordinates":[8.8155737,48.9085757]},"properties":{"maxweight":"12"}},{"type":"Feature","geometry":{"type":"Point","coordinates":[8.4055296,48.9815226]},"properties":{"maxheight":"1.95"}},{"type":"Feature","geometry":{"type":"Point","coordinates":[8.1729023,48.3457547]},"properties":{"hgv":"agricultural","maxweight":"7.5"}},{"type":"Feature","geometry":{"type":"Point","coordinates":[8.4648745,48.9999941]},"properties":{"hgv":"destination"}},{"type":"Feature","geometry":{"type":"Point","coordinates":[8.4680761,48.9993652]},"properties":{"hgv":"destination"}},{"type":"Feature","geometry":{"type":"Point","coordinates":[8.4664708,48.9996478]},"properties":{"hgv":"destination"}},{"type":"Feature","geometry":{"type":"Point","coordinates":[8.0119405,48.5864614]},"properties":{"maxweight":"7.5"}},{"type":"Feature","geometry":{"type":"Point","coordinates":[8.0152425,48.589515]},"properties":{"maxweight":"7.5"}},{"type":"Feature","geometry":{"type":"Point","coordinates":[8.0138912,48.5882874]},"properties":{"maxweight":"7.5"}},{"type":"Feature","geometry":{"type":"Point","coordinates":[8.8217337,48.0006194]},"properties":{"maxweight":"7.5"}},{"type":"Feature","geometry":{"type":"Point","coordinates":[8.1551152,48.6192604]},"properties":{"hgv":"destination"}},{"type":"Feature","geometry":{"type":"Point","coordinates":[8.5957147,48.0850792]},"properties":{"maxheight":"default"}},{"type":"Feature","geometry":{"type":"Point","coordinates":[8.957306,48.742972]},"properties":{"hgv":"destination"}},{"type":"Feature","geometry":{"type":"Point","coordinates":[8.9447535,48.9374297]},"properties":{"hgv":"destination","maxweight":"7.5"}},{"type":"Feature","geometry":{"type":"Point","coordinates":[8.549068,48.9829131]},"properties":{"hgv":"destination"}},{"type":"Feature","geometry":{"type":"Point","coordinates":[8.5345028,48.9908341]},"properties":{"hgv":"destination"}},{"type":"Feature","geometry":{"type":"Point","coordinates":[8.2296143,48.1875974]},"properties":{"hgv":"destination"}},{"type":"Feature","geometry":{"type":"Point","coordinates":[8.5653046,48.5245063]},"properties":{"hgv":"no"}},{"type":"Feature","geometry":{"type":"Point","coordinates":[8.2039866,48.2671015]},"properties":{"maxweight":"6"}},{"type":"Feature","geometry":{"type":"Point","coordinates":[8.3608203,48.9969582]},"properties":{"maxweight":"3.5"}},{"type":"Feature","geometry":{"type":"Point","coordinates":[8.8770281,48.5806955]},"properties":{"hgv":"destination","maxweightrating:hgv":"7.5"}},{"type":"Feature","geometry":{"type":"Point","coordinates":[8.4026706,48.9846079]},"properties":{"maxheight":"3.5"}},{"type":"Feature","geometry":{"type":"Point","coordinates":[8.9425303,48.8123514]},"properties":{"maxweightrating:hgv":"7.5"}},{"type":"Feature","geometry":{"type":"Point","coordinates":[8.8938409,48.6408271]},"properties":{"hgv":"destination","maxweightrating":"7.5"}},{"type":"Feature","geometry":{"type":"Point","coordinates":[8.2404807,48.1250943]},"properties":{"maxweight":"5"}},{"type":"Feature","geometry":{"type":"Point","coordinates":[8.4452088,48.9876919]},"properties":{"maxheight":"none"}},{"type":"Feature","geometry":{"type":"Point","coordinates":[8.9309369,48.9523915]},"properties":{"hgv":"no"}},{"type":"Feature","geometry":{"type":"Point","coordinates":[8.432877,48.992005]},"properties":{"maxheight":"default"}},{"type":"Feature","geometry":{"type":"Point","coordinates":[8.4389939,48.9899852]},"properties":{"maxheight":"default"}},{"type":"Feature","geometry":{"type":"Point","coordinates":[8.4033382,48.9886478]},"properties":{"maxheight":"default"}},{"type":"Feature","geometry":{"type":"Point","coordinates":[8.3990015,48.9904558]},"properties":{"hgv":"no","maxweight":"3.5"}},{"type":"Feature","geometry":{"type":"Point","coordinates":[8.4037802,48.9898998]},"properties":{"maxheight":"default"}},{"type":"Feature","geometry":{"type":"Point","coordinates":[8.408788,48.9918138]},"properties":{"maxheight":"default"}},{"type":"Feature","geometry":{"type":"Point","coordinates":[8.4001011,48.9892267]},"properties":{"maxheight":"4.5"}},{"type":"Feature","geometry":{"type":"Point","coordinates":[8.4140936,48.4665283]},"properties":{"maxweight":"2.5"}},{"type":"Feature","geometry":{"type":"Point","coordinates":[8.8292297,48.5156254]},"properties":{"maxheight":"3.85"}},{"type":"Feature","geometry":{"type":"Point","coordinates":[8.3813526,48.9919341]},"properties":{"maxheight":"4.5"}},{"type":"Feature","geometry":{"type":"Point","coordinates":[8.3782933,48.992724]},"properties":{"maxheight":"4.5"}},{"type":"Feature","geometry":{"type":"Point","coordinates":[8.7107722,48.5887708]},"properties":{"maxweight":"6"}},{"type":"Feature","geometry":{"type":"Point","coordinates":[8.5021156,48.9082425]},"properties":{"maxweight":"7.5"}},{"type":"Feature","geometry":{"type":"Point","coordinates":[8.9457611,48.7215308]},"properties":{"maxheight":"default"}},{"type":"Feature","geometry":{"type":"Point","coordinates":[8.2014593,48.1030246]},"properties":{"maxheight":"1.8"}},{"type":"Feature","geometry":{"type":"Point","coordinates":[8.4447361,48.9721417]},"properties":{"maxheight":"default"}},{"type":"Feature","geometry":{"type":"Point","coordinates":[8.4451067,48.971886]},"properties":{"maxheight":"default"}},{"type":"Feature","geometry":{"type":"Point","coordinates":[8.8634796,48.9785192]},"properties":{"maxweight":"2.8"}},{"type":"Feature","geometry":{"type":"Point","coordinates":[8.8395633,48.9438781]},"properties":{"maxweight":"2.8"}},{"type":"Feature","geometry":{"type":"Point","coordinates":[8.8399159,48.9452383]},"properties":{"maxheight":"2"}},{"type":"Feature","geometry":{"type":"Point","coordinates":[8.0163295,48.0648936]},"properties":{"maxwidth":"2.3"}},{"type":"Feature","geometry":{"type":"Point","coordinates":[8.8936774,48.6358373]},"properties":{"hgv":"destination","maxweightrating":"7.5"}},{"type":"Feature","geometry":{"type":"Point","coordinates":[8.9667876,48.6807541]},"properties":{"maxheight":"default"}},{"type":"Feature","geometry":{"type":"Point","coordinates":[8.4911053,48.8978898]},"properties":{"maxweight":"7.5"}},{"type":"Feature","geometry":{"type":"Point","coordinates":[8.9611596,48.3616093]},"properties":{"maxweight":"20"}},{"type":"Feature","geometry":{"type":"Point","coordinates":[8.9690653,48.6846919]},"properties":{"maxheight":"default"}},{"type":"Feature","geometry":{"type":"Point","coordinates":[8.9688333,48.6896992]},"properties":{"maxheight":"default"}},{"type":"Feature","geometry":{"type":"Point","coordinates":[8.4521515,48.9999926]},"properties":{"hgv":"destination"}},{"type":"Feature","geometry":{"type":"Point","coordinates":[8.4407033,48.9963348]},"properties":{"maxheight":"default"}},{"type":"Feature","geometry":{"type":"Point","coordinates":[8.1247899,48.7132374]},"properties":{"maxweight":"7.5"}},{"type":"Feature","geometry":{"type":"Point","coordinates":[8.4636478,48.9965757]},"properties":{"maxheight":"2.8"}},{"type":"Feature","geometry":{"type":"Point","coordinates":[8.9686216,48.688618]},"properties":{"maxheight":"default"}},{"type":"Feature","geometry":{"type":"Point","coordinates":[8.5032517,48.9089417]},"properties":{"maxweight":"7.5"}},{"type":"Feature","geometry":{"type":"Point","coordinates":[8.5060211,48.913169]},"properties":{"maxweight":"7.5"}},{"type":"Feature","geometry":{"type":"Point","coordinates":[8.5062431,48.9135861]},"properties":{"maxweight":"7.5"}},{"type":"Feature","geometry":{"type":"Point","coordinates":[8.5058051,48.9128491]},"properties":{"maxweight":"7.5"}},{"type":"Feature","geometry":{"type":"Point","coordinates":[8.4900981,48.8953259]},"properties":{"maxweight":"7.5"}},{"type":"Feature","geometry":{"type":"Point","coordinates":[8.3281463,48.2906156]},"properties":{"hgv":"destination","maxweight":"7.5"}},{"type":"Feature","geometry":{"type":"Point","coordinates":[8.747161,48.9282279]},"properties":{"maxweight":"6"}},{"type":"Feature","geometry":{"type":"Point","coordinates":[8.7505252,48.9251334]},"properties":{"maxweight":"6"}},{"type":"Feature","geometry":{"type":"Point","coordinates":[8.7417276,48.9075759]},"properties":{"maxheight":"3.4"}},{"type":"Feature","geometry":{"type":"Point","coordinates":[8.9690593,48.6859203]},"properties":{"maxheight":"default"}},{"type":"Feature","geometry":{"type":"Point","coordinates":[8.9896536,48.6914758]},"properties":{"maxheight":"none"}},{"type":"Feature","geometry":{"type":"Point","coordinates":[8.8531984,48.2727334]},"properties":{"maxweight":"7.5"}},{"type":"Feature","geometry":{"type":"Point","coordinates":[8.8532879,48.2726949]},"properties":{"maxweight":"7.5"}},{"type":"Feature","geometry":{"type":"Point","coordinates":[8.7947803,48.9362141]},"properties":{"hgv":"unknown","goods":"destination"}},{"type":"Feature","geometry":{"type":"Point","coordinates":[8.7718164,48.9438611]},"properties":{"maxweight":"6"}},{"type":"Feature","geometry":{"type":"Point","coordinates":[8.3994987,48.9938617]},"properties":{"maxheight":"3.1"}},{"type":"Feature","geometry":{"type":"Point","coordinates":[8.8207403,48.8724304]},"properties":{"maxweight":"7.5"}},{"type":"Feature","geometry":{"type":"Point","coordinates":[8.5416242,48.9890051]},"properties":{"hgv":"no"}},{"type":"Feature","geometry":{"type":"Point","coordinates":[8.6705675,48.8862349]},"properties":{"maxweight":"2.8"}},{"type":"Feature","geometry":{"type":"Point","coordinates":[8.5741368,48.9306447]},"properties":{"maxweight":"30"}},{"type":"Feature","geometry":{"type":"Point","coordinates":[8.0391651,48.059122]},"properties":{"maxwidth":"2.3"}},{"type":"Feature","geometry":{"type":"Point","coordinates":[8.6681942,48.9012008]},"properties":{"maxheight":"2.1","maxweight":"2.5"}},{"type":"Feature","geometry":{"type":"Point","coordinates":[8.4488932,48.9945286]},"properties":{"maxheight":"2.7"}},{"type":"Feature","geometry":{"type":"Point","coordinates":[8.4103656,48.939101]},"properties":{"maxheight":"2"}},{"type":"Feature","geometry":{"type":"Point","coordinates":[8.3905874,48.9761008]},"properties":{"maxheight":"1.95"}},{"type":"Feature","geometry":{"type":"Point","coordinates":[8.2285096,48.189321]},"properties":{"hgv":"destination"}},{"type":"Feature","geometry":{"type":"Point","coordinates":[8.2290353,48.1908911]},"properties":{"hgv":"no"}},{"type":"Feature","geometry":{"type":"Point","coordinates":[8.2293715,48.1869083]},"properties":{"hgv":"agricultural"}},{"type":"Feature","geometry":{"type":"Point","coordinates":[8.2359652,48.1639487]},"properties":{"maxweight":"12"}},{"type":"Feature","geometry":{"type":"Point","coordinates":[8.2166731,48.2416409]},"properties":{"maxheight":"2.7"}},{"type":"Feature","geometry":{"type":"Point","coordinates":[8.2203429,48.2278458]},"properties":{"maxweight":"3"}},{"type":"Feature","geometry":{"type":"Point","coordinates":[8.5071118,48.072312]},"properties":{"maxheight":"default"}},{"type":"Feature","geometry":{"type":"Point","coordinates":[8.2094546,48.2562619]},"properties":{"maxwidth":"4.5"}},{"type":"Feature","geometry":{"type":"Point","coordinates":[8.5708774,48.9289895]},"properties":{"maxweight":"30"}},{"type":"Feature","geometry":{"type":"Point","coordinates":[8.9720052,48.9551441]},"properties":{"maxweight":"6"}},{"type":"Feature","geometry":{"type":"Point","coordinates":[8.9713882,48.9511591]},"properties":{"hgv":"no"}},{"type":"Feature","geometry":{"type":"Point","coordinates":[8.9686508,48.9489262]},"properties":{"hgv":"no"}},{"type":"Feature","geometry":{"type":"Point","coordinates":[8.9690552,48.9489521]},"properties":{"hgv":"no"}},{"type":"Feature","geometry":{"type":"Point","coordinates":[8.9690211,48.9490672]},"properties":{"hgv":"no"}},{"type":"Feature","geometry":{"type":"Point","coordinates":[8.9221965,48.9528324]},"properties":{"hgv":"delivery","maxweight":"40"}},{"type":"Feature","geometry":{"type":"Point","coordinates":[8.9214837,48.9531731]},"properties":{"hgv":"delivery"}},{"type":"Feature","geometry":{"type":"Point","coordinates":[8.7600978,48.7923948]},"properties":{"maxweight":"2.8"}},{"type":"Feature","geometry":{"type":"Point","coordinates":[8.1635531,48.2820043]},"properties":{"maxweight":"3"}},{"type":"Feature","geometry":{"type":"Point","coordinates":[8.4738305,48.8917426]},"properties":{"maxweight":"7.5"}},{"type":"Feature","geometry":{"type":"Point","coordinates":[8.7377477,48.8583845]},"properties":{"maxheight":"2.7"}},{"type":"Feature","geometry":{"type":"Point","coordinates":[8.7381123,48.8590568]},"properties":{"maxheight":"2.7","maxwidth":"2.2"}},{"type":"Feature","geometry":{"type":"Point","coordinates":[8.7018618,48.8564307]},"properties":{"hgv":"destination"}},{"type":"Feature","geometry":{"type":"Point","coordinates":[8.6901802,48.8576335]},"properties":{"maxweight":"2.8"}},{"type":"Feature","geometry":{"type":"Point","coordinates":[8.6904052,48.8577073]},"properties":{"maxweight":"2.8"}},{"type":"Feature","geometry":{"type":"Point","coordinates":[8.6920977,48.858328]},"properties":{"maxweight":"2.8"}},{"type":"Feature","geometry":{"type":"Point","coordinates":[8.4522124,48.9844302]},"properties":{"maxheight":"default"}},{"type":"Feature","geometry":{"type":"Point","coordinates":[8.4628214,48.982039]},"properties":{"hgv":"destination"}},{"type":"Feature","geometry":{"type":"Point","coordinates":[8.4631929,48.9819413]},"properties":{"hgv":"destination"}},{"type":"Feature","geometry":{"type":"Point","coordinates":[8.8957167,48.9131981]},"properties":{"maxwidth":"2.6"}},{"type":"Feature","geometry":{"type":"Point","coordinates":[8.5347949,48.0630001]},"properties":{"maxheight":"2"}},{"type":"Feature","geometry":{"type":"Point","coordinates":[8.3775506,48.9911922]},"properties":{"maxheight":"default"}},{"type":"Feature","geometry":{"type":"Point","coordinates":[8.6814931,48.9109146]},"properties":{"maxheight":"3.6"}},{"type":"Feature","geometry":{"type":"Point","coordinates":[8.3751284,48.9943526]},"properties":{"maxheight":"default"}},{"type":"Feature","geometry":{"type":"Point","coordinates":[8.3697046,48.9978083]},"properties":{"maxheight":"3"}},{"type":"Feature","geometry":{"type":"Point","coordinates":[8.3698019,48.9977205]},"properties":{"maxheight":"3"}},{"type":"Feature","geometry":{"type":"Point","coordinates":[8.3702579,48.9982049]},"properties":{"maxheight":"3"}},{"type":"Feature","geometry":{"type":"Point","coordinates":[8.6922683,48.689294]},"properties":{"hgv":"no"}},{"type":"Feature","geometry":{"type":"Point","coordinates":[8.5902638,48.1059148]},"properties":{"maxheight":"default"}},{"type":"Feature","geometry":{"type":"Point","coordinates":[8.5835111,48.0987429]},"properties":{"maxweight":"6"}},{"type":"Feature","geometry":{"type":"Point","coordinates":[8.5875038,48.0994082]},"properties":{"maxweight":"6"}},{"type":"Feature","geometry":{"type":"Point","coordinates":[8.247411,48.1198677]},"properties":{"maxweight":"5"}},{"type":"Feature","geometry":{"type":"Point","coordinates":[8.2497506,48.1005064]},"properties":{"maxweight":"5"}},{"type":"Feature","geometry":{"type":"Point","coordinates":[8.2468472,48.1129583]},"properties":{"maxweight":"5"}},{"type":"Feature","geometry":{"type":"Point","coordinates":[8.4094763,48.9431493]},"properties":{"hgv":"no"}},{"type":"Feature","geometry":{"type":"Point","coordinates":[8.6966746,48.8859459]},"properties":{"maxweight":"8"}},{"type":"Feature","geometry":{"type":"Point","coordinates":[8.1881663,48.8121032]},"properties":{"maxweight":"30"}},{"type":"Feature","geometry":{"type":"Point","coordinates":[8.1882822,48.8120261]},"properties":{"maxweight":"30"}},{"type":"Feature","geometry":{"type":"Point","coordinates":[8.6964359,48.4582098]},"properties":{"maxheight":"2.8"}},{"type":"Feature","geometry":{"type":"Point","coordinates":[8.2257355,48.8098536]},"properties":{"hgv":"destination"}},{"type":"Feature","geometry":{"type":"Point","coordinates":[8.2258253,48.8098351]},"properties":{"hgv":"destination"}},{"type":"Feature","geometry":{"type":"Point","coordinates":[8.2070809,48.8130473]},"properties":{"maxweight":"2.8"}},{"type":"Feature","geometry":{"type":"Point","coordinates":[8.6317433,48.1466417]},"properties":{"maxheight":"default"}},{"type":"Feature","geometry":{"type":"Point","coordinates":[8.0175278,48.0617176]},"properties":{"maxwidth":"2.3"}},{"type":"Feature","geometry":{"type":"Point","coordinates":[8.0479448,48.0489843]},"properties":{"maxwidth":"2.3"}},{"type":"Feature","geometry":{"type":"Point","coordinates":[8.2519978,48.4945342]},"properties":{"maxheight":"3.8","maxweight":"6"}},{"type":"Feature","geometry":{"type":"Point","coordinates":[8.2458651,48.493304]},"properties":{"maxweight":"6"}},{"type":"Feature","geometry":{"type":"Point","coordinates":[8.4938353,48.9447286]},"properties":{"hgv":"no"}},{"type":"Feature","geometry":{"type":"Point","coordinates":[8.0501112,48.6486014]},"properties":{"maxweight":"3.0"}},{"type":"Feature","geometry":{"type":"Point","coordinates":[8.4994498,48.9443441]},"properties":{"maxheight":"default"}},{"type":"Feature","geometry":{"type":"Point","coordinates":[8.2384017,48.7591942]},"properties":{"maxheight":"below_default"}},{"type":"Feature","geometry":{"type":"Point","coordinates":[8.9517162,48.7464953]},"properties":{"maxweight":"7.5"}},{"type":"Feature","geometry":{"type":"Point","coordinates":[8.6362176,48.1352472]},"properties":{"maxheight":"2.5","maxwidth":"2.5"}},{"type":"Feature","geometry":{"type":"Point","coordinates":[8.6059172,48.1653788]},"properties":{"maxheight":"below_default"}},{"type":"Feature","geometry":{"type":"Point","coordinates":[8.4222375,48.7414296]},"properties":{"maxheight":"2"}},{"type":"Feature","geometry":{"type":"Point","coordinates":[8.2370403,48.2969652]},"properties":{"hgv":"destination"}},{"type":"Feature","geometry":{"type":"Point","coordinates":[8.7017359,48.8907769]},"properties":{"maxweight":"10"}},{"type":"Feature","geometry":{"type":"Point","coordinates":[8.7018888,48.8926344]},"properties":{"hgv":"no"}},{"type":"Feature","geometry":{"type":"Point","coordinates":[8.6990248,48.8902287]},"properties":{"hgv":"destination"}},{"type":"Feature","geometry":{"type":"Point","coordinates":[8.7041838,48.8852265]},"properties":{"maxweight":"2"}},{"type":"Feature","geometry":{"type":"Point","coordinates":[8.7077163,48.8827942]},"properties":{"hgv":"destination"}},{"type":"Feature","geometry":{"type":"Point","coordinates":[8.8852886,48.6353198]},"properties":{"maxheight":"default"}},{"type":"Feature","geometry":{"type":"Point","coordinates":[8.7461746,48.9160353]},"properties":{"maxwidth":"3"}},{"type":"Feature","geometry":{"type":"Point","coordinates":[8.6823241,48.9098624]},"properties":{"maxheight":"default"}},{"type":"Feature","geometry":{"type":"Point","coordinates":[8.3734268,48.9850397]},"properties":{"maxheight":"4.0"}},{"type":"Feature","geometry":{"type":"Point","coordinates":[8.3737162,48.9850319]},"properties":{"maxheight":"4.0"}},{"type":"Feature","geometry":{"type":"Point","coordinates":[8.3766508,48.9888841]},"properties":{"hgv":"destination"}},{"type":"Feature","geometry":{"type":"Point","coordinates":[8.3737474,48.9892923]},"properties":{"maxheight":"2.1"}},{"type":"Feature","geometry":{"type":"Point","coordinates":[8.5956597,48.1653769]},"properties":{"maxweight":"3.5"}},{"type":"Feature","geometry":{"type":"Point","coordinates":[8.4594082,48.0614658]},"properties":{"maxheight":"4.5"}},{"type":"Feature","geometry":{"type":"Point","coordinates":[8.9033316,48.7350527]},"properties":{"hgv":"destination;agricultural"}},{"type":"Feature","geometry":{"type":"Point","coordinates":[8.3761159,48.7574461]},"properties":{"hgv":"destination"}},{"type":"Feature","geometry":{"type":"Point","coordinates":[8.3757438,48.7573744]},"properties":{"hgv":"destination"}},{"type":"Feature","geometry":{"type":"Point","coordinates":[8.7975385,48.5865257]},"properties":{"maxweight":"5.5"}},{"type":"Feature","geometry":{"type":"Point","coordinates":[8.0651112,48.16444]},"properties":{"hgv":"no"}},{"type":"Feature","geometry":{"type":"Point","coordinates":[8.6178004,48.1635496]},"properties":{"maxheight":"4.2"}},{"type":"Feature","geometry":{"type":"Point","coordinates":[8.5344864,48.063444]},"properties":{"maxheight":"2"}},{"type":"Feature","geometry":{"type":"Point","coordinates":[8.7140086,48.8897129]},"properties":{"maxheight":"2.1","maxweight":"2.5"}},{"type":"Feature","geometry":{"type":"Point","coordinates":[8.4601321,48.0601429]},"properties":{"maxheight":"2.3"}},{"type":"Feature","geometry":{"type":"Point","coordinates":[8.4605499,48.05736]},"properties":{"maxheight":"2.5"}},{"type":"Feature","geometry":{"type":"Point","coordinates":[8.0721994,48.172949]},"properties":{"maxweight":"6"}},{"type":"Feature","geometry":{"type":"Point","coordinates":[8.0494566,48.6582142]},"properties":{"maxweight":"7.5"}},{"type":"Feature","geometry":{"type":"Point","coordinates":[8.0482067,48.6590079]},"properties":{"maxweight":"7.5"}},{"type":"Feature","geometry":{"type":"Point","coordinates":[8.9087355,48.6387018]},"properties":{"hgv":"destination","maxweight":"7.5"}},{"type":"Feature","geometry":{"type":"Point","coordinates":[8.0664643,48.215224]},"properties":{"maxweight":"16"}},{"type":"Feature","geometry":{"type":"Point","coordinates":[8.5850817,48.0932543]},"properties":{"maxweight":"6"}},{"type":"Feature","geometry":{"type":"Point","coordinates":[8.5786716,48.1004904]},"properties":{"maxweight":"6"}},{"type":"Feature","geometry":{"type":"Point","coordinates":[8.0069095,48.2346105]},"properties":{"maxweight":"5 t"}},{"type":"Feature","geometry":{"type":"Point","coordinates":[8.046218,48.7448192]},"properties":{"hgv":"destination","maxweight":"7.5"}},{"type":"Feature","geometry":{"type":"Point","coordinates":[8.0064884,48.7531648]},"properties":{"maxweight":"3.5"}},{"type":"Feature","geometry":{"type":"Point","coordinates":[8.0564305,48.7818312]},"properties":{"hgv":"destination"}},{"type":"Feature","geometry":{"type":"Point","coordinates":[8.6672009,48.0062392]},"properties":{"maxheight":"default"}},{"type":"Feature","geometry":{"type":"Point","coordinates":[8.2484159,48.788826]},"properties":{"maxweight":"3.5"}},{"type":"Feature","geometry":{"type":"Point","coordinates":[8.7398145,48.8175002]},"properties":{"maxweight":"12"}},{"type":"Feature","geometry":{"type":"Point","coordinates":[8.8429302,48.503543]},"properties":{"maxheight":"default"}},{"type":"Feature","geometry":{"type":"Point","coordinates":[8.8445855,48.5041781]},"properties":{"maxheight":"default"}},{"type":"Feature","geometry":{"type":"Point","coordinates":[8.7324779,48.8852053]},"properties":{"hgv":"no"}},{"type":"Feature","geometry":{"type":"Point","coordinates":[8.7330022,48.884091]},"properties":{"maxlength":"12"}},{"type":"Feature","geometry":{"type":"Point","coordinates":[8.7618886,48.8732839]},"properties":{"maxweight":"2.8"}},{"type":"Feature","geometry":{"type":"Point","coordinates":[8.7530865,48.8527871]},"properties":{"maxwidth":"2.5","maxweight":"2"}},{"type":"Feature","geometry":{"type":"Point","coordinates":[8.7191821,48.8647615]},"properties":{"maxweight":"12"}},{"type":"Feature","geometry":{"type":"Point","coordinates":[8.696816,48.2775541]},"properties":{"maxweight":"6"}},{"type":"Feature","geometry":{"type":"Point","coordinates":[8.4751596,48.9212708]},"properties":{"maxweight":"7.5"}},{"type":"Feature","geometry":{"type":"Point","coordinates":[8.6480429,48.1527338]},"properties":{"maxweight":"8"}},{"type":"Feature","geometry":{"type":"Point","coordinates":[8.7125898,48.271208]},"properties":{"maxweight":"6"}},{"type":"Feature","geometry":{"type":"Point","coordinates":[8.7359925,48.2831426]},"properties":{"maxweight":"1.5"}},{"type":"Feature","geometry":{"type":"Point","coordinates":[8.0969495,48.0090111]},"properties":{"maxweight":"12"}},{"type":"Feature","geometry":{"type":"Point","coordinates":[8.0953376,48.008335]},"properties":{"maxweight":"12"}},{"type":"Feature","geometry":{"type":"Point","coordinates":[8.0920342,48.0111009]},"properties":{"maxweight":"12"}},{"type":"Feature","geometry":{"type":"Point","coordinates":[8.0715184,48.0197483]},"properties":{"maxweight":"12"}},{"type":"Feature","geometry":{"type":"Point","coordinates":[8.6758196,48.8781996]},"properties":{"maxweight":"6"}},{"type":"Feature","geometry":{"type":"Point","coordinates":[8.6966551,48.8887505]},"properties":{"hgv":"destination"}},{"type":"Feature","geometry":{"type":"Point","coordinates":[8.7407739,48.8588064]},"properties":{"maxweight":"2.8"}},{"type":"Feature","geometry":{"type":"Point","coordinates":[8.529774,48.178332]},"properties":{"maxweight":"3.5"}},{"type":"Feature","geometry":{"type":"Point","coordinates":[8.5280511,48.1784124]},"properties":{"maxweight":"3.5"}},{"type":"Feature","geometry":{"type":"Point","coordinates":[8.5254882,48.1786404]},"properties":{"maxweight":"3.5"}},{"type":"Feature","geometry":{"type":"Point","coordinates":[8.7119333,48.902042]},"properties":{"hgv":"destination"}},{"type":"Feature","geometry":{"type":"Point","coordinates":[8.7128076,48.9023159]},"properties":{"hgv":"destination"}},{"type":"Feature","geometry":{"type":"Point","coordinates":[8.7157731,48.8849107]},"properties":{"maxweight":"3"}},{"type":"Feature","geometry":{"type":"Point","coordinates":[8.7044394,48.887058]},"properties":{"hgv":"destination"}},{"type":"Feature","geometry":{"type":"Point","coordinates":[8.7020187,48.8910028]},"properties":{"maxweight":"10"}},{"type":"Feature","geometry":{"type":"Point","coordinates":[8.7054291,48.8900874]},"properties":{"hgv":"destination"}},{"type":"Feature","geometry":{"type":"Point","coordinates":[8.7071745,48.8866592]},"properties":{"hgv":"destination"}},{"type":"Feature","geometry":{"type":"Point","coordinates":[8.7107139,48.8861127]},"properties":{"hgv":"destination"}},{"type":"Feature","geometry":{"type":"Point","coordinates":[8.7051939,48.8869345]},"properties":{"hgv":"destination"}},{"type":"Feature","geometry":{"type":"Point","coordinates":[8.7091901,48.8863388]},"properties":{"hgv":"destination"}},{"type":"Feature","geometry":{"type":"Point","coordinates":[8.6974275,48.8809028]},"properties":{"maxweight":"30"}},{"type":"Feature","geometry":{"type":"Point","coordinates":[8.7413903,48.8864094]},"properties":{"hgv":"no"}},{"type":"Feature","geometry":{"type":"Point","coordinates":[8.7445683,48.8889317]},"properties":{"hgv":"no"}},{"type":"Feature","geometry":{"type":"Point","coordinates":[8.416098,48.2116423]},"properties":{"maxweight":"3.5"}},{"type":"Feature","geometry":{"type":"Point","coordinates":[8.878691,48.2389011]},"properties":{"maxweight":"1.2"}},{"type":"Feature","geometry":{"type":"Point","coordinates":[8.2082773,48.8127091]},"properties":{"maxheight":"none"}},{"type":"Feature","geometry":{"type":"Point","coordinates":[8.7276312,48.8847821]},"properties":{"hgv":"no"}},{"type":"Feature","geometry":{"type":"Point","coordinates":[8.4553876,48.9257438]},"properties":{"hgv":"destination"}},{"type":"Feature","geometry":{"type":"Point","coordinates":[8.4673583,48.9241876]},"properties":{"hgv":"destination"}},{"type":"Feature","geometry":{"type":"Point","coordinates":[8.6992323,48.8934442]},"properties":{"maxheight":"2.2"}},{"type":"Feature","geometry":{"type":"Point","coordinates":[8.6991035,48.8936]},"properties":{"maxheight":"2.2"}},{"type":"Feature","geometry":{"type":"Point","coordinates":[8.7018428,48.8901125]},"properties":{"hgv":"destination","maxheight":"default"}},{"type":"Feature","geometry":{"type":"Point","coordinates":[8.6966896,48.8858186]},"properties":{"maxheight":"2.2"}},{"type":"Feature","geometry":{"type":"Point","coordinates":[8.6986341,48.884241]},"properties":{"maxheight":"3.5"}},{"type":"Feature","geometry":{"type":"Point","coordinates":[8.8444092,48.2588975]},"properties":{"maxheight":"4"}},{"type":"Feature","geometry":{"type":"Point","coordinates":[8.8450312,48.2581428]},"properties":{"hgv":"delivery"}},{"type":"Feature","geometry":{"type":"Point","coordinates":[8.3590568,48.9241458]},"properties":{"hgv":"no"}},{"type":"Feature","geometry":{"type":"Point","coordinates":[8.7478597,48.9112978]},"properties":{"maxwidth":"1.5"}},{"type":"Feature","geometry":{"type":"Point","coordinates":[8.7476462,48.9114816]},"properties":{"maxwidth":"1.5"}},{"type":"Feature","geometry":{"type":"Point","coordinates":[8.7474631,48.9116328]},"properties":{"maxwidth":"1.5"}},{"type":"Feature","geometry":{"type":"Point","coordinates":[8.8522685,48.272625]},"properties":{"maxweight":"1.5"}},{"type":"Feature","geometry":{"type":"Point","coordinates":[8.7423635,48.622483]},"properties":{"maxweight":"3.5"}},{"type":"Feature","geometry":{"type":"Point","coordinates":[8.8362141,48.7892337]},"properties":{"hgv":"yes"}},{"type":"Feature","geometry":{"type":"Point","coordinates":[8.8588209,48.8839232]},"properties":{"maxweight":"6"}},{"type":"Feature","geometry":{"type":"Point","coordinates":[8.6085847,48.1515194]},"properties":{"maxheight":"default"}},{"type":"Feature","geometry":{"type":"Point","coordinates":[8.3724418,48.9484234]},"properties":{"maxheight":"none"}},{"type":"Feature","geometry":{"type":"Point","coordinates":[8.3688537,48.9503481]},"properties":{"maxheight":"none"}},{"type":"Feature","geometry":{"type":"Point","coordinates":[8.7262249,48.2900995]},"properties":{"hgv":"destination"}},{"type":"Feature","geometry":{"type":"Point","coordinates":[8.7358823,48.2914807]},"properties":{"maxweight":"1.5"}},{"type":"Feature","geometry":{"type":"Point","coordinates":[8.7214747,48.2813217]},"properties":{"maxweight":"1.5"}},{"type":"Feature","geometry":{"type":"Point","coordinates":[8.4295269,48.994045]},"properties":{"maxheight":"default"}},{"type":"Feature","geometry":{"type":"Point","coordinates":[8.4390267,48.9900967]},"properties":{"maxheight":"default"}},{"type":"Feature","geometry":{"type":"Point","coordinates":[8.4241716,48.9664526]},"properties":{"maxheight":"default"}},{"type":"Feature","geometry":{"type":"Point","coordinates":[8.4047034,48.9605102]},"properties":{"maxheight":"default"}},{"type":"Feature","geometry":{"type":"Point","coordinates":[8.4505452,48.9717802]},"properties":{"maxheight":"default"}},{"type":"Feature","geometry":{"type":"Point","coordinates":[8.4768837,48.9594709]},"properties":{"maxheight":"default"}},{"type":"Feature","geometry":{"type":"Point","coordinates":[8.4952158,48.9458926]},"properties":{"maxheight":"default"}},{"type":"Feature","geometry":{"type":"Point","coordinates":[8.486057,48.93857]},"properties":{"maxweightrating:hgv":"7.5"}},{"type":"Feature","geometry":{"type":"Point","coordinates":[8.5359838,48.2140946]},"properties":{"maxweight":"5"}},{"type":"Feature","geometry":{"type":"Point","coordinates":[8.6752452,48.9079249]},"properties":{"maxheight":"default"}},{"type":"Feature","geometry":{"type":"Point","coordinates":[8.8871529,48.8232718]},"properties":{"hgv":"no"}},{"type":"Feature","geometry":{"type":"Point","coordinates":[8.6811022,48.8666609]},"properties":{"maxweight":"2.8"}},{"type":"Feature","geometry":{"type":"Point","coordinates":[8.4621723,48.9821305]},"properties":{"hgv":"destination"}},{"type":"Feature","geometry":{"type":"Point","coordinates":[8.8075887,48.6408577]},"properties":{"maxweight":"3.5"}},{"type":"Feature","geometry":{"type":"Point","coordinates":[8.8181484,48.642277]},"properties":{"hgv":"agricultural;forestry","maxweight":"3.5"}},{"type":"Feature","geometry":{"type":"Point","coordinates":[8.797048,48.6350841]},"properties":{"maxweight":"3.5"}},{"type":"Feature","geometry":{"type":"Point","coordinates":[8.1394737,48.0088996]},"properties":{"maxweight":"16"}},{"type":"Feature","geometry":{"type":"Point","coordinates":[8.0356087,48.0206883]},"properties":{"maxweight":"12"}},{"type":"Feature","geometry":{"type":"Point","coordinates":[8.8760529,48.8903203]},"properties":{"maxweight":"8"}},{"type":"Feature","geometry":{"type":"Point","coordinates":[8.85884,48.8696977]},"properties":{"hgv":"no","maxweight":"6"}},{"type":"Feature","geometry":{"type":"Point","coordinates":[8.7025132,48.2691984]},"properties":{"maxweight":"7.5"}},{"type":"Feature","geometry":{"type":"Point","coordinates":[8.5061055,48.9165736]},"properties":{"maxweight":"7.5"}},{"type":"Feature","geometry":{"type":"Point","coordinates":[8.9771777,48.6865117]},"properties":{"maxheight":"default"}},{"type":"Feature","geometry":{"type":"Point","coordinates":[8.803133,48.6377259]},"properties":{"maxweight":"3.5"}},{"type":"Feature","geometry":{"type":"Point","coordinates":[8.1934176,48.2875824]},"properties":{"maxweight":"2.8"}},{"type":"Feature","geometry":{"type":"Point","coordinates":[8.3740188,48.8469018]},"properties":{"hgv":"destination"}},{"type":"Feature","geometry":{"type":"Point","coordinates":[8.362068,48.9387505]},"properties":{"maxheight":"none"}},{"type":"Feature","geometry":{"type":"Point","coordinates":[8.3762202,48.9569195]},"properties":{"maxheight":"none"}},{"type":"Feature","geometry":{"type":"Point","coordinates":[8.3717085,48.9494763]},"properties":{"maxheight":"none"}},{"type":"Feature","geometry":{"type":"Point","coordinates":[8.560934,48.459951]},"properties":{"maxweight":"6"}},{"type":"Feature","geometry":{"type":"Point","coordinates":[8.5614214,48.4603297]},"properties":{"maxweight":"6"}},{"type":"Feature","geometry":{"type":"Point","coordinates":[8.6971484,48.8944289]},"properties":{"maxheight":"3.8"}},{"type":"Feature","geometry":{"type":"Point","coordinates":[8.6750218,48.7370931]},"properties":{"maxweight":"5"}},{"type":"Feature","geometry":{"type":"Point","coordinates":[8.6716432,48.8899402]},"properties":{"maxheight":"2.3","maxweight":"2.8"}},{"type":"Feature","geometry":{"type":"Point","coordinates":[8.4543697,48.9838498]},"properties":{"maxheight":"default"}},{"type":"Feature","geometry":{"type":"Point","coordinates":[8.1934707,48.1958582]},"properties":{"hgv":"agricultural"}},{"type":"Feature","geometry":{"type":"Point","coordinates":[8.2169972,48.1849304]},"properties":{"hgv":"agricultural"}},{"type":"Feature","geometry":{"type":"Point","coordinates":[8.1121453,48.2845367]},"properties":{"hgv":"destination"}},{"type":"Feature","geometry":{"type":"Point","coordinates":[8.4620754,48.9822896]},"properties":{"hgv":"destination"}},{"type":"Feature","geometry":{"type":"Point","coordinates":[8.2168028,48.3178007]},"properties":{"maxweight":"3"}},{"type":"Feature","geometry":{"type":"Point","coordinates":[8.454626,48.4572886]},"properties":{"maxheight":"3"}},{"type":"Feature","geometry":{"type":"Point","coordinates":[8.4405588,48.7934348]},"properties":{"maxweight":"5"}},{"type":"Feature","geometry":{"type":"Point","coordinates":[8.6971834,48.8563408]},"properties":{"maxweight":"12"}},{"type":"Feature","geometry":{"type":"Point","coordinates":[8.8029925,48.5714738]},"properties":{"goods":"no","maxweight":"7.5"}},{"type":"Feature","geometry":{"type":"Point","coordinates":[8.7879094,48.5750059]},"properties":{"goods":"no","maxweight":"7.5"}},{"type":"Feature","geometry":{"type":"Point","coordinates":[8.385367,48.9953625]},"properties":{"maxheight":"default"}},{"type":"Feature","geometry":{"type":"Point","coordinates":[8.7427565,48.857612]},"properties":{"maxweight":"3"}},{"type":"Feature","geometry":{"type":"Point","coordinates":[8.7306333,48.8602575]},"properties":{"maxweight":"6"}},{"type":"Feature","geometry":{"type":"Point","coordinates":[8.7432289,48.8573995]},"properties":{"maxweight":"3"}},{"type":"Feature","geometry":{"type":"Point","coordinates":[8.7432852,48.8578086]},"properties":{"maxweight":"3"}},{"type":"Feature","geometry":{"type":"Point","coordinates":[8.7357952,48.8586996]},"properties":{"maxweight":"3"}},{"type":"Feature","geometry":{"type":"Point","coordinates":[8.7355377,48.8611725]},"properties":{"maxweight":"30"}},{"type":"Feature","geometry":{"type":"Point","coordinates":[8.7360623,48.860881]},"properties":{"maxweight":"30"}},{"type":"Feature","geometry":{"type":"Point","coordinates":[8.6237612,48.8763624]},"properties":{"maxweight":"3.5"}},{"type":"Feature","geometry":{"type":"Point","coordinates":[8.2730279,48.3623368]},"properties":{"maxweight":"24"}},{"type":"Feature","geometry":{"type":"Point","coordinates":[8.608845,48.1179955]},"properties":{"maxweight":"7.5"}},{"type":"Feature","geometry":{"type":"Point","coordinates":[8.4290752,48.45991]},"properties":{"hgv":"no"}},{"type":"Feature","geometry":{"type":"Point","coordinates":[8.3285531,48.5169492]},"properties":{"hgv":"no"}},{"type":"Feature","geometry":{"type":"Point","coordinates":[8.6975663,48.6934051]},"properties":{"maxweight":"6"}},{"type":"Feature","geometry":{"type":"Point","coordinates":[8.7035049,48.6911811]},"properties":{"maxweight":"6"}},{"type":"Feature","geometry":{"type":"Point","coordinates":[8.5856096,48.0880461]},"properties":{"maxweight":"6"}},{"type":"Feature","geometry":{"type":"Point","coordinates":[8.7583649,48.8918265]},"properties":{"maxweight":"2.8"}},{"type":"Feature","geometry":{"type":"Point","coordinates":[8.939433,48.8978764]},"properties":{"maxheight":"4"}},{"type":"Feature","geometry":{"type":"Point","coordinates":[8.4449704,48.9829142]},"properties":{"maxweight":"6"}},{"type":"Feature","geometry":{"type":"Point","coordinates":[8.6920687,48.698547]},"properties":{"hgv":"agricultural;forestry"}},{"type":"Feature","geometry":{"type":"Point","coordinates":[8.7061501,48.705618]},"properties":{"hgv":"forestry"}},{"type":"Feature","geometry":{"type":"Point","coordinates":[8.7123542,48.7056549]},"properties":{"hgv":"forestry"}},{"type":"Feature","geometry":{"type":"Point","coordinates":[8.6844101,48.8680772]},"properties":{"maxweight":"7.5"}},{"type":"Feature","geometry":{"type":"Point","coordinates":[8.3778698,48.9967606]},"properties":{"maxheight":"1.9"}},{"type":"Feature","geometry":{"type":"Point","coordinates":[8.5061471,48.9139768]},"properties":{"maxweight":"7.5"}},{"type":"Feature","geometry":{"type":"Point","coordinates":[8.4904803,48.8968044]},"properties":{"maxweight":"7.5"}},{"type":"Feature","geometry":{"type":"Point","coordinates":[8.9503827,48.9357632]},"properties":{"hgv":"destination","maxweight":"7.5"}},{"type":"Feature","geometry":{"type":"Point","coordinates":[8.6738425,48.7331759]},"properties":{"maxweight":"6"}},{"type":"Feature","geometry":{"type":"Point","coordinates":[8.4665456,48.9594269]},"properties":{"hgv":"destination","goods":"destination"}},{"type":"Feature","geometry":{"type":"Point","coordinates":[8.8807827,48.0197775]},"properties":{"maxweight":"40"}},{"type":"Feature","geometry":{"type":"Point","coordinates":[8.8840299,48.024085]},"properties":{"maxweight":"40"}},{"type":"Feature","geometry":{"type":"Point","coordinates":[8.6397667,48.6528886]},"properties":{"hgv":"agricultural;forestry"}},{"type":"Feature","geometry":{"type":"Point","coordinates":[8.4463397,48.9849823]},"properties":{"hgv":"delivery"}},{"type":"Feature","geometry":{"type":"Point","coordinates":[8.4413849,48.9947481]},"properties":{"hgv":"destination"}},{"type":"Feature","geometry":{"type":"Point","coordinates":[8.474096,48.9342908]},"properties":{"maxweightrating:hgv":"7.5"}},{"type":"Feature","geometry":{"type":"Point","coordinates":[8.6802769,48.7199471]},"properties":{"maxweight":"6"}},{"type":"Feature","geometry":{"type":"Point","coordinates":[8.6816401,48.7192498]},"properties":{"maxweight":"6"}},{"type":"Feature","geometry":{"type":"Point","coordinates":[8.6725207,48.7240389]},"properties":{"maxweight":"6"}},{"type":"Feature","geometry":{"type":"Point","coordinates":[8.6764285,48.7158051]},"properties":{"maxweight":"2.8"}},{"type":"Feature","geometry":{"type":"Point","coordinates":[8.425409,48.9895497]},"properties":{"maxwidth":"1.4"}},{"type":"Feature","geometry":{"type":"Point","coordinates":[8.0739845,48.5364242]},"properties":{"hgv":"delivery"}},{"type":"Feature","geometry":{"type":"Point","coordinates":[8.4342888,48.9708864]},"properties":{"maxheight":"2","maxwidth":"1"}},{"type":"Feature","geometry":{"type":"Point","coordinates":[8.4337149,48.9711976]},"properties":{"maxheight":"2","maxwidth":"2"}},{"type":"Feature","geometry":{"type":"Point","coordinates":[8.4322637,48.9746721]},"properties":{"maxwidth":"1"}},{"type":"Feature","geometry":{"type":"Point","coordinates":[8.8069246,48.6695275]},"properties":{"hgv":"no","maxwidth":"3.5"}},{"type":"Feature","geometry":{"type":"Point","coordinates":[8.8252822,48.6687776]},"properties":{"hgv":"agricultural;forestry","maxwidth":"3.5"}},{"type":"Feature","geometry":{"type":"Point","coordinates":[8.9616879,48.9347145]},"properties":{"maxweight":"12"}},{"type":"Feature","geometry":{"type":"Point","coordinates":[8.4191544,48.9660502]},"properties":{"maxweight":"1.5"}},{"type":"Feature","geometry":{"type":"Point","coordinates":[8.488391,48.939899]},"properties":{"maxweightrating:hgv":"7.5"}},{"type":"Feature","geometry":{"type":"Point","coordinates":[8.4892894,48.940345]},"properties":{"hgv":"destination","maxweight":"7.5"}},{"type":"Feature","geometry":{"type":"Point","coordinates":[8.4890755,48.9403192]},"properties":{"maxweightrating:hgv":"7.5"}},{"type":"Feature","geometry":{"type":"Point","coordinates":[8.8419335,48.1715386]},"properties":{"hgv":"no"}},{"type":"Feature","geometry":{"type":"Point","coordinates":[8.7479454,48.1930619]},"properties":{"maxweight":"3.5"}},{"type":"Feature","geometry":{"type":"Point","coordinates":[8.6148469,48.6045067]},"properties":{"maxweight":"3.5"}},{"type":"Feature","geometry":{"type":"Point","coordinates":[8.4150999,48.9934715]},"properties":{"maxweight":"6"}},{"type":"Feature","geometry":{"type":"Point","coordinates":[8.0518124,48.5773885]},"properties":{"hgv":"no"}},{"type":"Feature","geometry":{"type":"Point","coordinates":[8.4620369,48.9941893]},"properties":{"maxheight":"below_default"}},{"type":"Feature","geometry":{"type":"Point","coordinates":[8.4531661,48.9999413]},"properties":{"hgv":"destination"}},{"type":"Feature","geometry":{"type":"Point","coordinates":[8.6816328,48.8682579]},"properties":{"maxwidth":"2"}},{"type":"Feature","geometry":{"type":"Point","coordinates":[8.970006,48.3581935]},"properties":{"maxheight":"3.6"}},{"type":"Feature","geometry":{"type":"Point","coordinates":[8.0859293,48.7141296]},"properties":{"hgv":"no"}},{"type":"Feature","geometry":{"type":"Point","coordinates":[8.1238413,48.7235641]},"properties":{"maxweight":"30"}},{"type":"Feature","geometry":{"type":"Point","coordinates":[8.8505031,48.2707791]},"properties":{"maxweight":"3"}},{"type":"Feature","geometry":{"type":"Point","coordinates":[8.4115885,48.9553494]},"properties":{"maxheight":"none"}},{"type":"Feature","geometry":{"type":"Point","coordinates":[8.4090112,48.9580318]},"properties":{"maxheight":"none"}},{"type":"Feature","geometry":{"type":"Point","coordinates":[8.3990411,48.95827]},"properties":{"maxheight":"none"}},{"type":"Feature","geometry":{"type":"Point","coordinates":[8.3837109,48.9570984]},"properties":{"maxheight":"none"}},{"type":"Feature","geometry":{"type":"Point","coordinates":[8.0517077,48.7629907]},"properties":{"maxweight":"7.5"}},{"type":"Feature","geometry":{"type":"Point","coordinates":[8.3842341,48.9568311]},"properties":{"maxheight":"default"}},{"type":"Feature","geometry":{"type":"Point","coordinates":[8.1741532,48.2863156]},"properties":{"maxweight":"2.8"}},{"type":"Feature","geometry":{"type":"Point","coordinates":[8.687487,48.4523665]},"properties":{"maxheight":"none"}},{"type":"Feature","geometry":{"type":"Point","coordinates":[8.4263822,48.9949829]},"properties":{"maxheight":"default"}},{"type":"Feature","geometry":{"type":"Point","coordinates":[8.4026213,48.9734301]},"properties":{"maxweight":"3"}},{"type":"Feature","geometry":{"type":"Point","coordinates":[8.7012171,48.4370237]},"properties":{"maxwidth":"2"}},{"type":"Feature","geometry":{"type":"Point","coordinates":[8.5703814,48.1380956]},"properties":{"maxheight":"default"}},{"type":"Feature","geometry":{"type":"Point","coordinates":[8.1839393,48.7855827]},"properties":{"maxweight":"30"}},{"type":"Feature","geometry":{"type":"Point","coordinates":[8.4018036,48.9895916]},"properties":{"maxheight":"4.5"}},{"type":"Feature","geometry":{"type":"Point","coordinates":[8.3706724,48.9913563]},"properties":{"maxheight":"default"}},{"type":"Feature","geometry":{"type":"Point","coordinates":[8.3688154,48.9920388]},"properties":{"maxheight":"default"}},{"type":"Feature","geometry":{"type":"Point","coordinates":[8.453607,48.0609136]},"properties":{"maxlength":"12"}},{"type":"Feature","geometry":{"type":"Point","coordinates":[8.6582534,48.8314333]},"properties":{"maxweightrating:hgv":"7.5"}},{"type":"Feature","geometry":{"type":"Point","coordinates":[8.7720249,48.3943969]},"properties":{"hgv":"no","maxwidth":"2","maxweight":"2.8"}},{"type":"Feature","geometry":{"type":"Point","coordinates":[8.514113,48.0291299]},"properties":{"maxheight":"default"}},{"type":"Feature","geometry":{"type":"Point","coordinates":[8.3726768,48.9848717]},"properties":{"maxheight":"default"}},{"type":"Feature","geometry":{"type":"Point","coordinates":[8.3730134,48.9855008]},"properties":{"maxheight":"default"}},{"type":"Feature","geometry":{"type":"Point","coordinates":[8.375862,48.9841164]},"properties":{"hgv":"no","maxheight":"3.7"}},{"type":"Feature","geometry":{"type":"Point","coordinates":[8.3737354,48.9824354]},"properties":{"hgv":"destination"}},{"type":"Feature","geometry":{"type":"Point","coordinates":[8.3748945,48.9836907]},"properties":{"hgv":"destination"}},{"type":"Feature","geometry":{"type":"Point","coordinates":[8.376198,48.9886946]},"properties":{"hgv":"destination"}},{"type":"Feature","geometry":{"type":"Point","coordinates":[8.3996685,48.9892826]},"properties":{"maxheight":"4.5"}},{"type":"Feature","geometry":{"type":"Point","coordinates":[8.3976591,48.9891352]},"properties":{"maxheight":"4.5"}},{"type":"Feature","geometry":{"type":"Point","coordinates":[8.388967,48.9820339]},"properties":{"maxheight":"3.9"}},{"type":"Feature","geometry":{"type":"Point","coordinates":[8.3740485,48.9552312]},"properties":{"maxheight":"none"}},{"type":"Feature","geometry":{"type":"Point","coordinates":[8.3437524,48.9990652]},"properties":{"maxheight":"default"}},{"type":"Feature","geometry":{"type":"Point","coordinates":[8.0627839,48.1628209]},"properties":{"hgv":"no"}},{"type":"Feature","geometry":{"type":"Point","coordinates":[8.6907204,48.4453103]},"properties":{"hgv":"destination"}},{"type":"Feature","geometry":{"type":"Point","coordinates":[8.6856611,48.445358]},"properties":{"maxweight":"3.5"}},{"type":"Feature","geometry":{"type":"Point","coordinates":[8.3247285,48.9814092]},"properties":{"maxweight":"1.0"}},{"type":"Feature","geometry":{"type":"Point","coordinates":[8.3259475,48.9809472]},"properties":{"maxweight":"1.0"}},{"type":"Feature","geometry":{"type":"Point","coordinates":[8.7772115,48.221559]},"properties":{"maxweight":"12"}},{"type":"Feature","geometry":{"type":"Point","coordinates":[8.6372506,48.1564111]},"properties":{"maxweight":"2.8"}},{"type":"Feature","geometry":{"type":"Point","coordinates":[8.7600745,48.3895126]},"properties":{"maxweight":"6"}},{"type":"Feature","geometry":{"type":"Point","coordinates":[8.7530163,48.2470963]},"properties":{"hgv":"no"}},{"type":"Feature","geometry":{"type":"Point","coordinates":[8.778028,48.1769403]},"properties":{"maxweight":"3.5"}},{"type":"Feature","geometry":{"type":"Point","coordinates":[8.4554861,48.0711734]},"properties":{"maxheight":"2.25"}},{"type":"Feature","geometry":{"type":"Point","coordinates":[8.330442,48.9674406]},"properties":{"maxweightrating:hgv":"2.8"}},{"type":"Feature","geometry":{"type":"Point","coordinates":[8.3316542,48.9664624]},"properties":{"maxweightrating:hgv":"2.8"}},{"type":"Feature","geometry":{"type":"Point","coordinates":[8.1509875,48.5672611]},"properties":{"hgv":"no"}},{"type":"Feature","geometry":{"type":"Point","coordinates":[8.3521502,48.9193905]},"properties":{"maxheight":"none"}},{"type":"Feature","geometry":{"type":"Point","coordinates":[8.2304508,48.8674492]},"properties":{"maxheight":"2.3"}},{"type":"Feature","geometry":{"type":"Point","coordinates":[8.7256685,48.3837926]},"properties":{"hgv":"no"}},{"type":"Feature","geometry":{"type":"Point","coordinates":[8.4793779,48.4754247]},"properties":{"maxheight":"default"}},{"type":"Feature","geometry":{"type":"Point","coordinates":[8.9278883,48.6511085]},"properties":{"maxweight":"3.5"}},{"type":"Feature","geometry":{"type":"Point","coordinates":[8.5404371,48.9924925]},"properties":{"maxheight":"default"}},{"type":"Feature","geometry":{"type":"Point","coordinates":[8.8632839,48.3151855]},"properties":{"maxweight":"12"}},{"type":"Feature","geometry":{"type":"Point","coordinates":[8.9177404,48.2231184]},"properties":{"hgv":"no"}},{"type":"Feature","geometry":{"type":"Point","coordinates":[8.942614,48.9134626]},"properties":{"hgv":"destination"}},{"type":"Feature","geometry":{"type":"Point","coordinates":[8.2420991,48.8889284]},"properties":{"hgv":"no"}},{"type":"Feature","geometry":{"type":"Point","coordinates":[8.995965,48.2101908]},"properties":{"maxheight":"default"}},{"type":"Feature","geometry":{"type":"Point","coordinates":[8.2074015,48.4270184]},"properties":{"maxweight":"6"}},{"type":"Feature","geometry":{"type":"Point","coordinates":[8.4343245,48.9712704]},"properties":{"maxheight":"default"}},{"type":"Feature","geometry":{"type":"Point","coordinates":[8.8679623,48.2495148]},"properties":{"maxweight":"12"}},{"type":"Feature","geometry":{"type":"Point","coordinates":[8.8849025,48.2441996]},"properties":{"maxweight":"12"}},{"type":"Feature","geometry":{"type":"Point","coordinates":[8.8173254,48.4979422]},"properties":{"hgv":"delivery"}},{"type":"Feature","geometry":{"type":"Point","coordinates":[8.6919489,48.4454743]},"properties":{"hgv":"destination"}},{"type":"Feature","geometry":{"type":"Point","coordinates":[8.6866459,48.4415335]},"properties":{"maxheight":"2.1","maxweight":"2.5"}},{"type":"Feature","geometry":{"type":"Point","coordinates":[8.6866406,48.4415708]},"properties":{"maxheight":"2.1","maxweight":"2.5"}},{"type":"Feature","geometry":{"type":"Point","coordinates":[8.6871156,48.4416147]},"properties":{"maxheight":"2.1","maxweight":"2.5"}},{"type":"Feature","geometry":{"type":"Point","coordinates":[8.8849587,48.5718908]},"properties":{"hgv":"destination","maxweightrating:hgv":"7.5"}},{"type":"Feature","geometry":{"type":"Point","coordinates":[8.8825586,48.5721074]},"properties":{"hgv":"destination","maxweightrating:hgv":"7.5"}},{"type":"Feature","geometry":{"type":"Point","coordinates":[8.2038025,48.8513484]},"properties":{"maxweight":"7.5"}},{"type":"Feature","geometry":{"type":"Point","coordinates":[8.8951553,48.5784303]},"properties":{"maxheight":"3.0"}},{"type":"Feature","geometry":{"type":"Point","coordinates":[8.113484,48.8324395]},"properties":{"maxwidth":"24","maxlength":"270"}},{"type":"Feature","geometry":{"type":"Point","coordinates":[8.1129494,48.8325085]},"properties":{"maxwidth":"24","maxlength":"270"}},{"type":"Feature","geometry":{"type":"Point","coordinates":[8.3874967,48.9951702]},"properties":{"maxheight":"default"}},{"type":"Feature","geometry":{"type":"Point","coordinates":[8.7450657,48.6230869]},"properties":{"hgv":"no"}},{"type":"Feature","geometry":{"type":"Point","coordinates":[8.4329062,48.7690479]},"properties":{"maxweight":"7.5"}},{"type":"Feature","geometry":{"type":"Point","coordinates":[8.4336972,48.769178]},"properties":{"maxweight":"7.5"}},{"type":"Feature","geometry":{"type":"Point","coordinates":[8.8331622,48.9460177]},"properties":{"maxheight":"2"}},{"type":"Feature","geometry":{"type":"Point","coordinates":[8.7623659,48.5264666]},"properties":{"maxheight":"3.8"}},{"type":"Feature","geometry":{"type":"Point","coordinates":[8.3711717,48.9498922]},"properties":{"maxheight":"none"}},{"type":"Feature","geometry":{"type":"Point","coordinates":[8.2027245,48.4292076]},"properties":{"maxweight":"30"}},{"type":"Feature","geometry":{"type":"Point","coordinates":[8.9077467,48.6157074]},"properties":{"hgv":"designated"}},{"type":"Feature","geometry":{"type":"Point","coordinates":[8.1431279,48.5682121]},"properties":{"maxheight":"3.8"}},{"type":"Feature","geometry":{"type":"Point","coordinates":[8.2065497,48.4279238]},"properties":{"maxweight":"6"}},{"type":"Feature","geometry":{"type":"Point","coordinates":[8.1019656,48.0556738]},"properties":{"maxweight":"16"}},{"type":"Feature","geometry":{"type":"Point","coordinates":[8.2114295,48.4306463]},"properties":{"maxweight":"1.5"}},{"type":"Feature","geometry":{"type":"Point","coordinates":[8.8775621,48.2723059]},"properties":{"goods":"delivery"}},{"type":"Feature","geometry":{"type":"Point","coordinates":[8.472223,48.9336006]},"properties":{"maxweightrating:hgv":"7.5"}},{"type":"Feature","geometry":{"type":"Point","coordinates":[8.4766971,48.9003855]},"properties":{"maxweight":"7.5"}},{"type":"Feature","geometry":{"type":"Point","coordinates":[8.8802925,48.7474987]},"properties":{"maxheight":"default"}},{"type":"Feature","geometry":{"type":"Point","coordinates":[8.8828889,48.7484625]},"properties":{"maxheight":"default"}},{"type":"Feature","geometry":{"type":"Point","coordinates":[8.6407519,48.6626133]},"properties":{"maxweight":"6"}},{"type":"Feature","geometry":{"type":"Point","coordinates":[8.6614291,48.6528441]},"properties":{"maxweight":"6"}},{"type":"Feature","geometry":{"type":"Point","coordinates":[8.6438916,48.6701145]},"properties":{"maxweight":"6"}},{"type":"Feature","geometry":{"type":"Point","coordinates":[8.4757685,48.9000032]},"properties":{"maxweight":"7.5"}},{"type":"Feature","geometry":{"type":"Point","coordinates":[8.4784763,48.9008575]},"properties":{"maxweight":"7.5"}},{"type":"Feature","geometry":{"type":"Point","coordinates":[8.0457264,48.7452453]},"properties":{"hgv":"destination","maxweight":"7.5"}},{"type":"Feature","geometry":{"type":"Point","coordinates":[8.3697291,48.9825058]},"properties":{"maxheight":"2"}},{"type":"Feature","geometry":{"type":"Point","coordinates":[8.8670264,48.9565387]},"properties":{"maxwidth":"3.00"}},{"type":"Feature","geometry":{"type":"Point","coordinates":[8.6100438,48.0341031]},"properties":{"maxheight":"default"}},{"type":"Feature","geometry":{"type":"Point","coordinates":[8.1826951,48.8117318]},"properties":{"maxheight":"2.5"}},{"type":"Feature","geometry":{"type":"Point","coordinates":[8.4993799,48.905571]},"properties":{"maxweight":"7.5"}},{"type":"Feature","geometry":{"type":"Point","coordinates":[8.8190504,48.8717279]},"properties":{"hgv":"destination","maxweight":"7.5"}},{"type":"Feature","geometry":{"type":"Point","coordinates":[8.1919029,48.280984]},"properties":{"maxlength":"10"}},{"type":"Feature","geometry":{"type":"Point","coordinates":[8.7256185,48.531697]},"properties":{"hgv":"destination"}},{"type":"Feature","geometry":{"type":"Point","coordinates":[8.4045018,48.9808666]},"properties":{"maxheight":"default"}},{"type":"Feature","geometry":{"type":"Point","coordinates":[8.4041157,48.9807972]},"properties":{"maxheight":"default"}},{"type":"Feature","geometry":{"type":"Point","coordinates":[8.2442731,48.4927054]},"properties":{"maxweight":"6"}},{"type":"Feature","geometry":{"type":"Point","coordinates":[8.2438894,48.4924821]},"properties":{"maxweight":"6"}},{"type":"Feature","geometry":{"type":"Point","coordinates":[8.2109244,48.536202]},"properties":{"hgv":"no","goods":"yes"}},{"type":"Feature","geometry":{"type":"Point","coordinates":[8.6512474,48.9096541]},"properties":{"maxheight":"default"}},{"type":"Feature","geometry":{"type":"Point","coordinates":[8.8366721,48.9491333]},"properties":{"hgv":"destination","goods":"destination"}},{"type":"Feature","geometry":{"type":"Point","coordinates":[8.6867563,48.5204765]},"properties":{"maxweight":"7.5"}},{"type":"Feature","geometry":{"type":"Point","coordinates":[8.6979481,48.8910849]},"properties":{"maxheight":"4.2"}},{"type":"Feature","geometry":{"type":"Point","coordinates":[8.8942036,48.8897772]},"properties":{"maxweight":"8"}},{"type":"Feature","geometry":{"type":"Point","coordinates":[8.23198,48.4489293]},"properties":{"maxweight":"16"}},{"type":"Feature","geometry":{"type":"Point","coordinates":[8.9899534,48.6905203]},"properties":{"hgv":"no"}},{"type":"Feature","geometry":{"type":"Point","coordinates":[8.9895914,48.6903111]},"properties":{"hgv":"no"}},{"type":"Feature","geometry":{"type":"Point","coordinates":[8.9892122,48.690092]},"properties":{"hgv":"no"}},{"type":"Feature","geometry":{"type":"Point","coordinates":[8.9894083,48.6902053]},"properties":{"hgv":"no"}},{"type":"Feature","geometry":{"type":"Point","coordinates":[8.8514021,48.2678008]},"properties":{"maxheight":"3.9"}},{"type":"Feature","geometry":{"type":"Point","coordinates":[8.1347231,48.7741274]},"properties":{"maxweight":"12"}},{"type":"Feature","geometry":{"type":"Point","coordinates":[8.9615029,48.7074662]},"properties":{"maxheight":"default"}},{"type":"Feature","geometry":{"type":"Point","coordinates":[8.3559377,48.9209473]},"properties":{"maxheight":"none"}},{"type":"Feature","geometry":{"type":"Point","coordinates":[8.2901007,48.9526027]},"properties":{"hgv":"no"}},{"type":"Feature","geometry":{"type":"Point","coordinates":[8.6928503,48.5068271]},"properties":{"maxweightrating:hgv":"7.5"}},{"type":"Feature","geometry":{"type":"Point","coordinates":[8.2330145,48.8701462]},"properties":{"maxweight":"7.5"}},{"type":"Feature","geometry":{"type":"Point","coordinates":[8.9093992,48.6808638]},"properties":{"maxweight":"2.5"}},{"type":"Feature","geometry":{"type":"Point","coordinates":[8.3164398,48.7996718]},"properties":{"maxheight":"3.9"}},{"type":"Feature","geometry":{"type":"Point","coordinates":[8.4045898,48.9949593]},"properties":{"maxheight":"below_default"}},{"type":"Feature","geometry":{"type":"Point","coordinates":[8.4053838,48.9936215]},"properties":{"maxheight":"below_default"}},{"type":"Feature","geometry":{"type":"Point","coordinates":[8.4055677,48.9931411]},"properties":{"maxheight":"below_default"}},{"type":"Feature","geometry":{"type":"Point","coordinates":[8.4051446,48.9938646]},"properties":{"maxheight":"default"}},{"type":"Feature","geometry":{"type":"Point","coordinates":[8.4048392,48.9660548]},"properties":{"maxheight":"default"}},{"type":"Feature","geometry":{"type":"Point","coordinates":[8.0635195,48.5294444]},"properties":{"maxheight":"2.8"}},{"type":"Feature","geometry":{"type":"Point","coordinates":[8.3935183,48.998838]},"properties":{"maxheight":"3.8"}},{"type":"Feature","geometry":{"type":"Point","coordinates":[8.3936859,48.9987955]},"properties":{"maxheight":"3.8"}},{"type":"Feature","geometry":{"type":"Point","coordinates":[8.39287,48.9993322]},"properties":{"maxheight":"3"}},{"type":"Feature","geometry":{"type":"Point","coordinates":[8.4709938,48.544953]},"properties":{"maxweight":"6"}},{"type":"Feature","geometry":{"type":"Point","coordinates":[8.1755211,48.0972522]},"properties":{"maxwidth":"1.8"}},{"type":"Feature","geometry":{"type":"Point","coordinates":[8.6976379,48.8372982]},"properties":{"maxweight":"3.0"}},{"type":"Feature","geometry":{"type":"Point","coordinates":[8.697393,48.8372242]},"properties":{"maxweight":"3.0"}},{"type":"Feature","geometry":{"type":"Point","coordinates":[8.3350999,48.9924189]},"properties":{"maxwidth":"2.0"}},{"type":"Feature","geometry":{"type":"Point","coordinates":[8.0939102,48.5378445]},"properties":{"hgv":"delivery"}},{"type":"Feature","geometry":{"type":"Point","coordinates":[8.7336897,48.2454563]},"properties":{"maxweight":"24"}},{"type":"Feature","geometry":{"type":"Point","coordinates":[8.8952199,48.29664]},"properties":{"hgv":"no"}},{"type":"Feature","geometry":{"type":"Point","coordinates":[8.8934098,48.2965545]},"properties":{"hgv":"no"}},{"type":"Feature","geometry":{"type":"Point","coordinates":[8.8791733,48.3009128]},"properties":{"maxheight":"3.10"}},{"type":"Feature","geometry":{"type":"Point","coordinates":[8.8907866,48.296509]},"properties":{"hgv":"no"}},{"type":"Feature","geometry":{"type":"Point","coordinates":[8.8871374,48.2966203]},"properties":{"hgv":"no"}},{"type":"Feature","geometry":{"type":"Point","coordinates":[8.8775166,48.2980333]},"properties":{"hgv":"no"}},{"type":"Feature","geometry":{"type":"Point","coordinates":[8.469629,48.8615531]},"properties":{"maxweight":"1.5"}},{"type":"Feature","geometry":{"type":"Point","coordinates":[8.8336731,48.5843264]},"properties":{"maxheight":"3.6"}},{"type":"Feature","geometry":{"type":"Point","coordinates":[8.8937535,48.2819126]},"properties":{"maxweight":"1.5"}},{"type":"Feature","geometry":{"type":"Point","coordinates":[8.893705,48.2801953]},"properties":{"maxweight":"1.5"}},{"type":"Feature","geometry":{"type":"Point","coordinates":[8.8847009,48.2797478]},"properties":{"maxweight":"6"}},{"type":"Feature","geometry":{"type":"Point","coordinates":[8.8885123,48.2819008]},"properties":{"maxweight":"6"}},{"type":"Feature","geometry":{"type":"Point","coordinates":[8.889415,48.2833701]},"properties":{"maxweight":"1.5"}},{"type":"Feature","geometry":{"type":"Point","coordinates":[8.7088353,48.8278477]},"properties":{"maxwidth":"2","maxweight":"3.5"}},{"type":"Feature","geometry":{"type":"Point","coordinates":[8.8471423,48.2583128]},"properties":{"hgv":"agricultural"}},{"type":"Feature","geometry":{"type":"Point","coordinates":[8.8862859,48.2952617]},"properties":{"maxweight":"6"}},{"type":"Feature","geometry":{"type":"Point","coordinates":[8.8867258,48.2946835]},"properties":{"maxweight":"6"}},{"type":"Feature","geometry":{"type":"Point","coordinates":[8.2291356,48.8686547]},"properties":{"maxweight":"7.5"}},{"type":"Feature","geometry":{"type":"Point","coordinates":[8.8490896,48.2826503]},"properties":{"maxheight":"default"}},{"type":"Feature","geometry":{"type":"Point","coordinates":[8.1707373,48.3434782]},"properties":{"hgv":"agricultural","maxweight":"7.5"}},{"type":"Feature","geometry":{"type":"Point","coordinates":[8.0167723,48.0641084]},"properties":{"maxwidth":"2.3"}},{"type":"Feature","geometry":{"type":"Point","coordinates":[8.4737447,48.8937794]},"properties":{"maxweight":"7.5"}},{"type":"Feature","geometry":{"type":"Point","coordinates":[8.4734027,48.89417]},"properties":{"maxweight":"7.5"}},{"type":"Feature","geometry":{"type":"Point","coordinates":[8.8885644,48.2942775]},"properties":{"maxweight":"6"}},{"type":"Feature","geometry":{"type":"Point","coordinates":[8.4508212,48.9299035]},"properties":{"maxweightrating:hgv":"7.5"}},{"type":"Feature","geometry":{"type":"Point","coordinates":[8.449126,48.9314251]},"properties":{"maxweightrating:hgv":"7.5"}},{"type":"Feature","geometry":{"type":"Point","coordinates":[8.4725229,48.898506]},"properties":{"maxweight":"7.5"}},{"type":"Feature","geometry":{"type":"Point","coordinates":[8.4982493,48.9041737]},"properties":{"maxweight":"7.5"}},{"type":"Feature","geometry":{"type":"Point","coordinates":[8.4995818,48.9058329]},"properties":{"maxweight":"7.5"}},{"type":"Feature","geometry":{"type":"Point","coordinates":[8.6552713,48.6014483]},"properties":{"maxweight":"3.5"}},{"type":"Feature","geometry":{"type":"Point","coordinates":[8.687695,48.6520204]},"properties":{"maxweight":"3.5"}},{"type":"Feature","geometry":{"type":"Point","coordinates":[8.68948,48.644105]},"properties":{"maxweight":"3.5"}},{"type":"Feature","geometry":{"type":"Point","coordinates":[8.4529816,48.9158005]},"properties":{"hgv":"destination"}},{"type":"Feature","geometry":{"type":"Point","coordinates":[8.4749214,48.8996252]},"properties":{"maxweight":"7.5"}},{"type":"Feature","geometry":{"type":"Point","coordinates":[8.4576874,48.9153151]},"properties":{"hgv":"destination"}},{"type":"Feature","geometry":{"type":"Point","coordinates":[8.2773064,48.8388305]},"properties":{"hgv":"no"}},{"type":"Feature","geometry":{"type":"Point","coordinates":[8.2741427,48.8403195]},"properties":{"hgv":"no"}},{"type":"Feature","geometry":{"type":"Point","coordinates":[8.5160481,48.6987947]},"properties":{"maxweight":"3.5"}},{"type":"Feature","geometry":{"type":"Point","coordinates":[8.1612489,48.7926121]},"properties":{"maxheight":"default"}},{"type":"Feature","geometry":{"type":"Point","coordinates":[8.2621136,48.8787838]},"properties":{"maxheight":"default"}},{"type":"Feature","geometry":{"type":"Point","coordinates":[8.3453064,48.9046283]},"properties":{"maxheight":"default"}},{"type":"Feature","geometry":{"type":"Point","coordinates":[8.2314391,48.8697291]},"properties":{"maxweight":"7.5"}},{"type":"Feature","geometry":{"type":"Point","coordinates":[8.8100088,48.6414975]},"properties":{"maxweight":"3.5"}},{"type":"Feature","geometry":{"type":"Point","coordinates":[8.8722458,48.5755504]},"properties":{"hgv":"destination","maxweightrating:hgv":"7.5"}},{"type":"Feature","geometry":{"type":"Point","coordinates":[8.1593952,48.760367]},"properties":{"maxheight":"2.8"}},{"type":"Feature","geometry":{"type":"Point","coordinates":[8.8584649,48.5597686]},"properties":{"maxheight":"2.15"}},{"type":"Feature","geometry":{"type":"Point","coordinates":[8.6952416,48.4450957]},"properties":{"maxheight":"default"}},{"type":"Feature","geometry":{"type":"Point","coordinates":[8.8193937,48.5068467]},"properties":{"maxheight":"default"}},{"type":"Feature","geometry":{"type":"Point","coordinates":[8.9619661,48.1821997]},"properties":{"maxweight":"3.5"}},{"type":"Feature","geometry":{"type":"Point","coordinates":[8.2116478,48.1057684]},"properties":{"maxweight":"3"}},{"type":"Feature","geometry":{"type":"Point","coordinates":[8.8746046,48.2476204]},"properties":{"maxwidth":"3.20"}},{"type":"Feature","geometry":{"type":"Point","coordinates":[8.7283078,48.4505497]},"properties":{"maxheight":"none"}},{"type":"Feature","geometry":{"type":"Point","coordinates":[8.7283038,48.4497838]},"properties":{"maxheight":"none"}},{"type":"Feature","geometry":{"type":"Point","coordinates":[8.8768787,48.571626]},"properties":{"hgv":"destination","maxweightrating:hgv":"7.5"}},{"type":"Feature","geometry":{"type":"Point","coordinates":[8.8763732,48.5715061]},"properties":{"hgv":"destination","maxweightrating:hgv":"7.5"}},{"type":"Feature","geometry":{"type":"Point","coordinates":[8.8756567,48.5697009]},"properties":{"hgv":"destination","maxweightrating:hgv":"7.5"}},{"type":"Feature","geometry":{"type":"Point","coordinates":[8.8757,48.5697526]},"properties":{"hgv":"destination","maxweightrating:hgv":"7.5"}},{"type":"Feature","geometry":{"type":"Point","coordinates":[8.8755248,48.5696912]},"properties":{"hgv":"destination","maxweightrating:hgv":"7.5"}},{"type":"Feature","geometry":{"type":"Point","coordinates":[8.8755492,48.569508]},"properties":{"hgv":"destination","maxweightrating:hgv":"7.5"}},{"type":"Feature","geometry":{"type":"Point","coordinates":[8.8818864,48.5743018]},"properties":{"hgv":"destination","maxweightrating:hgv":"7.5"}},{"type":"Feature","geometry":{"type":"Point","coordinates":[8.8820411,48.5742869]},"properties":{"hgv":"destination","maxweightrating:hgv":"7.5"}},{"type":"Feature","geometry":{"type":"Point","coordinates":[8.5690384,48.9534895]},"properties":{"hgv":"destination"}},{"type":"Feature","geometry":{"type":"Point","coordinates":[8.8730667,48.1988502]},"properties":{"maxweight":"5.0"}},{"type":"Feature","geometry":{"type":"Point","coordinates":[8.6393179,48.0680799]},"properties":{"hgv":"no"}},{"type":"Feature","geometry":{"type":"Point","coordinates":[8.8816592,48.5729032]},"properties":{"hgv":"destination","maxweightrating:hgv":"7.5"}},{"type":"Feature","geometry":{"type":"Point","coordinates":[8.0710472,48.5396423]},"properties":{"hgv":"delivery"}},{"type":"Feature","geometry":{"type":"Point","coordinates":[8.4678676,48.9133517]},"properties":{"maxweight":"7.5"}},{"type":"Feature","geometry":{"type":"Point","coordinates":[8.4659654,48.9112557]},"properties":{"maxweight":"7.5"}},{"type":"Feature","geometry":{"type":"Point","coordinates":[8.939749,48.1243686]},"properties":{"maxweight":"3.5"}},{"type":"Feature","geometry":{"type":"Point","coordinates":[8.8745259,48.5765576]},"properties":{"hgv":"destination","maxweightrating:hgv":"7.5"}},{"type":"Feature","geometry":{"type":"Point","coordinates":[8.8743938,48.5763769]},"properties":{"hgv":"destination","maxweightrating:hgv":"7.5"}},{"type":"Feature","geometry":{"type":"Point","coordinates":[8.8746908,48.5755152]},"properties":{"hgv":"destination","maxweightrating:hgv":"7.5"}},{"type":"Feature","geometry":{"type":"Point","coordinates":[8.7578805,48.2111442]},"properties":{"maxweight":"7.5"}},{"type":"Feature","geometry":{"type":"Point","coordinates":[8.7592547,48.210095]},"properties":{"hgv":"destination","maxweight":"7.5"}},{"type":"Feature","geometry":{"type":"Point","coordinates":[8.8908364,48.823376]},"properties":{"maxheight":"5"}},{"type":"Feature","geometry":{"type":"Point","coordinates":[8.8892246,48.8229425]},"properties":{"hgv":"designated"}},{"type":"Feature","geometry":{"type":"Point","coordinates":[8.8792925,48.5800909]},"properties":{"hgv":"destination","maxweightrating:hgv":"7.5"}},{"type":"Feature","geometry":{"type":"Point","coordinates":[8.7640059,48.2131672]},"properties":{"maxweight":"2.8"}},{"type":"Feature","geometry":{"type":"Point","coordinates":[8.9183938,48.2220284]},"properties":{"maxheight":"1.80"}},{"type":"Feature","geometry":{"type":"Point","coordinates":[8.7730047,48.1744447]},"properties":{"maxweight":"3.5"}},{"type":"Feature","geometry":{"type":"Point","coordinates":[8.7478283,48.1766119]},"properties":{"maxweight":"3.5"}},{"type":"Feature","geometry":{"type":"Point","coordinates":[8.8791428,48.5809665]},"properties":{"hgv":"destination","maxweightrating:hgv":"7.5"}},{"type":"Feature","geometry":{"type":"Point","coordinates":[8.9663444,48.6996305]},"properties":{"maxheight":"default"}},{"type":"Feature","geometry":{"type":"Point","coordinates":[8.9663255,48.7011375]},"properties":{"maxheight":"default"}},{"type":"Feature","geometry":{"type":"Point","coordinates":[8.8794903,48.5768218]},"properties":{"hgv":"destination","maxweightrating:hgv":"7.5"}},{"type":"Feature","geometry":{"type":"Point","coordinates":[8.5002825,48.9067222]},"properties":{"maxweight":"7.5"}},{"type":"Feature","geometry":{"type":"Point","coordinates":[8.8826524,48.57609]},"properties":{"hgv":"destination","maxweightrating:hgv":"7.5"}},{"type":"Feature","geometry":{"type":"Point","coordinates":[8.7679714,48.172492]},"properties":{"maxweight":"3.5"}},{"type":"Feature","geometry":{"type":"Point","coordinates":[8.7199784,48.1963865]},"properties":{"hgv":"destination","maxweight":"6"}},{"type":"Feature","geometry":{"type":"Point","coordinates":[8.2127464,48.1391358]},"properties":{"hgv":"no"}},{"type":"Feature","geometry":{"type":"Point","coordinates":[8.4082849,48.9999712]},"properties":{"maxheight":"3.5"}},{"type":"Feature","geometry":{"type":"Point","coordinates":[8.9283095,48.4608951]},"properties":{"maxheight":"below_default"}},{"type":"Feature","geometry":{"type":"Point","coordinates":[8.0996086,48.0654457]},"properties":{"maxweight":"12"}},{"type":"Feature","geometry":{"type":"Point","coordinates":[8.8120207,48.1744543]},"properties":{"hgv":"agricultural;forestry"}},{"type":"Feature","geometry":{"type":"Point","coordinates":[8.9544507,48.7724335]},"properties":{"maxheight":"3"}},{"type":"Feature","geometry":{"type":"Point","coordinates":[8.9555355,48.9442799]},"properties":{"maxweight":"6"}},{"type":"Feature","geometry":{"type":"Point","coordinates":[8.9607943,48.7904784]},"properties":{"maxheight":"4"}},{"type":"Feature","geometry":{"type":"Point","coordinates":[8.7711571,48.2097923]},"properties":{"maxheight":"default"}},{"type":"Feature","geometry":{"type":"Point","coordinates":[8.2440781,48.7532724]},"properties":{"maxheight":"none"}},{"type":"Feature","geometry":{"type":"Point","coordinates":[8.3979094,48.9950994]},"properties":{"maxheight":"below_default"}},{"type":"Feature","geometry":{"type":"Point","coordinates":[8.0172153,48.591826]},"properties":{"hgv":"delivery"}},{"type":"Feature","geometry":{"type":"Point","coordinates":[8.4642343,48.9962924]},"properties":{"maxheight":"2.8"}},{"type":"Feature","geometry":{"type":"Point","coordinates":[8.5654043,48.6607546]},"properties":{"maxweight":"2.8"}},{"type":"Feature","geometry":{"type":"Point","coordinates":[8.7417756,48.2396161]},"properties":{"hgv":"no"}},{"type":"Feature","geometry":{"type":"Point","coordinates":[8.9490907,48.4876802]},"properties":{"maxheight":"default"}},{"type":"Feature","geometry":{"type":"Point","coordinates":[8.3840847,48.9992538]},"properties":{"hgv":"no","maxheight":"2.1","maxweight":"2.5"}},{"type":"Feature","geometry":{"type":"Point","coordinates":[8.8555131,48.189109]},"properties":{"maxweight":"3.5"}},{"type":"Feature","geometry":{"type":"Point","coordinates":[8.8575996,48.1933817]},"properties":{"maxweight":"3.5"}},{"type":"Feature","geometry":{"type":"Point","coordinates":[8.7372882,48.2453639]},"properties":{"maxweight":"1.5"}},{"type":"Feature","geometry":{"type":"Point","coordinates":[8.6876834,48.5598527]},"properties":{"maxweight":"7.5"}},{"type":"Feature","geometry":{"type":"Point","coordinates":[8.9625146,48.1807606]},"properties":{"maxweight":"3.5"}},{"type":"Feature","geometry":{"type":"Point","coordinates":[8.961481,48.1756533]},"properties":{"hgv":"destination","maxweight":"3.5"}},{"type":"Feature","geometry":{"type":"Point","coordinates":[8.959391,48.2130009]},"properties":{"maxweight":"3.5"}},{"type":"Feature","geometry":{"type":"Point","coordinates":[8.1834189,48.8111249]},"properties":{"hgv":"designated"}},{"type":"Feature","geometry":{"type":"Point","coordinates":[8.1808334,48.8096208]},"properties":{"hgv":"designated"}},{"type":"Feature","geometry":{"type":"Point","coordinates":[8.1827208,48.8114518]},"properties":{"hgv":"yes"}},{"type":"Feature","geometry":{"type":"Point","coordinates":[8.1810064,48.8098519]},"properties":{"hgv":"yes"}},{"type":"Feature","geometry":{"type":"Point","coordinates":[8.1815947,48.809172]},"properties":{"hgv":"yes"}},{"type":"Feature","geometry":{"type":"Point","coordinates":[8.1831711,48.809807]},"properties":{"hgv":"yes"}},{"type":"Feature","geometry":{"type":"Point","coordinates":[8.1819578,48.8110584]},"properties":{"hgv":"yes"}},{"type":"Feature","geometry":{"type":"Point","coordinates":[8.1829229,48.8095571]},"properties":{"hgv":"yes"}},{"type":"Feature","geometry":{"type":"Point","coordinates":[8.8609151,48.5955616]},"properties":{"maxheight":"2.1"}},{"type":"Feature","geometry":{"type":"Point","coordinates":[8.8598969,48.595373]},"properties":{"maxheight":"2.1"}},{"type":"Feature","geometry":{"type":"Point","coordinates":[8.8932245,48.5733775]},"properties":{"maxheight":"default"}},{"type":"Feature","geometry":{"type":"Point","coordinates":[8.5476826,48.7446759]},"properties":{"maxweight":"7.5"}},{"type":"Feature","geometry":{"type":"Point","coordinates":[8.9792998,48.7360749]},"properties":{"maxheight":"2.2"}},{"type":"Feature","geometry":{"type":"Point","coordinates":[8.964452,48.9534313]},"properties":{"hgv":"delivery"}},{"type":"Feature","geometry":{"type":"Point","coordinates":[8.0500223,48.310007]},"properties":{"hgv":"agricultural"}},{"type":"Feature","geometry":{"type":"Point","coordinates":[8.2572729,48.7386549]},"properties":{"maxweight":"7.5"}},{"type":"Feature","geometry":{"type":"Point","coordinates":[8.9680185,48.1798291]},"properties":{"maxweight":"2.8"}},{"type":"Feature","geometry":{"type":"Point","coordinates":[8.7867755,48.936453]},"properties":{"hgv":"no"}},{"type":"Feature","geometry":{"type":"Point","coordinates":[8.5460851,48.9932882]},"properties":{"maxweight":"3.5"}},{"type":"Feature","geometry":{"type":"Point","coordinates":[8.6957565,48.8909058]},"properties":{"hgv":"destination"}},{"type":"Feature","geometry":{"type":"Point","coordinates":[8.8974205,48.5723742]},"properties":{"maxheight":"default"}},{"type":"Feature","geometry":{"type":"Point","coordinates":[8.8738217,48.3838128]},"properties":{"maxheight":"3.90"}},{"type":"Feature","geometry":{"type":"Point","coordinates":[8.8817194,48.5978068]},"properties":{"maxwidth":"2"}},{"type":"Feature","geometry":{"type":"Point","coordinates":[8.9153999,48.1121628]},"properties":{"maxweight":"7.5"}},{"type":"Feature","geometry":{"type":"Point","coordinates":[8.7111229,48.2501461]},"properties":{"maxweight":"1.5"}},{"type":"Feature","geometry":{"type":"Point","coordinates":[8.6920289,48.4493419]},"properties":{"hgv":"no"}},{"type":"Feature","geometry":{"type":"Point","coordinates":[8.9434078,48.9376351]},"properties":{"hgv":"destination","maxweight":"7.5"}},{"type":"Feature","geometry":{"type":"Point","coordinates":[8.1602395,48.7924915]},"properties":{"maxheight":"default"}},{"type":"Feature","geometry":{"type":"Point","coordinates":[8.9580272,48.9373716]},"properties":{"hgv":"no"}},{"type":"Feature","geometry":{"type":"Point","coordinates":[8.2250955,48.1327553]},"properties":{"maxweight":"2.5"}},{"type":"Feature","geometry":{"type":"Point","coordinates":[8.2249731,48.1323282]},"properties":{"maxweight":"2.5"}},{"type":"Feature","geometry":{"type":"Point","coordinates":[8.1287597,48.6540588]},"properties":{"hgv":"no","maxweight":"6"}},{"type":"Feature","geometry":{"type":"Point","coordinates":[8.1284351,48.6543017]},"properties":{"maxweight":"6"}},{"type":"Feature","geometry":{"type":"Point","coordinates":[8.7004909,48.2802294]},"properties":{"maxweight":"6"}},{"type":"Feature","geometry":{"type":"Point","coordinates":[8.7025938,48.2726605]},"properties":{"maxweight":"6"}},{"type":"Feature","geometry":{"type":"Point","coordinates":[8.7266399,48.2763027]},"properties":{"maxweight":"1.5"}},{"type":"Feature","geometry":{"type":"Point","coordinates":[8.5319205,48.5897933]},"properties":{"maxweight":"6"}},{"type":"Feature","geometry":{"type":"Point","coordinates":[8.5240797,48.5774498]},"properties":{"maxweight":"3.5"}},{"type":"Feature","geometry":{"type":"Point","coordinates":[8.9055327,48.3132991]},"properties":{"maxweight":"24"}},{"type":"Feature","geometry":{"type":"Point","coordinates":[8.0378696,48.6405564]},"properties":{"hgv":"no"}},{"type":"Feature","geometry":{"type":"Point","coordinates":[8.9087201,48.5649677]},"properties":{"maxheight":"default"}},{"type":"Feature","geometry":{"type":"Point","coordinates":[8.8283213,48.9392915]},"properties":{"maxweight":"2.8"}},{"type":"Feature","geometry":{"type":"Point","coordinates":[8.9691844,48.9249619]},"properties":{"hgv":"no"}},{"type":"Feature","geometry":{"type":"Point","coordinates":[8.6735012,48.7364796]},"properties":{"maxweight":"5"}},{"type":"Feature","geometry":{"type":"Point","coordinates":[8.9670265,48.3665168]},"properties":{"hgv":"destination"}},{"type":"Feature","geometry":{"type":"Point","coordinates":[8.3701313,48.9914424]},"properties":{"maxheight":"default"}},{"type":"Feature","geometry":{"type":"Point","coordinates":[8.8970123,48.5912535]},"properties":{"maxheight":"default"}},{"type":"Feature","geometry":{"type":"Point","coordinates":[8.8711064,48.2396559]},"properties":{"maxweight":"5"}},{"type":"Feature","geometry":{"type":"Point","coordinates":[8.9095355,48.3365521]},"properties":{"maxweight":"3.5"}},{"type":"Feature","geometry":{"type":"Point","coordinates":[8.8996051,48.3422736]},"properties":{"maxweight":"2.8"}},{"type":"Feature","geometry":{"type":"Point","coordinates":[8.6916165,48.832608]},"properties":{"hgv":"forestry"}},{"type":"Feature","geometry":{"type":"Point","coordinates":[8.0361104,48.0369193]},"properties":{"maxweight":"2.8"}},{"type":"Feature","geometry":{"type":"Point","coordinates":[8.1262591,48.8264678]},"properties":{"maxheight":"none"}},{"type":"Feature","geometry":{"type":"Point","coordinates":[8.1260655,48.8270522]},"properties":{"maxheight":"none"}},{"type":"Feature","geometry":{"type":"Point","coordinates":[8.7820258,48.7358663]},"properties":{"hgv":"destination"}},{"type":"Feature","geometry":{"type":"Point","coordinates":[8.2460607,48.8566354]},"properties":{"maxweight":"7.5"}},{"type":"Feature","geometry":{"type":"Point","coordinates":[8.2473755,48.8530863]},"properties":{"maxweight":"3.5"}},{"type":"Feature","geometry":{"type":"Point","coordinates":[8.7451885,48.7155051]},"properties":{"maxheight":"3.3"}},{"type":"Feature","geometry":{"type":"Point","coordinates":[8.744693,48.7151478]},"properties":{"maxheight":"2"}},{"type":"Feature","geometry":{"type":"Point","coordinates":[8.3380573,48.7690904]},"properties":{"hgv":"delivery"}},{"type":"Feature","geometry":{"type":"Point","coordinates":[8.3378444,48.7691544]},"properties":{"hgv":"delivery"}},{"type":"Feature","geometry":{"type":"Point","coordinates":[8.3382307,48.7686633]},"properties":{"hgv":"delivery"}},{"type":"Feature","geometry":{"type":"Point","coordinates":[8.3380664,48.7890099]},"properties":{"hgv":"no"}},{"type":"Feature","geometry":{"type":"Point","coordinates":[8.3392142,48.2905226]},"properties":{"maxheight":"2.7"}},{"type":"Feature","geometry":{"type":"Point","coordinates":[8.2669349,48.8294146]},"properties":{"maxheight":"2.2"}},{"type":"Feature","geometry":{"type":"Point","coordinates":[8.266428,48.8293991]},"properties":{"maxheight":"2.2"}},{"type":"Feature","geometry":{"type":"Point","coordinates":[8.2666863,48.8294053]},"properties":{"maxheight":"2.2"}},{"type":"Feature","geometry":{"type":"Point","coordinates":[8.3735167,48.9545063]},"properties":{"maxheight":"none"}},{"type":"Feature","geometry":{"type":"Point","coordinates":[8.3721887,48.9531147]},"properties":{"maxheight":"none"}},{"type":"Feature","geometry":{"type":"Point","coordinates":[8.3824076,48.9578386]},"properties":{"maxheight":"none"}},{"type":"Feature","geometry":{"type":"Point","coordinates":[8.9453937,48.7489177]},"properties":{"maxheight":"default"}},{"type":"Feature","geometry":{"type":"Point","coordinates":[8.9505288,48.7363367]},"properties":{"maxheight":"default"}},{"type":"Feature","geometry":{"type":"Point","coordinates":[8.9274883,48.6251105]},"properties":{"maxweight":"3.5"}},{"type":"Feature","geometry":{"type":"Point","coordinates":[8.3382986,48.7694064]},"properties":{"hgv":"no"}},{"type":"Feature","geometry":{"type":"Point","coordinates":[8.4454529,48.8064609]},"properties":{"maxweight":"2.8"}},{"type":"Feature","geometry":{"type":"Point","coordinates":[8.8448201,48.259174]},"properties":{"maxheight":"4"}},{"type":"Feature","geometry":{"type":"Point","coordinates":[8.2271708,48.8648768]},"properties":{"maxheight":"2.6"}},{"type":"Feature","geometry":{"type":"Point","coordinates":[8.8409402,48.3013766]},"properties":{"maxweight":"3.0"}},{"type":"Feature","geometry":{"type":"Point","coordinates":[8.8376525,48.3020023]},"properties":{"maxweight":"3.0"}},{"type":"Feature","geometry":{"type":"Point","coordinates":[8.8376672,48.3023406]},"properties":{"maxweight":"3.0"}},{"type":"Feature","geometry":{"type":"Point","coordinates":[8.875348,48.2004251]},"properties":{"maxweight":"2.5"}},{"type":"Feature","geometry":{"type":"Point","coordinates":[8.8785437,48.199191]},"properties":{"maxweight":"5.0"}},{"type":"Feature","geometry":{"type":"Point","coordinates":[8.6936715,48.4431085]},"properties":{"maxheight":"2.2"}},{"type":"Feature","geometry":{"type":"Point","coordinates":[8.7414388,48.7145981]},"properties":{"maxheight":"default"}},{"type":"Feature","geometry":{"type":"Point","coordinates":[8.7415796,48.7146413]},"properties":{"maxheight":"4"}},{"type":"Feature","geometry":{"type":"Point","coordinates":[8.235115,48.8619119]},"properties":{"maxheight":"default"}},{"type":"Feature","geometry":{"type":"Point","coordinates":[8.2398623,48.8613975]},"properties":{"maxheight":"default"}},{"type":"Feature","geometry":{"type":"Point","coordinates":[8.7436681,48.1857981]},"properties":{"maxweight":"7.5"}},{"type":"Feature","geometry":{"type":"Point","coordinates":[8.7435009,48.185246]},"properties":{"maxweight":"5.5"}},{"type":"Feature","geometry":{"type":"Point","coordinates":[8.2707224,48.3853645]},"properties":{"maxweight":"12"}},{"type":"Feature","geometry":{"type":"Point","coordinates":[8.4636955,48.8492753]},"properties":{"hgv":"no"}},{"type":"Feature","geometry":{"type":"Point","coordinates":[8.4671329,48.8456464]},"properties":{"hgv":"no"}},{"type":"Feature","geometry":{"type":"Point","coordinates":[8.4648562,48.8465529]},"properties":{"hgv":"no"}},{"type":"Feature","geometry":{"type":"Point","coordinates":[8.4194171,48.77259]},"properties":{"maxweight":"7.5"}},{"type":"Feature","geometry":{"type":"Point","coordinates":[8.429389,48.7732269]},"properties":{"maxweight":"7.5"}},{"type":"Feature","geometry":{"type":"Point","coordinates":[8.526219,48.8731078]},"properties":{"maxweightrating:hgv":"3.5"}},{"type":"Feature","geometry":{"type":"Point","coordinates":[8.7422779,48.1858851]},"properties":{"maxweight":"7.5"}},{"type":"Feature","geometry":{"type":"Point","coordinates":[8.9934659,48.5042048]},"properties":{"maxweight":"5"}},{"type":"Feature","geometry":{"type":"Point","coordinates":[8.1961687,48.8127727]},"properties":{"maxweight":"10"}},{"type":"Feature","geometry":{"type":"Point","coordinates":[8.7096427,48.9486477]},"properties":{"maxweight":"3.5"}},{"type":"Feature","geometry":{"type":"Point","coordinates":[8.7185142,48.9476651]},"properties":{"maxweight":"3.5"}},{"type":"Feature","geometry":{"type":"Point","coordinates":[8.9490419,48.9301983]},"properties":{"maxheight":"none"}},{"type":"Feature","geometry":{"type":"Point","coordinates":[8.9142383,48.8136288]},"properties":{"hgv":"no","maxweight":"7.5"}},{"type":"Feature","geometry":{"type":"Point","coordinates":[8.8650949,48.8295938]},"properties":{"maxheight":"4.3"}},{"type":"Feature","geometry":{"type":"Point","coordinates":[8.2222304,48.8428749]},"properties":{"maxweight":"6"}},{"type":"Feature","geometry":{"type":"Point","coordinates":[8.7840566,48.5815558]},"properties":{"maxweight":"7.5"}},{"type":"Feature","geometry":{"type":"Point","coordinates":[8.7839344,48.5815364]},"properties":{"maxweightrating:hgv":"7.5"}},{"type":"Feature","geometry":{"type":"Point","coordinates":[8.8639021,48.7434262]},"properties":{"hgv":"agricultural;forestry"}},{"type":"Feature","geometry":{"type":"Point","coordinates":[8.8550427,48.732419]},"properties":{"hgv":"agricultural;forestry"}},{"type":"Feature","geometry":{"type":"Point","coordinates":[8.3484171,48.2904358]},"properties":{"hgv":"destination","maxweight":"7.5"}},{"type":"Feature","geometry":{"type":"Point","coordinates":[8.351466,48.2913021]},"properties":{"hgv":"destination","maxweight":"7.5"}},{"type":"Feature","geometry":{"type":"Point","coordinates":[8.7107307,48.8969719]},"properties":{"maxheight":"2.05"}},{"type":"Feature","geometry":{"type":"Point","coordinates":[8.9987676,48.9240463]},"properties":{"maxheight":"none"}},{"type":"Feature","geometry":{"type":"Point","coordinates":[8.9489756,48.9562078]},"properties":{"hgv":"destination"}},{"type":"Feature","geometry":{"type":"Point","coordinates":[8.9507037,48.9531295]},"properties":{"hgv":"destination"}},{"type":"Feature","geometry":{"type":"Point","coordinates":[8.6560789,48.8986547]},"properties":{"maxweight":"2.8"}},{"type":"Feature","geometry":{"type":"Point","coordinates":[8.0276172,48.3400583]},"properties":{"maxweight":"3"}},{"type":"Feature","geometry":{"type":"Point","coordinates":[8.9921992,48.7854429]},"properties":{"maxheight":"default"}},{"type":"Feature","geometry":{"type":"Point","coordinates":[8.9081418,48.771822]},"properties":{"hgv":"no","maxweight":"3.5"}},{"type":"Feature","geometry":{"type":"Point","coordinates":[8.8127164,48.4960401]},"properties":{"hgv":"no"}},{"type":"Feature","geometry":{"type":"Point","coordinates":[8.9661258,48.7017965]},"properties":{"maxheight":"default"}},{"type":"Feature","geometry":{"type":"Point","coordinates":[8.244521,48.7531946]},"properties":{"maxheight":"none"}},{"type":"Feature","geometry":{"type":"Point","coordinates":[8.2465839,48.7530672]},"properties":{"maxheight":"none"}},{"type":"Feature","geometry":{"type":"Point","coordinates":[8.0561189,48.6745228]},"properties":{"hgv":"no","maxheight":"2.5"}},{"type":"Feature","geometry":{"type":"Point","coordinates":[8.5020365,48.0752037]},"properties":{"maxweight":"30"}},{"type":"Feature","geometry":{"type":"Point","coordinates":[8.1120478,48.5178298]},"properties":{"maxheight":"default"}},{"type":"Feature","geometry":{"type":"Point","coordinates":[8.4915347,48.1522181]},"properties":{"maxweight":"6"}},{"type":"Feature","geometry":{"type":"Point","coordinates":[8.0096136,48.0280735]},"properties":{"maxweight":"12"}},{"type":"Feature","geometry":{"type":"Point","coordinates":[8.8607467,48.3360861]},"properties":{"maxweight":"2.5"}},{"type":"Feature","geometry":{"type":"Point","coordinates":[8.7969474,48.7677924]},"properties":{"maxweight":"7.5"}},{"type":"Feature","geometry":{"type":"Point","coordinates":[8.7608274,48.7794404]},"properties":{"maxweight":"6"}},{"type":"Feature","geometry":{"type":"Point","coordinates":[8.8040104,48.8241033]},"properties":{"hgv":"destination"}},{"type":"Feature","geometry":{"type":"Point","coordinates":[8.5165751,48.2176091]},"properties":{"hgv":"no","maxweight":"2.8"}},{"type":"Feature","geometry":{"type":"Point","coordinates":[8.2580551,48.910226]},"properties":{"maxheight":"3"}},{"type":"Feature","geometry":{"type":"Point","coordinates":[8.2572117,48.9098588]},"properties":{"maxheight":"3"}},{"type":"Feature","geometry":{"type":"Point","coordinates":[8.7070128,48.8866857]},"properties":{"hgv":"destination"}},{"type":"Feature","geometry":{"type":"Point","coordinates":[8.5927046,48.0900094]},"properties":{"maxheight":"default"}},{"type":"Feature","geometry":{"type":"Point","coordinates":[8.5926981,48.0902902]},"properties":{"maxheight":"default"}},{"type":"Feature","geometry":{"type":"Point","coordinates":[8.9702478,48.6824246]},"properties":{"maxheight":"default"}},{"type":"Feature","geometry":{"type":"Point","coordinates":[8.591949,48.0928551]},"properties":{"maxheight":"default"}},{"type":"Feature","geometry":{"type":"Point","coordinates":[8.5499029,48.7490871]},"properties":{"maxheight":"2.15 m"}},{"type":"Feature","geometry":{"type":"Point","coordinates":[8.1579185,48.700087]},"properties":{"maxweight":"16"}},{"type":"Feature","geometry":{"type":"Point","coordinates":[8.2676007,48.8488955]},"properties":{"maxheight":"none"}},{"type":"Feature","geometry":{"type":"Point","coordinates":[8.3864507,48.9932008]},"properties":{"maxheight":"below_default"}},{"type":"Feature","geometry":{"type":"Point","coordinates":[8.387276,48.9931581]},"properties":{"maxheight":"below_default"}},{"type":"Feature","geometry":{"type":"Point","coordinates":[8.1738536,48.0393879]},"properties":{"maxweightrating:hgv":"12"}},{"type":"Feature","geometry":{"type":"Point","coordinates":[8.6706439,48.2765971]},"properties":{"maxweight":"7.5"}},{"type":"Feature","geometry":{"type":"Point","coordinates":[8.2078263,48.8672832]},"properties":{"maxheight":"default"}},{"type":"Feature","geometry":{"type":"Point","coordinates":[8.2082188,48.8672567]},"properties":{"maxheight":"4.6"}},{"type":"Feature","geometry":{"type":"Point","coordinates":[8.7175449,48.9164133]},"properties":{"maxheight":"default"}},{"type":"Feature","geometry":{"type":"Point","coordinates":[8.7173718,48.916201]},"properties":{"maxheight":"default"}},{"type":"Feature","geometry":{"type":"Point","coordinates":[8.7030509,48.9120837]},"properties":{"maxheight":"default"}},{"type":"Feature","geometry":{"type":"Point","coordinates":[8.6523022,48.905628]},"properties":{"maxheight":"default"}},{"type":"Feature","geometry":{"type":"Point","coordinates":[8.9142429,48.8154409]},"properties":{"maxheight":"default"}},{"type":"Feature","geometry":{"type":"Point","coordinates":[8.0776198,48.0906006]},"properties":{"maxweight":"12"}},{"type":"Feature","geometry":{"type":"Point","coordinates":[8.6724386,48.8975834]},"properties":{"maxweight":"3.5"}},{"type":"Feature","geometry":{"type":"Point","coordinates":[8.4645584,48.0701523]},"properties":{"hgv":"destination"}},{"type":"Feature","geometry":{"type":"Point","coordinates":[8.2391612,48.8587018]},"properties":{"maxweight":"7.5"}},{"type":"Feature","geometry":{"type":"Point","coordinates":[8.7109951,48.8963851]},"properties":{"maxheight":"2.05"}},{"type":"Feature","geometry":{"type":"Point","coordinates":[8.7107985,48.8968925]},"properties":{"maxheight":"2.05"}},{"type":"Feature","geometry":{"type":"Point","coordinates":[8.1825835,48.8110357]},"properties":{"hgv":"yes"}},{"type":"Feature","geometry":{"type":"Point","coordinates":[8.9803885,48.788137]},"properties":{"maxheight":"default"}},{"type":"Feature","geometry":{"type":"Point","coordinates":[8.9833693,48.788406]},"properties":{"hgv":"delivery"}},{"type":"Feature","geometry":{"type":"Point","coordinates":[8.9868248,48.7870206]},"properties":{"maxheight":"default"}},{"type":"Feature","geometry":{"type":"Point","coordinates":[8.8809394,48.8255497]},"properties":{"maxheight":"none"}},{"type":"Feature","geometry":{"type":"Point","coordinates":[8.8697226,48.8297022]},"properties":{"maxheight":"5"}},{"type":"Feature","geometry":{"type":"Point","coordinates":[8.3729883,48.7568063]},"properties":{"hgv":"destination"}},{"type":"Feature","geometry":{"type":"Point","coordinates":[8.2146997,48.7777575]},"properties":{"maxheight":"3.9"}},{"type":"Feature","geometry":{"type":"Point","coordinates":[8.4505141,48.9309811]},"properties":{"maxweightrating:hgv":"7.5"}},{"type":"Feature","geometry":{"type":"Point","coordinates":[8.4041047,48.9814]},"properties":{"maxheight":"default"}},{"type":"Feature","geometry":{"type":"Point","coordinates":[8.2149578,48.8623941]},"properties":{"maxheight":"4"}},{"type":"Feature","geometry":{"type":"Point","coordinates":[8.0734026,48.6991519]},"properties":{"maxheight":"default"}},{"type":"Feature","geometry":{"type":"Point","coordinates":[8.728568,48.7992731]},"properties":{"maxweight":"2.8"}},{"type":"Feature","geometry":{"type":"Point","coordinates":[8.7068519,48.8296261]},"properties":{"maxwidth":"2","maxweight":"3.5"}},{"type":"Feature","geometry":{"type":"Point","coordinates":[8.2517373,48.8311543]},"properties":{"maxweight":"7.5"}},{"type":"Feature","geometry":{"type":"Point","coordinates":[8.2032663,48.862982]},"properties":{"maxheight":"4.7"}},{"type":"Feature","geometry":{"type":"Point","coordinates":[8.0868636,48.6187096]},"properties":{"hgv":"no"}},{"type":"Feature","geometry":{"type":"Point","coordinates":[8.0133512,48.5877306]},"properties":{"maxweight":"7.5"}},{"type":"Feature","geometry":{"type":"Point","coordinates":[8.8375429,48.7913423]},"properties":{"hgv":"yes"}},{"type":"Feature","geometry":{"type":"Point","coordinates":[8.446334,48.9168736]},"properties":{"hgv":"no"}},{"type":"Feature","geometry":{"type":"Point","coordinates":[8.448452,48.9181171]},"properties":{"hgv":"no"}},{"type":"Feature","geometry":{"type":"Point","coordinates":[8.3448319,48.6663212]},"properties":{"maxweight":"40"}},{"type":"Feature","geometry":{"type":"Point","coordinates":[8.8689266,48.8252617]},"properties":{"hgv":"designated"}},{"type":"Feature","geometry":{"type":"Point","coordinates":[8.31819,48.7849293]},"properties":{"maxweight":"7.5"}},{"type":"Feature","geometry":{"type":"Point","coordinates":[8.7102641,48.8969931]},"properties":{"maxheight":"2.05"}},{"type":"Feature","geometry":{"type":"Point","coordinates":[8.9948105,48.7851737]},"properties":{"maxheight":"default"}},{"type":"Feature","geometry":{"type":"Point","coordinates":[8.9477944,48.7664294]},"properties":{"maxheight":"default"}},{"type":"Feature","geometry":{"type":"Point","coordinates":[8.9585011,48.7743498]},"properties":{"maxheight":"default"}},{"type":"Feature","geometry":{"type":"Point","coordinates":[8.9477379,48.7649019]},"properties":{"maxheight":"default"}},{"type":"Feature","geometry":{"type":"Point","coordinates":[8.9473893,48.7681941]},"properties":{"hgv":"no"}},{"type":"Feature","geometry":{"type":"Point","coordinates":[8.9475783,48.7681973]},"properties":{"hgv":"no"}},{"type":"Feature","geometry":{"type":"Point","coordinates":[8.3844801,48.9989327]},"properties":{"maxheight":"2.15"}},{"type":"Feature","geometry":{"type":"Point","coordinates":[8.3845018,48.9991456]},"properties":{"maxheight":"2.5"}},{"type":"Feature","geometry":{"type":"Point","coordinates":[8.2257561,48.7731976]},"properties":{"maxweight":"2.8"}},{"type":"Feature","geometry":{"type":"Point","coordinates":[8.4413543,48.4551696]},"properties":{"maxheight":"default"}},{"type":"Feature","geometry":{"type":"Point","coordinates":[8.4230878,48.461278]},"properties":{"maxweight":"7.5"}},{"type":"Feature","geometry":{"type":"Point","coordinates":[8.4403606,48.4469978]},"properties":{"maxheight":"default"}},{"type":"Feature","geometry":{"type":"Point","coordinates":[8.2467552,48.7597922]},"properties":{"maxheight":"3.5"}},{"type":"Feature","geometry":{"type":"Point","coordinates":[8.1927589,48.78354]},"properties":{"maxheight":"2.5"}},{"type":"Feature","geometry":{"type":"Point","coordinates":[8.9197882,48.6359647]},"properties":{"maxheight":"none"}},{"type":"Feature","geometry":{"type":"Point","coordinates":[8.6103826,48.2997243]},"properties":{"hgv":"no"}},{"type":"Feature","geometry":{"type":"Point","coordinates":[8.9461099,48.7195458]},"properties":{"maxheight":"default"}},{"type":"Feature","geometry":{"type":"Point","coordinates":[8.3583624,48.7234998]},"properties":{"hgv":"destination"}},{"type":"Feature","geometry":{"type":"Point","coordinates":[8.8813228,48.5524969]},"properties":{"hgv":"destination"}},{"type":"Feature","geometry":{"type":"Point","coordinates":[8.8758662,48.5699542]},"properties":{"hgv":"destination","maxweightrating:hgv":"7.5"}},{"type":"Feature","geometry":{"type":"Point","coordinates":[8.180611,48.8083997]},"properties":{"hgv":"no"}},{"type":"Feature","geometry":{"type":"Point","coordinates":[8.1809841,48.8086564]},"properties":{"hgv":"no"}},{"type":"Feature","geometry":{"type":"Point","coordinates":[8.1812447,48.8098087]},"properties":{"hgv":"yes"}},{"type":"Feature","geometry":{"type":"Point","coordinates":[8.1818616,48.8092613]},"properties":{"hgv":"yes"}},{"type":"Feature","geometry":{"type":"Point","coordinates":[8.1813948,48.8083663]},"properties":{"hgv":"no"}},{"type":"Feature","geometry":{"type":"Point","coordinates":[8.1811807,48.8085106]},"properties":{"hgv":"no"}},{"type":"Feature","geometry":{"type":"Point","coordinates":[8.2829305,48.7382129]},"properties":{"maxweight":"3"}},{"type":"Feature","geometry":{"type":"Point","coordinates":[8.2008121,48.8576298]},"properties":{"maxheight":"2"}},{"type":"Feature","geometry":{"type":"Point","coordinates":[8.1969472,48.817139]},"properties":{"hgv":"yes"}},{"type":"Feature","geometry":{"type":"Point","coordinates":[8.1978075,48.815811]},"properties":{"hgv":"no"}},{"type":"Feature","geometry":{"type":"Point","coordinates":[8.1959669,48.8159289]},"properties":{"hgv":"yes"}},{"type":"Feature","geometry":{"type":"Point","coordinates":[8.7634183,48.1718396]},"properties":{"maxweight":"3.5"}},{"type":"Feature","geometry":{"type":"Point","coordinates":[8.3110294,48.8006075]},"properties":{"maxheight":"none"}},{"type":"Feature","geometry":{"type":"Point","coordinates":[8.3038613,48.8080205]},"properties":{"maxheight":"none"}},{"type":"Feature","geometry":{"type":"Point","coordinates":[8.3857778,48.7734978]},"properties":{"hgv":"destination"}},{"type":"Feature","geometry":{"type":"Point","coordinates":[8.6941642,48.8948974]},"properties":{"maxheight":"default"}},{"type":"Feature","geometry":{"type":"Point","coordinates":[8.3502514,48.2828941]},"properties":{"hgv":"destination"}},{"type":"Feature","geometry":{"type":"Point","coordinates":[8.1995967,48.8601924]},"properties":{"maxheight":"1.85"}},{"type":"Feature","geometry":{"type":"Point","coordinates":[8.2132713,48.8579035]},"properties":{"maxheight":"4.0"}},{"type":"Feature","geometry":{"type":"Point","coordinates":[8.2153222,48.8615959]},"properties":{"hgv":"no"}},{"type":"Feature","geometry":{"type":"Point","coordinates":[8.2152901,48.8615493]},"properties":{"hgv":"no"}},{"type":"Feature","geometry":{"type":"Point","coordinates":[8.2155334,48.8614681]},"properties":{"hgv":"no"}},{"type":"Feature","geometry":{"type":"Point","coordinates":[8.6948843,48.4524761]},"properties":{"hgv":"no"}},{"type":"Feature","geometry":{"type":"Point","coordinates":[8.188671,48.8728224]},"properties":{"maxheight":"4"}},{"type":"Feature","geometry":{"type":"Point","coordinates":[8.7420419,48.6238292]},"properties":{"maxweight":"7.5"}},{"type":"Feature","geometry":{"type":"Point","coordinates":[8.4639882,48.9815381]},"properties":{"hgv":"destination"}},{"type":"Feature","geometry":{"type":"Point","coordinates":[8.017416,48.5473846]},"properties":{"hgv":"no","maxweight":"7.5"}},{"type":"Feature","geometry":{"type":"Point","coordinates":[8.8819571,48.7481091]},"properties":{"maxheight":"default"}},{"type":"Feature","geometry":{"type":"Point","coordinates":[8.1978963,48.8733712]},"properties":{"maxheight":"2.8"}},{"type":"Feature","geometry":{"type":"Point","coordinates":[8.9664884,48.5314103]},"properties":{"maxheight":"default"}},{"type":"Feature","geometry":{"type":"Point","coordinates":[8.5128923,48.0508956]},"properties":{"maxweight":"3.5"}},{"type":"Feature","geometry":{"type":"Point","coordinates":[8.4905595,48.897165]},"properties":{"maxweight":"7.5"}},{"type":"Feature","geometry":{"type":"Point","coordinates":[8.4903449,48.8973352]},"properties":{"maxweight":"7.5"}},{"type":"Feature","geometry":{"type":"Point","coordinates":[8.4905434,48.8973608]},"properties":{"maxweight":"7.5"}},{"type":"Feature","geometry":{"type":"Point","coordinates":[8.704471,48.889884]},"properties":{"hgv":"destination"}},{"type":"Feature","geometry":{"type":"Point","coordinates":[8.7578894,48.8851059]},"properties":{"maxweight":"2.8"}},{"type":"Feature","geometry":{"type":"Point","coordinates":[8.7100315,48.0983525]},"properties":{"maxheight":"default"}},{"type":"Feature","geometry":{"type":"Point","coordinates":[8.9632846,48.6660856]},"properties":{"maxheight":"none"}},{"type":"Feature","geometry":{"type":"Point","coordinates":[8.9627382,48.6643127]},"properties":{"maxheight":"none"}},{"type":"Feature","geometry":{"type":"Point","coordinates":[8.3345968,48.0665759]},"properties":{"maxweight":"7.5"}},{"type":"Feature","geometry":{"type":"Point","coordinates":[8.0857721,48.0854303]},"properties":{"maxheight":"2.4"}},{"type":"Feature","geometry":{"type":"Point","coordinates":[8.0848505,48.0862271]},"properties":{"maxheight":"2.4"}},{"type":"Feature","geometry":{"type":"Point","coordinates":[8.6085131,48.9633641]},"properties":{"hgv":"no"}},{"type":"Feature","geometry":{"type":"Point","coordinates":[8.8494472,48.7692912]},"properties":{"maxweight":"7.5"}},{"type":"Feature","geometry":{"type":"Point","coordinates":[8.1892714,48.855674]},"properties":{"maxweight":"7.5"}},{"type":"Feature","geometry":{"type":"Point","coordinates":[8.1957591,48.8568011]},"properties":{"maxheight":"default"}},{"type":"Feature","geometry":{"type":"Point","coordinates":[8.7959052,48.8257964]},"properties":{"hgv":"no"}},{"type":"Feature","geometry":{"type":"Point","coordinates":[8.2035792,48.853541]},"properties":{"maxweight":"7.5"}},{"type":"Feature","geometry":{"type":"Point","coordinates":[8.294592,48.8213984]},"properties":{"maxheight":"default"}},{"type":"Feature","geometry":{"type":"Point","coordinates":[8.3732185,48.4583777]},"properties":{"maxweight":"12"}},{"type":"Feature","geometry":{"type":"Point","coordinates":[8.4668237,48.2524728]},"properties":{"hgv":"no","maxweight":"7.5"}},{"type":"Feature","geometry":{"type":"Point","coordinates":[8.4596222,48.2523681]},"properties":{"hgv":"no","maxweight":"7.5"}},{"type":"Feature","geometry":{"type":"Point","coordinates":[8.4906855,48.8972391]},"properties":{"maxweight":"7.5"}},{"type":"Feature","geometry":{"type":"Point","coordinates":[8.2328998,48.8702071]},"properties":{"maxweight":"7.5"}},{"type":"Feature","geometry":{"type":"Point","coordinates":[8.2327252,48.8701355]},"properties":{"maxweight":"7.5"}},{"type":"Feature","geometry":{"type":"Point","coordinates":[8.2318284,48.869772]},"properties":{"maxweight":"7.5"}},{"type":"Feature","geometry":{"type":"Point","coordinates":[8.2314067,48.8695934]},"properties":{"maxweight":"7.5"}},{"type":"Feature","geometry":{"type":"Point","coordinates":[8.2305186,48.8692991]},"properties":{"maxweight":"7.5"}},{"type":"Feature","geometry":{"type":"Point","coordinates":[8.489928,48.8897433]},"properties":{"maxweight":"7.5"}},{"type":"Feature","geometry":{"type":"Point","coordinates":[8.16752,48.28453]},"properties":{"maxheight":"3.5 m"}},{"type":"Feature","geometry":{"type":"Point","coordinates":[8.7547104,48.7251455]},"properties":{"maxweight":"2.8"}},{"type":"Feature","geometry":{"type":"Point","coordinates":[8.6266591,48.7252875]},"properties":{"maxweight":"6"}},{"type":"Feature","geometry":{"type":"Point","coordinates":[8.674534,48.7326377]},"properties":{"maxweight":"6"}},{"type":"Feature","geometry":{"type":"Point","coordinates":[8.7702575,48.8870232]},"properties":{"maxweight":"2.8"}},{"type":"Feature","geometry":{"type":"Point","coordinates":[8.2034966,48.8528531]},"properties":{"maxweight":"7.5"}},{"type":"Feature","geometry":{"type":"Point","coordinates":[8.5309825,48.9993715]},"properties":{"hgv":"destination"}},{"type":"Feature","geometry":{"type":"Point","coordinates":[8.076539,48.3497535]},"properties":{"hgv":"delivery"}},{"type":"Feature","geometry":{"type":"Point","coordinates":[8.7661691,48.9138955]},"properties":{"maxheight":"default"}},{"type":"Feature","geometry":{"type":"Point","coordinates":[8.2453193,48.7523832]},"properties":{"maxheight":"2.8"}},{"type":"Feature","geometry":{"type":"Point","coordinates":[8.9235412,48.8099508]},"properties":{"maxheight":"default"}},{"type":"Feature","geometry":{"type":"Point","coordinates":[8.2038913,48.8509303]},"properties":{"maxweight":"7.5"}},{"type":"Feature","geometry":{"type":"Point","coordinates":[8.2039118,48.8502015]},"properties":{"maxweight":"7.5"}},{"type":"Feature","geometry":{"type":"Point","coordinates":[8.2002213,48.8465367]},"properties":{"maxheight":"4"}},{"type":"Feature","geometry":{"type":"Point","coordinates":[8.2038601,48.8494598]},"properties":{"maxheight":"4.1"}},{"type":"Feature","geometry":{"type":"Point","coordinates":[8.2038601,48.8494598]},"properties":{"maxheight":"4.1"}},{"type":"Feature","geometry":{"type":"Point","coordinates":[8.0959848,48.0085507]},"properties":{"maxweight":"12"}},{"type":"Feature","geometry":{"type":"Point","coordinates":[8.093925,48.0081432]},"properties":{"maxweight":"12"}},{"type":"Feature","geometry":{"type":"Point","coordinates":[8.0319978,48.0170907]},"properties":{"maxweight":"2.8"}},{"type":"Feature","geometry":{"type":"Point","coordinates":[8.2026361,48.7833887]},"properties":{"maxheight":"3.9"}},{"type":"Feature","geometry":{"type":"Point","coordinates":[8.7467387,48.6253231]},"properties":{"hgv":"no","maxweightrating:hgv":"7.5"}},{"type":"Feature","geometry":{"type":"Point","coordinates":[8.4017366,48.52598]},"properties":{"hgv":"no"}},{"type":"Feature","geometry":{"type":"Point","coordinates":[8.2041509,48.8138718]},"properties":{"maxweight":"2.8"}},{"type":"Feature","geometry":{"type":"Point","coordinates":[8.2001255,48.8127582]},"properties":{"maxweight":"2.8"}},{"type":"Feature","geometry":{"type":"Point","coordinates":[8.2320723,48.6449149]},"properties":{"hgv":"destination"}},{"type":"Feature","geometry":{"type":"Point","coordinates":[8.5377609,48.0451549]},"properties":{"maxheight":"2.9"}},{"type":"Feature","geometry":{"type":"Point","coordinates":[8.672037,48.914393]},"properties":{"hgv":"no"}},{"type":"Feature","geometry":{"type":"Point","coordinates":[8.3843294,48.9915978]},"properties":{"maxheight":"4.5"}},{"type":"Feature","geometry":{"type":"Point","coordinates":[8.3759245,48.9891084]},"properties":{"hgv":"destination","maxheight":"default"}},{"type":"Feature","geometry":{"type":"Point","coordinates":[8.3742554,48.9953323]},"properties":{"maxheight":"default"}},{"type":"Feature","geometry":{"type":"Point","coordinates":[8.4105171,48.9923879]},"properties":{"maxheight":"default"}},{"type":"Feature","geometry":{"type":"Point","coordinates":[8.201722,48.8387136]},"properties":{"maxheight":"3.8"}},{"type":"Feature","geometry":{"type":"Point","coordinates":[8.6619537,48.8854803]},"properties":{"maxheight":"3.7"}},{"type":"Feature","geometry":{"type":"Point","coordinates":[8.2264004,48.8387592]},"properties":{"maxheight":"none"}},{"type":"Feature","geometry":{"type":"Point","coordinates":[8.2485513,48.148305]},"properties":{"maxheight":"1.5"}},{"type":"Feature","geometry":{"type":"Point","coordinates":[8.6811228,48.7400149]},"properties":{"maxweight":"5"}},{"type":"Feature","geometry":{"type":"Point","coordinates":[8.6769975,48.7385661]},"properties":{"maxweight":"5"}},{"type":"Feature","geometry":{"type":"Point","coordinates":[8.6940495,48.7000092]},"properties":{"hgv":"agricultural;forestry"}},{"type":"Feature","geometry":{"type":"Point","coordinates":[8.7047501,48.7059373]},"properties":{"hgv":"forestry"}},{"type":"Feature","geometry":{"type":"Point","coordinates":[8.9633463,48.7390882]},"properties":{"hgv":"destination"}},{"type":"Feature","geometry":{"type":"Point","coordinates":[8.1159461,48.0384268]},"properties":{"maxweight":"12"}},{"type":"Feature","geometry":{"type":"Point","coordinates":[8.0928513,48.0803153]},"properties":{"maxweight":"12"}},{"type":"Feature","geometry":{"type":"Point","coordinates":[8.1208622,48.0404128]},"properties":{"maxweight":"12"}},{"type":"Feature","geometry":{"type":"Point","coordinates":[8.0941875,48.0783854]},"properties":{"maxweight":"12"}},{"type":"Feature","geometry":{"type":"Point","coordinates":[8.9853595,48.7915134]},"properties":{"maxweight":"12"}},{"type":"Feature","geometry":{"type":"Point","coordinates":[8.3830067,48.9852714]},"properties":{"maxheight":"3.4","maxlength":"10"}},{"type":"Feature","geometry":{"type":"Point","coordinates":[8.2389924,48.2167748]},"properties":{"hgv":"no"}},{"type":"Feature","geometry":{"type":"Point","coordinates":[8.07896,48.3495671]},"properties":{"hgv":"delivery"}},{"type":"Feature","geometry":{"type":"Point","coordinates":[8.0796045,48.3497065]},"properties":{"hgv":"delivery"}},{"type":"Feature","geometry":{"type":"Point","coordinates":[8.0793339,48.3495107]},"properties":{"hgv":"delivery"}},{"type":"Feature","geometry":{"type":"Point","coordinates":[8.1593882,48.2052651]},"properties":{"maxweight":"10"}},{"type":"Feature","geometry":{"type":"Point","coordinates":[8.330374,48.9675723]},"properties":{"hgv":"no"}},{"type":"Feature","geometry":{"type":"Point","coordinates":[8.3301967,48.9673687]},"properties":{"hgv":"no"}},{"type":"Feature","geometry":{"type":"Point","coordinates":[8.9120077,48.6360176]},"properties":{"maxheight":"none"}},{"type":"Feature","geometry":{"type":"Point","coordinates":[8.9153798,48.6363601]},"properties":{"maxheight":"none"}},{"type":"Feature","geometry":{"type":"Point","coordinates":[8.2258734,48.8673482]},"properties":{"maxweight":"7.5"}},{"type":"Feature","geometry":{"type":"Point","coordinates":[8.224559,48.8669387]},"properties":{"maxweight":"7.5"}},{"type":"Feature","geometry":{"type":"Point","coordinates":[8.2716893,48.7784262]},"properties":{"maxlength":"16"}},{"type":"Feature","geometry":{"type":"Point","coordinates":[8.310548,48.9021562]},"properties":{"maxheight":"default"}},{"type":"Feature","geometry":{"type":"Point","coordinates":[8.0314101,48.0215428]},"properties":{"maxweight":"12"}},{"type":"Feature","geometry":{"type":"Point","coordinates":[8.0329008,48.0213823]},"properties":{"maxweight":"12"}},{"type":"Feature","geometry":{"type":"Point","coordinates":[8.0392763,48.020484]},"properties":{"maxweight":"12"}},{"type":"Feature","geometry":{"type":"Point","coordinates":[8.0408689,48.0202919]},"properties":{"maxweight":"12"}},{"type":"Feature","geometry":{"type":"Point","coordinates":[8.927549,48.639269]},"properties":{"maxheight":"none"}},{"type":"Feature","geometry":{"type":"Point","coordinates":[8.9239417,48.6377427]},"properties":{"maxheight":"default"}},{"type":"Feature","geometry":{"type":"Point","coordinates":[8.568688,48.9231743]},"properties":{"maxweight":"6"}},{"type":"Feature","geometry":{"type":"Point","coordinates":[8.0386724,48.1506853]},"properties":{"maxweight":"6"}},{"type":"Feature","geometry":{"type":"Point","coordinates":[8.4527186,48.373254]},"properties":{"maxweight":"6"}},{"type":"Feature","geometry":{"type":"Point","coordinates":[8.4464374,48.3736226]},"properties":{"maxweight":"6"}},{"type":"Feature","geometry":{"type":"Point","coordinates":[8.728926,48.5442385]},"properties":{"hgv":"no"}},{"type":"Feature","geometry":{"type":"Point","coordinates":[8.7286787,48.5444932]},"properties":{"hgv":"no"}},{"type":"Feature","geometry":{"type":"Point","coordinates":[8.7284432,48.5444663]},"properties":{"hgv":"no"}},{"type":"Feature","geometry":{"type":"Point","coordinates":[8.5745133,48.2905336]},"properties":{"maxheight":"3.2"}},{"type":"Feature","geometry":{"type":"Point","coordinates":[8.3732431,48.995531]},"properties":{"hgv":"destination","maxheight":"default"}},{"type":"Feature","geometry":{"type":"Point","coordinates":[8.0934061,48.0087246]},"properties":{"maxweight":"12"}},{"type":"Feature","geometry":{"type":"Point","coordinates":[8.4910735,48.9475995]},"properties":{"maxheight":"default"}},{"type":"Feature","geometry":{"type":"Point","coordinates":[8.1611379,48.4739226]},"properties":{"hgv":"destination","maxweight":"6"}},{"type":"Feature","geometry":{"type":"Point","coordinates":[8.0739348,48.5254255]},"properties":{"maxheight":"default"}},{"type":"Feature","geometry":{"type":"Point","coordinates":[8.9445398,48.6476978]},"properties":{"maxheight":"none"}},{"type":"Feature","geometry":{"type":"Point","coordinates":[8.9635296,48.6710578]},"properties":{"maxheight":"default"}},{"type":"Feature","geometry":{"type":"Point","coordinates":[8.9654623,48.7018905]},"properties":{"maxheight":"default"}},{"type":"Feature","geometry":{"type":"Point","coordinates":[8.9664444,48.6966711]},"properties":{"maxheight":"default"}},{"type":"Feature","geometry":{"type":"Point","coordinates":[8.2051787,48.8496288]},"properties":{"maxheight":"2.1"}},{"type":"Feature","geometry":{"type":"Point","coordinates":[8.2054903,48.8503129]},"properties":{"maxheight":"2.1"}},{"type":"Feature","geometry":{"type":"Point","coordinates":[8.1890614,48.1966961]},"properties":{"hgv":"agricultural"}},{"type":"Feature","geometry":{"type":"Point","coordinates":[8.3211139,48.7990819]},"properties":{"maxheight":"4"}},{"type":"Feature","geometry":{"type":"Point","coordinates":[8.3312031,48.7941502]},"properties":{"hgv":"permissive"}},{"type":"Feature","geometry":{"type":"Point","coordinates":[8.2219883,48.8376479]},"properties":{"maxheight":"2"}},{"type":"Feature","geometry":{"type":"Point","coordinates":[8.9377016,48.6451205]},"properties":{"maxheight":"none"}},{"type":"Feature","geometry":{"type":"Point","coordinates":[8.0019983,48.7171231]},"properties":{"hgv":"no"}},{"type":"Feature","geometry":{"type":"Point","coordinates":[8.1675434,48.4464406]},"properties":{"maxweight":"24"}},{"type":"Feature","geometry":{"type":"Point","coordinates":[8.9430518,48.6471202]},"properties":{"maxheight":"none"}},{"type":"Feature","geometry":{"type":"Point","coordinates":[8.0408248,48.6589413]},"properties":{"hgv":"no"}},{"type":"Feature","geometry":{"type":"Point","coordinates":[8.8397163,48.9452168]},"properties":{"maxheight":"2"}},{"type":"Feature","geometry":{"type":"Point","coordinates":[8.8382847,48.9450251]},"properties":{"maxheight":"2"}},{"type":"Feature","geometry":{"type":"Point","coordinates":[8.3892233,48.9913258]},"properties":{"maxheight":"2.1"}},{"type":"Feature","geometry":{"type":"Point","coordinates":[8.3912215,48.9910223]},"properties":{"maxheight":"2.4"}},{"type":"Feature","geometry":{"type":"Point","coordinates":[8.3883462,48.991482]},"properties":{"maxheight":"3.2"}},{"type":"Feature","geometry":{"type":"Point","coordinates":[8.3909403,48.9910832]},"properties":{"maxheight":"2"}},{"type":"Feature","geometry":{"type":"Point","coordinates":[8.3908418,48.9911951]},"properties":{"maxheight":"2.2"}},{"type":"Feature","geometry":{"type":"Point","coordinates":[8.3892803,48.9913678]},"properties":{"maxheight":"2.1"}},{"type":"Feature","geometry":{"type":"Point","coordinates":[8.3906102,48.9912071]},"properties":{"maxheight":"2","maxwidth":"1.95"}},{"type":"Feature","geometry":{"type":"Point","coordinates":[8.3883202,48.9915492]},"properties":{"maxheight":"2.4"}},{"type":"Feature","geometry":{"type":"Point","coordinates":[8.3894496,48.9913713]},"properties":{"maxheight":"2.1"}},{"type":"Feature","geometry":{"type":"Point","coordinates":[8.0073781,48.1017]},"properties":{"maxweight":"12"}},{"type":"Feature","geometry":{"type":"Point","coordinates":[8.0115638,48.1010156]},"properties":{"maxweight":"12"}},{"type":"Feature","geometry":{"type":"Point","coordinates":[8.6256075,48.5980453]},"properties":{"maxweight":"16"}},{"type":"Feature","geometry":{"type":"Point","coordinates":[8.6256793,48.5976955]},"properties":{"maxweight":"3.5"}},{"type":"Feature","geometry":{"type":"Point","coordinates":[8.4230157,48.3807674]},"properties":{"maxweight":"7.5"}},{"type":"Feature","geometry":{"type":"Point","coordinates":[8.1011938,48.064304]},"properties":{"maxweight":"12"}},{"type":"Feature","geometry":{"type":"Point","coordinates":[8.3688253,48.3050213]},"properties":{"maxheight":"default"}},{"type":"Feature","geometry":{"type":"Point","coordinates":[8.3939383,48.334872]},"properties":{"maxheight":"4"}},{"type":"Feature","geometry":{"type":"Point","coordinates":[8.3936348,48.3366739]},"properties":{"maxheight":"3.1"}},{"type":"Feature","geometry":{"type":"Point","coordinates":[8.7469914,48.4305358]},"properties":{"maxheight":"default"}},{"type":"Feature","geometry":{"type":"Point","coordinates":[8.618567,48.0318855]},"properties":{"maxheight":"default"}},{"type":"Feature","geometry":{"type":"Point","coordinates":[8.8381419,48.4991204]},"properties":{"maxheight":"default"}},{"type":"Feature","geometry":{"type":"Point","coordinates":[8.9629599,48.6643218]},"properties":{"maxheight":"none"}},{"type":"Feature","geometry":{"type":"Point","coordinates":[8.6590546,48.3457412]},"properties":{"maxheight":"default"}},{"type":"Feature","geometry":{"type":"Point","coordinates":[8.4770896,48.3449496]},"properties":{"maxweight":"2.8"}},{"type":"Feature","geometry":{"type":"Point","coordinates":[8.1996872,48.7952241]},"properties":{"maxweight":"7.5"}},{"type":"Feature","geometry":{"type":"Point","coordinates":[8.2004181,48.7951693]},"properties":{"hgv":"destination"}},{"type":"Feature","geometry":{"type":"Point","coordinates":[8.1999783,48.7953269]},"properties":{"hgv":"destination"}},{"type":"Feature","geometry":{"type":"Point","coordinates":[8.2002626,48.7952235]},"properties":{"hgv":"destination"}},{"type":"Feature","geometry":{"type":"Point","coordinates":[8.2008433,48.7951396]},"properties":{"hgv":"destination"}},{"type":"Feature","geometry":{"type":"Point","coordinates":[8.9404177,48.6463603]},"properties":{"maxheight":"none"}},{"type":"Feature","geometry":{"type":"Point","coordinates":[8.1592804,48.9806538]},"properties":{"maxheight":"default"}},{"type":"Feature","geometry":{"type":"Point","coordinates":[8.15813,48.9794503]},"properties":{"maxheight":"default"}},{"type":"Feature","geometry":{"type":"Point","coordinates":[8.5575128,48.9664484]},"properties":{"maxwidth":"2","maxweight":"6 t"}},{"type":"Feature","geometry":{"type":"Point","coordinates":[8.9729895,48.6754188]},"properties":{"maxheight":"default"}},{"type":"Feature","geometry":{"type":"Point","coordinates":[8.9721612,48.6760551]},"properties":{"maxheight":"default"}},{"type":"Feature","geometry":{"type":"Point","coordinates":[8.9716629,48.6764556]},"properties":{"maxheight":"default"}},{"type":"Feature","geometry":{"type":"Point","coordinates":[8.9718589,48.6765204]},"properties":{"maxheight":"default"}},{"type":"Feature","geometry":{"type":"Point","coordinates":[8.90769,48.771597]},"properties":{"maxweight":"3.5"}},{"type":"Feature","geometry":{"type":"Point","coordinates":[8.9077678,48.7718539]},"properties":{"maxweight":"3.5"}},{"type":"Feature","geometry":{"type":"Point","coordinates":[8.963277,48.6694895]},"properties":{"maxheight":"none"}},{"type":"Feature","geometry":{"type":"Point","coordinates":[8.9375775,48.6452334]},"properties":{"maxheight":"none"}},{"type":"Feature","geometry":{"type":"Point","coordinates":[8.3853007,48.9566236]},"properties":{"hgv":"destination"}},{"type":"Feature","geometry":{"type":"Point","coordinates":[8.6701638,48.8870579]},"properties":{"maxweight":"2.8"}},{"type":"Feature","geometry":{"type":"Point","coordinates":[8.6697938,48.8871281]},"properties":{"maxweight":"2.8"}},{"type":"Feature","geometry":{"type":"Point","coordinates":[8.669933,48.8862866]},"properties":{"maxweight":"2.8"}},{"type":"Feature","geometry":{"type":"Point","coordinates":[8.3955085,48.2648381]},"properties":{"hgv":"destination","maxlength":"9"}},{"type":"Feature","geometry":{"type":"Point","coordinates":[8.2004435,48.846372]},"properties":{"maxweight":"7.5"}},{"type":"Feature","geometry":{"type":"Point","coordinates":[8.3726214,48.3091286]},"properties":{"maxheight":"4.1"}},{"type":"Feature","geometry":{"type":"Point","coordinates":[8.9877527,48.6902296]},"properties":{"maxheight":"none"}},{"type":"Feature","geometry":{"type":"Point","coordinates":[8.3442503,48.7585803]},"properties":{"maxweight":"3.5"}},{"type":"Feature","geometry":{"type":"Point","coordinates":[8.9999127,48.6937512]},"properties":{"maxheight":"none"}},{"type":"Feature","geometry":{"type":"Point","coordinates":[8.6671276,48.8893454]},"properties":{"maxheight":"default"}},{"type":"Feature","geometry":{"type":"Point","coordinates":[8.5696337,48.9534114]},"properties":{"hgv":"destination"}},{"type":"Feature","geometry":{"type":"Point","coordinates":[8.5696954,48.9533463]},"properties":{"hgv":"destination"}},{"type":"Feature","geometry":{"type":"Point","coordinates":[8.645807,48.7872273]},"properties":{"maxweight":"3.5"}},{"type":"Feature","geometry":{"type":"Point","coordinates":[8.267816,48.8406333]},"properties":{"maxheight":"none"}},{"type":"Feature","geometry":{"type":"Point","coordinates":[8.372502,48.5102318]},"properties":{"maxweight":"3.5"}},{"type":"Feature","geometry":{"type":"Point","coordinates":[8.5650943,48.5262895]},"properties":{"maxweight":"5"}},{"type":"Feature","geometry":{"type":"Point","coordinates":[8.3720848,48.5110358]},"properties":{"hgv":"destination"}},{"type":"Feature","geometry":{"type":"Point","coordinates":[8.0424699,48.3134771]},"properties":{"maxweight":"6"}},{"type":"Feature","geometry":{"type":"Point","coordinates":[8.7353784,48.7044637]},"properties":{"maxheight":"default"}},{"type":"Feature","geometry":{"type":"Point","coordinates":[8.4547812,48.9309819]},"properties":{"maxweightrating:hgv":"7.5"}},{"type":"Feature","geometry":{"type":"Point","coordinates":[8.4464697,48.9173833]},"properties":{"hgv":"no"}},{"type":"Feature","geometry":{"type":"Point","coordinates":[8.4458004,48.9177497]},"properties":{"hgv":"no"}},{"type":"Feature","geometry":{"type":"Point","coordinates":[8.9304133,48.9520977]},"properties":{"hgv":"no"}},{"type":"Feature","geometry":{"type":"Point","coordinates":[8.7042981,48.8891127]},"properties":{"maxheight":"3.3"}},{"type":"Feature","geometry":{"type":"Point","coordinates":[8.0459921,48.3218946]},"properties":{"maxheight":"4"}},{"type":"Feature","geometry":{"type":"Point","coordinates":[8.6924451,48.8924319]},"properties":{"maxweight":"3.5"}},{"type":"Feature","geometry":{"type":"Point","coordinates":[8.449519,48.9315036]},"properties":{"maxweightrating:hgv":"7.5"}},{"type":"Feature","geometry":{"type":"Point","coordinates":[8.9304133,48.9520977]},"properties":{"hgv":"delivery"}},{"type":"Feature","geometry":{"type":"Point","coordinates":[8.3693062,48.9502682]},"properties":{"maxheight":"none"}},{"type":"Feature","geometry":{"type":"Point","coordinates":[8.9303356,48.6403532]},"properties":{"maxheight":"default"}},{"type":"Feature","geometry":{"type":"Point","coordinates":[8.1819284,48.805006]},"properties":{"hgv":"no"}},{"type":"Feature","geometry":{"type":"Point","coordinates":[8.727777,48.9229868]},"properties":{"maxheight":"3.5"}},{"type":"Feature","geometry":{"type":"Point","coordinates":[8.6846707,48.4457099]},"properties":{"maxweight":"3.5"}},{"type":"Feature","geometry":{"type":"Point","coordinates":[8.6803951,48.448246]},"properties":{"maxweight":"3.5"}},{"type":"Feature","geometry":{"type":"Point","coordinates":[8.7345352,48.4343498]},"properties":{"maxheight":"default"}},{"type":"Feature","geometry":{"type":"Point","coordinates":[8.8021281,48.376658]},"properties":{"maxweight":"6"}},{"type":"Feature","geometry":{"type":"Point","coordinates":[8.1735116,48.2863386]},"properties":{"maxweight":"2.8"}},{"type":"Feature","geometry":{"type":"Point","coordinates":[8.5963659,48.5551695]},"properties":{"maxweight":"3.5"}},{"type":"Feature","geometry":{"type":"Point","coordinates":[8.0937628,48.277429]},"properties":{"hgv":"destination"}},{"type":"Feature","geometry":{"type":"Point","coordinates":[8.0831269,48.2803801]},"properties":{"maxheight":"3.1"}},{"type":"Feature","geometry":{"type":"Point","coordinates":[8.9490375,48.9647831]},"properties":{"hgv":"destination"}},{"type":"Feature","geometry":{"type":"Point","coordinates":[8.9761117,48.6769075]},"properties":{"maxheight":"default"}},{"type":"Feature","geometry":{"type":"Point","coordinates":[8.9690944,48.6880916]},"properties":{"maxheight":"default"}},{"type":"Feature","geometry":{"type":"Point","coordinates":[8.9691647,48.6862767]},"properties":{"maxheight":"default"}},{"type":"Feature","geometry":{"type":"Point","coordinates":[8.9692461,48.6856477]},"properties":{"maxheight":"default"}},{"type":"Feature","geometry":{"type":"Point","coordinates":[8.3955282,48.9791738]},"properties":{"maxweight":"3"}},{"type":"Feature","geometry":{"type":"Point","coordinates":[8.952507,48.4799814]},"properties":{"maxheight":"2.8"}},{"type":"Feature","geometry":{"type":"Point","coordinates":[8.3478525,48.7533524]},"properties":{"hgv":"destination"}},{"type":"Feature","geometry":{"type":"Point","coordinates":[8.5279554,48.0317524]},"properties":{"hgv":"no","maxweight":"2.8"}},{"type":"Feature","geometry":{"type":"Point","coordinates":[8.4623077,48.982202]},"properties":{"hgv":"destination"}},{"type":"Feature","geometry":{"type":"Point","coordinates":[8.2417792,48.4889993]},"properties":{"maxweight":"6"}},{"type":"Feature","geometry":{"type":"Point","coordinates":[8.1763165,48.4778401]},"properties":{"maxweight":"6"}},{"type":"Feature","geometry":{"type":"Point","coordinates":[8.1834887,48.4784486]},"properties":{"maxweight":"6"}},{"type":"Feature","geometry":{"type":"Point","coordinates":[8.2635723,48.8883421]},"properties":{"hgv":"designated"}},{"type":"Feature","geometry":{"type":"Point","coordinates":[8.2770738,48.879955]},"properties":{"hgv":"designated"}},{"type":"Feature","geometry":{"type":"Point","coordinates":[8.572594,48.0046465]},"properties":{"maxweight":"3"}},{"type":"Feature","geometry":{"type":"Point","coordinates":[8.7121892,48.5625472]},"properties":{"maxweight":"6"}},{"type":"Feature","geometry":{"type":"Point","coordinates":[8.9356366,48.4722524]},"properties":{"hgv":"no"}},{"type":"Feature","geometry":{"type":"Point","coordinates":[8.823068,48.0007399]},"properties":{"maxweight":"7.5"}},{"type":"Feature","geometry":{"type":"Point","coordinates":[8.8233713,48.0006929]},"properties":{"maxweight":"7.5"}},{"type":"Feature","geometry":{"type":"Point","coordinates":[8.1825473,48.9795911]},"properties":{"maxweight":"3.5"}},{"type":"Feature","geometry":{"type":"Point","coordinates":[8.2742421,48.8308441]},"properties":{"maxheight":"none"}},{"type":"Feature","geometry":{"type":"Point","coordinates":[8.3429704,48.7493742]},"properties":{"maxheight":"below_default"}},{"type":"Feature","geometry":{"type":"Point","coordinates":[8.5523516,48.9946321]},"properties":{"maxweight":"3.5"}},{"type":"Feature","geometry":{"type":"Point","coordinates":[8.9078906,48.6159803]},"properties":{"hgv":"no"}},{"type":"Feature","geometry":{"type":"Point","coordinates":[8.9076413,48.6160392]},"properties":{"hgv":"no"}},{"type":"Feature","geometry":{"type":"Point","coordinates":[8.9078629,48.6161226]},"properties":{"hgv":"no"}},{"type":"Feature","geometry":{"type":"Point","coordinates":[8.5548339,48.9647055]},"properties":{"hgv":"destination"}},{"type":"Feature","geometry":{"type":"Point","coordinates":[8.5403128,48.9864989]},"properties":{"hgv":"destination"}},{"type":"Feature","geometry":{"type":"Point","coordinates":[8.5014802,48.9712149]},"properties":{"maxweight":"1"}},{"type":"Feature","geometry":{"type":"Point","coordinates":[8.9350709,48.643683]},"properties":{"maxheight":"none"}},{"type":"Feature","geometry":{"type":"Point","coordinates":[8.9307169,48.6408287]},"properties":{"maxheight":"none"}},{"type":"Feature","geometry":{"type":"Point","coordinates":[8.9171931,48.634692]},"properties":{"maxheight":"none"}},{"type":"Feature","geometry":{"type":"Point","coordinates":[8.8866754,48.5246412]},"properties":{"hgv":"designated"}},{"type":"Feature","geometry":{"type":"Point","coordinates":[8.8847544,48.5242886]},"properties":{"hgv":"designated"}},{"type":"Feature","geometry":{"type":"Point","coordinates":[8.776388,48.4561448]},"properties":{"hgv":"designated"}},{"type":"Feature","geometry":{"type":"Point","coordinates":[8.7741718,48.4556836]},"properties":{"hgv":"designated"}},{"type":"Feature","geometry":{"type":"Point","coordinates":[8.7286392,48.4008036]},"properties":{"hgv":"yes"}},{"type":"Feature","geometry":{"type":"Point","coordinates":[8.7276883,48.4008103]},"properties":{"hgv":"yes"}},{"type":"Feature","geometry":{"type":"Point","coordinates":[8.6476336,48.335839]},"properties":{"maxheight":"default"}},{"type":"Feature","geometry":{"type":"Point","coordinates":[8.6394762,48.3102005]},"properties":{"maxheight":"default"}},{"type":"Feature","geometry":{"type":"Point","coordinates":[8.5729379,48.1550124]},"properties":{"maxheight":"default"}},{"type":"Feature","geometry":{"type":"Point","coordinates":[8.6542062,48.3431084]},"properties":{"maxheight":"default"}},{"type":"Feature","geometry":{"type":"Point","coordinates":[8.6582438,48.3454761]},"properties":{"maxheight":"default"}},{"type":"Feature","geometry":{"type":"Point","coordinates":[8.6205054,48.2053245]},"properties":{"hgv":"designated"}},{"type":"Feature","geometry":{"type":"Point","coordinates":[8.6190746,48.0329934]},"properties":{"maxheight":"default"}},{"type":"Feature","geometry":{"type":"Point","coordinates":[8.5909699,48.0942379]},"properties":{"maxheight":"default"}},{"type":"Feature","geometry":{"type":"Point","coordinates":[8.7603292,48.7081828]},"properties":{"hgv":"no","maxheight":"2.8"}},{"type":"Feature","geometry":{"type":"Point","coordinates":[8.5182593,48.7806855]},"properties":{"maxweight":"9"}},{"type":"Feature","geometry":{"type":"Point","coordinates":[8.3944448,48.9797581]},"properties":{"maxweight":"3"}},{"type":"Feature","geometry":{"type":"Point","coordinates":[8.4656899,48.9322507]},"properties":{"maxweightrating:hgv":"7.5"}},{"type":"Feature","geometry":{"type":"Point","coordinates":[8.293409,48.9628758]},"properties":{"maxheight":"3"}},{"type":"Feature","geometry":{"type":"Point","coordinates":[8.609268,48.1188262]},"properties":{"maxweight":"7.5"}},{"type":"Feature","geometry":{"type":"Point","coordinates":[8.2009901,48.8013279]},"properties":{"maxheight":"default"}},{"type":"Feature","geometry":{"type":"Point","coordinates":[8.1826494,48.9829316]},"properties":{"maxweight":"3.5"}},{"type":"Feature","geometry":{"type":"Point","coordinates":[8.2789698,48.5295347]},"properties":{"maxweight":"5"}},{"type":"Feature","geometry":{"type":"Point","coordinates":[8.5403929,48.058703]},"properties":{"maxheight":"2.5"}},{"type":"Feature","geometry":{"type":"Point","coordinates":[8.7270979,48.3200345]},"properties":{"maxweight":"3.5"}},{"type":"Feature","geometry":{"type":"Point","coordinates":[8.4585768,48.9137701]},"properties":{"maxweight":"7.5"}},{"type":"Feature","geometry":{"type":"Point","coordinates":[8.4585473,48.9139807]},"properties":{"maxweight":"7.5"}},{"type":"Feature","geometry":{"type":"Point","coordinates":[8.5990578,48.2474622]},"properties":{"maxheight":"1.8"}},{"type":"Feature","geometry":{"type":"Point","coordinates":[8.5328097,48.9492576]},"properties":{"maxweight":"3.5"}},{"type":"Feature","geometry":{"type":"Point","coordinates":[8.6392623,48.364368]},"properties":{"hgv":"no"}},{"type":"Feature","geometry":{"type":"Point","coordinates":[8.6392231,48.3640119]},"properties":{"hgv":"no"}},{"type":"Feature","geometry":{"type":"Point","coordinates":[8.3784358,48.9884283]},"properties":{"hgv":"destination"}},{"type":"Feature","geometry":{"type":"Point","coordinates":[8.2372741,48.2166071]},"properties":{"hgv":"no"}},{"type":"Feature","geometry":{"type":"Point","coordinates":[8.3206334,48.6333294]},"properties":{"maxweight":"12"}},{"type":"Feature","geometry":{"type":"Point","coordinates":[8.257793,48.9881851]},"properties":{"hgv":"agricultural"}},{"type":"Feature","geometry":{"type":"Point","coordinates":[8.6256617,48.1291838]},"properties":{"hgv":"no"}},{"type":"Feature","geometry":{"type":"Point","coordinates":[8.4486726,48.9931931]},"properties":{"maxheight":"4.2"}},{"type":"Feature","geometry":{"type":"Point","coordinates":[8.0323845,48.5407014]},"properties":{"maxheight":"default"}},{"type":"Feature","geometry":{"type":"Point","coordinates":[8.3783826,48.9966524]},"properties":{"maxheight":"1.9"}},{"type":"Feature","geometry":{"type":"Point","coordinates":[8.4468898,48.9179165]},"properties":{"hgv":"no"}},{"type":"Feature","geometry":{"type":"Point","coordinates":[8.4504826,48.917077]},"properties":{"hgv":"no"}},{"type":"Feature","geometry":{"type":"Point","coordinates":[8.2216656,48.2977551]},"properties":{"maxheight":"4"}},{"type":"Feature","geometry":{"type":"Point","coordinates":[8.2216253,48.2976229]},"properties":{"maxheight":"4"}},{"type":"Feature","geometry":{"type":"Point","coordinates":[8.1108836,48.7332212]},"properties":{"maxheight":"default"}},{"type":"Feature","geometry":{"type":"Point","coordinates":[8.6820874,48.8687236]},"properties":{"maxweight":"2.8"}},{"type":"Feature","geometry":{"type":"Point","coordinates":[8.3739952,48.7588596]},"properties":{"hgv":"destination"}},{"type":"Feature","geometry":{"type":"Point","coordinates":[8.3760236,48.7575897]},"properties":{"hgv":"destination"}},{"type":"Feature","geometry":{"type":"Point","coordinates":[8.3859083,48.9951292]},"properties":{"maxheight":"default"}},{"type":"Feature","geometry":{"type":"Point","coordinates":[8.8484927,48.278165]},"properties":{"maxweight":"1.5"}},{"type":"Feature","geometry":{"type":"Point","coordinates":[8.3405542,48.7603273]},"properties":{"maxweight":"3.5"}},{"type":"Feature","geometry":{"type":"Point","coordinates":[8.5613383,48.0104626]},"properties":{"hgv":"agricultural","goods":"agricultural"}},{"type":"Feature","geometry":{"type":"Point","coordinates":[8.3787684,48.9544453]},"properties":{"maxheight":"default"}},{"type":"Feature","geometry":{"type":"Point","coordinates":[8.3842025,48.9566783]},"properties":{"maxheight":"none"}},{"type":"Feature","geometry":{"type":"Point","coordinates":[8.4068498,48.9607005]},"properties":{"maxheight":"default"}},{"type":"Feature","geometry":{"type":"Point","coordinates":[8.2084576,48.8118202]},"properties":{"maxheight":"none"}},{"type":"Feature","geometry":{"type":"Point","coordinates":[8.7458246,48.7575273]},"properties":{"maxweight":"6"}},{"type":"Feature","geometry":{"type":"Point","coordinates":[8.7463011,48.7482099]},"properties":{"maxweight":"6"}},{"type":"Feature","geometry":{"type":"Point","coordinates":[8.7986305,48.7712162]},"properties":{"maxweight":"7.5"}},{"type":"Feature","geometry":{"type":"Point","coordinates":[8.7299485,48.7970214]},"properties":{"maxweight":"7.5"}},{"type":"Feature","geometry":{"type":"Point","coordinates":[8.7331288,48.7713728]},"properties":{"maxheight":"2.2"}},{"type":"Feature","geometry":{"type":"Point","coordinates":[8.7644906,48.4462829]},"properties":{"maxheight":"default"}},{"type":"Feature","geometry":{"type":"Point","coordinates":[8.2077208,48.8260602]},"properties":{"maxheight":"none"}},{"type":"Feature","geometry":{"type":"Point","coordinates":[8.2078141,48.826013]},"properties":{"maxheight":"none"}},{"type":"Feature","geometry":{"type":"Point","coordinates":[8.2103347,48.8245899]},"properties":{"maxheight":"none"}},{"type":"Feature","geometry":{"type":"Point","coordinates":[8.2085349,48.8256356]},"properties":{"maxheight":"none"}},{"type":"Feature","geometry":{"type":"Point","coordinates":[8.2096306,48.8250169]},"properties":{"maxheight":"none"}},{"type":"Feature","geometry":{"type":"Point","coordinates":[8.2900129,48.888592]},"properties":{"hgv":"yes"}},{"type":"Feature","geometry":{"type":"Point","coordinates":[8.2899007,48.8893597]},"properties":{"hgv":"yes"}},{"type":"Feature","geometry":{"type":"Point","coordinates":[8.7746122,48.7434866]},"properties":{"hgv":"destination"}},{"type":"Feature","geometry":{"type":"Point","coordinates":[8.6776586,48.7027187]},"properties":{"maxweight":"6"}},{"type":"Feature","geometry":{"type":"Point","coordinates":[8.125964,48.6809982]},"properties":{"hgv":"destination","goods":"destination"}},{"type":"Feature","geometry":{"type":"Point","coordinates":[8.0404237,48.5757942]},"properties":{"hgv":"no"}},{"type":"Feature","geometry":{"type":"Point","coordinates":[8.0373793,48.5740559]},"properties":{"hgv":"no"}},{"type":"Feature","geometry":{"type":"Point","coordinates":[8.1328353,48.6898085]},"properties":{"hgv":"destination","goods":"destination"}},{"type":"Feature","geometry":{"type":"Point","coordinates":[8.882248,48.5746346]},"properties":{"hgv":"destination","maxweightrating:hgv":"7.5"}},{"type":"Feature","geometry":{"type":"Point","coordinates":[8.8796058,48.5739546]},"properties":{"hgv":"destination","maxweightrating:hgv":"7.5"}},{"type":"Feature","geometry":{"type":"Point","coordinates":[8.139501,48.0083736]},"properties":{"hgv":"no","maxweight":"3"}},{"type":"Feature","geometry":{"type":"Point","coordinates":[8.0154782,48.0667298]},"properties":{"maxwidth":"2.3"}},{"type":"Feature","geometry":{"type":"Point","coordinates":[8.027762,48.0598675]},"properties":{"maxwidth":"2.3"}},{"type":"Feature","geometry":{"type":"Point","coordinates":[8.0185867,48.0602971]},"properties":{"maxwidth":"2.3"}},{"type":"Feature","geometry":{"type":"Point","coordinates":[8.0157215,48.066404]},"properties":{"maxwidth":"2.3"}},{"type":"Feature","geometry":{"type":"Point","coordinates":[8.6687775,48.8869078]},"properties":{"maxheight":"2.7"}},{"type":"Feature","geometry":{"type":"Point","coordinates":[8.5775194,48.5070081]},"properties":{"hgv":"no"}},{"type":"Feature","geometry":{"type":"Point","coordinates":[8.5399113,48.8846699]},"properties":{"maxweight":"2"}},{"type":"Feature","geometry":{"type":"Point","coordinates":[8.6043241,48.8944777]},"properties":{"hgv":"no"}},{"type":"Feature","geometry":{"type":"Point","coordinates":[8.549889,48.9825011]},"properties":{"maxheight":"3.7"}},{"type":"Feature","geometry":{"type":"Point","coordinates":[8.1288394,48.0421429]},"properties":{"maxweight":"12"}},{"type":"Feature","geometry":{"type":"Point","coordinates":[8.164361,48.0428821]},"properties":{"maxweightrating:hgv":"12"}},{"type":"Feature","geometry":{"type":"Point","coordinates":[8.470054,48.9327978]},"properties":{"maxweightrating:hgv":"7.5"}},{"type":"Feature","geometry":{"type":"Point","coordinates":[8.0262182,48.0270805]},"properties":{"maxweight":"12"}},{"type":"Feature","geometry":{"type":"Point","coordinates":[8.02727,48.0255028]},"properties":{"maxweight":"12"}},{"type":"Feature","geometry":{"type":"Point","coordinates":[8.0257305,48.0275921]},"properties":{"maxweight":"12"}},{"type":"Feature","geometry":{"type":"Point","coordinates":[8.7202201,48.8957792]},"properties":{"maxweight":"10"}},{"type":"Feature","geometry":{"type":"Point","coordinates":[8.2472464,48.8639152]},"properties":{"maxheight":"default"}},{"type":"Feature","geometry":{"type":"Point","coordinates":[8.2416451,48.8575391]},"properties":{"maxheight":"default"}},{"type":"Feature","geometry":{"type":"Point","coordinates":[8.5153379,48.062218]},"properties":{"maxheight":"default"}},{"type":"Feature","geometry":{"type":"Point","coordinates":[8.7388654,48.2731372]},"properties":{"maxweight":"1.5"}},{"type":"Feature","geometry":{"type":"Point","coordinates":[8.5318954,48.0622251]},"properties":{"hgv":"delivery"}},{"type":"Feature","geometry":{"type":"Point","coordinates":[8.2491282,48.8612396]},"properties":{"maxweight":"7.5"}},{"type":"Feature","geometry":{"type":"Point","coordinates":[8.774507,48.6709761]},"properties":{"maxweight":"3.5"}},{"type":"Feature","geometry":{"type":"Point","coordinates":[8.9623537,48.2145282]},"properties":{"maxweight":"3.5"}},{"type":"Feature","geometry":{"type":"Point","coordinates":[8.4140753,48.993511]},"properties":{"maxheight":"default"}},{"type":"Feature","geometry":{"type":"Point","coordinates":[8.4047232,48.9902779]},"properties":{"maxheight":"default"}},{"type":"Feature","geometry":{"type":"Point","coordinates":[8.3791485,48.9924352]},"properties":{"maxheight":"4.5"}},{"type":"Feature","geometry":{"type":"Point","coordinates":[8.4266606,48.9948234]},"properties":{"maxheight":"default"}},{"type":"Feature","geometry":{"type":"Point","coordinates":[8.2294325,48.7713794]},"properties":{"maxheight":"3.45"}},{"type":"Feature","geometry":{"type":"Point","coordinates":[8.4727684,48.9967531]},"properties":{"maxheight":"2"}},{"type":"Feature","geometry":{"type":"Point","coordinates":[8.0787056,48.3499146]},"properties":{"hgv":"delivery"}},{"type":"Feature","geometry":{"type":"Point","coordinates":[8.0778592,48.3498451]},"properties":{"hgv":"delivery"}},{"type":"Feature","geometry":{"type":"Point","coordinates":[8.1401538,48.0091509]},"properties":{"maxweight":"16"}},{"type":"Feature","geometry":{"type":"Point","coordinates":[8.147889,48.0143831]},"properties":{"maxweight":"16"}},{"type":"Feature","geometry":{"type":"Point","coordinates":[8.1426424,48.0112297]},"properties":{"maxweight":"16"}},{"type":"Feature","geometry":{"type":"Point","coordinates":[8.1625612,48.0143965]},"properties":{"maxweight":"16"}},{"type":"Feature","geometry":{"type":"Point","coordinates":[8.81793,48.3545438]},"properties":{"hgv":"no"}},{"type":"Feature","geometry":{"type":"Point","coordinates":[8.9042664,48.5583414]},"properties":{"hgv":"no"}},{"type":"Feature","geometry":{"type":"Point","coordinates":[8.9078323,48.5619105]},"properties":{"hgv":"destination"}},{"type":"Feature","geometry":{"type":"Point","coordinates":[8.7400038,48.2708647]},"properties":{"maxweight":"1.5"}},{"type":"Feature","geometry":{"type":"Point","coordinates":[8.0256807,48.027871]},"properties":{"maxweight":"12"}},{"type":"Feature","geometry":{"type":"Point","coordinates":[8.0284603,48.025693]},"properties":{"maxweight":"12"}},{"type":"Feature","geometry":{"type":"Point","coordinates":[8.025742,48.028056]},"properties":{"maxweight":"12"}},{"type":"Feature","geometry":{"type":"Point","coordinates":[8.0047861,48.0300379]},"properties":{"maxweight":"12"}},{"type":"Feature","geometry":{"type":"Point","coordinates":[8.0055517,48.0291599]},"properties":{"maxweight":"12"}},{"type":"Feature","geometry":{"type":"Point","coordinates":[8.0144327,48.0261148]},"properties":{"maxweight":"12"}},{"type":"Feature","geometry":{"type":"Point","coordinates":[8.0263757,48.0229962]},"properties":{"maxweight":"12"}},{"type":"Feature","geometry":{"type":"Point","coordinates":[8.0152945,48.0259731]},"properties":{"maxweight":"12"}},{"type":"Feature","geometry":{"type":"Point","coordinates":[8.0969646,48.0732874]},"properties":{"maxweight":"12"}},{"type":"Feature","geometry":{"type":"Point","coordinates":[8.0991698,48.0712159]},"properties":{"maxweight":"12"}},{"type":"Feature","geometry":{"type":"Point","coordinates":[8.0991436,48.0670827]},"properties":{"maxweight":"12"}},{"type":"Feature","geometry":{"type":"Point","coordinates":[8.0021333,48.0308819]},"properties":{"maxweight":"12"}},{"type":"Feature","geometry":{"type":"Point","coordinates":[8.0113406,48.0265426]},"properties":{"maxweight":"12"}},{"type":"Feature","geometry":{"type":"Point","coordinates":[8.3971663,48.2618961]},"properties":{"hgv":"destination","maxlength":"9"}},{"type":"Feature","geometry":{"type":"Point","coordinates":[8.9538329,48.6665198]},"properties":{"maxheight":"default"}},{"type":"Feature","geometry":{"type":"Point","coordinates":[8.2564663,48.3590956]},"properties":{"hgv":"no","maxweight":"3"}},{"type":"Feature","geometry":{"type":"Point","coordinates":[8.6679889,48.8292595]},"properties":{"hgv":"no"}},{"type":"Feature","geometry":{"type":"Point","coordinates":[8.3678739,48.7555964]},"properties":{"hgv":"destination"}},{"type":"Feature","geometry":{"type":"Point","coordinates":[8.7194693,48.8926609]},"properties":{"maxheight":"4.2"}},{"type":"Feature","geometry":{"type":"Point","coordinates":[8.3240296,48.7959844]},"properties":{"maxweight":"10"}},{"type":"Feature","geometry":{"type":"Point","coordinates":[8.3236865,48.7959522]},"properties":{"maxweight":"0.5"}},{"type":"Feature","geometry":{"type":"Point","coordinates":[8.8700248,48.6041832]},"properties":{"hgv":"no","maxheight":"3.2"}},{"type":"Feature","geometry":{"type":"Point","coordinates":[8.6690886,48.889658]},"properties":{"maxweight":"30"}},{"type":"Feature","geometry":{"type":"Point","coordinates":[8.8548502,48.5666141]},"properties":{"maxheight":"default"}},{"type":"Feature","geometry":{"type":"Point","coordinates":[8.9425928,48.6471182]},"properties":{"maxheight":"none"}},{"type":"Feature","geometry":{"type":"Point","coordinates":[8.963046,48.6659182]},"properties":{"maxheight":"none"}},{"type":"Feature","geometry":{"type":"Point","coordinates":[8.4199741,48.0711879]},"properties":{"maxweight":"3.5"}},{"type":"Feature","geometry":{"type":"Point","coordinates":[8.2679646,48.8413554]},"properties":{"maxheight":"none"}},{"type":"Feature","geometry":{"type":"Point","coordinates":[8.4085758,48.4656952]},"properties":{"maxweight":"7.5"}},{"type":"Feature","geometry":{"type":"Point","coordinates":[8.7051301,48.8900354]},"properties":{"hgv":"destination"}},{"type":"Feature","geometry":{"type":"Point","coordinates":[8.0956018,48.0743073]},"properties":{"maxweight":"12"}},{"type":"Feature","geometry":{"type":"Point","coordinates":[8.7324679,48.2446965]},"properties":{"maxweight":"24"}},{"type":"Feature","geometry":{"type":"Point","coordinates":[8.7318456,48.2439499]},"properties":{"maxweight":"24"}},{"type":"Feature","geometry":{"type":"Point","coordinates":[8.6965418,48.8927353]},"properties":{"maxheight":"2"}},{"type":"Feature","geometry":{"type":"Point","coordinates":[8.352422,48.2915678]},"properties":{"hgv":"destination","maxweight":"7.5"}},{"type":"Feature","geometry":{"type":"Point","coordinates":[8.3527199,48.2915269]},"properties":{"hgv":"destination","maxweight":"7.5"}},{"type":"Feature","geometry":{"type":"Point","coordinates":[8.3529373,48.2916437]},"properties":{"hgv":"destination","maxweight":"7.5"}},{"type":"Feature","geometry":{"type":"Point","coordinates":[8.0834529,48.0857479]},"properties":{"maxweight":"12"}},{"type":"Feature","geometry":{"type":"Point","coordinates":[8.0878724,48.0845767]},"properties":{"maxweight":"12"}},{"type":"Feature","geometry":{"type":"Point","coordinates":[8.0856478,48.0852443]},"properties":{"maxweight":"12"}},{"type":"Feature","geometry":{"type":"Point","coordinates":[8.133657,48.0004905]},"properties":{"maxweight":"16"}},{"type":"Feature","geometry":{"type":"Point","coordinates":[8.1378633,48.0054858]},"properties":{"maxweight":"16"}},{"type":"Feature","geometry":{"type":"Point","coordinates":[8.0307013,48.0239568]},"properties":{"maxweight":"12"}},{"type":"Feature","geometry":{"type":"Point","coordinates":[8.9080002,48.6391496]},"properties":{"hgv":"destination"}},{"type":"Feature","geometry":{"type":"Point","coordinates":[8.9087566,48.6385681]},"properties":{"hgv":"destination","maxweight":"7.5"}},{"type":"Feature","geometry":{"type":"Point","coordinates":[8.0466844,48.7445505]},"properties":{"hgv":"destination","maxweight":"7.5"}},{"type":"Feature","geometry":{"type":"Point","coordinates":[8.0299906,48.0225544]},"properties":{"maxweight":"12"}},{"type":"Feature","geometry":{"type":"Point","coordinates":[8.0334372,48.0211872]},"properties":{"maxweight":"12"}},{"type":"Feature","geometry":{"type":"Point","coordinates":[8.034714,48.0208481]},"properties":{"maxweight":"12"}},{"type":"Feature","geometry":{"type":"Point","coordinates":[8.4986046,48.3028061]},"properties":{"hgv":"agricultural"}},{"type":"Feature","geometry":{"type":"Point","coordinates":[8.5163507,48.3074477]},"properties":{"hgv":"agricultural"}},{"type":"Feature","geometry":{"type":"Point","coordinates":[8.9042533,48.6151503]},"properties":{"hgv":"designated"}},{"type":"Feature","geometry":{"type":"Point","coordinates":[8.0343466,48.0208166]},"properties":{"maxweight":"2.8"}},{"type":"Feature","geometry":{"type":"Point","coordinates":[8.538871,48.0612452]},"properties":{"maxheight":"3.9"}},{"type":"Feature","geometry":{"type":"Point","coordinates":[8.1807578,48.988859]},"properties":{"maxweight":"3.5"}},{"type":"Feature","geometry":{"type":"Point","coordinates":[8.1805677,48.995767]},"properties":{"maxweight":"3.5"}},{"type":"Feature","geometry":{"type":"Point","coordinates":[8.1806145,48.9964641]},"properties":{"maxweight":"3.5"}},{"type":"Feature","geometry":{"type":"Point","coordinates":[8.0430146,48.0421356]},"properties":{"maxwidth":"2.3"}},{"type":"Feature","geometry":{"type":"Point","coordinates":[8.0333518,48.0366096]},"properties":{"maxwidth":"2.3"}},{"type":"Feature","geometry":{"type":"Point","coordinates":[8.7865279,48.1438194]},"properties":{"hgv":"no"}},{"type":"Feature","geometry":{"type":"Point","coordinates":[8.7862453,48.1437603]},"properties":{"hgv":"no"}},{"type":"Feature","geometry":{"type":"Point","coordinates":[8.7863985,48.1440583]},"properties":{"hgv":"no"}},{"type":"Feature","geometry":{"type":"Point","coordinates":[8.7869745,48.1436058]},"properties":{"hgv":"no"}},{"type":"Feature","geometry":{"type":"Point","coordinates":[8.8654716,48.5955946]},"properties":{"maxheight":"default"}},{"type":"Feature","geometry":{"type":"Point","coordinates":[8.5173899,48.1683734]},"properties":{"maxweight":"3.5"}},{"type":"Feature","geometry":{"type":"Point","coordinates":[8.5048258,48.03415]},"properties":{"maxweight":"3.5"}},{"type":"Feature","geometry":{"type":"Point","coordinates":[8.5050921,48.0346025]},"properties":{"maxweight":"3.5"}},{"type":"Feature","geometry":{"type":"Point","coordinates":[8.6644239,48.8853424]},"properties":{"maxheight":"2.05"}},{"type":"Feature","geometry":{"type":"Point","coordinates":[8.3746536,48.9480149]},"properties":{"maxheight":"4.2"}},{"type":"Feature","geometry":{"type":"Point","coordinates":[8.4344618,48.9707186]},"properties":{"maxheight":"2","maxwidth":"1"}},{"type":"Feature","geometry":{"type":"Point","coordinates":[8.0057189,48.4010428]},"properties":{"maxheight":"default"}},{"type":"Feature","geometry":{"type":"Point","coordinates":[8.0050307,48.4015337]},"properties":{"maxheight":"default"}},{"type":"Feature","geometry":{"type":"Point","coordinates":[8.0673525,48.6983981]},"properties":{"maxweight":"16"}},{"type":"Feature","geometry":{"type":"Point","coordinates":[8.6282472,48.8694903]},"properties":{"hgv":"no"}},{"type":"Feature","geometry":{"type":"Point","coordinates":[8.7438519,48.851797]},"properties":{"maxweight":"3"}},{"type":"Feature","geometry":{"type":"Point","coordinates":[8.8759647,48.7466741]},"properties":{"maxheight":"1"}},{"type":"Feature","geometry":{"type":"Point","coordinates":[8.8459104,48.5053118]},"properties":{"maxheight":"default"}},{"type":"Feature","geometry":{"type":"Point","coordinates":[8.8921896,48.9904245]},"properties":{"maxwidth":"2.00"}},{"type":"Feature","geometry":{"type":"Point","coordinates":[8.6054259,48.0070315]},"properties":{"maxheight":"default"}},{"type":"Feature","geometry":{"type":"Point","coordinates":[8.6234407,48.0505303]},"properties":{"maxheight":"default"}},{"type":"Feature","geometry":{"type":"Point","coordinates":[8.4073572,48.0288574]},"properties":{"maxweight":"30"}},{"type":"Feature","geometry":{"type":"Point","coordinates":[8.6818512,48.9281014]},"properties":{"maxheight":"2.2"}},{"type":"Feature","geometry":{"type":"Point","coordinates":[8.6778698,48.4509762]},"properties":{"hgv":"no"}},{"type":"Feature","geometry":{"type":"Point","coordinates":[8.2309727,48.4480803]},"properties":{"hgv":"no"}},{"type":"Feature","geometry":{"type":"Point","coordinates":[8.4651514,48.8156753]},"properties":{"maxweight":"2.8"}},{"type":"Feature","geometry":{"type":"Point","coordinates":[8.627128,48.2069499]},"properties":{"hgv":"designated"}},{"type":"Feature","geometry":{"type":"Point","coordinates":[8.62722,48.2065591]},"properties":{"hgv":"designated"}},{"type":"Feature","geometry":{"type":"Point","coordinates":[8.1619559,48.2807078]},"properties":{"maxweight":"3"}},{"type":"Feature","geometry":{"type":"Point","coordinates":[8.4452475,48.9952752]},"properties":{"maxheight":"2","maxweight":"2.5"}},{"type":"Feature","geometry":{"type":"Point","coordinates":[8.446528,48.9943344]},"properties":{"maxlength":"10"}},{"type":"Feature","geometry":{"type":"Point","coordinates":[8.4460452,48.9940123]},"properties":{"maxlength":"10"}},{"type":"Feature","geometry":{"type":"Point","coordinates":[8.4460452,48.9940123]},"properties":{"maxlength":"10"}},{"type":"Feature","geometry":{"type":"Point","coordinates":[8.4481647,48.993054]},"properties":{"maxheight":"4.2"}},{"type":"Feature","geometry":{"type":"Point","coordinates":[8.1368946,48.7136167]},"properties":{"maxheight":"none"}},{"type":"Feature","geometry":{"type":"Point","coordinates":[8.1353139,48.7123891]},"properties":{"maxheight":"none"}},{"type":"Feature","geometry":{"type":"Point","coordinates":[8.5661508,48.9097051]},"properties":{"maxweight":"6"}},{"type":"Feature","geometry":{"type":"Point","coordinates":[8.8152528,48.4956063]},"properties":{"maxheight":"default"}},{"type":"Feature","geometry":{"type":"Point","coordinates":[8.8179556,48.4857993]},"properties":{"maxheight":"default"}},{"type":"Feature","geometry":{"type":"Point","coordinates":[8.886621,48.5253323]},"properties":{"maxheight":"default"}},{"type":"Feature","geometry":{"type":"Point","coordinates":[8.8878669,48.527126]},"properties":{"maxheight":"default"}},{"type":"Feature","geometry":{"type":"Point","coordinates":[8.8644291,48.5139797]},"properties":{"maxheight":"default"}},{"type":"Feature","geometry":{"type":"Point","coordinates":[8.8706183,48.5160609]},"properties":{"maxheight":"default"}},{"type":"Feature","geometry":{"type":"Point","coordinates":[8.7468183,48.4305761]},"properties":{"maxheight":"default"}},{"type":"Feature","geometry":{"type":"Point","coordinates":[8.6384435,48.2670062]},"properties":{"maxheight":"default"}},{"type":"Feature","geometry":{"type":"Point","coordinates":[8.5837707,48.1890806]},"properties":{"maxheight":"default"}},{"type":"Feature","geometry":{"type":"Point","coordinates":[8.5747851,48.1780759]},"properties":{"maxheight":"default"}},{"type":"Feature","geometry":{"type":"Point","coordinates":[8.6199398,48.0583066]},"properties":{"maxheight":"default"}},{"type":"Feature","geometry":{"type":"Point","coordinates":[8.682485,48.3594077]},"properties":{"maxheight":"default"}},{"type":"Feature","geometry":{"type":"Point","coordinates":[8.7267178,48.4110529]},"properties":{"maxheight":"default"}},{"type":"Feature","geometry":{"type":"Point","coordinates":[8.8987593,48.5811162]},"properties":{"maxheight":"default"}},{"type":"Feature","geometry":{"type":"Point","coordinates":[8.8995546,48.5810384]},"properties":{"maxheight":"default"}},{"type":"Feature","geometry":{"type":"Point","coordinates":[8.5729747,48.1532441]},"properties":{"maxheight":"default"}},{"type":"Feature","geometry":{"type":"Point","coordinates":[8.6477935,48.3358091]},"properties":{"maxheight":"default"}},{"type":"Feature","geometry":{"type":"Point","coordinates":[8.2059935,48.263859]},"properties":{"maxwidth":"6"}},{"type":"Feature","geometry":{"type":"Point","coordinates":[8.1984054,48.2735883]},"properties":{"maxwidth":"4.5"}},{"type":"Feature","geometry":{"type":"Point","coordinates":[8.2093923,48.2538944]},"properties":{"maxwidth":"4.5"}},{"type":"Feature","geometry":{"type":"Point","coordinates":[8.3934537,48.1032688]},"properties":{"maxweight":"3.5"}},{"type":"Feature","geometry":{"type":"Point","coordinates":[8.4692368,48.4813709]},"properties":{"maxheight":"none"}},{"type":"Feature","geometry":{"type":"Point","coordinates":[8.4898299,48.8901959]},"properties":{"maxweight":"7.5"}},{"type":"Feature","geometry":{"type":"Point","coordinates":[8.6521612,48.6014731]},"properties":{"maxweight":"3.5"}},{"type":"Feature","geometry":{"type":"Point","coordinates":[8.6559471,48.5879939]},"properties":{"hgv":"agricultural;forestry"}},{"type":"Feature","geometry":{"type":"Point","coordinates":[8.5230657,48.0171681]},"properties":{"maxheight":"default"}},{"type":"Feature","geometry":{"type":"Point","coordinates":[8.4653134,48.9998465]},"properties":{"hgv":"destination"}},{"type":"Feature","geometry":{"type":"Point","coordinates":[8.4887629,48.9494283]},"properties":{"maxheight":"default"}},{"type":"Feature","geometry":{"type":"Point","coordinates":[8.323396,48.7988475]},"properties":{"maxheight":"default"}},{"type":"Feature","geometry":{"type":"Point","coordinates":[8.9451973,48.6559912]},"properties":{"maxheight":"2"}},{"type":"Feature","geometry":{"type":"Point","coordinates":[8.9454228,48.656048]},"properties":{"maxheight":"2"}},{"type":"Feature","geometry":{"type":"Point","coordinates":[8.4464689,48.9966109]},"properties":{"maxheight":"2.05"}},{"type":"Feature","geometry":{"type":"Point","coordinates":[8.4521862,48.9177351]},"properties":{"hgv":"destination"}},{"type":"Feature","geometry":{"type":"Point","coordinates":[8.4523619,48.9171037]},"properties":{"hgv":"destination"}},{"type":"Feature","geometry":{"type":"Point","coordinates":[8.8922305,48.2786278]},"properties":{"maxweight":"1.5"}},{"type":"Feature","geometry":{"type":"Point","coordinates":[8.8936968,48.2800587]},"properties":{"maxweight":"1.5"}},{"type":"Feature","geometry":{"type":"Point","coordinates":[8.0699183,48.5418578]},"properties":{"maxweight":"3"}},{"type":"Feature","geometry":{"type":"Point","coordinates":[8.0746339,48.5422264]},"properties":{"maxweight":"3"}},{"type":"Feature","geometry":{"type":"Point","coordinates":[8.0746323,48.5422402]},"properties":{"maxweight":"3"}},{"type":"Feature","geometry":{"type":"Point","coordinates":[8.7310079,48.249442]},"properties":{"maxweight":"2.8"}},{"type":"Feature","geometry":{"type":"Point","coordinates":[8.7254632,48.254957]},"properties":{"maxweight":"2.8"}},{"type":"Feature","geometry":{"type":"Point","coordinates":[8.9950484,48.6806766]},"properties":{"maxheight":"3.1"}},{"type":"Feature","geometry":{"type":"Point","coordinates":[8.2347045,48.2097686]},"properties":{"hgv":"no"}},{"type":"Feature","geometry":{"type":"Point","coordinates":[8.2115912,48.7769948]},"properties":{"maxheight":"default"}},{"type":"Feature","geometry":{"type":"Point","coordinates":[8.2062024,48.7816367]},"properties":{"maxheight":"none"}},{"type":"Feature","geometry":{"type":"Point","coordinates":[8.4513017,48.9308749]},"properties":{"maxweightrating:hgv":"7.5"}},{"type":"Feature","geometry":{"type":"Point","coordinates":[8.4552816,48.9310069]},"properties":{"maxweightrating:hgv":"7.5"}},{"type":"Feature","geometry":{"type":"Point","coordinates":[8.8761041,48.2005023]},"properties":{"maxweight":"2.5"}},{"type":"Feature","geometry":{"type":"Point","coordinates":[8.4962095,48.3011179]},"properties":{"hgv":"agricultural"}},{"type":"Feature","geometry":{"type":"Point","coordinates":[8.3457434,48.2902993]},"properties":{"hgv":"destination","maxweight":"7.5"}},{"type":"Feature","geometry":{"type":"Point","coordinates":[8.0133479,48.3960692]},"properties":{"maxweight":"16"}},{"type":"Feature","geometry":{"type":"Point","coordinates":[8.6423293,48.3127257]},"properties":{"maxheight":"default"}},{"type":"Feature","geometry":{"type":"Point","coordinates":[8.648469,48.2427575]},"properties":{"hgv":"yes"}},{"type":"Feature","geometry":{"type":"Point","coordinates":[8.3122092,48.9750759]},"properties":{"hgv":"no","maxweight":"2.8"}},{"type":"Feature","geometry":{"type":"Point","coordinates":[8.6740773,48.543113]},"properties":{"maxheight":"2.3"}},{"type":"Feature","geometry":{"type":"Point","coordinates":[8.7218099,48.5492095]},"properties":{"hgv":"destination"}},{"type":"Feature","geometry":{"type":"Point","coordinates":[8.7219485,48.5494351]},"properties":{"hgv":"destination"}},{"type":"Feature","geometry":{"type":"Point","coordinates":[8.6059307,48.0711182]},"properties":{"hgv":"yes"}},{"type":"Feature","geometry":{"type":"Point","coordinates":[8.571611,48.1410031]},"properties":{"hgv":"designated"}},{"type":"Feature","geometry":{"type":"Point","coordinates":[8.4734111,48.9340759]},"properties":{"maxweightrating:hgv":"7.5"}},{"type":"Feature","geometry":{"type":"Point","coordinates":[8.75426,48.6980607]},"properties":{"hgv":"destination"}},{"type":"Feature","geometry":{"type":"Point","coordinates":[8.4177386,48.4709438]},"properties":{"maxheight":"2.2 m"}},{"type":"Feature","geometry":{"type":"Point","coordinates":[8.2368159,48.7651188]},"properties":{"maxweight":"16"}},{"type":"Feature","geometry":{"type":"Point","coordinates":[8.2366242,48.7653005]},"properties":{"maxweight":"16"}},{"type":"Feature","geometry":{"type":"Point","coordinates":[8.2352365,48.7660741]},"properties":{"maxweight":"16"}},{"type":"Feature","geometry":{"type":"Point","coordinates":[8.2353931,48.7662007]},"properties":{"maxweight":"30"}},{"type":"Feature","geometry":{"type":"Point","coordinates":[8.2209029,48.7744938]},"properties":{"maxheight":"below_default"}},{"type":"Feature","geometry":{"type":"Point","coordinates":[8.3333695,48.7931185]},"properties":{"maxweight":"6"}},{"type":"Feature","geometry":{"type":"Point","coordinates":[8.7986137,48.1431442]},"properties":{"maxweight":"2.8"}},{"type":"Feature","geometry":{"type":"Point","coordinates":[8.8479199,48.9506397]},"properties":{"hgv":"no","goods":"no"}},{"type":"Feature","geometry":{"type":"Point","coordinates":[8.4153861,48.9527442]},"properties":{"maxheight":"none"}},{"type":"Feature","geometry":{"type":"Point","coordinates":[8.4159739,48.9523561]},"properties":{"maxheight":"none"}},{"type":"Feature","geometry":{"type":"Point","coordinates":[8.4149285,48.9530468]},"properties":{"maxheight":"none"}},{"type":"Feature","geometry":{"type":"Point","coordinates":[8.4043287,48.9588835]},"properties":{"maxheight":"none"}},{"type":"Feature","geometry":{"type":"Point","coordinates":[8.9216658,48.7737347]},"properties":{"maxheight":"default"}},{"type":"Feature","geometry":{"type":"Point","coordinates":[8.7910821,48.4739889]},"properties":{"maxheight":"default"}},{"type":"Feature","geometry":{"type":"Point","coordinates":[8.810365,48.4836003]},"properties":{"maxheight":"default"}},{"type":"Feature","geometry":{"type":"Point","coordinates":[8.9309121,48.6407384]},"properties":{"maxheight":"none"}},{"type":"Feature","geometry":{"type":"Point","coordinates":[8.9531241,48.6532496]},"properties":{"maxheight":"none"}},{"type":"Feature","geometry":{"type":"Point","coordinates":[8.9463007,48.6485499]},"properties":{"maxheight":"none"}},{"type":"Feature","geometry":{"type":"Point","coordinates":[8.372314,48.9489164]},"properties":{"maxheight":"none"}},{"type":"Feature","geometry":{"type":"Point","coordinates":[8.3756546,48.9892972]},"properties":{"maxheight":"default"}},{"type":"Feature","geometry":{"type":"Point","coordinates":[8.3706745,48.9912214]},"properties":{"maxheight":"default"}},{"type":"Feature","geometry":{"type":"Point","coordinates":[8.3688578,48.9921604]},"properties":{"maxheight":"default"}},{"type":"Feature","geometry":{"type":"Point","coordinates":[8.452476,48.9279326]},"properties":{"hgv":"destination"}},{"type":"Feature","geometry":{"type":"Point","coordinates":[8.6214006,48.5659383]},"properties":{"maxweight":"6"}},{"type":"Feature","geometry":{"type":"Point","coordinates":[8.6036641,48.0837344]},"properties":{"maxheight":"default"}},{"type":"Feature","geometry":{"type":"Point","coordinates":[8.4290501,48.9941279]},"properties":{"maxheight":"default"}},{"type":"Feature","geometry":{"type":"Point","coordinates":[8.3532172,48.9201865]},"properties":{"maxheight":"none"}},{"type":"Feature","geometry":{"type":"Point","coordinates":[8.3703487,48.9501467]},"properties":{"maxheight":"none"}},{"type":"Feature","geometry":{"type":"Point","coordinates":[8.3722834,48.9485737]},"properties":{"maxheight":"none"}},{"type":"Feature","geometry":{"type":"Point","coordinates":[8.5617015,48.9560778]},"properties":{"hgv":"destination"}},{"type":"Feature","geometry":{"type":"Point","coordinates":[8.4049909,48.9659311]},"properties":{"maxheight":"default"}},{"type":"Feature","geometry":{"type":"Point","coordinates":[8.0189882,48.5930035]},"properties":{"maxweight":"7.5"}},{"type":"Feature","geometry":{"type":"Point","coordinates":[8.1778786,48.7752007]},"properties":{"maxheight":"none"}},{"type":"Feature","geometry":{"type":"Point","coordinates":[8.6821227,48.8931099]},"properties":{"maxweight":"9"}},{"type":"Feature","geometry":{"type":"Point","coordinates":[8.4181814,48.5919732]},"properties":{"maxheight":"default"}},{"type":"Feature","geometry":{"type":"Point","coordinates":[8.4182824,48.5919054]},"properties":{"maxheight":"default"}},{"type":"Feature","geometry":{"type":"Point","coordinates":[8.4181272,48.5919379]},"properties":{"maxheight":"default"}},{"type":"Feature","geometry":{"type":"Point","coordinates":[8.3350145,48.9652277]},"properties":{"hgv":"no"}},{"type":"Feature","geometry":{"type":"Point","coordinates":[8.3734095,48.9233626]},"properties":{"maxweight":"5"}},{"type":"Feature","geometry":{"type":"Point","coordinates":[8.7098049,48.9003287]},"properties":{"hgv":"destination"}},{"type":"Feature","geometry":{"type":"Point","coordinates":[8.9167854,48.3113703]},"properties":{"maxheight":"default"}},{"type":"Feature","geometry":{"type":"Point","coordinates":[8.9989875,48.2794041]},"properties":{"maxweight":"6.0"}},{"type":"Feature","geometry":{"type":"Point","coordinates":[8.6858038,48.2687544]},"properties":{"maxweight":"7.5"}},{"type":"Feature","geometry":{"type":"Point","coordinates":[8.9648853,48.9437964]},"properties":{"maxweight":"5.5"}},{"type":"Feature","geometry":{"type":"Point","coordinates":[8.8219126,48.623345]},"properties":{"maxweight":"6"}},{"type":"Feature","geometry":{"type":"Point","coordinates":[8.2490903,48.8610796]},"properties":{"maxweight":"7.5"}},{"type":"Feature","geometry":{"type":"Point","coordinates":[8.2506171,48.8548866]},"properties":{"maxweight":"3.5"}},{"type":"Feature","geometry":{"type":"Point","coordinates":[8.9870871,48.6850379]},"properties":{"maxheight":"2"}},{"type":"Feature","geometry":{"type":"Point","coordinates":[8.1618157,48.7930209]},"properties":{"maxheight":"default"}},{"type":"Feature","geometry":{"type":"Point","coordinates":[8.982306,48.9847193]},"properties":{"maxweight":"7.5"}},{"type":"Feature","geometry":{"type":"Point","coordinates":[8.2509202,48.8547026]},"properties":{"maxweight":"3.5"}},{"type":"Feature","geometry":{"type":"Point","coordinates":[8.2394156,48.8586072]},"properties":{"maxweight":"7.5"}},{"type":"Feature","geometry":{"type":"Point","coordinates":[8.2404797,48.8582079]},"properties":{"maxweight":"7.5"}},{"type":"Feature","geometry":{"type":"Point","coordinates":[8.1881848,48.7788318]},"properties":{"maxheight":"none"}},{"type":"Feature","geometry":{"type":"Point","coordinates":[8.1870297,48.7781357]},"properties":{"maxheight":"none"}},{"type":"Feature","geometry":{"type":"Point","coordinates":[8.1939878,48.8161491]},"properties":{"maxheight":"default"}},{"type":"Feature","geometry":{"type":"Point","coordinates":[8.1801334,48.8066671]},"properties":{"maxheight":"default"}},{"type":"Feature","geometry":{"type":"Point","coordinates":[8.1794206,48.8063777]},"properties":{"maxheight":"default"}},{"type":"Feature","geometry":{"type":"Point","coordinates":[8.8703503,48.598357]},"properties":{"maxheight":"default"}},{"type":"Feature","geometry":{"type":"Point","coordinates":[8.1032436,48.5849248]},"properties":{"maxheight":"2.5"}},{"type":"Feature","geometry":{"type":"Point","coordinates":[8.4817833,48.9369825]},"properties":{"maxweightrating:hgv":"7.5"}},{"type":"Feature","geometry":{"type":"Point","coordinates":[8.4785861,48.9355747]},"properties":{"maxweightrating:hgv":"7.5"}},{"type":"Feature","geometry":{"type":"Point","coordinates":[8.2449774,48.1239654]},"properties":{"maxweight":"5"}},{"type":"Feature","geometry":{"type":"Point","coordinates":[8.1965597,48.0014212]},"properties":{"maxwidth":"1.60"}},{"type":"Feature","geometry":{"type":"Point","coordinates":[8.2399465,48.1388191]},"properties":{"maxweight":"3.5"}},{"type":"Feature","geometry":{"type":"Point","coordinates":[8.2049741,48.7822147]},"properties":{"maxheight":"none"}},{"type":"Feature","geometry":{"type":"Point","coordinates":[8.2165823,48.7767078]},"properties":{"maxheight":"none"}},{"type":"Feature","geometry":{"type":"Point","coordinates":[8.2116808,48.7789308]},"properties":{"maxheight":"none"}},{"type":"Feature","geometry":{"type":"Point","coordinates":[8.2158562,48.7770523]},"properties":{"maxheight":"none"}},{"type":"Feature","geometry":{"type":"Point","coordinates":[8.2158291,48.7769619]},"properties":{"maxheight":"none"}},{"type":"Feature","geometry":{"type":"Point","coordinates":[8.2124167,48.7786858]},"properties":{"maxheight":"none"}},{"type":"Feature","geometry":{"type":"Point","coordinates":[8.7383929,48.8596143]},"properties":{"maxheight":"2.7","maxwidth":"2.2"}},{"type":"Feature","geometry":{"type":"Point","coordinates":[8.7383654,48.859356]},"properties":{"maxheight":"2.7","maxwidth":"2.2"}},{"type":"Feature","geometry":{"type":"Point","coordinates":[8.8396391,48.835732]},"properties":{"maxheight":"4"}},{"type":"Feature","geometry":{"type":"Point","coordinates":[8.0149504,48.0680128]},"properties":{"maxwidth":"2.1"}},{"type":"Feature","geometry":{"type":"Point","coordinates":[8.0151122,48.0672706]},"properties":{"maxwidth":"2.3"}},{"type":"Feature","geometry":{"type":"Point","coordinates":[8.0472414,48.020107]},"properties":{"maxweight":"12"}},{"type":"Feature","geometry":{"type":"Point","coordinates":[8.0322472,48.0180686]},"properties":{"maxweight":"2.8"}},{"type":"Feature","geometry":{"type":"Point","coordinates":[8.0321918,48.018122]},"properties":{"maxweight":"2.8"}},{"type":"Feature","geometry":{"type":"Point","coordinates":[8.1003286,48.0124423]},"properties":{"maxweight":"12"}},{"type":"Feature","geometry":{"type":"Point","coordinates":[8.102423,48.0113627]},"properties":{"maxweight":"12"}},{"type":"Feature","geometry":{"type":"Point","coordinates":[8.866844,48.7479113]},"properties":{"maxheight":"default"}},{"type":"Feature","geometry":{"type":"Point","coordinates":[8.8667278,48.747793]},"properties":{"maxheight":"default"}},{"type":"Feature","geometry":{"type":"Point","coordinates":[8.7420688,48.8587319]},"properties":{"maxweight":"3"}},{"type":"Feature","geometry":{"type":"Point","coordinates":[8.4820233,48.4731124]},"properties":{"hgv":"destination"}},{"type":"Feature","geometry":{"type":"Point","coordinates":[8.6655196,48.8926403]},"properties":{"maxweight":"3"}},{"type":"Feature","geometry":{"type":"Point","coordinates":[8.2484472,48.8578735]},"properties":{"maxweight":"7.5"}},{"type":"Feature","geometry":{"type":"Point","coordinates":[8.5275808,48.0316389]},"properties":{"maxweight":"2.8"}},{"type":"Feature","geometry":{"type":"Point","coordinates":[8.7423463,48.8576407]},"properties":{"maxweight":"3"}},{"type":"Feature","geometry":{"type":"Point","coordinates":[8.6662876,48.892859]},"properties":{"maxweight":"10"}},{"type":"Feature","geometry":{"type":"Point","coordinates":[8.6736558,48.8755665]},"properties":{"maxweight":"2.8"}},{"type":"Feature","geometry":{"type":"Point","coordinates":[8.3725114,48.9823586]},"properties":{"maxheight":"default"}},{"type":"Feature","geometry":{"type":"Point","coordinates":[8.7134683,48.8894121]},"properties":{"maxheight":"3.2"}},{"type":"Feature","geometry":{"type":"Point","coordinates":[8.0480897,48.0207041]},"properties":{"maxweight":"12"}},{"type":"Feature","geometry":{"type":"Point","coordinates":[8.6987596,48.8842273]},"properties":{"maxheight":"3.4"}},{"type":"Feature","geometry":{"type":"Point","coordinates":[8.6988088,48.8842221]},"properties":{"maxheight":"3.5"}},{"type":"Feature","geometry":{"type":"Point","coordinates":[8.0042271,48.5924188]},"properties":{"hgv":"no","maxweight":"16"}},{"type":"Feature","geometry":{"type":"Point","coordinates":[8.0045053,48.5923609]},"properties":{"hgv":"no"}},{"type":"Feature","geometry":{"type":"Point","coordinates":[8.003204,48.5921553]},"properties":{"maxweight":"12"}},{"type":"Feature","geometry":{"type":"Point","coordinates":[8.8601487,48.5484959]},"properties":{"hgv":"destination"}},{"type":"Feature","geometry":{"type":"Point","coordinates":[8.8485827,48.5479295]},"properties":{"hgv":"destination"}},{"type":"Feature","geometry":{"type":"Point","coordinates":[8.8657444,48.5493958]},"properties":{"hgv":"destination"}},{"type":"Feature","geometry":{"type":"Point","coordinates":[8.8712146,48.5506928]},"properties":{"hgv":"destination"}},{"type":"Feature","geometry":{"type":"Point","coordinates":[8.8749911,48.5515986]},"properties":{"hgv":"destination"}},{"type":"Feature","geometry":{"type":"Point","coordinates":[8.8788548,48.5525517]},"properties":{"hgv":"destination"}},{"type":"Feature","geometry":{"type":"Point","coordinates":[8.7064581,48.8935172]},"properties":{"maxheight":"default"}},{"type":"Feature","geometry":{"type":"Point","coordinates":[8.7048437,48.8937545]},"properties":{"maxheight":"default"}},{"type":"Feature","geometry":{"type":"Point","coordinates":[8.7053496,48.8909787]},"properties":{"maxheight":"2"}},{"type":"Feature","geometry":{"type":"Point","coordinates":[8.7549505,48.9213588]},"properties":{"maxweight":"2.8"}},{"type":"Feature","geometry":{"type":"Point","coordinates":[8.7508939,48.9144159]},"properties":{"maxheight":"3.2"}},{"type":"Feature","geometry":{"type":"Point","coordinates":[8.1071365,48.0508595]},"properties":{"maxweight":"12"}},{"type":"Feature","geometry":{"type":"Point","coordinates":[8.4713267,48.9226235]},"properties":{"hgv":"destination"}},{"type":"Feature","geometry":{"type":"Point","coordinates":[8.4715614,48.9226394]},"properties":{"hgv":"destination","maxheight":"4","maxweight":"7.5"}},{"type":"Feature","geometry":{"type":"Point","coordinates":[8.4706387,48.9226544]},"properties":{"hgv":"destination"}},{"type":"Feature","geometry":{"type":"Point","coordinates":[8.6647965,48.8853876]},"properties":{"maxheight":"2.05"}},{"type":"Feature","geometry":{"type":"Point","coordinates":[8.6982236,48.892688]},"properties":{"maxweight":"7.5"}},{"type":"Feature","geometry":{"type":"Point","coordinates":[8.0379767,48.6409612]},"properties":{"maxheight":"4.5 m"}},{"type":"Feature","geometry":{"type":"Point","coordinates":[8.0377107,48.6407951]},"properties":{"maxheight":"4.3 m"}},{"type":"Feature","geometry":{"type":"Point","coordinates":[8.0771095,48.5334411]},"properties":{"hgv":"delivery"}},{"type":"Feature","geometry":{"type":"Point","coordinates":[8.747027,48.5366155]},"properties":{"hgv":"no"}},{"type":"Feature","geometry":{"type":"Point","coordinates":[8.9213222,48.9555443]},"properties":{"maxweight":"3.5"}},{"type":"Feature","geometry":{"type":"Point","coordinates":[8.405379,48.9957211]},"properties":{"maxheight":"2.1"}},{"type":"Feature","geometry":{"type":"Point","coordinates":[8.4054159,48.9957208]},"properties":{"maxheight":"2.1"}},{"type":"Feature","geometry":{"type":"Point","coordinates":[8.003232,48.7200698]},"properties":{"hgv":"no"}},{"type":"Feature","geometry":{"type":"Point","coordinates":[8.7076533,48.8913579]},"properties":{"maxheight":"2.8"}},{"type":"Feature","geometry":{"type":"Point","coordinates":[8.6959109,48.8859733]},"properties":{"maxheight":"4"}},{"type":"Feature","geometry":{"type":"Point","coordinates":[8.8781287,48.5917133]},"properties":{"hgv":"destination"}},{"type":"Feature","geometry":{"type":"Point","coordinates":[8.7118728,48.8924473]},"properties":{"maxheight":"2.5"}},{"type":"Feature","geometry":{"type":"Point","coordinates":[8.7086519,48.8907897]},"properties":{"maxheight":"2.8"}},{"type":"Feature","geometry":{"type":"Point","coordinates":[8.7084781,48.8907831]},"properties":{"maxheight":"2.8"}},{"type":"Feature","geometry":{"type":"Point","coordinates":[8.6956546,48.8851971]},"properties":{"maxheight":"2.5"}},{"type":"Feature","geometry":{"type":"Point","coordinates":[8.6956213,48.8850319]},"properties":{"maxheight":"3"}},{"type":"Feature","geometry":{"type":"Point","coordinates":[8.6984503,48.8829261]},"properties":{"maxheight":"2"}},{"type":"Feature","geometry":{"type":"Point","coordinates":[8.695563,48.88679]},"properties":{"maxheight":"3"}},{"type":"Feature","geometry":{"type":"Point","coordinates":[8.2170757,48.5958348]},"properties":{"maxheight":"default"}},{"type":"Feature","geometry":{"type":"Point","coordinates":[8.8710625,48.7497383]},"properties":{"hgv":"no"}},{"type":"Feature","geometry":{"type":"Point","coordinates":[8.6984012,48.8809028]},"properties":{"maxweight":"30"}},{"type":"Feature","geometry":{"type":"Point","coordinates":[8.7040298,48.8899801]},"properties":{"hgv":"destination"}},{"type":"Feature","geometry":{"type":"Point","coordinates":[8.9663541,48.9529875]},"properties":{"hgv":"delivery"}},{"type":"Feature","geometry":{"type":"Point","coordinates":[8.2554891,48.8595303]},"properties":{"maxheight":"4.2"}},{"type":"Feature","geometry":{"type":"Point","coordinates":[8.7123738,48.8918048]},"properties":{"maxheight":"below_default"}},{"type":"Feature","geometry":{"type":"Point","coordinates":[8.7201103,48.8926746]},"properties":{"maxheight":"2"}},{"type":"Feature","geometry":{"type":"Point","coordinates":[8.7154652,48.8922457]},"properties":{"hgv":"no"}},{"type":"Feature","geometry":{"type":"Point","coordinates":[8.7223497,48.5497617]},"properties":{"hgv":"destination"}},{"type":"Feature","geometry":{"type":"Point","coordinates":[8.6426625,48.6633056]},"properties":{"maxweight":"6"}},{"type":"Feature","geometry":{"type":"Point","coordinates":[8.7143693,48.8857096]},"properties":{"maxweight":"3"}},{"type":"Feature","geometry":{"type":"Point","coordinates":[8.7153163,48.88988]},"properties":{"maxweight":"3"}},{"type":"Feature","geometry":{"type":"Point","coordinates":[8.3790293,48.9855956]},"properties":{"hgv":"destination","maxheight":"3.4","maxlength":"10"}},{"type":"Feature","geometry":{"type":"Point","coordinates":[8.3758889,48.9874076]},"properties":{"hgv":"destination"}},{"type":"Feature","geometry":{"type":"Point","coordinates":[8.3785124,48.990338]},"properties":{"hgv":"destination"}},{"type":"Feature","geometry":{"type":"Point","coordinates":[8.3788097,48.9911296]},"properties":{"hgv":"no"}},{"type":"Feature","geometry":{"type":"Point","coordinates":[8.7073453,48.8929357]},"properties":{"maxheight":"below_default"}},{"type":"Feature","geometry":{"type":"Point","coordinates":[8.9926154,48.6996329]},"properties":{"maxheight":"default"}},{"type":"Feature","geometry":{"type":"Point","coordinates":[8.9898973,48.7005199]},"properties":{"maxheight":"default"}},{"type":"Feature","geometry":{"type":"Point","coordinates":[8.7104119,48.8938243]},"properties":{"maxheight":"default"}},{"type":"Feature","geometry":{"type":"Point","coordinates":[8.469245,48.500579]},"properties":{"maxweight":"1.5"}},{"type":"Feature","geometry":{"type":"Point","coordinates":[8.4693986,48.5002829]},"properties":{"maxweight":"1.5"}},{"type":"Feature","geometry":{"type":"Point","coordinates":[8.4692732,48.5006714]},"properties":{"maxweight":"1.5"}},{"type":"Feature","geometry":{"type":"Point","coordinates":[8.469533,48.5008417]},"properties":{"maxweight":"1.5"}},{"type":"Feature","geometry":{"type":"Point","coordinates":[8.1031005,48.0107057]},"properties":{"maxweight":"12"}},{"type":"Feature","geometry":{"type":"Point","coordinates":[8.6742263,48.5431078]},"properties":{"maxheight":"2.7"}},{"type":"Feature","geometry":{"type":"Point","coordinates":[8.674187,48.5431235]},"properties":{"maxheight":"2.7"}},{"type":"Feature","geometry":{"type":"Point","coordinates":[8.6643501,48.5989003]},"properties":{"maxweight":"3.5"}},{"type":"Feature","geometry":{"type":"Point","coordinates":[8.3921799,48.1214385]},"properties":{"maxweight":"3.5"}},{"type":"Feature","geometry":{"type":"Point","coordinates":[8.6138154,48.5137143]},"properties":{"maxweight":"6"}},{"type":"Feature","geometry":{"type":"Point","coordinates":[8.658691,48.5202518]},"properties":{"maxweightrating:hgv":"7.5"}},{"type":"Feature","geometry":{"type":"Point","coordinates":[8.9422025,48.3326174]},"properties":{"maxheight":"below_default"}},{"type":"Feature","geometry":{"type":"Point","coordinates":[8.4458786,48.9942032]},"properties":{"maxlength":"10"}},{"type":"Feature","geometry":{"type":"Point","coordinates":[8.4463432,48.9941176]},"properties":{"maxlength":"10"}},{"type":"Feature","geometry":{"type":"Point","coordinates":[8.4454388,48.9938942]},"properties":{"maxheight":"3.9","maxlength":"10"}},{"type":"Feature","geometry":{"type":"Point","coordinates":[8.322052,48.805726]},"properties":{"maxheight":"3.8"}},{"type":"Feature","geometry":{"type":"Point","coordinates":[8.6695824,48.8904444]},"properties":{"maxheight":"2.1","maxweight":"2.8"}},{"type":"Feature","geometry":{"type":"Point","coordinates":[8.5730583,48.4708208]},"properties":{"maxweight":"6"}},{"type":"Feature","geometry":{"type":"Point","coordinates":[8.5624487,48.4612117]},"properties":{"maxweight":"6"}},{"type":"Feature","geometry":{"type":"Point","coordinates":[8.9640107,48.2566356]},"properties":{"maxheight":"3.7"}},{"type":"Feature","geometry":{"type":"Point","coordinates":[8.8228959,48.7595493]},"properties":{"maxweight":"7.5"}},{"type":"Feature","geometry":{"type":"Point","coordinates":[8.7020825,48.8901018]},"properties":{"maxweight":"12"}},{"type":"Feature","geometry":{"type":"Point","coordinates":[8.0159609,48.402947]},"properties":{"maxheight":"3.2"}},{"type":"Feature","geometry":{"type":"Point","coordinates":[8.4746674,48.4613792]},"properties":{"maxweight":"2.5"}},{"type":"Feature","geometry":{"type":"Point","coordinates":[8.57439,48.473634]},"properties":{"maxweight":"6"}},{"type":"Feature","geometry":{"type":"Point","coordinates":[8.535852,48.5326711]},"properties":{"maxweight":"2"}},{"type":"Feature","geometry":{"type":"Point","coordinates":[8.5358892,48.5324201]},"properties":{"maxweight":"2"}},{"type":"Feature","geometry":{"type":"Point","coordinates":[8.4061145,48.4615168]},"properties":{"maxweight":"30"}},{"type":"Feature","geometry":{"type":"Point","coordinates":[8.4662038,48.9990998]},"properties":{"maxheight":"2"}},{"type":"Feature","geometry":{"type":"Point","coordinates":[8.3096863,48.4713467]},"properties":{"maxheight":"3.5","maxweight":"7.5"}},{"type":"Feature","geometry":{"type":"Point","coordinates":[8.2724896,48.9309757]},"properties":{"hgv":"no"}},{"type":"Feature","geometry":{"type":"Point","coordinates":[8.969937,48.683012]},"properties":{"maxheight":"default"}},{"type":"Feature","geometry":{"type":"Point","coordinates":[8.9687773,48.6856893]},"properties":{"maxheight":"default"}},{"type":"Feature","geometry":{"type":"Point","coordinates":[8.9525123,48.926491]},"properties":{"maxheight":"2.1"}},{"type":"Feature","geometry":{"type":"Point","coordinates":[8.9518359,48.9217692]},"properties":{"maxheight":"3.1"}},{"type":"Feature","geometry":{"type":"Point","coordinates":[8.9987132,48.7848594]},"properties":{"maxheight":"default"}},{"type":"Feature","geometry":{"type":"Point","coordinates":[8.7582541,48.5931981]},"properties":{"maxweight":"5.5"}},{"type":"Feature","geometry":{"type":"Point","coordinates":[8.6289286,48.6635596]},"properties":{"maxweight":"6"}},{"type":"Feature","geometry":{"type":"Point","coordinates":[8.4892586,48.8500566]},"properties":{"maxweight":"3.5 t"}},{"type":"Feature","geometry":{"type":"Point","coordinates":[8.4517385,48.9993723]},"properties":{"hgv":"destination","maxheight":"default"}},{"type":"Feature","geometry":{"type":"Point","coordinates":[8.4019251,48.990391]},"properties":{"maxheight":"4.5"}},{"type":"Feature","geometry":{"type":"Point","coordinates":[8.2423111,48.8603614]},"properties":{"maxheight":"default"}},{"type":"Feature","geometry":{"type":"Point","coordinates":[8.5478795,48.7418923]},"properties":{"maxheight":"3.8"}},{"type":"Feature","geometry":{"type":"Point","coordinates":[8.1962341,48.7816031]},"properties":{"maxheight":"2.05","maxweight":"3"}},{"type":"Feature","geometry":{"type":"Point","coordinates":[8.1176679,48.517029]},"properties":{"maxheight":"2.9"}},{"type":"Feature","geometry":{"type":"Point","coordinates":[8.3368881,48.106914]},"properties":{"maxweight":"3.5"}},{"type":"Feature","geometry":{"type":"Point","coordinates":[8.3261224,48.1045344]},"properties":{"maxweight":"3.5"}},{"type":"Feature","geometry":{"type":"Point","coordinates":[8.6873542,48.9081155]},"properties":{"hgv":"no"}},{"type":"Feature","geometry":{"type":"Point","coordinates":[8.5985518,48.5431651]},"properties":{"maxweight":"6"}},{"type":"Feature","geometry":{"type":"Point","coordinates":[8.5867973,48.5320762]},"properties":{"maxweight":"6 t"}},{"type":"Feature","geometry":{"type":"Point","coordinates":[8.6905764,48.9098]},"properties":{"hgv":"no"}},{"type":"Feature","geometry":{"type":"Point","coordinates":[8.3815394,48.9399479]},"properties":{"maxheight":"2"}},{"type":"Feature","geometry":{"type":"Point","coordinates":[8.1867216,48.7214357]},"properties":{"maxweight":"16"}},{"type":"Feature","geometry":{"type":"Point","coordinates":[8.7572619,48.724807]},"properties":{"maxweight":"2.8"}},{"type":"Feature","geometry":{"type":"Point","coordinates":[8.7700323,48.7222355]},"properties":{"maxweight":"2.8"}},{"type":"Feature","geometry":{"type":"Point","coordinates":[8.9616419,48.7395996]},"properties":{"maxheight":"3.3"}},{"type":"Feature","geometry":{"type":"Point","coordinates":[8.9624373,48.7398547]},"properties":{"maxheight":"3.3"}},{"type":"Feature","geometry":{"type":"Point","coordinates":[8.9095196,48.7834204]},"properties":{"hgv":"delivery"}},{"type":"Feature","geometry":{"type":"Point","coordinates":[8.236894,48.2965894]},"properties":{"hgv":"destination"}},{"type":"Feature","geometry":{"type":"Point","coordinates":[8.2369847,48.2967508]},"properties":{"hgv":"destination"}},{"type":"Feature","geometry":{"type":"Point","coordinates":[8.5395995,48.5907886]},"properties":{"maxweight":"6"}},{"type":"Feature","geometry":{"type":"Point","coordinates":[8.1338686,48.7548811]},"properties":{"hgv":"designated"}},{"type":"Feature","geometry":{"type":"Point","coordinates":[8.1319315,48.7543346]},"properties":{"hgv":"designated"}},{"type":"Feature","geometry":{"type":"Point","coordinates":[8.5356574,48.589706]},"properties":{"maxweight":"6"}},{"type":"Feature","geometry":{"type":"Point","coordinates":[8.0731565,48.528121]},"properties":{"maxweight":"30"}},{"type":"Feature","geometry":{"type":"Point","coordinates":[8.1938696,48.5364043]},"properties":{"maxweight":"12"}},{"type":"Feature","geometry":{"type":"Point","coordinates":[8.0667252,48.1647494]},"properties":{"hgv":"no"}},{"type":"Feature","geometry":{"type":"Point","coordinates":[8.7270037,48.773165]},"properties":{"maxwidth":"2.4"}},{"type":"Feature","geometry":{"type":"Point","coordinates":[8.3994066,48.4768263]},"properties":{"maxheight":"default"}},{"type":"Feature","geometry":{"type":"Point","coordinates":[8.0380505,48.6406195]},"properties":{"maxheight":"4.3"}},{"type":"Feature","geometry":{"type":"Point","coordinates":[8.2299766,48.4464933]},"properties":{"maxweight":"16"}},{"type":"Feature","geometry":{"type":"Point","coordinates":[8.3740693,48.9238385]},"properties":{"maxweight":"5"}},{"type":"Feature","geometry":{"type":"Point","coordinates":[8.8734861,48.610349]},"properties":{"maxheight":"below_default"}},{"type":"Feature","geometry":{"type":"Point","coordinates":[8.8315423,48.94597]},"properties":{"maxheight":"2"}},{"type":"Feature","geometry":{"type":"Point","coordinates":[8.9036175,48.7746962]},"properties":{"hgv":"delivery"}},{"type":"Feature","geometry":{"type":"Point","coordinates":[8.9481559,48.7680934]},"properties":{"hgv":"no"}},{"type":"Feature","geometry":{"type":"Point","coordinates":[8.9479259,48.7682035]},"properties":{"hgv":"no"}},{"type":"Feature","geometry":{"type":"Point","coordinates":[8.9719385,48.7813274]},"properties":{"maxheight":"default"}},{"type":"Feature","geometry":{"type":"Point","coordinates":[8.9709524,48.7808456]},"properties":{"maxheight":"default"}},{"type":"Feature","geometry":{"type":"Point","coordinates":[8.9738072,48.7819199]},"properties":{"maxheight":"default"}},{"type":"Feature","geometry":{"type":"Point","coordinates":[8.7349685,48.687506]},"properties":{"maxweight":"6"}},{"type":"Feature","geometry":{"type":"Point","coordinates":[8.9456155,48.7681711]},"properties":{"hgv":"no"}},{"type":"Feature","geometry":{"type":"Point","coordinates":[8.9463521,48.7681563]},"properties":{"hgv":"no"}},{"type":"Feature","geometry":{"type":"Point","coordinates":[8.8862691,48.824111]},"properties":{"maxheight":"none"}},{"type":"Feature","geometry":{"type":"Point","coordinates":[8.3933603,48.997913]},"properties":{"maxheight":"3"}},{"type":"Feature","geometry":{"type":"Point","coordinates":[8.6891003,48.3932922]},"properties":{"maxweight":"7.5"}},{"type":"Feature","geometry":{"type":"Point","coordinates":[8.1041484,48.5174508]},"properties":{"goods":"agricultural"}},{"type":"Feature","geometry":{"type":"Point","coordinates":[8.53554,48.35552]},"properties":{"maxweight":"1.5"}},{"type":"Feature","geometry":{"type":"Point","coordinates":[8.5766907,48.3245898]},"properties":{"hgv":"agricultural","goods":"agricultural"}},{"type":"Feature","geometry":{"type":"Point","coordinates":[8.571183,48.3241264]},"properties":{"hgv":"agricultural","goods":"agricultural"}},{"type":"Feature","geometry":{"type":"Point","coordinates":[8.7722419,48.3856297]},"properties":{"hgv":"no","maxwidth":"2","maxweight":"2.8"}},{"type":"Feature","geometry":{"type":"Point","coordinates":[8.1140044,48.8322007]},"properties":{"hgv":"no","maxheight":"3"}},{"type":"Feature","geometry":{"type":"Point","coordinates":[8.4098575,48.9965236]},"properties":{"maxheight":"2.3","maxweight":"16"}},{"type":"Feature","geometry":{"type":"Point","coordinates":[8.4096941,48.9965237]},"properties":{"maxweight":"16"}},{"type":"Feature","geometry":{"type":"Point","coordinates":[8.4099752,48.9965189]},"properties":{"maxheight":"3.95"}},{"type":"Feature","geometry":{"type":"Point","coordinates":[8.9219656,48.8118845]},"properties":{"hgv":"no","maxheight":"2.7"}},{"type":"Feature","geometry":{"type":"Point","coordinates":[8.1888637,48.7202421]},"properties":{"maxweight":"7.5"}},{"type":"Feature","geometry":{"type":"Point","coordinates":[8.1604618,48.7924731]},"properties":{"maxheight":"default"}},{"type":"Feature","geometry":{"type":"Point","coordinates":[8.1136386,48.7370038]},"properties":{"hgv":"designated"}},{"type":"Feature","geometry":{"type":"Point","coordinates":[8.1173468,48.7406084]},"properties":{"maxheight":"default"}},{"type":"Feature","geometry":{"type":"Point","coordinates":[8.1272768,48.7504468]},"properties":{"maxheight":"default"}},{"type":"Feature","geometry":{"type":"Point","coordinates":[8.1125839,48.7352069]},"properties":{"maxheight":"below_default"}},{"type":"Feature","geometry":{"type":"Point","coordinates":[8.428373,48.999183]},"properties":{"maxheight":"2.90","maxwidth":"3.00"}},{"type":"Feature","geometry":{"type":"Point","coordinates":[8.8621759,48.5941881]},"properties":{"maxheight":"2.10"}},{"type":"Feature","geometry":{"type":"Point","coordinates":[8.1205903,48.8314367]},"properties":{"maxheight":"default"}},{"type":"Feature","geometry":{"type":"Point","coordinates":[8.264173,48.6226317]},"properties":{"hgv":"destination"}},{"type":"Feature","geometry":{"type":"Point","coordinates":[8.3659631,48.0761688]},"properties":{"hgv":"no"}},{"type":"Feature","geometry":{"type":"Point","coordinates":[8.4528553,48.0156519]},"properties":{"maxweight":"3.5"}},{"type":"Feature","geometry":{"type":"Point","coordinates":[8.4540142,48.0145066]},"properties":{"maxweight":"3.5"}},{"type":"Feature","geometry":{"type":"Point","coordinates":[8.2507628,48.8331272]},"properties":{"maxweight":"0.5"}},{"type":"Feature","geometry":{"type":"Point","coordinates":[8.2477765,48.1227288]},"properties":{"maxweight":"5"}},{"type":"Feature","geometry":{"type":"Point","coordinates":[8.959348,48.1763136]},"properties":{"hgv":"destination","maxweight":"3.5"}},{"type":"Feature","geometry":{"type":"Point","coordinates":[8.4219173,48.9947353]},"properties":{"maxheight":"default"}},{"type":"Feature","geometry":{"type":"Point","coordinates":[8.4126046,48.9930601]},"properties":{"maxheight":"default"}},{"type":"Feature","geometry":{"type":"Point","coordinates":[8.4034845,48.9899454]},"properties":{"maxheight":"default"}},{"type":"Feature","geometry":{"type":"Point","coordinates":[8.4159113,48.9937282]},"properties":{"maxheight":"default"}},{"type":"Feature","geometry":{"type":"Point","coordinates":[8.4136532,48.9933121]},"properties":{"maxheight":"default"}},{"type":"Feature","geometry":{"type":"Point","coordinates":[8.4009005,48.9894962]},"properties":{"maxheight":"4.5"}},{"type":"Feature","geometry":{"type":"Point","coordinates":[8.2333944,48.8264329]},"properties":{"maxweight":"6"}},{"type":"Feature","geometry":{"type":"Point","coordinates":[8.8946451,48.5813956]},"properties":{"maxheight":"3"}},{"type":"Feature","geometry":{"type":"Point","coordinates":[8.8947299,48.5813495]},"properties":{"maxheight":"3"}},{"type":"Feature","geometry":{"type":"Point","coordinates":[8.8947779,48.5813128]},"properties":{"maxheight":"3"}},{"type":"Feature","geometry":{"type":"Point","coordinates":[8.8946882,48.5813819]},"properties":{"maxheight":"3"}},{"type":"Feature","geometry":{"type":"Point","coordinates":[8.1830184,48.012725]},"properties":{"maxweight":"16"}},{"type":"Feature","geometry":{"type":"Point","coordinates":[8.1820092,48.0128841]},"properties":{"maxweight":"16"}},{"type":"Feature","geometry":{"type":"Point","coordinates":[8.1841084,48.0126884]},"properties":{"maxweight":"16"}},{"type":"Feature","geometry":{"type":"Point","coordinates":[8.1841428,48.0125315]},"properties":{"maxweight":"16"}},{"type":"Feature","geometry":{"type":"Point","coordinates":[8.1950472,48.0035354]},"properties":{"maxwidth":"1.60"}},{"type":"Feature","geometry":{"type":"Point","coordinates":[8.1925662,48.0141398]},"properties":{"maxwidth":"1.60"}},{"type":"Feature","geometry":{"type":"Point","coordinates":[8.6864566,48.6918941]},"properties":{"maxweight":"5"}},{"type":"Feature","geometry":{"type":"Point","coordinates":[8.8664315,48.5956663]},"properties":{"maxheight":"default"}},{"type":"Feature","geometry":{"type":"Point","coordinates":[8.1780749,48.7790432]},"properties":{"maxheight":"none"}},{"type":"Feature","geometry":{"type":"Point","coordinates":[8.96858,48.7435861]},"properties":{"hgv":"no"}},{"type":"Feature","geometry":{"type":"Point","coordinates":[8.9440353,48.7584766]},"properties":{"maxweight":"30"}},{"type":"Feature","geometry":{"type":"Point","coordinates":[8.1094479,48.8486236]},"properties":{"maxweightrating":"7.5"}},{"type":"Feature","geometry":{"type":"Point","coordinates":[8.8452545,48.2594693]},"properties":{"maxheight":"4"}},{"type":"Feature","geometry":{"type":"Point","coordinates":[8.845736,48.2597855]},"properties":{"maxheight":"4"}},{"type":"Feature","geometry":{"type":"Point","coordinates":[8.3746834,48.9904157]},"properties":{"maxheight":"2.1 m"}},{"type":"Feature","geometry":{"type":"Point","coordinates":[8.7230498,48.8969467]},"properties":{"hgv":"no"}},{"type":"Feature","geometry":{"type":"Point","coordinates":[8.7223378,48.8961783]},"properties":{"maxheight":"1.9"}},{"type":"Feature","geometry":{"type":"Point","coordinates":[8.0161263,48.0653023]},"properties":{"maxwidth":"2.3"}},{"type":"Feature","geometry":{"type":"Point","coordinates":[8.8113019,48.9414394]},"properties":{"maxheight":"2"}},{"type":"Feature","geometry":{"type":"Point","coordinates":[8.9250667,48.8476183]},"properties":{"maxheight":"2.7"}},{"type":"Feature","geometry":{"type":"Point","coordinates":[8.689528,48.9089198]},"properties":{"hgv":"designated"}},{"type":"Feature","geometry":{"type":"Point","coordinates":[8.6930286,48.9088928]},"properties":{"hgv":"designated"}},{"type":"Feature","geometry":{"type":"Point","coordinates":[8.46557,48.9997842]},"properties":{"hgv":"destination"}},{"type":"Feature","geometry":{"type":"Point","coordinates":[8.7489264,48.9096362]},"properties":{"maxweight":"24"}},{"type":"Feature","geometry":{"type":"Point","coordinates":[8.3697689,48.9264926]},"properties":{"maxheight":"2.5"}},{"type":"Feature","geometry":{"type":"Point","coordinates":[8.2694111,48.8848903]},"properties":{"maxheight":"default"}},{"type":"Feature","geometry":{"type":"Point","coordinates":[8.3965803,48.5456265]},"properties":{"maxweight":"7.5"}},{"type":"Feature","geometry":{"type":"Point","coordinates":[8.3202463,48.8019883]},"properties":{"maxheight":"2"}},{"type":"Feature","geometry":{"type":"Point","coordinates":[8.3199466,48.8022102]},"properties":{"maxheight":"2"}},{"type":"Feature","geometry":{"type":"Point","coordinates":[8.3199067,48.8021573]},"properties":{"maxheight":"2"}},{"type":"Feature","geometry":{"type":"Point","coordinates":[8.3199466,48.8022102]},"properties":{"maxheight":"2"}},{"type":"Feature","geometry":{"type":"Point","coordinates":[8.8305811,48.989452]},"properties":{"maxwidth":"4.2"}},{"type":"Feature","geometry":{"type":"Point","coordinates":[8.9481583,48.7479018]},"properties":{"maxheight":"default"}},{"type":"Feature","geometry":{"type":"Point","coordinates":[8.7661894,48.7089544]},"properties":{"maxheight":"default"}},{"type":"Feature","geometry":{"type":"Point","coordinates":[8.7878171,48.7282668]},"properties":{"maxheight":"default"}},{"type":"Feature","geometry":{"type":"Point","coordinates":[8.7589623,48.7094678]},"properties":{"maxheight":"default"}},{"type":"Feature","geometry":{"type":"Point","coordinates":[8.9475566,48.7161125]},"properties":{"maxheight":"default"}},{"type":"Feature","geometry":{"type":"Point","coordinates":[8.4513335,48.9959257]},"properties":{"hgv":"delivery"}},{"type":"Feature","geometry":{"type":"Point","coordinates":[8.4520098,48.9967227]},"properties":{"maxheight":"2.7"}},{"type":"Feature","geometry":{"type":"Point","coordinates":[8.1825794,48.8706762]},"properties":{"hgv":"yes"}},{"type":"Feature","geometry":{"type":"Point","coordinates":[8.0601051,48.7801371]},"properties":{"hgv":"destination"}},{"type":"Feature","geometry":{"type":"Point","coordinates":[8.7809341,48.9084229]},"properties":{"maxweight":"2.8"}},{"type":"Feature","geometry":{"type":"Point","coordinates":[8.4456332,48.997769]},"properties":{"maxweight":"7.5"}},{"type":"Feature","geometry":{"type":"Point","coordinates":[8.4450489,48.9977312]},"properties":{"maxweight":"7.5"}},{"type":"Feature","geometry":{"type":"Point","coordinates":[8.4453872,48.998184]},"properties":{"maxweight":"7.5"}},{"type":"Feature","geometry":{"type":"Point","coordinates":[8.4590825,48.9973425]},"properties":{"maxweightrating:hgv":"7.5"}},{"type":"Feature","geometry":{"type":"Point","coordinates":[8.4610786,48.993174]},"properties":{"maxheight":"below_default"}},{"type":"Feature","geometry":{"type":"Point","coordinates":[8.8808502,48.5786986]},"properties":{"hgv":"destination","maxweightrating:hgv":"7.5"}},{"type":"Feature","geometry":{"type":"Point","coordinates":[8.1543665,48.9769206]},"properties":{"hgv":"designated"}},{"type":"Feature","geometry":{"type":"Point","coordinates":[8.1562488,48.9755748]},"properties":{"hgv":"designated"}},{"type":"Feature","geometry":{"type":"Point","coordinates":[8.4596474,48.9981883]},"properties":{"maxheight":"below_default"}},{"type":"Feature","geometry":{"type":"Point","coordinates":[8.4562679,48.9965121]},"properties":{"maxheight":"3.5"}},{"type":"Feature","geometry":{"type":"Point","coordinates":[8.5560601,48.7535126]},"properties":{"maxheight":"5.08"}},{"type":"Feature","geometry":{"type":"Point","coordinates":[8.3933395,48.9885405]},"properties":{"maxweight":"30"}},{"type":"Feature","geometry":{"type":"Point","coordinates":[8.3604674,48.9973158]},"properties":{"maxheight":"2.4"}},{"type":"Feature","geometry":{"type":"Point","coordinates":[8.9071053,48.6396387]},"properties":{"maxheight":"default"}},{"type":"Feature","geometry":{"type":"Point","coordinates":[8.1828511,48.9816344]},"properties":{"maxweight":"3.5"}},{"type":"Feature","geometry":{"type":"Point","coordinates":[8.1828033,48.9812303]},"properties":{"maxweight":"3.5"}},{"type":"Feature","geometry":{"type":"Point","coordinates":[8.182833,48.9818982]},"properties":{"maxweight":"3.5"}},{"type":"Feature","geometry":{"type":"Point","coordinates":[8.7299102,48.3210296]},"properties":{"maxweight":"3.5"}},{"type":"Feature","geometry":{"type":"Point","coordinates":[8.7304633,48.3212253]},"properties":{"maxweight":"3.5"}},{"type":"Feature","geometry":{"type":"Point","coordinates":[8.8934444,48.6391795]},"properties":{"hgv":"destination","maxweightrating":"7.5"}},{"type":"Feature","geometry":{"type":"Point","coordinates":[8.8793927,48.577811]},"properties":{"hgv":"destination","maxweightrating:hgv":"7.5"}},{"type":"Feature","geometry":{"type":"Point","coordinates":[8.8814619,48.5772535]},"properties":{"hgv":"destination","maxweightrating:hgv":"7.5"}},{"type":"Feature","geometry":{"type":"Point","coordinates":[8.9782274,48.6753823]},"properties":{"maxheight":"default"}},{"type":"Feature","geometry":{"type":"Point","coordinates":[8.4086492,48.4577109]},"properties":{"maxheight":"2"}},{"type":"Feature","geometry":{"type":"Point","coordinates":[8.9405743,48.474286]},"properties":{"maxwidth":"0.50"}},{"type":"Feature","geometry":{"type":"Point","coordinates":[8.846946,48.2605848]},"properties":{"maxheight":"4"}},{"type":"Feature","geometry":{"type":"Point","coordinates":[8.9950118,48.3859252]},"properties":{"maxheight":"default"}},{"type":"Feature","geometry":{"type":"Point","coordinates":[8.9811011,48.3675722]},"properties":{"maxheight":"default"}},{"type":"Feature","geometry":{"type":"Point","coordinates":[8.9497162,48.3354942]},"properties":{"maxheight":"default"}},{"type":"Feature","geometry":{"type":"Point","coordinates":[8.9503837,48.3357306]},"properties":{"maxheight":"default"}},{"type":"Feature","geometry":{"type":"Point","coordinates":[8.0602993,48.6380242]},"properties":{"hgv":"yes"}},{"type":"Feature","geometry":{"type":"Point","coordinates":[8.0715012,48.637701]},"properties":{"maxheight":"default"}},{"type":"Feature","geometry":{"type":"Point","coordinates":[8.0159568,48.4054752]},"properties":{"maxheight":"3.2"}},{"type":"Feature","geometry":{"type":"Point","coordinates":[8.0497161,48.6579393]},"properties":{"maxweight":"7.5"}},{"type":"Feature","geometry":{"type":"Point","coordinates":[8.0486451,48.6579127]},"properties":{"maxweight":"7.5"}},{"type":"Feature","geometry":{"type":"Point","coordinates":[8.0500918,48.6579375]},"properties":{"maxweight":"7.5"}},{"type":"Feature","geometry":{"type":"Point","coordinates":[8.0493064,48.6586465]},"properties":{"maxweight":"7.5"}},{"type":"Feature","geometry":{"type":"Point","coordinates":[8.04683,48.6570391]},"properties":{"maxweight":"7.5"}},{"type":"Feature","geometry":{"type":"Point","coordinates":[8.0560678,48.6749557]},"properties":{"hgv":"no"}},{"type":"Feature","geometry":{"type":"Point","coordinates":[8.5354202,48.014355]},"properties":{"maxweight":"12"}},{"type":"Feature","geometry":{"type":"Point","coordinates":[8.6686313,48.9014726]},"properties":{"hgv":"no"}},{"type":"Feature","geometry":{"type":"Point","coordinates":[8.7599717,48.708127]},"properties":{"maxheight":"default"}},{"type":"Feature","geometry":{"type":"Point","coordinates":[8.3828035,48.9917421]},"properties":{"maxheight":"4.5"}},{"type":"Feature","geometry":{"type":"Point","coordinates":[8.4072398,48.9910295]},"properties":{"maxheight":"default"}},{"type":"Feature","geometry":{"type":"Point","coordinates":[8.3848779,48.9913694]},"properties":{"maxheight":"4.5"}},{"type":"Feature","geometry":{"type":"Point","coordinates":[8.6140077,48.6047527]},"properties":{"maxweight":"3.5"}},{"type":"Feature","geometry":{"type":"Point","coordinates":[8.4515387,48.01889]},"properties":{"maxweight":"3.5"}},{"type":"Feature","geometry":{"type":"Point","coordinates":[8.6101469,48.1767491]},"properties":{"maxweight":"3.5"}},{"type":"Feature","geometry":{"type":"Point","coordinates":[8.6255927,48.2063765]},"properties":{"hgv":"designated"}},{"type":"Feature","geometry":{"type":"Point","coordinates":[8.6245011,48.2059184]},"properties":{"hgv":"designated"}},{"type":"Feature","geometry":{"type":"Point","coordinates":[8.3840847,48.9992538]},"properties":{"maxheight":"2.1"}},{"type":"Feature","geometry":{"type":"Point","coordinates":[8.3841221,48.9991973]},"properties":{"maxheight":"2.1","maxweight":"2.5"}},{"type":"Feature","geometry":{"type":"Point","coordinates":[8.3841431,48.9992549]},"properties":{"hgv":"no","maxheight":"2.1","maxweight":"2.5"}},{"type":"Feature","geometry":{"type":"Point","coordinates":[8.3841301,48.9992843]},"properties":{"hgv":"no","maxheight":"2.1","maxweight":"2.5"}},{"type":"Feature","geometry":{"type":"Point","coordinates":[8.7310114,48.7769874]},"properties":{"maxheight":"default"}},{"type":"Feature","geometry":{"type":"Point","coordinates":[8.7309553,48.7768992]},"properties":{"maxheight":"default"}},{"type":"Feature","geometry":{"type":"Point","coordinates":[8.7310583,48.7770799]},"properties":{"maxheight":"default"}},{"type":"Feature","geometry":{"type":"Point","coordinates":[8.7227791,48.8964254]},"properties":{"maxheight":"2","maxweight":"2.5"}},{"type":"Feature","geometry":{"type":"Point","coordinates":[8.9892896,48.9816813]},"properties":{"maxheight":"3.6"}},{"type":"Feature","geometry":{"type":"Point","coordinates":[8.9570895,48.2143626]},"properties":{"maxweight":"3.5"}},{"type":"Feature","geometry":{"type":"Point","coordinates":[8.961904,48.2135309]},"properties":{"maxweight":"3.5"}},{"type":"Feature","geometry":{"type":"Point","coordinates":[8.4065097,48.9496579]},"properties":{"hgv":"no"}},{"type":"Feature","geometry":{"type":"Point","coordinates":[8.4065622,48.9459027]},"properties":{"hgv":"no"}},{"type":"Feature","geometry":{"type":"Point","coordinates":[8.3708505,48.9499275]},"properties":{"maxheight":"none"}},{"type":"Feature","geometry":{"type":"Point","coordinates":[8.5348511,48.9897377]},"properties":{"hgv":"destination"}},{"type":"Feature","geometry":{"type":"Point","coordinates":[8.5427302,48.9861655]},"properties":{"hgv":"destination"}},{"type":"Feature","geometry":{"type":"Point","coordinates":[8.5508735,48.9814954]},"properties":{"hgv":"destination"}},{"type":"Feature","geometry":{"type":"Point","coordinates":[8.5572129,48.961637]},"properties":{"hgv":"destination"}},{"type":"Feature","geometry":{"type":"Point","coordinates":[8.3264364,48.9807462]},"properties":{"maxweight":"1.0"}},{"type":"Feature","geometry":{"type":"Point","coordinates":[8.4400725,48.9722852]},"properties":{"maxheight":"default"}},{"type":"Feature","geometry":{"type":"Point","coordinates":[8.2493819,48.8557355]},"properties":{"maxweight":"3.5"}},{"type":"Feature","geometry":{"type":"Point","coordinates":[8.2482259,48.8576273]},"properties":{"maxweight":"7.5"}},{"type":"Feature","geometry":{"type":"Point","coordinates":[8.2486349,48.8562058]},"properties":{"maxweight":"3.5"}},{"type":"Feature","geometry":{"type":"Point","coordinates":[8.379752,48.9970098]},"properties":{"maxweight":"12 t"}},{"type":"Feature","geometry":{"type":"Point","coordinates":[8.379772,48.9973192]},"properties":{"maxweight":"12 t"}},{"type":"Feature","geometry":{"type":"Point","coordinates":[8.9923491,48.680528]},"properties":{"maxheight":"2.75"}},{"type":"Feature","geometry":{"type":"Point","coordinates":[8.8253961,48.938306]},"properties":{"maxweight":"2.8"}},{"type":"Feature","geometry":{"type":"Point","coordinates":[8.8932085,48.5826001]},"properties":{"maxheight":"default"}},{"type":"Feature","geometry":{"type":"Point","coordinates":[8.4094484,48.9721563]},"properties":{"maxheight":"3.2"}},{"type":"Feature","geometry":{"type":"Point","coordinates":[8.3217469,48.8058532]},"properties":{"maxheight":"below_default"}},{"type":"Feature","geometry":{"type":"Point","coordinates":[8.8915188,48.5699107]},"properties":{"hgv":"destination","maxweightrating:hgv":"7.5"}},{"type":"Feature","geometry":{"type":"Point","coordinates":[8.8915215,48.5697918]},"properties":{"hgv":"destination","maxweightrating:hgv":"7.5"}},{"type":"Feature","geometry":{"type":"Point","coordinates":[8.8771683,48.5726443]},"properties":{"hgv":"destination","maxweightrating:hgv":"7.5"}},{"type":"Feature","geometry":{"type":"Point","coordinates":[8.9832661,48.7886266]},"properties":{"hgv":"delivery"}},{"type":"Feature","geometry":{"type":"Point","coordinates":[8.6946704,48.7002285]},"properties":{"hgv":"agricultural;forestry"}},{"type":"Feature","geometry":{"type":"Point","coordinates":[8.9340583,48.5713684]},"properties":{"maxheight":"default"}},{"type":"Feature","geometry":{"type":"Point","coordinates":[8.6765323,48.2734331]},"properties":{"maxweight":"7.5"}},{"type":"Feature","geometry":{"type":"Point","coordinates":[8.9374658,48.776292]},"properties":{"hgv":"no"}},{"type":"Feature","geometry":{"type":"Point","coordinates":[8.9375494,48.7760767]},"properties":{"hgv":"no"}},{"type":"Feature","geometry":{"type":"Point","coordinates":[8.9374858,48.7762467]},"properties":{"hgv":"no"}},{"type":"Feature","geometry":{"type":"Point","coordinates":[8.4105566,48.9977066]},"properties":{"maxheight":"2.7"}},{"type":"Feature","geometry":{"type":"Point","coordinates":[8.2001996,48.8388895]},"properties":{"maxheight":"3.1"}},{"type":"Feature","geometry":{"type":"Point","coordinates":[8.0988977,48.7652308]},"properties":{"maxweight":"6"}},{"type":"Feature","geometry":{"type":"Point","coordinates":[8.9077377,48.7718795]},"properties":{"hgv":"no","maxweight":"3.5"}},{"type":"Feature","geometry":{"type":"Point","coordinates":[8.9300944,48.770186]},"properties":{"hgv":"delivery"}},{"type":"Feature","geometry":{"type":"Point","coordinates":[8.9954722,48.5236371]},"properties":{"maxheight":"default"}},{"type":"Feature","geometry":{"type":"Point","coordinates":[8.4018816,48.9925775]},"properties":{"maxheight":"2.0"}},{"type":"Feature","geometry":{"type":"Point","coordinates":[8.4028487,48.9930506]},"properties":{"maxheight":"2"}},{"type":"Feature","geometry":{"type":"Point","coordinates":[8.4040812,48.993204]},"properties":{"maxheight":"2"}},{"type":"Feature","geometry":{"type":"Point","coordinates":[8.4033471,48.993018]},"properties":{"maxheight":"2"}},{"type":"Feature","geometry":{"type":"Point","coordinates":[8.5849559,48.8535129]},"properties":{"hgv":"destination"}},{"type":"Feature","geometry":{"type":"Point","coordinates":[8.5712554,48.858839]},"properties":{"maxweight":"3.5"}},{"type":"Feature","geometry":{"type":"Point","coordinates":[8.834747,48.9499253]},"properties":{"maxheight":"4"}},{"type":"Feature","geometry":{"type":"Point","coordinates":[8.8348163,48.9499502]},"properties":{"maxheight":"4"}},{"type":"Feature","geometry":{"type":"Point","coordinates":[8.8665601,48.236189]},"properties":{"maxweight":"3.5"}},{"type":"Feature","geometry":{"type":"Point","coordinates":[8.2017389,48.8388001]},"properties":{"maxheight":"3.8"}},{"type":"Feature","geometry":{"type":"Point","coordinates":[8.8792445,48.580466]},"properties":{"hgv":"destination","maxweightrating:hgv":"7.5"}},{"type":"Feature","geometry":{"type":"Point","coordinates":[8.5857172,48.8688193]},"properties":{"hgv":"destination"}},{"type":"Feature","geometry":{"type":"Point","coordinates":[8.9587281,48.9319749]},"properties":{"maxheight":"2"}},{"type":"Feature","geometry":{"type":"Point","coordinates":[8.2409406,48.8876433]},"properties":{"hgv":"yes"}},{"type":"Feature","geometry":{"type":"Point","coordinates":[8.4067649,48.4652194]},"properties":{"maxweight":"7.5"}},{"type":"Feature","geometry":{"type":"Point","coordinates":[8.4369461,48.9747551]},"properties":{"maxheight":"default"}},{"type":"Feature","geometry":{"type":"Point","coordinates":[8.9529289,48.6612537]},"properties":{"hgv":"destination","maxweight":"7.5"}},{"type":"Feature","geometry":{"type":"Point","coordinates":[8.9530616,48.6612177]},"properties":{"hgv":"destination","maxweight":"7.5"}},{"type":"Feature","geometry":{"type":"Point","coordinates":[8.9630893,48.6715655]},"properties":{"maxheight":"default"}},{"type":"Feature","geometry":{"type":"Point","coordinates":[8.714395,48.0964209]},"properties":{"hgv":"no"}},{"type":"Feature","geometry":{"type":"Point","coordinates":[8.4371312,48.9745983]},"properties":{"maxheight":"default"}},{"type":"Feature","geometry":{"type":"Point","coordinates":[8.5655666,48.9186144]},"properties":{"maxweight":"6"}},{"type":"Feature","geometry":{"type":"Point","coordinates":[8.9959534,48.7350663]},"properties":{"hgv":"no"}},{"type":"Feature","geometry":{"type":"Point","coordinates":[8.11765,48.8469003]},"properties":{"hgv":"no"}},{"type":"Feature","geometry":{"type":"Point","coordinates":[8.1216447,48.8458711]},"properties":{"hgv":"no"}},{"type":"Feature","geometry":{"type":"Point","coordinates":[8.1201129,48.8462105]},"properties":{"hgv":"no"}},{"type":"Feature","geometry":{"type":"Point","coordinates":[8.4477448,48.9854596]},"properties":{"hgv":"designated"}},{"type":"Feature","geometry":{"type":"Point","coordinates":[8.4476809,48.9857742]},"properties":{"hgv":"designated"}},{"type":"Feature","geometry":{"type":"Point","coordinates":[8.4474983,48.985869]},"properties":{"hgv":"designated"}},{"type":"Feature","geometry":{"type":"Point","coordinates":[8.4472736,48.9860172]},"properties":{"hgv":"designated"}},{"type":"Feature","geometry":{"type":"Point","coordinates":[8.9063628,48.7797842]},"properties":{"hgv":"delivery"}},{"type":"Feature","geometry":{"type":"Point","coordinates":[8.039491,48.0055591]},"properties":{"hgv":"no"}},{"type":"Feature","geometry":{"type":"Point","coordinates":[8.2001252,48.8010908]},"properties":{"maxheight":"none"}},{"type":"Feature","geometry":{"type":"Point","coordinates":[8.4519997,48.9966974]},"properties":{"maxheight":"2.7"}},{"type":"Feature","geometry":{"type":"Point","coordinates":[8.6290967,48.9377595]},"properties":{"maxweight":"7.5"}},{"type":"Feature","geometry":{"type":"Point","coordinates":[8.7565417,48.1695893]},"properties":{"maxweight":"3.5"}},{"type":"Feature","geometry":{"type":"Point","coordinates":[8.7241089,48.435825]},"properties":{"maxheight":"default"}},{"type":"Feature","geometry":{"type":"Point","coordinates":[8.2285503,48.868928]},"properties":{"maxheight":"3"}},{"type":"Feature","geometry":{"type":"Point","coordinates":[8.0826051,48.0868614]},"properties":{"maxweight":"12"}},{"type":"Feature","geometry":{"type":"Point","coordinates":[8.4561691,48.4723361]},"properties":{"maxweight":"6"}},{"type":"Feature","geometry":{"type":"Point","coordinates":[8.4236516,48.040025]},"properties":{"maxweight":"7.5"}},{"type":"Feature","geometry":{"type":"Point","coordinates":[8.4636443,48.9967531]},"properties":{"maxheight":"2.9"}},{"type":"Feature","geometry":{"type":"Point","coordinates":[8.4640538,48.9971094]},"properties":{"maxheight":"2.9"}},{"type":"Feature","geometry":{"type":"Point","coordinates":[8.4644698,48.9974714]},"properties":{"maxheight":"2.9"}},{"type":"Feature","geometry":{"type":"Point","coordinates":[8.4424932,48.9913497]},"properties":{"hgv":"destination"}},{"type":"Feature","geometry":{"type":"Point","coordinates":[8.6960794,48.4539288]},"properties":{"hgv":"no"}},{"type":"Feature","geometry":{"type":"Point","coordinates":[8.6959726,48.453818]},"properties":{"hgv":"no"}},{"type":"Feature","geometry":{"type":"Point","coordinates":[8.4169114,48.4694483]},"properties":{"hgv":"no"}},{"type":"Feature","geometry":{"type":"Point","coordinates":[8.3149876,48.102691]},"properties":{"hgv":"destination","maxweight":"3.5"}},{"type":"Feature","geometry":{"type":"Point","coordinates":[8.7487816,48.7470856]},"properties":{"maxweight":"6"}},{"type":"Feature","geometry":{"type":"Point","coordinates":[8.7500764,48.7456228]},"properties":{"maxweight":"6"}},{"type":"Feature","geometry":{"type":"Point","coordinates":[8.0265881,48.5648532]},"properties":{"maxweight":"30"}},{"type":"Feature","geometry":{"type":"Point","coordinates":[8.3167443,48.4707106]},"properties":{"hgv":"no"}},{"type":"Feature","geometry":{"type":"Point","coordinates":[8.0627035,48.6285569]},"properties":{"hgv":"no"}},{"type":"Feature","geometry":{"type":"Point","coordinates":[8.737534,48.0698279]},"properties":{"hgv":"destination"}},{"type":"Feature","geometry":{"type":"Point","coordinates":[8.7397629,48.0695771]},"properties":{"hgv":"destination"}},{"type":"Feature","geometry":{"type":"Point","coordinates":[8.7408468,48.0693542]},"properties":{"hgv":"destination"}},{"type":"Feature","geometry":{"type":"Point","coordinates":[8.2512463,48.8087389]},"properties":{"maxweight":"3.5"}},{"type":"Feature","geometry":{"type":"Point","coordinates":[8.2376422,48.8142801]},"properties":{"maxweight":"3.5"}},{"type":"Feature","geometry":{"type":"Point","coordinates":[8.667555,48.4888561]},"properties":{"maxheight":"4"}},{"type":"Feature","geometry":{"type":"Point","coordinates":[8.9900591,48.662921]},"properties":{"maxheight":"default"}},{"type":"Feature","geometry":{"type":"Point","coordinates":[8.0129044,48.5861212]},"properties":{"maxheight":"1.9"}},{"type":"Feature","geometry":{"type":"Point","coordinates":[8.0140252,48.5884264]},"properties":{"maxweight":"7.5"}},{"type":"Feature","geometry":{"type":"Point","coordinates":[8.8936069,48.6425586]},"properties":{"hgv":"destination","maxweight":"7.5"}},{"type":"Feature","geometry":{"type":"Point","coordinates":[8.9242851,48.6510408]},"properties":{"maxweight":"12"}},{"type":"Feature","geometry":{"type":"Point","coordinates":[8.665073,48.624104]},"properties":{"maxweight":"3.5"}},{"type":"Feature","geometry":{"type":"Point","coordinates":[8.7710216,48.9211016]},"properties":{"hgv":"no"}},{"type":"Feature","geometry":{"type":"Point","coordinates":[8.9946855,48.9257231]},"properties":{"maxheight":"default"}},{"type":"Feature","geometry":{"type":"Point","coordinates":[8.9942553,48.9264652]},"properties":{"maxwidth":"5.00"}},{"type":"Feature","geometry":{"type":"Point","coordinates":[8.4621637,48.0594924]},"properties":{"maxheight":"2.8"}},{"type":"Feature","geometry":{"type":"Point","coordinates":[8.8058732,48.4936335]},"properties":{"hgv":"no","maxweight":"3.5"}},{"type":"Feature","geometry":{"type":"Point","coordinates":[8.3777271,48.9984269]},"properties":{"maxheight":"2.1"}},{"type":"Feature","geometry":{"type":"Point","coordinates":[8.0450392,48.5813826]},"properties":{"maxheight":"4"}},{"type":"Feature","geometry":{"type":"Point","coordinates":[8.3652476,48.9831313]},"properties":{"maxheight":"default"}},{"type":"Feature","geometry":{"type":"Point","coordinates":[8.7012966,48.8909877]},"properties":{"maxweight":"10"}},{"type":"Feature","geometry":{"type":"Point","coordinates":[8.6989148,48.8936656]},"properties":{"maxheight":"2.05","maxweight":"2.5"}},{"type":"Feature","geometry":{"type":"Point","coordinates":[8.6983965,48.8936718]},"properties":{"maxheight":"2.05","maxweight":"2.5"}},{"type":"Feature","geometry":{"type":"Point","coordinates":[8.6992262,48.8935232]},"properties":{"maxheight":"2.2"}},{"type":"Feature","geometry":{"type":"Point","coordinates":[8.370823,48.9941621]},"properties":{"hgv":"no","goods":"no"}},{"type":"Feature","geometry":{"type":"Point","coordinates":[8.237434,48.642689]},"properties":{"hgv":"destination"}},{"type":"Feature","geometry":{"type":"Point","coordinates":[8.3771104,48.9911105]},"properties":{"maxheight":"4.5"}},{"type":"Feature","geometry":{"type":"Point","coordinates":[8.3770536,48.9911338]},"properties":{"maxheight":"4.5"}},{"type":"Feature","geometry":{"type":"Point","coordinates":[8.3769731,48.9911668]},"properties":{"maxheight":"4.5"}},{"type":"Feature","geometry":{"type":"Point","coordinates":[8.3769053,48.9911946]},"properties":{"maxheight":"4.5"}},{"type":"Feature","geometry":{"type":"Point","coordinates":[8.4739695,48.923411]},"properties":{"hgv":"destination"}},{"type":"Feature","geometry":{"type":"Point","coordinates":[8.4470172,48.7725269]},"properties":{"maxweight":"2.4"}},{"type":"Feature","geometry":{"type":"Point","coordinates":[8.5647264,48.9536624]},"properties":{"maxheight":"4.5"}},{"type":"Feature","geometry":{"type":"Point","coordinates":[8.0410702,48.7728485]},"properties":{"maxweight":"12"}},{"type":"Feature","geometry":{"type":"Point","coordinates":[8.6986131,48.8903059]},"properties":{"hgv":"destination"}},{"type":"Feature","geometry":{"type":"Point","coordinates":[8.7057043,48.8951685]},"properties":{"maxweight":"6"}},{"type":"Feature","geometry":{"type":"Point","coordinates":[8.705537,48.8952186]},"properties":{"maxweight":"6"}},{"type":"Feature","geometry":{"type":"Point","coordinates":[8.3715391,48.9522366]},"properties":{"maxheight":"none"}},{"type":"Feature","geometry":{"type":"Point","coordinates":[8.3750339,48.9557815]},"properties":{"maxheight":"none"}},{"type":"Feature","geometry":{"type":"Point","coordinates":[8.0089072,48.7572413]},"properties":{"maxheight":"3.7"}},{"type":"Feature","geometry":{"type":"Point","coordinates":[8.0133837,48.7526723]},"properties":{"hgv":"delivery"}},{"type":"Feature","geometry":{"type":"Point","coordinates":[8.2663932,48.8535983]},"properties":{"maxheight":"default"}},{"type":"Feature","geometry":{"type":"Point","coordinates":[8.2218243,48.8061842]},"properties":{"hgv":"destination"}},{"type":"Feature","geometry":{"type":"Point","coordinates":[8.2249173,48.8085421]},"properties":{"hgv":"destination"}},{"type":"Feature","geometry":{"type":"Point","coordinates":[8.2210838,48.8057531]},"properties":{"hgv":"destination"}},{"type":"Feature","geometry":{"type":"Point","coordinates":[8.549685,48.93399]},"properties":{"maxheight":"default"}},{"type":"Feature","geometry":{"type":"Point","coordinates":[8.5558476,48.9339115]},"properties":{"maxheight":"default"}},{"type":"Feature","geometry":{"type":"Point","coordinates":[8.7751015,48.4551444]},"properties":{"hgv":"no"}},{"type":"Feature","geometry":{"type":"Point","coordinates":[8.775446,48.4570363]},"properties":{"hgv":"no"}},{"type":"Feature","geometry":{"type":"Point","coordinates":[8.1036361,48.5864124]},"properties":{"maxheight":"below_default"}},{"type":"Feature","geometry":{"type":"Point","coordinates":[8.4665423,48.9998044]},"properties":{"maxheight":"3.9"}},{"type":"Feature","geometry":{"type":"Point","coordinates":[8.1807137,48.9197181]},"properties":{"maxweight":"1.5"}},{"type":"Feature","geometry":{"type":"Point","coordinates":[8.4446651,48.9953817]},"properties":{"maxheight":"2","maxweight":"2.5"}},{"type":"Feature","geometry":{"type":"Point","coordinates":[8.4453004,48.9953974]},"properties":{"maxheight":"2","maxweight":"2.5"}},{"type":"Feature","geometry":{"type":"Point","coordinates":[8.1826515,48.6889926]},"properties":{"maxweight":"1.5"}},{"type":"Feature","geometry":{"type":"Point","coordinates":[8.4111143,48.9961438]},"properties":{"maxheight":"restricted"}},{"type":"Feature","geometry":{"type":"Point","coordinates":[8.4110712,48.996117]},"properties":{"maxheight":"2.3"}},{"type":"Feature","geometry":{"type":"Point","coordinates":[8.4108515,48.9961066]},"properties":{"maxheight":"2"}},{"type":"Feature","geometry":{"type":"Point","coordinates":[8.4108624,48.99608]},"properties":{"maxheight":"2.3"}},{"type":"Feature","geometry":{"type":"Point","coordinates":[8.4111,48.9961158]},"properties":{"maxheight":"2"}},{"type":"Feature","geometry":{"type":"Point","coordinates":[8.5100299,48.8801682]},"properties":{"maxheight":"2.8"}},{"type":"Feature","geometry":{"type":"Point","coordinates":[8.17226,48.8551493]},"properties":{"hgv":"designated"}},{"type":"Feature","geometry":{"type":"Point","coordinates":[8.8951825,48.6426356]},"properties":{"hgv":"destination","maxweight":"7.5"}},{"type":"Feature","geometry":{"type":"Point","coordinates":[8.9859793,48.6991712]},"properties":{"maxheight":"3.8"}},{"type":"Feature","geometry":{"type":"Point","coordinates":[8.7321964,48.2443055]},"properties":{"maxweight":"24"}},{"type":"Feature","geometry":{"type":"Point","coordinates":[8.6473626,48.8992628]},"properties":{"maxweight":"2.8"}},{"type":"Feature","geometry":{"type":"Point","coordinates":[8.6491064,48.9020808]},"properties":{"maxheight":"default"}},{"type":"Feature","geometry":{"type":"Point","coordinates":[8.6485014,48.901492]},"properties":{"maxheight":"default"}},{"type":"Feature","geometry":{"type":"Point","coordinates":[8.9104617,48.5608948]},"properties":{"maxheight":"4.5"}},{"type":"Feature","geometry":{"type":"Point","coordinates":[8.2171538,48.8033524]},"properties":{"hgv":"destination"}},{"type":"Feature","geometry":{"type":"Point","coordinates":[8.2173374,48.8033713]},"properties":{"hgv":"destination"}},{"type":"Feature","geometry":{"type":"Point","coordinates":[8.2194145,48.8043317]},"properties":{"hgv":"destination"}},{"type":"Feature","geometry":{"type":"Point","coordinates":[8.4473348,48.9858171]},"properties":{"maxheight":"4.5"}},{"type":"Feature","geometry":{"type":"Point","coordinates":[8.4473885,48.9858599]},"properties":{"maxheight":"4.5"}},{"type":"Feature","geometry":{"type":"Point","coordinates":[8.447238,48.98574]},"properties":{"maxheight":"4.5"}},{"type":"Feature","geometry":{"type":"Point","coordinates":[8.4473896,48.9857916]},"properties":{"maxheight":"4.5"}},{"type":"Feature","geometry":{"type":"Point","coordinates":[8.4472833,48.9857761]},"properties":{"maxheight":"4.5"}},{"type":"Feature","geometry":{"type":"Point","coordinates":[8.4473896,48.9857916]},"properties":{"maxheight":"4.5"}},{"type":"Feature","geometry":{"type":"Point","coordinates":[8.1465474,48.7787617]},"properties":{"maxheight":"default"}},{"type":"Feature","geometry":{"type":"Point","coordinates":[8.1373742,48.763417]},"properties":{"maxheight":"default"}},{"type":"Feature","geometry":{"type":"Point","coordinates":[8.1361746,48.7618623]},"properties":{"maxheight":"default"}},{"type":"Feature","geometry":{"type":"Point","coordinates":[8.2178872,48.8035765]},"properties":{"hgv":"destination"}},{"type":"Feature","geometry":{"type":"Point","coordinates":[8.2200688,48.8051604]},"properties":{"hgv":"destination"}},{"type":"Feature","geometry":{"type":"Point","coordinates":[8.1679331,48.7694488]},"properties":{"maxheight":"none"}},{"type":"Feature","geometry":{"type":"Point","coordinates":[8.5530732,48.9688283]},"properties":{"hgv":"destination"}},{"type":"Feature","geometry":{"type":"Point","coordinates":[8.8814867,48.5774115]},"properties":{"hgv":"destination","maxweightrating:hgv":"7.5"}},{"type":"Feature","geometry":{"type":"Point","coordinates":[8.8291365,48.5055057]},"properties":{"maxheight":"2"}},{"type":"Feature","geometry":{"type":"Point","coordinates":[8.8290168,48.5054707]},"properties":{"maxheight":"2.0"}},{"type":"Feature","geometry":{"type":"Point","coordinates":[8.8289143,48.5053354]},"properties":{"maxheight":"2.0"}},{"type":"Feature","geometry":{"type":"Point","coordinates":[8.8283851,48.5057467]},"properties":{"maxheight":"2.0"}},{"type":"Feature","geometry":{"type":"Point","coordinates":[8.2350169,48.1347158]},"properties":{"maxweight":"18"}},{"type":"Feature","geometry":{"type":"Point","coordinates":[8.2317883,48.1312062]},"properties":{"maxweight":"30"}},{"type":"Feature","geometry":{"type":"Point","coordinates":[8.2001956,48.2714355]},"properties":{"maxwidth":"6"}},{"type":"Feature","geometry":{"type":"Point","coordinates":[8.2006741,48.2709513]},"properties":{"maxwidth":"6"}},{"type":"Feature","geometry":{"type":"Point","coordinates":[8.4078759,48.941638]},"properties":{"maxheight":"3","maxweight":"5"}},{"type":"Feature","geometry":{"type":"Point","coordinates":[8.4078957,48.9416813]},"properties":{"maxheight":"3","maxweight":"5"}},{"type":"Feature","geometry":{"type":"Point","coordinates":[8.3830682,48.9469692]},"properties":{"maxheight":"4"}},{"type":"Feature","geometry":{"type":"Point","coordinates":[8.2251307,48.8671735]},"properties":{"maxweight":"7.5"}},{"type":"Feature","geometry":{"type":"Point","coordinates":[8.2248811,48.8670691]},"properties":{"maxweight":"7.5"}},{"type":"Feature","geometry":{"type":"Point","coordinates":[8.2068894,48.8553912]},"properties":{"maxheight":"2"}},{"type":"Feature","geometry":{"type":"Point","coordinates":[8.4478837,48.9853567]},"properties":{"hgv":"customers"}},{"type":"Feature","geometry":{"type":"Point","coordinates":[8.4476395,48.9857919]},"properties":{"hgv":"designated"}},{"type":"Feature","geometry":{"type":"Point","coordinates":[8.4475894,48.9858682]},"properties":{"hgv":"designated","maxheight":"4.5"}},{"type":"Feature","geometry":{"type":"Point","coordinates":[8.4475543,48.9858385]},"properties":{"hgv":"designated","maxheight":"4.5"}},{"type":"Feature","geometry":{"type":"Point","coordinates":[8.4476782,48.9858246]},"properties":{"hgv":"designated"}},{"type":"Feature","geometry":{"type":"Point","coordinates":[8.2605641,48.8479134]},"properties":{"maxweight":"3.5"}},{"type":"Feature","geometry":{"type":"Point","coordinates":[8.2481012,48.8503147]},"properties":{"maxweight":"3.5"}},{"type":"Feature","geometry":{"type":"Point","coordinates":[8.2608949,48.7913828]},"properties":{"maxweight":"3.5"}},{"type":"Feature","geometry":{"type":"Point","coordinates":[8.2611028,48.7912494]},"properties":{"maxweight":"3.5"}},{"type":"Feature","geometry":{"type":"Point","coordinates":[8.4890998,48.3576011]},"properties":{"maxweight":"1.5"}},{"type":"Feature","geometry":{"type":"Point","coordinates":[8.820085,48.5072569]},"properties":{"maxheight":"4.5"}},{"type":"Feature","geometry":{"type":"Point","coordinates":[8.8458495,48.2085112]},"properties":{"maxweight":"6"}},{"type":"Feature","geometry":{"type":"Point","coordinates":[8.1705462,48.7718835]},"properties":{"maxheight":"none"}},{"type":"Feature","geometry":{"type":"Point","coordinates":[8.1721689,48.7734086]},"properties":{"maxheight":"none"}},{"type":"Feature","geometry":{"type":"Point","coordinates":[8.655589,48.343835]},"properties":{"maxheight":"default"}},{"type":"Feature","geometry":{"type":"Point","coordinates":[8.8842952,48.9963294]},"properties":{"maxheight":"default"}},{"type":"Feature","geometry":{"type":"Point","coordinates":[8.966203,48.5318457]},"properties":{"maxheight":"default"}},{"type":"Feature","geometry":{"type":"Point","coordinates":[8.694853,48.8913229]},"properties":{"maxheight":"default"}},{"type":"Feature","geometry":{"type":"Point","coordinates":[8.5856808,48.5315695]},"properties":{"maxweight":"6 t"}},{"type":"Feature","geometry":{"type":"Point","coordinates":[8.3801417,48.9853314]},"properties":{"maxheight":"3.4","maxlength":"10"}},{"type":"Feature","geometry":{"type":"Point","coordinates":[8.9794179,48.6859105]},"properties":{"maxheight":"none"}},{"type":"Feature","geometry":{"type":"Point","coordinates":[8.9635804,48.6741988]},"properties":{"maxheight":"none"}},{"type":"Feature","geometry":{"type":"Point","coordinates":[8.9462046,48.6486413]},"properties":{"maxheight":"none"}},{"type":"Feature","geometry":{"type":"Point","coordinates":[8.0172773,48.1367049]},"properties":{"maxheight":"2.6"}},{"type":"Feature","geometry":{"type":"Point","coordinates":[8.4012445,48.9409753]},"properties":{"hgv":"destination"}},{"type":"Feature","geometry":{"type":"Point","coordinates":[8.4004809,48.941393]},"properties":{"hgv":"destination"}},{"type":"Feature","geometry":{"type":"Point","coordinates":[8.3521525,48.7284319]},"properties":{"hgv":"no"}},{"type":"Feature","geometry":{"type":"Point","coordinates":[8.3522065,48.7285256]},"properties":{"hgv":"no","maxheight":"3.3"}},{"type":"Feature","geometry":{"type":"Point","coordinates":[8.9668203,48.4768634]},"properties":{"maxheight":"3"}},{"type":"Feature","geometry":{"type":"Point","coordinates":[8.3843909,48.2621579]},"properties":{"hgv":"destination","maxlength":"9"}},{"type":"Feature","geometry":{"type":"Point","coordinates":[8.3821325,48.2632241]},"properties":{"hgv":"destination","maxlength":"9"}},{"type":"Feature","geometry":{"type":"Point","coordinates":[8.4027385,48.2645733]},"properties":{"hgv":"destination","maxlength":"9"}},{"type":"Feature","geometry":{"type":"Point","coordinates":[8.2507189,48.903861]},"properties":{"maxheight":"default"}},{"type":"Feature","geometry":{"type":"Point","coordinates":[8.9569772,48.7439776]},"properties":{"maxweight":"7.5"}},{"type":"Feature","geometry":{"type":"Point","coordinates":[8.9823765,48.3693663]},"properties":{"maxheight":"default"}},{"type":"Feature","geometry":{"type":"Point","coordinates":[8.9817843,48.3683863]},"properties":{"maxheight":"default"}},{"type":"Feature","geometry":{"type":"Point","coordinates":[8.9818103,48.3687495]},"properties":{"maxheight":"default"}},{"type":"Feature","geometry":{"type":"Point","coordinates":[8.371893,48.9494601]},"properties":{"maxheight":"none"}},{"type":"Feature","geometry":{"type":"Point","coordinates":[8.3717483,48.9495835]},"properties":{"maxheight":"none"}},{"type":"Feature","geometry":{"type":"Point","coordinates":[8.9363657,48.4792033]},"properties":{"maxweight":"6"}},{"type":"Feature","geometry":{"type":"Point","coordinates":[8.9871762,48.6985804]},"properties":{"maxheight":"4"}},{"type":"Feature","geometry":{"type":"Point","coordinates":[8.9869422,48.69858]},"properties":{"maxheight":"4"}},{"type":"Feature","geometry":{"type":"Point","coordinates":[8.9923213,48.6987211]},"properties":{"maxheight":"4.3"}},{"type":"Feature","geometry":{"type":"Point","coordinates":[8.9916496,48.6978106]},"properties":{"maxheight":"default"}},{"type":"Feature","geometry":{"type":"Point","coordinates":[8.9911233,48.6977567]},"properties":{"maxheight":"3.9"}},{"type":"Feature","geometry":{"type":"Point","coordinates":[8.9896028,48.6953075]},"properties":{"maxheight":"4"}},{"type":"Feature","geometry":{"type":"Point","coordinates":[8.989753,48.6952572]},"properties":{"maxheight":"4"}},{"type":"Feature","geometry":{"type":"Point","coordinates":[8.989753,48.6952572]},"properties":{"maxheight":"default"}},{"type":"Feature","geometry":{"type":"Point","coordinates":[8.9900911,48.695717]},"properties":{"maxheight":"default"}},{"type":"Feature","geometry":{"type":"Point","coordinates":[8.9906435,48.6964575]},"properties":{"maxheight":"default"}},{"type":"Feature","geometry":{"type":"Point","coordinates":[8.9941638,48.7012319]},"properties":{"maxheight":"default"}},{"type":"Feature","geometry":{"type":"Point","coordinates":[8.9922707,48.7009755]},"properties":{"maxheight":"default"}},{"type":"Feature","geometry":{"type":"Point","coordinates":[8.9926763,48.7015213]},"properties":{"maxheight":"default"}},{"type":"Feature","geometry":{"type":"Point","coordinates":[8.9951,48.7025227]},"properties":{"maxheight":"default"}},{"type":"Feature","geometry":{"type":"Point","coordinates":[8.9961958,48.7022928]},"properties":{"maxheight":"default"}},{"type":"Feature","geometry":{"type":"Point","coordinates":[8.9942628,48.7031396]},"properties":{"maxheight":"default"}},{"type":"Feature","geometry":{"type":"Point","coordinates":[8.9936476,48.7033338]},"properties":{"maxheight":"default"}},{"type":"Feature","geometry":{"type":"Point","coordinates":[8.9950793,48.7028749]},"properties":{"maxheight":"default"}},{"type":"Feature","geometry":{"type":"Point","coordinates":[8.6912051,48.8579917]},"properties":{"maxweight":"2.8"}},{"type":"Feature","geometry":{"type":"Point","coordinates":[8.7579106,48.8851836]},"properties":{"maxweight":"2.8"}},{"type":"Feature","geometry":{"type":"Point","coordinates":[8.0680159,48.092199]},"properties":{"maxweight":"12"}},{"type":"Feature","geometry":{"type":"Point","coordinates":[8.0709877,48.0916914]},"properties":{"maxweight":"12"}},{"type":"Feature","geometry":{"type":"Point","coordinates":[8.9494192,48.9588581]},"properties":{"hgv":"destination"}},{"type":"Feature","geometry":{"type":"Point","coordinates":[8.7819824,48.8128829]},"properties":{"maxweight":"12"}},{"type":"Feature","geometry":{"type":"Point","coordinates":[8.705041,48.8935581]},"properties":{"maxheight":"default"}},{"type":"Feature","geometry":{"type":"Point","coordinates":[8.0186277,48.5910695]},"properties":{"maxlength":"10"}},{"type":"Feature","geometry":{"type":"Point","coordinates":[8.96154,48.9347872]},"properties":{"maxheight":"2.05"}},{"type":"Feature","geometry":{"type":"Point","coordinates":[8.978519,48.6871508]},"properties":{"maxheight":"default"}},{"type":"Feature","geometry":{"type":"Point","coordinates":[8.9773257,48.6859126]},"properties":{"maxheight":"default"}},{"type":"Feature","geometry":{"type":"Point","coordinates":[8.9777789,48.6854291]},"properties":{"maxheight":"default"}},{"type":"Feature","geometry":{"type":"Point","coordinates":[8.0742856,48.0909403]},"properties":{"maxweight":"12"}},{"type":"Feature","geometry":{"type":"Point","coordinates":[8.0747541,48.0908872]},"properties":{"maxweight":"12"}},{"type":"Feature","geometry":{"type":"Point","coordinates":[8.7595819,48.5918002]},"properties":{"maxweight":"5.5"}},{"type":"Feature","geometry":{"type":"Point","coordinates":[8.7682795,48.5818897]},"properties":{"maxweight":"5.5"}},{"type":"Feature","geometry":{"type":"Point","coordinates":[8.7428332,48.6249262]},"properties":{"hgv":"no"}},{"type":"Feature","geometry":{"type":"Point","coordinates":[8.9553501,48.9352338]},"properties":{"maxheight":"below_default"}},{"type":"Feature","geometry":{"type":"Point","coordinates":[8.9544556,48.9458494]},"properties":{"maxweight":"6"}},{"type":"Feature","geometry":{"type":"Point","coordinates":[8.9542349,48.9453249]},"properties":{"maxweight":"6"}},{"type":"Feature","geometry":{"type":"Point","coordinates":[8.7417065,48.0692675]},"properties":{"hgv":"destination"}},{"type":"Feature","geometry":{"type":"Point","coordinates":[8.9637356,48.5071979]},"properties":{"hgv":"no"}},{"type":"Feature","geometry":{"type":"Point","coordinates":[8.9983659,48.5234889]},"properties":{"maxheight":"default"}},{"type":"Feature","geometry":{"type":"Point","coordinates":[8.03685,48.6583433]},"properties":{"maxheight":"default"}},{"type":"Feature","geometry":{"type":"Point","coordinates":[8.0393941,48.6613319]},"properties":{"maxheight":"default"}},{"type":"Feature","geometry":{"type":"Point","coordinates":[8.0677167,48.6900118]},"properties":{"maxheight":"default"}},{"type":"Feature","geometry":{"type":"Point","coordinates":[8.0355148,48.6584331]},"properties":{"maxheight":"2.5"}},{"type":"Feature","geometry":{"type":"Point","coordinates":[8.0360242,48.6578761]},"properties":{"hgv":"designated"}},{"type":"Feature","geometry":{"type":"Point","coordinates":[8.0582001,48.3041129]},"properties":{"maxweight":"30"}},{"type":"Feature","geometry":{"type":"Point","coordinates":[8.0417734,48.5822538]},"properties":{"hgv":"agricultural"}},{"type":"Feature","geometry":{"type":"Point","coordinates":[8.4565544,48.9970685]},"properties":{"maxheight":"4"}},{"type":"Feature","geometry":{"type":"Point","coordinates":[8.0907065,48.6017201]},"properties":{"maxheight":"default"}},{"type":"Feature","geometry":{"type":"Point","coordinates":[8.9121315,48.6465109]},"properties":{"hgv":"destination","maxweight":"7.5"}},{"type":"Feature","geometry":{"type":"Point","coordinates":[8.9125781,48.6463772]},"properties":{"hgv":"destination","maxweight":"7.5"}},{"type":"Feature","geometry":{"type":"Point","coordinates":[8.9127231,48.6461222]},"properties":{"hgv":"destination","maxweight":"7.5"}},{"type":"Feature","geometry":{"type":"Point","coordinates":[8.9126676,48.64607]},"properties":{"hgv":"destination","maxweight":"7.5"}},{"type":"Feature","geometry":{"type":"Point","coordinates":[8.4682054,48.970127]},"properties":{"maxweight":"16"}},{"type":"Feature","geometry":{"type":"Point","coordinates":[8.5883697,48.8536549]},"properties":{"hgv":"no"}},{"type":"Feature","geometry":{"type":"Point","coordinates":[8.3665828,48.9823015]},"properties":{"maxheight":"2.1"}},{"type":"Feature","geometry":{"type":"Point","coordinates":[8.1800511,48.8093339]},"properties":{"hgv":"no","maxheight":"2.5"}},{"type":"Feature","geometry":{"type":"Point","coordinates":[8.007846,48.0706895]},"properties":{"maxwidth":"2.3"}},{"type":"Feature","geometry":{"type":"Point","coordinates":[8.8197149,48.498179]},"properties":{"hgv":"delivery"}},{"type":"Feature","geometry":{"type":"Point","coordinates":[8.8847047,48.5246415]},"properties":{"hgv":"designated"}},{"type":"Feature","geometry":{"type":"Point","coordinates":[8.0147603,48.5890801]},"properties":{"maxweight":"7.5"}},{"type":"Feature","geometry":{"type":"Point","coordinates":[8.0150272,48.5893209]},"properties":{"maxweight":"7.5"}},{"type":"Feature","geometry":{"type":"Point","coordinates":[8.0145361,48.5888786]},"properties":{"maxweight":"7.5"}},{"type":"Feature","geometry":{"type":"Point","coordinates":[8.0124496,48.5937555]},"properties":{"hgv":"delivery"}},{"type":"Feature","geometry":{"type":"Point","coordinates":[8.0198059,48.5400974]},"properties":{"maxheight":"default"}},{"type":"Feature","geometry":{"type":"Point","coordinates":[8.2138769,48.7773829]},"properties":{"hgv":"no"}},{"type":"Feature","geometry":{"type":"Point","coordinates":[8.2144568,48.7767727]},"properties":{"hgv":"no"}},{"type":"Feature","geometry":{"type":"Point","coordinates":[8.2137812,48.7769069]},"properties":{"hgv":"no"}},{"type":"Feature","geometry":{"type":"Point","coordinates":[8.729728,48.7984524]},"properties":{"maxweight":"2.8"}},{"type":"Feature","geometry":{"type":"Point","coordinates":[8.0112621,48.5861812]},"properties":{"maxweight":"7.5"}},{"type":"Feature","geometry":{"type":"Point","coordinates":[8.0096574,48.585761]},"properties":{"maxweight":"7.5"}},{"type":"Feature","geometry":{"type":"Point","coordinates":[8.5809707,48.3684524]},"properties":{"maxweight":"1.5"}},{"type":"Feature","geometry":{"type":"Point","coordinates":[8.1822528,48.9775035]},"properties":{"hgv":"no"}},{"type":"Feature","geometry":{"type":"Point","coordinates":[8.3714608,48.9188023]},"properties":{"maxweight":"5"}},{"type":"Feature","geometry":{"type":"Point","coordinates":[8.3727456,48.918203]},"properties":{"maxweight":"5"}},{"type":"Feature","geometry":{"type":"Point","coordinates":[8.3719183,48.1073278]},"properties":{"maxweight":"3.5"}},{"type":"Feature","geometry":{"type":"Point","coordinates":[8.3766911,48.1066373]},"properties":{"maxweight":"3.5"}},{"type":"Feature","geometry":{"type":"Point","coordinates":[8.1367976,48.8098902]},"properties":{"maxheight":"none"}},{"type":"Feature","geometry":{"type":"Point","coordinates":[8.1257232,48.8272789]},"properties":{"maxheight":"none"}},{"type":"Feature","geometry":{"type":"Point","coordinates":[8.4094901,48.4534238]},"properties":{"maxheight":"none"}},{"type":"Feature","geometry":{"type":"Point","coordinates":[8.1823103,48.9778676]},"properties":{"hgv":"no"}},{"type":"Feature","geometry":{"type":"Point","coordinates":[8.1576272,48.9801521]},"properties":{"maxweight":"3.5"}},{"type":"Feature","geometry":{"type":"Point","coordinates":[8.1693287,48.9790393]},"properties":{"maxweight":"3.5"}},{"type":"Feature","geometry":{"type":"Point","coordinates":[8.1674954,48.9789665]},"properties":{"maxweight":"3.5"}},{"type":"Feature","geometry":{"type":"Point","coordinates":[8.1741532,48.9788717]},"properties":{"maxweight":"3.5"}},{"type":"Feature","geometry":{"type":"Point","coordinates":[8.1457517,48.9811922]},"properties":{"maxweight":"3.5"}},{"type":"Feature","geometry":{"type":"Point","coordinates":[8.1456112,48.9812056]},"properties":{"maxweight":"3.5"}},{"type":"Feature","geometry":{"type":"Point","coordinates":[8.1800723,48.9782994]},"properties":{"maxweight":"3.5"}},{"type":"Feature","geometry":{"type":"Point","coordinates":[8.7369913,48.7375498]},"properties":{"maxheight":"4"}},{"type":"Feature","geometry":{"type":"Point","coordinates":[8.2062759,48.8501911]},"properties":{"maxheight":"2"}},{"type":"Feature","geometry":{"type":"Point","coordinates":[8.9797013,48.6947776]},"properties":{"maxheight":"default"}},{"type":"Feature","geometry":{"type":"Point","coordinates":[8.9798891,48.6950081]},"properties":{"maxheight":"default"}},{"type":"Feature","geometry":{"type":"Point","coordinates":[8.9805065,48.6955859]},"properties":{"maxheight":"default"}},{"type":"Feature","geometry":{"type":"Point","coordinates":[8.9803594,48.6953226]},"properties":{"maxheight":"default"}},{"type":"Feature","geometry":{"type":"Point","coordinates":[8.9796188,48.6944186]},"properties":{"maxheight":"default"}},{"type":"Feature","geometry":{"type":"Point","coordinates":[8.9807807,48.6959144]},"properties":{"maxheight":"default"}},{"type":"Feature","geometry":{"type":"Point","coordinates":[8.9798135,48.6946808]},"properties":{"maxheight":"default"}},{"type":"Feature","geometry":{"type":"Point","coordinates":[8.9808222,48.6962384]},"properties":{"maxheight":"default"}},{"type":"Feature","geometry":{"type":"Point","coordinates":[8.9817871,48.6975675]},"properties":{"maxheight":"default"}},{"type":"Feature","geometry":{"type":"Point","coordinates":[8.9828688,48.6988271]},"properties":{"maxheight":"default"}},{"type":"Feature","geometry":{"type":"Point","coordinates":[8.9837082,48.7001663]},"properties":{"maxheight":"default"}},{"type":"Feature","geometry":{"type":"Point","coordinates":[8.9843834,48.7008509]},"properties":{"maxheight":"default"}},{"type":"Feature","geometry":{"type":"Point","coordinates":[8.9838247,48.7002604]},"properties":{"maxheight":"default"}},{"type":"Feature","geometry":{"type":"Point","coordinates":[8.9846538,48.7014905]},"properties":{"maxheight":"default"}},{"type":"Feature","geometry":{"type":"Point","coordinates":[8.9723268,48.9839224]},"properties":{"maxweight":"7.5"}},{"type":"Feature","geometry":{"type":"Point","coordinates":[8.9725397,48.9838492]},"properties":{"maxweight":"7.5"}},{"type":"Feature","geometry":{"type":"Point","coordinates":[8.1796225,48.809025]},"properties":{"hgv":"no"}},{"type":"Feature","geometry":{"type":"Point","coordinates":[8.5926586,48.7618551]},"properties":{"maxweight":"3.5"}},{"type":"Feature","geometry":{"type":"Point","coordinates":[8.0444737,48.5773177]},"properties":{"hgv":"no"}},{"type":"Feature","geometry":{"type":"Point","coordinates":[8.2480486,48.1028164]},"properties":{"maxweight":"5"}},{"type":"Feature","geometry":{"type":"Point","coordinates":[8.2508108,48.0988291]},"properties":{"maxweight":"5"}},{"type":"Feature","geometry":{"type":"Point","coordinates":[8.9348009,48.656823]},"properties":{"maxweight":"7.5"}},{"type":"Feature","geometry":{"type":"Point","coordinates":[8.3648061,48.9945807]},"properties":{"maxheight":"default"}},{"type":"Feature","geometry":{"type":"Point","coordinates":[8.5623917,48.8333381]},"properties":{"maxweight":"3.5"}},{"type":"Feature","geometry":{"type":"Point","coordinates":[8.5759355,48.8302703]},"properties":{"maxweight":"3.5"}},{"type":"Feature","geometry":{"type":"Point","coordinates":[8.9331625,48.5718287]},"properties":{"maxheight":"default"}},{"type":"Feature","geometry":{"type":"Point","coordinates":[8.9389303,48.6615878]},"properties":{"maxweight":"7.5"}},{"type":"Feature","geometry":{"type":"Point","coordinates":[8.9299859,48.6528392]},"properties":{"maxweight":"7.5"}},{"type":"Feature","geometry":{"type":"Point","coordinates":[8.9302881,48.6531479]},"properties":{"maxweight":"7.5"}},{"type":"Feature","geometry":{"type":"Point","coordinates":[8.929525,48.6520358]},"properties":{"maxweight":"7.5"}},{"type":"Feature","geometry":{"type":"Point","coordinates":[8.9807151,48.7011769]},"properties":{"hgv":"no"}},{"type":"Feature","geometry":{"type":"Point","coordinates":[8.1259461,48.8269713]},"properties":{"maxheight":"none"}},{"type":"Feature","geometry":{"type":"Point","coordinates":[8.5364737,48.2103907]},"properties":{"maxweight":"5"}},{"type":"Feature","geometry":{"type":"Point","coordinates":[8.0809057,48.1148601]},"properties":{"maxweight":"7.5"}},{"type":"Feature","geometry":{"type":"Point","coordinates":[8.5378251,48.0635908]},"properties":{"maxheight":"4"}},{"type":"Feature","geometry":{"type":"Point","coordinates":[8.0952488,48.2678862]},"properties":{"maxweight":"5.5"}},{"type":"Feature","geometry":{"type":"Point","coordinates":[8.551377,48.0448308]},"properties":{"maxheight":"default"}},{"type":"Feature","geometry":{"type":"Point","coordinates":[8.1020793,48.0557883]},"properties":{"maxweight":"16"}},{"type":"Feature","geometry":{"type":"Point","coordinates":[8.1012316,48.0637389]},"properties":{"maxweight":"12"}},{"type":"Feature","geometry":{"type":"Point","coordinates":[8.9659654,48.5325997]},"properties":{"maxheight":"default"}},{"type":"Feature","geometry":{"type":"Point","coordinates":[8.9666597,48.5440814]},"properties":{"maxheight":"default"}},{"type":"Feature","geometry":{"type":"Point","coordinates":[8.0176106,48.0631764]},"properties":{"maxwidth":"2.3"}},{"type":"Feature","geometry":{"type":"Point","coordinates":[8.0388375,48.1506203]},"properties":{"maxweight":"6"}},{"type":"Feature","geometry":{"type":"Point","coordinates":[8.8843978,48.5723291]},"properties":{"hgv":"destination","maxweightrating:hgv":"7.5"}},{"type":"Feature","geometry":{"type":"Point","coordinates":[8.4167434,48.9939781]},"properties":{"maxheight":"default"}},{"type":"Feature","geometry":{"type":"Point","coordinates":[8.42036,48.9945816]},"properties":{"maxheight":"default"}},{"type":"Feature","geometry":{"type":"Point","coordinates":[8.8439201,48.5485789]},"properties":{"hgv":"destination"}},{"type":"Feature","geometry":{"type":"Point","coordinates":[8.8447948,48.548495]},"properties":{"hgv":"destination"}},{"type":"Feature","geometry":{"type":"Point","coordinates":[8.8733976,48.5513278]},"properties":{"hgv":"destination"}},{"type":"Feature","geometry":{"type":"Point","coordinates":[8.8774514,48.5524384]},"properties":{"hgv":"destination"}},{"type":"Feature","geometry":{"type":"Point","coordinates":[8.8807444,48.5524216]},"properties":{"hgv":"destination"}},{"type":"Feature","geometry":{"type":"Point","coordinates":[8.8669042,48.5496216]},"properties":{"hgv":"destination"}},{"type":"Feature","geometry":{"type":"Point","coordinates":[8.8610825,48.5487009]},"properties":{"hgv":"destination"}},{"type":"Feature","geometry":{"type":"Point","coordinates":[8.8515124,48.5475051]},"properties":{"hgv":"destination"}},{"type":"Feature","geometry":{"type":"Point","coordinates":[8.8519797,48.5474958]},"properties":{"hgv":"destination"}},{"type":"Feature","geometry":{"type":"Point","coordinates":[8.8557717,48.5478789]},"properties":{"hgv":"destination"}},{"type":"Feature","geometry":{"type":"Point","coordinates":[8.337544,48.9759764]},"properties":{"maxheight":"2.5"}},{"type":"Feature","geometry":{"type":"Point","coordinates":[8.337316,48.9760216]},"properties":{"maxheight":"2.5"}},{"type":"Feature","geometry":{"type":"Point","coordinates":[8.3368471,48.9755897]},"properties":{"maxheight":"2.5"}},{"type":"Feature","geometry":{"type":"Point","coordinates":[8.3368471,48.9755897]},"properties":{"maxheight":"2.5"}},{"type":"Feature","geometry":{"type":"Point","coordinates":[8.7159279,48.898394]},"properties":{"maxheight":"default"}},{"type":"Feature","geometry":{"type":"Point","coordinates":[8.7157528,48.8984552]},"properties":{"maxheight":"default"}},{"type":"Feature","geometry":{"type":"Point","coordinates":[8.645052,48.7866347]},"properties":{"maxheight":"2.1"}},{"type":"Feature","geometry":{"type":"Point","coordinates":[8.4472112,48.0683706]},"properties":{"maxheight":"below_default"}},{"type":"Feature","geometry":{"type":"Point","coordinates":[8.3260107,48.7888505]},"properties":{"maxheight":"4"}},{"type":"Feature","geometry":{"type":"Point","coordinates":[8.7647775,48.721789]},"properties":{"maxweight":"2.8"}},{"type":"Feature","geometry":{"type":"Point","coordinates":[8.7599897,48.7232189]},"properties":{"maxweight":"2.8"}},{"type":"Feature","geometry":{"type":"Point","coordinates":[8.7762907,48.7418281]},"properties":{"hgv":"destination"}},{"type":"Feature","geometry":{"type":"Point","coordinates":[8.7441577,48.7099403]},"properties":{"maxweight":"2.8"}},{"type":"Feature","geometry":{"type":"Point","coordinates":[8.2556637,48.7460376]},"properties":{"maxheight":"4"}},{"type":"Feature","geometry":{"type":"Point","coordinates":[8.6637175,48.342222]},"properties":{"hgv":"designated"}},{"type":"Feature","geometry":{"type":"Point","coordinates":[8.6638033,48.3421097]},"properties":{"hgv":"designated"}},{"type":"Feature","geometry":{"type":"Point","coordinates":[8.9726587,48.9841347]},"properties":{"maxweight":"7.5"}},{"type":"Feature","geometry":{"type":"Point","coordinates":[8.9098276,48.8158228]},"properties":{"maxheight":"default"}},{"type":"Feature","geometry":{"type":"Point","coordinates":[8.9745196,48.9843449]},"properties":{"maxweight":"7.5"}},{"type":"Feature","geometry":{"type":"Point","coordinates":[8.3853802,48.9567357]},"properties":{"hgv":"destination"}},{"type":"Feature","geometry":{"type":"Point","coordinates":[8.038257,48.6601981]},"properties":{"maxheight":"default"}},{"type":"Feature","geometry":{"type":"Point","coordinates":[8.037018,48.6582561]},"properties":{"maxheight":"default"}},{"type":"Feature","geometry":{"type":"Point","coordinates":[8.0571681,48.6769438]},"properties":{"maxheight":"default"}},{"type":"Feature","geometry":{"type":"Point","coordinates":[8.133903,48.7580307]},"properties":{"maxheight":"default"}},{"type":"Feature","geometry":{"type":"Point","coordinates":[8.1593056,48.7913637]},"properties":{"maxheight":"default"}},{"type":"Feature","geometry":{"type":"Point","coordinates":[8.180472,48.8068211]},"properties":{"hgv":"no"}},{"type":"Feature","geometry":{"type":"Point","coordinates":[8.3047484,48.892964]},"properties":{"maxheight":"default"}},{"type":"Feature","geometry":{"type":"Point","coordinates":[8.3056143,48.8930298]},"properties":{"maxheight":"default"}},{"type":"Feature","geometry":{"type":"Point","coordinates":[8.2446022,48.8607758]},"properties":{"maxheight":"default"}},{"type":"Feature","geometry":{"type":"Point","coordinates":[8.4406869,48.9721502]},"properties":{"maxheight":"default"}},{"type":"Feature","geometry":{"type":"Point","coordinates":[8.6420721,48.9094827]},"properties":{"maxheight":"default"}},{"type":"Feature","geometry":{"type":"Point","coordinates":[8.8661096,48.8298469]},"properties":{"maxheight":"none"}},{"type":"Feature","geometry":{"type":"Point","coordinates":[8.9781958,48.7887536]},"properties":{"maxheight":"default"}},{"type":"Feature","geometry":{"type":"Point","coordinates":[8.6679759,48.886351]},"properties":{"maxheight":"2.7"}},{"type":"Feature","geometry":{"type":"Point","coordinates":[8.2250094,48.1326101]},"properties":{"maxweight":"2.5"}},{"type":"Feature","geometry":{"type":"Point","coordinates":[8.3962527,48.9931576]},"properties":{"maxheight":"1.16","maxwidth":"0.80","maxlength":"1.98"}},{"type":"Feature","geometry":{"type":"Point","coordinates":[8.1425722,48.9812913]},"properties":{"maxweight":"3.5"}},{"type":"Feature","geometry":{"type":"Point","coordinates":[8.9689312,48.6886266]},"properties":{"maxheight":"default"}},{"type":"Feature","geometry":{"type":"Point","coordinates":[8.9689816,48.6873352]},"properties":{"maxheight":"default"}},{"type":"Feature","geometry":{"type":"Point","coordinates":[8.497279,48.0973831]},"properties":{"maxweight":"3.5"}},{"type":"Feature","geometry":{"type":"Point","coordinates":[8.887859,48.5255715]},"properties":{"hgv":"designated"}},{"type":"Feature","geometry":{"type":"Point","coordinates":[8.8880331,48.527083]},"properties":{"maxheight":"default"}},{"type":"Feature","geometry":{"type":"Point","coordinates":[8.4747479,48.0487269]},"properties":{"maxheight":"default"}},{"type":"Feature","geometry":{"type":"Point","coordinates":[8.3758216,48.9752567]},"properties":{"maxheight":"default"}},{"type":"Feature","geometry":{"type":"Point","coordinates":[8.3759607,48.9742163]},"properties":{"maxheight":"default"}},{"type":"Feature","geometry":{"type":"Point","coordinates":[8.375564,48.9763091]},"properties":{"maxheight":"default"}},{"type":"Feature","geometry":{"type":"Point","coordinates":[8.3758534,48.9737612]},"properties":{"maxheight":"default"}},{"type":"Feature","geometry":{"type":"Point","coordinates":[8.3757483,48.9746564]},"properties":{"maxheight":"default"}},{"type":"Feature","geometry":{"type":"Point","coordinates":[8.3755345,48.975853]},"properties":{"maxheight":"default"}},{"type":"Feature","geometry":{"type":"Point","coordinates":[8.3777261,48.9645636]},"properties":{"maxheight":"default"}},{"type":"Feature","geometry":{"type":"Point","coordinates":[8.3281134,48.9810587]},"properties":{"maxweight":"1.0"}},{"type":"Feature","geometry":{"type":"Point","coordinates":[8.5869954,48.3001681]},"properties":{"hgv":"yes"}},{"type":"Feature","geometry":{"type":"Point","coordinates":[8.4476015,48.1515697]},"properties":{"maxweight":"7.5"}},{"type":"Feature","geometry":{"type":"Point","coordinates":[8.4070511,48.9929111]},"properties":{"hgv":"no","maxheight":"2.7"}},{"type":"Feature","geometry":{"type":"Point","coordinates":[8.8728382,48.9533936]},"properties":{"maxheight":"default"}},{"type":"Feature","geometry":{"type":"Point","coordinates":[8.3506049,48.2910641]},"properties":{"hgv":"destination","maxweight":"7.5"}},{"type":"Feature","geometry":{"type":"Point","coordinates":[8.0437041,48.0594587]},"properties":{"maxwidth":"2.3"}},{"type":"Feature","geometry":{"type":"Point","coordinates":[8.441274,48.0703143]},"properties":{"hgv":"no"}},{"type":"Feature","geometry":{"type":"Point","coordinates":[8.7335406,48.2453714]},"properties":{"maxweight":"24"}},{"type":"Feature","geometry":{"type":"Point","coordinates":[8.6426199,48.352424]},"properties":{"hgv":"no","maxweight":"7.5 t"}},{"type":"Feature","geometry":{"type":"Point","coordinates":[8.9390369,48.6459047]},"properties":{"maxheight":"none"}},{"type":"Feature","geometry":{"type":"Point","coordinates":[8.8266441,48.1749524]},"properties":{"hgv":"agricultural;forestry"}},{"type":"Feature","geometry":{"type":"Point","coordinates":[8.2447494,48.75352]},"properties":{"maxheight":"none"}},{"type":"Feature","geometry":{"type":"Point","coordinates":[8.2447787,48.7535993]},"properties":{"maxheight":"none"}},{"type":"Feature","geometry":{"type":"Point","coordinates":[8.6314643,48.1794543]},"properties":{"maxheight":"3"}},{"type":"Feature","geometry":{"type":"Point","coordinates":[8.6314128,48.1796419]},"properties":{"maxheight":"3"}},{"type":"Feature","geometry":{"type":"Point","coordinates":[8.8984938,48.2977561]},"properties":{"hgv":"no"}},{"type":"Feature","geometry":{"type":"Point","coordinates":[8.8956434,48.2968127]},"properties":{"hgv":"no"}},{"type":"Feature","geometry":{"type":"Point","coordinates":[8.7684003,48.5331421]},"properties":{"maxweightrating:hgv":"7.5"}},{"type":"Feature","geometry":{"type":"Point","coordinates":[8.4686458,48.8458244]},"properties":{"hgv":"no"}},{"type":"Feature","geometry":{"type":"Point","coordinates":[8.6486248,48.8990768]},"properties":{"maxweight":"2.8"}},{"type":"Feature","geometry":{"type":"Point","coordinates":[8.9396769,48.9929983]},"properties":{"maxheight":"3.8"}},{"type":"Feature","geometry":{"type":"Point","coordinates":[8.0612578,48.7330386]},"properties":{"hgv":"destination","maxweight":"7.5"}},{"type":"Feature","geometry":{"type":"Point","coordinates":[8.4393598,48.9971625]},"properties":{"hgv":"yes"}},{"type":"Feature","geometry":{"type":"Point","coordinates":[8.7900536,48.6703533]},"properties":{"maxweight":"7.5"}},{"type":"Feature","geometry":{"type":"Point","coordinates":[8.7901521,48.6703324]},"properties":{"maxweight":"7.5"}},{"type":"Feature","geometry":{"type":"Point","coordinates":[8.8937578,48.642545]},"properties":{"hgv":"destination","maxweight":"7.5"}},{"type":"Feature","geometry":{"type":"Point","coordinates":[8.8857481,48.2956606]},"properties":{"maxweight":"6"}},{"type":"Feature","geometry":{"type":"Point","coordinates":[8.884417,48.2961326]},"properties":{"maxweight":"6"}},{"type":"Feature","geometry":{"type":"Point","coordinates":[8.2949433,48.9585426]},"properties":{"maxheight":"3.5"}},{"type":"Feature","geometry":{"type":"Point","coordinates":[8.3987993,48.9892011]},"properties":{"maxheight":"4.5"}},{"type":"Feature","geometry":{"type":"Point","coordinates":[8.1920168,48.1884333]},"properties":{"hgv":"agricultural"}},{"type":"Feature","geometry":{"type":"Point","coordinates":[8.1947651,48.1894724]},"properties":{"hgv":"agricultural"}},{"type":"Feature","geometry":{"type":"Point","coordinates":[8.1992675,48.1862574]},"properties":{"hgv":"agricultural"}},{"type":"Feature","geometry":{"type":"Point","coordinates":[8.5151794,48.1637549]},"properties":{"maxweight":"3.5"}},{"type":"Feature","geometry":{"type":"Point","coordinates":[8.5140529,48.1609499]},"properties":{"maxweight":"3.5"}},{"type":"Feature","geometry":{"type":"Point","coordinates":[8.541435,48.0621432]},"properties":{"maxweight":"12"}},{"type":"Feature","geometry":{"type":"Point","coordinates":[8.6678387,48.9004976]},"properties":{"maxheight":"2.1","maxweight":"2.5"}},{"type":"Feature","geometry":{"type":"Point","coordinates":[8.6681173,48.9005083]},"properties":{"maxheight":"2.1","maxweight":"2.5"}},{"type":"Feature","geometry":{"type":"Point","coordinates":[8.6678763,48.9005408]},"properties":{"maxheight":"2.1","maxweight":"2.5"}},{"type":"Feature","geometry":{"type":"Point","coordinates":[8.6679874,48.9005356]},"properties":{"maxheight":"2.1","maxweight":"2.5"}},{"type":"Feature","geometry":{"type":"Point","coordinates":[8.6679755,48.9004042]},"properties":{"maxheight":"2.1","maxweight":"2.5"}},{"type":"Feature","geometry":{"type":"Point","coordinates":[8.6682638,48.9011359]},"properties":{"maxheight":"2.1","maxweight":"2.5"}},{"type":"Feature","geometry":{"type":"Point","coordinates":[8.3798489,48.9868905]},"properties":{"hgv":"destination"}},{"type":"Feature","geometry":{"type":"Point","coordinates":[8.7139845,48.9011587]},"properties":{"maxweight":"2"}},{"type":"Feature","geometry":{"type":"Point","coordinates":[8.7296024,48.9004945]},"properties":{"maxheight":"default"}},{"type":"Feature","geometry":{"type":"Point","coordinates":[8.7296024,48.9004945]},"properties":{"maxheight":"default"}},{"type":"Feature","geometry":{"type":"Point","coordinates":[8.8841989,48.6422433]},"properties":{"maxweight":"7.5"}},{"type":"Feature","geometry":{"type":"Point","coordinates":[8.5049601,48.1036207]},"properties":{"maxwidth":"2"}},{"type":"Feature","geometry":{"type":"Point","coordinates":[8.7381982,48.9046104]},"properties":{"hgv":"no"}},{"type":"Feature","geometry":{"type":"Point","coordinates":[8.5682498,48.2892881]},"properties":{"maxheight":"2"}},{"type":"Feature","geometry":{"type":"Point","coordinates":[8.733043,48.7486878]},"properties":{"maxheight":"3.2"}},{"type":"Feature","geometry":{"type":"Point","coordinates":[8.7505067,48.7084542]},"properties":{"maxweight":"2.8"}},{"type":"Feature","geometry":{"type":"Point","coordinates":[8.7468005,48.7114642]},"properties":{"maxweight":"2.8"}},{"type":"Feature","geometry":{"type":"Point","coordinates":[8.6969446,48.8370291]},"properties":{"maxweight":"3.0"}},{"type":"Feature","geometry":{"type":"Point","coordinates":[8.9617731,48.2564287]},"properties":{"maxheight":"3.7"}},{"type":"Feature","geometry":{"type":"Point","coordinates":[8.9638042,48.2566635]},"properties":{"maxheight":"3.7"}},{"type":"Feature","geometry":{"type":"Point","coordinates":[8.0368427,48.659291]},"properties":{"hgv":"designated"}},{"type":"Feature","geometry":{"type":"Point","coordinates":[8.0368092,48.6592478]},"properties":{"hgv":"designated"}},{"type":"Feature","geometry":{"type":"Point","coordinates":[8.0368092,48.6592478]},"properties":{"hgv":"designated"}},{"type":"Feature","geometry":{"type":"Point","coordinates":[8.0367138,48.6591248]},"properties":{"hgv":"designated"}},{"type":"Feature","geometry":{"type":"Point","coordinates":[8.0366826,48.6590844]},"properties":{"hgv":"designated"}},{"type":"Feature","geometry":{"type":"Point","coordinates":[8.0366513,48.6590441]},"properties":{"hgv":"designated"}},{"type":"Feature","geometry":{"type":"Point","coordinates":[8.03662,48.6590038]},"properties":{"hgv":"designated"}},{"type":"Feature","geometry":{"type":"Point","coordinates":[8.0365888,48.6589634]},"properties":{"hgv":"designated"}},{"type":"Feature","geometry":{"type":"Point","coordinates":[8.0365575,48.6589231]},"properties":{"hgv":"designated"}},{"type":"Feature","geometry":{"type":"Point","coordinates":[8.0365263,48.6588828]},"properties":{"hgv":"designated"}},{"type":"Feature","geometry":{"type":"Point","coordinates":[8.0365263,48.6588828]},"properties":{"hgv":"designated"}},{"type":"Feature","geometry":{"type":"Point","coordinates":[8.0364406,48.6587722]},"properties":{"hgv":"designated"}},{"type":"Feature","geometry":{"type":"Point","coordinates":[8.0364088,48.6587313]},"properties":{"hgv":"designated"}},{"type":"Feature","geometry":{"type":"Point","coordinates":[8.0363771,48.6586903]},"properties":{"hgv":"designated"}},{"type":"Feature","geometry":{"type":"Point","coordinates":[8.0363454,48.6586494]},"properties":{"hgv":"designated"}},{"type":"Feature","geometry":{"type":"Point","coordinates":[8.0363136,48.6586084]},"properties":{"hgv":"designated"}},{"type":"Feature","geometry":{"type":"Point","coordinates":[8.0362819,48.6585675]},"properties":{"hgv":"designated"}},{"type":"Feature","geometry":{"type":"Point","coordinates":[8.0362501,48.6585265]},"properties":{"hgv":"designated"}},{"type":"Feature","geometry":{"type":"Point","coordinates":[8.0362501,48.6585265]},"properties":{"hgv":"designated"}},{"type":"Feature","geometry":{"type":"Point","coordinates":[8.0361599,48.6584101]},"properties":{"hgv":"designated"}},{"type":"Feature","geometry":{"type":"Point","coordinates":[8.0361284,48.6583695]},"properties":{"hgv":"designated"}},{"type":"Feature","geometry":{"type":"Point","coordinates":[8.0360969,48.6583288]},"properties":{"hgv":"designated"}},{"type":"Feature","geometry":{"type":"Point","coordinates":[8.0360654,48.6582882]},"properties":{"hgv":"designated"}},{"type":"Feature","geometry":{"type":"Point","coordinates":[8.0360339,48.6582476]},"properties":{"hgv":"designated"}},{"type":"Feature","geometry":{"type":"Point","coordinates":[8.0360024,48.658207]},"properties":{"hgv":"designated"}},{"type":"Feature","geometry":{"type":"Point","coordinates":[8.0360024,48.658207]},"properties":{"hgv":"designated"}},{"type":"Feature","geometry":{"type":"Point","coordinates":[8.035971,48.6581663]},"properties":{"hgv":"designated"}},{"type":"Feature","geometry":{"type":"Point","coordinates":[8.0358765,48.6580445]},"properties":{"hgv":"designated"}},{"type":"Feature","geometry":{"type":"Point","coordinates":[8.035845,48.6580039]},"properties":{"hgv":"designated"}},{"type":"Feature","geometry":{"type":"Point","coordinates":[8.0358135,48.6579632]},"properties":{"hgv":"designated"}},{"type":"Feature","geometry":{"type":"Point","coordinates":[8.035782,48.6579226]},"properties":{"hgv":"designated"}},{"type":"Feature","geometry":{"type":"Point","coordinates":[8.0357506,48.657882]},"properties":{"hgv":"designated"}},{"type":"Feature","geometry":{"type":"Point","coordinates":[8.0357191,48.6578414]},"properties":{"hgv":"designated"}},{"type":"Feature","geometry":{"type":"Point","coordinates":[8.0356876,48.6578007]},"properties":{"hgv":"designated"}},{"type":"Feature","geometry":{"type":"Point","coordinates":[8.9706022,48.6880603]},"properties":{"maxheight":"default"}},{"type":"Feature","geometry":{"type":"Point","coordinates":[8.9704441,48.6880229]},"properties":{"maxheight":"default"}},{"type":"Feature","geometry":{"type":"Point","coordinates":[8.3054588,48.9499393]},"properties":{"maxheight":"default"}},{"type":"Feature","geometry":{"type":"Point","coordinates":[8.7347753,48.7737726]},"properties":{"maxheight":"default"}},{"type":"Feature","geometry":{"type":"Point","coordinates":[8.7348537,48.7737704]},"properties":{"maxheight":"default"}},{"type":"Feature","geometry":{"type":"Point","coordinates":[8.8237792,48.760498]},"properties":{"maxweight":"7.5"}},{"type":"Feature","geometry":{"type":"Point","coordinates":[8.0415979,48.0398731]},"properties":{"maxwidth":"2.3"}},{"type":"Feature","geometry":{"type":"Point","coordinates":[8.4024522,48.9734824]},"properties":{"maxweight":"3"}},{"type":"Feature","geometry":{"type":"Point","coordinates":[8.0001946,48.0780879]},"properties":{"maxwidth":"2.3"}},{"type":"Feature","geometry":{"type":"Point","coordinates":[8.0129709,48.0712926]},"properties":{"maxwidth":"2.3"}},{"type":"Feature","geometry":{"type":"Point","coordinates":[8.010557,48.0687192]},"properties":{"maxwidth":"2.3"}},{"type":"Feature","geometry":{"type":"Point","coordinates":[8.5121311,48.9339413]},"properties":{"maxwidth":"3"}},{"type":"Feature","geometry":{"type":"Point","coordinates":[8.4086019,48.8649618]},"properties":{"maxweight":"9"}},{"type":"Feature","geometry":{"type":"Point","coordinates":[8.2861286,48.8646909]},"properties":{"hgv":"destination"}},{"type":"Feature","geometry":{"type":"Point","coordinates":[8.003159,48.7201718]},"properties":{"hgv":"no"}},{"type":"Feature","geometry":{"type":"Point","coordinates":[8.245497,48.8566472]},"properties":{"maxweight":"7.5"}},{"type":"Feature","geometry":{"type":"Point","coordinates":[8.403134,48.9724674]},"properties":{"hgv":"delivery"}},{"type":"Feature","geometry":{"type":"Point","coordinates":[8.8034846,48.3651943]},"properties":{"maxweight":"2"}},{"type":"Feature","geometry":{"type":"Point","coordinates":[8.6391367,48.3635548]},"properties":{"hgv":"no"}},{"type":"Feature","geometry":{"type":"Point","coordinates":[8.9510562,48.6186507]},"properties":{"hgv":"destination"}},{"type":"Feature","geometry":{"type":"Point","coordinates":[8.8522552,48.5902822]},"properties":{"maxheight":"3.3"}},{"type":"Feature","geometry":{"type":"Point","coordinates":[8.9414901,48.3877897]},"properties":{"hgv":"no","goods":"no","maxwidth":"2.5"}},{"type":"Feature","geometry":{"type":"Point","coordinates":[8.0942537,48.795326]},"properties":{"maxheight":"3.5"}},{"type":"Feature","geometry":{"type":"Point","coordinates":[8.0387293,48.0375447]},"properties":{"maxwidth":"2.3"}},{"type":"Feature","geometry":{"type":"Point","coordinates":[8.9460507,48.6540296]},"properties":{"maxheight":"4.3"}},{"type":"Feature","geometry":{"type":"Point","coordinates":[8.946051,48.6541523]},"properties":{"maxheight":"4.3"}},{"type":"Feature","geometry":{"type":"Point","coordinates":[8.4640508,48.9973697]},"properties":{"maxheight":"below_default"}},{"type":"Feature","geometry":{"type":"Point","coordinates":[8.4640508,48.9973697]},"properties":{"maxheight":"below_default"}},{"type":"Feature","geometry":{"type":"Point","coordinates":[8.4636632,48.9970269]},"properties":{"maxheight":"2.9"}},{"type":"Feature","geometry":{"type":"Point","coordinates":[8.7058622,48.8935488]},"properties":{"maxheight":"default"}},{"type":"Feature","geometry":{"type":"Point","coordinates":[8.7058689,48.8936341]},"properties":{"maxheight":"default"}},{"type":"Feature","geometry":{"type":"Point","coordinates":[8.7058798,48.8937348]},"properties":{"maxheight":"default"}},{"type":"Feature","geometry":{"type":"Point","coordinates":[8.7051733,48.8936435]},"properties":{"maxheight":"default"}},{"type":"Feature","geometry":{"type":"Point","coordinates":[8.7055499,48.8935523]},"properties":{"maxheight":"default"}},{"type":"Feature","geometry":{"type":"Point","coordinates":[8.7051873,48.8937472]},"properties":{"maxheight":"default"}},{"type":"Feature","geometry":{"type":"Point","coordinates":[8.7049815,48.8937527]},"properties":{"maxheight":"default"}},{"type":"Feature","geometry":{"type":"Point","coordinates":[8.6194946,48.9498622]},"properties":{"maxheight":"3.4"}},{"type":"Feature","geometry":{"type":"Point","coordinates":[8.2385686,48.8607959]},"properties":{"maxheight":"default"}},{"type":"Feature","geometry":{"type":"Point","coordinates":[8.2556236,48.6263626]},"properties":{"maxweight":"30"}},{"type":"Feature","geometry":{"type":"Point","coordinates":[8.9062958,48.6152298]},"properties":{"maxheight":"default"}},{"type":"Feature","geometry":{"type":"Point","coordinates":[8.9062641,48.6150606]},"properties":{"maxheight":"default"}},{"type":"Feature","geometry":{"type":"Point","coordinates":[8.9063313,48.6150206]},"properties":{"maxheight":"default"}},{"type":"Feature","geometry":{"type":"Point","coordinates":[8.9062998,48.6148983]},"properties":{"maxheight":"default"}},{"type":"Feature","geometry":{"type":"Point","coordinates":[8.9063313,48.6150206]},"properties":{"maxheight":"default"}},{"type":"Feature","geometry":{"type":"Point","coordinates":[8.0313109,48.0163818]},"properties":{"maxweight":"2.8"}},{"type":"Feature","geometry":{"type":"Point","coordinates":[8.0323466,48.0178222]},"properties":{"maxweight":"2.8"}},{"type":"Feature","geometry":{"type":"Point","coordinates":[8.8387391,48.8389187]},"properties":{"maxheight":"5"}},{"type":"Feature","geometry":{"type":"Point","coordinates":[8.2470417,48.1396981]},"properties":{"maxweight":"3.5"}},{"type":"Feature","geometry":{"type":"Point","coordinates":[8.2455511,48.1379288]},"properties":{"maxweight":"3.5"}},{"type":"Feature","geometry":{"type":"Point","coordinates":[8.3963783,48.3399064]},"properties":{"maxweight":"5.5"}},{"type":"Feature","geometry":{"type":"Point","coordinates":[8.2292238,48.8379133]},"properties":{"maxheight":"none"}},{"type":"Feature","geometry":{"type":"Point","coordinates":[8.4972382,48.9034271]},"properties":{"maxweight":"7.5"}},{"type":"Feature","geometry":{"type":"Point","coordinates":[8.495885,48.9028514]},"properties":{"maxweight":"7.5"}},{"type":"Feature","geometry":{"type":"Point","coordinates":[8.5062249,48.9163709]},"properties":{"maxweight":"7.5"}},{"type":"Feature","geometry":{"type":"Point","coordinates":[8.5061652,48.9165653]},"properties":{"maxweight":"7.5"}},{"type":"Feature","geometry":{"type":"Point","coordinates":[8.5053672,48.916913]},"properties":{"hgv":"destination","maxweight":"7.5"}},{"type":"Feature","geometry":{"type":"Point","coordinates":[8.505366,48.9169685]},"properties":{"hgv":"destination","maxweight":"7.5"}},{"type":"Feature","geometry":{"type":"Point","coordinates":[8.4994825,48.9057029]},"properties":{"maxweight":"7.5"}},{"type":"Feature","geometry":{"type":"Point","coordinates":[8.435019,48.8013481]},"properties":{"maxheight":"2.2"}},{"type":"Feature","geometry":{"type":"Point","coordinates":[8.4966898,48.9031689]},"properties":{"maxweight":"7.5"}},{"type":"Feature","geometry":{"type":"Point","coordinates":[8.6839323,48.4411714]},"properties":{"maxheight":"2.2"}},{"type":"Feature","geometry":{"type":"Point","coordinates":[8.2765692,48.9321249]},"properties":{"maxheight":"4.0"}},{"type":"Feature","geometry":{"type":"Point","coordinates":[8.2661854,48.8293049]},"properties":{"maxheight":"2.2"}},{"type":"Feature","geometry":{"type":"Point","coordinates":[8.3769149,48.9888516]},"properties":{"hgv":"destination"}},{"type":"Feature","geometry":{"type":"Point","coordinates":[8.765856,48.7082861]},"properties":{"maxheight":"default"}},{"type":"Feature","geometry":{"type":"Point","coordinates":[8.8861008,48.2954606]},"properties":{"maxweight":"6"}},{"type":"Feature","geometry":{"type":"Point","coordinates":[8.7462062,48.8562404]},"properties":{"maxwidth":"2.5","maxweight":"2"}},{"type":"Feature","geometry":{"type":"Point","coordinates":[8.7415832,48.862483]},"properties":{"maxwidth":"2.5","maxweight":"2"}},{"type":"Feature","geometry":{"type":"Point","coordinates":[8.3873897,48.9895993]},"properties":{"hgv":"destination"}},{"type":"Feature","geometry":{"type":"Point","coordinates":[8.3724509,48.9760849]},"properties":{"maxweight":"16"}},{"type":"Feature","geometry":{"type":"Point","coordinates":[8.3725586,48.9741539]},"properties":{"maxweight":"16"}},{"type":"Feature","geometry":{"type":"Point","coordinates":[8.7571708,48.8831281]},"properties":{"maxweight":"2.8"}},{"type":"Feature","geometry":{"type":"Point","coordinates":[8.7574515,48.8838792]},"properties":{"maxweight":"2.8"}},{"type":"Feature","geometry":{"type":"Point","coordinates":[8.4520251,48.9279859]},"properties":{"hgv":"destination"}},{"type":"Feature","geometry":{"type":"Point","coordinates":[8.4519061,48.9280465]},"properties":{"hgv":"destination"}},{"type":"Feature","geometry":{"type":"Point","coordinates":[8.4525599,48.9278096]},"properties":{"hgv":"destination"}},{"type":"Feature","geometry":{"type":"Point","coordinates":[8.4521422,48.9278438]},"properties":{"hgv":"destination"}},{"type":"Feature","geometry":{"type":"Point","coordinates":[8.4523132,48.9279048]},"properties":{"hgv":"destination"}},{"type":"Feature","geometry":{"type":"Point","coordinates":[8.0855485,48.7247817]},"properties":{"maxweight":"6"}},{"type":"Feature","geometry":{"type":"Point","coordinates":[8.4677782,48.9999265]},"properties":{"hgv":"destination","maxheight":"4.5"}},{"type":"Feature","geometry":{"type":"Point","coordinates":[8.4487566,48.9931816]},"properties":{"maxheight":"4.2"}},{"type":"Feature","geometry":{"type":"Point","coordinates":[8.4484977,48.993217]},"properties":{"maxheight":"4.2"}},{"type":"Feature","geometry":{"type":"Point","coordinates":[8.432843,48.9971229]},"properties":{"maxheight":"4"}},{"type":"Feature","geometry":{"type":"Point","coordinates":[8.3662922,48.9862585]},"properties":{"maxheight":"default"}},{"type":"Feature","geometry":{"type":"Point","coordinates":[8.3681218,48.9813693]},"properties":{"maxheight":"default"}},{"type":"Feature","geometry":{"type":"Point","coordinates":[8.3900254,48.9953397]},"properties":{"maxheight":"2.35"}},{"type":"Feature","geometry":{"type":"Point","coordinates":[8.3900096,48.9959291]},"properties":{"maxheight":"2.35"}},{"type":"Feature","geometry":{"type":"Point","coordinates":[8.3915048,48.9963145]},"properties":{"maxheight":"default"}},{"type":"Feature","geometry":{"type":"Point","coordinates":[8.8387156,48.3015931]},"properties":{"maxweight":"3.0"}},{"type":"Feature","geometry":{"type":"Point","coordinates":[8.2093266,48.9345086]},"properties":{"maxheight":"3.5"}},{"type":"Feature","geometry":{"type":"Point","coordinates":[8.1789364,48.7772876]},"properties":{"hgv":"no","maxweight":"2.4"}},{"type":"Feature","geometry":{"type":"Point","coordinates":[8.1744774,48.7748141]},"properties":{"hgv":"destination","maxheight":"none"}},{"type":"Feature","geometry":{"type":"Point","coordinates":[8.1777603,48.7779789]},"properties":{"hgv":"destination","maxheight":"none"}},{"type":"Feature","geometry":{"type":"Point","coordinates":[8.1755493,48.7759292]},"properties":{"hgv":"destination","maxheight":"none"}},{"type":"Feature","geometry":{"type":"Point","coordinates":[8.491595,48.0982043]},"properties":{"maxweight":"3.5"}},{"type":"Feature","geometry":{"type":"Point","coordinates":[8.398172,48.9939564]},"properties":{"maxheight":"1.9"}},{"type":"Feature","geometry":{"type":"Point","coordinates":[8.1686091,48.4766497]},"properties":{"maxheight":"3.8"}},{"type":"Feature","geometry":{"type":"Point","coordinates":[8.5337011,48.0633025]},"properties":{"hgv":"no","maxheight":"2"}},{"type":"Feature","geometry":{"type":"Point","coordinates":[8.7025673,48.0987765]},"properties":{"maxheight":"none"}},{"type":"Feature","geometry":{"type":"Point","coordinates":[8.8656902,48.7451049]},"properties":{"hgv":"agricultural;forestry"}},{"type":"Feature","geometry":{"type":"Point","coordinates":[8.8643389,48.7441072]},"properties":{"hgv":"agricultural;forestry"}},{"type":"Feature","geometry":{"type":"Point","coordinates":[8.9040716,48.7748922]},"properties":{"hgv":"delivery"}},{"type":"Feature","geometry":{"type":"Point","coordinates":[8.4655821,48.3298313]},"properties":{"maxheight":"3","maxweight":"3.5"}},{"type":"Feature","geometry":{"type":"Point","coordinates":[8.75967,48.1634017]},"properties":{"maxweight":"1.5"}},{"type":"Feature","geometry":{"type":"Point","coordinates":[8.8270962,48.7787258]},"properties":{"hgv":"destination;agricultural"}},{"type":"Feature","geometry":{"type":"Point","coordinates":[8.9223965,48.7722425]},"properties":{"maxheight":"default"}},{"type":"Feature","geometry":{"type":"Point","coordinates":[8.4997651,48.0643014]},"properties":{"maxheight":"2"}},{"type":"Feature","geometry":{"type":"Point","coordinates":[8.4997326,48.0639167]},"properties":{"maxheight":"2"}},{"type":"Feature","geometry":{"type":"Point","coordinates":[8.499892,48.063628]},"properties":{"maxheight":"2"}},{"type":"Feature","geometry":{"type":"Point","coordinates":[8.5389988,48.0461117]},"properties":{"maxheight":"default"}},{"type":"Feature","geometry":{"type":"Point","coordinates":[8.1973643,48.0465048]},"properties":{"maxheight":"3.9"}},{"type":"Feature","geometry":{"type":"Point","coordinates":[8.1973632,48.046582]},"properties":{"maxheight":"3.9"}},{"type":"Feature","geometry":{"type":"Point","coordinates":[8.1972636,48.0465434]},"properties":{"maxheight":"3.9"}},{"type":"Feature","geometry":{"type":"Point","coordinates":[8.228011,48.0244226]},"properties":{"maxlength":"8.50"}},{"type":"Feature","geometry":{"type":"Point","coordinates":[8.4382604,48.9168151]},"properties":{"hgv":"no"}},{"type":"Feature","geometry":{"type":"Point","coordinates":[8.8518476,48.7214317]},"properties":{"maxweight":"6"}},{"type":"Feature","geometry":{"type":"Point","coordinates":[8.8498065,48.7201046]},"properties":{"maxweight":"6"}},{"type":"Feature","geometry":{"type":"Point","coordinates":[8.8487752,48.7243717]},"properties":{"maxweight":"6"}},{"type":"Feature","geometry":{"type":"Point","coordinates":[8.5241361,48.0158727]},"properties":{"maxheight":"default"}},{"type":"Feature","geometry":{"type":"Point","coordinates":[8.2744261,48.9387684]},"properties":{"maxheight":"3.6"}},{"type":"Feature","geometry":{"type":"Point","coordinates":[8.5779187,48.0498985]},"properties":{"maxweight":"6"}},{"type":"Feature","geometry":{"type":"Point","coordinates":[8.5762702,48.0483262]},"properties":{"maxweight":"6"}},{"type":"Feature","geometry":{"type":"Point","coordinates":[8.9624545,48.3492582]},"properties":{"maxweight":"2.8"}},{"type":"Feature","geometry":{"type":"Point","coordinates":[8.3678783,48.9815495]},"properties":{"maxheight":"2.1"}},{"type":"Feature","geometry":{"type":"Point","coordinates":[8.8428937,48.6767007]},"properties":{"hgv":"agricultural;forestry","maxwidth":"3.5"}},{"type":"Feature","geometry":{"type":"Point","coordinates":[8.8393927,48.6746674]},"properties":{"hgv":"agricultural;forestry","maxwidth":"3.5"}},{"type":"Feature","geometry":{"type":"Point","coordinates":[8.139501,48.0083736]},"properties":{"maxweight":"16"}},{"type":"Feature","geometry":{"type":"Point","coordinates":[8.3020043,48.8082095]},"properties":{"maxlength":"10"}},{"type":"Feature","geometry":{"type":"Point","coordinates":[8.9088138,48.814287]},"properties":{"maxweight":"2.8"}},{"type":"Feature","geometry":{"type":"Point","coordinates":[8.935112,48.4887646]},"properties":{"maxheight":"default"}},{"type":"Feature","geometry":{"type":"Point","coordinates":[8.949979,48.4869875]},"properties":{"maxheight":"default"}},{"type":"Feature","geometry":{"type":"Point","coordinates":[8.9508051,48.4843263]},"properties":{"maxheight":"default"}},{"type":"Feature","geometry":{"type":"Point","coordinates":[8.9061414,48.5798034]},"properties":{"maxheight":"default"}},{"type":"Feature","geometry":{"type":"Point","coordinates":[8.8762632,48.5688121]},"properties":{"maxheight":"default"}},{"type":"Feature","geometry":{"type":"Point","coordinates":[8.890861,48.5687601]},"properties":{"maxheight":"default"}},{"type":"Feature","geometry":{"type":"Point","coordinates":[8.8990372,48.5696724]},"properties":{"maxheight":"default"}},{"type":"Feature","geometry":{"type":"Point","coordinates":[8.3845774,48.9998761]},"properties":{"maxheight":"2"}},{"type":"Feature","geometry":{"type":"Point","coordinates":[8.9481557,48.7675792]},"properties":{"hgv":"no"}},{"type":"Feature","geometry":{"type":"Point","coordinates":[8.9482675,48.76817]},"properties":{"hgv":"no"}},{"type":"Feature","geometry":{"type":"Point","coordinates":[8.948369,48.7680844]},"properties":{"hgv":"no"}},{"type":"Feature","geometry":{"type":"Point","coordinates":[8.9486808,48.768426]},"properties":{"hgv":"no"}},{"type":"Feature","geometry":{"type":"Point","coordinates":[8.9483542,48.7680523]},"properties":{"hgv":"no"}},{"type":"Feature","geometry":{"type":"Point","coordinates":[8.7470333,48.7134263]},"properties":{"maxheight":"2.2"}},{"type":"Feature","geometry":{"type":"Point","coordinates":[8.690829,48.4449209]},"properties":{"maxheight":"2"}},{"type":"Feature","geometry":{"type":"Point","coordinates":[8.5315927,48.0627976]},"properties":{"hgv":"delivery"}},{"type":"Feature","geometry":{"type":"Point","coordinates":[8.3208004,48.7073184]},"properties":{"hgv":"no"}},{"type":"Feature","geometry":{"type":"Point","coordinates":[8.9332098,48.4779388]},"properties":{"maxheight":"2.5"}},{"type":"Feature","geometry":{"type":"Point","coordinates":[8.0370709,48.6412967]},"properties":{"hgv":"delivery"}},{"type":"Feature","geometry":{"type":"Point","coordinates":[8.2545557,48.4768558]},"properties":{"maxweight":"6"}},{"type":"Feature","geometry":{"type":"Point","coordinates":[8.6899205,48.4420921]},"properties":{"maxheight":"none"}},{"type":"Feature","geometry":{"type":"Point","coordinates":[8.6870185,48.4528098]},"properties":{"maxheight":"none"}},{"type":"Feature","geometry":{"type":"Point","coordinates":[8.7161822,48.4655673]},"properties":{"maxheight":"none"}},{"type":"Feature","geometry":{"type":"Point","coordinates":[8.6983077,48.4510242]},"properties":{"maxheight":"none"}},{"type":"Feature","geometry":{"type":"Point","coordinates":[8.6972616,48.4524965]},"properties":{"maxheight":"none"}},{"type":"Feature","geometry":{"type":"Point","coordinates":[8.6982883,48.4525829]},"properties":{"maxheight":"none"}},{"type":"Feature","geometry":{"type":"Point","coordinates":[8.6973631,48.4519522]},"properties":{"maxheight":"none"}},{"type":"Feature","geometry":{"type":"Point","coordinates":[8.6983871,48.4520527]},"properties":{"maxheight":"none"}},{"type":"Feature","geometry":{"type":"Point","coordinates":[8.6974665,48.4513975]},"properties":{"maxheight":"none"}},{"type":"Feature","geometry":{"type":"Point","coordinates":[8.6984949,48.4514748]},"properties":{"maxheight":"none"}},{"type":"Feature","geometry":{"type":"Point","coordinates":[8.698958,48.4547565]},"properties":{"maxheight":"none"}},{"type":"Feature","geometry":{"type":"Point","coordinates":[8.687601,48.4491238]},"properties":{"maxheight":"none"}},{"type":"Feature","geometry":{"type":"Point","coordinates":[8.6830657,48.4509204]},"properties":{"maxheight":"none"}},{"type":"Feature","geometry":{"type":"Point","coordinates":[8.352749,48.7357719]},"properties":{"maxheight":"none"}},{"type":"Feature","geometry":{"type":"Point","coordinates":[8.7008653,48.4597716]},"properties":{"maxheight":"none"}},{"type":"Feature","geometry":{"type":"Point","coordinates":[8.9383234,48.6614476]},"properties":{"maxweight":"7.5"}},{"type":"Feature","geometry":{"type":"Point","coordinates":[8.9503545,48.691612]},"properties":{"hgv":"no","maxweight":"7.5"}},{"type":"Feature","geometry":{"type":"Point","coordinates":[8.902389,48.85229]},"properties":{"hgv":"private"}},{"type":"Feature","geometry":{"type":"Point","coordinates":[8.9649028,48.8788226]},"properties":{"maxwidth":"2.4"}},{"type":"Feature","geometry":{"type":"Point","coordinates":[8.9689099,48.6889526]},"properties":{"maxheight":"default"}},{"type":"Feature","geometry":{"type":"Point","coordinates":[8.9663362,48.7006002]},"properties":{"maxheight":"default"}},{"type":"Feature","geometry":{"type":"Point","coordinates":[8.9667059,48.6962033]},"properties":{"maxheight":"default"}},{"type":"Feature","geometry":{"type":"Point","coordinates":[8.7241289,48.9222349]},"properties":{"hgv":"yes"}},{"type":"Feature","geometry":{"type":"Point","coordinates":[8.9721565,48.7813178]},"properties":{"maxheight":"default"}},{"type":"Feature","geometry":{"type":"Point","coordinates":[8.9710365,48.7807896]},"properties":{"maxheight":"default"}},{"type":"Feature","geometry":{"type":"Point","coordinates":[8.3790073,48.9474198]},"properties":{"hgv":"no"}},{"type":"Feature","geometry":{"type":"Point","coordinates":[8.3791111,48.947401]},"properties":{"hgv":"no"}},{"type":"Feature","geometry":{"type":"Point","coordinates":[8.3791911,48.9473879]},"properties":{"hgv":"no"}},{"type":"Feature","geometry":{"type":"Point","coordinates":[8.4349259,48.9715227]},"properties":{"maxheight":"default"}},{"type":"Feature","geometry":{"type":"Point","coordinates":[8.4546527,48.9775288]},"properties":{"maxheight":"3.3"}},{"type":"Feature","geometry":{"type":"Point","coordinates":[8.2188416,48.1210907]},"properties":{"maxweight":"1.5"}},{"type":"Feature","geometry":{"type":"Point","coordinates":[8.0272756,48.5010435]},"properties":{"maxheight":"3"}},{"type":"Feature","geometry":{"type":"Point","coordinates":[8.6827052,48.4441303]},"properties":{"maxweight":"3.5"}},{"type":"Feature","geometry":{"type":"Point","coordinates":[8.9959392,48.6806939]},"properties":{"maxheight":"default"}},{"type":"Feature","geometry":{"type":"Point","coordinates":[8.9927532,48.6796151]},"properties":{"maxweight":"7.5"}},{"type":"Feature","geometry":{"type":"Point","coordinates":[8.1132541,48.8478211]},"properties":{"hgv":"no","maxweightrating":"7.5"}},{"type":"Feature","geometry":{"type":"Point","coordinates":[8.117223,48.8469952]},"properties":{"hgv":"no"}},{"type":"Feature","geometry":{"type":"Point","coordinates":[8.1315369,48.6968868]},"properties":{"maxweight":"3"}},{"type":"Feature","geometry":{"type":"Point","coordinates":[8.1311136,48.6970472]},"properties":{"maxweight":"30"}},{"type":"Feature","geometry":{"type":"Point","coordinates":[8.5356042,48.0576757]},"properties":{"maxheight":"below_default"}},{"type":"Feature","geometry":{"type":"Point","coordinates":[8.4005075,48.9893849]},"properties":{"maxheight":"4.5"}},{"type":"Feature","geometry":{"type":"Point","coordinates":[8.7486768,48.7608257]},"properties":{"maxweight":"6"}},{"type":"Feature","geometry":{"type":"Point","coordinates":[8.4545848,48.058463]},"properties":{"maxheight":"2.15","maxweight":"2.5"}},{"type":"Feature","geometry":{"type":"Point","coordinates":[8.5746538,48.9030243]},"properties":{"maxweight":"2.8"}},{"type":"Feature","geometry":{"type":"Point","coordinates":[8.5734256,48.9032916]},"properties":{"maxweight":"2.8"}},{"type":"Feature","geometry":{"type":"Point","coordinates":[8.6977601,48.8938102]},"properties":{"maxheight":"2.05","maxweight":"2.5"}},{"type":"Feature","geometry":{"type":"Point","coordinates":[8.69908,48.8935803]},"properties":{"maxheight":"2.05","maxweight":"2.5"}},{"type":"Feature","geometry":{"type":"Point","coordinates":[8.6983771,48.8935619]},"properties":{"maxweight":"2.5"}},{"type":"Feature","geometry":{"type":"Point","coordinates":[8.6985594,48.8936691]},"properties":{"maxheight":"2.05"}},{"type":"Feature","geometry":{"type":"Point","coordinates":[8.6985036,48.8936088]},"properties":{"maxheight":"2.2"}},{"type":"Feature","geometry":{"type":"Point","coordinates":[8.0495594,48.6249452]},"properties":{"maxweightrating:hgv":"7.5"}},{"type":"Feature","geometry":{"type":"Point","coordinates":[8.0430101,48.6350741]},"properties":{"maxweightrating:hgv":"7.5"}},{"type":"Feature","geometry":{"type":"Point","coordinates":[8.0425087,48.6360674]},"properties":{"maxweightrating:hgv":"7.5"}},{"type":"Feature","geometry":{"type":"Point","coordinates":[8.0424765,48.63755]},"properties":{"maxweightrating:hgv":"7.5"}},{"type":"Feature","geometry":{"type":"Point","coordinates":[8.0913399,48.6560436]},"properties":{"maxheight":"3.2","maxweight":"3.5"}},{"type":"Feature","geometry":{"type":"Point","coordinates":[8.7917985,48.7517903]},"properties":{"maxweight":"7.5"}},{"type":"Feature","geometry":{"type":"Point","coordinates":[8.9018389,48.4482172]},"properties":{"maxweight":"24"}},{"type":"Feature","geometry":{"type":"Point","coordinates":[8.4095216,48.9722245]},"properties":{"maxheight":"below_default"}},{"type":"Feature","geometry":{"type":"Point","coordinates":[8.9766089,48.7365084]},"properties":{"maxheight":"2.2"}},{"type":"Feature","geometry":{"type":"Point","coordinates":[8.7830385,48.7218037]},"properties":{"maxheight":"2.6"}},{"type":"Feature","geometry":{"type":"Point","coordinates":[8.1268353,48.8253266]},"properties":{"maxheight":"none"}},{"type":"Feature","geometry":{"type":"Point","coordinates":[8.5654803,48.8811101]},"properties":{"maxweight":"6"}},{"type":"Feature","geometry":{"type":"Point","coordinates":[8.1993896,48.812641]},"properties":{"maxweight":"2.8"}},{"type":"Feature","geometry":{"type":"Point","coordinates":[8.2019275,48.8132199]},"properties":{"maxweight":"2.8"}},{"type":"Feature","geometry":{"type":"Point","coordinates":[8.222344,48.8065293]},"properties":{"hgv":"destination"}},{"type":"Feature","geometry":{"type":"Point","coordinates":[8.1806248,48.4755974]},"properties":{"maxweight":"12"}},{"type":"Feature","geometry":{"type":"Point","coordinates":[8.1823478,48.9779612]},"properties":{"hgv":"no"}},{"type":"Feature","geometry":{"type":"Point","coordinates":[8.9478389,48.6610909]},"properties":{"maxweight":"3.5"}},{"type":"Feature","geometry":{"type":"Point","coordinates":[8.9487719,48.6604315]},"properties":{"hgv":"destination","maxweight":"7.5"}},{"type":"Feature","geometry":{"type":"Point","coordinates":[8.8576962,48.6782903]},"properties":{"maxweight":"30"}},{"type":"Feature","geometry":{"type":"Point","coordinates":[8.997983,48.676906]},"properties":{"hgv":"destination","maxweight":"7.5"}},{"type":"Feature","geometry":{"type":"Point","coordinates":[8.4508344,48.9785095]},"properties":{"maxweight":"16"}},{"type":"Feature","geometry":{"type":"Point","coordinates":[8.6890203,48.8573666]},"properties":{"maxweight":"2.8"}},{"type":"Feature","geometry":{"type":"Point","coordinates":[8.6885255,48.8573605]},"properties":{"maxweight":"2.8"}},{"type":"Feature","geometry":{"type":"Point","coordinates":[8.270306,48.7821093]},"properties":{"maxlength":"16"}},{"type":"Feature","geometry":{"type":"Point","coordinates":[8.2705103,48.7828058]},"properties":{"maxlength":"16"}},{"type":"Feature","geometry":{"type":"Point","coordinates":[8.260115,48.7918047]},"properties":{"maxweight":"3.5"}},{"type":"Feature","geometry":{"type":"Point","coordinates":[8.4248637,48.9360888]},"properties":{"maxheight":"below_default"}},{"type":"Feature","geometry":{"type":"Point","coordinates":[8.8073081,48.8236319]},"properties":{"hgv":"destination"}},{"type":"Feature","geometry":{"type":"Point","coordinates":[8.3036336,48.8844393]},"properties":{"maxheight":"default"}},{"type":"Feature","geometry":{"type":"Point","coordinates":[8.4444115,48.9931306]},"properties":{"hgv":"destination"}},{"type":"Feature","geometry":{"type":"Point","coordinates":[8.4441448,48.9931261]},"properties":{"hgv":"destination"}},{"type":"Feature","geometry":{"type":"Point","coordinates":[8.0488381,48.6575666]},"properties":{"maxweight":"7.5"}},{"type":"Feature","geometry":{"type":"Point","coordinates":[8.2266791,48.756125]},"properties":{"hgv":"no"}},{"type":"Feature","geometry":{"type":"Point","coordinates":[8.9646206,48.254792]},"properties":{"maxheight":"3.7"}},{"type":"Feature","geometry":{"type":"Point","coordinates":[8.9595378,48.9349844]},"properties":{"maxheight":"default"}},{"type":"Feature","geometry":{"type":"Point","coordinates":[8.4805106,48.9364099]},"properties":{"maxweightrating:hgv":"7.5"}},{"type":"Feature","geometry":{"type":"Point","coordinates":[8.6963896,48.4522228]},"properties":{"maxheight":"none"}},{"type":"Feature","geometry":{"type":"Point","coordinates":[8.6967894,48.4513799]},"properties":{"maxheight":"none"}},{"type":"Feature","geometry":{"type":"Point","coordinates":[8.227161,48.7563566]},"properties":{"hgv":"no"}},{"type":"Feature","geometry":{"type":"Point","coordinates":[8.2187933,48.803979]},"properties":{"hgv":"destination"}},{"type":"Feature","geometry":{"type":"Point","coordinates":[8.5676238,48.4891596]},"properties":{"hgv":"no"}},{"type":"Feature","geometry":{"type":"Point","coordinates":[8.4545361,48.9997338]},"properties":{"hgv":"destination"}},{"type":"Feature","geometry":{"type":"Point","coordinates":[8.454013,48.9997904]},"properties":{"hgv":"destination"}},{"type":"Feature","geometry":{"type":"Point","coordinates":[8.0877445,48.0137316]},"properties":{"maxweight":"12"}},{"type":"Feature","geometry":{"type":"Point","coordinates":[8.0859584,48.0138715]},"properties":{"maxweight":"12"}},{"type":"Feature","geometry":{"type":"Point","coordinates":[8.0487756,48.0209926]},"properties":{"maxweight":"12"}},{"type":"Feature","geometry":{"type":"Point","coordinates":[8.0340669,48.0209953]},"properties":{"maxweight":"12"}},{"type":"Feature","geometry":{"type":"Point","coordinates":[8.0271419,48.0276713]},"properties":{"maxweight":"12"}},{"type":"Feature","geometry":{"type":"Point","coordinates":[8.027168,48.0258645]},"properties":{"maxweight":"12"}},{"type":"Feature","geometry":{"type":"Point","coordinates":[8.7414666,48.8865929]},"properties":{"hgv":"no"}},{"type":"Feature","geometry":{"type":"Point","coordinates":[8.0002255,48.0783545]},"properties":{"maxwidth":"2.3"}},{"type":"Feature","geometry":{"type":"Point","coordinates":[8.0000834,48.0787893]},"properties":{"maxwidth":"2.3"}},{"type":"Feature","geometry":{"type":"Point","coordinates":[8.1337173,48.7541839]},"properties":{"hgv":"delivery","goods":"delivery"}},{"type":"Feature","geometry":{"type":"Point","coordinates":[8.404205,48.9876152]},"properties":{"maxlength":"5"}},{"type":"Feature","geometry":{"type":"Point","coordinates":[8.467623,48.9994448]},"properties":{"hgv":"destination"}},{"type":"Feature","geometry":{"type":"Point","coordinates":[8.1391538,48.6953471]},"properties":{"maxheight":"2.2"}},{"type":"Feature","geometry":{"type":"Point","coordinates":[8.0239874,48.2793636]},"properties":{"maxweight":"30"}},{"type":"Feature","geometry":{"type":"Point","coordinates":[8.8859284,48.5752559]},"properties":{"hgv":"destination","maxweightrating:hgv":"7.5"}},{"type":"Feature","geometry":{"type":"Point","coordinates":[8.3560142,48.6730053]},"properties":{"maxweight":"6.6"}},{"type":"Feature","geometry":{"type":"Point","coordinates":[8.2031993,48.8485929]},"properties":{"maxweight":"7.5"}},{"type":"Feature","geometry":{"type":"Point","coordinates":[8.2039407,48.8506746]},"properties":{"maxweight":"7.5"}},{"type":"Feature","geometry":{"type":"Point","coordinates":[8.0558577,48.6748378]},"properties":{"hgv":"designated"}},{"type":"Feature","geometry":{"type":"Point","coordinates":[8.1294718,48.685939]},"properties":{"hgv":"destination","goods":"destination"}},{"type":"Feature","geometry":{"type":"Point","coordinates":[8.1265057,48.6817936]},"properties":{"hgv":"destination","goods":"destination"}},{"type":"Feature","geometry":{"type":"Point","coordinates":[8.6007689,48.0997391]},"properties":{"maxheight":"default"}},{"type":"Feature","geometry":{"type":"Point","coordinates":[8.0126904,48.7298256]},"properties":{"hgv":"destination"}},{"type":"Feature","geometry":{"type":"Point","coordinates":[8.8498982,48.5840934]},"properties":{"maxheight":"3.2"}},{"type":"Feature","geometry":{"type":"Point","coordinates":[8.5312608,48.9375212]},"properties":{"maxheight":"default"}},{"type":"Feature","geometry":{"type":"Point","coordinates":[8.1929285,48.7462465]},"properties":{"maxweight":"6"}},{"type":"Feature","geometry":{"type":"Point","coordinates":[8.867036,48.5956579]},"properties":{"maxheight":"default"}},{"type":"Feature","geometry":{"type":"Point","coordinates":[8.8710307,48.5959507]},"properties":{"maxweight":"7.5"}},{"type":"Feature","geometry":{"type":"Point","coordinates":[8.2348398,48.2979684]},"properties":{"hgv":"destination"}},{"type":"Feature","geometry":{"type":"Point","coordinates":[8.4006524,48.9974318]},"properties":{"maxweight":"1.5"}},{"type":"Feature","geometry":{"type":"Point","coordinates":[8.1122441,48.7239313]},"properties":{"maxweight":"7.5"}},{"type":"Feature","geometry":{"type":"Point","coordinates":[8.9602722,48.9454249]},"properties":{"hgv":"no","maxheight":"2.00","maxweight":"2.5"}},{"type":"Feature","geometry":{"type":"Point","coordinates":[8.9602076,48.9454244]},"properties":{"hgv":"no","maxheight":"2.00","maxweight":"2.5"}},{"type":"Feature","geometry":{"type":"Point","coordinates":[8.9598199,48.9451291]},"properties":{"maxheight":"2.00"}},{"type":"Feature","geometry":{"type":"Point","coordinates":[8.2555323,48.7567377]},"properties":{"maxweight":"7.5"}},{"type":"Feature","geometry":{"type":"Point","coordinates":[8.8864267,48.5754202]},"properties":{"hgv":"destination","maxweightrating:hgv":"7.5"}},{"type":"Feature","geometry":{"type":"Point","coordinates":[8.6904807,48.7669972]},"properties":{"maxweight":"6"}},{"type":"Feature","geometry":{"type":"Point","coordinates":[8.6913385,48.7665613]},"properties":{"maxweight":"6"}},{"type":"Feature","geometry":{"type":"Point","coordinates":[8.136512,48.8078412]},"properties":{"maxweight":"1.5"}},{"type":"Feature","geometry":{"type":"Point","coordinates":[8.1364681,48.8078177]},"properties":{"maxweight":"1.5"}},{"type":"Feature","geometry":{"type":"Point","coordinates":[8.1226677,48.8456933]},"properties":{"hgv":"no"}},{"type":"Feature","geometry":{"type":"Point","coordinates":[8.1051636,48.8019824]},"properties":{"maxweight":"7.5"}},{"type":"Feature","geometry":{"type":"Point","coordinates":[8.1801824,48.7657202]},"properties":{"maxweight":"6"}},{"type":"Feature","geometry":{"type":"Point","coordinates":[8.9698472,48.7187078]},"properties":{"maxheight":"4"}},{"type":"Feature","geometry":{"type":"Point","coordinates":[8.5674547,48.9217495]},"properties":{"maxweight":"6"}},{"type":"Feature","geometry":{"type":"Point","coordinates":[8.4673015,48.0538699]},"properties":{"maxweight":"30"}},{"type":"Feature","geometry":{"type":"Point","coordinates":[8.9596556,48.9451833]},"properties":{"hgv":"no","maxheight":"2.00","maxweight":"2.5"}},{"type":"Feature","geometry":{"type":"Point","coordinates":[8.2375225,48.7547406]},"properties":{"hgv":"destination"}},{"type":"Feature","geometry":{"type":"Point","coordinates":[8.6672846,48.8841409]},"properties":{"maxheight":"default"}},{"type":"Feature","geometry":{"type":"Point","coordinates":[8.7200466,48.8979466]},"properties":{"maxheight":"default"}},{"type":"Feature","geometry":{"type":"Point","coordinates":[8.711552,48.8944689]},"properties":{"maxheight":"default"}},{"type":"Feature","geometry":{"type":"Point","coordinates":[8.7110548,48.8952819]},"properties":{"maxheight":"default"}},{"type":"Feature","geometry":{"type":"Point","coordinates":[8.7730371,48.9213885]},"properties":{"maxheight":"default","maxweight":"6"}},{"type":"Feature","geometry":{"type":"Point","coordinates":[8.7731616,48.9212327]},"properties":{"maxweight":"6"}},{"type":"Feature","geometry":{"type":"Point","coordinates":[8.7414372,48.9078005]},"properties":{"maxheight":"3.4"}},{"type":"Feature","geometry":{"type":"Point","coordinates":[8.7276245,48.5451904]},"properties":{"maxweight":"3"}},{"type":"Feature","geometry":{"type":"Point","coordinates":[8.9787687,48.6881463]},"properties":{"maxheight":"default"}},{"type":"Feature","geometry":{"type":"Point","coordinates":[8.9787465,48.687161]},"properties":{"maxheight":"default"}},{"type":"Feature","geometry":{"type":"Point","coordinates":[8.9772382,48.6862495]},"properties":{"maxheight":"default"}},{"type":"Feature","geometry":{"type":"Point","coordinates":[8.7033369,48.8891351]},"properties":{"maxheight":"2"}},{"type":"Feature","geometry":{"type":"Point","coordinates":[8.4983046,48.9199471]},"properties":{"maxheight":"default"}},{"type":"Feature","geometry":{"type":"Point","coordinates":[8.4757959,48.9181299]},"properties":{"maxheight":"default","maxweight":"7.5"}},{"type":"Feature","geometry":{"type":"Point","coordinates":[8.4758905,48.9190236]},"properties":{"maxweight":"7.5"}},{"type":"Feature","geometry":{"type":"Point","coordinates":[8.2272384,48.8678524]},"properties":{"maxweight":"7.5"}},{"type":"Feature","geometry":{"type":"Point","coordinates":[8.2260169,48.8675127]},"properties":{"maxweight":"7.5"}},{"type":"Feature","geometry":{"type":"Point","coordinates":[8.2011145,48.8470288]},"properties":{"maxweight":"7.5"}},{"type":"Feature","geometry":{"type":"Point","coordinates":[8.9929053,48.6793855]},"properties":{"maxweight":"7.5"}},{"type":"Feature","geometry":{"type":"Point","coordinates":[8.9943262,48.6776121]},"properties":{"maxweight":"7.5"}},{"type":"Feature","geometry":{"type":"Point","coordinates":[8.998052,48.6816502]},"properties":{"hgv":"destination"}},{"type":"Feature","geometry":{"type":"Point","coordinates":[8.1851558,48.7481794]},"properties":{"maxweight":"6"}},{"type":"Feature","geometry":{"type":"Point","coordinates":[8.1863888,48.7474552]},"properties":{"maxweight":"6"}},{"type":"Feature","geometry":{"type":"Point","coordinates":[8.1908537,48.7488445]},"properties":{"maxweight":"6"}},{"type":"Feature","geometry":{"type":"Point","coordinates":[8.1881832,48.7465872]},"properties":{"maxweight":"6"}},{"type":"Feature","geometry":{"type":"Point","coordinates":[8.0210555,48.137988]},"properties":{"maxheight":"default"}},{"type":"Feature","geometry":{"type":"Point","coordinates":[8.8556897,48.499846]},"properties":{"maxheight":"default"}},{"type":"Feature","geometry":{"type":"Point","coordinates":[8.8839535,48.4982911]},"properties":{"maxweight":"7.5"}},{"type":"Feature","geometry":{"type":"Point","coordinates":[8.8865173,48.4984711]},"properties":{"maxheight":"default"}},{"type":"Feature","geometry":{"type":"Point","coordinates":[8.042454,48.6368536]},"properties":{"maxweightrating:hgv":"7.5"}},{"type":"Feature","geometry":{"type":"Point","coordinates":[8.093241,48.6400605]},"properties":{"hgv":"destination"}},{"type":"Feature","geometry":{"type":"Point","coordinates":[8.0549204,48.6650087]},"properties":{"maxweight":"7.5"}},{"type":"Feature","geometry":{"type":"Point","coordinates":[8.5001035,48.0636447]},"properties":{"maxheight":"2"}},{"type":"Feature","geometry":{"type":"Point","coordinates":[8.0081794,48.6359185]},"properties":{"maxweight":"6"}},{"type":"Feature","geometry":{"type":"Point","coordinates":[8.0048589,48.6274848]},"properties":{"maxweight":"6"}},{"type":"Feature","geometry":{"type":"Point","coordinates":[8.0034925,48.6239973]},"properties":{"maxweight":"6"}},{"type":"Feature","geometry":{"type":"Point","coordinates":[8.9596528,48.9453708]},"properties":{"hgv":"no","maxheight":"2.00","maxweight":"2.5"}},{"type":"Feature","geometry":{"type":"Point","coordinates":[8.9598025,48.9453718]},"properties":{"hgv":"no","maxheight":"2.00","maxweight":"2.5"}},{"type":"Feature","geometry":{"type":"Point","coordinates":[8.9599958,48.9451638]},"properties":{"hgv":"no","maxheight":"2.00","maxweight":"2.5"}},{"type":"Feature","geometry":{"type":"Point","coordinates":[8.9598056,48.9451626]},"properties":{"hgv":"no","maxheight":"2.00","maxweight":"2.5"}},{"type":"Feature","geometry":{"type":"Point","coordinates":[8.9602707,48.9455194]},"properties":{"hgv":"no","maxheight":"2.00","maxweight":"2.5"}},{"type":"Feature","geometry":{"type":"Point","coordinates":[8.9602083,48.9453747]},"properties":{"hgv":"no","maxheight":"2.00","maxweight":"2.5"}},{"type":"Feature","geometry":{"type":"Point","coordinates":[8.959777,48.9451624]},"properties":{"hgv":"no","maxheight":"2.00","maxweight":"2.5"}},{"type":"Feature","geometry":{"type":"Point","coordinates":[8.9598277,48.9453731]},"properties":{"hgv":"no","maxheight":"2.00","maxweight":"2.5"}},{"type":"Feature","geometry":{"type":"Point","coordinates":[8.9606256,48.9451679]},"properties":{"hgv":"no","maxheight":"2.00","maxweight":"2.5"}},{"type":"Feature","geometry":{"type":"Point","coordinates":[8.9593625,48.9455201]},"properties":{"hgv":"no","maxheight":"2.00","maxweight":"2.5"}},{"type":"Feature","geometry":{"type":"Point","coordinates":[8.9593114,48.9454361]},"properties":{"hgv":"no","maxheight":"2.00","maxweight":"2.5"}},{"type":"Feature","geometry":{"type":"Point","coordinates":[8.9735985,48.7335656]},"properties":{"maxheight":"3.3"}},{"type":"Feature","geometry":{"type":"Point","coordinates":[8.5378123,48.0636939]},"properties":{"maxheight":"4"}},{"type":"Feature","geometry":{"type":"Point","coordinates":[8.0958777,48.6397135]},"properties":{"hgv":"destination"}},{"type":"Feature","geometry":{"type":"Point","coordinates":[8.1872583,48.7212559]},"properties":{"maxweight":"16"}},{"type":"Feature","geometry":{"type":"Point","coordinates":[8.5564206,48.0640571]},"properties":{"maxheight":"5"}},{"type":"Feature","geometry":{"type":"Point","coordinates":[8.645507,48.7870262]},"properties":{"maxheight":"2.1"}},{"type":"Feature","geometry":{"type":"Point","coordinates":[8.6449056,48.7867464]},"properties":{"maxheight":"2.1"}},{"type":"Feature","geometry":{"type":"Point","coordinates":[8.6585033,48.8340372]},"properties":{"maxweight":"7.5"}},{"type":"Feature","geometry":{"type":"Point","coordinates":[8.6584246,48.832293]},"properties":{"maxweight":"7.5"}},{"type":"Feature","geometry":{"type":"Point","coordinates":[8.7036563,48.8282411]},"properties":{"hgv":"forestry"}},{"type":"Feature","geometry":{"type":"Point","coordinates":[8.7056633,48.8298986]},"properties":{"maxwidth":"2","maxweight":"3.5"}},{"type":"Feature","geometry":{"type":"Point","coordinates":[8.0790051,48.3502626]},"properties":{"hgv":"delivery"}},{"type":"Feature","geometry":{"type":"Point","coordinates":[8.1863343,48.7777137]},"properties":{"maxheight":"none"}},{"type":"Feature","geometry":{"type":"Point","coordinates":[8.2061622,48.781552]},"properties":{"maxheight":"none"}},{"type":"Feature","geometry":{"type":"Point","coordinates":[8.5199724,48.9374734]},"properties":{"maxheight":"default"}},{"type":"Feature","geometry":{"type":"Point","coordinates":[8.5702318,48.9331203]},"properties":{"maxheight":"default"}},{"type":"Feature","geometry":{"type":"Point","coordinates":[8.5598557,48.95961]},"properties":{"hgv":"destination"}},{"type":"Feature","geometry":{"type":"Point","coordinates":[8.6224893,48.9459558]},"properties":{"maxheight":"4"}},{"type":"Feature","geometry":{"type":"Point","coordinates":[8.6324712,48.9316487]},"properties":{"maxheight":"default"}},{"type":"Feature","geometry":{"type":"Point","coordinates":[8.2429327,48.7561174]},"properties":{"maxweightrating:hgv":"16"}},{"type":"Feature","geometry":{"type":"Point","coordinates":[8.3456113,48.9931356]},"properties":{"hgv":"no","goods":"no"}},{"type":"Feature","geometry":{"type":"Point","coordinates":[8.382861,48.9853737]},"properties":{"maxheight":"3.4","maxlength":"10"}},{"type":"Feature","geometry":{"type":"Point","coordinates":[8.3828881,48.985355]},"properties":{"maxheight":"3.4","maxlength":"10"}},{"type":"Feature","geometry":{"type":"Point","coordinates":[8.3831112,48.9851903]},"properties":{"maxheight":"3.4","maxlength":"10"}},{"type":"Feature","geometry":{"type":"Point","coordinates":[8.2278217,48.7566376]},"properties":{"hgv":"no"}},{"type":"Feature","geometry":{"type":"Point","coordinates":[8.6871702,48.6491003]},"properties":{"maxweight":"3.5"}},{"type":"Feature","geometry":{"type":"Point","coordinates":[8.6860775,48.6494226]},"properties":{"maxweight":"3.5"}},{"type":"Feature","geometry":{"type":"Point","coordinates":[8.6415728,48.9591823]},"properties":{"maxheight":"4.1"}},{"type":"Feature","geometry":{"type":"Point","coordinates":[8.6473925,48.9294121]},"properties":{"hgv":"no"}},{"type":"Feature","geometry":{"type":"Point","coordinates":[8.6812109,48.6656383]},"properties":{"maxweight":"3.5"}},{"type":"Feature","geometry":{"type":"Point","coordinates":[8.7239723,48.6690856]},"properties":{"hgv":"no"}},{"type":"Feature","geometry":{"type":"Point","coordinates":[8.7162834,48.6693883]},"properties":{"hgv":"no"}},{"type":"Feature","geometry":{"type":"Point","coordinates":[8.7220237,48.6691265]},"properties":{"hgv":"no"}},{"type":"Feature","geometry":{"type":"Point","coordinates":[8.7224422,48.6691726]},"properties":{"hgv":"no"}},{"type":"Feature","geometry":{"type":"Point","coordinates":[8.4368209,48.9857006]},"properties":{"maxheight":"3"}},{"type":"Feature","geometry":{"type":"Point","coordinates":[8.4190339,48.9648208]},"properties":{"maxheight":"2.0"}},{"type":"Feature","geometry":{"type":"Point","coordinates":[8.539757,48.0621949]},"properties":{"hgv":"destination","maxweight":"3.5"}},{"type":"Feature","geometry":{"type":"Point","coordinates":[8.5439752,48.0613047]},"properties":{"maxheight":"default"}},{"type":"Feature","geometry":{"type":"Point","coordinates":[8.5714684,48.0602494]},"properties":{"maxheight":"default"}},{"type":"Feature","geometry":{"type":"Point","coordinates":[8.5695953,48.0617662]},"properties":{"maxheight":"default"}},{"type":"Feature","geometry":{"type":"Point","coordinates":[8.6996584,48.7018657]},"properties":{"hgv":"agricultural;forestry"}},{"type":"Feature","geometry":{"type":"Point","coordinates":[8.7011998,48.7036273]},"properties":{"hgv":"agricultural;forestry"}},{"type":"Feature","geometry":{"type":"Point","coordinates":[8.262968,48.9127808]},"properties":{"maxheight":"none"}},{"type":"Feature","geometry":{"type":"Point","coordinates":[8.2526013,48.9041942]},"properties":{"maxweight":"3.5"}},{"type":"Feature","geometry":{"type":"Point","coordinates":[8.9118132,48.5764858]},"properties":{"maxheight":"default"}},{"type":"Feature","geometry":{"type":"Point","coordinates":[8.9151313,48.5745202]},"properties":{"maxheight":"default"}},{"type":"Feature","geometry":{"type":"Point","coordinates":[8.9149047,48.5746533]},"properties":{"maxheight":"default"}},{"type":"Feature","geometry":{"type":"Point","coordinates":[8.9160207,48.5740147]},"properties":{"maxheight":"default"}},{"type":"Feature","geometry":{"type":"Point","coordinates":[8.1371127,48.886935]},"properties":{"maxheight":"2.2","maxweight":"3.5"}},{"type":"Feature","geometry":{"type":"Point","coordinates":[8.1368409,48.8870336]},"properties":{"maxheight":"2.2","maxweight":"3.5"}},{"type":"Feature","geometry":{"type":"Point","coordinates":[8.2112461,48.9112137]},"properties":{"maxweight":"0.005"}},{"type":"Feature","geometry":{"type":"Point","coordinates":[8.652574,48.9054848]},"properties":{"maxheight":"default"}},{"type":"Feature","geometry":{"type":"Point","coordinates":[8.4997612,48.0643284]},"properties":{"maxheight":"2"}},{"type":"Feature","geometry":{"type":"Point","coordinates":[8.4998271,48.0639572]},"properties":{"maxheight":"2"}},{"type":"Feature","geometry":{"type":"Point","coordinates":[8.7334154,48.7165715]},"properties":{"maxweight":"3.5"}},{"type":"Feature","geometry":{"type":"Point","coordinates":[8.4601921,48.8215366]},"properties":{"hgv":"no"}},{"type":"Feature","geometry":{"type":"Point","coordinates":[8.4664895,48.995991]},"properties":{"maxheight":"2"}},{"type":"Feature","geometry":{"type":"Point","coordinates":[8.4644152,48.9957755]},"properties":{"maxheight":"default"}},{"type":"Feature","geometry":{"type":"Point","coordinates":[8.4664496,48.9960104]},"properties":{"maxheight":"default"}},{"type":"Feature","geometry":{"type":"Point","coordinates":[8.4665127,48.9959797]},"properties":{"maxheight":"2"}},{"type":"Feature","geometry":{"type":"Point","coordinates":[8.6952174,48.7180827]},"properties":{"hgv":"destination"}},{"type":"Feature","geometry":{"type":"Point","coordinates":[8.697039,48.7175975]},"properties":{"hgv":"destination"}},{"type":"Feature","geometry":{"type":"Point","coordinates":[8.2027336,48.7154779]},"properties":{"maxweight":"16"}},{"type":"Feature","geometry":{"type":"Point","coordinates":[8.2010735,48.7148834]},"properties":{"maxweight":"16"}},{"type":"Feature","geometry":{"type":"Point","coordinates":[8.2191889,48.7158361]},"properties":{"maxweight":"16"}},{"type":"Feature","geometry":{"type":"Point","coordinates":[8.6764534,48.7216694]},"properties":{"maxweight":"6"}},{"type":"Feature","geometry":{"type":"Point","coordinates":[8.6967942,48.8905736]},"properties":{"hgv":"destination"}},{"type":"Feature","geometry":{"type":"Point","coordinates":[8.6973986,48.8903984]},"properties":{"hgv":"destination"}},{"type":"Feature","geometry":{"type":"Point","coordinates":[8.69505,48.8909215]},"properties":{"hgv":"destination"}},{"type":"Feature","geometry":{"type":"Point","coordinates":[8.6956016,48.8908438]},"properties":{"hgv":"destination"}},{"type":"Feature","geometry":{"type":"Point","coordinates":[8.6978236,48.8904012]},"properties":{"hgv":"destination"}},{"type":"Feature","geometry":{"type":"Point","coordinates":[8.6987599,48.8902587]},"properties":{"hgv":"destination"}},{"type":"Feature","geometry":{"type":"Point","coordinates":[8.6984921,48.8902638]},"properties":{"hgv":"destination"}},{"type":"Feature","geometry":{"type":"Point","coordinates":[8.6637464,48.694263]},"properties":{"maxweight":"2.8"}},{"type":"Feature","geometry":{"type":"Point","coordinates":[8.6645371,48.7093166]},"properties":{"maxweight":"6"}},{"type":"Feature","geometry":{"type":"Point","coordinates":[8.65445,48.7108461]},"properties":{"maxweight":"6"}},{"type":"Feature","geometry":{"type":"Point","coordinates":[8.6415051,48.7128976]},"properties":{"maxweight":"6"}},{"type":"Feature","geometry":{"type":"Point","coordinates":[8.662871,48.7096496]},"properties":{"maxweight":"6"}},{"type":"Feature","geometry":{"type":"Point","coordinates":[8.6827822,48.7123379]},"properties":{"hgv":"destination"}},{"type":"Feature","geometry":{"type":"Point","coordinates":[8.6679009,48.889453]},"properties":{"maxweight":"30"}},{"type":"Feature","geometry":{"type":"Point","coordinates":[8.66463,48.8873598]},"properties":{"maxheight":"3.7"}},{"type":"Feature","geometry":{"type":"Point","coordinates":[8.6681528,48.8912511]},"properties":{"maxweight":"3"}},{"type":"Feature","geometry":{"type":"Point","coordinates":[8.6716173,48.7050638]},"properties":{"maxweight":"6"}},{"type":"Feature","geometry":{"type":"Point","coordinates":[8.8661127,48.5905972]},"properties":{"hgv":"destination"}},{"type":"Feature","geometry":{"type":"Point","coordinates":[8.3681067,48.9791206]},"properties":{"maxheight:physical":"2.2"}},{"type":"Feature","geometry":{"type":"Point","coordinates":[8.74112,48.5146095]},"properties":{"maxheight":"3.7"}},{"type":"Feature","geometry":{"type":"Point","coordinates":[8.9521813,48.7464139]},"properties":{"maxweight":"7.5"}},{"type":"Feature","geometry":{"type":"Point","coordinates":[8.4048832,48.9959694]},"properties":{"maxheight":"3.4"}},{"type":"Feature","geometry":{"type":"Point","coordinates":[8.4046814,48.9960043]},"properties":{"maxheight":"below_default"}},{"type":"Feature","geometry":{"type":"Point","coordinates":[8.4060873,48.9967794]},"properties":{"maxheight":"4"}},{"type":"Feature","geometry":{"type":"Point","coordinates":[8.4052869,48.9966375]},"properties":{"maxheight":"3.2"}},{"type":"Feature","geometry":{"type":"Point","coordinates":[8.4058751,48.9967801]},"properties":{"maxheight":"4"}},{"type":"Feature","geometry":{"type":"Point","coordinates":[8.4046015,48.9970387]},"properties":{"maxheight":"3.1"}},{"type":"Feature","geometry":{"type":"Point","coordinates":[8.454866,48.9999312]},"properties":{"hgv":"destination"}},{"type":"Feature","geometry":{"type":"Point","coordinates":[8.4096468,48.9981941]},"properties":{"maxheight":"3.45"}},{"type":"Feature","geometry":{"type":"Point","coordinates":[8.4098795,48.9978155]},"properties":{"maxheight":"below_default"}},{"type":"Feature","geometry":{"type":"Point","coordinates":[8.8813625,48.5943541]},"properties":{"hgv":"destination"}},{"type":"Feature","geometry":{"type":"Point","coordinates":[8.4103023,48.9985194]},"properties":{"maxheight":"below_default"}},{"type":"Feature","geometry":{"type":"Point","coordinates":[8.0399709,48.1497867]},"properties":{"maxweight":"6"}},{"type":"Feature","geometry":{"type":"Point","coordinates":[8.7266635,48.9022592]},"properties":{"hgv":"destination"}},{"type":"Feature","geometry":{"type":"Point","coordinates":[8.9053027,48.5579331]},"properties":{"hgv":"no"}},{"type":"Feature","geometry":{"type":"Point","coordinates":[8.9052719,48.5579589]},"properties":{"hgv":"no"}},{"type":"Feature","geometry":{"type":"Point","coordinates":[8.8272015,48.9598586]},"properties":{"maxwidth":"2.7"}},{"type":"Feature","geometry":{"type":"Point","coordinates":[8.2743941,48.9585159]},"properties":{"maxweight":"2.8"}},{"type":"Feature","geometry":{"type":"Point","coordinates":[8.3024937,48.8083014]},"properties":{"maxweight":"3.5"}},{"type":"Feature","geometry":{"type":"Point","coordinates":[8.9594021,48.9292374]},"properties":{"maxweight":"10"}},{"type":"Feature","geometry":{"type":"Point","coordinates":[8.5927901,48.1014447]},"properties":{"maxweight":"6"}},{"type":"Feature","geometry":{"type":"Point","coordinates":[8.2372355,48.8146275]},"properties":{"maxweight":"3.5"}},{"type":"Feature","geometry":{"type":"Point","coordinates":[8.2371731,48.8145449]},"properties":{"maxweight":"3.5"}},{"type":"Feature","geometry":{"type":"Point","coordinates":[8.5236987,48.8774249]},"properties":{"maxheight":"4"}},{"type":"Feature","geometry":{"type":"Point","coordinates":[8.9597691,48.9297037]},"properties":{"hgv":"no"}},{"type":"Feature","geometry":{"type":"Point","coordinates":[8.9597153,48.9296785]},"properties":{"hgv":"no"}},{"type":"Feature","geometry":{"type":"Point","coordinates":[8.9596883,48.9296659]},"properties":{"hgv":"no"}},{"type":"Feature","geometry":{"type":"Point","coordinates":[8.9596076,48.9296282]},"properties":{"hgv":"no"}},{"type":"Feature","geometry":{"type":"Point","coordinates":[8.9596345,48.9296408]},"properties":{"hgv":"no"}},{"type":"Feature","geometry":{"type":"Point","coordinates":[8.9596883,48.9296659]},"properties":{"hgv":"no"}},{"type":"Feature","geometry":{"type":"Point","coordinates":[8.9596614,48.9296534]},"properties":{"hgv":"no"}},{"type":"Feature","geometry":{"type":"Point","coordinates":[8.9593384,48.9295023]},"properties":{"hgv":"no"}},{"type":"Feature","geometry":{"type":"Point","coordinates":[8.9595537,48.929603]},"properties":{"hgv":"no"}},{"type":"Feature","geometry":{"type":"Point","coordinates":[8.9593653,48.9295149]},"properties":{"hgv":"no"}},{"type":"Feature","geometry":{"type":"Point","coordinates":[8.9593923,48.9295275]},"properties":{"hgv":"no"}},{"type":"Feature","geometry":{"type":"Point","coordinates":[8.9594192,48.9295401]},"properties":{"hgv":"no"}},{"type":"Feature","geometry":{"type":"Point","coordinates":[8.9594461,48.9295526]},"properties":{"hgv":"no"}},{"type":"Feature","geometry":{"type":"Point","coordinates":[8.959473,48.9295652]},"properties":{"hgv":"no"}},{"type":"Feature","geometry":{"type":"Point","coordinates":[8.9595268,48.9295904]},"properties":{"hgv":"no"}},{"type":"Feature","geometry":{"type":"Point","coordinates":[8.9594999,48.9295778]},"properties":{"hgv":"no"}},{"type":"Feature","geometry":{"type":"Point","coordinates":[8.9592846,48.9294771]},"properties":{"hgv":"no"}},{"type":"Feature","geometry":{"type":"Point","coordinates":[8.9593115,48.9294897]},"properties":{"hgv":"no"}},{"type":"Feature","geometry":{"type":"Point","coordinates":[8.9590249,48.9300994]},"properties":{"hgv":"no"}},{"type":"Feature","geometry":{"type":"Point","coordinates":[8.9590487,48.9300843]},"properties":{"hgv":"no"}},{"type":"Feature","geometry":{"type":"Point","coordinates":[8.9594293,48.9298441]},"properties":{"hgv":"no"}},{"type":"Feature","geometry":{"type":"Point","coordinates":[8.9594064,48.9298284]},"properties":{"hgv":"no"}},{"type":"Feature","geometry":{"type":"Point","coordinates":[8.9593836,48.9298128]},"properties":{"hgv":"no"}},{"type":"Feature","geometry":{"type":"Point","coordinates":[8.959458,48.9297865]},"properties":{"hgv":"no"}},{"type":"Feature","geometry":{"type":"Point","coordinates":[8.9596018,48.9297287]},"properties":{"hgv":"no"}},{"type":"Feature","geometry":{"type":"Point","coordinates":[8.959485,48.9297991]},"properties":{"hgv":"no"}},{"type":"Feature","geometry":{"type":"Point","coordinates":[8.9595749,48.9297161]},"properties":{"hgv":"no"}},{"type":"Feature","geometry":{"type":"Point","coordinates":[8.9595479,48.9297035]},"properties":{"hgv":"no"}},{"type":"Feature","geometry":{"type":"Point","coordinates":[8.9595119,48.9298117]},"properties":{"hgv":"no"}},{"type":"Feature","geometry":{"type":"Point","coordinates":[8.9593832,48.9297604]},"properties":{"hgv":"no"}},{"type":"Feature","geometry":{"type":"Point","coordinates":[8.9594731,48.9296774]},"properties":{"hgv":"no"}},{"type":"Feature","geometry":{"type":"Point","coordinates":[8.9591141,48.9296345]},"properties":{"hgv":"no"}},{"type":"Feature","geometry":{"type":"Point","coordinates":[8.959141,48.9296471]},"properties":{"hgv":"no"}},{"type":"Feature","geometry":{"type":"Point","coordinates":[8.9591679,48.9296597]},"properties":{"hgv":"no"}},{"type":"Feature","geometry":{"type":"Point","coordinates":[8.9591948,48.9296723]},"properties":{"hgv":"no"}},{"type":"Feature","geometry":{"type":"Point","coordinates":[8.9592217,48.9296849]},"properties":{"hgv":"no"}},{"type":"Feature","geometry":{"type":"Point","coordinates":[8.9592486,48.9296974]},"properties":{"hgv":"no"}},{"type":"Feature","geometry":{"type":"Point","coordinates":[8.959204,48.9295515]},"properties":{"hgv":"no"}},{"type":"Feature","geometry":{"type":"Point","coordinates":[8.9593025,48.9297226]},"properties":{"hgv":"no"}},{"type":"Feature","geometry":{"type":"Point","coordinates":[8.9592309,48.9295641]},"properties":{"hgv":"no"}},{"type":"Feature","geometry":{"type":"Point","coordinates":[8.9592756,48.92971]},"properties":{"hgv":"no"}},{"type":"Feature","geometry":{"type":"Point","coordinates":[8.9593294,48.9297352]},"properties":{"hgv":"no"}},{"type":"Feature","geometry":{"type":"Point","coordinates":[8.9592578,48.9295767]},"properties":{"hgv":"no"}},{"type":"Feature","geometry":{"type":"Point","coordinates":[8.9593116,48.9296019]},"properties":{"hgv":"no"}},{"type":"Feature","geometry":{"type":"Point","coordinates":[8.9592847,48.9295893]},"properties":{"hgv":"no"}},{"type":"Feature","geometry":{"type":"Point","coordinates":[8.9593655,48.9296271]},"properties":{"hgv":"no"}},{"type":"Feature","geometry":{"type":"Point","coordinates":[8.9593385,48.9296145]},"properties":{"hgv":"no"}},{"type":"Feature","geometry":{"type":"Point","coordinates":[8.9593924,48.9296396]},"properties":{"hgv":"no"}},{"type":"Feature","geometry":{"type":"Point","coordinates":[8.9593563,48.9297478]},"properties":{"hgv":"no"}},{"type":"Feature","geometry":{"type":"Point","coordinates":[8.9594193,48.9296522]},"properties":{"hgv":"no"}},{"type":"Feature","geometry":{"type":"Point","coordinates":[8.9594462,48.9296648]},"properties":{"hgv":"no"}},{"type":"Feature","geometry":{"type":"Point","coordinates":[8.9590714,48.9297186]},"properties":{"hgv":"no"}},{"type":"Feature","geometry":{"type":"Point","coordinates":[8.9592035,48.9297368]},"properties":{"hgv":"no"}},{"type":"Feature","geometry":{"type":"Point","coordinates":[8.959181,48.929721]},"properties":{"hgv":"no"}},{"type":"Feature","geometry":{"type":"Point","coordinates":[8.9592261,48.9297527]},"properties":{"hgv":"no"}},{"type":"Feature","geometry":{"type":"Point","coordinates":[8.9592487,48.9297685]},"properties":{"hgv":"no"}},{"type":"Feature","geometry":{"type":"Point","coordinates":[8.9592938,48.9298002]},"properties":{"hgv":"no"}},{"type":"Feature","geometry":{"type":"Point","coordinates":[8.9588718,48.929793]},"properties":{"hgv":"no"}},{"type":"Feature","geometry":{"type":"Point","coordinates":[8.9588492,48.9297772]},"properties":{"hgv":"no"}},{"type":"Feature","geometry":{"type":"Point","coordinates":[8.9589169,48.9298247]},"properties":{"hgv":"no"}},{"type":"Feature","geometry":{"type":"Point","coordinates":[8.9588943,48.9298089]},"properties":{"hgv":"no"}},{"type":"Feature","geometry":{"type":"Point","coordinates":[8.9589621,48.9298564]},"properties":{"hgv":"no"}},{"type":"Feature","geometry":{"type":"Point","coordinates":[8.9589395,48.9298406]},"properties":{"hgv":"no"}},{"type":"Feature","geometry":{"type":"Point","coordinates":[8.9590072,48.9298881]},"properties":{"hgv":"no"}},{"type":"Feature","geometry":{"type":"Point","coordinates":[8.9589624,48.9297076]},"properties":{"hgv":"no"}},{"type":"Feature","geometry":{"type":"Point","coordinates":[8.9589846,48.9298722]},"properties":{"hgv":"no"}},{"type":"Feature","geometry":{"type":"Point","coordinates":[8.9589849,48.9297234]},"properties":{"hgv":"no"}},{"type":"Feature","geometry":{"type":"Point","coordinates":[8.9590075,48.9297393]},"properties":{"hgv":"no"}},{"type":"Feature","geometry":{"type":"Point","coordinates":[8.9590298,48.9299039]},"properties":{"hgv":"no"}},{"type":"Feature","geometry":{"type":"Point","coordinates":[8.9590301,48.9297551]},"properties":{"hgv":"no"}},{"type":"Feature","geometry":{"type":"Point","coordinates":[8.9590527,48.929771]},"properties":{"hgv":"no"}},{"type":"Feature","geometry":{"type":"Point","coordinates":[8.9590753,48.9297868]},"properties":{"hgv":"no"}},{"type":"Feature","geometry":{"type":"Point","coordinates":[8.9590978,48.9298026]},"properties":{"hgv":"no"}},{"type":"Feature","geometry":{"type":"Point","coordinates":[8.9590524,48.9299198]},"properties":{"hgv":"no"}},{"type":"Feature","geometry":{"type":"Point","coordinates":[8.9591204,48.9298185]},"properties":{"hgv":"no"}},{"type":"Feature","geometry":{"type":"Point","coordinates":[8.9591656,48.9298502]},"properties":{"hgv":"no"}},{"type":"Feature","geometry":{"type":"Point","coordinates":[8.959143,48.9298343]},"properties":{"hgv":"no"}},{"type":"Feature","geometry":{"type":"Point","coordinates":[8.9588302,48.9298199]},"properties":{"hgv":"no"}},{"type":"Feature","geometry":{"type":"Point","coordinates":[8.9588076,48.9298041]},"properties":{"hgv":"no"}},{"type":"Feature","geometry":{"type":"Point","coordinates":[8.9588754,48.9298516]},"properties":{"hgv":"no"}},{"type":"Feature","geometry":{"type":"Point","coordinates":[8.9588528,48.9298358]},"properties":{"hgv":"no"}},{"type":"Feature","geometry":{"type":"Point","coordinates":[8.9589205,48.9298833]},"properties":{"hgv":"no"}},{"type":"Feature","geometry":{"type":"Point","coordinates":[8.958898,48.9298675]},"properties":{"hgv":"no"}},{"type":"Feature","geometry":{"type":"Point","coordinates":[8.9589657,48.929915]},"properties":{"hgv":"no"}},{"type":"Feature","geometry":{"type":"Point","coordinates":[8.9589431,48.9298992]},"properties":{"hgv":"no"}},{"type":"Feature","geometry":{"type":"Point","coordinates":[8.9589883,48.9299309]},"properties":{"hgv":"no"}},{"type":"Feature","geometry":{"type":"Point","coordinates":[8.9590108,48.9299467]},"properties":{"hgv":"no"}},{"type":"Feature","geometry":{"type":"Point","coordinates":[8.9586945,48.9298737]},"properties":{"hgv":"no"}},{"type":"Feature","geometry":{"type":"Point","coordinates":[8.958717,48.9298895]},"properties":{"hgv":"no"}},{"type":"Feature","geometry":{"type":"Point","coordinates":[8.9587396,48.9299054]},"properties":{"hgv":"no"}},{"type":"Feature","geometry":{"type":"Point","coordinates":[8.9587622,48.9299212]},"properties":{"hgv":"no"}},{"type":"Feature","geometry":{"type":"Point","coordinates":[8.9587848,48.9299371]},"properties":{"hgv":"no"}},{"type":"Feature","geometry":{"type":"Point","coordinates":[8.9588073,48.9299529]},"properties":{"hgv":"no"}},{"type":"Feature","geometry":{"type":"Point","coordinates":[8.9588299,48.9299688]},"properties":{"hgv":"no"}},{"type":"Feature","geometry":{"type":"Point","coordinates":[8.9588525,48.9299846]},"properties":{"hgv":"no"}},{"type":"Feature","geometry":{"type":"Point","coordinates":[8.9588751,48.9300005]},"properties":{"hgv":"no"}},{"type":"Feature","geometry":{"type":"Point","coordinates":[8.9588977,48.9300163]},"properties":{"hgv":"no"}},{"type":"Feature","geometry":{"type":"Point","coordinates":[8.9585535,48.9299011]},"properties":{"hgv":"no"}},{"type":"Feature","geometry":{"type":"Point","coordinates":[8.9585761,48.9299183]},"properties":{"hgv":"no"}},{"type":"Feature","geometry":{"type":"Point","coordinates":[8.9585988,48.9299354]},"properties":{"hgv":"no"}},{"type":"Feature","geometry":{"type":"Point","coordinates":[8.9586214,48.9299526]},"properties":{"hgv":"no"}},{"type":"Feature","geometry":{"type":"Point","coordinates":[8.9586441,48.9299697]},"properties":{"hgv":"no"}},{"type":"Feature","geometry":{"type":"Point","coordinates":[8.9586667,48.9299869]},"properties":{"hgv":"no"}},{"type":"Feature","geometry":{"type":"Point","coordinates":[8.9586894,48.9300041]},"properties":{"hgv":"no"}},{"type":"Feature","geometry":{"type":"Point","coordinates":[8.958712,48.9300212]},"properties":{"hgv":"no"}},{"type":"Feature","geometry":{"type":"Point","coordinates":[8.9587347,48.9300384]},"properties":{"hgv":"no"}},{"type":"Feature","geometry":{"type":"Point","coordinates":[8.9587573,48.9300556]},"properties":{"hgv":"no"}},{"type":"Feature","geometry":{"type":"Point","coordinates":[8.95878,48.9300727]},"properties":{"hgv":"no"}},{"type":"Feature","geometry":{"type":"Point","coordinates":[8.9588026,48.9300899]},"properties":{"hgv":"no"}},{"type":"Feature","geometry":{"type":"Point","coordinates":[8.9588253,48.9301071]},"properties":{"hgv":"no"}},{"type":"Feature","geometry":{"type":"Point","coordinates":[8.9588479,48.9301242]},"properties":{"hgv":"no"}},{"type":"Feature","geometry":{"type":"Point","coordinates":[8.9588706,48.9301414]},"properties":{"hgv":"no"}},{"type":"Feature","geometry":{"type":"Point","coordinates":[8.9588932,48.9301585]},"properties":{"hgv":"no"}},{"type":"Feature","geometry":{"type":"Point","coordinates":[8.9589159,48.9301757]},"properties":{"hgv":"no"}},{"type":"Feature","geometry":{"type":"Point","coordinates":[8.9588026,48.9300899]},"properties":{"maxheight":"2.2"}},{"type":"Feature","geometry":{"type":"Point","coordinates":[8.9633872,48.667084]},"properties":{"maxheight":"default"}},{"type":"Feature","geometry":{"type":"Point","coordinates":[8.7174388,48.3799471]},"properties":{"maxheight":"default"}},{"type":"Feature","geometry":{"type":"Point","coordinates":[8.6204764,48.879604]},"properties":{"maxweight":"3.5"}},{"type":"Feature","geometry":{"type":"Point","coordinates":[8.9557866,48.9309503]},"properties":{"maxheight":"2.1"}},{"type":"Feature","geometry":{"type":"Point","coordinates":[8.4080169,48.9431659]},"properties":{"maxheight":"2.5"}},{"type":"Feature","geometry":{"type":"Point","coordinates":[8.5876991,48.8036713]},"properties":{"maxweight":"3.5"}},{"type":"Feature","geometry":{"type":"Point","coordinates":[8.5744161,48.3252307]},"properties":{"hgv":"agricultural","goods":"agricultural"}},{"type":"Feature","geometry":{"type":"Point","coordinates":[8.3767488,48.9889222]},"properties":{"hgv":"destination"}},{"type":"Feature","geometry":{"type":"Point","coordinates":[8.3769337,48.9895281]},"properties":{"hgv":"no"}},{"type":"Feature","geometry":{"type":"Point","coordinates":[8.4567395,48.931041]},"properties":{"maxweightrating:hgv":"7.5"}},{"type":"Feature","geometry":{"type":"Point","coordinates":[8.4596604,48.9309793]},"properties":{"maxweightrating:hgv":"7.5"}},{"type":"Feature","geometry":{"type":"Point","coordinates":[8.9941975,48.6777562]},"properties":{"maxweight":"7.5"}},{"type":"Feature","geometry":{"type":"Point","coordinates":[8.9942627,48.6776832]},"properties":{"maxweight":"7.5"}},{"type":"Feature","geometry":{"type":"Point","coordinates":[8.8854799,48.2775292]},"properties":{"maxweight":"6"}},{"type":"Feature","geometry":{"type":"Point","coordinates":[8.4727095,48.9856029]},"properties":{"maxweight":"12"}},{"type":"Feature","geometry":{"type":"Point","coordinates":[8.8710171,48.5988145]},"properties":{"maxheight":"default"}},{"type":"Feature","geometry":{"type":"Point","coordinates":[8.0175004,48.5915811]},"properties":{"maxweight":"7.5"}},{"type":"Feature","geometry":{"type":"Point","coordinates":[8.0174207,48.5917955]},"properties":{"maxweight":"7.5"}},{"type":"Feature","geometry":{"type":"Point","coordinates":[8.0177391,48.5918429]},"properties":{"maxweight":"7.5"}},{"type":"Feature","geometry":{"type":"Point","coordinates":[8.0187576,48.5927866]},"properties":{"maxweight":"7.5"}},{"type":"Feature","geometry":{"type":"Point","coordinates":[8.0173226,48.5917599]},"properties":{"hgv":"delivery"}},{"type":"Feature","geometry":{"type":"Point","coordinates":[8.0172508,48.5917896]},"properties":{"hgv":"delivery"}},{"type":"Feature","geometry":{"type":"Point","coordinates":[8.0172153,48.591826]},"properties":{"hgv":"delivery"}},{"type":"Feature","geometry":{"type":"Point","coordinates":[8.0177245,48.5918943]},"properties":{"maxweight":"7.5"}},{"type":"Feature","geometry":{"type":"Point","coordinates":[8.0179552,48.5920943]},"properties":{"maxweight":"7.5"}},{"type":"Feature","geometry":{"type":"Point","coordinates":[8.0180607,48.5921371]},"properties":{"maxweight":"7.5"}},{"type":"Feature","geometry":{"type":"Point","coordinates":[8.0178642,48.5916157]},"properties":{"maxlength":"10"}},{"type":"Feature","geometry":{"type":"Point","coordinates":[8.01791,48.591579]},"properties":{"maxlength":"10"}},{"type":"Feature","geometry":{"type":"Point","coordinates":[8.0179349,48.5915246]},"properties":{"maxlength":"10"}},{"type":"Feature","geometry":{"type":"Point","coordinates":[8.0175125,48.5915386]},"properties":{"maxweight":"7.5"}},{"type":"Feature","geometry":{"type":"Point","coordinates":[8.0174535,48.5914973]},"properties":{"maxweight":"7.5"}},{"type":"Feature","geometry":{"type":"Point","coordinates":[8.0173543,48.5914572]},"properties":{"maxweight":"7.5"}},{"type":"Feature","geometry":{"type":"Point","coordinates":[8.0178531,48.5918793]},"properties":{"maxweight":"7.5"}},{"type":"Feature","geometry":{"type":"Point","coordinates":[8.0178617,48.5915364]},"properties":{"maxlength":"10"}},{"type":"Feature","geometry":{"type":"Point","coordinates":[8.0173534,48.5918265]},"properties":{"hgv":"delivery"}},{"type":"Feature","geometry":{"type":"Point","coordinates":[8.0173967,48.5915864]},"properties":{"maxweight":"7.5"}},{"type":"Feature","geometry":{"type":"Point","coordinates":[8.0060617,48.5833124]},"properties":{"maxweight":"7.5 t"}},{"type":"Feature","geometry":{"type":"Point","coordinates":[8.2003311,48.8462688]},"properties":{"maxweight":"7.5"}},{"type":"Feature","geometry":{"type":"Point","coordinates":[8.2005387,48.8464681]},"properties":{"maxweight":"7.5"}},{"type":"Feature","geometry":{"type":"Point","coordinates":[8.2007543,48.8466801]},"properties":{"maxweight":"7.5"}},{"type":"Feature","geometry":{"type":"Point","coordinates":[8.0439732,48.1518977]},"properties":{"maxheight":"4"}},{"type":"Feature","geometry":{"type":"Point","coordinates":[8.2472781,48.1402453]},"properties":{"maxheight":"3.1","maxweight":"3.5"}},{"type":"Feature","geometry":{"type":"Point","coordinates":[8.2471664,48.1401939]},"properties":{"maxweight":"3.5"}},{"type":"Feature","geometry":{"type":"Point","coordinates":[8.4441294,48.3994059]},"properties":{"maxheight":"4.2"}},{"type":"Feature","geometry":{"type":"Point","coordinates":[8.0185954,48.5205739]},"properties":{"maxweight":"7.5"}},{"type":"Feature","geometry":{"type":"Point","coordinates":[8.4697334,48.9633672]},"properties":{"hgv":"destination","goods":"destination","maxheight":"4.0"}},{"type":"Feature","geometry":{"type":"Point","coordinates":[8.4693321,48.9631468]},"properties":{"hgv":"destination","goods":"destination"}},{"type":"Feature","geometry":{"type":"Point","coordinates":[8.1259029,48.6808648]},"properties":{"hgv":"destination","goods":"destination"}},{"type":"Feature","geometry":{"type":"Point","coordinates":[8.723812,48.7082427]},"properties":{"hgv":"forestry"}},{"type":"Feature","geometry":{"type":"Point","coordinates":[8.3763682,48.9717898]},"properties":{"maxheight":"2.5"}},{"type":"Feature","geometry":{"type":"Point","coordinates":[8.0118458,48.5863874]},"properties":{"maxweight":"7.5"}},{"type":"Feature","geometry":{"type":"Point","coordinates":[8.3526048,48.2916093]},"properties":{"hgv":"destination","maxweight":"7.5"}},{"type":"Feature","geometry":{"type":"Point","coordinates":[8.7715022,48.6660781]},"properties":{"maxweight":"3.5"}},{"type":"Feature","geometry":{"type":"Point","coordinates":[8.3938415,48.9800514]},"properties":{"maxweight":"3"}},{"type":"Feature","geometry":{"type":"Point","coordinates":[8.4637133,48.9988578]},"properties":{"maxheight":"2.0"}},{"type":"Feature","geometry":{"type":"Point","coordinates":[8.8292433,48.5136194]},"properties":{"maxheight":"3.8"}},{"type":"Feature","geometry":{"type":"Point","coordinates":[8.8275112,48.5113158]},"properties":{"maxheight":"3.5"}},{"type":"Feature","geometry":{"type":"Point","coordinates":[8.4099474,48.9964869]},"properties":{"maxheight":"3.95"}},{"type":"Feature","geometry":{"type":"Point","coordinates":[8.4096971,48.9967032]},"properties":{"maxheight":"below_default"}},{"type":"Feature","geometry":{"type":"Point","coordinates":[8.4093543,48.9965316]},"properties":{"maxweight":"16"}},{"type":"Feature","geometry":{"type":"Point","coordinates":[8.4094297,48.9965293]},"properties":{"maxweight":"16"}},{"type":"Feature","geometry":{"type":"Point","coordinates":[8.410113,48.9965161]},"properties":{"maxheight":"3.95"}},{"type":"Feature","geometry":{"type":"Point","coordinates":[8.242213,48.7532361]},"properties":{"maxheight":"none"}},{"type":"Feature","geometry":{"type":"Point","coordinates":[8.2446073,48.7533865]},"properties":{"maxheight":"none"}},{"type":"Feature","geometry":{"type":"Point","coordinates":[8.6375756,48.6664495]},"properties":{"maxweight":"6"}},{"type":"Feature","geometry":{"type":"Point","coordinates":[8.6409106,48.6625854]},"properties":{"maxweight":"6"}},{"type":"Feature","geometry":{"type":"Point","coordinates":[8.98459,48.9171356]},"properties":{"maxheight":"below_default"}},{"type":"Feature","geometry":{"type":"Point","coordinates":[8.1247426,48.6176139]},"properties":{"maxheight":"2.5","maxwidth":"1.8"}},{"type":"Feature","geometry":{"type":"Point","coordinates":[8.4827361,48.9980591]},"properties":{"maxheight":"2.1"}},{"type":"Feature","geometry":{"type":"Point","coordinates":[8.6872449,48.6490427]},"properties":{"maxweight":"3.5"}},{"type":"Feature","geometry":{"type":"Point","coordinates":[8.6873425,48.6489563]},"properties":{"maxweight":"3.5"}},{"type":"Feature","geometry":{"type":"Point","coordinates":[8.4836315,48.9977758]},"properties":{"maxheight":"2"}},{"type":"Feature","geometry":{"type":"Point","coordinates":[8.4835918,48.9978304]},"properties":{"maxheight":"2"}},{"type":"Feature","geometry":{"type":"Point","coordinates":[8.7375154,48.6226009]},"properties":{"maxweight":"7.5"}},{"type":"Feature","geometry":{"type":"Point","coordinates":[8.6953628,48.6338973]},"properties":{"maxweight":"3.5"}},{"type":"Feature","geometry":{"type":"Point","coordinates":[8.7054496,48.6498369]},"properties":{"maxweight":"6"}},{"type":"Feature","geometry":{"type":"Point","coordinates":[8.7341603,48.6326745]},"properties":{"maxweight":"3.5"}},{"type":"Feature","geometry":{"type":"Point","coordinates":[8.3258891,48.9809686]},"properties":{"maxweight":"1.0"}},{"type":"Feature","geometry":{"type":"Point","coordinates":[8.9052087,48.6484412]},"properties":{"hgv":"destination","maxweight":"7.5"}},{"type":"Feature","geometry":{"type":"Point","coordinates":[8.9126676,48.64607]},"properties":{"hgv":"destination","maxweight":"7.5"}},{"type":"Feature","geometry":{"type":"Point","coordinates":[8.9125729,48.6458409]},"properties":{"hgv":"destination","maxweight":"7.5"}},{"type":"Feature","geometry":{"type":"Point","coordinates":[8.6893921,48.4420507]},"properties":{"maxheight":"none"}},{"type":"Feature","geometry":{"type":"Point","coordinates":[8.8782038,48.6716316]},"properties":{"maxweight":"3"}},{"type":"Feature","geometry":{"type":"Point","coordinates":[8.7593884,48.6365687]},"properties":{"maxheight":"below_default"}},{"type":"Feature","geometry":{"type":"Point","coordinates":[8.4551355,48.9714389]},"properties":{"maxheight":"2.2"}},{"type":"Feature","geometry":{"type":"Point","coordinates":[8.7667375,48.6909719]},"properties":{"hgv":"private","goods":"private"}},{"type":"Feature","geometry":{"type":"Point","coordinates":[8.7676681,48.6900898]},"properties":{"hgv":"private","goods":"private"}},{"type":"Feature","geometry":{"type":"Point","coordinates":[8.3912706,48.9460929]},"properties":{"maxweight":"7.5"}},{"type":"Feature","geometry":{"type":"Point","coordinates":[8.7758211,48.8130557]},"properties":{"maxweight":"12"}},{"type":"Feature","geometry":{"type":"Point","coordinates":[8.7357107,48.8178631]},"properties":{"maxweight":"12"}},{"type":"Feature","geometry":{"type":"Point","coordinates":[8.7415641,48.8174284]},"properties":{"maxweight":"12"}},{"type":"Feature","geometry":{"type":"Point","coordinates":[8.367904,48.9855474]},"properties":{"maxheight":"default"}},{"type":"Feature","geometry":{"type":"Point","coordinates":[8.9771635,48.9503834]},"properties":{"hgv":"no"}},{"type":"Feature","geometry":{"type":"Point","coordinates":[8.9761006,48.9504692]},"properties":{"hgv":"no"}},{"type":"Feature","geometry":{"type":"Point","coordinates":[8.4135041,48.8232356]},"properties":{"hgv":"no"}},{"type":"Feature","geometry":{"type":"Point","coordinates":[8.4351988,48.7958004]},"properties":{"maxweight":"2.5"}},{"type":"Feature","geometry":{"type":"Point","coordinates":[8.4312122,48.9930301]},"properties":{"maxheight":"default"}},{"type":"Feature","geometry":{"type":"Point","coordinates":[8.45362,48.9998332]},"properties":{"hgv":"destination"}},{"type":"Feature","geometry":{"type":"Point","coordinates":[8.9966593,48.482726]},"properties":{"maxlength":"10"}},{"type":"Feature","geometry":{"type":"Point","coordinates":[8.9328667,48.4729209]},"properties":{"hgv":"no"}},{"type":"Feature","geometry":{"type":"Point","coordinates":[8.9420625,48.4750047]},"properties":{"hgv":"no"}},{"type":"Feature","geometry":{"type":"Point","coordinates":[8.2593449,48.9143428]},"properties":{"maxheight":"none"}},{"type":"Feature","geometry":{"type":"Point","coordinates":[8.1864332,48.9223636]},"properties":{"maxweight":"1.5"}},{"type":"Feature","geometry":{"type":"Point","coordinates":[8.3053636,48.96147]},"properties":{"maxheight":"2.5"}},{"type":"Feature","geometry":{"type":"Point","coordinates":[8.8407712,48.8887278]},"properties":{"maxweight":"8"}},{"type":"Feature","geometry":{"type":"Point","coordinates":[8.8322355,48.7857567]},"properties":{"hgv":"destination;agricultural"}},{"type":"Feature","geometry":{"type":"Point","coordinates":[8.833467,48.7874016]},"properties":{"hgv":"destination;agricultural"}},{"type":"Feature","geometry":{"type":"Point","coordinates":[8.648879,48.669329]},"properties":{"maxweight":"6"}},{"type":"Feature","geometry":{"type":"Point","coordinates":[8.6369512,48.6679185]},"properties":{"maxweight":"6"}},{"type":"Feature","geometry":{"type":"Point","coordinates":[8.426321,48.9361926]},"properties":{"hgv":"no"}},{"type":"Feature","geometry":{"type":"Point","coordinates":[8.0553879,48.6656276]},"properties":{"maxweight":"7.5"}},{"type":"Feature","geometry":{"type":"Point","coordinates":[8.4028863,48.9963709]},"properties":{"maxheight:physical":"1"}},{"type":"Feature","geometry":{"type":"Point","coordinates":[8.2199106,48.8052229]},"properties":{"hgv":"no"}},{"type":"Feature","geometry":{"type":"Point","coordinates":[8.5713734,48.3158974]},"properties":{"maxweight":"2.4"}},{"type":"Feature","geometry":{"type":"Point","coordinates":[8.5714719,48.3158827]},"properties":{"maxweight":"2.4"}},{"type":"Feature","geometry":{"type":"Point","coordinates":[8.5052741,48.9221239]},"properties":{"maxwidth":"3"}},{"type":"Feature","geometry":{"type":"Point","coordinates":[8.5787834,48.9498637]},"properties":{"hgv":"agricultural"}},{"type":"Feature","geometry":{"type":"Point","coordinates":[8.7683653,48.8796694]},"properties":{"maxweight":"2.8"}},{"type":"Feature","geometry":{"type":"Point","coordinates":[8.7782142,48.7398292]},"properties":{"hgv":"destination"}},{"type":"Feature","geometry":{"type":"Point","coordinates":[8.7794807,48.7385033]},"properties":{"hgv":"destination"}},{"type":"Feature","geometry":{"type":"Point","coordinates":[8.334102,48.9907629]},"properties":{"maxwidth":"1.7"}},{"type":"Feature","geometry":{"type":"Point","coordinates":[8.3345088,48.9915744]},"properties":{"maxwidth":"1.2"}},{"type":"Feature","geometry":{"type":"Point","coordinates":[8.1784862,48.0261326]},"properties":{"maxheight":"default"}},{"type":"Feature","geometry":{"type":"Point","coordinates":[8.1731787,48.0396248]},"properties":{"maxweightrating:hgv":"12"}},{"type":"Feature","geometry":{"type":"Point","coordinates":[8.2385206,48.1377655]},"properties":{"maxheight":"4"}},{"type":"Feature","geometry":{"type":"Point","coordinates":[8.2384012,48.1376676]},"properties":{"maxheight":"4"}},{"type":"Feature","geometry":{"type":"Point","coordinates":[8.3232942,48.2907798]},"properties":{"hgv":"destination","maxweight":"7.5"}},{"type":"Feature","geometry":{"type":"Point","coordinates":[8.3234364,48.2907468]},"properties":{"hgv":"destination","maxweight":"7.5"}},{"type":"Feature","geometry":{"type":"Point","coordinates":[8.352081,48.2914252]},"properties":{"hgv":"destination","maxweight":"7.5"}},{"type":"Feature","geometry":{"type":"Point","coordinates":[8.2215876,48.2974712]},"properties":{"maxheight":"4"}},{"type":"Feature","geometry":{"type":"Point","coordinates":[8.7049823,48.8936448]},"properties":{"maxheight":"default"}},{"type":"Feature","geometry":{"type":"Point","coordinates":[8.720608,48.9010357]},"properties":{"hgv":"destination"}},{"type":"Feature","geometry":{"type":"Point","coordinates":[8.4284905,48.9993519]},"properties":{"maxheight":"2.90"}},{"type":"Feature","geometry":{"type":"Point","coordinates":[8.4225008,48.0387831]},"properties":{"maxweight":"7.5"}},{"type":"Feature","geometry":{"type":"Point","coordinates":[8.4185989,48.0718032]},"properties":{"maxweight":"3.5"}},{"type":"Feature","geometry":{"type":"Point","coordinates":[8.221743,48.8061316]},"properties":{"hgv":"destination"}},{"type":"Feature","geometry":{"type":"Point","coordinates":[8.2208368,48.8061626]},"properties":{"hgv":"no"}},{"type":"Feature","geometry":{"type":"Point","coordinates":[8.2201474,48.8052242]},"properties":{"hgv":"destination"}},{"type":"Feature","geometry":{"type":"Point","coordinates":[8.348301,48.109618]},"properties":{"maxweight":"3.5"}},{"type":"Feature","geometry":{"type":"Point","coordinates":[8.1767933,48.0191268]},"properties":{"maxweight":"16"}},{"type":"Feature","geometry":{"type":"Point","coordinates":[8.330009,48.9672066]},"properties":{"hgv":"no"}},{"type":"Feature","geometry":{"type":"Point","coordinates":[8.3433961,48.1079608]},"properties":{"maxweight":"3.5"}},{"type":"Feature","geometry":{"type":"Point","coordinates":[8.359677,48.6810707]},"properties":{"maxweight":"7.5"}},{"type":"Feature","geometry":{"type":"Point","coordinates":[8.3557838,48.6845859]},"properties":{"maxweight":"7.5"}},{"type":"Feature","geometry":{"type":"Point","coordinates":[8.3589059,48.6818464]},"properties":{"maxweight":"7.5"}},{"type":"Feature","geometry":{"type":"Point","coordinates":[8.542643,48.0129843]},"properties":{"hgv":"no"}},{"type":"Feature","geometry":{"type":"Point","coordinates":[8.5056965,48.0357978]},"properties":{"maxweight":"3.5"}},{"type":"Feature","geometry":{"type":"Point","coordinates":[8.3933026,48.1034932]},"properties":{"maxweight":"3.5"}},{"type":"Feature","geometry":{"type":"Point","coordinates":[8.4698971,48.9227839]},"properties":{"hgv":"destination"}},{"type":"Feature","geometry":{"type":"Point","coordinates":[8.3786231,48.9909355]},"properties":{"hgv":"no"}},{"type":"Feature","geometry":{"type":"Point","coordinates":[8.4505384,48.0297885]},"properties":{"maxweight":"3.5"}},{"type":"Feature","geometry":{"type":"Point","coordinates":[8.4503968,48.0282828]},"properties":{"maxweight":"3.5"}},{"type":"Feature","geometry":{"type":"Point","coordinates":[8.0297851,48.1457725]},"properties":{"maxheight":"default"}},{"type":"Feature","geometry":{"type":"Point","coordinates":[8.8499339,48.7271106]},"properties":{"maxweight":"6"}},{"type":"Feature","geometry":{"type":"Point","coordinates":[8.6604887,48.6024078]},"properties":{"maxweight":"3.5"}},{"type":"Feature","geometry":{"type":"Point","coordinates":[8.6603212,48.6048127]},"properties":{"maxweight":"3.5"}},{"type":"Feature","geometry":{"type":"Point","coordinates":[8.6832214,48.5983273]},"properties":{"maxweightrating:hgv":"6"}},{"type":"Feature","geometry":{"type":"Point","coordinates":[8.6798243,48.5925578]},"properties":{"maxweightrating:hgv":"6"}},{"type":"Feature","geometry":{"type":"Point","coordinates":[8.6783382,48.5901813]},"properties":{"maxweightrating:hgv":"6"}},{"type":"Feature","geometry":{"type":"Point","coordinates":[8.6759466,48.5879752]},"properties":{"maxweightrating:hgv":"6"}},{"type":"Feature","geometry":{"type":"Point","coordinates":[8.162848,48.4550855]},"properties":{"maxwidth":"1.2"}},{"type":"Feature","geometry":{"type":"Point","coordinates":[8.0334677,48.0158358]},"properties":{"maxweight":"2.8"}},{"type":"Feature","geometry":{"type":"Point","coordinates":[8.7039224,48.8935518]},"properties":{"maxheight":"default"}},{"type":"Feature","geometry":{"type":"Point","coordinates":[8.7047512,48.8936464]},"properties":{"maxheight":"default"}},{"type":"Feature","geometry":{"type":"Point","coordinates":[8.7042594,48.8937641]},"properties":{"maxheight":"default"}},{"type":"Feature","geometry":{"type":"Point","coordinates":[8.8747836,48.7519288]},"properties":{"maxweightrating:hgv":"7.5"}},{"type":"Feature","geometry":{"type":"Point","coordinates":[8.256666,48.7975162]},"properties":{"maxweight":"3.5"}},{"type":"Feature","geometry":{"type":"Point","coordinates":[8.1557634,48.7594706]},"properties":{"maxheight":"2.8"}},{"type":"Feature","geometry":{"type":"Point","coordinates":[8.222071,48.4398095]},"properties":{"maxweight":"3.5"}},{"type":"Feature","geometry":{"type":"Point","coordinates":[8.9448241,48.7507169]},"properties":{"maxheight":"default"}},{"type":"Feature","geometry":{"type":"Point","coordinates":[8.9446961,48.7506043]},"properties":{"maxheight":"default"}},{"type":"Feature","geometry":{"type":"Point","coordinates":[8.2243648,48.171672]},"properties":{"maxlength":"10"}},{"type":"Feature","geometry":{"type":"Point","coordinates":[8.2229939,48.1683984]},"properties":{"maxheight":"4"}},{"type":"Feature","geometry":{"type":"Point","coordinates":[8.4881397,48.4728233]},"properties":{"hgv":"destination"}},{"type":"Feature","geometry":{"type":"Point","coordinates":[8.4870953,48.4729086]},"properties":{"hgv":"destination"}},{"type":"Feature","geometry":{"type":"Point","coordinates":[8.872517,48.5951069]},"properties":{"maxweight":"7.5"}},{"type":"Feature","geometry":{"type":"Point","coordinates":[8.2213744,48.6826689]},"properties":{"maxweight":"7,5"}},{"type":"Feature","geometry":{"type":"Point","coordinates":[8.5771131,48.662401]},"properties":{"maxweight":"2.8"}},{"type":"Feature","geometry":{"type":"Point","coordinates":[8.3992215,48.9904229]},"properties":{"hgv":"no","maxweight":"3.5"}},{"type":"Feature","geometry":{"type":"Point","coordinates":[8.4033098,48.9916773]},"properties":{"maxheight":"1.95"}},{"type":"Feature","geometry":{"type":"Point","coordinates":[8.1832125,48.6687132]},"properties":{"maxwidth":"2"}},{"type":"Feature","geometry":{"type":"Point","coordinates":[8.5758741,48.6619886]},"properties":{"maxweight":"2.8"}},{"type":"Feature","geometry":{"type":"Point","coordinates":[8.567922,48.6605566]},"properties":{"maxweight":"2.8"}},{"type":"Feature","geometry":{"type":"Point","coordinates":[8.5371906,48.0453771]},"properties":{"maxheight":"2.9"}},{"type":"Feature","geometry":{"type":"Point","coordinates":[8.3782518,48.9905527]},"properties":{"hgv":"no"}},{"type":"Feature","geometry":{"type":"Point","coordinates":[8.3683153,48.9388258]},"properties":{"hgv":"delivery"}},{"type":"Feature","geometry":{"type":"Point","coordinates":[8.0116438,48.5862989]},"properties":{"maxweight":"7.5"}},{"type":"Feature","geometry":{"type":"Point","coordinates":[8.4102151,48.9997856]},"properties":{"maxheight":"2.1"}},{"type":"Feature","geometry":{"type":"Point","coordinates":[8.5099587,48.631095]},"properties":{"hgv":"designated"}},{"type":"Feature","geometry":{"type":"Point","coordinates":[8.0039824,48.5923906]},"properties":{"hgv":"no"}},{"type":"Feature","geometry":{"type":"Point","coordinates":[8.4592076,48.9919194]},"properties":{"maxweight":"1.5"}},{"type":"Feature","geometry":{"type":"Point","coordinates":[8.4587068,48.9914706]},"properties":{"maxweight":"1.5"}},{"type":"Feature","geometry":{"type":"Point","coordinates":[8.458158,48.9908906]},"properties":{"maxweight":"1.5"}},{"type":"Feature","geometry":{"type":"Point","coordinates":[8.2115184,48.2476029]},"properties":{"maxwidth":"4.5"}},{"type":"Feature","geometry":{"type":"Point","coordinates":[8.2103514,48.2501965]},"properties":{"maxwidth":"4.5"}},{"type":"Feature","geometry":{"type":"Point","coordinates":[8.2231658,48.2206856]},"properties":{"maxwidth":"3.5"}},{"type":"Feature","geometry":{"type":"Point","coordinates":[8.8530026,48.7284519]},"properties":{"hgv":"destination","maxheight":"default"}},{"type":"Feature","geometry":{"type":"Point","coordinates":[8.9453057,48.8005464]},"properties":{"maxheight":"default"}},{"type":"Feature","geometry":{"type":"Point","coordinates":[8.2014026,48.2702563]},"properties":{"maxwidth":"6"}},{"type":"Feature","geometry":{"type":"Point","coordinates":[8.4585922,48.9913783]},"properties":{"maxweight":"1.5"}},{"type":"Feature","geometry":{"type":"Point","coordinates":[8.4576944,48.9905709]},"properties":{"maxweight":"1.5"}},{"type":"Feature","geometry":{"type":"Point","coordinates":[8.9220423,48.812049]},"properties":{"maxheight":"2.7"}},{"type":"Feature","geometry":{"type":"Point","coordinates":[8.9220818,48.8118632]},"properties":{"maxheight":"2.7"}},{"type":"Feature","geometry":{"type":"Point","coordinates":[8.2137984,48.7771847]},"properties":{"hgv":"no"}},{"type":"Feature","geometry":{"type":"Point","coordinates":[8.9715301,48.3574141]},"properties":{"maxheight":"3.6"}},{"type":"Feature","geometry":{"type":"Point","coordinates":[8.2158901,48.2861553]},"properties":{"maxweight":"7.5"}},{"type":"Feature","geometry":{"type":"Point","coordinates":[8.9781294,48.6756669]},"properties":{"maxheight":"default"}},{"type":"Feature","geometry":{"type":"Point","coordinates":[8.2477091,48.7572447]},"properties":{"maxweight":"16"}},{"type":"Feature","geometry":{"type":"Point","coordinates":[8.2484494,48.7576371]},"properties":{"maxweight":"16"}},{"type":"Feature","geometry":{"type":"Point","coordinates":[8.4635762,48.9961094]},"properties":{"maxheight":"default"}},{"type":"Feature","geometry":{"type":"Point","coordinates":[8.864053,48.7437468]},"properties":{"hgv":"agricultural;forestry"}},{"type":"Feature","geometry":{"type":"Point","coordinates":[8.8635464,48.7425623]},"properties":{"hgv":"agricultural;forestry"}},{"type":"Feature","geometry":{"type":"Point","coordinates":[8.8627483,48.7420461]},"properties":{"hgv":"agricultural;forestry"}},{"type":"Feature","geometry":{"type":"Point","coordinates":[8.8623946,48.7418139]},"properties":{"hgv":"agricultural;forestry"}},{"type":"Feature","geometry":{"type":"Point","coordinates":[8.861352,48.7409789]},"properties":{"hgv":"agricultural;forestry"}},{"type":"Feature","geometry":{"type":"Point","coordinates":[8.8580473,48.7379349]},"properties":{"hgv":"agricultural;forestry"}},{"type":"Feature","geometry":{"type":"Point","coordinates":[8.8536202,48.7290531]},"properties":{"hgv":"agricultural;forestry"}},{"type":"Feature","geometry":{"type":"Point","coordinates":[8.8532009,48.7286617]},"properties":{"hgv":"destination"}},{"type":"Feature","geometry":{"type":"Point","coordinates":[8.8672329,48.746708]},"properties":{"hgv":"agricultural;forestry"}},{"type":"Feature","geometry":{"type":"Point","coordinates":[8.7807361,48.7224167]},"properties":{"maxheight":"2.6"}},{"type":"Feature","geometry":{"type":"Point","coordinates":[8.7805881,48.7224882]},"properties":{"maxheight":"2.6"}},{"type":"Feature","geometry":{"type":"Point","coordinates":[8.3921228,48.9951379]},"properties":{"maxheight":"3"}},{"type":"Feature","geometry":{"type":"Point","coordinates":[8.5070052,48.4677081]},"properties":{"maxlength":"10"}},{"type":"Feature","geometry":{"type":"Point","coordinates":[8.3987896,48.991754]},"properties":{"maxheight":"2.10"}},{"type":"Feature","geometry":{"type":"Point","coordinates":[8.1580221,48.6575066]},"properties":{"maxweight":"7.5"}},{"type":"Feature","geometry":{"type":"Point","coordinates":[8.137927,48.6064327]},"properties":{"maxweight":"16 t"}},{"type":"Feature","geometry":{"type":"Point","coordinates":[8.1352465,48.6051541]},"properties":{"maxweight":"16 t"}},{"type":"Feature","geometry":{"type":"Point","coordinates":[8.3278914,48.5159894]},"properties":{"hgv":"no"}},{"type":"Feature","geometry":{"type":"Point","coordinates":[8.7125646,48.9037964]},"properties":{"hgv":"destination"}},{"type":"Feature","geometry":{"type":"Point","coordinates":[8.285404,48.7721538]},"properties":{"hgv":"destination","maxweight":"7.5"}},{"type":"Feature","geometry":{"type":"Point","coordinates":[8.9557618,48.9316266]},"properties":{"hgv":"destination","maxweight":"7.5"}},{"type":"Feature","geometry":{"type":"Point","coordinates":[8.9561472,48.9310846]},"properties":{"hgv":"destination","maxweight":"7.5"}},{"type":"Feature","geometry":{"type":"Point","coordinates":[8.1748758,48.6978975]},"properties":{"maxheight":"3"}},{"type":"Feature","geometry":{"type":"Point","coordinates":[8.0010203,48.1210492]},"properties":{"maxheight":"default"}},{"type":"Feature","geometry":{"type":"Point","coordinates":[8.0333779,48.0158426]},"properties":{"maxweight":"2.8"}},{"type":"Feature","geometry":{"type":"Point","coordinates":[8.0331963,48.0158559]},"properties":{"maxweight":"2.8"}},{"type":"Feature","geometry":{"type":"Point","coordinates":[8.0438386,48.0198006]},"properties":{"maxweight":"12"}},{"type":"Feature","geometry":{"type":"Point","coordinates":[8.0426216,48.0200074]},"properties":{"maxweight":"12"}},{"type":"Feature","geometry":{"type":"Point","coordinates":[8.0455495,48.0196656]},"properties":{"maxweight":"12"}},{"type":"Feature","geometry":{"type":"Point","coordinates":[8.0462842,48.0197584]},"properties":{"maxweight":"12"}},{"type":"Feature","geometry":{"type":"Point","coordinates":[8.1132402,48.7221865]},"properties":{"maxweight":"7.5"}},{"type":"Feature","geometry":{"type":"Point","coordinates":[8.112512,48.7233913]},"properties":{"maxweight":"7.5"}},{"type":"Feature","geometry":{"type":"Point","coordinates":[8.1130315,48.7224721]},"properties":{"maxweight":"7.5"}},{"type":"Feature","geometry":{"type":"Point","coordinates":[8.1133865,48.7219842]},"properties":{"maxweight":"7.5"}},{"type":"Feature","geometry":{"type":"Point","coordinates":[8.1072151,48.7244357]},"properties":{"hgv":"delivery","maxheight":"3.5"}},{"type":"Feature","geometry":{"type":"Point","coordinates":[8.065095,48.7188171]},"properties":{"hgv":"no"}},{"type":"Feature","geometry":{"type":"Point","coordinates":[8.9557343,48.6649277]},"properties":{"maxweight":"7.5"}},{"type":"Feature","geometry":{"type":"Point","coordinates":[8.2036135,48.8522265]},"properties":{"maxweight":"7.5"}},{"type":"Feature","geometry":{"type":"Point","coordinates":[8.2036956,48.8518391]},"properties":{"maxweight":"7.5"}},{"type":"Feature","geometry":{"type":"Point","coordinates":[8.2037241,48.8517352]},"properties":{"maxweight":"7.5"}},{"type":"Feature","geometry":{"type":"Point","coordinates":[8.2036496,48.8520542]},"properties":{"maxweight":"7.5"}},{"type":"Feature","geometry":{"type":"Point","coordinates":[8.2177138,48.5960634]},"properties":{"hgv":"no","goods":"no"}},{"type":"Feature","geometry":{"type":"Point","coordinates":[8.0127551,48.2536404]},"properties":{"maxweight":"5 t"}},{"type":"Feature","geometry":{"type":"Point","coordinates":[8.3147864,48.1256142]},"properties":{"maxlength":"4"}},{"type":"Feature","geometry":{"type":"Point","coordinates":[8.3149275,48.1256624]},"properties":{"maxlength":"4"}},{"type":"Feature","geometry":{"type":"Point","coordinates":[8.5342022,48.0627799]},"properties":{"maxheight":"2"}},{"type":"Feature","geometry":{"type":"Point","coordinates":[8.9171646,48.9358722]},"properties":{"hgv":"destination"}},{"type":"Feature","geometry":{"type":"Point","coordinates":[8.3275415,48.1265914]},"properties":{"maxweight":"3.5"}},{"type":"Feature","geometry":{"type":"Point","coordinates":[8.3262368,48.1288045]},"properties":{"maxweight":"3.5"}},{"type":"Feature","geometry":{"type":"Point","coordinates":[8.3271502,48.1268454]},"properties":{"goods":"yes","maxweight":"3.5"}},{"type":"Feature","geometry":{"type":"Point","coordinates":[8.3281261,48.1277263]},"properties":{"maxweight":"3.5"}},{"type":"Feature","geometry":{"type":"Point","coordinates":[8.3266957,48.12713]},"properties":{"goods":"yes","maxweight":"3.5"}},{"type":"Feature","geometry":{"type":"Point","coordinates":[8.2818259,48.9561326]},"properties":{"hgv":"no"}},{"type":"Feature","geometry":{"type":"Point","coordinates":[8.3768632,48.1314091]},"properties":{"hgv":"no"}},{"type":"Feature","geometry":{"type":"Point","coordinates":[8.1162475,48.7196902]},"properties":{"maxweight":"7.5"}},{"type":"Feature","geometry":{"type":"Point","coordinates":[8.8485027,48.6774455]},"properties":{"hgv":"agricultural;forestry","maxwidth":"3.5"}},{"type":"Feature","geometry":{"type":"Point","coordinates":[8.8116982,48.6696578]},"properties":{"hgv":"agricultural;forestry","maxwidth":"3.5"}},{"type":"Feature","geometry":{"type":"Point","coordinates":[8.3202542,48.8020353]},"properties":{"maxheight":"2"}},{"type":"Feature","geometry":{"type":"Point","coordinates":[8.2155099,48.8613128]},"properties":{"hgv":"no"}},{"type":"Feature","geometry":{"type":"Point","coordinates":[8.5691372,48.4950397]},"properties":{"hgv":"no"}},{"type":"Feature","geometry":{"type":"Point","coordinates":[8.3978824,48.097122]},"properties":{"maxweight":"3.5"}},{"type":"Feature","geometry":{"type":"Point","coordinates":[8.3972046,48.0977847]},"properties":{"maxweight":"3.5"}},{"type":"Feature","geometry":{"type":"Point","coordinates":[8.4997651,48.0643014]},"properties":{"maxheight":"2"}},{"type":"Feature","geometry":{"type":"Point","coordinates":[8.3759814,48.9888433]},"properties":{"hgv":"destination","maxheight":"default"}},{"type":"Feature","geometry":{"type":"Point","coordinates":[8.4344689,48.7691043]},"properties":{"maxweight":"7.5"}},{"type":"Feature","geometry":{"type":"Point","coordinates":[8.4319445,48.7692954]},"properties":{"maxweight":"7.5"}},{"type":"Feature","geometry":{"type":"Point","coordinates":[8.4332066,48.7701419]},"properties":{"maxweight":"7.5"}},{"type":"Feature","geometry":{"type":"Point","coordinates":[8.5449628,48.0639551]},"properties":{"maxheight":"4"}},{"type":"Feature","geometry":{"type":"Point","coordinates":[8.0115495,48.5862663]},"properties":{"maxweight":"7.5"}},{"type":"Feature","geometry":{"type":"Point","coordinates":[8.0119405,48.5864614]},"properties":{"maxweight":"7.5"}},{"type":"Feature","geometry":{"type":"Point","coordinates":[8.5338345,48.9944551]},"properties":{"hgv":"destination"}},{"type":"Feature","geometry":{"type":"Point","coordinates":[8.5336198,48.9964444]},"properties":{"hgv":"destination"}},{"type":"Feature","geometry":{"type":"Point","coordinates":[8.0727008,48.5384949]},"properties":{"hgv":"delivery"}},{"type":"Feature","geometry":{"type":"Point","coordinates":[8.0721507,48.5388203]},"properties":{"hgv":"delivery"}},{"type":"Feature","geometry":{"type":"Point","coordinates":[8.0724104,48.5386733]},"properties":{"hgv":"delivery"}},{"type":"Feature","geometry":{"type":"Point","coordinates":[8.0729422,48.5383205]},"properties":{"hgv":"delivery"}},{"type":"Feature","geometry":{"type":"Point","coordinates":[8.6346711,48.0726611]},"properties":{"hgv":"delivery"}},{"type":"Feature","geometry":{"type":"Point","coordinates":[8.635149,48.0724845]},"properties":{"hgv":"delivery"}},{"type":"Feature","geometry":{"type":"Point","coordinates":[8.6349408,48.0723926]},"properties":{"hgv":"delivery"}},{"type":"Feature","geometry":{"type":"Point","coordinates":[8.6347531,48.0723097]},"properties":{"hgv":"delivery"}},{"type":"Feature","geometry":{"type":"Point","coordinates":[8.6345565,48.0722229]},"properties":{"hgv":"delivery"}},{"type":"Feature","geometry":{"type":"Point","coordinates":[8.8526826,48.8598881]},"properties":{"hgv":"delivery"}},{"type":"Feature","geometry":{"type":"Point","coordinates":[8.5242955,48.0297705]},"properties":{"maxheight":"3"}},{"type":"Feature","geometry":{"type":"Point","coordinates":[8.525106,48.0295483]},"properties":{"maxheight":"3"}},{"type":"Feature","geometry":{"type":"Point","coordinates":[8.5251952,48.0296125]},"properties":{"maxheight":"3"}},{"type":"Feature","geometry":{"type":"Point","coordinates":[8.7268632,48.6803394]},"properties":{"maxweight":"6"}},{"type":"Feature","geometry":{"type":"Point","coordinates":[8.7418109,48.6878892]},"properties":{"maxweight":"6"}},{"type":"Feature","geometry":{"type":"Point","coordinates":[8.6511805,48.6013595]},"properties":{"maxweight":"3.5"}},{"type":"Feature","geometry":{"type":"Point","coordinates":[8.6255127,48.0755601]},"properties":{"maxheight":"default"}},{"type":"Feature","geometry":{"type":"Point","coordinates":[8.3741496,48.9952095]},"properties":{"maxheight":"default"}},{"type":"Feature","geometry":{"type":"Point","coordinates":[8.3725959,48.997154]},"properties":{"maxheight":"default"}},{"type":"Feature","geometry":{"type":"Point","coordinates":[8.8159109,48.7537789]},"properties":{"maxweight":"7.5"}},{"type":"Feature","geometry":{"type":"Point","coordinates":[8.8293458,48.763657]},"properties":{"maxweight":"7.5"}},{"type":"Feature","geometry":{"type":"Point","coordinates":[8.8456311,48.7683357]},"properties":{"maxweight":"7.5"}},{"type":"Feature","geometry":{"type":"Point","coordinates":[8.9996845,48.500867]},"properties":{"maxheight":"3.4"}},{"type":"Feature","geometry":{"type":"Point","coordinates":[8.4074381,48.9912438]},"properties":{"maxheight":"default"}},{"type":"Feature","geometry":{"type":"Point","coordinates":[8.1572007,48.4738062]},"properties":{"hgv":"destination"}},{"type":"Feature","geometry":{"type":"Point","coordinates":[8.4713887,48.4650978]},"properties":{"maxweight":"6"}},{"type":"Feature","geometry":{"type":"Point","coordinates":[8.2450857,48.4930771]},"properties":{"maxweight":"6"}},{"type":"Feature","geometry":{"type":"Point","coordinates":[8.4374365,48.4655665]},"properties":{"maxheight":"4"}},{"type":"Feature","geometry":{"type":"Point","coordinates":[8.4558777,48.0557899]},"properties":{"maxwidth":"4"}},{"type":"Feature","geometry":{"type":"Point","coordinates":[8.2778844,48.618527]},"properties":{"hgv":"destination"}},{"type":"Feature","geometry":{"type":"Point","coordinates":[8.4512066,48.0595826]},"properties":{"maxheight":"2.5"}},{"type":"Feature","geometry":{"type":"Point","coordinates":[8.9927249,48.485295]},"properties":{"maxheight":"default"}},{"type":"Feature","geometry":{"type":"Point","coordinates":[8.7012558,48.890032]},"properties":{"hgv":"destination"}},{"type":"Feature","geometry":{"type":"Point","coordinates":[8.7008272,48.8901324]},"properties":{"hgv":"destination"}},{"type":"Feature","geometry":{"type":"Point","coordinates":[8.7000978,48.8901395]},"properties":{"hgv":"destination"}},{"type":"Feature","geometry":{"type":"Point","coordinates":[8.9375327,48.7761408]},"properties":{"hgv":"no"}},{"type":"Feature","geometry":{"type":"Point","coordinates":[8.852909,48.7705935]},"properties":{"hgv":"no"}},{"type":"Feature","geometry":{"type":"Point","coordinates":[8.4693574,48.8550104]},"properties":{"maxweight":"1.5"}},{"type":"Feature","geometry":{"type":"Point","coordinates":[8.4600031,48.8607654]},"properties":{"maxweight":"1.5"}},{"type":"Feature","geometry":{"type":"Point","coordinates":[8.4652559,48.8608524]},"properties":{"maxweight":"1.5"}},{"type":"Feature","geometry":{"type":"Point","coordinates":[8.0311718,48.0160253]},"properties":{"maxheight":"3"}},{"type":"Feature","geometry":{"type":"Point","coordinates":[8.0313406,48.0158097]},"properties":{"maxheight":"3"}},{"type":"Feature","geometry":{"type":"Point","coordinates":[8.7498239,48.629718]},"properties":{"hgv":"no","maxweightrating:hgv":"7.5"}},{"type":"Feature","geometry":{"type":"Point","coordinates":[8.7526558,48.6329215]},"properties":{"hgv":"no","maxweightrating:hgv":"7.5"}},{"type":"Feature","geometry":{"type":"Point","coordinates":[8.747653,48.628026]},"properties":{"hgv":"no","maxweightrating:hgv":"7.5"}},{"type":"Feature","geometry":{"type":"Point","coordinates":[8.1368864,48.8870199]},"properties":{"maxheight":"2.2","maxweight":"3.5"}},{"type":"Feature","geometry":{"type":"Point","coordinates":[8.2116218,48.4744856]},"properties":{"maxweight":"6"}},{"type":"Feature","geometry":{"type":"Point","coordinates":[8.4557649,48.0714653]},"properties":{"maxwidth":"2.2"}},{"type":"Feature","geometry":{"type":"Point","coordinates":[8.3714193,48.9188421]},"properties":{"maxweight":"5"}},{"type":"Feature","geometry":{"type":"Point","coordinates":[8.402759,48.9401983]},"properties":{"hgv":"destination"}},{"type":"Feature","geometry":{"type":"Point","coordinates":[8.4112464,48.945714]},"properties":{"hgv":"no"}},{"type":"Feature","geometry":{"type":"Point","coordinates":[8.4070779,48.9459531]},"properties":{"hgv":"no"}},{"type":"Feature","geometry":{"type":"Point","coordinates":[8.4591529,48.0587408]},"properties":{"goods":"delivery"}},{"type":"Feature","geometry":{"type":"Point","coordinates":[8.4594609,48.057952]},"properties":{"goods":"delivery"}},{"type":"Feature","geometry":{"type":"Point","coordinates":[8.4621506,48.0575459]},"properties":{"maxheight":"4.4"}},{"type":"Feature","geometry":{"type":"Point","coordinates":[8.4565605,48.0607946]},"properties":{"maxheight":"below_default"}},{"type":"Feature","geometry":{"type":"Point","coordinates":[8.7725203,48.402251]},"properties":{"maxweight":"3.5"}},{"type":"Feature","geometry":{"type":"Point","coordinates":[8.4312701,48.0881422]},"properties":{"hgv":"no"}},{"type":"Feature","geometry":{"type":"Point","coordinates":[8.6891701,48.382051]},"properties":{"hgv":"destination"}},{"type":"Feature","geometry":{"type":"Point","coordinates":[8.6899012,48.381932]},"properties":{"hgv":"destination"}},{"type":"Feature","geometry":{"type":"Point","coordinates":[8.6905586,48.381876]},"properties":{"hgv":"destination"}},{"type":"Feature","geometry":{"type":"Point","coordinates":[8.6864452,48.3830677]},"properties":{"hgv":"destination"}},{"type":"Feature","geometry":{"type":"Point","coordinates":[8.6805671,48.3856488]},"properties":{"hgv":"destination"}},{"type":"Feature","geometry":{"type":"Point","coordinates":[8.3048456,48.8204629]},"properties":{"maxweight":"12"}},{"type":"Feature","geometry":{"type":"Point","coordinates":[8.3034452,48.8197136]},"properties":{"hgv":"no"}},{"type":"Feature","geometry":{"type":"Point","coordinates":[8.5990769,48.2474617]},"properties":{"maxheight":"1.8"}},{"type":"Feature","geometry":{"type":"Point","coordinates":[8.3939672,48.9885913]},"properties":{"maxweight":"30"}},{"type":"Feature","geometry":{"type":"Point","coordinates":[8.3946111,48.9881279]},"properties":{"maxweight":"30"}},{"type":"Feature","geometry":{"type":"Point","coordinates":[8.3807467,48.9886286]},"properties":{"hgv":"destination"}},{"type":"Feature","geometry":{"type":"Point","coordinates":[8.3505702,48.9186101]},"properties":{"maxheight":"none"}},{"type":"Feature","geometry":{"type":"Point","coordinates":[8.3535522,48.9199009]},"properties":{"maxheight":"none"}},{"type":"Feature","geometry":{"type":"Point","coordinates":[8.3691266,48.5079723]},"properties":{"maxweight":"30"}},{"type":"Feature","geometry":{"type":"Point","coordinates":[8.3692525,48.5083563]},"properties":{"maxweight":"30"}},{"type":"Feature","geometry":{"type":"Point","coordinates":[8.6063722,48.0146381]},"properties":{"hgv":"designated"}},{"type":"Feature","geometry":{"type":"Point","coordinates":[8.6064778,48.0147665]},"properties":{"hgv":"designated"}},{"type":"Feature","geometry":{"type":"Point","coordinates":[8.6031659,48.0728209]},"properties":{"hgv":"yes"}},{"type":"Feature","geometry":{"type":"Point","coordinates":[8.2917918,48.5156495]},"properties":{"maxweight":"5"}},{"type":"Feature","geometry":{"type":"Point","coordinates":[8.4158412,48.4621787]},"properties":{"goods":"yes"}},{"type":"Feature","geometry":{"type":"Point","coordinates":[8.6569422,48.8312432]},"properties":{"maxweightrating:hgv":"7.5"}},{"type":"Feature","geometry":{"type":"Point","coordinates":[8.6411709,48.8347029]},"properties":{"maxweight":"7.5"}},{"type":"Feature","geometry":{"type":"Point","coordinates":[8.1139543,48.7382341]},"properties":{"hgv":"designated"}},{"type":"Feature","geometry":{"type":"Point","coordinates":[8.2122347,48.8579352]},"properties":{"maxheight":"4.0"}},{"type":"Feature","geometry":{"type":"Point","coordinates":[8.2954401,48.4742601]},"properties":{"hgv":"delivery"}},{"type":"Feature","geometry":{"type":"Point","coordinates":[8.2111149,48.8577433]},"properties":{"maxheight":"4.0"}},{"type":"Feature","geometry":{"type":"Point","coordinates":[8.2140083,48.8577544]},"properties":{"maxheight":"4.0"}},{"type":"Feature","geometry":{"type":"Point","coordinates":[8.376546,48.9892698]},"properties":{"hgv":"no"}},{"type":"Feature","geometry":{"type":"Point","coordinates":[8.2114776,48.857787]},"properties":{"maxheight":"4.0"}},{"type":"Feature","geometry":{"type":"Point","coordinates":[8.5225446,48.8735721]},"properties":{"hgv":"no","maxweight":"3.5"}},{"type":"Feature","geometry":{"type":"Point","coordinates":[8.5324337,48.8736782]},"properties":{"maxweight":"7.5"}},{"type":"Feature","geometry":{"type":"Point","coordinates":[8.978401,48.9846741]},"properties":{"maxweight":"7.5"}},{"type":"Feature","geometry":{"type":"Point","coordinates":[8.6207374,48.8785073]},"properties":{"maxweight":"3.5"}},{"type":"Feature","geometry":{"type":"Point","coordinates":[8.6064404,48.8711799]},"properties":{"maxweight":"2.8"}},{"type":"Feature","geometry":{"type":"Point","coordinates":[8.6173859,48.8730467]},"properties":{"maxweight":"3.5"}},{"type":"Feature","geometry":{"type":"Point","coordinates":[8.6179038,48.8764134]},"properties":{"maxweight":"3.5"}},{"type":"Feature","geometry":{"type":"Point","coordinates":[8.973335,48.3937266]},"properties":{"maxweight":"5"}},{"type":"Feature","geometry":{"type":"Point","coordinates":[8.4227367,48.9986335]},"properties":{"hgv":"designated"}},{"type":"Feature","geometry":{"type":"Point","coordinates":[8.4228625,48.9986663]},"properties":{"hgv":"designated"}},{"type":"Feature","geometry":{"type":"Point","coordinates":[8.4228625,48.9986663]},"properties":{"hgv":"designated"}},{"type":"Feature","geometry":{"type":"Point","coordinates":[8.4229255,48.9986827]},"properties":{"hgv":"designated"}},{"type":"Feature","geometry":{"type":"Point","coordinates":[8.4229884,48.9986991]},"properties":{"hgv":"designated"}},{"type":"Feature","geometry":{"type":"Point","coordinates":[8.4231142,48.9987319]},"properties":{"hgv":"designated"}},{"type":"Feature","geometry":{"type":"Point","coordinates":[8.4231771,48.9987483]},"properties":{"hgv":"designated"}},{"type":"Feature","geometry":{"type":"Point","coordinates":[8.42324,48.9987648]},"properties":{"hgv":"designated"}},{"type":"Feature","geometry":{"type":"Point","coordinates":[8.4233029,48.9987812]},"properties":{"hgv":"designated"}},{"type":"Feature","geometry":{"type":"Point","coordinates":[8.4233658,48.9987976]},"properties":{"hgv":"designated"}},{"type":"Feature","geometry":{"type":"Point","coordinates":[8.4248838,48.9993277]},"properties":{"hgv":"designated"}},{"type":"Feature","geometry":{"type":"Point","coordinates":[8.4252811,48.9994872]},"properties":{"hgv":"designated"}},{"type":"Feature","geometry":{"type":"Point","coordinates":[8.4253737,48.9995009]},"properties":{"hgv":"designated"}},{"type":"Feature","geometry":{"type":"Point","coordinates":[8.4254663,48.9995146]},"properties":{"hgv":"designated"}},{"type":"Feature","geometry":{"type":"Point","coordinates":[8.4255589,48.9995283]},"properties":{"hgv":"designated"}},{"type":"Feature","geometry":{"type":"Point","coordinates":[8.4256515,48.999542]},"properties":{"hgv":"designated"}},{"type":"Feature","geometry":{"type":"Point","coordinates":[8.9229626,48.4689123]},"properties":{"maxheight":"below_default"}},{"type":"Feature","geometry":{"type":"Point","coordinates":[8.4187154,48.0451668]},"properties":{"maxweight":"7.5"}},{"type":"Feature","geometry":{"type":"Point","coordinates":[8.4485907,48.067646]},"properties":{"maxheight":"default"}},{"type":"Feature","geometry":{"type":"Point","coordinates":[8.214245,48.7769698]},"properties":{"hgv":"no"}},{"type":"Feature","geometry":{"type":"Point","coordinates":[8.1738527,48.3215116]},"properties":{"hgv":"no"}},{"type":"Feature","geometry":{"type":"Point","coordinates":[8.2583043,48.6259346]},"properties":{"hgv":"destination"}},{"type":"Feature","geometry":{"type":"Point","coordinates":[8.2565314,48.6285938]},"properties":{"hgv":"destination"}},{"type":"Feature","geometry":{"type":"Point","coordinates":[8.5074873,48.9549133]},"properties":{"maxheight":"4.3"}},{"type":"Feature","geometry":{"type":"Point","coordinates":[8.5065314,48.9561737]},"properties":{"maxheight":"4.3"}},{"type":"Feature","geometry":{"type":"Point","coordinates":[8.5305081,48.0551354]},"properties":{"maxweight":"12"}},{"type":"Feature","geometry":{"type":"Point","coordinates":[8.0745247,48.5350411]},"properties":{"hgv":"delivery"}},{"type":"Feature","geometry":{"type":"Point","coordinates":[8.0732942,48.5380215]},"properties":{"hgv":"delivery"}},{"type":"Feature","geometry":{"type":"Point","coordinates":[8.0696726,48.5414754]},"properties":{"hgv":"delivery"}},{"type":"Feature","geometry":{"type":"Point","coordinates":[8.2249604,48.8669781]},"properties":{"maxweight":"7.5"}},{"type":"Feature","geometry":{"type":"Point","coordinates":[8.4741998,48.889066]},"properties":{"maxweight":"7.5"}},{"type":"Feature","geometry":{"type":"Point","coordinates":[8.9447165,48.8001273]},"properties":{"maxheight":"default"}},{"type":"Feature","geometry":{"type":"Point","coordinates":[8.9711431,48.7810191]},"properties":{"maxheight":"default"}},{"type":"Feature","geometry":{"type":"Point","coordinates":[8.914197,48.8135276]},"properties":{"hgv":"no","maxweight":"7.5"}},{"type":"Feature","geometry":{"type":"Point","coordinates":[8.7148697,48.5155222]},"properties":{"maxheight":"3.7"}},{"type":"Feature","geometry":{"type":"Point","coordinates":[8.0929297,48.0077697]},"properties":{"maxweight":"12"}},{"type":"Feature","geometry":{"type":"Point","coordinates":[8.1038895,48.0101789]},"properties":{"maxweight":"12"}},{"type":"Feature","geometry":{"type":"Point","coordinates":[8.1040508,48.010029]},"properties":{"maxweight":"12"}},{"type":"Feature","geometry":{"type":"Point","coordinates":[8.1116022,48.001357]},"properties":{"maxweight":"12"}},{"type":"Feature","geometry":{"type":"Point","coordinates":[8.9325423,48.6262657]},"properties":{"hgv":"destination"}},{"type":"Feature","geometry":{"type":"Point","coordinates":[8.3754046,48.9892758]},"properties":{"maxheight":"default"}},{"type":"Feature","geometry":{"type":"Point","coordinates":[8.6090171,48.1800857]},"properties":{"maxweight":"3.5"}},{"type":"Feature","geometry":{"type":"Point","coordinates":[8.703431,48.8898965]},"properties":{"hgv":"destination"}},{"type":"Feature","geometry":{"type":"Point","coordinates":[8.7020695,48.8899621]},"properties":{"hgv":"destination"}},{"type":"Feature","geometry":{"type":"Point","coordinates":[8.703657,48.8900099]},"properties":{"hgv":"destination"}},{"type":"Feature","geometry":{"type":"Point","coordinates":[8.7037158,48.8898796]},"properties":{"hgv":"destination"}},{"type":"Feature","geometry":{"type":"Point","coordinates":[8.7888734,48.7362492]},"properties":{"hgv":"destination"}},{"type":"Feature","geometry":{"type":"Point","coordinates":[8.7747891,48.7435758]},"properties":{"hgv":"destination"}},{"type":"Feature","geometry":{"type":"Point","coordinates":[8.7747113,48.7435201]},"properties":{"hgv":"destination"}},{"type":"Feature","geometry":{"type":"Point","coordinates":[8.8333988,48.7882197]},"properties":{"hgv":"destination;agricultural"}},{"type":"Feature","geometry":{"type":"Point","coordinates":[8.9841056,48.7143253]},"properties":{"hgv":"delivery"}},{"type":"Feature","geometry":{"type":"Point","coordinates":[8.4793392,48.9309299]},"properties":{"hgv":"no"}},{"type":"Feature","geometry":{"type":"Point","coordinates":[8.5060881,48.914395]},"properties":{"maxweight":"7.5"}},{"type":"Feature","geometry":{"type":"Point","coordinates":[8.7600034,48.5336374]},"properties":{"maxweightrating:hgv":"7.5"}},{"type":"Feature","geometry":{"type":"Point","coordinates":[8.7597151,48.5336969]},"properties":{"maxweightrating:hgv":"7.5"}},{"type":"Feature","geometry":{"type":"Point","coordinates":[8.7734286,48.5348312]},"properties":{"maxweightrating:hgv":"7.5"}},{"type":"Feature","geometry":{"type":"Point","coordinates":[8.7735173,48.5348991]},"properties":{"maxweightrating:hgv":"7.5"}},{"type":"Feature","geometry":{"type":"Point","coordinates":[8.7642228,48.5327217]},"properties":{"maxweightrating:hgv":"7.5"}},{"type":"Feature","geometry":{"type":"Point","coordinates":[8.9683156,48.0297219]},"properties":{"maxheight":"default"}},{"type":"Feature","geometry":{"type":"Point","coordinates":[8.1993891,48.8302936]},"properties":{"maxheight":"below_default"}},{"type":"Feature","geometry":{"type":"Point","coordinates":[8.5096009,48.9540046]},"properties":{"maxheight":"3"}},{"type":"Feature","geometry":{"type":"Point","coordinates":[8.4688798,48.9629124]},"properties":{"hgv":"destination","goods":"destination"}},{"type":"Feature","geometry":{"type":"Point","coordinates":[8.5057504,48.9184224]},"properties":{"hgv":"destination"}},{"type":"Feature","geometry":{"type":"Point","coordinates":[8.832173,48.7908731]},"properties":{"hgv":"agricultural"}},{"type":"Feature","geometry":{"type":"Point","coordinates":[8.8335773,48.7900844]},"properties":{"hgv":"agricultural;forestry"}},{"type":"Feature","geometry":{"type":"Point","coordinates":[8.8653995,48.7475402]},"properties":{"hgv":"agricultural;forestry"}},{"type":"Feature","geometry":{"type":"Point","coordinates":[8.8655497,48.7475924]},"properties":{"hgv":"agricultural;forestry"}},{"type":"Feature","geometry":{"type":"Point","coordinates":[8.8112631,48.9426322]},"properties":{"hgv":"no"}},{"type":"Feature","geometry":{"type":"Point","coordinates":[8.4107568,48.9450774]},"properties":{"hgv":"no"}},{"type":"Feature","geometry":{"type":"Point","coordinates":[8.2406168,48.2962443]},"properties":{"maxheight":"2.4"}},{"type":"Feature","geometry":{"type":"Point","coordinates":[8.2555027,48.4951106]},"properties":{"maxheight":"3.8","maxweight":"6"}},{"type":"Feature","geometry":{"type":"Point","coordinates":[8.2552372,48.4950448]},"properties":{"maxheight":"3.8","maxweight":"6"}},{"type":"Feature","geometry":{"type":"Point","coordinates":[8.1824133,48.8092135]},"properties":{"hgv":"yes"}},{"type":"Feature","geometry":{"type":"Point","coordinates":[8.1823963,48.8090004]},"properties":{"hgv":"yes"}},{"type":"Feature","geometry":{"type":"Point","coordinates":[8.6761763,48.4523336]},"properties":{"hgv":"no"}},{"type":"Feature","geometry":{"type":"Point","coordinates":[8.6762986,48.4523082]},"properties":{"hgv":"no"}},{"type":"Feature","geometry":{"type":"Point","coordinates":[8.4068987,48.4121983]},"properties":{"hgv":"no"}},{"type":"Feature","geometry":{"type":"Point","coordinates":[8.4067431,48.4121912]},"properties":{"hgv":"no"}},{"type":"Feature","geometry":{"type":"Point","coordinates":[8.6130771,48.4569621]},"properties":{"hgv":"no","maxweight":"7.5"}},{"type":"Feature","geometry":{"type":"Point","coordinates":[8.6511648,48.4433397]},"properties":{"maxweight":"3.5"}},{"type":"Feature","geometry":{"type":"Point","coordinates":[8.6496788,48.4435346]},"properties":{"hgv":"no"}},{"type":"Feature","geometry":{"type":"Point","coordinates":[8.6507919,48.4432899]},"properties":{"hgv":"no"}},{"type":"Feature","geometry":{"type":"Point","coordinates":[8.7419224,48.7142447]},"properties":{"maxheight":"4"}},{"type":"Feature","geometry":{"type":"Point","coordinates":[8.741873,48.7143051]},"properties":{"maxheight":"4"}},{"type":"Feature","geometry":{"type":"Point","coordinates":[8.0416541,48.527793]},"properties":{"maxweight":"2"}},{"type":"Feature","geometry":{"type":"Point","coordinates":[8.4742319,48.9342943]},"properties":{"maxweightrating:hgv":"7.5"}},{"type":"Feature","geometry":{"type":"Point","coordinates":[8.4741108,48.9343369]},"properties":{"maxweightrating:hgv":"7.5"}},{"type":"Feature","geometry":{"type":"Point","coordinates":[8.4736226,48.9341835]},"properties":{"maxweightrating:hgv":"7.5"}},{"type":"Feature","geometry":{"type":"Point","coordinates":[8.4736678,48.9341326]},"properties":{"maxweightrating:hgv":"7.5"}},{"type":"Feature","geometry":{"type":"Point","coordinates":[8.4889066,48.9401487]},"properties":{"hgv":"destination","maxweight":"7.5"}},{"type":"Feature","geometry":{"type":"Point","coordinates":[8.7684108,48.8795892]},"properties":{"maxweight":"2.8"}},{"type":"Feature","geometry":{"type":"Point","coordinates":[8.7684241,48.8799224]},"properties":{"maxweight":"2.8"}},{"type":"Feature","geometry":{"type":"Point","coordinates":[8.7684665,48.8797493]},"properties":{"maxweight":"2.8"}},{"type":"Feature","geometry":{"type":"Point","coordinates":[8.7815242,48.9101775]},"properties":{"maxweight":"2.8"}},{"type":"Feature","geometry":{"type":"Point","coordinates":[8.8191168,48.8721712]},"properties":{"hgv":"destination","maxweight":"7.5"}},{"type":"Feature","geometry":{"type":"Point","coordinates":[8.0672117,48.5359117]},"properties":{"hgv":"no","maxheight":"3.5"}},{"type":"Feature","geometry":{"type":"Point","coordinates":[8.3759742,48.4814811]},"properties":{"maxweight":"1.5"}},{"type":"Feature","geometry":{"type":"Point","coordinates":[8.2036108,48.8536601]},"properties":{"maxweight":"7.5"}},{"type":"Feature","geometry":{"type":"Point","coordinates":[8.7417458,48.8175032]},"properties":{"maxweight":"12"}},{"type":"Feature","geometry":{"type":"Point","coordinates":[8.7417931,48.8174428]},"properties":{"maxweight":"12"}},{"type":"Feature","geometry":{"type":"Point","coordinates":[8.2616549,48.8296133]},"properties":{"maxweight":"2.8"}},{"type":"Feature","geometry":{"type":"Point","coordinates":[8.7998601,48.7259894]},"properties":{"maxheight":"3.8"}},{"type":"Feature","geometry":{"type":"Point","coordinates":[8.9441794,48.7585996]},"properties":{"maxheight":"default"}},{"type":"Feature","geometry":{"type":"Point","coordinates":[8.9964127,48.5036724]},"properties":{"maxweight":"5"}},{"type":"Feature","geometry":{"type":"Point","coordinates":[8.9963215,48.5036958]},"properties":{"maxweight":"5"}},{"type":"Feature","geometry":{"type":"Point","coordinates":[8.6467637,48.3256215]},"properties":{"hgv":"designated"}},{"type":"Feature","geometry":{"type":"Point","coordinates":[8.648248,48.3241944]},"properties":{"hgv":"designated"}},{"type":"Feature","geometry":{"type":"Point","coordinates":[8.104497,48.7590256]},"properties":{"maxweight":"6"}},{"type":"Feature","geometry":{"type":"Point","coordinates":[8.6485274,48.4441973]},"properties":{"hgv":"no"}},{"type":"Feature","geometry":{"type":"Point","coordinates":[8.3525389,48.9196405]},"properties":{"maxheight":"none"}},{"type":"Feature","geometry":{"type":"Point","coordinates":[8.9096464,48.5612857]},"properties":{"maxheight":"4.5"}},{"type":"Feature","geometry":{"type":"Point","coordinates":[8.9088995,48.5615957]},"properties":{"maxheight":"4.5"}},{"type":"Feature","geometry":{"type":"Point","coordinates":[8.203662,48.8495014]},"properties":{"maxweight":"7.5"}},{"type":"Feature","geometry":{"type":"Point","coordinates":[8.203862,48.8510718]},"properties":{"maxweight":"7.5"}},{"type":"Feature","geometry":{"type":"Point","coordinates":[8.2035062,48.8531833]},"properties":{"maxweight":"7.5"}},{"type":"Feature","geometry":{"type":"Point","coordinates":[8.2265432,48.8676909]},"properties":{"maxweight":"7.5"}},{"type":"Feature","geometry":{"type":"Point","coordinates":[8.2295229,48.8688225]},"properties":{"maxweight":"7.5"}},{"type":"Feature","geometry":{"type":"Point","coordinates":[8.2014169,48.8472644]},"properties":{"maxweight":"7.5"}},{"type":"Feature","geometry":{"type":"Point","coordinates":[8.1753346,48.7736822]},"properties":{"maxheight":"none"}},{"type":"Feature","geometry":{"type":"Point","coordinates":[8.2180367,48.8110182]},"properties":{"hgv":"destination"}},{"type":"Feature","geometry":{"type":"Point","coordinates":[8.6385901,48.363818]},"properties":{"hgv":"no"}},{"type":"Feature","geometry":{"type":"Point","coordinates":[8.6386609,48.3637179]},"properties":{"hgv":"no"}},{"type":"Feature","geometry":{"type":"Point","coordinates":[8.6387719,48.3635406]},"properties":{"hgv":"no"}},{"type":"Feature","geometry":{"type":"Point","coordinates":[8.5357071,48.8327447]},"properties":{"maxweight":"3.5"}},{"type":"Feature","geometry":{"type":"Point","coordinates":[8.5357828,48.832623]},"properties":{"maxweight":"3.5"}},{"type":"Feature","geometry":{"type":"Point","coordinates":[8.012614,48.5870236]},"properties":{"maxweight":"7.5"}},{"type":"Feature","geometry":{"type":"Point","coordinates":[8.2177201,48.8635018]},"properties":{"maxheight":"2.4"}},{"type":"Feature","geometry":{"type":"Point","coordinates":[8.6451378,48.3476611]},"properties":{"hgv":"no"}},{"type":"Feature","geometry":{"type":"Point","coordinates":[8.1669879,48.7685617]},"properties":{"maxheight":"none"}},{"type":"Feature","geometry":{"type":"Point","coordinates":[8.1669145,48.7684929]},"properties":{"maxheight":"none"}},{"type":"Feature","geometry":{"type":"Point","coordinates":[8.8762634,48.5728955]},"properties":{"hgv":"destination","maxweightrating:hgv":"7.5"}},{"type":"Feature","geometry":{"type":"Point","coordinates":[8.7203008,48.5571704]},"properties":{"maxweight":"6"}},{"type":"Feature","geometry":{"type":"Point","coordinates":[8.7465584,48.6257601]},"properties":{"hgv":"no","maxweightrating:hgv":"7.5"}},{"type":"Feature","geometry":{"type":"Point","coordinates":[8.4845607,48.5235499]},"properties":{"maxweight":"6"}},{"type":"Feature","geometry":{"type":"Point","coordinates":[8.4769637,48.5169214]},"properties":{"maxweight":"6"}},{"type":"Feature","geometry":{"type":"Point","coordinates":[8.6491451,48.59941]},"properties":{"maxweight":"3.5"}},{"type":"Feature","geometry":{"type":"Point","coordinates":[8.4235522,48.4672107]},"properties":{"maxheight":"default"}},{"type":"Feature","geometry":{"type":"Point","coordinates":[8.2065259,48.0511999]},"properties":{"maxheight":"3.4","maxwidth":"3"}},{"type":"Feature","geometry":{"type":"Point","coordinates":[8.8768602,48.5521694]},"properties":{"hgv":"destination"}},{"type":"Feature","geometry":{"type":"Point","coordinates":[8.8763087,48.5520021]},"properties":{"hgv":"destination"}},{"type":"Feature","geometry":{"type":"Point","coordinates":[8.5361999,48.2084485]},"properties":{"hgv":"destination","maxweight":"2.8"}},{"type":"Feature","geometry":{"type":"Point","coordinates":[8.6686293,48.3280048]},"properties":{"hgv":"no"}},{"type":"Feature","geometry":{"type":"Point","coordinates":[8.7748691,48.7433467]},"properties":{"hgv":"destination"}},{"type":"Feature","geometry":{"type":"Point","coordinates":[8.6985046,48.692857]},"properties":{"maxweight":"6"}},{"type":"Feature","geometry":{"type":"Point","coordinates":[8.6989283,48.6926144]},"properties":{"maxweight":"6"}},{"type":"Feature","geometry":{"type":"Point","coordinates":[8.5364312,48.8518371]},"properties":{"hgv":"no"}},{"type":"Feature","geometry":{"type":"Point","coordinates":[8.6454314,48.7873142]},"properties":{"maxweight":"3.5"}},{"type":"Feature","geometry":{"type":"Point","coordinates":[8.666766,48.7683505]},"properties":{"maxweight":"5.5"}},{"type":"Feature","geometry":{"type":"Point","coordinates":[8.7752446,48.9202794]},"properties":{"hgv":"no","maxheight":"3.4"}},{"type":"Feature","geometry":{"type":"Point","coordinates":[8.1673473,48.7666908]},"properties":{"hgv":"no","maxheight":"2.6"}},{"type":"Feature","geometry":{"type":"Point","coordinates":[8.6394366,48.3646689]},"properties":{"hgv":"no"}},{"type":"Feature","geometry":{"type":"Point","coordinates":[8.9623089,48.3493533]},"properties":{"maxheight":"2","maxweight":"2.5"}},{"type":"Feature","geometry":{"type":"Point","coordinates":[8.9018663,48.6775257]},"properties":{"maxweight":"6"}},{"type":"Feature","geometry":{"type":"Point","coordinates":[8.796831,48.988019]},"properties":{"maxheight":"below_default"}},{"type":"Feature","geometry":{"type":"Point","coordinates":[8.6393909,48.3572725]},"properties":{"hgv":"no","maxweight":"7.5 t"}},{"type":"Feature","geometry":{"type":"Point","coordinates":[8.6394757,48.3572453]},"properties":{"hgv":"no","maxweight":"7.5 t"}},{"type":"Feature","geometry":{"type":"Point","coordinates":[8.6394261,48.357174]},"properties":{"hgv":"no","maxweight":"7.5 t"}},{"type":"Feature","geometry":{"type":"Point","coordinates":[8.6703088,48.9155056]},"properties":{"maxheight":"default"}},{"type":"Feature","geometry":{"type":"Point","coordinates":[8.8669463,48.745893]},"properties":{"hgv":"agricultural;forestry"}},{"type":"Feature","geometry":{"type":"Point","coordinates":[8.5131809,48.3066659]},"properties":{"hgv":"agricultural"}},{"type":"Feature","geometry":{"type":"Point","coordinates":[8.8759874,48.5519041]},"properties":{"hgv":"destination"}},{"type":"Feature","geometry":{"type":"Point","coordinates":[8.880436,48.5523994]},"properties":{"hgv":"destination"}},{"type":"Feature","geometry":{"type":"Point","coordinates":[8.8813411,48.5744137]},"properties":{"hgv":"destination","maxweightrating:hgv":"7.5"}},{"type":"Feature","geometry":{"type":"Point","coordinates":[8.8794228,48.5750352]},"properties":{"hgv":"destination","maxweightrating:hgv":"7.5"}},{"type":"Feature","geometry":{"type":"Point","coordinates":[8.867063,48.7476771]},"properties":{"maxheight":"2.6","maxwidth":"2.4"}},{"type":"Feature","geometry":{"type":"Point","coordinates":[8.8665609,48.7476771]},"properties":{"maxheight":"2.6","maxwidth":"2.4"}},{"type":"Feature","geometry":{"type":"Point","coordinates":[8.7702224,48.9097107]},"properties":{"maxheight":"default"}},{"type":"Feature","geometry":{"type":"Point","coordinates":[8.0969989,48.7676099]},"properties":{"maxweight":"6"}},{"type":"Feature","geometry":{"type":"Point","coordinates":[8.1950901,48.7821463]},"properties":{"maxheight":"none"}},{"type":"Feature","geometry":{"type":"Point","coordinates":[8.7162405,48.465461]},"properties":{"maxheight":"none"}},{"type":"Feature","geometry":{"type":"Point","coordinates":[8.2340241,48.7666373]},"properties":{"maxweight":"16"}},{"type":"Feature","geometry":{"type":"Point","coordinates":[8.2079361,48.7801301]},"properties":{"maxheight":"none"}},{"type":"Feature","geometry":{"type":"Point","coordinates":[8.2079944,48.7802238]},"properties":{"maxheight":"none"}},{"type":"Feature","geometry":{"type":"Point","coordinates":[8.4593604,48.4914643]},"properties":{"maxweight":"6"}},{"type":"Feature","geometry":{"type":"Point","coordinates":[8.8864625,48.764871]},"properties":{"maxheight":"default"}},{"type":"Feature","geometry":{"type":"Point","coordinates":[8.8806353,48.7613812]},"properties":{"maxheight":"default"}},{"type":"Feature","geometry":{"type":"Point","coordinates":[8.3769176,48.9912865]},"properties":{"maxheight":"3.2"}},{"type":"Feature","geometry":{"type":"Point","coordinates":[8.1262995,48.8263916]},"properties":{"maxheight":"none"}},{"type":"Feature","geometry":{"type":"Point","coordinates":[8.1260704,48.8267881]},"properties":{"maxheight":"none"}},{"type":"Feature","geometry":{"type":"Point","coordinates":[8.0323376,48.6053575]},"properties":{"maxheight":"2.6"}},{"type":"Feature","geometry":{"type":"Point","coordinates":[8.9808216,48.7117742]},"properties":{"maxheight":"default"}},{"type":"Feature","geometry":{"type":"Point","coordinates":[8.7266624,48.597807]},"properties":{"hgv":"agricultural;forestry"}},{"type":"Feature","geometry":{"type":"Point","coordinates":[8.5359018,48.0347654]},"properties":{"maxweight":"5"}},{"type":"Feature","geometry":{"type":"Point","coordinates":[8.5348503,48.0356859]},"properties":{"maxweight":"5"}},{"type":"Feature","geometry":{"type":"Point","coordinates":[8.6511728,48.4430381]},"properties":{"hgv":"no"}},{"type":"Feature","geometry":{"type":"Point","coordinates":[8.8551474,48.6783326]},"properties":{"maxweight":"30"}},{"type":"Feature","geometry":{"type":"Point","coordinates":[8.539938,48.9915967]},"properties":{"hgv":"no"}},{"type":"Feature","geometry":{"type":"Point","coordinates":[8.8403015,48.5272933]},"properties":{"maxheight":"default"}},{"type":"Feature","geometry":{"type":"Point","coordinates":[8.9209123,48.7763308]},"properties":{"maxheight":"default"}},{"type":"Feature","geometry":{"type":"Point","coordinates":[8.9074446,48.7714396]},"properties":{"maxweight":"3.5"}},{"type":"Feature","geometry":{"type":"Point","coordinates":[8.9073975,48.7798216]},"properties":{"hgv":"delivery"}},{"type":"Feature","geometry":{"type":"Point","coordinates":[8.9483112,48.4715086]},"properties":{"maxheight":"default"}},{"type":"Feature","geometry":{"type":"Point","coordinates":[8.8893678,48.5390513]},"properties":{"maxheight":"5.9"}},{"type":"Feature","geometry":{"type":"Point","coordinates":[8.9230376,48.5455]},"properties":{"maxweight":"2"}},{"type":"Feature","geometry":{"type":"Point","coordinates":[8.9163209,48.5572261]},"properties":{"maxweight":"2"}},{"type":"Feature","geometry":{"type":"Point","coordinates":[8.9536725,48.933197]},"properties":{"hgv":"destination","maxweight":"7.5"}},{"type":"Feature","geometry":{"type":"Point","coordinates":[8.9937187,48.5041849]},"properties":{"maxweight":"5"}},{"type":"Feature","geometry":{"type":"Point","coordinates":[8.9564004,48.3894883]},"properties":{"hgv":"no","goods":"no","maxwidth":"2.5"}},{"type":"Feature","geometry":{"type":"Point","coordinates":[8.7577885,48.7118575]},"properties":{"maxheight":"1.65"}},{"type":"Feature","geometry":{"type":"Point","coordinates":[8.7579294,48.7119574]},"properties":{"maxheight":"1.65"}},{"type":"Feature","geometry":{"type":"Point","coordinates":[8.7579017,48.7119435]},"properties":{"maxheight":"1.65"}},{"type":"Feature","geometry":{"type":"Point","coordinates":[8.9085832,48.783175]},"properties":{"hgv":"destination"}},{"type":"Feature","geometry":{"type":"Point","coordinates":[8.9068598,48.7772241]},"properties":{"hgv":"delivery"}},{"type":"Feature","geometry":{"type":"Point","coordinates":[8.9060894,48.7782094]},"properties":{"hgv":"delivery"}},{"type":"Feature","geometry":{"type":"Point","coordinates":[8.9057398,48.7787517]},"properties":{"hgv":"delivery"}},{"type":"Feature","geometry":{"type":"Point","coordinates":[8.9058802,48.7795086]},"properties":{"hgv":"delivery"}},{"type":"Feature","geometry":{"type":"Point","coordinates":[8.905697,48.779268]},"properties":{"hgv":"delivery"}},{"type":"Feature","geometry":{"type":"Point","coordinates":[8.9035821,48.6792203]},"properties":{"hgv":"no"}},{"type":"Feature","geometry":{"type":"Point","coordinates":[8.50618,48.9166772]},"properties":{"maxweight":"7.5"}},{"type":"Feature","geometry":{"type":"Point","coordinates":[8.5060866,48.9166237]},"properties":{"maxweight":"7.5"}},{"type":"Feature","geometry":{"type":"Point","coordinates":[8.9064294,48.7778507]},"properties":{"hgv":"delivery"}},{"type":"Feature","geometry":{"type":"Point","coordinates":[8.709899,48.3897282]},"properties":{"maxweight":"5.5"}},{"type":"Feature","geometry":{"type":"Point","coordinates":[8.7133339,48.3903083]},"properties":{"maxweight":"5.5"}},{"type":"Feature","geometry":{"type":"Point","coordinates":[8.6592508,48.8974953]},"properties":{"maxweight":"3"}},{"type":"Feature","geometry":{"type":"Point","coordinates":[8.6603575,48.8963981]},"properties":{"maxweight":"3"}},{"type":"Feature","geometry":{"type":"Point","coordinates":[8.5740333,48.9527841]},"properties":{"maxweight":"2.8"}},{"type":"Feature","geometry":{"type":"Point","coordinates":[8.4666728,48.8458647]},"properties":{"hgv":"no"}},{"type":"Feature","geometry":{"type":"Point","coordinates":[8.8062165,48.4946987]},"properties":{"hgv":"no","maxweight":"3.5"}},{"type":"Feature","geometry":{"type":"Point","coordinates":[8.9211534,48.7757498]},"properties":{"maxheight":"default"}},{"type":"Feature","geometry":{"type":"Point","coordinates":[8.8031203,48.7504529]},"properties":{"maxweight":"7.5"}},{"type":"Feature","geometry":{"type":"Point","coordinates":[8.9794246,48.6944063]},"properties":{"maxheight":"default"}},{"type":"Feature","geometry":{"type":"Point","coordinates":[8.9821154,48.6979622]},"properties":{"maxheight":"default"}},{"type":"Feature","geometry":{"type":"Point","coordinates":[8.5684655,48.4914238]},"properties":{"hgv":"no"}},{"type":"Feature","geometry":{"type":"Point","coordinates":[8.3386744,48.7851507]},"properties":{"maxheight":"default"}},{"type":"Feature","geometry":{"type":"Point","coordinates":[8.9903187,48.7062513]},"properties":{"maxheight":"2"}},{"type":"Feature","geometry":{"type":"Point","coordinates":[8.7586382,48.7097843]},"properties":{"maxheight":"default"}},{"type":"Feature","geometry":{"type":"Point","coordinates":[8.870579,48.751267]},"properties":{"maxlength":"10"}},{"type":"Feature","geometry":{"type":"Point","coordinates":[8.7481509,48.7284481]},"properties":{"maxweight":"2.8"}},{"type":"Feature","geometry":{"type":"Point","coordinates":[8.7410939,48.7307456]},"properties":{"maxweight":"16"}},{"type":"Feature","geometry":{"type":"Point","coordinates":[8.5154604,48.0623009]},"properties":{"maxheight":"default"}},{"type":"Feature","geometry":{"type":"Point","coordinates":[8.9400293,48.8014255]},"properties":{"maxheight":"default"}},{"type":"Feature","geometry":{"type":"Point","coordinates":[8.2699773,48.6207452]},"properties":{"hgv":"destination"}},{"type":"Feature","geometry":{"type":"Point","coordinates":[8.2724972,48.6195031]},"properties":{"hgv":"destination"}},{"type":"Feature","geometry":{"type":"Point","coordinates":[8.317931,48.6333711]},"properties":{"hgv":"destination"}},{"type":"Feature","geometry":{"type":"Point","coordinates":[8.3286935,48.6362658]},"properties":{"hgv":"destination"}},{"type":"Feature","geometry":{"type":"Point","coordinates":[8.7854459,48.8940475]},"properties":{"maxheight":"default"}},{"type":"Feature","geometry":{"type":"Point","coordinates":[8.7373644,48.7125987]},"properties":{"maxweight":"3.5"}},{"type":"Feature","geometry":{"type":"Point","coordinates":[8.7896964,48.724099]},"properties":{"maxheight":"default"}},{"type":"Feature","geometry":{"type":"Point","coordinates":[8.3904301,48.9584017]},"properties":{"maxheight":"default"}},{"type":"Feature","geometry":{"type":"Point","coordinates":[8.9557234,48.8096512]},"properties":{"maxweightrating:hgv":"7.5"}},{"type":"Feature","geometry":{"type":"Point","coordinates":[8.7402426,48.7144883]},"properties":{"maxheight":"2.05"}},{"type":"Feature","geometry":{"type":"Point","coordinates":[8.9078088,48.7763942]},"properties":{"hgv":"delivery"}},{"type":"Feature","geometry":{"type":"Point","coordinates":[8.8956689,48.722011]},"properties":{"hgv":"no"}},{"type":"Feature","geometry":{"type":"Point","coordinates":[8.8333215,48.6956936]},"properties":{"maxweight":"6"}},{"type":"Feature","geometry":{"type":"Point","coordinates":[8.8738863,48.7516149]},"properties":{"maxlength":"10"}},{"type":"Feature","geometry":{"type":"Point","coordinates":[8.443895,48.993096]},"properties":{"hgv":"destination"}},{"type":"Feature","geometry":{"type":"Point","coordinates":[8.4429886,48.9928401]},"properties":{"hgv":"destination"}},{"type":"Feature","geometry":{"type":"Point","coordinates":[8.5343036,48.036187]},"properties":{"maxweight":"5"}},{"type":"Feature","geometry":{"type":"Point","coordinates":[8.5343329,48.036297]},"properties":{"maxweight":"5"}},{"type":"Feature","geometry":{"type":"Point","coordinates":[8.5314125,48.0221351]},"properties":{"maxheight":"below_default"}},{"type":"Feature","geometry":{"type":"Point","coordinates":[8.8929362,48.6350208]},"properties":{"hgv":"destination","maxweight":"7.5"}},{"type":"Feature","geometry":{"type":"Point","coordinates":[8.3383272,48.7687905]},"properties":{"hgv":"delivery"}},{"type":"Feature","geometry":{"type":"Point","coordinates":[8.5264044,48.0302447]},"properties":{"hgv":"no","maxheight":"3.7"}},{"type":"Feature","geometry":{"type":"Point","coordinates":[8.3805675,48.9295367]},"properties":{"maxheight":"below_default"}},{"type":"Feature","geometry":{"type":"Point","coordinates":[8.3729944,48.9231073]},"properties":{"maxweight":"5"}},{"type":"Feature","geometry":{"type":"Point","coordinates":[8.772526,48.9071299]},"properties":{"hgv":"designated"}},{"type":"Feature","geometry":{"type":"Point","coordinates":[8.7739764,48.9055401]},"properties":{"hgv":"designated"}},{"type":"Feature","geometry":{"type":"Point","coordinates":[8.6225813,48.0541249]},"properties":{"maxheight":"default"}},{"type":"Feature","geometry":{"type":"Point","coordinates":[8.6178649,48.0609967]},"properties":{"maxheight":"default"}},{"type":"Feature","geometry":{"type":"Point","coordinates":[8.5728255,48.1607393]},"properties":{"maxheight":"default"}},{"type":"Feature","geometry":{"type":"Point","coordinates":[8.5250227,48.2157123]},"properties":{"maxheight":"default"}},{"type":"Feature","geometry":{"type":"Point","coordinates":[8.4279459,48.2379209]},"properties":{"maxheight":"default"}},{"type":"Feature","geometry":{"type":"Point","coordinates":[8.4172988,48.2364219]},"properties":{"maxheight":"default"}},{"type":"Feature","geometry":{"type":"Point","coordinates":[8.3718911,48.2603021]},"properties":{"maxheight":"default"}},{"type":"Feature","geometry":{"type":"Point","coordinates":[8.1473896,48.2846666]},"properties":{"maxheight":"4"}},{"type":"Feature","geometry":{"type":"Point","coordinates":[8.0499073,48.3097807]},"properties":{"maxheight":"default"}},{"type":"Feature","geometry":{"type":"Point","coordinates":[8.0237185,48.3644427]},"properties":{"maxheight":"default"}},{"type":"Feature","geometry":{"type":"Point","coordinates":[8.4685426,48.9627444]},"properties":{"hgv":"destination","goods":"destination"}},{"type":"Feature","geometry":{"type":"Point","coordinates":[8.7786779,48.7393402]},"properties":{"hgv":"destination"}},{"type":"Feature","geometry":{"type":"Point","coordinates":[8.7791249,48.7389273]},"properties":{"hgv":"destination"}},{"type":"Feature","geometry":{"type":"Point","coordinates":[8.7809458,48.7369767]},"properties":{"hgv":"destination"}},{"type":"Feature","geometry":{"type":"Point","coordinates":[8.6409254,48.6589214]},"properties":{"hgv":"agricultural;forestry;destination"}},{"type":"Feature","geometry":{"type":"Point","coordinates":[8.2037883,48.6686394]},"properties":{"maxweight":"12"}},{"type":"Feature","geometry":{"type":"Point","coordinates":[8.721088,48.6554881]},"properties":{"maxweight":"6"}},{"type":"Feature","geometry":{"type":"Point","coordinates":[8.5668028,48.4407742]},"properties":{"maxweight":"6"}},{"type":"Feature","geometry":{"type":"Point","coordinates":[8.5667897,48.4395881]},"properties":{"maxweight":"6"}},{"type":"Feature","geometry":{"type":"Point","coordinates":[8.5671297,48.4387095]},"properties":{"maxweight":"6"}},{"type":"Feature","geometry":{"type":"Point","coordinates":[8.5678688,48.4376431]},"properties":{"maxweight":"6"}},{"type":"Feature","geometry":{"type":"Point","coordinates":[8.607342,48.4578778]},"properties":{"hgv":"no","maxweight":"7.5"}},{"type":"Feature","geometry":{"type":"Point","coordinates":[8.2168454,48.8031378]},"properties":{"hgv":"destination"}},{"type":"Feature","geometry":{"type":"Point","coordinates":[8.9500868,48.9535847]},"properties":{"hgv":"destination"}},{"type":"Feature","geometry":{"type":"Point","coordinates":[8.4352508,48.8014606]},"properties":{"maxheight":"3.5"}},{"type":"Feature","geometry":{"type":"Point","coordinates":[8.4340951,48.9710218]},"properties":{"maxheight":"2","maxwidth":"1"}},{"type":"Feature","geometry":{"type":"Point","coordinates":[8.434117,48.9710075]},"properties":{"maxheight":"2","maxwidth":"1"}},{"type":"Feature","geometry":{"type":"Point","coordinates":[8.765633,48.5326588]},"properties":{"maxweightrating:hgv":"7.5"}},{"type":"Feature","geometry":{"type":"Point","coordinates":[8.7663946,48.5327597]},"properties":{"maxweightrating:hgv":"7.5"}},{"type":"Feature","geometry":{"type":"Point","coordinates":[8.7235573,48.5530211]},"properties":{"maxheight":"2"}},{"type":"Feature","geometry":{"type":"Point","coordinates":[8.6383726,48.3568799]},"properties":{"hgv":"no","maxweight":"7.5 t"}},{"type":"Feature","geometry":{"type":"Point","coordinates":[8.3770216,48.9821843]},"properties":{"hgv":"no"}},{"type":"Feature","geometry":{"type":"Point","coordinates":[8.5069057,48.4674541]},"properties":{"maxlength":"10"}},{"type":"Feature","geometry":{"type":"Point","coordinates":[8.564334,48.4628933]},"properties":{"maxweight":"6"}},{"type":"Feature","geometry":{"type":"Point","coordinates":[8.5448877,48.4544564]},"properties":{"maxweight":"6"}},{"type":"Feature","geometry":{"type":"Point","coordinates":[8.5405152,48.4557221]},"properties":{"maxweight":"6"}},{"type":"Feature","geometry":{"type":"Point","coordinates":[8.6904397,48.4453421]},"properties":{"hgv":"no"}},{"type":"Feature","geometry":{"type":"Point","coordinates":[8.6913199,48.4488514]},"properties":{"hgv":"no"}},{"type":"Feature","geometry":{"type":"Point","coordinates":[8.6768046,48.4522763]},"properties":{"hgv":"no"}},{"type":"Feature","geometry":{"type":"Point","coordinates":[8.6811492,48.4483532]},"properties":{"hgv":"no"}},{"type":"Feature","geometry":{"type":"Point","coordinates":[8.770765,48.3883714]},"properties":{"hgv":"no","maxwidth":"2","maxweight":"2.8"}},{"type":"Feature","geometry":{"type":"Point","coordinates":[8.7748691,48.7433467]},"properties":{"hgv":"destination"}},{"type":"Feature","geometry":{"type":"Point","coordinates":[8.749993,48.1991754]},"properties":{"maxweight":"3.5"}},{"type":"Feature","geometry":{"type":"Point","coordinates":[8.7679438,48.2116671]},"properties":{"maxheight":"default"}},{"type":"Feature","geometry":{"type":"Point","coordinates":[8.5365719,48.2059287]},"properties":{"maxweight":"5"}},{"type":"Feature","geometry":{"type":"Point","coordinates":[8.5500803,48.982219]},"properties":{"hgv":"destination"}},{"type":"Feature","geometry":{"type":"Point","coordinates":[8.5353921,48.9888924]},"properties":{"hgv":"destination"}},{"type":"Feature","geometry":{"type":"Point","coordinates":[8.6892188,48.6563172]},"properties":{"maxweight":"3.5"}},{"type":"Feature","geometry":{"type":"Point","coordinates":[8.7223215,48.662064]},"properties":{"maxweight":"6"}},{"type":"Feature","geometry":{"type":"Point","coordinates":[8.7205324,48.663863]},"properties":{"maxweight":"6"}},{"type":"Feature","geometry":{"type":"Point","coordinates":[8.4454572,48.971555]},"properties":{"maxheight":"default"}},{"type":"Feature","geometry":{"type":"Point","coordinates":[8.4452703,48.9717384]},"properties":{"maxheight":"default"}},{"type":"Feature","geometry":{"type":"Point","coordinates":[8.4454083,48.9716054]},"properties":{"maxheight":"default"}},{"type":"Feature","geometry":{"type":"Point","coordinates":[8.6804178,48.4486899]},"properties":{"hgv":"no"}},{"type":"Feature","geometry":{"type":"Point","coordinates":[8.6793657,48.4492913]},"properties":{"hgv":"no"}},{"type":"Feature","geometry":{"type":"Point","coordinates":[8.8777712,48.7258429]},"properties":{"hgv":"no"}},{"type":"Feature","geometry":{"type":"Point","coordinates":[8.6088237,48.5831493]},"properties":{"maxweight":"3.5"}},{"type":"Feature","geometry":{"type":"Point","coordinates":[8.5486173,48.7527707]},"properties":{"maxlength":"12","maxweight":"7.5"}},{"type":"Feature","geometry":{"type":"Point","coordinates":[8.6648512,48.5535688]},"properties":{"hgv":"no"}},{"type":"Feature","geometry":{"type":"Point","coordinates":[8.5941964,48.5583394]},"properties":{"maxweight":"3.5"}},{"type":"Feature","geometry":{"type":"Point","coordinates":[8.5960567,48.555267]},"properties":{"maxweight":"3.5"}},{"type":"Feature","geometry":{"type":"Point","coordinates":[8.594719,48.5574783]},"properties":{"maxweight":"3.5"}},{"type":"Feature","geometry":{"type":"Point","coordinates":[8.7283731,48.4836942]},"properties":{"maxheight":"4"}},{"type":"Feature","geometry":{"type":"Point","coordinates":[8.417869,48.4709925]},"properties":{"maxweight":"2.5 t"}},{"type":"Feature","geometry":{"type":"Point","coordinates":[8.4179475,48.4704482]},"properties":{"maxweight":"2.5 t"}},{"type":"Feature","geometry":{"type":"Point","coordinates":[8.4106592,48.4726636]},"properties":{"maxheight":"default"}},{"type":"Feature","geometry":{"type":"Point","coordinates":[8.7011701,48.4497193]},"properties":{"maxheight":"none"}},{"type":"Feature","geometry":{"type":"Point","coordinates":[8.6993886,48.4494505]},"properties":{"maxheight":"none"}},{"type":"Feature","geometry":{"type":"Point","coordinates":[8.7315813,48.9194132]},"properties":{"maxheight":"default"}},{"type":"Feature","geometry":{"type":"Point","coordinates":[8.3211014,48.7993671]},"properties":{"maxheight":"3.2"}},{"type":"Feature","geometry":{"type":"Point","coordinates":[8.4217019,48.4612413]},"properties":{"hgv":"yes"}},{"type":"Feature","geometry":{"type":"Point","coordinates":[8.4152764,48.4620777]},"properties":{"hgv":"yes"}},{"type":"Feature","geometry":{"type":"Point","coordinates":[8.427098,48.4592099]},"properties":{"hgv":"yes"}},{"type":"Feature","geometry":{"type":"Point","coordinates":[8.6769569,48.9112711]},"properties":{"maxheight":"default"}},{"type":"Feature","geometry":{"type":"Point","coordinates":[8.2121773,48.4865882]},"properties":{"maxweight":"6"}},{"type":"Feature","geometry":{"type":"Point","coordinates":[8.5327432,48.0116383]},"properties":{"hgv":"delivery","goods":"delivery"}},{"type":"Feature","geometry":{"type":"Point","coordinates":[8.5247314,48.0290052]},"properties":{"hgv":"no"}},{"type":"Feature","geometry":{"type":"Point","coordinates":[8.5258733,48.0289177]},"properties":{"hgv":"no"}},{"type":"Feature","geometry":{"type":"Point","coordinates":[8.5329981,48.0119215]},"properties":{"hgv":"delivery","goods":"delivery"}},{"type":"Feature","geometry":{"type":"Point","coordinates":[8.5354192,48.0175996]},"properties":{"hgv":"no"}},{"type":"Feature","geometry":{"type":"Point","coordinates":[8.5361556,48.017235]},"properties":{"hgv":"no"}},{"type":"Feature","geometry":{"type":"Point","coordinates":[8.5376553,48.0160136]},"properties":{"hgv":"no"}},{"type":"Feature","geometry":{"type":"Point","coordinates":[8.5529929,48.0193683]},"properties":{"hgv":"forestry;agricultural","goods":"forestry;agricultural"}},{"type":"Feature","geometry":{"type":"Point","coordinates":[8.3770434,48.4801068]},"properties":{"maxweight":"1.5"}},{"type":"Feature","geometry":{"type":"Point","coordinates":[8.4726029,48.0596364]},"properties":{"maxheight":"default"}},{"type":"Feature","geometry":{"type":"Point","coordinates":[8.5263524,48.0294483]},"properties":{"hgv":"no"}},{"type":"Feature","geometry":{"type":"Point","coordinates":[8.5367069,48.0167857]},"properties":{"hgv":"no"}},{"type":"Feature","geometry":{"type":"Point","coordinates":[8.4049707,48.9660793]},"properties":{"maxheight":"default"}},{"type":"Feature","geometry":{"type":"Point","coordinates":[8.4050216,48.9655917]},"properties":{"maxheight":"default"}},{"type":"Feature","geometry":{"type":"Point","coordinates":[8.2664554,48.8302413]},"properties":{"maxweight":"2.8"}},{"type":"Feature","geometry":{"type":"Point","coordinates":[8.2949894,48.821227]},"properties":{"maxheight":"default"}},{"type":"Feature","geometry":{"type":"Point","coordinates":[8.6915323,48.6336847]},"properties":{"maxweight":"3.5"}},{"type":"Feature","geometry":{"type":"Point","coordinates":[8.6878,48.6485206]},"properties":{"maxweight":"3.5"}},{"type":"Feature","geometry":{"type":"Point","coordinates":[8.7824408,48.722286]},"properties":{"maxheight":"2.6"}},{"type":"Feature","geometry":{"type":"Point","coordinates":[8.8662605,48.8749532]},"properties":{"maxweight":"6"}},{"type":"Feature","geometry":{"type":"Point","coordinates":[8.8612279,48.8805647]},"properties":{"maxweight":"6"}},{"type":"Feature","geometry":{"type":"Point","coordinates":[8.9016455,48.5707684]},"properties":{"maxheight":"default"}},{"type":"Feature","geometry":{"type":"Point","coordinates":[8.893556,48.5734731]},"properties":{"maxheight":"default"}},{"type":"Feature","geometry":{"type":"Point","coordinates":[8.8941575,48.5732064]},"properties":{"maxheight":"4.0"}},{"type":"Feature","geometry":{"type":"Point","coordinates":[8.2115862,48.7790766]},"properties":{"maxheight":"none"}},{"type":"Feature","geometry":{"type":"Point","coordinates":[8.8450259,48.8373125]},"properties":{"hgv":"yes"}},{"type":"Feature","geometry":{"type":"Point","coordinates":[8.9079201,48.3463515]},"properties":{"maxweight":"3.5"}},{"type":"Feature","geometry":{"type":"Point","coordinates":[8.8341124,48.3414328]},"properties":{"maxweight":"3.50"}},{"type":"Feature","geometry":{"type":"Point","coordinates":[8.8328357,48.3414721]},"properties":{"maxweight":"3.50"}},{"type":"Feature","geometry":{"type":"Point","coordinates":[8.6966548,48.8858279]},"properties":{"maxheight":"2.9"}},{"type":"Feature","geometry":{"type":"Point","coordinates":[8.7043489,48.2694044]},"properties":{"maxweight":"7.5"}},{"type":"Feature","geometry":{"type":"Point","coordinates":[8.7010428,48.2833587]},"properties":{"maxweight":"6"}},{"type":"Feature","geometry":{"type":"Point","coordinates":[8.7513774,48.3117517]},"properties":{"maxweight":"3.5"}},{"type":"Feature","geometry":{"type":"Point","coordinates":[8.0314345,48.016116]},"properties":{"maxweight":"2.8"}},{"type":"Feature","geometry":{"type":"Point","coordinates":[8.1402658,48.0091531]},"properties":{"maxweight":"16"}},{"type":"Feature","geometry":{"type":"Point","coordinates":[8.136414,48.0012294]},"properties":{"maxweight":"16"}},{"type":"Feature","geometry":{"type":"Point","coordinates":[8.0906818,48.0117591]},"properties":{"maxweight":"12"}},{"type":"Feature","geometry":{"type":"Point","coordinates":[8.8807283,48.2355204]},"properties":{"maxweight":"1.5"}},{"type":"Feature","geometry":{"type":"Point","coordinates":[8.8792445,48.236365]},"properties":{"maxweight":"1.5"}},{"type":"Feature","geometry":{"type":"Point","coordinates":[8.9182985,48.222433]},"properties":{"hgv":"no"}},{"type":"Feature","geometry":{"type":"Point","coordinates":[8.9557786,48.2142065]},"properties":{"maxweight":"3.5"}},{"type":"Feature","geometry":{"type":"Point","coordinates":[8.9167877,48.2230949]},"properties":{"maxweight":"3.5"}},{"type":"Feature","geometry":{"type":"Point","coordinates":[8.3862251,48.989969]},"properties":{"hgv":"destination"}},{"type":"Feature","geometry":{"type":"Point","coordinates":[8.3858657,48.9900836]},"properties":{"hgv":"destination"}},{"type":"Feature","geometry":{"type":"Point","coordinates":[8.3868377,48.9897733]},"properties":{"hgv":"destination"}},{"type":"Feature","geometry":{"type":"Point","coordinates":[8.3988801,48.9960293]},"properties":{"maxheight":"2.5","maxweight":"2.0"}},{"type":"Feature","geometry":{"type":"Point","coordinates":[8.4048475,48.9816128]},"properties":{"maxheight":"1.95"}},{"type":"Feature","geometry":{"type":"Point","coordinates":[8.4053537,48.981613]},"properties":{"maxheight":"1.95"}},{"type":"Feature","geometry":{"type":"Point","coordinates":[8.3922874,48.9904939]},"properties":{"maxweight":"3 t"}},{"type":"Feature","geometry":{"type":"Point","coordinates":[8.5540275,48.9669856]},"properties":{"hgv":"destination"}},{"type":"Feature","geometry":{"type":"Point","coordinates":[8.381335,48.5206312]},"properties":{"hgv":"destination"}},{"type":"Feature","geometry":{"type":"Point","coordinates":[8.3932634,48.5252133]},"properties":{"hgv":"destination"}},{"type":"Feature","geometry":{"type":"Point","coordinates":[8.8355169,48.7892734]},"properties":{"hgv":"no"}},{"type":"Feature","geometry":{"type":"Point","coordinates":[8.3830196,48.2284568]},"properties":{"maxweight":"1"}},{"type":"Feature","geometry":{"type":"Point","coordinates":[8.339708,48.7718651]},"properties":{"hgv":"no"}},{"type":"Feature","geometry":{"type":"Point","coordinates":[8.635149,48.0724845]},"properties":{"hgv":"delivery"}},{"type":"Feature","geometry":{"type":"Point","coordinates":[8.6506123,48.7845288]},"properties":{"maxheight":"2.9"}},{"type":"Feature","geometry":{"type":"Point","coordinates":[8.2125915,48.8266029]},"properties":{"maxheight":"default"}},{"type":"Feature","geometry":{"type":"Point","coordinates":[8.5378803,48.0629017]},"properties":{"maxheight":"3"}},{"type":"Feature","geometry":{"type":"Point","coordinates":[8.4401162,48.9923539]},"properties":{"hgv":"destination"}},{"type":"Feature","geometry":{"type":"Point","coordinates":[8.4399651,48.992588]},"properties":{"hgv":"destination"}},{"type":"Feature","geometry":{"type":"Point","coordinates":[8.448386,48.9932344]},"properties":{"maxheight":"4.2"}},{"type":"Feature","geometry":{"type":"Point","coordinates":[8.6664217,48.9135974]},"properties":{"hgv":"yes","goods":"yes"}},{"type":"Feature","geometry":{"type":"Point","coordinates":[8.2178031,48.1722651]},"properties":{"maxheight":"4","maxlength":"23"}},{"type":"Feature","geometry":{"type":"Point","coordinates":[8.6927323,48.4454217]},"properties":{"hgv":"destination"}},{"type":"Feature","geometry":{"type":"Point","coordinates":[8.5645272,48.9535321]},"properties":{"maxheight":"4.5"}},{"type":"Feature","geometry":{"type":"Point","coordinates":[8.3523336,48.291537]},"properties":{"hgv":"destination","maxweight":"7.5"}},{"type":"Feature","geometry":{"type":"Point","coordinates":[8.2476237,48.1625262]},"properties":{"maxweight":"6"}},{"type":"Feature","geometry":{"type":"Point","coordinates":[8.24546,48.1621847]},"properties":{"maxweight":"6"}},{"type":"Feature","geometry":{"type":"Point","coordinates":[8.2501435,48.1613904]},"properties":{"maxweight":"6"}},{"type":"Feature","geometry":{"type":"Point","coordinates":[8.2493263,48.1620324]},"properties":{"maxweight":"6"}},{"type":"Feature","geometry":{"type":"Point","coordinates":[8.6992836,48.8949908]},"properties":{"maxheight":"3.6"}},{"type":"Feature","geometry":{"type":"Point","coordinates":[8.6994234,48.8949908]},"properties":{"maxheight":"3.6"}},{"type":"Feature","geometry":{"type":"Point","coordinates":[8.8399,48.5005303]},"properties":{"maxheight":"default"}},{"type":"Feature","geometry":{"type":"Point","coordinates":[8.8391525,48.5004461]},"properties":{"maxheight":"default"}},{"type":"Feature","geometry":{"type":"Point","coordinates":[8.8389319,48.5000603]},"properties":{"maxheight":"default"}},{"type":"Feature","geometry":{"type":"Point","coordinates":[8.8414106,48.5017921]},"properties":{"maxheight":"default"}},{"type":"Feature","geometry":{"type":"Point","coordinates":[8.4672872,48.0537805]},"properties":{"maxweight":"30"}},{"type":"Feature","geometry":{"type":"Point","coordinates":[8.4660556,48.0544715]},"properties":{"maxweight":"30"}},{"type":"Feature","geometry":{"type":"Point","coordinates":[8.182008,48.9763206]},"properties":{"hgv":"no"}},{"type":"Feature","geometry":{"type":"Point","coordinates":[8.1211539,48.7127982]},"properties":{"maxheight":"2.9"}},{"type":"Feature","geometry":{"type":"Point","coordinates":[8.846823,48.8373782]},"properties":{"maxheight":"none"}},{"type":"Feature","geometry":{"type":"Point","coordinates":[8.8476996,48.8373286]},"properties":{"maxheight":"none"}},{"type":"Feature","geometry":{"type":"Point","coordinates":[8.9527634,48.4663229]},"properties":{"maxweight":"3.5"}},{"type":"Feature","geometry":{"type":"Point","coordinates":[8.9064382,48.6399737]},"properties":{"maxheight":"default"}},{"type":"Feature","geometry":{"type":"Point","coordinates":[8.4473868,48.9930053]},"properties":{"maxheight":"2.1"}},{"type":"Feature","geometry":{"type":"Point","coordinates":[8.4475063,48.9933528]},"properties":{"maxheight":"2.1"}},{"type":"Feature","geometry":{"type":"Point","coordinates":[8.4484448,48.9934347]},"properties":{"maxheight":"2.1"}},{"type":"Feature","geometry":{"type":"Point","coordinates":[8.8230121,48.0006769]},"properties":{"maxweight":"7.5"}},{"type":"Feature","geometry":{"type":"Point","coordinates":[8.8235903,48.0007741]},"properties":{"maxweight":"7.5"}},{"type":"Feature","geometry":{"type":"Point","coordinates":[8.8227599,48.0006803]},"properties":{"maxweight":"7.5"}},{"type":"Feature","geometry":{"type":"Point","coordinates":[8.7298161,48.5463118]},"properties":{"maxheight":"default"}},{"type":"Feature","geometry":{"type":"Point","coordinates":[8.0664333,48.2152292]},"properties":{"maxweight":"16"}},{"type":"Feature","geometry":{"type":"Point","coordinates":[8.4955727,48.9954306]},"properties":{"maxweight":"2.8"}},{"type":"Feature","geometry":{"type":"Point","coordinates":[8.3732834,48.9579951]},"properties":{"maxweight":"12"}},{"type":"Feature","geometry":{"type":"Point","coordinates":[8.3701844,48.5076101]},"properties":{"maxheight":"3.6"}},{"type":"Feature","geometry":{"type":"Point","coordinates":[8.3691318,48.5078978]},"properties":{"maxweight":"30"}},{"type":"Feature","geometry":{"type":"Point","coordinates":[8.7331755,48.3581497]},"properties":{"maxheight":"2.6"}},{"type":"Feature","geometry":{"type":"Point","coordinates":[8.1158513,48.5950437]},"properties":{"maxheight":"default"}},{"type":"Feature","geometry":{"type":"Point","coordinates":[8.6705969,48.8853135]},"properties":{"maxweight":"2.8"}},{"type":"Feature","geometry":{"type":"Point","coordinates":[8.6698763,48.8864371]},"properties":{"maxweight":"2.8"}},{"type":"Feature","geometry":{"type":"Point","coordinates":[8.6695739,48.8862946]},"properties":{"maxweight":"2.8"}},{"type":"Feature","geometry":{"type":"Point","coordinates":[8.1438002,48.8414893]},"properties":{"maxheight":"2.5"}},{"type":"Feature","geometry":{"type":"Point","coordinates":[8.9079729,48.6391687]},"properties":{"maxheight":"default"}},{"type":"Feature","geometry":{"type":"Point","coordinates":[8.2424948,48.4913829]},"properties":{"maxweight":"6"}},{"type":"Feature","geometry":{"type":"Point","coordinates":[8.1885492,48.8478319]},"properties":{"maxweight":"16 t"}},{"type":"Feature","geometry":{"type":"Point","coordinates":[8.2325359,48.1753821]},"properties":{"maxweight":"16"}},{"type":"Feature","geometry":{"type":"Point","coordinates":[8.7429747,48.7188373]},"properties":{"maxheight":"below_default","maxheight:physical":"2.04"}},{"type":"Feature","geometry":{"type":"Point","coordinates":[8.244735,48.8914091]},"properties":{"maxheight":"default"}},{"type":"Feature","geometry":{"type":"Point","coordinates":[8.4752579,48.8137524]},"properties":{"maxweight":"2.8"}},{"type":"Feature","geometry":{"type":"Point","coordinates":[8.930414,48.4755152]},"properties":{"maxheight":"2.2","maxwidth":"2"}},{"type":"Feature","geometry":{"type":"Point","coordinates":[8.0564197,48.3086142]},"properties":{"hgv":"agricultural"}},{"type":"Feature","geometry":{"type":"Point","coordinates":[8.0559212,48.3088594]},"properties":{"hgv":"agricultural"}},{"type":"Feature","geometry":{"type":"Point","coordinates":[8.8399627,48.9516738]},"properties":{"maxheight":"default"}},{"type":"Feature","geometry":{"type":"Point","coordinates":[8.90867,48.638648]},"properties":{"hgv":"destination","maxweight":"7.5"}},{"type":"Feature","geometry":{"type":"Point","coordinates":[8.2099525,48.7847681]},"properties":{"goods":"destination"}},{"type":"Feature","geometry":{"type":"Point","coordinates":[8.2367736,48.2965824]},"properties":{"hgv":"destination"}},{"type":"Feature","geometry":{"type":"Point","coordinates":[8.4624821,48.9821409]},"properties":{"hgv":"destination"}},{"type":"Feature","geometry":{"type":"Point","coordinates":[8.4634423,48.9818453]},"properties":{"hgv":"destination"}},{"type":"Feature","geometry":{"type":"Point","coordinates":[8.4638447,48.9816297]},"properties":{"hgv":"destination"}},{"type":"Feature","geometry":{"type":"Point","coordinates":[8.5388545,48.2887524]},"properties":{"hgv":"agricultural"}},{"type":"Feature","geometry":{"type":"Point","coordinates":[8.5370231,48.2919565]},"properties":{"hgv":"agricultural"}},{"type":"Feature","geometry":{"type":"Point","coordinates":[8.5363843,48.2931663]},"properties":{"hgv":"agricultural"}},{"type":"Feature","geometry":{"type":"Point","coordinates":[8.4818623,48.9569867]},"properties":{"hgv":"no"}},{"type":"Feature","geometry":{"type":"Point","coordinates":[8.9948724,48.6767711]},"properties":{"maxweight":"7.5"}},{"type":"Feature","geometry":{"type":"Point","coordinates":[8.3148882,48.6300298]},"properties":{"hgv":"destination"}},{"type":"Feature","geometry":{"type":"Point","coordinates":[8.3160442,48.6307956]},"properties":{"hgv":"destination"}},{"type":"Feature","geometry":{"type":"Point","coordinates":[8.441636,48.0699631]},"properties":{"hgv":"no"}},{"type":"Feature","geometry":{"type":"Point","coordinates":[8.4420241,48.0694783]},"properties":{"hgv":"no"}},{"type":"Feature","geometry":{"type":"Point","coordinates":[8.4423444,48.0666427]},"properties":{"maxweight":"3.5"}},{"type":"Feature","geometry":{"type":"Point","coordinates":[8.709637,48.9139585]},"properties":{"maxheight":"default"}},{"type":"Feature","geometry":{"type":"Point","coordinates":[8.7464146,48.0288738]},"properties":{"goods":"agricultural"}},{"type":"Feature","geometry":{"type":"Point","coordinates":[8.7503566,48.031789]},"properties":{"goods":"agricultural"}},{"type":"Feature","geometry":{"type":"Point","coordinates":[8.7432864,48.0250159]},"properties":{"goods":"agricultural"}},{"type":"Feature","geometry":{"type":"Point","coordinates":[8.6628766,48.2755566]},"properties":{"maxweight":"7.5"}},{"type":"Feature","geometry":{"type":"Point","coordinates":[8.6626232,48.2758963]},"properties":{"maxweight":"7.5"}},{"type":"Feature","geometry":{"type":"Point","coordinates":[8.7005389,48.4597491]},"properties":{"maxheight":"none"}},{"type":"Feature","geometry":{"type":"Point","coordinates":[8.2246933,48.8669956]},"properties":{"maxweight":"7.5"}},{"type":"Feature","geometry":{"type":"Point","coordinates":[8.246542,48.8566361]},"properties":{"maxweight":"7.5"}},{"type":"Feature","geometry":{"type":"Point","coordinates":[8.238578,48.8590982]},"properties":{"maxweight":"7.5"}},{"type":"Feature","geometry":{"type":"Point","coordinates":[8.2396386,48.8585249]},"properties":{"maxweight":"7.5"}},{"type":"Feature","geometry":{"type":"Point","coordinates":[8.1564004,48.0954758]},"properties":{"maxlength":"5.5"}},{"type":"Feature","geometry":{"type":"Point","coordinates":[8.1687444,48.8552901]},"properties":{"maxweight":"7.5"}},{"type":"Feature","geometry":{"type":"Point","coordinates":[8.168689,48.8553667]},"properties":{"maxweight":"7.5"}},{"type":"Feature","geometry":{"type":"Point","coordinates":[8.1897202,48.855056]},"properties":{"maxweight":"7.5"}},{"type":"Feature","geometry":{"type":"Point","coordinates":[8.1902487,48.8544044]},"properties":{"maxweight":"7.5"}},{"type":"Feature","geometry":{"type":"Point","coordinates":[8.3352095,48.863595]},"properties":{"hgv":"no"}},{"type":"Feature","geometry":{"type":"Point","coordinates":[8.0849547,48.2801924]},"properties":{"maxheight":"3.1"}},{"type":"Feature","geometry":{"type":"Point","coordinates":[8.084947,48.2801408]},"properties":{"maxheight":"3.1"}},{"type":"Feature","geometry":{"type":"Point","coordinates":[8.2519153,48.9041864]},"properties":{"maxweight":"3.5"}},{"type":"Feature","geometry":{"type":"Point","coordinates":[8.2521369,48.9040908]},"properties":{"maxweight":"3.5"}},{"type":"Feature","geometry":{"type":"Point","coordinates":[8.2425855,48.8888122]},"properties":{"hgv":"no"}},{"type":"Feature","geometry":{"type":"Point","coordinates":[8.2425413,48.8887621]},"properties":{"hgv":"no"}},{"type":"Feature","geometry":{"type":"Point","coordinates":[8.2407297,48.8928278]},"properties":{"maxheight":"default"}},{"type":"Feature","geometry":{"type":"Point","coordinates":[8.2408431,48.8928386]},"properties":{"maxheight":"default"}},{"type":"Feature","geometry":{"type":"Point","coordinates":[8.2407935,48.8927971]},"properties":{"maxheight":"default"}},{"type":"Feature","geometry":{"type":"Point","coordinates":[8.2410358,48.8927022]},"properties":{"maxheight":"default"}},{"type":"Feature","geometry":{"type":"Point","coordinates":[8.2447624,48.8914617]},"properties":{"maxheight":"default"}},{"type":"Feature","geometry":{"type":"Point","coordinates":[8.1715929,48.7728827]},"properties":{"maxheight":"none"}},{"type":"Feature","geometry":{"type":"Point","coordinates":[8.1717553,48.773034]},"properties":{"maxheight":"none"}},{"type":"Feature","geometry":{"type":"Point","coordinates":[8.1372736,48.8092853]},"properties":{"maxheight":"none"}},{"type":"Feature","geometry":{"type":"Point","coordinates":[8.548899,48.9711139]},"properties":{"hgv":"destination"}},{"type":"Feature","geometry":{"type":"Point","coordinates":[8.5153497,48.051648]},"properties":{"maxweight":"3.5"}},{"type":"Feature","geometry":{"type":"Point","coordinates":[8.3922051,48.9953026]},"properties":{"maxheight":"3"}},{"type":"Feature","geometry":{"type":"Point","coordinates":[8.8646895,48.5933516]},"properties":{"hgv":"destination"}},{"type":"Feature","geometry":{"type":"Point","coordinates":[8.2244179,48.8669316]},"properties":{"maxweight":"7.5"}},{"type":"Feature","geometry":{"type":"Point","coordinates":[8.2240262,48.8667216]},"properties":{"maxweight":"7.5"}},{"type":"Feature","geometry":{"type":"Point","coordinates":[8.927375,48.11897]},"properties":{"maxweight":"7.5"}},{"type":"Feature","geometry":{"type":"Point","coordinates":[8.2687341,48.6215102]},"properties":{"hgv":"destination"}},{"type":"Feature","geometry":{"type":"Point","coordinates":[8.2796815,48.616866]},"properties":{"hgv":"destination"}},{"type":"Feature","geometry":{"type":"Point","coordinates":[8.6678675,48.3372831]},"properties":{"hgv":"no"}},{"type":"Feature","geometry":{"type":"Point","coordinates":[8.1957295,48.783572]},"properties":{"maxheight":"none"}},{"type":"Feature","geometry":{"type":"Point","coordinates":[8.4748428,48.9986773]},"properties":{"maxheight":"below_default"}},{"type":"Feature","geometry":{"type":"Point","coordinates":[8.2015032,48.7952986]},"properties":{"hgv":"destination"}},{"type":"Feature","geometry":{"type":"Point","coordinates":[8.9726939,48.818144]},"properties":{"hgv":"no"}},{"type":"Feature","geometry":{"type":"Point","coordinates":[8.315831,48.4707887]},"properties":{"hgv":"no"}},{"type":"Feature","geometry":{"type":"Point","coordinates":[8.3149406,48.4706572]},"properties":{"hgv":"no"}},{"type":"Feature","geometry":{"type":"Point","coordinates":[8.4701632,48.0601701]},"properties":{"maxheight":"default"}},{"type":"Feature","geometry":{"type":"Point","coordinates":[8.53903,48.9921572]},"properties":{"maxheight":"below_default"}},{"type":"Feature","geometry":{"type":"Point","coordinates":[8.4968613,48.903242]},"properties":{"maxweight":"7.5"}},{"type":"Feature","geometry":{"type":"Point","coordinates":[8.5028534,48.9086491]},"properties":{"maxweight":"7.5"}},{"type":"Feature","geometry":{"type":"Point","coordinates":[8.6153058,48.8543978]},"properties":{"hgv":"destination"}},{"type":"Feature","geometry":{"type":"Point","coordinates":[8.6151347,48.8543175]},"properties":{"hgv":"destination"}},{"type":"Feature","geometry":{"type":"Point","coordinates":[8.6153663,48.8540035]},"properties":{"hgv":"destination"}},{"type":"Feature","geometry":{"type":"Point","coordinates":[8.7778091,48.7234173]},"properties":{"maxweight":"2.8"}},{"type":"Feature","geometry":{"type":"Point","coordinates":[8.3748138,48.987925]},"properties":{"maxheight":"default"}},{"type":"Feature","geometry":{"type":"Point","coordinates":[8.6409013,48.3690039]},"properties":{"maxweight":"7.5"}},{"type":"Feature","geometry":{"type":"Point","coordinates":[8.3697065,48.9916184]},"properties":{"maxheight":"default"}},{"type":"Feature","geometry":{"type":"Point","coordinates":[8.9940512,48.5005972]},"properties":{"maxheight":"below_default"}},{"type":"Feature","geometry":{"type":"Point","coordinates":[8.3854096,48.9567772]},"properties":{"hgv":"destination"}},{"type":"Feature","geometry":{"type":"Point","coordinates":[8.4036462,48.9494751]},"properties":{"maxweight":"7.5 t"}},{"type":"Feature","geometry":{"type":"Point","coordinates":[8.4036462,48.9494751]},"properties":{"maxweight":"7.5 t"}},{"type":"Feature","geometry":{"type":"Point","coordinates":[8.7429797,48.7128275]},"properties":{"maxheight":"default"}},{"type":"Feature","geometry":{"type":"Point","coordinates":[8.7427234,48.7128421]},"properties":{"maxheight":"default"}},{"type":"Feature","geometry":{"type":"Point","coordinates":[8.6908918,48.4485112]},"properties":{"hgv":"no"}},{"type":"Feature","geometry":{"type":"Point","coordinates":[8.9498912,48.691507]},"properties":{"hgv":"no","maxweight":"7.5"}},{"type":"Feature","geometry":{"type":"Point","coordinates":[8.8954536,48.6419033]},"properties":{"maxweight":"2.8"}},{"type":"Feature","geometry":{"type":"Point","coordinates":[8.8954359,48.6419661]},"properties":{"maxweight":"2.8"}},{"type":"Feature","geometry":{"type":"Point","coordinates":[8.8954128,48.6420209]},"properties":{"maxweight":"2.5"}},{"type":"Feature","geometry":{"type":"Point","coordinates":[8.6903238,48.4478892]},"properties":{"hgv":"no"}},{"type":"Feature","geometry":{"type":"Point","coordinates":[8.6385281,48.363916]},"properties":{"maxweight":"7.5"}},{"type":"Feature","geometry":{"type":"Point","coordinates":[8.3824892,48.2625391]},"properties":{"hgv":"destination","maxlength":"9"}},{"type":"Feature","geometry":{"type":"Point","coordinates":[8.5344378,48.9905575]},"properties":{"hgv":"destination"}},{"type":"Feature","geometry":{"type":"Point","coordinates":[8.5329251,48.9975139]},"properties":{"hgv":"destination"}},{"type":"Feature","geometry":{"type":"Point","coordinates":[8.5345335,48.9913422]},"properties":{"hgv":"destination"}},{"type":"Feature","geometry":{"type":"Point","coordinates":[8.3546838,48.8183699]},"properties":{"maxweight":"6"}},{"type":"Feature","geometry":{"type":"Point","coordinates":[8.354707,48.818391]},"properties":{"maxweight":"6"}},{"type":"Feature","geometry":{"type":"Point","coordinates":[8.3573239,48.8182948]},"properties":{"maxweight":"6"}},{"type":"Feature","geometry":{"type":"Point","coordinates":[8.6659612,48.3328391]},"properties":{"hgv":"destination"}},{"type":"Feature","geometry":{"type":"Point","coordinates":[8.9614198,48.9282374]},"properties":{"hgv":"destination","maxweight":"2.8"}},{"type":"Feature","geometry":{"type":"Point","coordinates":[8.4038252,48.2640423]},"properties":{"hgv":"destination","maxlength":"9"}},{"type":"Feature","geometry":{"type":"Point","coordinates":[8.999974,48.7424049]},"properties":{"maxweightrating:hgv":"7.5"}},{"type":"Feature","geometry":{"type":"Point","coordinates":[8.1683551,48.8552061]},"properties":{"maxweight":"7.5"}},{"type":"Feature","geometry":{"type":"Point","coordinates":[8.0691844,48.6996992]},"properties":{"maxweight":"16"}},{"type":"Feature","geometry":{"type":"Point","coordinates":[8.206099,48.0520601]},"properties":{"hgv":"no"}},{"type":"Feature","geometry":{"type":"Point","coordinates":[8.9067554,48.7721278]},"properties":{"maxheight":"default"}},{"type":"Feature","geometry":{"type":"Point","coordinates":[8.3731645,48.9798078]},"properties":{"maxheight":"1.2"}},{"type":"Feature","geometry":{"type":"Point","coordinates":[8.8267963,48.8046994]},"properties":{"hgv":"destination"}},{"type":"Feature","geometry":{"type":"Point","coordinates":[8.8265678,48.8050744]},"properties":{"hgv":"destination"}},{"type":"Feature","geometry":{"type":"Point","coordinates":[8.7980482,48.8207509]},"properties":{"maxweight":"2.8"}},{"type":"Feature","geometry":{"type":"Point","coordinates":[8.8937968,48.6379814]},"properties":{"hgv":"destination","maxweightrating":"7.5"}},{"type":"Feature","geometry":{"type":"Point","coordinates":[8.2545433,48.8394993]},"properties":{"hgv":"yes"}},{"type":"Feature","geometry":{"type":"Point","coordinates":[8.826434,48.805294]},"properties":{"hgv":"destination"}},{"type":"Feature","geometry":{"type":"Point","coordinates":[8.4470543,48.0680795]},"properties":{"maxheight":"2.1"}},{"type":"Feature","geometry":{"type":"Point","coordinates":[8.4482106,48.0666853]},"properties":{"maxheight":"default"}},{"type":"Feature","geometry":{"type":"Point","coordinates":[8.7720626,48.6746249]},"properties":{"maxweight":"3.5"}},{"type":"Feature","geometry":{"type":"Point","coordinates":[8.7903768,48.6705016]},"properties":{"maxweight":"7.5"}},{"type":"Feature","geometry":{"type":"Point","coordinates":[8.6959397,48.4579285]},"properties":{"maxheight":"2.8"}},{"type":"Feature","geometry":{"type":"Point","coordinates":[8.7642812,48.7220027]},"properties":{"maxweight":"2.8"}},{"type":"Feature","geometry":{"type":"Point","coordinates":[8.8374097,48.3027063]},"properties":{"maxweight":"3.0"}},{"type":"Feature","geometry":{"type":"Point","coordinates":[8.2758826,48.0815436]},"properties":{"maxweight":"6"}},{"type":"Feature","geometry":{"type":"Point","coordinates":[8.3234981,48.7870535]},"properties":{"maxweight":"7.5"}},{"type":"Feature","geometry":{"type":"Point","coordinates":[8.3245468,48.7875678]},"properties":{"maxweight":"7.5"}},{"type":"Feature","geometry":{"type":"Point","coordinates":[8.6726314,48.7354116]},"properties":{"maxheight":"3.1"}},{"type":"Feature","geometry":{"type":"Point","coordinates":[8.6858716,48.7293753]},"properties":{"maxweight":"6"}},{"type":"Feature","geometry":{"type":"Point","coordinates":[8.6921616,48.7261133]},"properties":{"maxweight":"6"}},{"type":"Feature","geometry":{"type":"Point","coordinates":[8.4836887,48.4731977]},"properties":{"hgv":"destination"}},{"type":"Feature","geometry":{"type":"Point","coordinates":[8.7449631,48.7105316]},"properties":{"maxweight":"2.8"}},{"type":"Feature","geometry":{"type":"Point","coordinates":[8.7457662,48.7109337]},"properties":{"maxweight":"2.8"}},{"type":"Feature","geometry":{"type":"Point","coordinates":[8.7514827,48.7072513]},"properties":{"maxweight":"2.8"}},{"type":"Feature","geometry":{"type":"Point","coordinates":[8.1925967,48.1941294]},"properties":{"hgv":"agricultural"}},{"type":"Feature","geometry":{"type":"Point","coordinates":[8.9591272,48.4746594]},"properties":{"maxheight":"default"}},{"type":"Feature","geometry":{"type":"Point","coordinates":[8.6733434,48.6710584]},"properties":{"maxweight":"6"}},{"type":"Feature","geometry":{"type":"Point","coordinates":[8.6878733,48.6332724]},"properties":{"maxweight":"3.5"}},{"type":"Feature","geometry":{"type":"Point","coordinates":[8.6640482,48.6237813]},"properties":{"maxweight":"3.5"}},{"type":"Feature","geometry":{"type":"Point","coordinates":[8.6707099,48.6267488]},"properties":{"maxweight":"3.5"}},{"type":"Feature","geometry":{"type":"Point","coordinates":[8.8832887,48.4981654]},"properties":{"maxheight":"default"}},{"type":"Feature","geometry":{"type":"Point","coordinates":[8.2168174,48.8032407]},"properties":{"hgv":"destination"}},{"type":"Feature","geometry":{"type":"Point","coordinates":[8.6587962,48.6641189]},"properties":{"maxweight":"6"}},{"type":"Feature","geometry":{"type":"Point","coordinates":[8.6692093,48.694836]},"properties":{"maxweight":"2.8"}},{"type":"Feature","geometry":{"type":"Point","coordinates":[8.8885656,48.4986648]},"properties":{"maxheight":"default"}},{"type":"Feature","geometry":{"type":"Point","coordinates":[8.8899535,48.4988083]},"properties":{"maxheight":"default"}},{"type":"Feature","geometry":{"type":"Point","coordinates":[8.7294429,48.7956909]},"properties":{"maxweight":"7.5"}},{"type":"Feature","geometry":{"type":"Point","coordinates":[8.7292975,48.7987557]},"properties":{"maxweight":"2.8"}},{"type":"Feature","geometry":{"type":"Point","coordinates":[8.8314507,48.492854]},"properties":{"maxheight":"default"}},{"type":"Feature","geometry":{"type":"Point","coordinates":[8.9340594,48.6276671]},"properties":{"hgv":"destination"}},{"type":"Feature","geometry":{"type":"Point","coordinates":[8.9323969,48.628156]},"properties":{"hgv":"destination"}},{"type":"Feature","geometry":{"type":"Point","coordinates":[8.70815,48.7054093]},"properties":{"hgv":"forestry"}},{"type":"Feature","geometry":{"type":"Point","coordinates":[8.1704847,48.2843162]},"properties":{"maxweight":"9"}},{"type":"Feature","geometry":{"type":"Point","coordinates":[8.7491398,48.6274034]},"properties":{"maxweight":"5.5"}},{"type":"Feature","geometry":{"type":"Point","coordinates":[8.8065009,48.6696425]},"properties":{"hgv":"agricultural;forestry","maxwidth":"3.5"}},{"type":"Feature","geometry":{"type":"Point","coordinates":[8.8431161,48.5031249]},"properties":{"maxheight":"default"}},{"type":"Feature","geometry":{"type":"Point","coordinates":[8.8416887,48.5025826]},"properties":{"maxheight":"default"}},{"type":"Feature","geometry":{"type":"Point","coordinates":[8.667714,48.5171231]},"properties":{"maxweightrating:hgv":"7.5"}},{"type":"Feature","geometry":{"type":"Point","coordinates":[8.7298371,48.4951548]},"properties":{"hgv":"agricultural","maxheight":"3.6"}},{"type":"Feature","geometry":{"type":"Point","coordinates":[8.7292657,48.495796]},"properties":{"hgv":"agricultural"}},{"type":"Feature","geometry":{"type":"Point","coordinates":[8.7417516,48.5145202]},"properties":{"maxheight":"3.7"}},{"type":"Feature","geometry":{"type":"Point","coordinates":[8.7082767,48.7007523]},"properties":{"hgv":"agricultural"}},{"type":"Feature","geometry":{"type":"Point","coordinates":[8.659915,48.6549624]},"properties":{"maxweight":"6"}},{"type":"Feature","geometry":{"type":"Point","coordinates":[8.6749943,48.6714881]},"properties":{"maxweight":"6"}},{"type":"Feature","geometry":{"type":"Point","coordinates":[8.7089142,48.5869611]},"properties":{"maxweight":"6"}},{"type":"Feature","geometry":{"type":"Point","coordinates":[8.6866602,48.5991962]},"properties":{"maxweightrating:hgv":"6"}},{"type":"Feature","geometry":{"type":"Point","coordinates":[8.6875927,48.5997104]},"properties":{"maxweightrating:hgv":"6"}},{"type":"Feature","geometry":{"type":"Point","coordinates":[8.6603311,48.6182086]},"properties":{"maxweight":"7.5"}},{"type":"Feature","geometry":{"type":"Point","coordinates":[8.0124584,48.2436909]},"properties":{"maxweight":"5 t"}},{"type":"Feature","geometry":{"type":"Point","coordinates":[8.0139276,48.2472935]},"properties":{"maxweight":"5 t"}},{"type":"Feature","geometry":{"type":"Point","coordinates":[8.560256,48.4595192]},"properties":{"maxweight":"6"}},{"type":"Feature","geometry":{"type":"Point","coordinates":[8.6602506,48.6163515]},"properties":{"maxweight":"7.5"}},{"type":"Feature","geometry":{"type":"Point","coordinates":[8.6519115,48.6014836]},"properties":{"maxweight":"3.5"}},{"type":"Feature","geometry":{"type":"Point","coordinates":[8.6494897,48.5994233]},"properties":{"maxweight":"3.5"}},{"type":"Feature","geometry":{"type":"Point","coordinates":[8.4575616,48.0612473]},"properties":{"maxheight":"3"}},{"type":"Feature","geometry":{"type":"Point","coordinates":[8.6722785,48.1261643]},"properties":{"maxheight":"3.3"}},{"type":"Feature","geometry":{"type":"Point","coordinates":[8.3546828,48.6846519]},"properties":{"maxweight":"7.5"}},{"type":"Feature","geometry":{"type":"Point","coordinates":[8.5424316,48.594005]},"properties":{"maxweight":"6"}},{"type":"Feature","geometry":{"type":"Point","coordinates":[8.5855206,48.5687375]},"properties":{"maxweight":"12"}},{"type":"Feature","geometry":{"type":"Point","coordinates":[8.566589,48.5589366]},"properties":{"maxweight":"12"}},{"type":"Feature","geometry":{"type":"Point","coordinates":[8.7082176,48.828711]},"properties":{"maxwidth":"2","maxweight":"3.5"}},{"type":"Feature","geometry":{"type":"Point","coordinates":[8.6678029,48.7254531]},"properties":{"maxweight":"6"}},{"type":"Feature","geometry":{"type":"Point","coordinates":[8.6051424,48.6842062]},"properties":{"maxweight":"3"}},{"type":"Feature","geometry":{"type":"Point","coordinates":[8.8760418,48.7499276]},"properties":{"maxlength":"10"}},{"type":"Feature","geometry":{"type":"Point","coordinates":[8.9529698,48.4802663]},"properties":{"maxheight":"2"}},{"type":"Feature","geometry":{"type":"Point","coordinates":[8.4474569,48.9936006]},"properties":{"maxheight":"2.1"}},{"type":"Feature","geometry":{"type":"Point","coordinates":[8.8659012,48.2426845]},"properties":{"maxheight":"4.3"}},{"type":"Feature","geometry":{"type":"Point","coordinates":[8.8170128,48.7542368]},"properties":{"maxweight":"7.5"}},{"type":"Feature","geometry":{"type":"Point","coordinates":[8.4498559,48.4730162]},"properties":{"maxweight":"16"}},{"type":"Feature","geometry":{"type":"Point","coordinates":[8.4235892,48.4673168]},"properties":{"maxheight":"default"}},{"type":"Feature","geometry":{"type":"Point","coordinates":[8.7207815,48.5559334]},"properties":{"hgv":"no"}},{"type":"Feature","geometry":{"type":"Point","coordinates":[8.0540543,48.3021788]},"properties":{"maxheight":"3.2"}},{"type":"Feature","geometry":{"type":"Point","coordinates":[8.222982,48.1682849]},"properties":{"maxheight":"4"}},{"type":"Feature","geometry":{"type":"Point","coordinates":[8.9360994,48.4793553]},"properties":{"maxweight":"6"}},{"type":"Feature","geometry":{"type":"Point","coordinates":[8.9362895,48.4793309]},"properties":{"maxweight":"6"}},{"type":"Feature","geometry":{"type":"Point","coordinates":[8.9361683,48.479085]},"properties":{"maxweight":"6"}},{"type":"Feature","geometry":{"type":"Point","coordinates":[8.9359582,48.4791869]},"properties":{"maxweight":"6"}},{"type":"Feature","geometry":{"type":"Point","coordinates":[8.9360007,48.4793126]},"properties":{"maxweight":"6"}},{"type":"Feature","geometry":{"type":"Point","coordinates":[8.7120098,48.6688633]},"properties":{"hgv":"no"}},{"type":"Feature","geometry":{"type":"Point","coordinates":[8.7076911,48.4386368]},"properties":{"maxheight":"default"}},{"type":"Feature","geometry":{"type":"Point","coordinates":[8.7068203,48.4390791]},"properties":{"maxheight":"default"}},{"type":"Feature","geometry":{"type":"Point","coordinates":[8.6619881,48.2761111]},"properties":{"maxweight":"7.5"}},{"type":"Feature","geometry":{"type":"Point","coordinates":[8.6746293,48.276748]},"properties":{"maxweight":"7.5"}},{"type":"Feature","geometry":{"type":"Point","coordinates":[8.6726024,48.2729363]},"properties":{"maxweight":"7.5"}},{"type":"Feature","geometry":{"type":"Point","coordinates":[8.6776743,48.2705173]},"properties":{"maxweight":"7.5"}},{"type":"Feature","geometry":{"type":"Point","coordinates":[8.4795364,48.2969651]},"properties":{"hgv":"no"}},{"type":"Feature","geometry":{"type":"Point","coordinates":[8.9074481,48.3448811]},"properties":{"maxweight":"3.5"}},{"type":"Feature","geometry":{"type":"Point","coordinates":[8.9081986,48.3470104]},"properties":{"maxweight":"3.5"}},{"type":"Feature","geometry":{"type":"Point","coordinates":[8.964853,48.2553449]},"properties":{"maxheight":"3.7"}},{"type":"Feature","geometry":{"type":"Point","coordinates":[8.2338184,48.7667842]},"properties":{"maxweight":"16"}},{"type":"Feature","geometry":{"type":"Point","coordinates":[8.2444326,48.124079]},"properties":{"maxweight":"5"}},{"type":"Feature","geometry":{"type":"Point","coordinates":[8.5309992,48.7494882]},"properties":{"maxheight":"below_default"}},{"type":"Feature","geometry":{"type":"Point","coordinates":[8.9419293,48.330484]},"properties":{"maxheight":"below_default"}},{"type":"Feature","geometry":{"type":"Point","coordinates":[8.9420508,48.3307519]},"properties":{"maxheight":"below_default"}},{"type":"Feature","geometry":{"type":"Point","coordinates":[8.9412593,48.3291286]},"properties":{"maxheight":"below_default"}},{"type":"Feature","geometry":{"type":"Point","coordinates":[8.214713,48.1213624]},"properties":{"maxweight":"5"}},{"type":"Feature","geometry":{"type":"Point","coordinates":[8.7995349,48.5787064]},"properties":{"maxweight":"5.5"}},{"type":"Feature","geometry":{"type":"Point","coordinates":[8.2373644,48.7554784]},"properties":{"maxweight":"2.8"}},{"type":"Feature","geometry":{"type":"Point","coordinates":[8.237352,48.7563082]},"properties":{"maxweight":"2.8"}},{"type":"Feature","geometry":{"type":"Point","coordinates":[8.6724407,48.4900537]},"properties":{"maxweight":"16"}},{"type":"Feature","geometry":{"type":"Point","coordinates":[8.6842125,48.2889693]},"properties":{"maxweight":"6"}},{"type":"Feature","geometry":{"type":"Point","coordinates":[8.6858041,48.2873231]},"properties":{"maxweight":"6"}},{"type":"Feature","geometry":{"type":"Point","coordinates":[8.8499958,48.8944648]},"properties":{"maxheight":"default"}},{"type":"Feature","geometry":{"type":"Point","coordinates":[8.5261591,48.0570571]},"properties":{"maxheight":"2.8"}},{"type":"Feature","geometry":{"type":"Point","coordinates":[8.5260416,48.0570966]},"properties":{"maxheight":"7.8"}},{"type":"Feature","geometry":{"type":"Point","coordinates":[8.9353256,48.7694588]},"properties":{"maxweight":"3.5 t"}},{"type":"Feature","geometry":{"type":"Point","coordinates":[8.1834456,48.8098013]},"properties":{"hgv":"yes"}},{"type":"Feature","geometry":{"type":"Point","coordinates":[8.1834746,48.8102741]},"properties":{"hgv":"yes"}},{"type":"Feature","geometry":{"type":"Point","coordinates":[8.8934358,48.6424332]},"properties":{"hgv":"destination","maxweightrating":"7.5"}},{"type":"Feature","geometry":{"type":"Point","coordinates":[8.2261832,48.1728409]},"properties":{"maxheight":"3.9"}},{"type":"Feature","geometry":{"type":"Point","coordinates":[8.5179665,48.1685551]},"properties":{"maxweight":"3.5"}},{"type":"Feature","geometry":{"type":"Point","coordinates":[8.5180488,48.1694879]},"properties":{"maxweight":"3.5"}},{"type":"Feature","geometry":{"type":"Point","coordinates":[8.2342509,48.2084886]},"properties":{"hgv":"no"}},{"type":"Feature","geometry":{"type":"Point","coordinates":[8.1969597,48.6710345]},"properties":{"maxweight":"7.5"}},{"type":"Feature","geometry":{"type":"Point","coordinates":[8.6909883,48.5056747]},"properties":{"maxweightrating:hgv":"7.5"}},{"type":"Feature","geometry":{"type":"Point","coordinates":[8.6914759,48.5056153]},"properties":{"maxweightrating:hgv":"7.5"}},{"type":"Feature","geometry":{"type":"Point","coordinates":[8.4909039,48.14766]},"properties":{"maxweight":"6"}},{"type":"Feature","geometry":{"type":"Point","coordinates":[8.5137238,48.1393363]},"properties":{"maxweight":"6"}},{"type":"Feature","geometry":{"type":"Point","coordinates":[8.5170519,48.8630864]},"properties":{"maxweight":"1.5"}},{"type":"Feature","geometry":{"type":"Point","coordinates":[8.5245521,48.8731406]},"properties":{"maxweightrating:hgv":"3.5"}},{"type":"Feature","geometry":{"type":"Point","coordinates":[8.2495599,48.8699165]},"properties":{"maxheight":"none"}},{"type":"Feature","geometry":{"type":"Point","coordinates":[8.0139466,48.5883449]},"properties":{"maxweight":"7.5"}},{"type":"Feature","geometry":{"type":"Point","coordinates":[8.2305636,48.2123361]},"properties":{"maxheight":"2"}},{"type":"Feature","geometry":{"type":"Point","coordinates":[8.6521625,48.441161]},"properties":{"maxweight":"1.5"}},{"type":"Feature","geometry":{"type":"Point","coordinates":[8.2335779,48.207385]},"properties":{"maxheight":"3.2"}},{"type":"Feature","geometry":{"type":"Point","coordinates":[8.2293386,48.188057]},"properties":{"hgv":"destination"}},{"type":"Feature","geometry":{"type":"Point","coordinates":[8.1903948,48.1903112]},"properties":{"hgv":"agricultural"}},{"type":"Feature","geometry":{"type":"Point","coordinates":[8.3839402,48.9322631]},"properties":{"maxheight":"default"}},{"type":"Feature","geometry":{"type":"Point","coordinates":[8.9745287,48.3535436]},"properties":{"maxheight":"default"}},{"type":"Feature","geometry":{"type":"Point","coordinates":[8.9387289,48.473428]},"properties":{"maxheight":"default"}},{"type":"Feature","geometry":{"type":"Point","coordinates":[8.7237752,48.9474849]},"properties":{"maxweight":"3.5"}},{"type":"Feature","geometry":{"type":"Point","coordinates":[8.7186401,48.9637221]},"properties":{"hgv":"no"}},{"type":"Feature","geometry":{"type":"Point","coordinates":[8.7145337,48.9597566]},"properties":{"hgv":"no"}},{"type":"Feature","geometry":{"type":"Point","coordinates":[8.2056294,48.8433421]},"properties":{"hgv":"destination"}},{"type":"Feature","geometry":{"type":"Point","coordinates":[8.3918076,48.9675764]},"properties":{"maxheight":"default"}},{"type":"Feature","geometry":{"type":"Point","coordinates":[8.1807853,48.9782258]},"properties":{"maxweight":"3.5"}},{"type":"Feature","geometry":{"type":"Point","coordinates":[8.2401245,48.8874495]},"properties":{"hgv":"no"}},{"type":"Feature","geometry":{"type":"Point","coordinates":[8.4440026,48.0661688]},"properties":{"maxheight":"3.5"}},{"type":"Feature","geometry":{"type":"Point","coordinates":[8.3712497,48.9194964]},"properties":{"maxweight":"5"}},{"type":"Feature","geometry":{"type":"Point","coordinates":[8.712106,48.8887939]},"properties":{"maxweight":"6t"}},{"type":"Feature","geometry":{"type":"Point","coordinates":[8.7464314,48.7155612]},"properties":{"maxweight":"6"}},{"type":"Feature","geometry":{"type":"Point","coordinates":[8.3828307,48.9892705]},"properties":{"hgv":"destination"}},{"type":"Feature","geometry":{"type":"Point","coordinates":[8.382356,48.9894652]},"properties":{"hgv":"destination"}},{"type":"Feature","geometry":{"type":"Point","coordinates":[8.3822946,48.9894405]},"properties":{"hgv":"destination"}},{"type":"Feature","geometry":{"type":"Point","coordinates":[8.384873,48.9960095]},"properties":{"maxheight":"2.5"}},{"type":"Feature","geometry":{"type":"Point","coordinates":[8.3853053,48.9962561]},"properties":{"maxheight":"2.5"}},{"type":"Feature","geometry":{"type":"Point","coordinates":[8.696812,48.4464655]},"properties":{"maxheight":"default"}},{"type":"Feature","geometry":{"type":"Point","coordinates":[8.3700014,48.7558339]},"properties":{"hgv":"destination"}},{"type":"Feature","geometry":{"type":"Point","coordinates":[8.3699504,48.7555223]},"properties":{"hgv":"destination"}},{"type":"Feature","geometry":{"type":"Point","coordinates":[8.3687273,48.7554322]},"properties":{"hgv":"destination"}},{"type":"Feature","geometry":{"type":"Point","coordinates":[8.3714294,48.756069]},"properties":{"hgv":"destination"}},{"type":"Feature","geometry":{"type":"Point","coordinates":[8.3696259,48.7553922]},"properties":{"hgv":"destination"}},{"type":"Feature","geometry":{"type":"Point","coordinates":[8.3359001,48.8675057]},"properties":{"hgv":"no"}},{"type":"Feature","geometry":{"type":"Point","coordinates":[8.2141746,48.8286559]},"properties":{"maxheight":"default"}},{"type":"Feature","geometry":{"type":"Point","coordinates":[8.3456436,48.9931611]},"properties":{"hgv":"no","goods":"no"}},{"type":"Feature","geometry":{"type":"Point","coordinates":[8.2097493,48.7849956]},"properties":{"goods":"destination"}},{"type":"Feature","geometry":{"type":"Point","coordinates":[8.2189518,48.804049]},"properties":{"hgv":"destination"}},{"type":"Feature","geometry":{"type":"Point","coordinates":[8.4564305,48.914868]},"properties":{"hgv":"destination"}},{"type":"Feature","geometry":{"type":"Point","coordinates":[8.4718608,48.862849]},"properties":{"maxweight":"1.5"}},{"type":"Feature","geometry":{"type":"Point","coordinates":[8.7762938,48.5341249]},"properties":{"hgv":"destination"}},{"type":"Feature","geometry":{"type":"Point","coordinates":[8.8103899,48.6227054]},"properties":{"maxweight":"6"}},{"type":"Feature","geometry":{"type":"Point","coordinates":[8.8499428,48.7273896]},"properties":{"maxweight":"6"}},{"type":"Feature","geometry":{"type":"Point","coordinates":[8.7948112,48.7512396]},"properties":{"maxweight":"7.5"}},{"type":"Feature","geometry":{"type":"Point","coordinates":[8.5477338,48.7502174]},"properties":{"maxheight":"4","maxlength":"12","maxweight":"7.5"}},{"type":"Feature","geometry":{"type":"Point","coordinates":[8.6872246,48.2874216]},"properties":{"maxweight":"6"}},{"type":"Feature","geometry":{"type":"Point","coordinates":[8.9214327,48.7747075]},"properties":{"maxheight":"default"}},{"type":"Feature","geometry":{"type":"Point","coordinates":[8.2026431,48.8134348]},"properties":{"maxweight":"2.8"}},{"type":"Feature","geometry":{"type":"Point","coordinates":[8.2045019,48.8139594]},"properties":{"maxweight":"2.8"}},{"type":"Feature","geometry":{"type":"Point","coordinates":[8.2028245,48.8134873]},"properties":{"maxweight":"2.8"}},{"type":"Feature","geometry":{"type":"Point","coordinates":[8.7847706,48.7351112]},"properties":{"hgv":"destination"}},{"type":"Feature","geometry":{"type":"Point","coordinates":[8.5772685,48.1013958]},"properties":{"maxweight":"6"}},{"type":"Feature","geometry":{"type":"Point","coordinates":[8.6196849,48.0275373]},"properties":{"maxheight":"default"}},{"type":"Feature","geometry":{"type":"Point","coordinates":[8.6134997,48.0290756]},"properties":{"maxheight":"default"}},{"type":"Feature","geometry":{"type":"Point","coordinates":[8.4460267,48.9998238]},"properties":{"hgv":"destination","maxheight":"default"}},{"type":"Feature","geometry":{"type":"Point","coordinates":[8.4451686,48.9999999]},"properties":{"hgv":"destination","maxheight":"default"}},{"type":"Feature","geometry":{"type":"Point","coordinates":[8.4454206,48.9999787]},"properties":{"hgv":"destination","maxheight":"default"}},{"type":"Feature","geometry":{"type":"Point","coordinates":[8.3743014,48.9888299]},"properties":{"maxheight":"2.1","maxweight":"2.5"}},{"type":"Feature","geometry":{"type":"Point","coordinates":[8.6530701,48.8987854]},"properties":{"maxweight":"2.8"}},{"type":"Feature","geometry":{"type":"Point","coordinates":[8.6877313,48.8539159]},"properties":{"maxweight":"3.0"}},{"type":"Feature","geometry":{"type":"Point","coordinates":[8.6743947,48.8547702]},"properties":{"maxweight":"3.0"}},{"type":"Feature","geometry":{"type":"Point","coordinates":[8.6811315,48.8680466]},"properties":{"maxwidth":"2"}},{"type":"Feature","geometry":{"type":"Point","coordinates":[8.5860034,48.8059534]},"properties":{"maxweight":"3.5"}},{"type":"Feature","geometry":{"type":"Point","coordinates":[8.6586694,48.8314696]},"properties":{"maxweight":"7.5"}},{"type":"Feature","geometry":{"type":"Point","coordinates":[8.984516,48.7010973]},"properties":{"maxheight":"default"}},{"type":"Feature","geometry":{"type":"Point","coordinates":[8.9842036,48.7008553]},"properties":{"maxheight":"default"}},{"type":"Feature","geometry":{"type":"Point","coordinates":[8.9843529,48.700898]},"properties":{"maxheight":"default"}},{"type":"Feature","geometry":{"type":"Point","coordinates":[8.8229673,48.7769659]},"properties":{"hgv":"destination;agricultural"}},{"type":"Feature","geometry":{"type":"Point","coordinates":[8.9798641,48.4012416]},"properties":{"hgv":"agricultural"}},{"type":"Feature","geometry":{"type":"Point","coordinates":[8.3630164,48.9875796]},"properties":{"maxheight":"2.7"}},{"type":"Feature","geometry":{"type":"Point","coordinates":[8.4763696,48.9199318]},"properties":{"maxweight":"7.5"}},{"type":"Feature","geometry":{"type":"Point","coordinates":[8.5055583,48.9207051]},"properties":{"hgv":"destination"}},{"type":"Feature","geometry":{"type":"Point","coordinates":[8.5057202,48.9207321]},"properties":{"hgv":"destination"}},{"type":"Feature","geometry":{"type":"Point","coordinates":[8.5684799,48.955004]},"properties":{"maxheight":"3.5"}},{"type":"Feature","geometry":{"type":"Point","coordinates":[8.5432372,48.9884489]},"properties":{"maxheight":"3.2"}},{"type":"Feature","geometry":{"type":"Point","coordinates":[8.9375151,48.7761806]},"properties":{"hgv":"no"}},{"type":"Feature","geometry":{"type":"Point","coordinates":[8.9132687,48.8340351]},"properties":{"maxweight":"30"}},{"type":"Feature","geometry":{"type":"Point","coordinates":[8.8333914,48.7879654]},"properties":{"hgv":"destination;agricultural"}},{"type":"Feature","geometry":{"type":"Point","coordinates":[8.9154218,48.6425971]},"properties":{"maxheight":"default"}},{"type":"Feature","geometry":{"type":"Point","coordinates":[8.08489,48.085795]},"properties":{"maxheight":"2.4"}},{"type":"Feature","geometry":{"type":"Point","coordinates":[8.6904791,48.4422044]},"properties":{"maxheight":"none"}},{"type":"Feature","geometry":{"type":"Point","coordinates":[8.9537139,48.6610127]},"properties":{"maxweight":"7.5"}},{"type":"Feature","geometry":{"type":"Point","coordinates":[8.9063991,48.7722666]},"properties":{"maxheight":"default"}},{"type":"Feature","geometry":{"type":"Point","coordinates":[8.9080596,48.7752051]},"properties":{"hgv":"delivery"}},{"type":"Feature","geometry":{"type":"Point","coordinates":[8.3772606,48.9887449]},"properties":{"hgv":"destination"}},{"type":"Feature","geometry":{"type":"Point","coordinates":[8.3752055,48.9894752]},"properties":{"maxheight":"default"}},{"type":"Feature","geometry":{"type":"Point","coordinates":[8.3427236,48.7780738]},"properties":{"maxheight":"no"}},{"type":"Feature","geometry":{"type":"Point","coordinates":[8.4706406,48.0600073]},"properties":{"maxheight":"default"}},{"type":"Feature","geometry":{"type":"Point","coordinates":[8.4703978,48.0600897]},"properties":{"maxheight":"default"}},{"type":"Feature","geometry":{"type":"Point","coordinates":[8.4717679,48.0597253]},"properties":{"maxheight":"default"}},{"type":"Feature","geometry":{"type":"Point","coordinates":[8.7660892,48.7088773]},"properties":{"maxheight":"default"}},{"type":"Feature","geometry":{"type":"Point","coordinates":[8.2550316,48.1325524]},"properties":{"maxweight":"5"}},{"type":"Feature","geometry":{"type":"Point","coordinates":[8.2491207,48.1404712]},"properties":{"maxweight":"3.5"}},{"type":"Feature","geometry":{"type":"Point","coordinates":[8.3491936,48.7515663]},"properties":{"hgv":"destination"}},{"type":"Feature","geometry":{"type":"Point","coordinates":[8.9428409,48.774298]},"properties":{"hgv":"no"}},{"type":"Feature","geometry":{"type":"Point","coordinates":[8.9432512,48.7755757]},"properties":{"hgv":"no"}},{"type":"Feature","geometry":{"type":"Point","coordinates":[8.3775819,48.7621184]},"properties":{"hgv":"no"}},{"type":"Feature","geometry":{"type":"Point","coordinates":[8.3837344,48.7696631]},"properties":{"hgv":"no"}},{"type":"Feature","geometry":{"type":"Point","coordinates":[8.3461708,48.7643372]},"properties":{"hgv":"destination"}},{"type":"Feature","geometry":{"type":"Point","coordinates":[8.8284182,48.5221444]},"properties":{"maxweight":"1.4"}},{"type":"Feature","geometry":{"type":"Point","coordinates":[8.1997231,48.1859111]},"properties":{"hgv":"agricultural"}},{"type":"Feature","geometry":{"type":"Point","coordinates":[8.199686,48.1859578]},"properties":{"hgv":"agricultural","maxweight":"6"}},{"type":"Feature","geometry":{"type":"Point","coordinates":[8.1727077,48.0396926]},"properties":{"maxweightrating:hgv":"12"}},{"type":"Feature","geometry":{"type":"Point","coordinates":[8.8667033,48.745781]},"properties":{"hgv":"agricultural;forestry"}},{"type":"Feature","geometry":{"type":"Point","coordinates":[8.8663066,48.7455372]},"properties":{"hgv":"agricultural;forestry"}},{"type":"Feature","geometry":{"type":"Point","coordinates":[8.6108525,48.2998721]},"properties":{"hgv":"no"}},{"type":"Feature","geometry":{"type":"Point","coordinates":[8.6122737,48.2999534]},"properties":{"hgv":"no"}},{"type":"Feature","geometry":{"type":"Point","coordinates":[8.2694108,48.0955897]},"properties":{"maxheight":"3.2"}},{"type":"Feature","geometry":{"type":"Point","coordinates":[8.2031877,48.0574912]},"properties":{"maxweight":"3.5"}},{"type":"Feature","geometry":{"type":"Point","coordinates":[8.4148309,48.9939736]},"properties":{"maxheight":"default"}},{"type":"Feature","geometry":{"type":"Point","coordinates":[8.4137163,48.9951303]},"properties":{"maxheight":"default"}},{"type":"Feature","geometry":{"type":"Point","coordinates":[8.5327539,48.2146955]},"properties":{"hgv":"no","maxweight":"2.8"}},{"type":"Feature","geometry":{"type":"Point","coordinates":[8.932133,48.658701]},"properties":{"maxheight":"default"}},{"type":"Feature","geometry":{"type":"Point","coordinates":[8.9648235,48.2551663]},"properties":{"maxheight":"3.7"}},{"type":"Feature","geometry":{"type":"Point","coordinates":[8.4740523,48.8895569]},"properties":{"maxweight":"7.5"}},{"type":"Feature","geometry":{"type":"Point","coordinates":[8.3515328,48.9190504]},"properties":{"maxheight":"none"}},{"type":"Feature","geometry":{"type":"Point","coordinates":[8.9710431,48.791443]},"properties":{"maxheight":"default"}},{"type":"Feature","geometry":{"type":"Point","coordinates":[8.3756579,48.9786052]},"properties":{"maxheight":"default"}},{"type":"Feature","geometry":{"type":"Point","coordinates":[8.5640619,48.954005]},"properties":{"hgv":"destination"}},{"type":"Feature","geometry":{"type":"Point","coordinates":[8.5652858,48.9536484]},"properties":{"hgv":"destination"}},{"type":"Feature","geometry":{"type":"Point","coordinates":[8.6498614,48.0200997]},"properties":{"maxheight":"default"}},{"type":"Feature","geometry":{"type":"Point","coordinates":[8.6308294,48.0274739]},"properties":{"maxheight":"default"}},{"type":"Feature","geometry":{"type":"Point","coordinates":[8.6347896,48.0265202]},"properties":{"maxheight":"default"}},{"type":"Feature","geometry":{"type":"Point","coordinates":[8.6339706,48.0266985]},"properties":{"maxheight":"default"}},{"type":"Feature","geometry":{"type":"Point","coordinates":[8.5853782,48.0412916]},"properties":{"maxheight":"default"}},{"type":"Feature","geometry":{"type":"Point","coordinates":[8.7493428,48.7464633]},"properties":{"maxweight":"6"}},{"type":"Feature","geometry":{"type":"Point","coordinates":[8.9682826,48.7434924]},"properties":{"hgv":"destination"}},{"type":"Feature","geometry":{"type":"Point","coordinates":[8.9665314,48.7431226]},"properties":{"hgv":"destination"}},{"type":"Feature","geometry":{"type":"Point","coordinates":[8.416707,48.0318918]},"properties":{"maxweight":"7.5"}},{"type":"Feature","geometry":{"type":"Point","coordinates":[8.4188116,48.0331988]},"properties":{"maxweight":"7.5"}},{"type":"Feature","geometry":{"type":"Point","coordinates":[8.4139326,48.0312277]},"properties":{"maxweight":"7.5"}},{"type":"Feature","geometry":{"type":"Point","coordinates":[8.4152646,48.0314275]},"properties":{"maxweight":"7.5"}},{"type":"Feature","geometry":{"type":"Point","coordinates":[8.3334196,48.1059393]},"properties":{"maxweight":"3.5"}},{"type":"Feature","geometry":{"type":"Point","coordinates":[8.3191782,48.10329]},"properties":{"maxweight":"3.5"}},{"type":"Feature","geometry":{"type":"Point","coordinates":[8.8364346,48.4976892]},"properties":{"maxheight":"default"}},{"type":"Feature","geometry":{"type":"Point","coordinates":[8.8374871,48.4988443]},"properties":{"maxheight":"default"}},{"type":"Feature","geometry":{"type":"Point","coordinates":[8.8402827,48.5014388]},"properties":{"maxheight":"default"}},{"type":"Feature","geometry":{"type":"Point","coordinates":[8.3115794,48.1035717]},"properties":{"hgv":"destination","maxweight":"3.5"}},{"type":"Feature","geometry":{"type":"Point","coordinates":[8.3604946,48.1099949]},"properties":{"maxweight":"3.5"}},{"type":"Feature","geometry":{"type":"Point","coordinates":[8.3444355,48.1088875]},"properties":{"maxweight":"3.5"}},{"type":"Feature","geometry":{"type":"Point","coordinates":[8.3917395,48.1195091]},"properties":{"maxweight":"3.5"}},{"type":"Feature","geometry":{"type":"Point","coordinates":[8.3931668,48.1044643]},"properties":{"maxweight":"3.5"}},{"type":"Feature","geometry":{"type":"Point","coordinates":[8.3925496,48.106692]},"properties":{"maxweight":"3.5"}},{"type":"Feature","geometry":{"type":"Point","coordinates":[8.834614,48.1722732]},"properties":{"hgv":"agricultural;forestry"}},{"type":"Feature","geometry":{"type":"Point","coordinates":[8.8005645,48.1746517]},"properties":{"hgv":"agricultural;forestry"}},{"type":"Feature","geometry":{"type":"Point","coordinates":[8.1178602,48.7222873]},"properties":{"maxweight":"2.8"}},{"type":"Feature","geometry":{"type":"Point","coordinates":[8.3293394,48.1414417]},"properties":{"hgv":"no","maxweight":"3.5"}},{"type":"Feature","geometry":{"type":"Point","coordinates":[8.7451891,48.7106448]},"properties":{"maxweight":"2.8"}},{"type":"Feature","geometry":{"type":"Point","coordinates":[8.7445464,48.7110988]},"properties":{"maxheight":"3.9"}},{"type":"Feature","geometry":{"type":"Point","coordinates":[8.1739556,48.3239358]},"properties":{"hgv":"no"}},{"type":"Feature","geometry":{"type":"Point","coordinates":[8.1757722,48.3194472]},"properties":{"hgv":"no"}},{"type":"Feature","geometry":{"type":"Point","coordinates":[8.5356732,48.0429452]},"properties":{"maxheight":"4.2"}},{"type":"Feature","geometry":{"type":"Point","coordinates":[8.8495138,48.7693245]},"properties":{"maxweight":"7.5"}},{"type":"Feature","geometry":{"type":"Point","coordinates":[8.8490553,48.7691319]},"properties":{"maxweight":"7.5"}},{"type":"Feature","geometry":{"type":"Point","coordinates":[8.6973117,48.4469351]},"properties":{"maxheight":"default"}},{"type":"Feature","geometry":{"type":"Point","coordinates":[8.2084162,48.1878239]},"properties":{"hgv":"agricultural"}},{"type":"Feature","geometry":{"type":"Point","coordinates":[8.0106425,48.3980148]},"properties":{"maxheight":"default"}},{"type":"Feature","geometry":{"type":"Point","coordinates":[8.2078653,48.0517613]},"properties":{"maxheight":"2.9"}},{"type":"Feature","geometry":{"type":"Point","coordinates":[8.208091,48.0516482]},"properties":{"maxheight":"2.9"}},{"type":"Feature","geometry":{"type":"Point","coordinates":[8.2079624,48.0515271]},"properties":{"maxheight":"3.1"}},{"type":"Feature","geometry":{"type":"Point","coordinates":[8.2472904,48.1188762]},"properties":{"maxweight":"5"}},{"type":"Feature","geometry":{"type":"Point","coordinates":[8.2448569,48.1240098]},"properties":{"maxweight":"5"}},{"type":"Feature","geometry":{"type":"Point","coordinates":[8.2478236,48.1403635]},"properties":{"maxweight":"3.5"}},{"type":"Feature","geometry":{"type":"Point","coordinates":[8.250287,48.1618156]},"properties":{"maxweight":"6"}},{"type":"Feature","geometry":{"type":"Point","coordinates":[8.3205084,48.1036804]},"properties":{"maxweight":"3.5"}},{"type":"Feature","geometry":{"type":"Point","coordinates":[8.2490746,48.1017395]},"properties":{"maxweight":"5"}},{"type":"Feature","geometry":{"type":"Point","coordinates":[8.3218558,48.0707102]},"properties":{"maxweight":"7.5"}},{"type":"Feature","geometry":{"type":"Point","coordinates":[8.3418074,48.2267975]},"properties":{"maxlength":"10"}},{"type":"Feature","geometry":{"type":"Point","coordinates":[8.3313156,48.2210921]},"properties":{"maxweight":"6"}},{"type":"Feature","geometry":{"type":"Point","coordinates":[8.326771,48.222354]},"properties":{"maxweight":"6"}},{"type":"Feature","geometry":{"type":"Point","coordinates":[8.3303123,48.2216561]},"properties":{"maxweight":"6"}},{"type":"Feature","geometry":{"type":"Point","coordinates":[8.7271823,48.6820021]},"properties":{"maxweight":"6"}},{"type":"Feature","geometry":{"type":"Point","coordinates":[8.6755233,48.5878531]},"properties":{"maxweightrating:hgv":"6"}},{"type":"Feature","geometry":{"type":"Point","coordinates":[8.2036364,48.4737833]},"properties":{"maxweight":"12"}},{"type":"Feature","geometry":{"type":"Point","coordinates":[8.16495,48.4745996]},"properties":{"hgv":"destination"}},{"type":"Feature","geometry":{"type":"Point","coordinates":[8.6266695,48.2994378]},"properties":{"hgv":"delivery"}},{"type":"Feature","geometry":{"type":"Point","coordinates":[8.6267319,48.2993832]},"properties":{"hgv":"delivery"}},{"type":"Feature","geometry":{"type":"Point","coordinates":[8.2341174,48.1029721]},"properties":{"maxweight":"5"}},{"type":"Feature","geometry":{"type":"Point","coordinates":[8.8163614,48.9024031]},"properties":{"hgv":"no"}},{"type":"Feature","geometry":{"type":"Point","coordinates":[8.9531989,48.6611474]},"properties":{"maxweight":"7.5"}},{"type":"Feature","geometry":{"type":"Point","coordinates":[8.1134008,48.0454838]},"properties":{"maxweight":"12"}},{"type":"Feature","geometry":{"type":"Point","coordinates":[8.0945181,48.0780435]},"properties":{"maxweight":"12"}},{"type":"Feature","geometry":{"type":"Point","coordinates":[8.1791291,48.0878952]},"properties":{"maxwidth":"1.8"}},{"type":"Feature","geometry":{"type":"Point","coordinates":[8.6683447,48.8912585]},"properties":{"maxweight":"10"}},{"type":"Feature","geometry":{"type":"Point","coordinates":[8.5125613,48.159459]},"properties":{"maxweight":"3.5"}},{"type":"Feature","geometry":{"type":"Point","coordinates":[8.4437408,48.066176]},"properties":{"maxheight":"4"}},{"type":"Feature","geometry":{"type":"Point","coordinates":[8.5401891,48.0150467]},"properties":{"hgv":"no"}},{"type":"Feature","geometry":{"type":"Point","coordinates":[8.8666966,48.5949443]},"properties":{"hgv":"no"}},{"type":"Feature","geometry":{"type":"Point","coordinates":[8.662089,48.8859966]},"properties":{"maxheight":"3.7"}},{"type":"Feature","geometry":{"type":"Point","coordinates":[8.3805252,48.9921932]},"properties":{"maxheight":"default"}},{"type":"Feature","geometry":{"type":"Point","coordinates":[8.410707,48.9925823]},"properties":{"maxheight":"default"}},{"type":"Feature","geometry":{"type":"Point","coordinates":[8.8927476,48.635113]},"properties":{"maxheight":"default"}},{"type":"Feature","geometry":{"type":"Point","coordinates":[8.3777836,48.9929148]},"properties":{"maxheight":"4.5"}},{"type":"Feature","geometry":{"type":"Point","coordinates":[8.3987447,48.9890974]},"properties":{"maxheight":"4.5"}},{"type":"Feature","geometry":{"type":"Point","coordinates":[8.9901341,48.6906247]},"properties":{"hgv":"no"}},{"type":"Feature","geometry":{"type":"Point","coordinates":[8.9899203,48.6899506]},"properties":{"hgv":"no"}},{"type":"Feature","geometry":{"type":"Point","coordinates":[8.9899203,48.6899506]},"properties":{"hgv":"no"}},{"type":"Feature","geometry":{"type":"Point","coordinates":[8.2123232,48.0381675]},"properties":{"hgv":"forestry","goods":"forestry"}},{"type":"Feature","geometry":{"type":"Point","coordinates":[8.4030768,48.9793325]},"properties":{"maxweight":"16"}},{"type":"Feature","geometry":{"type":"Point","coordinates":[8.3976853,48.4246886]},"properties":{"goods":"yes"}},{"type":"Feature","geometry":{"type":"Point","coordinates":[8.4009401,48.4265166]},"properties":{"goods":"yes"}},{"type":"Feature","geometry":{"type":"Point","coordinates":[8.3502353,48.2824923]},"properties":{"hgv":"destination"}},{"type":"Feature","geometry":{"type":"Point","coordinates":[8.4415046,48.4179531]},"properties":{"maxweight":"6"}},{"type":"Feature","geometry":{"type":"Point","coordinates":[8.4069711,48.4138834]},"properties":{"hgv":"no"}},{"type":"Feature","geometry":{"type":"Point","coordinates":[8.407407,48.4141228]},"properties":{"hgv":"no"}},{"type":"Feature","geometry":{"type":"Point","coordinates":[8.3996314,48.2626168]},"properties":{"hgv":"destination","maxlength":"9"}},{"type":"Feature","geometry":{"type":"Point","coordinates":[8.4001956,48.2652986]},"properties":{"hgv":"destination","maxlength":"9"}},{"type":"Feature","geometry":{"type":"Point","coordinates":[8.3999182,48.2645563]},"properties":{"hgv":"destination","maxlength":"9"}},{"type":"Feature","geometry":{"type":"Point","coordinates":[8.4030468,48.2643811]},"properties":{"hgv":"destination","maxlength":"9"}},{"type":"Feature","geometry":{"type":"Point","coordinates":[8.6836883,48.8674238]},"properties":{"maxweight":"7.5"}},{"type":"Feature","geometry":{"type":"Point","coordinates":[8.4020456,48.9892677]},"properties":{"maxheight":"default"}},{"type":"Feature","geometry":{"type":"Point","coordinates":[8.4014988,48.98935]},"properties":{"maxheight":"default"}},{"type":"Feature","geometry":{"type":"Point","coordinates":[8.5427728,48.9884462]},"properties":{"maxheight":"3.2"}},{"type":"Feature","geometry":{"type":"Point","coordinates":[8.5426848,48.988276]},"properties":{"maxheight":"3.2"}},{"type":"Feature","geometry":{"type":"Point","coordinates":[8.3777841,48.9996148]},"properties":{"maxheight":"3.9"}},{"type":"Feature","geometry":{"type":"Point","coordinates":[8.3777166,48.9995638]},"properties":{"maxheight":"3.4","maxweight":"16"}},{"type":"Feature","geometry":{"type":"Point","coordinates":[8.7237282,48.2227944]},"properties":{"maxweight":"6"}},{"type":"Feature","geometry":{"type":"Point","coordinates":[8.7292968,48.2260255]},"properties":{"maxweight":"6"}},{"type":"Feature","geometry":{"type":"Point","coordinates":[8.7190492,48.2418986]},"properties":{"maxweight":"1.5"}},{"type":"Feature","geometry":{"type":"Point","coordinates":[8.7248426,48.2349116]},"properties":{"maxweight":"6"}},{"type":"Feature","geometry":{"type":"Point","coordinates":[8.7294149,48.2272399]},"properties":{"maxweight":"6"}},{"type":"Feature","geometry":{"type":"Point","coordinates":[8.7558671,48.2095717]},"properties":{"hgv":"destination","maxweight":"3.5"}},{"type":"Feature","geometry":{"type":"Point","coordinates":[8.7290226,48.1929888]},"properties":{"hgv":"destination","maxweight":"6"}},{"type":"Feature","geometry":{"type":"Point","coordinates":[8.7298809,48.27538]},"properties":{"maxweight":"6"}},{"type":"Feature","geometry":{"type":"Point","coordinates":[8.7312512,48.291661]},"properties":{"maxweight":"1.5"}},{"type":"Feature","geometry":{"type":"Point","coordinates":[8.7050352,48.3690101]},"properties":{"hgv":"yes","goods":"yes"}},{"type":"Feature","geometry":{"type":"Point","coordinates":[8.8452498,48.8372661]},"properties":{"maxheight":"none"}},{"type":"Feature","geometry":{"type":"Point","coordinates":[8.4424617,48.0672616]},"properties":{"maxheight":"3.5"}},{"type":"Feature","geometry":{"type":"Point","coordinates":[8.4036234,48.9882322]},"properties":{"maxheight":"default"}},{"type":"Feature","geometry":{"type":"Point","coordinates":[8.7462659,48.7281378]},"properties":{"maxheight":"2.5"}},{"type":"Feature","geometry":{"type":"Point","coordinates":[8.843873,48.892312]},"properties":{"maxweight":"8"}},{"type":"Feature","geometry":{"type":"Point","coordinates":[8.8231674,48.7771243]},"properties":{"hgv":"destination;agricultural"}},{"type":"Feature","geometry":{"type":"Point","coordinates":[8.973408,48.6845939]},"properties":{"hgv":"designated"}},{"type":"Feature","geometry":{"type":"Point","coordinates":[8.8621669,48.8799509]},"properties":{"maxweight":"6"}},{"type":"Feature","geometry":{"type":"Point","coordinates":[8.2224048,48.8057292]},"properties":{"maxweight":"2.8"}},{"type":"Feature","geometry":{"type":"Point","coordinates":[8.7060375,48.4326943]},"properties":{"maxweight":"3.5"}},{"type":"Feature","geometry":{"type":"Point","coordinates":[8.1622051,48.7278865]},"properties":{"maxweight":"16"}},{"type":"Feature","geometry":{"type":"Point","coordinates":[8.1622182,48.7277845]},"properties":{"maxweight":"16"}},{"type":"Feature","geometry":{"type":"Point","coordinates":[8.1565096,48.7291245]},"properties":{"maxweight":"30"}},{"type":"Feature","geometry":{"type":"Point","coordinates":[8.1564952,48.7289951]},"properties":{"maxweight":"30"}},{"type":"Feature","geometry":{"type":"Point","coordinates":[8.156392,48.7753813]},"properties":{"maxweight":"6"}},{"type":"Feature","geometry":{"type":"Point","coordinates":[8.1563479,48.775418]},"properties":{"maxweight":"6"}},{"type":"Feature","geometry":{"type":"Point","coordinates":[8.1742892,48.7746598]},"properties":{"hgv":"destination","maxheight":"none"}},{"type":"Feature","geometry":{"type":"Point","coordinates":[8.9352419,48.4785009]},"properties":{"maxweight":"7.5"}},{"type":"Feature","geometry":{"type":"Point","coordinates":[8.9359819,48.4790683]},"properties":{"maxweight":"7.5"}},{"type":"Feature","geometry":{"type":"Point","coordinates":[8.9360384,48.4791105]},"properties":{"maxweight":"6"}},{"type":"Feature","geometry":{"type":"Point","coordinates":[8.9359828,48.4791512]},"properties":{"maxweight":"6"}},{"type":"Feature","geometry":{"type":"Point","coordinates":[8.9363501,48.4792787]},"properties":{"maxweight":"6"}},{"type":"Feature","geometry":{"type":"Point","coordinates":[8.936273,48.4791072]},"properties":{"maxweight":"6"}},{"type":"Feature","geometry":{"type":"Point","coordinates":[8.9360422,48.479092]},"properties":{"maxweight":"7.5"}},{"type":"Feature","geometry":{"type":"Point","coordinates":[8.9360021,48.4790945]},"properties":{"maxweight":"7.5"}},{"type":"Feature","geometry":{"type":"Point","coordinates":[8.93624,48.4793504]},"properties":{"maxweight":"6"}},{"type":"Feature","geometry":{"type":"Point","coordinates":[8.8546268,48.1851367]},"properties":{"maxweight":"3.5"}},{"type":"Feature","geometry":{"type":"Point","coordinates":[8.8670746,48.1945976]},"properties":{"maxweight":"3.5"}},{"type":"Feature","geometry":{"type":"Point","coordinates":[8.8549456,48.1851227]},"properties":{"maxweight":"3.5"}},{"type":"Feature","geometry":{"type":"Point","coordinates":[8.4196254,48.033641]},"properties":{"maxweight":"7.5"}},{"type":"Feature","geometry":{"type":"Point","coordinates":[8.456374,48.9309477]},"properties":{"maxheight":"4.45"}},{"type":"Feature","geometry":{"type":"Point","coordinates":[8.432867,48.0148236]},"properties":{"maxweight":"6"}},{"type":"Feature","geometry":{"type":"Point","coordinates":[8.4374769,48.0150248]},"properties":{"maxweight":"6"}},{"type":"Feature","geometry":{"type":"Point","coordinates":[8.7957036,48.9357853]},"properties":{"hgv":"unknown","goods":"destination"}},{"type":"Feature","geometry":{"type":"Point","coordinates":[8.2571231,48.9097476]},"properties":{"maxheight":"3"}},{"type":"Feature","geometry":{"type":"Point","coordinates":[8.2524667,48.9041376]},"properties":{"maxweight":"3.5"}},{"type":"Feature","geometry":{"type":"Point","coordinates":[8.2506847,48.9035377]},"properties":{"maxheight":"default"}},{"type":"Feature","geometry":{"type":"Point","coordinates":[8.2507971,48.9043012]},"properties":{"maxheight":"default"}},{"type":"Feature","geometry":{"type":"Point","coordinates":[8.0648545,48.1638774]},"properties":{"hgv":"no"}},{"type":"Feature","geometry":{"type":"Point","coordinates":[8.9074511,48.771615]},"properties":{"maxweight":"3.5"}},{"type":"Feature","geometry":{"type":"Point","coordinates":[8.3592418,48.6913959]},"properties":{"maxheight":"2.9"}},{"type":"Feature","geometry":{"type":"Point","coordinates":[8.6709378,48.1268048]},"properties":{"maxweight":"12"}},{"type":"Feature","geometry":{"type":"Point","coordinates":[8.3576399,48.6815259]},"properties":{"maxweight":"7.5"}},{"type":"Feature","geometry":{"type":"Point","coordinates":[8.7826326,48.7353391]},"properties":{"hgv":"destination"}},{"type":"Feature","geometry":{"type":"Point","coordinates":[8.4723407,48.9994077]},"properties":{"maxheight":"2.6"}},{"type":"Feature","geometry":{"type":"Point","coordinates":[8.4725771,48.9997731]},"properties":{"maxheight":"3.2"}},{"type":"Feature","geometry":{"type":"Point","coordinates":[8.4472299,48.9935094]},"properties":{"maxheight":"2.1"}},{"type":"Feature","geometry":{"type":"Point","coordinates":[8.4460578,48.9929751]},"properties":{"maxlength":"10"}},{"type":"Feature","geometry":{"type":"Point","coordinates":[8.4452556,48.9930899]},"properties":{"maxlength":"10"}},{"type":"Feature","geometry":{"type":"Point","coordinates":[8.4481327,48.9930581]},"properties":{"maxheight":"2.1"}},{"type":"Feature","geometry":{"type":"Point","coordinates":[8.4480734,48.9928977]},"properties":{"maxheight":"2.1"}},{"type":"Feature","geometry":{"type":"Point","coordinates":[8.4482014,48.9932442]},"properties":{"maxheight":"2.1"}},{"type":"Feature","geometry":{"type":"Point","coordinates":[8.3544104,48.1113185]},"properties":{"hgv":"destination"}},{"type":"Feature","geometry":{"type":"Point","coordinates":[8.3545501,48.1110213]},"properties":{"hgv":"destination"}},{"type":"Feature","geometry":{"type":"Point","coordinates":[8.335796,48.8644103]},"properties":{"hgv":"no"}},{"type":"Feature","geometry":{"type":"Point","coordinates":[8.228679,48.1864249]},"properties":{"hgv":"agricultural"}},{"type":"Feature","geometry":{"type":"Point","coordinates":[8.2284245,48.1856869]},"properties":{"hgv":"agricultural"}},{"type":"Feature","geometry":{"type":"Point","coordinates":[8.2266685,48.1848814]},"properties":{"hgv":"agricultural"}},{"type":"Feature","geometry":{"type":"Point","coordinates":[8.2241049,48.1867077]},"properties":{"hgv":"agricultural"}},{"type":"Feature","geometry":{"type":"Point","coordinates":[8.2102122,48.1881504]},"properties":{"hgv":"agricultural"}},{"type":"Feature","geometry":{"type":"Point","coordinates":[8.2091649,48.1880476]},"properties":{"hgv":"agricultural"}},{"type":"Feature","geometry":{"type":"Point","coordinates":[8.1757928,48.43112]},"properties":{"maxheight":"3.7"}},{"type":"Feature","geometry":{"type":"Point","coordinates":[8.093634,48.6399963]},"properties":{"hgv":"destination"}},{"type":"Feature","geometry":{"type":"Point","coordinates":[8.248951,48.8605034]},"properties":{"maxweight":"7.5"}},{"type":"Feature","geometry":{"type":"Point","coordinates":[8.2474424,48.8531954]},"properties":{"maxweight":"3.5"}},{"type":"Feature","geometry":{"type":"Point","coordinates":[8.2511398,48.8545934]},"properties":{"maxweight":"3.5"}},{"type":"Feature","geometry":{"type":"Point","coordinates":[8.2400987,48.8583515]},"properties":{"maxweight":"7.5"}},{"type":"Feature","geometry":{"type":"Point","coordinates":[8.369053,48.9977637]},"properties":{"maxheight":"3"}},{"type":"Feature","geometry":{"type":"Point","coordinates":[8.3740737,48.9828086]},"properties":{"hgv":"destination"}},{"type":"Feature","geometry":{"type":"Point","coordinates":[8.0359199,48.0372251]},"properties":{"maxweight":"2.8"}},{"type":"Feature","geometry":{"type":"Point","coordinates":[8.4373577,48.9163435]},"properties":{"hgv":"no"}},{"type":"Feature","geometry":{"type":"Point","coordinates":[8.1269994,48.8901774]},"properties":{"maxlength":"none"}},{"type":"Feature","geometry":{"type":"Point","coordinates":[8.7838729,48.5813174]},"properties":{"maxweightrating:hgv":"7.5"}},{"type":"Feature","geometry":{"type":"Point","coordinates":[8.2221626,48.8063988]},"properties":{"hgv":"destination"}},{"type":"Feature","geometry":{"type":"Point","coordinates":[8.2221105,48.806364]},"properties":{"hgv":"destination"}},{"type":"Feature","geometry":{"type":"Point","coordinates":[8.6336841,48.3649994]},"properties":{"maxweight":"7.5"}},{"type":"Feature","geometry":{"type":"Point","coordinates":[8.8551183,48.7273406]},"properties":{"hgv":"delivery"}},{"type":"Feature","geometry":{"type":"Point","coordinates":[8.368546,48.9921895]},"properties":{"maxheight":"default"}},{"type":"Feature","geometry":{"type":"Point","coordinates":[8.9639956,48.6584812]},"properties":{"maxheight":"default"}},{"type":"Feature","geometry":{"type":"Point","coordinates":[8.3742383,48.9830393]},"properties":{"hgv":"destination"}},{"type":"Feature","geometry":{"type":"Point","coordinates":[8.3746004,48.9834412]},"properties":{"hgv":"destination"}},{"type":"Feature","geometry":{"type":"Point","coordinates":[8.3763798,48.9861373]},"properties":{"hgv":"destination"}},{"type":"Feature","geometry":{"type":"Point","coordinates":[8.3765445,48.9863116]},"properties":{"hgv":"destination"}},{"type":"Feature","geometry":{"type":"Point","coordinates":[8.4391762,48.9924005]},"properties":{"hgv":"destination"}},{"type":"Feature","geometry":{"type":"Point","coordinates":[8.1513069,48.5675122]},"properties":{"maxweight":"30"}},{"type":"Feature","geometry":{"type":"Point","coordinates":[8.1427261,48.5673865]},"properties":{"maxweight":"7.5"}},{"type":"Feature","geometry":{"type":"Point","coordinates":[8.4897709,48.8907215]},"properties":{"maxweight":"7.5"}},{"type":"Feature","geometry":{"type":"Point","coordinates":[8.3753382,48.9839225]},"properties":{"hgv":"destination"}},{"type":"Feature","geometry":{"type":"Point","coordinates":[8.7394552,48.4858774]},"properties":{"maxheight":"3.6"}},{"type":"Feature","geometry":{"type":"Point","coordinates":[8.3420246,48.2902022]},"properties":{"hgv":"destination","maxweight":"7.5"}},{"type":"Feature","geometry":{"type":"Point","coordinates":[8.3169427,48.783208]},"properties":{"maxweight":"7.5"}},{"type":"Feature","geometry":{"type":"Point","coordinates":[8.3163312,48.7826194]},"properties":{"maxweight":"7.5"}},{"type":"Feature","geometry":{"type":"Point","coordinates":[8.0375536,48.6409762]},"properties":{"maxheight":"4.3 m"}},{"type":"Feature","geometry":{"type":"Point","coordinates":[8.038104,48.6408989]},"properties":{"maxheight":"4.3"}},{"type":"Feature","geometry":{"type":"Point","coordinates":[8.1827675,48.8110254]},"properties":{"hgv":"yes"}},{"type":"Feature","geometry":{"type":"Point","coordinates":[8.1825299,48.8091459]},"properties":{"hgv":"yes"}},{"type":"Feature","geometry":{"type":"Point","coordinates":[8.1827028,48.8096315]},"properties":{"hgv":"yes"}},{"type":"Feature","geometry":{"type":"Point","coordinates":[8.1820254,48.8097342]},"properties":{"hgv":"yes"}},{"type":"Feature","geometry":{"type":"Point","coordinates":[8.1818956,48.8094403]},"properties":{"hgv":"yes"}},{"type":"Feature","geometry":{"type":"Point","coordinates":[8.1813913,48.8095381]},"properties":{"hgv":"yes"}},{"type":"Feature","geometry":{"type":"Point","coordinates":[8.1815683,48.8090039]},"properties":{"hgv":"yes"}},{"type":"Feature","geometry":{"type":"Point","coordinates":[8.1808651,48.8093591]},"properties":{"hgv":"yes"}},{"type":"Feature","geometry":{"type":"Point","coordinates":[8.3418779,48.1262959]},"properties":{"maxweight":"3.5"}},{"type":"Feature","geometry":{"type":"Point","coordinates":[8.3751422,48.9865552]},"properties":{"hgv":"destination"}},{"type":"Feature","geometry":{"type":"Point","coordinates":[8.3794035,48.9913652]},"properties":{"hgv":"destination"}},{"type":"Feature","geometry":{"type":"Point","coordinates":[8.3850614,48.9911823]},"properties":{"hgv":"destination"}},{"type":"Feature","geometry":{"type":"Point","coordinates":[8.6337412,48.3648251]},"properties":{"maxweight":"7.5"}},{"type":"Feature","geometry":{"type":"Point","coordinates":[8.6336461,48.364878]},"properties":{"maxweight":"7.5"}},{"type":"Feature","geometry":{"type":"Point","coordinates":[8.4549425,48.055814]},"properties":{"maxwidth":"4"}},{"type":"Feature","geometry":{"type":"Point","coordinates":[8.8352751,48.7894392]},"properties":{"hgv":"no"}},{"type":"Feature","geometry":{"type":"Point","coordinates":[8.1804085,48.9967036]},"properties":{"maxweight":"3.5"}},{"type":"Feature","geometry":{"type":"Point","coordinates":[8.6685195,48.8868654]},"properties":{"maxheight":"2.7"}},{"type":"Feature","geometry":{"type":"Point","coordinates":[8.6410166,48.4971784]},"properties":{"maxweight":"6"}},{"type":"Feature","geometry":{"type":"Point","coordinates":[8.637669,48.4983899]},"properties":{"maxweight":"6"}},{"type":"Feature","geometry":{"type":"Point","coordinates":[8.4738348,48.4821729]},"properties":{"maxweight":"3.5"}},{"type":"Feature","geometry":{"type":"Point","coordinates":[8.3457681,48.2905126]},"properties":{"maxheight":"2.3"}},{"type":"Feature","geometry":{"type":"Point","coordinates":[8.3459982,48.290623]},"properties":{"maxheight":"2"}},{"type":"Feature","geometry":{"type":"Point","coordinates":[8.4793237,48.103292]},"properties":{"maxlength":"10"}},{"type":"Feature","geometry":{"type":"Point","coordinates":[8.568348,48.4976859]},"properties":{"hgv":"agricultural;forestry"}},{"type":"Feature","geometry":{"type":"Point","coordinates":[8.3457054,48.2905226]},"properties":{"maxheight":"2"}},{"type":"Feature","geometry":{"type":"Point","coordinates":[8.2425599,48.1373716]},"properties":{"maxheight":"4"}},{"type":"Feature","geometry":{"type":"Point","coordinates":[8.4833702,48.473147]},"properties":{"hgv":"destination","maxlength":"10"}},{"type":"Feature","geometry":{"type":"Point","coordinates":[8.4794486,48.4718221]},"properties":{"hgv":"destination"}},{"type":"Feature","geometry":{"type":"Point","coordinates":[8.4803954,48.4719708]},"properties":{"hgv":"destination"}},{"type":"Feature","geometry":{"type":"Point","coordinates":[8.4808111,48.4721173]},"properties":{"hgv":"destination"}},{"type":"Feature","geometry":{"type":"Point","coordinates":[8.1156402,48.5948336]},"properties":{"maxheight":"default"}},{"type":"Feature","geometry":{"type":"Point","coordinates":[8.0954805,48.5384235]},"properties":{"hgv":"delivery"}},{"type":"Feature","geometry":{"type":"Point","coordinates":[8.5068948,48.4670176]},"properties":{"maxlength":"10"}},{"type":"Feature","geometry":{"type":"Point","coordinates":[8.2039168,48.8508105]},"properties":{"maxweight":"7.5"}},{"type":"Feature","geometry":{"type":"Point","coordinates":[8.69337,48.4447066]},"properties":{"maxheight":"default"}},{"type":"Feature","geometry":{"type":"Point","coordinates":[8.4463151,48.9169002]},"properties":{"hgv":"no"}},{"type":"Feature","geometry":{"type":"Point","coordinates":[8.7761905,48.904436]},"properties":{"maxheight":"default"}},{"type":"Feature","geometry":{"type":"Point","coordinates":[8.9934375,48.6786397]},"properties":{"maxweight":"7.5"}},{"type":"Feature","geometry":{"type":"Point","coordinates":[8.9931737,48.6790203]},"properties":{"maxweight":"7.5"}},{"type":"Feature","geometry":{"type":"Point","coordinates":[8.4830305,48.473082]},"properties":{"hgv":"destination"}},{"type":"Feature","geometry":{"type":"Point","coordinates":[8.9014839,48.4588813]},"properties":{"maxweight":"16"}},{"type":"Feature","geometry":{"type":"Point","coordinates":[8.8451482,48.7296894]},"properties":{"maxheight":"default"}},{"type":"Feature","geometry":{"type":"Point","coordinates":[8.75145,48.896906]},"properties":{"maxweight":"2.8"}},{"type":"Feature","geometry":{"type":"Point","coordinates":[8.7501226,48.8985421]},"properties":{"maxweight":"2.8"}},{"type":"Feature","geometry":{"type":"Point","coordinates":[8.7528887,48.8946166]},"properties":{"maxweight":"2.8"}},{"type":"Feature","geometry":{"type":"Point","coordinates":[8.6350338,48.4999291]},"properties":{"maxweight":"6"}},{"type":"Feature","geometry":{"type":"Point","coordinates":[8.7971147,48.1760487]},"properties":{"hgv":"agricultural;forestry"}},{"type":"Feature","geometry":{"type":"Point","coordinates":[8.7957013,48.176646]},"properties":{"hgv":"agricultural;forestry"}},{"type":"Feature","geometry":{"type":"Point","coordinates":[8.8931134,48.6399549]},"properties":{"hgv":"destination","maxweightrating":"7.5"}},{"type":"Feature","geometry":{"type":"Point","coordinates":[8.7404613,48.922799]},"properties":{"maxheight":"default"}},{"type":"Feature","geometry":{"type":"Point","coordinates":[8.7237436,48.9178973]},"properties":{"maxheight":"default"}},{"type":"Feature","geometry":{"type":"Point","coordinates":[8.7239899,48.9178287]},"properties":{"maxheight":"default"}},{"type":"Feature","geometry":{"type":"Point","coordinates":[8.7151825,48.915605]},"properties":{"maxheight":"default"}},{"type":"Feature","geometry":{"type":"Point","coordinates":[8.7145191,48.9154125]},"properties":{"maxheight":"default"}},{"type":"Feature","geometry":{"type":"Point","coordinates":[8.8983219,48.2661222]},"properties":{"maxweight":"3.5"}},{"type":"Feature","geometry":{"type":"Point","coordinates":[8.4387478,48.9922801]},"properties":{"hgv":"destination"}},{"type":"Feature","geometry":{"type":"Point","coordinates":[8.4397792,48.9911517]},"properties":{"hgv":"destination"}},{"type":"Feature","geometry":{"type":"Point","coordinates":[8.443763,48.9930679]},"properties":{"hgv":"destination"}},{"type":"Feature","geometry":{"type":"Point","coordinates":[8.2715406,48.9574647]},"properties":{"maxweight":"2.8"}},{"type":"Feature","geometry":{"type":"Point","coordinates":[8.7578848,48.711935]},"properties":{"maxheight":"1.65"}},{"type":"Feature","geometry":{"type":"Point","coordinates":[8.7627973,48.7086537]},"properties":{"maxheight":"2.1"}},{"type":"Feature","geometry":{"type":"Point","coordinates":[8.7787454,48.9039534]},"properties":{"maxweight":"2.8"}},{"type":"Feature","geometry":{"type":"Point","coordinates":[8.9387374,48.4734704]},"properties":{"maxheight":"default"}},{"type":"Feature","geometry":{"type":"Point","coordinates":[8.934635,48.7636537]},"properties":{"maxheight":"3.5"}},{"type":"Feature","geometry":{"type":"Point","coordinates":[8.445942,48.9308644]},"properties":{"maxheight":"3.9"}},{"type":"Feature","geometry":{"type":"Point","coordinates":[8.7493102,48.0317656]},"properties":{"goods":"agricultural"}},{"type":"Feature","geometry":{"type":"Point","coordinates":[8.9820715,48.3691803]},"properties":{"maxheight":"default"}},{"type":"Feature","geometry":{"type":"Point","coordinates":[8.7132607,48.903083]},"properties":{"hgv":"destination"}},{"type":"Feature","geometry":{"type":"Point","coordinates":[8.9808452,48.6864363]},"properties":{"maxheight":"none"}},{"type":"Feature","geometry":{"type":"Point","coordinates":[8.9787464,48.6856759]},"properties":{"maxheight":"none"}},{"type":"Feature","geometry":{"type":"Point","coordinates":[8.965829,48.7363658]},"properties":{"hgv":"no"}},{"type":"Feature","geometry":{"type":"Point","coordinates":[8.0302802,48.3445205]},"properties":{"maxheight":"3"}},{"type":"Feature","geometry":{"type":"Point","coordinates":[8.8818233,48.5773039]},"properties":{"hgv":"destination","maxweightrating:hgv":"7.5"}},{"type":"Feature","geometry":{"type":"Point","coordinates":[8.8811562,48.5775041]},"properties":{"hgv":"destination","maxweightrating:hgv":"7.5"}},{"type":"Feature","geometry":{"type":"Point","coordinates":[8.5286666,48.751804]},"properties":{"maxweight":"30"}},{"type":"Feature","geometry":{"type":"Point","coordinates":[8.918154,48.5782842]},"properties":{"maxweight":"2.8"}},{"type":"Feature","geometry":{"type":"Point","coordinates":[8.8495658,48.5598863]},"properties":{"hgv":"no"}},{"type":"Feature","geometry":{"type":"Point","coordinates":[8.3291179,48.1420628]},"properties":{"hgv":"no","maxweight":"3.5"}},{"type":"Feature","geometry":{"type":"Point","coordinates":[8.833399,48.7881216]},"properties":{"hgv":"destination;agricultural"}},{"type":"Feature","geometry":{"type":"Point","coordinates":[8.9428931,48.7745272]},"properties":{"hgv":"no"}},{"type":"Feature","geometry":{"type":"Point","coordinates":[8.4135372,48.8228517]},"properties":{"hgv":"no","maxweight":"3.5"}},{"type":"Feature","geometry":{"type":"Point","coordinates":[8.8868464,48.5857205]},"properties":{"maxheight":"default"}},{"type":"Feature","geometry":{"type":"Point","coordinates":[8.8795196,48.5761785]},"properties":{"hgv":"destination","maxweightrating:hgv":"7.5"}},{"type":"Feature","geometry":{"type":"Point","coordinates":[8.8795421,48.5770564]},"properties":{"hgv":"destination","maxweightrating:hgv":"7.5"}},{"type":"Feature","geometry":{"type":"Point","coordinates":[8.6316855,48.0668704]},"properties":{"hgv":"destination"}},{"type":"Feature","geometry":{"type":"Point","coordinates":[8.9067602,48.5626826]},"properties":{"hgv":"destination"}},{"type":"Feature","geometry":{"type":"Point","coordinates":[8.5231466,48.3472604]},"properties":{"maxweight":"1.5"}},{"type":"Feature","geometry":{"type":"Point","coordinates":[8.6802367,48.3886745]},"properties":{"hgv":"no"}},{"type":"Feature","geometry":{"type":"Point","coordinates":[8.6798566,48.3874153]},"properties":{"maxweight":"3.5"}},{"type":"Feature","geometry":{"type":"Point","coordinates":[8.6812205,48.3877322]},"properties":{"hgv":"no"}},{"type":"Feature","geometry":{"type":"Point","coordinates":[8.6826694,48.3881976]},"properties":{"hgv":"no"}},{"type":"Feature","geometry":{"type":"Point","coordinates":[8.1628234,48.4550785]},"properties":{"maxwidth":"1.2"}},{"type":"Feature","geometry":{"type":"Point","coordinates":[8.3824168,48.9855234]},"properties":{"maxheight":"3.4","maxlength":"10"}},{"type":"Feature","geometry":{"type":"Point","coordinates":[8.3819346,48.9854905]},"properties":{"maxheight":"3.4","maxlength":"10"}},{"type":"Feature","geometry":{"type":"Point","coordinates":[8.5022533,48.9705028]},"properties":{"maxweight":"1"}},{"type":"Feature","geometry":{"type":"Point","coordinates":[8.2246962,48.8083614]},"properties":{"hgv":"destination"}},{"type":"Feature","geometry":{"type":"Point","coordinates":[8.9703474,48.2730446]},"properties":{"maxweight":"6"}},{"type":"Feature","geometry":{"type":"Point","coordinates":[8.860834,48.5956851]},"properties":{"maxheight":"2.1"}},{"type":"Feature","geometry":{"type":"Point","coordinates":[8.3897376,48.9951517]},"properties":{"maxheight":"3.67"}},{"type":"Feature","geometry":{"type":"Point","coordinates":[8.9661369,48.5336384]},"properties":{"maxheight":"default"}},{"type":"Feature","geometry":{"type":"Point","coordinates":[8.9399891,48.4733569]},"properties":{"maxheight":"default"}},{"type":"Feature","geometry":{"type":"Point","coordinates":[8.7426279,48.4315968]},"properties":{"maxheight":"default"}},{"type":"Feature","geometry":{"type":"Point","coordinates":[8.6357765,48.0263047]},"properties":{"maxheight":"default"}},{"type":"Feature","geometry":{"type":"Point","coordinates":[8.6340593,48.0266797]},"properties":{"maxheight":"default"}},{"type":"Feature","geometry":{"type":"Point","coordinates":[8.8366135,48.7898092]},"properties":{"hgv":"yes"}},{"type":"Feature","geometry":{"type":"Point","coordinates":[8.3845016,48.9899777]},"properties":{"hgv":"destination"}},{"type":"Feature","geometry":{"type":"Point","coordinates":[8.3847331,48.9905018]},"properties":{"hgv":"destination"}},{"type":"Feature","geometry":{"type":"Point","coordinates":[8.3820593,48.9893864]},"properties":{"hgv":"destination"}},{"type":"Feature","geometry":{"type":"Point","coordinates":[8.3784692,48.9884857]},"properties":{"hgv":"destination"}},{"type":"Feature","geometry":{"type":"Point","coordinates":[8.378398,48.9883637]},"properties":{"hgv":"destination"}},{"type":"Feature","geometry":{"type":"Point","coordinates":[8.376518,48.9847835]},"properties":{"hgv":"destination"}},{"type":"Feature","geometry":{"type":"Point","coordinates":[8.3768479,48.9887471]},"properties":{"hgv":"destination"}},{"type":"Feature","geometry":{"type":"Point","coordinates":[8.9345159,48.571099]},"properties":{"maxheight":"default"}},{"type":"Feature","geometry":{"type":"Point","coordinates":[8.7306007,48.799583]},"properties":{"maxweight":"2.8"}},{"type":"Feature","geometry":{"type":"Point","coordinates":[8.7389316,48.8040085]},"properties":{"maxweight":"2.8"}},{"type":"Feature","geometry":{"type":"Point","coordinates":[8.3738582,48.9798227]},"properties":{"maxheight":"default"}},{"type":"Feature","geometry":{"type":"Point","coordinates":[8.3747352,48.9781485]},"properties":{"maxheight":"default"}},{"type":"Feature","geometry":{"type":"Point","coordinates":[8.6072483,48.016622]},"properties":{"hgv":"designated"}},{"type":"Feature","geometry":{"type":"Point","coordinates":[8.6070848,48.016725]},"properties":{"hgv":"no"}},{"type":"Feature","geometry":{"type":"Point","coordinates":[8.607821,48.016867]},"properties":{"hgv":"designated"}},{"type":"Feature","geometry":{"type":"Point","coordinates":[8.0255281,48.6634252]},"properties":{"hgv":"no"}},{"type":"Feature","geometry":{"type":"Point","coordinates":[8.5436835,48.9879877]},"properties":{"maxheight":"3.2"}},{"type":"Feature","geometry":{"type":"Point","coordinates":[8.8364413,48.7895363]},"properties":{"hgv":"yes"}},{"type":"Feature","geometry":{"type":"Point","coordinates":[8.8385794,48.7916768]},"properties":{"hgv":"yes"}},{"type":"Feature","geometry":{"type":"Point","coordinates":[8.9158294,48.63209]},"properties":{"maxheight":"none"}},{"type":"Feature","geometry":{"type":"Point","coordinates":[8.9155998,48.6316462]},"properties":{"maxheight":"none"}},{"type":"Feature","geometry":{"type":"Point","coordinates":[8.7225489,48.5523396]},"properties":{"maxwidth":"2"}},{"type":"Feature","geometry":{"type":"Point","coordinates":[8.5732891,48.9036135]},"properties":{"maxweight":"12"}},{"type":"Feature","geometry":{"type":"Point","coordinates":[8.3928356,48.9805151]},"properties":{"maxweight":"3"}},{"type":"Feature","geometry":{"type":"Point","coordinates":[8.5538933,48.966013]},"properties":{"hgv":"destination"}},{"type":"Feature","geometry":{"type":"Point","coordinates":[8.8327613,48.6704012]},"properties":{"hgv":"agricultural;forestry","maxwidth":"3.5"}},{"type":"Feature","geometry":{"type":"Point","coordinates":[8.5743184,48.9462191]},"properties":{"maxheight":"3"}},{"type":"Feature","geometry":{"type":"Point","coordinates":[8.5746761,48.9463431]},"properties":{"maxheight":"3"}},{"type":"Feature","geometry":{"type":"Point","coordinates":[8.032314,48.0179562]},"properties":{"maxweight":"2.8"}},{"type":"Feature","geometry":{"type":"Point","coordinates":[8.607201,48.0157567]},"properties":{"hgv":"designated"}},{"type":"Feature","geometry":{"type":"Point","coordinates":[8.5756889,48.063777]},"properties":{"maxweight":"3"}},{"type":"Feature","geometry":{"type":"Point","coordinates":[8.3396105,48.9624698]},"properties":{"hgv":"no"}},{"type":"Feature","geometry":{"type":"Point","coordinates":[8.3393545,48.9626927]},"properties":{"hgv":"no"}},{"type":"Feature","geometry":{"type":"Point","coordinates":[8.9085485,48.7759186]},"properties":{"hgv":"delivery"}},{"type":"Feature","geometry":{"type":"Point","coordinates":[8.1877132,48.789824]},"properties":{"maxheight":"2.1"}},{"type":"Feature","geometry":{"type":"Point","coordinates":[8.1530815,48.563317]},"properties":{"maxwidth":"0.60"}},{"type":"Feature","geometry":{"type":"Point","coordinates":[8.4126104,48.4712183]},"properties":{"hgv":"no","goods":"no"}},{"type":"Feature","geometry":{"type":"Point","coordinates":[8.3784355,48.991733]},"properties":{"hgv":"destination","maxheight":"default"}},{"type":"Feature","geometry":{"type":"Point","coordinates":[8.8240109,48.3555294]},"properties":{"maxweight":"2.8"}},{"type":"Feature","geometry":{"type":"Point","coordinates":[8.4367516,48.1489756]},"properties":{"maxweight":"8"}},{"type":"Feature","geometry":{"type":"Point","coordinates":[8.2527371,48.9042942]},"properties":{"maxweight":"3.5"}},{"type":"Feature","geometry":{"type":"Point","coordinates":[8.8666668,48.756847]},"properties":{"maxheight":"default"}},{"type":"Feature","geometry":{"type":"Point","coordinates":[8.3872145,48.99502]},"properties":{"maxheight":"default"}},{"type":"Feature","geometry":{"type":"Point","coordinates":[8.4586214,48.9976134]},"properties":{"maxweightrating:hgv":"7.5"}},{"type":"Feature","geometry":{"type":"Point","coordinates":[8.7373173,48.6007324]},"properties":{"maxweight":"12"}},{"type":"Feature","geometry":{"type":"Point","coordinates":[8.7354712,48.5984069]},"properties":{"maxweight":"12"}},{"type":"Feature","geometry":{"type":"Point","coordinates":[8.6905177,48.4481546]},"properties":{"hgv":"no"}},{"type":"Feature","geometry":{"type":"Point","coordinates":[8.87381,48.5514042]},"properties":{"hgv":"destination"}},{"type":"Feature","geometry":{"type":"Point","coordinates":[8.8798825,48.5523944]},"properties":{"hgv":"destination"}},{"type":"Feature","geometry":{"type":"Point","coordinates":[8.8888766,48.5766916]},"properties":{"maxheight":"default"}},{"type":"Feature","geometry":{"type":"Point","coordinates":[8.8795567,48.5781676]},"properties":{"hgv":"destination","maxweightrating:hgv":"7.5"}},{"type":"Feature","geometry":{"type":"Point","coordinates":[8.8772345,48.5730966]},"properties":{"hgv":"destination","maxweightrating:hgv":"7.5"}},{"type":"Feature","geometry":{"type":"Point","coordinates":[8.878377,48.5754462]},"properties":{"hgv":"destination","maxweightrating:hgv":"7.5"}},{"type":"Feature","geometry":{"type":"Point","coordinates":[8.8784603,48.5770791]},"properties":{"hgv":"destination","maxweightrating:hgv":"7.5"}},{"type":"Feature","geometry":{"type":"Point","coordinates":[8.3707554,48.990929]},"properties":{"maxheight":"2.7"}},{"type":"Feature","geometry":{"type":"Point","coordinates":[8.8934617,48.6423238]},"properties":{"hgv":"destination","maxweightrating":"7.5"}},{"type":"Feature","geometry":{"type":"Point","coordinates":[8.7833588,48.8972814]},"properties":{"maxheight":"default"}},{"type":"Feature","geometry":{"type":"Point","coordinates":[8.783593,48.8967862]},"properties":{"maxheight":"default"}},{"type":"Feature","geometry":{"type":"Point","coordinates":[8.7806397,48.9004071]},"properties":{"maxheight":"default"}},{"type":"Feature","geometry":{"type":"Point","coordinates":[8.7849797,48.8944785]},"properties":{"maxheight":"default"}},{"type":"Feature","geometry":{"type":"Point","coordinates":[8.7615753,48.9178217]},"properties":{"maxweight":"6"}},{"type":"Feature","geometry":{"type":"Point","coordinates":[8.5399078,48.2858051]},"properties":{"hgv":"agricultural"}},{"type":"Feature","geometry":{"type":"Point","coordinates":[8.8599581,48.4141816]},"properties":{"hgv":"no"}},{"type":"Feature","geometry":{"type":"Point","coordinates":[8.5346032,48.9920141]},"properties":{"hgv":"destination"}},{"type":"Feature","geometry":{"type":"Point","coordinates":[8.5333026,48.9970122]},"properties":{"hgv":"destination"}},{"type":"Feature","geometry":{"type":"Point","coordinates":[8.53455,48.9924422]},"properties":{"hgv":"destination"}},{"type":"Feature","geometry":{"type":"Point","coordinates":[8.062613,48.7182439]},"properties":{"hgv":"no"}},{"type":"Feature","geometry":{"type":"Point","coordinates":[8.9076416,48.7798243]},"properties":{"hgv":"delivery"}},{"type":"Feature","geometry":{"type":"Point","coordinates":[8.3731881,48.9824193]},"properties":{"maxheight":"default"}},{"type":"Feature","geometry":{"type":"Point","coordinates":[8.543443,48.9881635]},"properties":{"maxheight":"3.2"}},{"type":"Feature","geometry":{"type":"Point","coordinates":[8.4161339,48.4606524]},"properties":{"hgv":"yes"}},{"type":"Feature","geometry":{"type":"Point","coordinates":[8.8320769,48.7856337]},"properties":{"hgv":"destination;agricultural"}},{"type":"Feature","geometry":{"type":"Point","coordinates":[8.8327959,48.7863148]},"properties":{"hgv":"destination;agricultural"}},{"type":"Feature","geometry":{"type":"Point","coordinates":[8.900726,48.7148113]},"properties":{"maxheight":"default"}},{"type":"Feature","geometry":{"type":"Point","coordinates":[8.9009817,48.7149009]},"properties":{"maxheight":"default"}},{"type":"Feature","geometry":{"type":"Point","coordinates":[8.227649,48.8680046]},"properties":{"maxheight":"4.0","maxweight":"7.5"}},{"type":"Feature","geometry":{"type":"Point","coordinates":[8.567299,48.4979958]},"properties":{"hgv":"agricultural;forestry"}},{"type":"Feature","geometry":{"type":"Point","coordinates":[8.9208629,48.9548953]},"properties":{"maxheight":"1.25"}},{"type":"Feature","geometry":{"type":"Point","coordinates":[8.5057295,48.9411814]},"properties":{"hgv":"no"}},{"type":"Feature","geometry":{"type":"Point","coordinates":[8.2531449,48.9048112]},"properties":{"maxweight":"3.5"}},{"type":"Feature","geometry":{"type":"Point","coordinates":[8.25367,48.905559]},"properties":{"maxweight":"3.5"}},{"type":"Feature","geometry":{"type":"Point","coordinates":[8.2543766,48.9064486]},"properties":{"maxweight":"3.5"}},{"type":"Feature","geometry":{"type":"Point","coordinates":[8.2553467,48.907664]},"properties":{"maxweight":"3.5"}},{"type":"Feature","geometry":{"type":"Point","coordinates":[8.25604,48.9085416]},"properties":{"maxweight":"3.5"}},{"type":"Feature","geometry":{"type":"Point","coordinates":[8.8817747,48.5963829]},"properties":{"hgv":"destination"}},{"type":"Feature","geometry":{"type":"Point","coordinates":[8.4671911,48.9995172]},"properties":{"hgv":"destination"}},{"type":"Feature","geometry":{"type":"Point","coordinates":[8.6201635,48.912356]},"properties":{"hgv":"yes"}},{"type":"Feature","geometry":{"type":"Point","coordinates":[8.6531029,48.9081064]},"properties":{"maxheight":"default"}},{"type":"Feature","geometry":{"type":"Point","coordinates":[8.6896636,48.9096997]},"properties":{"hgv":"no"}},{"type":"Feature","geometry":{"type":"Point","coordinates":[8.6895626,48.9097659]},"properties":{"hgv":"designated"}},{"type":"Feature","geometry":{"type":"Point","coordinates":[8.6895244,48.9094956]},"properties":{"hgv":"designated"}},{"type":"Feature","geometry":{"type":"Point","coordinates":[8.6886977,48.9095634]},"properties":{"hgv":"designated"}},{"type":"Feature","geometry":{"type":"Point","coordinates":[8.6887975,48.9095769]},"properties":{"hgv":"designated"}},{"type":"Feature","geometry":{"type":"Point","coordinates":[8.6889009,48.9095909]},"properties":{"hgv":"designated"}},{"type":"Feature","geometry":{"type":"Point","coordinates":[8.689086,48.909616]},"properties":{"hgv":"designated"}},{"type":"Feature","geometry":{"type":"Point","coordinates":[8.689086,48.909616]},"properties":{"hgv":"designated"}},{"type":"Feature","geometry":{"type":"Point","coordinates":[8.6891793,48.9096286]},"properties":{"hgv":"designated"}},{"type":"Feature","geometry":{"type":"Point","coordinates":[8.6893728,48.9096548]},"properties":{"hgv":"designated"}},{"type":"Feature","geometry":{"type":"Point","coordinates":[8.6907934,48.9097783]},"properties":{"hgv":"designated"}},{"type":"Feature","geometry":{"type":"Point","coordinates":[8.6906989,48.9097662]},"properties":{"hgv":"designated"}},{"type":"Feature","geometry":{"type":"Point","coordinates":[8.6906045,48.9097541]},"properties":{"hgv":"designated"}},{"type":"Feature","geometry":{"type":"Point","coordinates":[8.69051,48.9097421]},"properties":{"hgv":"designated"}},{"type":"Feature","geometry":{"type":"Point","coordinates":[8.6904155,48.90973]},"properties":{"hgv":"designated"}},{"type":"Feature","geometry":{"type":"Point","coordinates":[8.6903211,48.909718]},"properties":{"hgv":"designated"}},{"type":"Feature","geometry":{"type":"Point","coordinates":[8.6902266,48.9097059]},"properties":{"hgv":"designated"}},{"type":"Feature","geometry":{"type":"Point","coordinates":[8.6901321,48.9096938]},"properties":{"hgv":"designated"}},{"type":"Feature","geometry":{"type":"Point","coordinates":[8.6900377,48.9096818]},"properties":{"hgv":"designated"}},{"type":"Feature","geometry":{"type":"Point","coordinates":[8.6899432,48.9096697]},"properties":{"hgv":"designated"}},{"type":"Feature","geometry":{"type":"Point","coordinates":[8.6898487,48.9096577]},"properties":{"hgv":"designated"}},{"type":"Feature","geometry":{"type":"Point","coordinates":[8.6897543,48.9096456]},"properties":{"hgv":"designated"}},{"type":"Feature","geometry":{"type":"Point","coordinates":[8.6896598,48.9096335]},"properties":{"hgv":"designated"}},{"type":"Feature","geometry":{"type":"Point","coordinates":[8.6895653,48.9096215]},"properties":{"hgv":"designated"}},{"type":"Feature","geometry":{"type":"Point","coordinates":[8.6894708,48.9096094]},"properties":{"hgv":"designated"}},{"type":"Feature","geometry":{"type":"Point","coordinates":[8.6893764,48.9095974]},"properties":{"hgv":"designated"}},{"type":"Feature","geometry":{"type":"Point","coordinates":[8.6892819,48.9095853]},"properties":{"hgv":"designated"}},{"type":"Feature","geometry":{"type":"Point","coordinates":[8.6891874,48.9095732]},"properties":{"hgv":"designated"}},{"type":"Feature","geometry":{"type":"Point","coordinates":[8.6889985,48.9095491]},"properties":{"hgv":"designated"}},{"type":"Feature","geometry":{"type":"Point","coordinates":[8.688947,48.9095248]},"properties":{"hgv":"designated"}},{"type":"Feature","geometry":{"type":"Point","coordinates":[8.6520164,48.4411316]},"properties":{"hgv":"no"}},{"type":"Feature","geometry":{"type":"Point","coordinates":[8.6513981,48.4420311]},"properties":{"hgv":"no"}},{"type":"Feature","geometry":{"type":"Point","coordinates":[8.6551776,48.4457849]},"properties":{"maxweight":"3.5"}},{"type":"Feature","geometry":{"type":"Point","coordinates":[8.690777,48.9090387]},"properties":{"hgv":"no"}},{"type":"Feature","geometry":{"type":"Point","coordinates":[8.0674951,48.2865001]},"properties":{"maxheight":"3.3"}},{"type":"Feature","geometry":{"type":"Point","coordinates":[8.6968265,48.9076635]},"properties":{"maxheight":"default"}},{"type":"Feature","geometry":{"type":"Point","coordinates":[8.6964613,48.9080492]},"properties":{"maxheight":"default"}},{"type":"Feature","geometry":{"type":"Point","coordinates":[8.6967413,48.9077688]},"properties":{"maxheight":"default"}},{"type":"Feature","geometry":{"type":"Point","coordinates":[8.7250788,48.918054]},"properties":{"maxheight":"default"}},{"type":"Feature","geometry":{"type":"Point","coordinates":[8.7249065,48.9181501]},"properties":{"maxheight":"default"}},{"type":"Feature","geometry":{"type":"Point","coordinates":[8.7246122,48.9180869]},"properties":{"maxheight":"default"}},{"type":"Feature","geometry":{"type":"Point","coordinates":[8.7259979,48.9183557]},"properties":{"maxheight":"default"}},{"type":"Feature","geometry":{"type":"Point","coordinates":[8.1482973,48.6895366]},"properties":{"hgv":"destination"}},{"type":"Feature","geometry":{"type":"Point","coordinates":[8.1524923,48.6884085]},"properties":{"hgv":"destination"}},{"type":"Feature","geometry":{"type":"Point","coordinates":[8.1158201,48.7200889]},"properties":{"maxweight":"7.5"}},{"type":"Feature","geometry":{"type":"Point","coordinates":[8.3915057,48.1208182]},"properties":{"maxweight":"3.5"}},{"type":"Feature","geometry":{"type":"Point","coordinates":[8.9595231,48.9349684]},"properties":{"maxheight":"default"}},{"type":"Feature","geometry":{"type":"Point","coordinates":[8.9418197,48.6598735]},"properties":{"maxheight":"2"}},{"type":"Feature","geometry":{"type":"Point","coordinates":[8.9228485,48.5460926]},"properties":{"maxweight":"2"}},{"type":"Feature","geometry":{"type":"Point","coordinates":[8.2474367,48.8566508]},"properties":{"maxweight":"7.5"}},{"type":"Feature","geometry":{"type":"Point","coordinates":[8.7445754,48.7154967]},"properties":{"maxheight":"3.3"}},{"type":"Feature","geometry":{"type":"Point","coordinates":[8.9686852,48.7436973]},"properties":{"hgv":"destination"}},{"type":"Feature","geometry":{"type":"Point","coordinates":[8.0580874,48.0994037]},"properties":{"maxweight":"12"}},{"type":"Feature","geometry":{"type":"Point","coordinates":[8.0894709,48.2814776]},"properties":{"maxweight":"7.5"}},{"type":"Feature","geometry":{"type":"Point","coordinates":[8.089428,48.2806019]},"properties":{"maxweight":"7.5"}},{"type":"Feature","geometry":{"type":"Point","coordinates":[8.0894287,48.280615]},"properties":{"maxweight":"7.5"}},{"type":"Feature","geometry":{"type":"Point","coordinates":[8.8515919,48.7276003]},"properties":{"hgv":"destination"}},{"type":"Feature","geometry":{"type":"Point","coordinates":[8.4032871,48.9726515]},"properties":{"hgv":"delivery"}},{"type":"Feature","geometry":{"type":"Point","coordinates":[8.736944,48.7344141]},"properties":{"maxheight":"4"}},{"type":"Feature","geometry":{"type":"Point","coordinates":[8.9856506,48.3550604]},"properties":{"maxheight":"default"}},{"type":"Feature","geometry":{"type":"Point","coordinates":[8.9849351,48.3551201]},"properties":{"maxheight":"default"}},{"type":"Feature","geometry":{"type":"Point","coordinates":[8.9066531,48.3438183]},"properties":{"maxweight":"3.5"}},{"type":"Feature","geometry":{"type":"Point","coordinates":[8.5510282,48.9806306]},"properties":{"hgv":"destination"}},{"type":"Feature","geometry":{"type":"Point","coordinates":[8.5345764,48.9918034]},"properties":{"hgv":"destination"}},{"type":"Feature","geometry":{"type":"Point","coordinates":[8.438826,48.992935]},"properties":{"hgv":"destination"}},{"type":"Feature","geometry":{"type":"Point","coordinates":[8.7745767,48.9057428]},"properties":{"maxheight":"default"}},{"type":"Feature","geometry":{"type":"Point","coordinates":[8.4477742,48.2530046]},"properties":{"hgv":"no","maxweight":"7.5"}},{"type":"Feature","geometry":{"type":"Point","coordinates":[8.4030408,48.9726397]},"properties":{"hgv":"delivery","maxheight":"1.9"}},{"type":"Feature","geometry":{"type":"Point","coordinates":[8.6949011,48.2689577]},"properties":{"maxweight":"7.5"}},{"type":"Feature","geometry":{"type":"Point","coordinates":[8.6910811,48.2689542]},"properties":{"maxweight":"7.5"}},{"type":"Feature","geometry":{"type":"Point","coordinates":[8.6898608,48.4454415]},"properties":{"hgv":"no"}},{"type":"Feature","geometry":{"type":"Point","coordinates":[8.6895782,48.4454719]},"properties":{"hgv":"no"}},{"type":"Feature","geometry":{"type":"Point","coordinates":[8.6850296,48.4464551]},"properties":{"hgv":"no"}},{"type":"Feature","geometry":{"type":"Point","coordinates":[8.9843879,48.7011576]},"properties":{"maxheight":"default"}},{"type":"Feature","geometry":{"type":"Point","coordinates":[8.7248857,48.2347823]},"properties":{"maxweight":"6"}},{"type":"Feature","geometry":{"type":"Point","coordinates":[8.5517923,48.2971842]},"properties":{"maxweight":"3.0"}},{"type":"Feature","geometry":{"type":"Point","coordinates":[8.5518436,48.297159]},"properties":{"maxweight":"3.0"}},{"type":"Feature","geometry":{"type":"Point","coordinates":[8.5518967,48.2971337]},"properties":{"maxweight":"3.0"}},{"type":"Feature","geometry":{"type":"Point","coordinates":[8.5518425,48.297231]},"properties":{"maxweight":"3.0"}},{"type":"Feature","geometry":{"type":"Point","coordinates":[8.5518947,48.2972066]},"properties":{"maxweight":"3.0"}},{"type":"Feature","geometry":{"type":"Point","coordinates":[8.5519482,48.2971817]},"properties":{"maxweight":"3.0"}},{"type":"Feature","geometry":{"type":"Point","coordinates":[8.5517638,48.2971576]},"properties":{"maxweight":"3.0"}},{"type":"Feature","geometry":{"type":"Point","coordinates":[8.5518152,48.2971326]},"properties":{"maxweight":"3.0"}},{"type":"Feature","geometry":{"type":"Point","coordinates":[8.5518688,48.2971077]},"properties":{"maxweight":"3.0"}},{"type":"Feature","geometry":{"type":"Point","coordinates":[8.9694415,48.052363]},"properties":{"maxweight":"7.5"}},{"type":"Feature","geometry":{"type":"Point","coordinates":[8.9693078,48.0520527]},"properties":{"maxweight":"7.5"}},{"type":"Feature","geometry":{"type":"Point","coordinates":[8.9699254,48.0522142]},"properties":{"maxweight":"7.5"}},{"type":"Feature","geometry":{"type":"Point","coordinates":[8.680766,48.9097091]},"properties":{"maxweight":"2.8"}},{"type":"Feature","geometry":{"type":"Point","coordinates":[8.8877643,48.8241419]},"properties":{"hgv":"designated"}},{"type":"Feature","geometry":{"type":"Point","coordinates":[8.8900357,48.8237279]},"properties":{"hgv":"designated"}},{"type":"Feature","geometry":{"type":"Point","coordinates":[8.8799134,48.826146]},"properties":{"maxheight":"default"}},{"type":"Feature","geometry":{"type":"Point","coordinates":[8.7520915,48.9236402]},"properties":{"maxheight":"default"}},{"type":"Feature","geometry":{"type":"Point","coordinates":[8.7554721,48.9220593]},"properties":{"maxheight":"default"}},{"type":"Feature","geometry":{"type":"Point","coordinates":[8.7454747,48.9242864]},"properties":{"maxheight":"default"}},{"type":"Feature","geometry":{"type":"Point","coordinates":[8.7553953,48.9220228]},"properties":{"maxheight":"default"}},{"type":"Feature","geometry":{"type":"Point","coordinates":[8.7377327,48.921528]},"properties":{"maxheight":"default"}},{"type":"Feature","geometry":{"type":"Point","coordinates":[8.5491798,48.9645076]},"properties":{"hgv":"no"}},{"type":"Feature","geometry":{"type":"Point","coordinates":[8.77749,48.9031629]},"properties":{"maxheight":"default"}},{"type":"Feature","geometry":{"type":"Point","coordinates":[8.8872129,48.8236716]},"properties":{"hgv":"designated"}},{"type":"Feature","geometry":{"type":"Point","coordinates":[8.9530046,48.7980679]},"properties":{"maxheight":"default"}},{"type":"Feature","geometry":{"type":"Point","coordinates":[8.9532163,48.797866]},"properties":{"maxheight":"default"}},{"type":"Feature","geometry":{"type":"Point","coordinates":[8.9403418,48.8011586]},"properties":{"maxheight":"default"}},{"type":"Feature","geometry":{"type":"Point","coordinates":[8.9797177,48.7885181]},"properties":{"maxheight":"default"}},{"type":"Feature","geometry":{"type":"Point","coordinates":[8.9506978,48.7320653]},"properties":{"maxheight":"default"}},{"type":"Feature","geometry":{"type":"Point","coordinates":[8.9476186,48.7265624]},"properties":{"maxheight":"default"}},{"type":"Feature","geometry":{"type":"Point","coordinates":[8.9572566,48.7738021]},"properties":{"maxheight":"default"}},{"type":"Feature","geometry":{"type":"Point","coordinates":[8.1634751,48.7292659]},"properties":{"hgv":"no"}},{"type":"Feature","geometry":{"type":"Point","coordinates":[8.0772324,48.5318568]},"properties":{"hgv":"delivery"}},{"type":"Feature","geometry":{"type":"Point","coordinates":[8.954228,48.8109439]},"properties":{"hgv":"delivery"}},{"type":"Feature","geometry":{"type":"Point","coordinates":[8.959139,48.742278]},"properties":{"hgv":"no"}},{"type":"Feature","geometry":{"type":"Point","coordinates":[8.8900592,48.681734]},"properties":{"maxweight":"2"}},{"type":"Feature","geometry":{"type":"Point","coordinates":[8.5461361,48.9844987]},"properties":{"hgv":"destination"}},{"type":"Feature","geometry":{"type":"Point","coordinates":[8.5368274,48.9877494]},"properties":{"hgv":"destination"}},{"type":"Feature","geometry":{"type":"Point","coordinates":[8.5374565,48.9873477]},"properties":{"hgv":"destination"}},{"type":"Feature","geometry":{"type":"Point","coordinates":[8.5382392,48.9872399]},"properties":{"hgv":"destination"}},{"type":"Feature","geometry":{"type":"Point","coordinates":[8.538997,48.9871953]},"properties":{"hgv":"destination"}},{"type":"Feature","geometry":{"type":"Point","coordinates":[8.9220001,48.2569519]},"properties":{"hgv":"no","maxweight":"5"}},{"type":"Feature","geometry":{"type":"Point","coordinates":[8.9982154,48.7093969]},"properties":{"hgv":"destination"}},{"type":"Feature","geometry":{"type":"Point","coordinates":[8.9986451,48.710242]},"properties":{"hgv":"destination"}},{"type":"Feature","geometry":{"type":"Point","coordinates":[8.9659279,48.7382797]},"properties":{"hgv":"destination"}},{"type":"Feature","geometry":{"type":"Point","coordinates":[8.9661358,48.7382148]},"properties":{"hgv":"destination"}},{"type":"Feature","geometry":{"type":"Point","coordinates":[8.9662858,48.7381602]},"properties":{"hgv":"destination"}},{"type":"Feature","geometry":{"type":"Point","coordinates":[8.9667157,48.7380093]},"properties":{"hgv":"destination"}},{"type":"Feature","geometry":{"type":"Point","coordinates":[8.9660558,48.7373397]},"properties":{"hgv":"destination"}},{"type":"Feature","geometry":{"type":"Point","coordinates":[8.9982852,48.7096219]},"properties":{"hgv":"destination"}},{"type":"Feature","geometry":{"type":"Point","coordinates":[8.8739554,48.7518834]},"properties":{"maxlength":"10"}},{"type":"Feature","geometry":{"type":"Point","coordinates":[8.0221756,48.6313671]},"properties":{"maxheight":"default"}},{"type":"Feature","geometry":{"type":"Point","coordinates":[8.0192848,48.6275718]},"properties":{"maxheight":"default"}},{"type":"Feature","geometry":{"type":"Point","coordinates":[8.0191191,48.6276626]},"properties":{"maxheight":"default"}},{"type":"Feature","geometry":{"type":"Point","coordinates":[8.0223396,48.6319365]},"properties":{"maxheight":"default"}},{"type":"Feature","geometry":{"type":"Point","coordinates":[8.0491061,48.6697136]},"properties":{"maxheight":"default"}},{"type":"Feature","geometry":{"type":"Point","coordinates":[8.0473714,48.6682777]},"properties":{"maxheight":"default"}},{"type":"Feature","geometry":{"type":"Point","coordinates":[8.0421515,48.6640715]},"properties":{"maxheight":"default"}},{"type":"Feature","geometry":{"type":"Point","coordinates":[8.0472848,48.6684281]},"properties":{"maxheight":"default"}},{"type":"Feature","geometry":{"type":"Point","coordinates":[8.8981349,48.7146257]},"properties":{"maxweight":"30 t"}},{"type":"Feature","geometry":{"type":"Point","coordinates":[8.8513685,48.2758044]},"properties":{"maxweight":"7.5"}},{"type":"Feature","geometry":{"type":"Point","coordinates":[8.9853624,48.9548245]},"properties":{"maxweight":"7.5"}},{"type":"Feature","geometry":{"type":"Point","coordinates":[8.9849084,48.954938]},"properties":{"maxweight":"7.5"}},{"type":"Feature","geometry":{"type":"Point","coordinates":[8.8735767,48.7499893]},"properties":{"maxlength":"10"}},{"type":"Feature","geometry":{"type":"Point","coordinates":[8.8991331,48.713968]},"properties":{"maxweight":"9 t"}},{"type":"Feature","geometry":{"type":"Point","coordinates":[8.7534522,48.9231296]},"properties":{"maxheight":"default"}},{"type":"Feature","geometry":{"type":"Point","coordinates":[8.8911149,48.2882457]},"properties":{"maxweight":"6"}},{"type":"Feature","geometry":{"type":"Point","coordinates":[8.8932498,48.2822613]},"properties":{"maxweight":"1.5"}},{"type":"Feature","geometry":{"type":"Point","coordinates":[8.884744,48.2797732]},"properties":{"maxweight":"6"}},{"type":"Feature","geometry":{"type":"Point","coordinates":[8.8733721,48.3080896]},"properties":{"hgv":"agricultural"}},{"type":"Feature","geometry":{"type":"Point","coordinates":[8.8791428,48.5809665]},"properties":{"hgv":"destination","maxweightrating:hgv":"7.5"}},{"type":"Feature","geometry":{"type":"Point","coordinates":[8.8791426,48.5815639]},"properties":{"hgv":"destination","maxweightrating:hgv":"7.5"}},{"type":"Feature","geometry":{"type":"Point","coordinates":[8.7612664,48.9172969]},"properties":{"maxheight":"default"}},{"type":"Feature","geometry":{"type":"Point","coordinates":[8.7751688,48.9053191]},"properties":{"maxheight":"default"}},{"type":"Feature","geometry":{"type":"Point","coordinates":[8.8468505,48.2765029]},"properties":{"maxweight":"1.5"}},{"type":"Feature","geometry":{"type":"Point","coordinates":[8.8502113,48.2706247]},"properties":{"maxweight":"7.5"}},{"type":"Feature","geometry":{"type":"Point","coordinates":[8.2089314,48.8125052]},"properties":{"maxheight":"none"}},{"type":"Feature","geometry":{"type":"Point","coordinates":[8.2010103,48.8022157]},"properties":{"maxheight":"none"}},{"type":"Feature","geometry":{"type":"Point","coordinates":[8.1731214,48.7743178]},"properties":{"maxheight":"none"}},{"type":"Feature","geometry":{"type":"Point","coordinates":[8.1717048,48.7729869]},"properties":{"maxheight":"none"}},{"type":"Feature","geometry":{"type":"Point","coordinates":[8.1697282,48.7711365]},"properties":{"maxheight":"none"}},{"type":"Feature","geometry":{"type":"Point","coordinates":[8.1685642,48.7700412]},"properties":{"maxheight":"none"}},{"type":"Feature","geometry":{"type":"Point","coordinates":[8.1691322,48.7705688]},"properties":{"maxheight":"none"}},{"type":"Feature","geometry":{"type":"Point","coordinates":[8.7044589,48.7058928]},"properties":{"hgv":"forestry"}},{"type":"Feature","geometry":{"type":"Point","coordinates":[8.8368789,48.7902383]},"properties":{"hgv":"yes"}},{"type":"Feature","geometry":{"type":"Point","coordinates":[8.392483,48.9587008]},"properties":{"maxheight":"default"}},{"type":"Feature","geometry":{"type":"Point","coordinates":[8.3924911,48.9581673]},"properties":{"maxheight":"default"}},{"type":"Feature","geometry":{"type":"Point","coordinates":[8.9223814,48.7721945]},"properties":{"maxheight":"default"}},{"type":"Feature","geometry":{"type":"Point","coordinates":[8.9226828,48.7721734]},"properties":{"maxheight":"default"}},{"type":"Feature","geometry":{"type":"Point","coordinates":[8.9214594,48.774599]},"properties":{"maxheight":"default"}},{"type":"Feature","geometry":{"type":"Point","coordinates":[8.1815989,48.7496835]},"properties":{"maxweight":"6"}},{"type":"Feature","geometry":{"type":"Point","coordinates":[8.7657777,48.7086374]},"properties":{"maxheight":"default"}},{"type":"Feature","geometry":{"type":"Point","coordinates":[8.2605312,48.9139087]},"properties":{"maxheight":"none"}},{"type":"Feature","geometry":{"type":"Point","coordinates":[8.8530348,48.5627941]},"properties":{"maxheight":"default"}},{"type":"Feature","geometry":{"type":"Point","coordinates":[8.8534006,48.5635373]},"properties":{"maxheight":"default"}},{"type":"Feature","geometry":{"type":"Point","coordinates":[8.84455,48.5191616]},"properties":{"maxheight":"default"}},{"type":"Feature","geometry":{"type":"Point","coordinates":[8.8235957,48.0007292]},"properties":{"maxweight":"7.5"}},{"type":"Feature","geometry":{"type":"Point","coordinates":[8.8233962,48.0007699]},"properties":{"maxweight":"7.5"}},{"type":"Feature","geometry":{"type":"Point","coordinates":[8.7815378,48.1216325]},"properties":{"maxweight":"6"}},{"type":"Feature","geometry":{"type":"Point","coordinates":[8.9087456,48.816448]},"properties":{"maxheight":"default"}},{"type":"Feature","geometry":{"type":"Point","coordinates":[8.9093991,48.8159482]},"properties":{"maxheight":"default"}},{"type":"Feature","geometry":{"type":"Point","coordinates":[8.9101991,48.8150417]},"properties":{"maxheight":"default"}},{"type":"Feature","geometry":{"type":"Point","coordinates":[8.9085784,48.816244]},"properties":{"maxheight":"default"}},{"type":"Feature","geometry":{"type":"Point","coordinates":[8.9957751,48.7123126]},"properties":{"hgv":"destination"}},{"type":"Feature","geometry":{"type":"Point","coordinates":[8.9956806,48.7115722]},"properties":{"hgv":"destination"}},{"type":"Feature","geometry":{"type":"Point","coordinates":[8.998472,48.7099624]},"properties":{"hgv":"destination"}},{"type":"Feature","geometry":{"type":"Point","coordinates":[8.9985141,48.7100322]},"properties":{"hgv":"destination"}},{"type":"Feature","geometry":{"type":"Point","coordinates":[8.9984439,48.7099159]},"properties":{"hgv":"destination"}},{"type":"Feature","geometry":{"type":"Point","coordinates":[8.9984039,48.7098495]},"properties":{"hgv":"destination"}},{"type":"Feature","geometry":{"type":"Point","coordinates":[8.9983264,48.709721]},"properties":{"hgv":"destination"}},{"type":"Feature","geometry":{"type":"Point","coordinates":[8.9985876,48.7101542]},"properties":{"hgv":"destination"}},{"type":"Feature","geometry":{"type":"Point","coordinates":[8.9986814,48.7102972]},"properties":{"hgv":"destination"}},{"type":"Feature","geometry":{"type":"Point","coordinates":[8.9987396,48.7103876]},"properties":{"hgv":"destination"}},{"type":"Feature","geometry":{"type":"Point","coordinates":[8.9987696,48.7104351]},"properties":{"hgv":"destination"}},{"type":"Feature","geometry":{"type":"Point","coordinates":[8.993508,48.7127986]},"properties":{"hgv":"destination"}},{"type":"Feature","geometry":{"type":"Point","coordinates":[8.9943573,48.712666]},"properties":{"hgv":"destination"}},{"type":"Feature","geometry":{"type":"Point","coordinates":[8.9954668,48.7116002]},"properties":{"hgv":"destination"}},{"type":"Feature","geometry":{"type":"Point","coordinates":[8.9949708,48.7116605]},"properties":{"hgv":"destination"}},{"type":"Feature","geometry":{"type":"Point","coordinates":[8.2353471,48.2973577]},"properties":{"hgv":"destination"}},{"type":"Feature","geometry":{"type":"Point","coordinates":[8.0055434,48.7326753]},"properties":{"maxweight":"6"}},{"type":"Feature","geometry":{"type":"Point","coordinates":[8.4676043,48.9994478]},"properties":{"hgv":"destination"}},{"type":"Feature","geometry":{"type":"Point","coordinates":[8.4479844,48.9855236]},"properties":{"hgv":"designated"}},{"type":"Feature","geometry":{"type":"Point","coordinates":[8.8695747,48.8294354]},"properties":{"maxheight":"5"}},{"type":"Feature","geometry":{"type":"Point","coordinates":[8.8695496,48.8295786]},"properties":{"maxheight":"5"}},{"type":"Feature","geometry":{"type":"Point","coordinates":[8.8513607,48.275926]},"properties":{"maxweight":"7.5"}},{"type":"Feature","geometry":{"type":"Point","coordinates":[8.2088533,48.2570655]},"properties":{"maxwidth":"4.5"}},{"type":"Feature","geometry":{"type":"Point","coordinates":[8.9422267,48.3891298]},"properties":{"hgv":"no","goods":"no","maxwidth":"2.5"}},{"type":"Feature","geometry":{"type":"Point","coordinates":[8.4600147,48.3710802]},"properties":{"maxweight":"6"}},{"type":"Feature","geometry":{"type":"Point","coordinates":[8.4901796,48.4326847]},"properties":{"maxweight":"6"}},{"type":"Feature","geometry":{"type":"Point","coordinates":[8.8757935,48.749909]},"properties":{"maxlength":"10"}},{"type":"Feature","geometry":{"type":"Point","coordinates":[8.8737425,48.7499853]},"properties":{"maxlength":"10"}},{"type":"Feature","geometry":{"type":"Point","coordinates":[8.8738578,48.7499781]},"properties":{"maxlength":"10"}},{"type":"Feature","geometry":{"type":"Point","coordinates":[8.8748064,48.7500016]},"properties":{"maxlength":"10"}},{"type":"Feature","geometry":{"type":"Point","coordinates":[8.8750289,48.749989]},"properties":{"maxlength":"10"}},{"type":"Feature","geometry":{"type":"Point","coordinates":[8.8753132,48.7499352]},"properties":{"maxlength":"10"}},{"type":"Feature","geometry":{"type":"Point","coordinates":[8.8757168,48.7499046]},"properties":{"maxlength":"10"}},{"type":"Feature","geometry":{"type":"Point","coordinates":[8.8233632,48.5220801]},"properties":{"hgv":"no"}},{"type":"Feature","geometry":{"type":"Point","coordinates":[8.86917,48.7515254]},"properties":{"maxlength":"10"}},{"type":"Feature","geometry":{"type":"Point","coordinates":[8.8692092,48.7511558]},"properties":{"maxlength":"10"}},{"type":"Feature","geometry":{"type":"Point","coordinates":[8.8692206,48.7510516]},"properties":{"maxlength":"10"}},{"type":"Feature","geometry":{"type":"Point","coordinates":[8.8692327,48.7509375]},"properties":{"maxlength":"10"}},{"type":"Feature","geometry":{"type":"Point","coordinates":[8.7602822,48.9181097]},"properties":{"maxheight":"default"}},{"type":"Feature","geometry":{"type":"Point","coordinates":[8.7580002,48.9198697]},"properties":{"maxheight":"default"}},{"type":"Feature","geometry":{"type":"Point","coordinates":[8.7695945,48.9101401]},"properties":{"maxheight":"default"}},{"type":"Feature","geometry":{"type":"Point","coordinates":[8.7705596,48.9093102]},"properties":{"maxheight":"default"}},{"type":"Feature","geometry":{"type":"Point","coordinates":[8.7788106,48.901977]},"properties":{"maxheight":"default"}},{"type":"Feature","geometry":{"type":"Point","coordinates":[8.2160406,48.2321346]},"properties":{"maxwidth":"4"}},{"type":"Feature","geometry":{"type":"Point","coordinates":[8.2158798,48.2323501]},"properties":{"maxwidth":"4"}},{"type":"Feature","geometry":{"type":"Point","coordinates":[8.4721604,48.0322319]},"properties":{"hgv":"no"}},{"type":"Feature","geometry":{"type":"Point","coordinates":[8.4741752,48.0326611]},"properties":{"hgv":"no"}},{"type":"Feature","geometry":{"type":"Point","coordinates":[8.8095761,48.3536774]},"properties":{"maxheight":"4.5"}},{"type":"Feature","geometry":{"type":"Point","coordinates":[8.9218504,48.7729295]},"properties":{"maxheight":"default"}},{"type":"Feature","geometry":{"type":"Point","coordinates":[8.820085,48.50789]},"properties":{"maxheight":"default"}},{"type":"Feature","geometry":{"type":"Point","coordinates":[8.8196088,48.5071612]},"properties":{"maxheight":"default"}},{"type":"Feature","geometry":{"type":"Point","coordinates":[8.9073684,48.3193459]},"properties":{"maxheight":"default"}},{"type":"Feature","geometry":{"type":"Point","coordinates":[8.9827166,48.369939]},"properties":{"maxheight":"default"}},{"type":"Feature","geometry":{"type":"Point","coordinates":[8.9919821,48.3828415]},"properties":{"maxheight":"default"}},{"type":"Feature","geometry":{"type":"Point","coordinates":[8.9086573,48.5648256]},"properties":{"maxheight":"default"}},{"type":"Feature","geometry":{"type":"Point","coordinates":[8.9087774,48.5650631]},"properties":{"maxheight":"default"}},{"type":"Feature","geometry":{"type":"Point","coordinates":[8.908785,48.5649337]},"properties":{"maxheight":"default"}},{"type":"Feature","geometry":{"type":"Point","coordinates":[8.9085929,48.564859]},"properties":{"maxheight":"default"}},{"type":"Feature","geometry":{"type":"Point","coordinates":[8.9085328,48.5647817]},"properties":{"maxheight":"default"}},{"type":"Feature","geometry":{"type":"Point","coordinates":[8.3539265,48.9209769]},"properties":{"maxheight":"none"}},{"type":"Feature","geometry":{"type":"Point","coordinates":[8.3768278,48.480369]},"properties":{"maxweight":"1.5"}},{"type":"Feature","geometry":{"type":"Point","coordinates":[8.9851448,48.9549189]},"properties":{"maxweight":"7.5"}},{"type":"Feature","geometry":{"type":"Point","coordinates":[8.9083292,48.7754232]},"properties":{"hgv":"delivery"}},{"type":"Feature","geometry":{"type":"Point","coordinates":[8.9082562,48.7753308]},"properties":{"hgv":"delivery"}},{"type":"Feature","geometry":{"type":"Point","coordinates":[8.9075167,48.7750402]},"properties":{"hgv":"delivery"}},{"type":"Feature","geometry":{"type":"Point","coordinates":[8.9561762,48.475425]},"properties":{"maxheight":"below_default"}},{"type":"Feature","geometry":{"type":"Point","coordinates":[8.419129,48.9433904]},"properties":{"maxweight":"2"}},{"type":"Feature","geometry":{"type":"Point","coordinates":[8.9085899,48.5617223]},"properties":{"maxheight":"4.5"}},{"type":"Feature","geometry":{"type":"Point","coordinates":[8.2165612,48.2462206]},"properties":{"maxlength":"10"}},{"type":"Feature","geometry":{"type":"Point","coordinates":[8.9060412,48.5797692]},"properties":{"maxheight":"default"}},{"type":"Feature","geometry":{"type":"Point","coordinates":[8.9063544,48.5798684]},"properties":{"maxheight":"default"}},{"type":"Feature","geometry":{"type":"Point","coordinates":[8.8866182,48.5754818]},"properties":{"hgv":"destination","maxweightrating:hgv":"7.5"}},{"type":"Feature","geometry":{"type":"Point","coordinates":[8.0470504,48.3195056]},"properties":{"maxheight":"3.4"}},{"type":"Feature","geometry":{"type":"Point","coordinates":[8.9513959,48.6184002]},"properties":{"hgv":"destination"}},{"type":"Feature","geometry":{"type":"Point","coordinates":[8.5407425,48.9914116]},"properties":{"maxheight":"2.3"}},{"type":"Feature","geometry":{"type":"Point","coordinates":[8.9794287,48.789818]},"properties":{"hgv":"designated"}},{"type":"Feature","geometry":{"type":"Point","coordinates":[8.1003884,48.2823842]},"properties":{"maxweight":"60"}},{"type":"Feature","geometry":{"type":"Point","coordinates":[8.9686715,48.6875242]},"properties":{"maxheight":"default"}},{"type":"Feature","geometry":{"type":"Point","coordinates":[8.9995539,48.6936464]},"properties":{"maxheight":"none"}},{"type":"Feature","geometry":{"type":"Point","coordinates":[8.9960226,48.6934131]},"properties":{"maxheight":"none"}},{"type":"Feature","geometry":{"type":"Point","coordinates":[8.9975456,48.6935759]},"properties":{"maxheight":"none"}},{"type":"Feature","geometry":{"type":"Point","coordinates":[8.3435978,48.7414815]},"properties":{"maxweight":"1"}},{"type":"Feature","geometry":{"type":"Point","coordinates":[8.2183067,48.5961658]},"properties":{"hgv":"no","goods":"no"}},{"type":"Feature","geometry":{"type":"Point","coordinates":[8.7791383,48.9042028]},"properties":{"maxweight":"2.8"}},{"type":"Feature","geometry":{"type":"Point","coordinates":[8.7792938,48.9053348]},"properties":{"maxweight":"2.8"}},{"type":"Feature","geometry":{"type":"Point","coordinates":[8.7797887,48.9026786]},"properties":{"maxweight":"2.8"}},{"type":"Feature","geometry":{"type":"Point","coordinates":[8.7472005,48.9243358]},"properties":{"maxheight":"default"}},{"type":"Feature","geometry":{"type":"Point","coordinates":[8.7490972,48.9242637]},"properties":{"maxheight":"default"}},{"type":"Feature","geometry":{"type":"Point","coordinates":[8.7499118,48.9241616]},"properties":{"maxheight":"default"}},{"type":"Feature","geometry":{"type":"Point","coordinates":[8.7524564,48.9235946]},"properties":{"maxheight":"default"}},{"type":"Feature","geometry":{"type":"Point","coordinates":[8.1973717,48.147584]},"properties":{"maxwidth":"2"}},{"type":"Feature","geometry":{"type":"Point","coordinates":[8.4882017,48.4321865]},"properties":{"maxweight":"6"}},{"type":"Feature","geometry":{"type":"Point","coordinates":[8.9804867,48.7109465]},"properties":{"maxheight":"default"}},{"type":"Feature","geometry":{"type":"Point","coordinates":[8.9795084,48.7111744]},"properties":{"maxheight":"default"}},{"type":"Feature","geometry":{"type":"Point","coordinates":[8.9792737,48.7110797]},"properties":{"maxheight":"default"}},{"type":"Feature","geometry":{"type":"Point","coordinates":[8.9794097,48.7110453]},"properties":{"maxheight":"default"}},{"type":"Feature","geometry":{"type":"Point","coordinates":[8.6899842,48.7672443]},"properties":{"maxweight":"6"}},{"type":"Feature","geometry":{"type":"Point","coordinates":[8.6060508,48.6846606]},"properties":{"hgv":"forestry"}},{"type":"Feature","geometry":{"type":"Point","coordinates":[8.3429336,48.2903944]},"properties":{"hgv":"destination","maxweight":"7.5"}},{"type":"Feature","geometry":{"type":"Point","coordinates":[8.3432364,48.2904408]},"properties":{"hgv":"destination","maxweight":"7.5"}},{"type":"Feature","geometry":{"type":"Point","coordinates":[8.7466711,48.6252216]},"properties":{"hgv":"no","maxweightrating:hgv":"7.5"}},{"type":"Feature","geometry":{"type":"Point","coordinates":[8.1789763,48.0903679]},"properties":{"maxwidth":"1.8"}},{"type":"Feature","geometry":{"type":"Point","coordinates":[8.2463487,48.1045103]},"properties":{"maxweight":"5"}},{"type":"Feature","geometry":{"type":"Point","coordinates":[8.3156146,48.1258188]},"properties":{"maxlength":"4"}},{"type":"Feature","geometry":{"type":"Point","coordinates":[8.1956445,48.1474401]},"properties":{"maxwidth":"2"}},{"type":"Feature","geometry":{"type":"Point","coordinates":[8.5402141,48.9373256]},"properties":{"maxheight":"default"}},{"type":"Feature","geometry":{"type":"Point","coordinates":[8.0382997,48.6406831]},"properties":{"hgv":"yes"}},{"type":"Feature","geometry":{"type":"Point","coordinates":[8.0387956,48.6409521]},"properties":{"hgv":"designated"}},{"type":"Feature","geometry":{"type":"Point","coordinates":[8.1105663,48.7240658]},"properties":{"hgv":"yes"}},{"type":"Feature","geometry":{"type":"Point","coordinates":[8.9100711,48.8143907]},"properties":{"maxheight":"default"}},{"type":"Feature","geometry":{"type":"Point","coordinates":[8.8784362,48.5754213]},"properties":{"hgv":"no"}},{"type":"Feature","geometry":{"type":"Point","coordinates":[8.0077243,48.4002689]},"properties":{"hgv":"yes"}},{"type":"Feature","geometry":{"type":"Point","coordinates":[8.9538318,48.7457379]},"properties":{"maxweight":"7.5"}},{"type":"Feature","geometry":{"type":"Point","coordinates":[8.9529661,48.7461555]},"properties":{"maxweight":"7.5"}},{"type":"Feature","geometry":{"type":"Point","coordinates":[8.9518808,48.7464896]},"properties":{"maxweight":"7.5"}},{"type":"Feature","geometry":{"type":"Point","coordinates":[8.9179255,48.5783932]},"properties":{"hgv":"destination"}},{"type":"Feature","geometry":{"type":"Point","coordinates":[8.9137332,48.5832604]},"properties":{"hgv":"no"}},{"type":"Feature","geometry":{"type":"Point","coordinates":[8.6736947,48.9161199]},"properties":{"maxweight":"2.8"}},{"type":"Feature","geometry":{"type":"Point","coordinates":[8.9701337,48.718709]},"properties":{"maxheight":"4"}},{"type":"Feature","geometry":{"type":"Point","coordinates":[8.8320153,48.0035134]},"properties":{"maxweight":"40"}},{"type":"Feature","geometry":{"type":"Point","coordinates":[8.0598928,48.666055]},"properties":{"maxweight":"7.5"}},{"type":"Feature","geometry":{"type":"Point","coordinates":[8.3529852,48.7358694]},"properties":{"maxheight":"none"}},{"type":"Feature","geometry":{"type":"Point","coordinates":[8.8663626,48.7478335]},"properties":{"hgv":"no"}},{"type":"Feature","geometry":{"type":"Point","coordinates":[8.3968916,48.5444708]},"properties":{"maxweight":"7.5"}},{"type":"Feature","geometry":{"type":"Point","coordinates":[8.3965658,48.5456896]},"properties":{"maxweight":"7.5"}},{"type":"Feature","geometry":{"type":"Point","coordinates":[8.9359579,48.4792448]},"properties":{"maxweight":"6"}},{"type":"Feature","geometry":{"type":"Point","coordinates":[8.3391058,48.7688154]},"properties":{"hgv":"delivery"}},{"type":"Feature","geometry":{"type":"Point","coordinates":[8.9070267,48.771601]},"properties":{"maxweight":"3.5"}},{"type":"Feature","geometry":{"type":"Point","coordinates":[8.907322,48.7716157]},"properties":{"maxweight":"3.5"}},{"type":"Feature","geometry":{"type":"Point","coordinates":[8.9068608,48.7717495]},"properties":{"maxheight":"default"}},{"type":"Feature","geometry":{"type":"Point","coordinates":[8.9067619,48.7717433]},"properties":{"maxheight":"default"}},{"type":"Feature","geometry":{"type":"Point","coordinates":[8.6649678,48.9174713]},"properties":{"maxheight":"3.9","maxweight":"2.8"}},{"type":"Feature","geometry":{"type":"Point","coordinates":[8.6651533,48.917662]},"properties":{"maxheight":"3.9","maxweight":"2.8"}},{"type":"Feature","geometry":{"type":"Point","coordinates":[8.0528691,48.5354143]},"properties":{"maxheight":"default"}},{"type":"Feature","geometry":{"type":"Point","coordinates":[8.7641638,48.7087977]},"properties":{"maxheight":"2.1"}},{"type":"Feature","geometry":{"type":"Point","coordinates":[8.7638911,48.7084819]},"properties":{"maxheight":"2.1"}},{"type":"Feature","geometry":{"type":"Point","coordinates":[8.9978819,48.6812071]},"properties":{"hgv":"destination"}},{"type":"Feature","geometry":{"type":"Point","coordinates":[8.8515248,48.2815026]},"properties":{"maxheight":"default"}},{"type":"Feature","geometry":{"type":"Point","coordinates":[8.8514849,48.2815197]},"properties":{"maxheight":"default"}},{"type":"Feature","geometry":{"type":"Point","coordinates":[8.4302283,48.4601261]},"properties":{"hgv":"no"}},{"type":"Feature","geometry":{"type":"Point","coordinates":[8.418617,48.4615601]},"properties":{"hgv":"yes"}},{"type":"Feature","geometry":{"type":"Point","coordinates":[8.4202238,48.4586869]},"properties":{"hgv":"yes"}},{"type":"Feature","geometry":{"type":"Point","coordinates":[8.4195134,48.4600577]},"properties":{"hgv":"yes"}},{"type":"Feature","geometry":{"type":"Point","coordinates":[8.8627133,48.8310993]},"properties":{"maxheight":"none"}},{"type":"Feature","geometry":{"type":"Point","coordinates":[8.2214962,48.8443903]},"properties":{"maxheight":"3.6"}},{"type":"Feature","geometry":{"type":"Point","coordinates":[8.9687458,48.7437916]},"properties":{"hgv":"destination"}},{"type":"Feature","geometry":{"type":"Point","coordinates":[8.0321955,48.0248719]},"properties":{"maxweight":"12"}},{"type":"Feature","geometry":{"type":"Point","coordinates":[8.8680072,48.828129]},"properties":{"maxheight":"4.3"}},{"type":"Feature","geometry":{"type":"Point","coordinates":[8.8472711,48.8374053]},"properties":{"maxheight":"none"}},{"type":"Feature","geometry":{"type":"Point","coordinates":[8.8470867,48.8373572]},"properties":{"maxheight":"none"}},{"type":"Feature","geometry":{"type":"Point","coordinates":[8.8463014,48.8373367]},"properties":{"maxheight":"none"}},{"type":"Feature","geometry":{"type":"Point","coordinates":[8.6828148,48.4505666]},"properties":{"maxheight":"none"}},{"type":"Feature","geometry":{"type":"Point","coordinates":[8.6658068,48.3279667]},"properties":{"hgv":"delivery"}},{"type":"Feature","geometry":{"type":"Point","coordinates":[8.8371763,48.5205547]},"properties":{"maxheight":"default"}},{"type":"Feature","geometry":{"type":"Point","coordinates":[8.6894646,48.450667]},"properties":{"maxheight":"none"}},{"type":"Feature","geometry":{"type":"Point","coordinates":[8.6158591,48.4572173]},"properties":{"maxweight":"3.5"}},{"type":"Feature","geometry":{"type":"Point","coordinates":[8.9386896,48.6616134]},"properties":{"maxweight":"7.5"}},{"type":"Feature","geometry":{"type":"Point","coordinates":[8.8770322,48.5717796]},"properties":{"hgv":"destination","maxweightrating:hgv":"7.5"}},{"type":"Feature","geometry":{"type":"Point","coordinates":[8.976416,48.7366368]},"properties":{"maxheight":"2.2"}}]}