{"type":"FeatureCollection","features":[{"type":"Feature","geometry":{"type":"Point","coordinates":[9.3241396,51.0588858]},"properties":{"maxheight":"default"}},{"type":"Feature","geometry":{"type":"Point","coordinates":[9.6304762,51.2888757]},"properties":{"maxheight":"default"}},{"type":"Feature","geometry":{"type":"Point","coordinates":[9.9439401,51.4739325]},"properties":{"maxheight":"2.1 m"}},{"type":"Feature","geometry":{"type":"Point","coordinates":[9.9369774,51.5278231]},"properties":{"maxwidth":"3.9"}},{"type":"Feature","geometry":{"type":"Point","coordinates":[9.9425136,51.7162226]},"properties":{"maxheight":"3.4 m"}},{"type":"Feature","geometry":{"type":"Point","coordinates":[9.9340096,51.5611131]},"properties":{"maxwidth":"2"}},{"type":"Feature","geometry":{"type":"Point","coordinates":[9.4615112,51.3162878]},"properties":{"maxheight":"1.8","maxweight":"2"}},{"type":"Feature","geometry":{"type":"Point","coordinates":[9.9236622,51.535302]},"properties":{"maxheight":"2"}},{"type":"Feature","geometry":{"type":"Point","coordinates":[9.496303,51.3122625]},"properties":{"maxheight":"2.1"}},{"type":"Feature","geometry":{"type":"Point","coordinates":[9.9676109,51.8517042]},"properties":{"maxweight":"3.5"}},{"type":"Feature","geometry":{"type":"Point","coordinates":[9.3957184,51.4979041]},"properties":{"maxweight":"0.63"}},{"type":"Feature","geometry":{"type":"Point","coordinates":[9.9333451,51.5366619]},"properties":{"maxheight":"1.8"}},{"type":"Feature","geometry":{"type":"Point","coordinates":[9.9363616,51.5399259]},"properties":{"maxheight":"2.1"}},{"type":"Feature","geometry":{"type":"Point","coordinates":[9.9336685,51.5233434]},"properties":{"maxwidth":"4.8"}},{"type":"Feature","geometry":{"type":"Point","coordinates":[9.9256776,51.5370039]},"properties":{"maxweight":"1.6"}},{"type":"Feature","geometry":{"type":"Point","coordinates":[9.9258843,51.5369274]},"properties":{"maxweight":"1.6"}},{"type":"Feature","geometry":{"type":"Point","coordinates":[9.9261409,51.5368328]},"properties":{"maxweight":"1.050"}},{"type":"Feature","geometry":{"type":"Point","coordinates":[9.9264025,51.5367364]},"properties":{"maxweight":"1.050"}},{"type":"Feature","geometry":{"type":"Point","coordinates":[9.5224516,51.626491]},"properties":{"maxweight":"15"}},{"type":"Feature","geometry":{"type":"Point","coordinates":[9.5228353,51.6257506]},"properties":{"maxweight":"15"}},{"type":"Feature","geometry":{"type":"Point","coordinates":[9.1155948,51.522072]},"properties":{"maxheight":"default"}},{"type":"Feature","geometry":{"type":"Point","coordinates":[9.1491873,51.922147]},"properties":{"maxheight":"default"}},{"type":"Feature","geometry":{"type":"Point","coordinates":[9.2833129,51.9807546]},"properties":{"maxheight":"3.6"}},{"type":"Feature","geometry":{"type":"Point","coordinates":[9.0869552,51.8801131]},"properties":{"maxweight":"7"}},{"type":"Feature","geometry":{"type":"Point","coordinates":[9.2483974,51.9629531]},"properties":{"maxweight":"7.5"}},{"type":"Feature","geometry":{"type":"Point","coordinates":[9.2758981,51.9771748]},"properties":{"maxweight":"7.5"}},{"type":"Feature","geometry":{"type":"Point","coordinates":[9.1448334,51.910573]},"properties":{"maxweight":"1.5"}},{"type":"Feature","geometry":{"type":"Point","coordinates":[9.5268182,51.2779972]},"properties":{"maxheight":"2.2"}},{"type":"Feature","geometry":{"type":"Point","coordinates":[9.1017767,51.9506064]},"properties":{"maxweight":"7.5"}},{"type":"Feature","geometry":{"type":"Point","coordinates":[9.0959656,51.945824]},"properties":{"maxlength":"10"}},{"type":"Feature","geometry":{"type":"Point","coordinates":[9.0973518,51.9400101]},"properties":{"maxheight":"2.3"}},{"type":"Feature","geometry":{"type":"Point","coordinates":[9.1009263,51.9336676]},"properties":{"maxweight":"7.5"}},{"type":"Feature","geometry":{"type":"Point","coordinates":[9.1358236,51.9803424]},"properties":{"maxwidth":"1"}},{"type":"Feature","geometry":{"type":"Point","coordinates":[9.0530323,51.9493054]},"properties":{"maxweight":"6"}},{"type":"Feature","geometry":{"type":"Point","coordinates":[9.0942074,51.9424328]},"properties":{"maxweight":"2.5"}},{"type":"Feature","geometry":{"type":"Point","coordinates":[9.0946666,51.9430051]},"properties":{"maxheight":"2"}},{"type":"Feature","geometry":{"type":"Point","coordinates":[9.929097,51.532953]},"properties":{"maxheight":"2"}},{"type":"Feature","geometry":{"type":"Point","coordinates":[9.0938178,51.890785]},"properties":{"maxweight":"7"}},{"type":"Feature","geometry":{"type":"Point","coordinates":[9.1046256,51.9326201]},"properties":{"maxweight":"7.5"}},{"type":"Feature","geometry":{"type":"Point","coordinates":[9.0870343,51.9325183]},"properties":{"maxweight":"12"}},{"type":"Feature","geometry":{"type":"Point","coordinates":[9.0497257,51.9508636]},"properties":{"maxweight":"6"}},{"type":"Feature","geometry":{"type":"Point","coordinates":[9.2559298,51.9679773]},"properties":{"maxweight":"3.5"}},{"type":"Feature","geometry":{"type":"Point","coordinates":[9.2493098,51.9602929]},"properties":{"maxweight":"7.5"}},{"type":"Feature","geometry":{"type":"Point","coordinates":[9.2536546,51.9077812]},"properties":{"maxweight":"2.5"}},{"type":"Feature","geometry":{"type":"Point","coordinates":[9.2537181,51.9078651]},"properties":{"maxweight":"2.5"}},{"type":"Feature","geometry":{"type":"Point","coordinates":[9.3849498,51.104704]},"properties":{"maxwidth":"0.8"}},{"type":"Feature","geometry":{"type":"Point","coordinates":[9.385018,51.1044361]},"properties":{"maxwidth":"0.8"}},{"type":"Feature","geometry":{"type":"Point","coordinates":[9.2524436,51.904046]},"properties":{"maxweight":"3.5"}},{"type":"Feature","geometry":{"type":"Point","coordinates":[9.2541898,51.9027048]},"properties":{"maxweight":"3.5"}},{"type":"Feature","geometry":{"type":"Point","coordinates":[9.2590087,51.8984831]},"properties":{"maxweight":"12"}},{"type":"Feature","geometry":{"type":"Point","coordinates":[9.2591656,51.8985037]},"properties":{"maxweight":"12"}},{"type":"Feature","geometry":{"type":"Point","coordinates":[9.2518297,51.9090135]},"properties":{"maxweight":"10"}},{"type":"Feature","geometry":{"type":"Point","coordinates":[9.2458798,51.9066943]},"properties":{"maxweight":"10"}},{"type":"Feature","geometry":{"type":"Point","coordinates":[9.254217,51.9168335]},"properties":{"maxweight":"10"}},{"type":"Feature","geometry":{"type":"Point","coordinates":[9.2732157,51.9147885]},"properties":{"maxweight":"3.5"}},{"type":"Feature","geometry":{"type":"Point","coordinates":[9.2731064,51.9148018]},"properties":{"maxweight":"3.5"}},{"type":"Feature","geometry":{"type":"Point","coordinates":[9.0360476,51.8898489]},"properties":{"maxwidth":"3"}},{"type":"Feature","geometry":{"type":"Point","coordinates":[9.2507004,51.9622903]},"properties":{"maxweight":"7.5"}},{"type":"Feature","geometry":{"type":"Point","coordinates":[9.2458569,51.954016]},"properties":{"maxlength":"10"}},{"type":"Feature","geometry":{"type":"Point","coordinates":[9.3253153,51.8787034]},"properties":{"maxweight":"7.5"}},{"type":"Feature","geometry":{"type":"Point","coordinates":[9.3290972,51.8784917]},"properties":{"maxweight":"7.5"}},{"type":"Feature","geometry":{"type":"Point","coordinates":[9.0251494,51.9971252]},"properties":{"maxwidth":"3"}},{"type":"Feature","geometry":{"type":"Point","coordinates":[9.0162063,51.9990144]},"properties":{"maxwidth":"3"}},{"type":"Feature","geometry":{"type":"Point","coordinates":[9.3243924,51.8251344]},"properties":{"maxweight":"7.5"}},{"type":"Feature","geometry":{"type":"Point","coordinates":[9.0818159,51.8792133]},"properties":{"maxweight":"7"}},{"type":"Feature","geometry":{"type":"Point","coordinates":[9.0879618,51.9390008]},"properties":{"maxheight":"3.7"}},{"type":"Feature","geometry":{"type":"Point","coordinates":[9.1430899,51.9215932]},"properties":{"maxheight":"2.8"}},{"type":"Feature","geometry":{"type":"Point","coordinates":[9.142826,51.9217526]},"properties":{"maxheight":"2.8"}},{"type":"Feature","geometry":{"type":"Point","coordinates":[9.9223657,51.5433123]},"properties":{"hgv":"no","goods":"no","maxheight":"2.1 m"}},{"type":"Feature","geometry":{"type":"Point","coordinates":[9.8809193,51.5309767]},"properties":{"hgv":"yes"}},{"type":"Feature","geometry":{"type":"Point","coordinates":[9.0967825,51.8613523]},"properties":{"maxweight":"3"}},{"type":"Feature","geometry":{"type":"Point","coordinates":[9.0969997,51.8614904]},"properties":{"maxweight":"3"}},{"type":"Feature","geometry":{"type":"Point","coordinates":[9.3979082,51.2518102]},"properties":{"maxheight":"default"}},{"type":"Feature","geometry":{"type":"Point","coordinates":[9.9177542,51.3454678]},"properties":{"hgv":"no"}},{"type":"Feature","geometry":{"type":"Point","coordinates":[9.3720104,51.1093584]},"properties":{"maxheight":"4"}},{"type":"Feature","geometry":{"type":"Point","coordinates":[9.4621277,51.3162255]},"properties":{"maxheight":"1.8"}},{"type":"Feature","geometry":{"type":"Point","coordinates":[9.2891092,51.9825283]},"properties":{"maxheight":"3.9"}},{"type":"Feature","geometry":{"type":"Point","coordinates":[9.9445722,51.5516425]},"properties":{"maxwidth":"6"}},{"type":"Feature","geometry":{"type":"Point","coordinates":[9.0948703,51.8808765]},"properties":{"maxheight":"3.9"}},{"type":"Feature","geometry":{"type":"Point","coordinates":[9.0948211,51.8811829]},"properties":{"maxheight":"3.9"}},{"type":"Feature","geometry":{"type":"Point","coordinates":[9.5518978,51.6253314]},"properties":{"maxweight":"16"}},{"type":"Feature","geometry":{"type":"Point","coordinates":[9.5506975,51.6257525]},"properties":{"maxweight":"16"}},{"type":"Feature","geometry":{"type":"Point","coordinates":[9.6047839,51.4980466]},"properties":{"maxweight":"16"}},{"type":"Feature","geometry":{"type":"Point","coordinates":[9.1672765,51.8910536]},"properties":{"maxweight":"3.5"}},{"type":"Feature","geometry":{"type":"Point","coordinates":[9.435695,51.3406862]},"properties":{"hgv":"no"}},{"type":"Feature","geometry":{"type":"Point","coordinates":[9.4293871,51.3406305]},"properties":{"maxwidth":"6"}},{"type":"Feature","geometry":{"type":"Point","coordinates":[9.4290258,51.3410683]},"properties":{"maxwidth":"1.5"}},{"type":"Feature","geometry":{"type":"Point","coordinates":[9.0946727,51.8572493]},"properties":{"maxheight":"4"}},{"type":"Feature","geometry":{"type":"Point","coordinates":[9.0946207,51.8574318]},"properties":{"maxheight":"4"}},{"type":"Feature","geometry":{"type":"Point","coordinates":[9.0466572,51.9494143]},"properties":{"maxweight":"6"}},{"type":"Feature","geometry":{"type":"Point","coordinates":[9.0477774,51.949458]},"properties":{"maxweight":"2.5"}},{"type":"Feature","geometry":{"type":"Point","coordinates":[9.0484286,51.9492711]},"properties":{"maxweight":"6"}},{"type":"Feature","geometry":{"type":"Point","coordinates":[9.093817,51.8661188]},"properties":{"maxwidth":"2"}},{"type":"Feature","geometry":{"type":"Point","coordinates":[9.6211764,51.2847569]},"properties":{"maxheight":"default"}},{"type":"Feature","geometry":{"type":"Point","coordinates":[9.1709636,51.3260423]},"properties":{"maxheight":"2"}},{"type":"Feature","geometry":{"type":"Point","coordinates":[9.0983288,51.8930876]},"properties":{"maxwidth":"5.7"}},{"type":"Feature","geometry":{"type":"Point","coordinates":[9.0999604,51.8945284]},"properties":{"maxwidth":"5.7"}},{"type":"Feature","geometry":{"type":"Point","coordinates":[9.5058588,51.3217771]},"properties":{"maxheight":"2"}},{"type":"Feature","geometry":{"type":"Point","coordinates":[9.0307351,51.9619222]},"properties":{"maxwidth":"4"}},{"type":"Feature","geometry":{"type":"Point","coordinates":[9.5026802,51.2798235]},"properties":{"hgv":"only"}},{"type":"Feature","geometry":{"type":"Point","coordinates":[9.3829721,51.66986]},"properties":{"maxheight":"2.5","maxwidth":"6"}},{"type":"Feature","geometry":{"type":"Point","coordinates":[9.5563001,51.6378018]},"properties":{"maxweight":"7.5"}},{"type":"Feature","geometry":{"type":"Point","coordinates":[9.5264114,51.3487571]},"properties":{"hgv":"no"}},{"type":"Feature","geometry":{"type":"Point","coordinates":[9.4569492,51.2683]},"properties":{"maxweight":"2.5"}},{"type":"Feature","geometry":{"type":"Point","coordinates":[9.4059359,51.0323068]},"properties":{"maxheight":"2"}},{"type":"Feature","geometry":{"type":"Point","coordinates":[9.1491734,51.9221926]},"properties":{"maxheight":"default"}},{"type":"Feature","geometry":{"type":"Point","coordinates":[9.1154832,51.5220497]},"properties":{"maxheight":"default"}},{"type":"Feature","geometry":{"type":"Point","coordinates":[9.3240774,51.0588972]},"properties":{"maxheight":"default"}},{"type":"Feature","geometry":{"type":"Point","coordinates":[9.3959099,51.4981389]},"properties":{"maxweight":"1.07"}},{"type":"Feature","geometry":{"type":"Point","coordinates":[9.9397144,51.5318115]},"properties":{"maxheight":"2.00"}},{"type":"Feature","geometry":{"type":"Point","coordinates":[9.9308024,51.5239646]},"properties":{"maxheight":"2"}},{"type":"Feature","geometry":{"type":"Point","coordinates":[9.9384924,51.5306772]},"properties":{"maxheight":"2.4"}},{"type":"Feature","geometry":{"type":"Point","coordinates":[9.955602,51.5282274]},"properties":{"maxheight":"1.9"}},{"type":"Feature","geometry":{"type":"Point","coordinates":[9.9417263,51.7168596]},"properties":{"maxwidth":"2.1"}},{"type":"Feature","geometry":{"type":"Point","coordinates":[9.4423583,51.3143547]},"properties":{"maxheight":"1.95"}},{"type":"Feature","geometry":{"type":"Point","coordinates":[9.5255031,51.2766616]},"properties":{"maxheight":"2.3"}},{"type":"Feature","geometry":{"type":"Point","coordinates":[9.472642,51.3167215]},"properties":{"maxheight":"1.90"}},{"type":"Feature","geometry":{"type":"Point","coordinates":[9.8892882,51.5276905]},"properties":{"hgv":"no","goods":"no","maxheight":"2.8 m"}},{"type":"Feature","geometry":{"type":"Point","coordinates":[9.8814499,51.5277387]},"properties":{"maxheight":"2"}},{"type":"Feature","geometry":{"type":"Point","coordinates":[9.6036819,51.2830608]},"properties":{"maxheight":"3.5"}},{"type":"Feature","geometry":{"type":"Point","coordinates":[9.4616363,51.3164889]},"properties":{"maxweight":"2"}},{"type":"Feature","geometry":{"type":"Point","coordinates":[9.9244908,51.5316766]},"properties":{"maxheight":"2"}},{"type":"Feature","geometry":{"type":"Point","coordinates":[9.1176039,51.92198]},"properties":{"maxwidth":"1"}},{"type":"Feature","geometry":{"type":"Point","coordinates":[9.4860028,51.0874511]},"properties":{"maxheight":"3"}},{"type":"Feature","geometry":{"type":"Point","coordinates":[9.930902,51.5234948]},"properties":{"maxheight":"2"}},{"type":"Feature","geometry":{"type":"Point","coordinates":[9.4137044,51.2540106]},"properties":{"maxheight":"1.8"}},{"type":"Feature","geometry":{"type":"Point","coordinates":[9.5049041,51.3142101]},"properties":{"maxheight":"3.9"}},{"type":"Feature","geometry":{"type":"Point","coordinates":[9.8702238,51.6427358]},"properties":{"hgv":"yes"}},{"type":"Feature","geometry":{"type":"Point","coordinates":[9.147147,51.489445]},"properties":{"maxheight":"2"}},{"type":"Feature","geometry":{"type":"Point","coordinates":[9.9230944,51.5425911]},"properties":{"hgv":"no","goods":"no","maxheight":"2.1 m"}},{"type":"Feature","geometry":{"type":"Point","coordinates":[9.9228706,51.5427986]},"properties":{"hgv":"no","goods":"no","maxheight":"2.1 m"}},{"type":"Feature","geometry":{"type":"Point","coordinates":[9.4796925,51.2942523]},"properties":{"maxheight":"2"}},{"type":"Feature","geometry":{"type":"Point","coordinates":[9.9357343,51.5260687]},"properties":{"maxheight":"1.8"}},{"type":"Feature","geometry":{"type":"Point","coordinates":[9.9219778,51.5444735]},"properties":{"hgv":"no","goods":"no","maxheight":"2.1 m"}},{"type":"Feature","geometry":{"type":"Point","coordinates":[9.9389813,51.5526422]},"properties":{"maxheight":"below_default"}},{"type":"Feature","geometry":{"type":"Point","coordinates":[9.9322386,51.5281023]},"properties":{"maxheight":"2.4"}},{"type":"Feature","geometry":{"type":"Point","coordinates":[9.6305459,51.2888613]},"properties":{"maxheight":"default"}},{"type":"Feature","geometry":{"type":"Point","coordinates":[9.5058753,51.3432907]},"properties":{"maxwidth":"1"}},{"type":"Feature","geometry":{"type":"Point","coordinates":[9.5071064,51.3434013]},"properties":{"maxwidth":"1"}},{"type":"Feature","geometry":{"type":"Point","coordinates":[9.5087586,51.3435672]},"properties":{"maxwidth":"1"}},{"type":"Feature","geometry":{"type":"Point","coordinates":[9.9602759,51.7302339]},"properties":{"maxheight":"2"}},{"type":"Feature","geometry":{"type":"Point","coordinates":[9.5106987,51.329479]},"properties":{"maxheight":"2.1"}},{"type":"Feature","geometry":{"type":"Point","coordinates":[9.934121,51.5268008]},"properties":{"maxwidth":"4.7"}},{"type":"Feature","geometry":{"type":"Point","coordinates":[9.9031699,51.555148]},"properties":{"maxwidth":"1"}},{"type":"Feature","geometry":{"type":"Point","coordinates":[9.9038542,51.555612]},"properties":{"maxwidth":"1"}},{"type":"Feature","geometry":{"type":"Point","coordinates":[9.9323633,51.5396869]},"properties":{"maxheight":"2.3"}},{"type":"Feature","geometry":{"type":"Point","coordinates":[9.4547577,51.8121163]},"properties":{"maxwidth":"3"}},{"type":"Feature","geometry":{"type":"Point","coordinates":[9.0271323,51.8965599]},"properties":{"maxwidth":"3"}},{"type":"Feature","geometry":{"type":"Point","coordinates":[9.4117506,51.2899931]},"properties":{"hgv":"no"}},{"type":"Feature","geometry":{"type":"Point","coordinates":[9.9669637,51.5163256]},"properties":{"maxheight":"below_default"}},{"type":"Feature","geometry":{"type":"Point","coordinates":[9.9668852,51.5164758]},"properties":{"maxheight":"below_default"}},{"type":"Feature","geometry":{"type":"Point","coordinates":[9.3813638,51.7732281]},"properties":{"maxheight":"1.9"}},{"type":"Feature","geometry":{"type":"Point","coordinates":[9.633842,51.3702578]},"properties":{"hgv":"no"}},{"type":"Feature","geometry":{"type":"Point","coordinates":[9.9705504,51.5110623]},"properties":{"maxheight":"below_default"}},{"type":"Feature","geometry":{"type":"Point","coordinates":[9.5436028,51.6509492]},"properties":{"maxweight":"9"}},{"type":"Feature","geometry":{"type":"Point","coordinates":[9.9559537,51.5278342]},"properties":{"maxheight":"1.9 m"}},{"type":"Feature","geometry":{"type":"Point","coordinates":[9.6212229,51.2847531]},"properties":{"maxheight":"default"}},{"type":"Feature","geometry":{"type":"Point","coordinates":[9.9376448,51.5428584]},"properties":{"maxheight":"2.1"}},{"type":"Feature","geometry":{"type":"Point","coordinates":[9.9495564,51.0084725]},"properties":{"maxheight":"4","maxwidth":"3"}},{"type":"Feature","geometry":{"type":"Point","coordinates":[9.9169944,51.5255757]},"properties":{"maxheight":"2"}},{"type":"Feature","geometry":{"type":"Point","coordinates":[9.9336924,51.5357133]},"properties":{"maxheight":"2"}},{"type":"Feature","geometry":{"type":"Point","coordinates":[9.9326011,51.5238744]},"properties":{"maxheight":"below_default"}},{"type":"Feature","geometry":{"type":"Point","coordinates":[9.9320067,51.524316]},"properties":{"maxheight":"2.2"}},{"type":"Feature","geometry":{"type":"Point","coordinates":[9.9300046,51.5333215]},"properties":{"maxheight":"2.9"}},{"type":"Feature","geometry":{"type":"Point","coordinates":[9.9458666,51.5536765]},"properties":{"maxheight":"below_default"}},{"type":"Feature","geometry":{"type":"Point","coordinates":[9.9434914,51.5537157]},"properties":{"maxheight":"below_default"}},{"type":"Feature","geometry":{"type":"Point","coordinates":[9.9008018,51.5110033]},"properties":{"maxheight":"below_default"}},{"type":"Feature","geometry":{"type":"Point","coordinates":[9.9697404,51.5209534]},"properties":{"maxwidth":"3.5"}},{"type":"Feature","geometry":{"type":"Point","coordinates":[9.9365251,51.5303321]},"properties":{"maxheight":"2"}},{"type":"Feature","geometry":{"type":"Point","coordinates":[9.9367918,51.5303351]},"properties":{"maxheight":"2"}},{"type":"Feature","geometry":{"type":"Point","coordinates":[9.1468749,51.489345]},"properties":{"maxheight":"2"}},{"type":"Feature","geometry":{"type":"Point","coordinates":[9.5369405,51.5440493]},"properties":{"maxheight":"3","maxwidth":"2.5"}},{"type":"Feature","geometry":{"type":"Point","coordinates":[9.435816,51.130978]},"properties":{"maxheight":"2"}},{"type":"Feature","geometry":{"type":"Point","coordinates":[9.9637866,51.5222832]},"properties":{"maxheight":"below_default"}},{"type":"Feature","geometry":{"type":"Point","coordinates":[9.5408897,51.1312488]},"properties":{"maxheight":"2"}},{"type":"Feature","geometry":{"type":"Point","coordinates":[9.4929617,51.3176837]},"properties":{"maxheight":"2","maxwidth":"2"}},{"type":"Feature","geometry":{"type":"Point","coordinates":[9.540359,51.1312245]},"properties":{"maxheight":"2.2"}},{"type":"Feature","geometry":{"type":"Point","coordinates":[9.4307027,51.3405893]},"properties":{"maxwidth":"6"}},{"type":"Feature","geometry":{"type":"Point","coordinates":[9.9056754,51.6018264]},"properties":{"maxheight":"3.0 m"}},{"type":"Feature","geometry":{"type":"Point","coordinates":[9.9299987,51.5558677]},"properties":{"maxheight":"4.3 m"}},{"type":"Feature","geometry":{"type":"Point","coordinates":[9.8916734,51.5195613]},"properties":{"hgv":"no","goods":"no","maxheight":"2.1 m"}},{"type":"Feature","geometry":{"type":"Point","coordinates":[9.8763486,51.4943033]},"properties":{"maxheight":"3.0 m"}},{"type":"Feature","geometry":{"type":"Point","coordinates":[9.9174892,51.6293625]},"properties":{"maxheight":"3.0 m"}},{"type":"Feature","geometry":{"type":"Point","coordinates":[9.8770923,51.4882875]},"properties":{"maxheight":"2.5 m"}},{"type":"Feature","geometry":{"type":"Point","coordinates":[9.9406218,51.3389329]},"properties":{"maxwidth":"1.5"}},{"type":"Feature","geometry":{"type":"Point","coordinates":[9.9703491,51.3315988]},"properties":{"maxwidth":"4"}},{"type":"Feature","geometry":{"type":"Point","coordinates":[9.8964095,51.537209]},"properties":{"maxheight":"below_default"}},{"type":"Feature","geometry":{"type":"Point","coordinates":[9.3564366,51.1759508]},"properties":{"maxheight":"2.2","maxwidth":"2.3"}},{"type":"Feature","geometry":{"type":"Point","coordinates":[9.2787095,51.1206775]},"properties":{"maxheight":"2.9"}},{"type":"Feature","geometry":{"type":"Point","coordinates":[9.9301118,51.5311042]},"properties":{"maxheight":"2"}},{"type":"Feature","geometry":{"type":"Point","coordinates":[9.9371597,51.5373768]},"properties":{"maxheight":"2"}},{"type":"Feature","geometry":{"type":"Point","coordinates":[9.9398175,51.5317073]},"properties":{"maxheight":"2"}},{"type":"Feature","geometry":{"type":"Point","coordinates":[9.9397482,51.5317774]},"properties":{"maxheight":"2.40"}},{"type":"Feature","geometry":{"type":"Point","coordinates":[9.1391726,51.4897166]},"properties":{"hgv":"no"}},{"type":"Feature","geometry":{"type":"Point","coordinates":[9.9380976,51.5409386]},"properties":{"maxwidth":"3.5"}},{"type":"Feature","geometry":{"type":"Point","coordinates":[9.9377747,51.5416911]},"properties":{"maxwidth":"3.5"}},{"type":"Feature","geometry":{"type":"Point","coordinates":[9.5049649,51.3142538]},"properties":{"maxheight":"3.9"}},{"type":"Feature","geometry":{"type":"Point","coordinates":[9.9390074,51.5614908]},"properties":{"maxheight":"1.97"}},{"type":"Feature","geometry":{"type":"Point","coordinates":[9.933545,51.5653304]},"properties":{"maxheight":"below_default"}},{"type":"Feature","geometry":{"type":"Point","coordinates":[9.6058486,51.4983748]},"properties":{"maxweight":"16"}},{"type":"Feature","geometry":{"type":"Point","coordinates":[9.1638505,51.4928563]},"properties":{"maxweight":"1.05"}},{"type":"Feature","geometry":{"type":"Point","coordinates":[9.163858,51.4930216]},"properties":{"maxweight":"1.05"}},{"type":"Feature","geometry":{"type":"Point","coordinates":[9.9377202,51.5488417]},"properties":{"maxheight":"2.0 m"}},{"type":"Feature","geometry":{"type":"Point","coordinates":[9.8909523,51.1913794]},"properties":{"maxwidth":"1"}},{"type":"Feature","geometry":{"type":"Point","coordinates":[9.9166977,51.5352516]},"properties":{"maxheight":"1.9"}},{"type":"Feature","geometry":{"type":"Point","coordinates":[9.9672798,51.8510906]},"properties":{"maxweight":"1.05"}},{"type":"Feature","geometry":{"type":"Point","coordinates":[9.9674404,51.8512157]},"properties":{"maxweight":"1.05"}},{"type":"Feature","geometry":{"type":"Point","coordinates":[9.9025613,51.5289943]},"properties":{"maxwidth":"3.4"}},{"type":"Feature","geometry":{"type":"Point","coordinates":[9.9413578,51.5552184]},"properties":{"maxheight":"2.1"}},{"type":"Feature","geometry":{"type":"Point","coordinates":[9.9416549,51.5558027]},"properties":{"maxheight":"2.1"}},{"type":"Feature","geometry":{"type":"Point","coordinates":[9.1475462,51.4886539]},"properties":{"hgv":"no"}},{"type":"Feature","geometry":{"type":"Point","coordinates":[9.923442,51.5350597]},"properties":{"maxheight":"2"}},{"type":"Feature","geometry":{"type":"Point","coordinates":[9.9710353,51.520266]},"properties":{"maxwidth":"6"}},{"type":"Feature","geometry":{"type":"Point","coordinates":[9.9282545,51.5343535]},"properties":{"maxheight":"2"}},{"type":"Feature","geometry":{"type":"Point","coordinates":[9.9452456,51.5450018]},"properties":{"maxwidth":"3"}},{"type":"Feature","geometry":{"type":"Point","coordinates":[9.4289453,51.3412734]},"properties":{"maxwidth":"5"}},{"type":"Feature","geometry":{"type":"Point","coordinates":[9.930047,51.5287957]},"properties":{"maxheight":"2"}},{"type":"Feature","geometry":{"type":"Point","coordinates":[9.9327311,51.5234048]},"properties":{"maxheight":"2"}},{"type":"Feature","geometry":{"type":"Point","coordinates":[9.9357844,51.5155985]},"properties":{"maxwidth":"3.5"}},{"type":"Feature","geometry":{"type":"Point","coordinates":[9.9363937,51.5180608]},"properties":{"maxwidth":"3.5"}},{"type":"Feature","geometry":{"type":"Point","coordinates":[9.9536675,51.5308315]},"properties":{"maxheight":"below_default"}},{"type":"Feature","geometry":{"type":"Point","coordinates":[9.9537149,51.5302779]},"properties":{"maxheight":"below_default"}},{"type":"Feature","geometry":{"type":"Point","coordinates":[9.0891276,51.8686738]},"properties":{"maxweight":"1.05"}},{"type":"Feature","geometry":{"type":"Point","coordinates":[9.3719265,51.6621429]},"properties":{"maxwidth":"3"}},{"type":"Feature","geometry":{"type":"Point","coordinates":[9.5451873,51.1305172]},"properties":{"maxheight":"2"}},{"type":"Feature","geometry":{"type":"Point","coordinates":[9.5451477,51.1305524]},"properties":{"maxheight":"2"}},{"type":"Feature","geometry":{"type":"Point","coordinates":[9.9409552,51.5283885]},"properties":{"maxheight":"2.1"}},{"type":"Feature","geometry":{"type":"Point","coordinates":[9.9505863,51.5362431]},"properties":{"maxheight":"1.8 m"}},{"type":"Feature","geometry":{"type":"Point","coordinates":[9.942032,51.5267707]},"properties":{"maxheight":"2.3"}},{"type":"Feature","geometry":{"type":"Point","coordinates":[9.9399636,51.550711]},"properties":{"maxheight":"2.0 m"}},{"type":"Feature","geometry":{"type":"Point","coordinates":[9.0212917,51.9969823]},"properties":{"maxwidth":"3"}},{"type":"Feature","geometry":{"type":"Point","coordinates":[9.9356743,51.5598036]},"properties":{"maxheight":"2"}},{"type":"Feature","geometry":{"type":"Point","coordinates":[9.8999615,51.5089497]},"properties":{"maxheight":"2"}},{"type":"Feature","geometry":{"type":"Point","coordinates":[9.8996892,51.5088941]},"properties":{"maxheight":"below_default"}},{"type":"Feature","geometry":{"type":"Point","coordinates":[9.149914,51.9154683]},"properties":{"hgv":"no"}},{"type":"Feature","geometry":{"type":"Point","coordinates":[9.9393343,51.5346063]},"properties":{"maxheight":"1.9"}},{"type":"Feature","geometry":{"type":"Point","coordinates":[9.9431697,51.5421624]},"properties":{"maxheight":"2.15"}},{"type":"Feature","geometry":{"type":"Point","coordinates":[9.9367357,51.5562027]},"properties":{"maxheight":"2.5"}},{"type":"Feature","geometry":{"type":"Point","coordinates":[9.4852349,51.2775672]},"properties":{"maxheight":"4"}},{"type":"Feature","geometry":{"type":"Point","coordinates":[9.9260693,51.5340507]},"properties":{"maxheight":"2.1"}},{"type":"Feature","geometry":{"type":"Point","coordinates":[9.9254066,51.5251404]},"properties":{"maxheight":"2"}},{"type":"Feature","geometry":{"type":"Point","coordinates":[9.9439293,51.5415201]},"properties":{"maxheight":"below_default"}},{"type":"Feature","geometry":{"type":"Point","coordinates":[9.9401404,51.5385013]},"properties":{"maxheight":"below_default"}},{"type":"Feature","geometry":{"type":"Point","coordinates":[9.9488497,51.5336993]},"properties":{"maxheight":"1.7"}},{"type":"Feature","geometry":{"type":"Point","coordinates":[9.9742242,51.5199013]},"properties":{"maxwidth":"4"}},{"type":"Feature","geometry":{"type":"Point","coordinates":[9.9328849,51.5471823]},"properties":{"maxheight":"2.6"}},{"type":"Feature","geometry":{"type":"Point","coordinates":[9.932044,51.5486058]},"properties":{"maxheight":"2 m"}},{"type":"Feature","geometry":{"type":"Point","coordinates":[9.9334316,51.5481779]},"properties":{"maxheight":"2 m"}},{"type":"Feature","geometry":{"type":"Point","coordinates":[9.9785943,51.5181299]},"properties":{"maxheight":"below_default"}},{"type":"Feature","geometry":{"type":"Point","coordinates":[9.9323992,51.5491466]},"properties":{"maxheight":"below_default"}},{"type":"Feature","geometry":{"type":"Point","coordinates":[9.9019382,51.5320752]},"properties":{"maxheight":"1.9 m"}},{"type":"Feature","geometry":{"type":"Point","coordinates":[9.3746129,51.6636144]},"properties":{"hgv":"no"}},{"type":"Feature","geometry":{"type":"Point","coordinates":[9.389698,51.4070429]},"properties":{"maxheight":"2","maxwidth":"4"}},{"type":"Feature","geometry":{"type":"Point","coordinates":[9.390525,51.4074029]},"properties":{"maxheight":"2","maxwidth":"4"}},{"type":"Feature","geometry":{"type":"Point","coordinates":[9.005911,51.50623]},"properties":{"maxlength":"9"}},{"type":"Feature","geometry":{"type":"Point","coordinates":[9.5886894,51.4957138]},"properties":{"maxwidth":"4"}},{"type":"Feature","geometry":{"type":"Point","coordinates":[9.9163714,51.5422522]},"properties":{"maxheight":"2"}},{"type":"Feature","geometry":{"type":"Point","coordinates":[9.9354002,51.5299751]},"properties":{"maxheight":"below_default"}},{"type":"Feature","geometry":{"type":"Point","coordinates":[9.9268542,51.5297393]},"properties":{"maxheight":"2"}},{"type":"Feature","geometry":{"type":"Point","coordinates":[9.9011356,51.5105207]},"properties":{"maxheight":"below_default"}},{"type":"Feature","geometry":{"type":"Point","coordinates":[9.9297459,51.3019582]},"properties":{"maxheight":"2.5"}},{"type":"Feature","geometry":{"type":"Point","coordinates":[9.9391917,51.5529572]},"properties":{"maxheight":"below_default"}},{"type":"Feature","geometry":{"type":"Point","coordinates":[9.1299487,51.1220458]},"properties":{"maxwidth":"1"}},{"type":"Feature","geometry":{"type":"Point","coordinates":[9.9336539,51.5371125]},"properties":{"maxheight":"2"}},{"type":"Feature","geometry":{"type":"Point","coordinates":[9.92181,51.6293576]},"properties":{"maxheight":"2.8 m"}},{"type":"Feature","geometry":{"type":"Point","coordinates":[9.9327531,51.5383262]},"properties":{"maxheight":"2"}},{"type":"Feature","geometry":{"type":"Point","coordinates":[9.9503983,51.5368113]},"properties":{"maxheight":"below_default"}},{"type":"Feature","geometry":{"type":"Point","coordinates":[9.5107186,51.3295138]},"properties":{"maxheight":"2.1"}},{"type":"Feature","geometry":{"type":"Point","coordinates":[9.378455,51.6736419]},"properties":{"maxheight":"1.5","maxwidth":"4"}},{"type":"Feature","geometry":{"type":"Point","coordinates":[9.40598,51.0324065]},"properties":{"maxheight":"2"}},{"type":"Feature","geometry":{"type":"Point","coordinates":[9.8827272,51.5910322]},"properties":{"maxheight":"2.2 m"}},{"type":"Feature","geometry":{"type":"Point","coordinates":[9.4059644,51.032332]},"properties":{"maxheight":"2"}},{"type":"Feature","geometry":{"type":"Point","coordinates":[9.9339841,51.5357721]},"properties":{"maxheight":"1.97 m"}},{"type":"Feature","geometry":{"type":"Point","coordinates":[9.0941202,51.942384]},"properties":{"maxheight":"default"}},{"type":"Feature","geometry":{"type":"Point","coordinates":[9.9339139,51.5496841]},"properties":{"maxheight":"1.8"}},{"type":"Feature","geometry":{"type":"Point","coordinates":[9.9299531,51.5319653]},"properties":{"maxheight":"below_default"}},{"type":"Feature","geometry":{"type":"Point","coordinates":[9.5918434,51.5886642]},"properties":{"maxweight":"5"}},{"type":"Feature","geometry":{"type":"Point","coordinates":[9.8996016,51.5101015]},"properties":{"maxheight":"2"}},{"type":"Feature","geometry":{"type":"Point","coordinates":[9.9431948,51.5305885]},"properties":{"maxwidth":"4.5"}},{"type":"Feature","geometry":{"type":"Point","coordinates":[9.4886198,51.3160083]},"properties":{"maxheight":"1.9"}},{"type":"Feature","geometry":{"type":"Point","coordinates":[9.0111896,51.3756506]},"properties":{"maxwidth":"4"}},{"type":"Feature","geometry":{"type":"Point","coordinates":[9.9232185,51.5318177]},"properties":{"maxheight":"2"}},{"type":"Feature","geometry":{"type":"Point","coordinates":[9.963974,51.5484788]},"properties":{"maxheight":"1.95"}},{"type":"Feature","geometry":{"type":"Point","coordinates":[9.2911693,51.0655352]},"properties":{"maxwidth":"2"}},{"type":"Feature","geometry":{"type":"Point","coordinates":[9.6336213,51.3703782]},"properties":{"hgv":"no"}},{"type":"Feature","geometry":{"type":"Point","coordinates":[9.936951,51.5620213]},"properties":{"maxheight":"2.05 m"}},{"type":"Feature","geometry":{"type":"Point","coordinates":[9.0115543,51.9730256]},"properties":{"maxwidth":"1"}},{"type":"Feature","geometry":{"type":"Point","coordinates":[9.0114766,51.9724975]},"properties":{"maxwidth":"1"}},{"type":"Feature","geometry":{"type":"Point","coordinates":[9.0168833,51.3711479]},"properties":{"maxwidth":"0.6"}},{"type":"Feature","geometry":{"type":"Point","coordinates":[9.0359003,51.1618162]},"properties":{"maxwidth":"1"}},{"type":"Feature","geometry":{"type":"Point","coordinates":[9.0361424,51.1615907]},"properties":{"maxwidth":"1"}},{"type":"Feature","geometry":{"type":"Point","coordinates":[9.3720735,51.1090534]},"properties":{"maxheight":"4"}},{"type":"Feature","geometry":{"type":"Point","coordinates":[9.2764661,51.1213825]},"properties":{"maxheight":"2.6"}},{"type":"Feature","geometry":{"type":"Point","coordinates":[9.9317479,51.5467787]},"properties":{"maxheight":"2"}},{"type":"Feature","geometry":{"type":"Point","coordinates":[9.5006733,51.3196507]},"properties":{"maxheight":"3.25"}},{"type":"Feature","geometry":{"type":"Point","coordinates":[9.3423471,51.3846519]},"properties":{"maxwidth":"2.7"}},{"type":"Feature","geometry":{"type":"Point","coordinates":[9.342363,51.3846971]},"properties":{"maxwidth":"2.7"}},{"type":"Feature","geometry":{"type":"Point","coordinates":[9.3463484,51.3884075]},"properties":{"maxwidth":"2.7"}},{"type":"Feature","geometry":{"type":"Point","coordinates":[9.9261812,51.563783]},"properties":{"maxheight":"2.1"}},{"type":"Feature","geometry":{"type":"Point","coordinates":[9.9092739,51.5720282]},"properties":{"maxheight":"4 m"}},{"type":"Feature","geometry":{"type":"Point","coordinates":[9.3803756,51.6718856]},"properties":{"maxwidth":"7"}},{"type":"Feature","geometry":{"type":"Point","coordinates":[9.3794707,51.6720113]},"properties":{"maxheight":"2.5","maxwidth":"9"}},{"type":"Feature","geometry":{"type":"Point","coordinates":[9.3833386,51.6712883]},"properties":{"maxheight":"1.5","maxwidth":"4"}},{"type":"Feature","geometry":{"type":"Point","coordinates":[9.3822594,51.6714616]},"properties":{"maxheight":"2.5","maxwidth":"4"}},{"type":"Feature","geometry":{"type":"Point","coordinates":[9.3815455,51.6716689]},"properties":{"maxheight":"2.5","maxwidth":"4"}},{"type":"Feature","geometry":{"type":"Point","coordinates":[9.3812204,51.6717231]},"properties":{"maxheight":"2.5","maxwidth":"6"}},{"type":"Feature","geometry":{"type":"Point","coordinates":[9.3817288,51.6690411]},"properties":{"maxheight":"2","maxwidth":"120"}},{"type":"Feature","geometry":{"type":"Point","coordinates":[9.0955114,51.8652702]},"properties":{"hgv":"no"}},{"type":"Feature","geometry":{"type":"Point","coordinates":[9.3773118,51.6709974]},"properties":{"maxheight":"1","maxwidth":"2.5"}},{"type":"Feature","geometry":{"type":"Point","coordinates":[9.3770255,51.6711458]},"properties":{"maxheight":"1","maxwidth":"1.2"}},{"type":"Feature","geometry":{"type":"Point","coordinates":[9.3692065,51.6637607]},"properties":{"maxheight":"1.5","maxwidth":"8"}},{"type":"Feature","geometry":{"type":"Point","coordinates":[9.3759146,51.664542]},"properties":{"maxheight":"2","maxwidth":"1.5"}},{"type":"Feature","geometry":{"type":"Point","coordinates":[9.3728701,51.6685999]},"properties":{"maxheight":"1","maxwidth":"1"}},{"type":"Feature","geometry":{"type":"Point","coordinates":[9.3729453,51.6623085]},"properties":{"maxwidth":"2.3"}},{"type":"Feature","geometry":{"type":"Point","coordinates":[9.9367925,51.5357102]},"properties":{"maxheight":"1.9"}},{"type":"Feature","geometry":{"type":"Point","coordinates":[9.3725754,51.6630567]},"properties":{"maxheight":"1.5"}},{"type":"Feature","geometry":{"type":"Point","coordinates":[9.4799919,51.314062]},"properties":{"maxheight":"2"}},{"type":"Feature","geometry":{"type":"Point","coordinates":[9.9549206,51.5468113]},"properties":{"maxheight":"1.9 m"}},{"type":"Feature","geometry":{"type":"Point","coordinates":[9.9553253,51.5472767]},"properties":{"maxheight":"1.9 m"}},{"type":"Feature","geometry":{"type":"Point","coordinates":[9.9293979,51.5332021]},"properties":{"maxheight":"2.5"}},{"type":"Feature","geometry":{"type":"Point","coordinates":[9.0437053,51.9501408]},"properties":{"maxwidth":"1"}},{"type":"Feature","geometry":{"type":"Point","coordinates":[9.1703915,51.9615725]},"properties":{"maxwidth":"2"}},{"type":"Feature","geometry":{"type":"Point","coordinates":[9.6415733,51.4419966]},"properties":{"maxwidth":"5"}},{"type":"Feature","geometry":{"type":"Point","coordinates":[9.479975,51.2994225]},"properties":{"maxheight":"2.1","maxweight":"2.5"}},{"type":"Feature","geometry":{"type":"Point","coordinates":[9.5927527,51.5889545]},"properties":{"maxweight":"5"}},{"type":"Feature","geometry":{"type":"Point","coordinates":[9.4669278,51.2303885]},"properties":{"maxweight":"1.05"}},{"type":"Feature","geometry":{"type":"Point","coordinates":[9.4665941,51.2303439]},"properties":{"maxweight":"1.05"}},{"type":"Feature","geometry":{"type":"Point","coordinates":[9.8940313,51.5391148]},"properties":{"maxheight":"2"}},{"type":"Feature","geometry":{"type":"Point","coordinates":[9.9450917,51.5402747]},"properties":{"maxheight":"below_default"}},{"type":"Feature","geometry":{"type":"Point","coordinates":[9.7681319,51.4207261]},"properties":{"maxheight":"2.2 m"}},{"type":"Feature","geometry":{"type":"Point","coordinates":[9.7667505,51.4206969]},"properties":{"maxheight":"2.2 m"}},{"type":"Feature","geometry":{"type":"Point","coordinates":[9.3718853,51.6651191]},"properties":{"maxwidth":"2.5"}},{"type":"Feature","geometry":{"type":"Point","coordinates":[9.3717292,51.6645608]},"properties":{"maxwidth":"2.5"}},{"type":"Feature","geometry":{"type":"Point","coordinates":[9.371466,51.6638106]},"properties":{"maxwidth":"2.5"}},{"type":"Feature","geometry":{"type":"Point","coordinates":[9.9384789,51.5352934]},"properties":{"maxheight":"1.9 m"}},{"type":"Feature","geometry":{"type":"Point","coordinates":[9.9965761,51.7045321]},"properties":{"maxheight":"2.1 m"}},{"type":"Feature","geometry":{"type":"Point","coordinates":[9.9964282,51.7045535]},"properties":{"maxheight":"2.1 m"}},{"type":"Feature","geometry":{"type":"Point","coordinates":[9.3729118,51.662313]},"properties":{"maxwidth":"2.5"}},{"type":"Feature","geometry":{"type":"Point","coordinates":[9.1111387,51.8034875]},"properties":{"hgv":"no"}},{"type":"Feature","geometry":{"type":"Point","coordinates":[9.4500309,51.321871]},"properties":{"maxheight":"1.95"}},{"type":"Feature","geometry":{"type":"Point","coordinates":[9.4266905,51.2501107]},"properties":{"maxheight":"2.1"}},{"type":"Feature","geometry":{"type":"Point","coordinates":[9.3488184,51.6578472]},"properties":{"maxwidth":"1.60"}},{"type":"Feature","geometry":{"type":"Point","coordinates":[9.525517,51.2768154]},"properties":{"maxheight":"2.3"}},{"type":"Feature","geometry":{"type":"Point","coordinates":[9.3793979,51.6765063]},"properties":{"maxheight":"2"}},{"type":"Feature","geometry":{"type":"Point","coordinates":[9.3794569,51.676859]},"properties":{"maxheight":"2"}},{"type":"Feature","geometry":{"type":"Point","coordinates":[9.4792299,51.3120639]},"properties":{"maxheight":"2.5"}},{"type":"Feature","geometry":{"type":"Point","coordinates":[9.0244847,51.7339988]},"properties":{"hgv":"no"}},{"type":"Feature","geometry":{"type":"Point","coordinates":[9.9442323,51.530537]},"properties":{"maxheight":"2"}},{"type":"Feature","geometry":{"type":"Point","coordinates":[9.943492,51.5304873]},"properties":{"maxheight":"2"}},{"type":"Feature","geometry":{"type":"Point","coordinates":[9.1726492,51.3270948]},"properties":{"maxheight":"1","maxwidth":"5"}},{"type":"Feature","geometry":{"type":"Point","coordinates":[9.8126049,51.3768283]},"properties":{"maxheight":"below_default"}},{"type":"Feature","geometry":{"type":"Point","coordinates":[9.4904291,51.3133315]},"properties":{"maxheight":"1.9"}},{"type":"Feature","geometry":{"type":"Point","coordinates":[9.9365352,51.5371858]},"properties":{"maxheight":"3.6"}},{"type":"Feature","geometry":{"type":"Point","coordinates":[9.3570471,51.6631045]},"properties":{"maxheight":"2","maxwidth":"2"}},{"type":"Feature","geometry":{"type":"Point","coordinates":[9.9328516,51.7944615]},"properties":{"maxheight":"2.5","maxwidth":"4"}},{"type":"Feature","geometry":{"type":"Point","coordinates":[9.4702124,51.2002855]},"properties":{"maxheight":"2"}},{"type":"Feature","geometry":{"type":"Point","coordinates":[9.0240916,51.3794442]},"properties":{"maxheight":"2.2"}},{"type":"Feature","geometry":{"type":"Point","coordinates":[9.3715597,51.6640927]},"properties":{"maxwidth":"2.5"}},{"type":"Feature","geometry":{"type":"Point","coordinates":[9.9347373,51.6221077]},"properties":{"maxheight":"2.2 m"}},{"type":"Feature","geometry":{"type":"Point","coordinates":[9.3063279,51.7104497]},"properties":{"hgv":"no"}},{"type":"Feature","geometry":{"type":"Point","coordinates":[9.4852718,51.3113798]},"properties":{"maxweight":"2.5"}},{"type":"Feature","geometry":{"type":"Point","coordinates":[9.3596763,51.3051793]},"properties":{"maxwidth":"1"}},{"type":"Feature","geometry":{"type":"Point","coordinates":[9.3617689,51.3036834]},"properties":{"maxwidth":"1"}},{"type":"Feature","geometry":{"type":"Point","coordinates":[9.5100174,51.3121418]},"properties":{"maxheight":"2.25","maxwidth":"2.38"}},{"type":"Feature","geometry":{"type":"Point","coordinates":[9.3725279,51.6642224]},"properties":{"hgv":"no"}},{"type":"Feature","geometry":{"type":"Point","coordinates":[9.3852119,51.7726391]},"properties":{"hgv":"no"}},{"type":"Feature","geometry":{"type":"Point","coordinates":[9.3808353,51.7721759]},"properties":{"hgv":"no"}},{"type":"Feature","geometry":{"type":"Point","coordinates":[9.1766141,51.7147942]},"properties":{"hgv":"no"}},{"type":"Feature","geometry":{"type":"Point","coordinates":[9.4835183,51.300752]},"properties":{"maxwidth":"3.9"}},{"type":"Feature","geometry":{"type":"Point","coordinates":[9.4861165,51.3034008]},"properties":{"maxwidth":"6.9"}},{"type":"Feature","geometry":{"type":"Point","coordinates":[9.9237783,51.5330166]},"properties":{"maxheight":"1.85 m"}},{"type":"Feature","geometry":{"type":"Point","coordinates":[9.6199287,51.3747217]},"properties":{"maxwidth":"4.14"}},{"type":"Feature","geometry":{"type":"Point","coordinates":[9.5425399,51.1336582]},"properties":{"maxheight":"2.1","maxweight":"3.5"}},{"type":"Feature","geometry":{"type":"Point","coordinates":[9.2727484,51.9742272]},"properties":{"maxweight":"1.05"}},{"type":"Feature","geometry":{"type":"Point","coordinates":[9.4481393,51.3142376]},"properties":{"maxheight":"2.2"}},{"type":"Feature","geometry":{"type":"Point","coordinates":[9.9564406,51.5519417]},"properties":{"maxheight":"2.0 m"}},{"type":"Feature","geometry":{"type":"Point","coordinates":[9.9406199,51.3389612]},"properties":{"maxwidth":"1.5"}},{"type":"Feature","geometry":{"type":"Point","coordinates":[9.0808616,51.8941423]},"properties":{"hgv":"designated"}},{"type":"Feature","geometry":{"type":"Point","coordinates":[9.4795043,51.3120661]},"properties":{"maxheight":"2.3"}},{"type":"Feature","geometry":{"type":"Point","coordinates":[9.4791816,51.3120661]},"properties":{"maxheight":"2"}},{"type":"Feature","geometry":{"type":"Point","coordinates":[9.4784182,51.3120865]},"properties":{"maxheight":"1","maxwidth":"3"}},{"type":"Feature","geometry":{"type":"Point","coordinates":[9.4778538,51.3121152]},"properties":{"maxheight":"1","maxwidth":"1"}},{"type":"Feature","geometry":{"type":"Point","coordinates":[9.4852223,51.3112178]},"properties":{"maxheight":"2"}},{"type":"Feature","geometry":{"type":"Point","coordinates":[9.4843308,51.3111521]},"properties":{"maxheight":"1","maxwidth":"2"}},{"type":"Feature","geometry":{"type":"Point","coordinates":[9.8646718,51.645989]},"properties":{"maxheight":"1.8","maxwidth":"7"}},{"type":"Feature","geometry":{"type":"Point","coordinates":[9.8636291,51.6461787]},"properties":{"maxheight":"1.8","maxwidth":"7"}},{"type":"Feature","geometry":{"type":"Point","coordinates":[9.7566319,51.5826416]},"properties":{"maxweight":"130 kg"}},{"type":"Feature","geometry":{"type":"Point","coordinates":[9.7566614,51.582617]},"properties":{"maxweight":"130 kg"}},{"type":"Feature","geometry":{"type":"Point","coordinates":[9.7567036,51.5826035]},"properties":{"maxweight":"130 kg"}},{"type":"Feature","geometry":{"type":"Point","coordinates":[9.7567515,51.5825993]},"properties":{"maxweight":"130 kg"}},{"type":"Feature","geometry":{"type":"Point","coordinates":[9.756822,51.5826656]},"properties":{"maxweight":"130 kg"}},{"type":"Feature","geometry":{"type":"Point","coordinates":[9.756779,51.5826947]},"properties":{"maxweight":"130 kg"}},{"type":"Feature","geometry":{"type":"Point","coordinates":[9.7567304,51.5827072]},"properties":{"maxweight":"130 kg"}},{"type":"Feature","geometry":{"type":"Point","coordinates":[9.2327277,51.8193675]},"properties":{"hgv":"no"}},{"type":"Feature","geometry":{"type":"Point","coordinates":[9.2290659,51.8201651]},"properties":{"hgv":"no"}},{"type":"Feature","geometry":{"type":"Point","coordinates":[9.4336871,51.8325217]},"properties":{"maxheight":"2"}},{"type":"Feature","geometry":{"type":"Point","coordinates":[9.3812009,51.4932725]},"properties":{"maxheight":"1.8 m"}},{"type":"Feature","geometry":{"type":"Point","coordinates":[9.9097977,51.5096465]},"properties":{"maxheight":"2.1"}},{"type":"Feature","geometry":{"type":"Point","coordinates":[9.9057475,51.6067911]},"properties":{"maxheight":"3.4 m"}},{"type":"Feature","geometry":{"type":"Point","coordinates":[9.9324849,51.5397094]},"properties":{"maxheight":"2.0"}},{"type":"Feature","geometry":{"type":"Point","coordinates":[9.7822708,51.6379121]},"properties":{"maxweight":"7.5"}},{"type":"Feature","geometry":{"type":"Point","coordinates":[9.4353164,51.2152464]},"properties":{"maxheight":"2.8","maxwidth":"2.2"}},{"type":"Feature","geometry":{"type":"Point","coordinates":[9.8189771,51.644972]},"properties":{"maxweight":"2.8"}},{"type":"Feature","geometry":{"type":"Point","coordinates":[9.4911127,51.3165413]},"properties":{"maxheight":"2"}},{"type":"Feature","geometry":{"type":"Point","coordinates":[9.3764243,51.6624616]},"properties":{"maxheight":"1.2"}},{"type":"Feature","geometry":{"type":"Point","coordinates":[9.1247222,51.989832]},"properties":{"hgv":"no"}},{"type":"Feature","geometry":{"type":"Point","coordinates":[9.1195294,51.9964417]},"properties":{"hgv":"no"}},{"type":"Feature","geometry":{"type":"Point","coordinates":[9.10329,51.9364131]},"properties":{"hgv":"no"}},{"type":"Feature","geometry":{"type":"Point","coordinates":[9.1033678,51.9364292]},"properties":{"hgv":"no"}},{"type":"Feature","geometry":{"type":"Point","coordinates":[9.1034449,51.9364468]},"properties":{"hgv":"no"}},{"type":"Feature","geometry":{"type":"Point","coordinates":[9.0937473,51.9423098]},"properties":{"hgv":"no"}},{"type":"Feature","geometry":{"type":"Point","coordinates":[9.2877378,51.9123872]},"properties":{"hgv":"no"}},{"type":"Feature","geometry":{"type":"Point","coordinates":[9.0104821,51.7370333]},"properties":{"hgv":"no"}},{"type":"Feature","geometry":{"type":"Point","coordinates":[9.0561612,51.7664498]},"properties":{"hgv":"no"}},{"type":"Feature","geometry":{"type":"Point","coordinates":[9.0561713,51.7664102]},"properties":{"hgv":"no"}},{"type":"Feature","geometry":{"type":"Point","coordinates":[9.025034,51.7411797]},"properties":{"hgv":"no"}},{"type":"Feature","geometry":{"type":"Point","coordinates":[9.0250295,51.7411416]},"properties":{"hgv":"no"}},{"type":"Feature","geometry":{"type":"Point","coordinates":[9.0113163,51.7412412]},"properties":{"hgv":"no"}},{"type":"Feature","geometry":{"type":"Point","coordinates":[9.0113874,51.7412776]},"properties":{"hgv":"no"}},{"type":"Feature","geometry":{"type":"Point","coordinates":[9.0164941,51.7210626]},"properties":{"hgv":"no"}},{"type":"Feature","geometry":{"type":"Point","coordinates":[9.0373527,51.7347939]},"properties":{"hgv":"no"}},{"type":"Feature","geometry":{"type":"Point","coordinates":[9.0372746,51.7347828]},"properties":{"hgv":"no"}},{"type":"Feature","geometry":{"type":"Point","coordinates":[9.0281595,51.7356636]},"properties":{"hgv":"no"}},{"type":"Feature","geometry":{"type":"Point","coordinates":[9.0280756,51.7356669]},"properties":{"hgv":"no"}},{"type":"Feature","geometry":{"type":"Point","coordinates":[9.1803545,51.7281801]},"properties":{"hgv":"no"}},{"type":"Feature","geometry":{"type":"Point","coordinates":[9.1838491,51.7191312]},"properties":{"hgv":"no"}},{"type":"Feature","geometry":{"type":"Point","coordinates":[9.1934378,51.7166274]},"properties":{"hgv":"no"}},{"type":"Feature","geometry":{"type":"Point","coordinates":[9.1796773,51.7145908]},"properties":{"hgv":"no"}},{"type":"Feature","geometry":{"type":"Point","coordinates":[9.1823937,51.7169638]},"properties":{"hgv":"no"}},{"type":"Feature","geometry":{"type":"Point","coordinates":[9.3969128,51.7843441]},"properties":{"hgv":"no"}},{"type":"Feature","geometry":{"type":"Point","coordinates":[9.3969993,51.7843665]},"properties":{"hgv":"no"}},{"type":"Feature","geometry":{"type":"Point","coordinates":[9.3970878,51.7843873]},"properties":{"hgv":"no"}},{"type":"Feature","geometry":{"type":"Point","coordinates":[9.3799431,51.7753652]},"properties":{"hgv":"no"}},{"type":"Feature","geometry":{"type":"Point","coordinates":[9.3798993,51.7753943]},"properties":{"hgv":"no"}},{"type":"Feature","geometry":{"type":"Point","coordinates":[9.3852579,51.7726607]},"properties":{"hgv":"no"}},{"type":"Feature","geometry":{"type":"Point","coordinates":[9.3750094,51.7895547]},"properties":{"hgv":"no"}},{"type":"Feature","geometry":{"type":"Point","coordinates":[9.3654546,51.7858009]},"properties":{"hgv":"no"}},{"type":"Feature","geometry":{"type":"Point","coordinates":[9.3672395,51.7846341]},"properties":{"hgv":"no"}},{"type":"Feature","geometry":{"type":"Point","coordinates":[9.3672942,51.7846653]},"properties":{"hgv":"no"}},{"type":"Feature","geometry":{"type":"Point","coordinates":[9.3822302,51.7786461]},"properties":{"hgv":"no"}},{"type":"Feature","geometry":{"type":"Point","coordinates":[9.1332147,51.8075789]},"properties":{"hgv":"no"}},{"type":"Feature","geometry":{"type":"Point","coordinates":[9.1332087,51.807606]},"properties":{"hgv":"no"}},{"type":"Feature","geometry":{"type":"Point","coordinates":[9.0896127,51.8581563]},"properties":{"hgv":"no"}},{"type":"Feature","geometry":{"type":"Point","coordinates":[9.0900023,51.856794]},"properties":{"hgv":"no"}},{"type":"Feature","geometry":{"type":"Point","coordinates":[9.0899406,51.8568249]},"properties":{"hgv":"no"}},{"type":"Feature","geometry":{"type":"Point","coordinates":[9.099258,51.8667517]},"properties":{"hgv":"no"}},{"type":"Feature","geometry":{"type":"Point","coordinates":[9.0939517,51.867731]},"properties":{"hgv":"no"}},{"type":"Feature","geometry":{"type":"Point","coordinates":[9.0885667,51.8675137]},"properties":{"hgv":"no"}},{"type":"Feature","geometry":{"type":"Point","coordinates":[9.1004943,51.4836144]},"properties":{"hgv":"no"}},{"type":"Feature","geometry":{"type":"Point","coordinates":[9.0292094,51.523403]},"properties":{"hgv":"no"}},{"type":"Feature","geometry":{"type":"Point","coordinates":[9.0291799,51.5233588]},"properties":{"hgv":"no"}},{"type":"Feature","geometry":{"type":"Point","coordinates":[9.0589318,51.5220959]},"properties":{"hgv":"no"}},{"type":"Feature","geometry":{"type":"Point","coordinates":[9.1540997,51.4925669]},"properties":{"hgv":"no"}},{"type":"Feature","geometry":{"type":"Point","coordinates":[9.1391156,51.4883968]},"properties":{"hgv":"no"}},{"type":"Feature","geometry":{"type":"Point","coordinates":[9.1438235,51.4897947]},"properties":{"hgv":"no"}},{"type":"Feature","geometry":{"type":"Point","coordinates":[9.1438768,51.489812]},"properties":{"hgv":"no"}},{"type":"Feature","geometry":{"type":"Point","coordinates":[9.4553242,51.3149392]},"properties":{"maxwidth":"1"}},{"type":"Feature","geometry":{"type":"Point","coordinates":[9.4562088,51.3149267]},"properties":{"maxwidth":"1"}},{"type":"Feature","geometry":{"type":"Point","coordinates":[9.4570866,51.3149083]},"properties":{"maxwidth":"1"}},{"type":"Feature","geometry":{"type":"Point","coordinates":[9.4708577,51.3114179]},"properties":{"maxheight":"1.9"}},{"type":"Feature","geometry":{"type":"Point","coordinates":[9.8819825,51.5286156]},"properties":{"hgv":"no"}},{"type":"Feature","geometry":{"type":"Point","coordinates":[9.1905667,51.7148469]},"properties":{"hgv":"no"}},{"type":"Feature","geometry":{"type":"Point","coordinates":[9.190541,51.7147959]},"properties":{"hgv":"no"}},{"type":"Feature","geometry":{"type":"Point","coordinates":[9.5248036,51.2719816]},"properties":{"maxheight":"2.8"}},{"type":"Feature","geometry":{"type":"Point","coordinates":[9.4458892,51.2118568]},"properties":{"maxheight":"2.8","maxwidth":"2.2"}},{"type":"Feature","geometry":{"type":"Point","coordinates":[9.2347624,51.9659477]},"properties":{"hgv":"no"}},{"type":"Feature","geometry":{"type":"Point","coordinates":[9.2346737,51.9659373]},"properties":{"hgv":"no"}},{"type":"Feature","geometry":{"type":"Point","coordinates":[9.7417588,51.002257]},"properties":{"hgv":"yes"}},{"type":"Feature","geometry":{"type":"Point","coordinates":[9.7417291,51.0022832]},"properties":{"hgv":"yes"}},{"type":"Feature","geometry":{"type":"Point","coordinates":[9.7416863,51.0023138]},"properties":{"hgv":"yes"}},{"type":"Feature","geometry":{"type":"Point","coordinates":[9.5205468,51.3172153]},"properties":{"hgv":"no"}},{"type":"Feature","geometry":{"type":"Point","coordinates":[9.3775603,51.766558]},"properties":{"hgv":"no"}},{"type":"Feature","geometry":{"type":"Point","coordinates":[9.3775391,51.7664218]},"properties":{"hgv":"no"}},{"type":"Feature","geometry":{"type":"Point","coordinates":[9.3775248,51.7662872]},"properties":{"hgv":"no"}},{"type":"Feature","geometry":{"type":"Point","coordinates":[9.3776182,51.7668256]},"properties":{"hgv":"no"}},{"type":"Feature","geometry":{"type":"Point","coordinates":[9.3776615,51.7669583]},"properties":{"hgv":"no"}},{"type":"Feature","geometry":{"type":"Point","coordinates":[9.5718558,51.3196965]},"properties":{"maxwidth":"6"}},{"type":"Feature","geometry":{"type":"Point","coordinates":[9.5720618,51.3188968]},"properties":{"maxwidth":"6"}},{"type":"Feature","geometry":{"type":"Point","coordinates":[9.5133005,51.2608725]},"properties":{"maxweight":"44"}},{"type":"Feature","geometry":{"type":"Point","coordinates":[9.5165413,51.2660012]},"properties":{"maxheight":"default"}},{"type":"Feature","geometry":{"type":"Point","coordinates":[9.5195417,51.2596636]},"properties":{"maxweight":"44"}},{"type":"Feature","geometry":{"type":"Point","coordinates":[9.3987098,51.2789745]},"properties":{"maxheight":"default"}},{"type":"Feature","geometry":{"type":"Point","coordinates":[9.5168128,51.2607085]},"properties":{"maxweight":"44"}},{"type":"Feature","geometry":{"type":"Point","coordinates":[9.5163169,51.2606124]},"properties":{"maxweight":"44"}},{"type":"Feature","geometry":{"type":"Point","coordinates":[9.4847398,51.0319534]},"properties":{"maxheight":"default"}},{"type":"Feature","geometry":{"type":"Point","coordinates":[9.4485861,51.2581017]},"properties":{"hgv":"destination"}},{"type":"Feature","geometry":{"type":"Point","coordinates":[9.9732416,51.7339393]},"properties":{"maxheight":"default"}},{"type":"Feature","geometry":{"type":"Point","coordinates":[9.9971294,51.4046573]},"properties":{"maxheight":"none"}},{"type":"Feature","geometry":{"type":"Point","coordinates":[9.995726,51.4045808]},"properties":{"maxheight":"none"}},{"type":"Feature","geometry":{"type":"Point","coordinates":[9.9582891,51.7308866]},"properties":{"maxheight":"default"}},{"type":"Feature","geometry":{"type":"Point","coordinates":[9.4442976,51.6686037]},"properties":{"maxweight":"3.5"}},{"type":"Feature","geometry":{"type":"Point","coordinates":[9.4527426,51.644305]},"properties":{"maxweight":"24"}},{"type":"Feature","geometry":{"type":"Point","coordinates":[9.6441615,51.936567]},"properties":{"hgv":"agricultural"}},{"type":"Feature","geometry":{"type":"Point","coordinates":[9.8578528,51.8864708]},"properties":{"maxheight":"3.3"}},{"type":"Feature","geometry":{"type":"Point","coordinates":[9.4741262,51.891651]},"properties":{"hgv":"agricultural;forestry"}},{"type":"Feature","geometry":{"type":"Point","coordinates":[9.9106424,51.8059843]},"properties":{"maxheight":"default"}},{"type":"Feature","geometry":{"type":"Point","coordinates":[9.4390313,51.3831042]},"properties":{"maxheight":"4"}},{"type":"Feature","geometry":{"type":"Point","coordinates":[9.5592261,51.3081851]},"properties":{"maxheight":"default"}},{"type":"Feature","geometry":{"type":"Point","coordinates":[9.4461523,51.3133093]},"properties":{"maxheight":"4"}},{"type":"Feature","geometry":{"type":"Point","coordinates":[9.9283692,51.5384149]},"properties":{"maxheight":"default"}},{"type":"Feature","geometry":{"type":"Point","coordinates":[9.172077,51.8657638]},"properties":{"hgv":"destination"}},{"type":"Feature","geometry":{"type":"Point","coordinates":[9.1519754,51.6965062]},"properties":{"maxweight":"2.5"}},{"type":"Feature","geometry":{"type":"Point","coordinates":[9.9687054,51.8420579]},"properties":{"maxweight":"16"}},{"type":"Feature","geometry":{"type":"Point","coordinates":[9.3728803,51.4948411]},"properties":{"hgv":"destination"}},{"type":"Feature","geometry":{"type":"Point","coordinates":[9.0159767,51.7203621]},"properties":{"maxheight":"default"}},{"type":"Feature","geometry":{"type":"Point","coordinates":[9.1197508,51.7110044]},"properties":{"maxheight":"default"}},{"type":"Feature","geometry":{"type":"Point","coordinates":[9.927974,51.5412641]},"properties":{"maxheight":"3.5"}},{"type":"Feature","geometry":{"type":"Point","coordinates":[9.0156381,51.7195554]},"properties":{"maxweightrating:hgv":"7.5"}},{"type":"Feature","geometry":{"type":"Point","coordinates":[9.9158316,51.5409471]},"properties":{"hgv":"destination"}},{"type":"Feature","geometry":{"type":"Point","coordinates":[9.1555559,51.6966003]},"properties":{"maxheight":"default"}},{"type":"Feature","geometry":{"type":"Point","coordinates":[9.0977554,51.7068291]},"properties":{"maxheight":"default"}},{"type":"Feature","geometry":{"type":"Point","coordinates":[9.9370998,51.530274]},"properties":{"maxweight":"7.5"}},{"type":"Feature","geometry":{"type":"Point","coordinates":[9.2539554,51.281692]},"properties":{"hgv":"agricultural;forestry"}},{"type":"Feature","geometry":{"type":"Point","coordinates":[9.4814524,51.3286799]},"properties":{"hgv":"no"}},{"type":"Feature","geometry":{"type":"Point","coordinates":[9.2591786,51.2287507]},"properties":{"maxweight":"16"}},{"type":"Feature","geometry":{"type":"Point","coordinates":[9.4769992,51.29418]},"properties":{"maxheight":"default"}},{"type":"Feature","geometry":{"type":"Point","coordinates":[9.9990855,51.7046491]},"properties":{"maxweight":"7.5"}},{"type":"Feature","geometry":{"type":"Point","coordinates":[9.9977178,51.7051404]},"properties":{"maxweight":"7.5"}},{"type":"Feature","geometry":{"type":"Point","coordinates":[9.4644687,51.4266423]},"properties":{"maxweight":"5"}},{"type":"Feature","geometry":{"type":"Point","coordinates":[9.6031499,51.4924602]},"properties":{"maxweight":"3.5 t"}},{"type":"Feature","geometry":{"type":"Point","coordinates":[9.8948115,51.535815]},"properties":{"hgv":"destination"}},{"type":"Feature","geometry":{"type":"Point","coordinates":[9.8976504,51.5326693]},"properties":{"hgv":"destination"}},{"type":"Feature","geometry":{"type":"Point","coordinates":[9.9202255,51.5361403]},"properties":{"hgv":"destination"}},{"type":"Feature","geometry":{"type":"Point","coordinates":[9.9067275,51.54427]},"properties":{"hgv":"destination"}},{"type":"Feature","geometry":{"type":"Point","coordinates":[9.9050105,51.5397896]},"properties":{"maxweight":"7.5 t"}},{"type":"Feature","geometry":{"type":"Point","coordinates":[9.8964943,51.5363337]},"properties":{"hgv":"no"}},{"type":"Feature","geometry":{"type":"Point","coordinates":[9.8912128,51.5392442]},"properties":{"hgv":"no"}},{"type":"Feature","geometry":{"type":"Point","coordinates":[9.8915881,51.5409757]},"properties":{"hgv":"no"}},{"type":"Feature","geometry":{"type":"Point","coordinates":[9.8932696,51.5377457]},"properties":{"hgv":"no"}},{"type":"Feature","geometry":{"type":"Point","coordinates":[9.9186213,51.5649748]},"properties":{"hgv":"no"}},{"type":"Feature","geometry":{"type":"Point","coordinates":[9.9210129,51.5662424]},"properties":{"hgv":"no"}},{"type":"Feature","geometry":{"type":"Point","coordinates":[9.8834967,51.5286968]},"properties":{"hgv":"no","maxheight":"3.4 m"}},{"type":"Feature","geometry":{"type":"Point","coordinates":[9.882736,51.5272302]},"properties":{"hgv":"destination"}},{"type":"Feature","geometry":{"type":"Point","coordinates":[9.8819317,51.5265631]},"properties":{"hgv":"destination"}},{"type":"Feature","geometry":{"type":"Point","coordinates":[9.8841343,51.527027]},"properties":{"hgv":"destination"}},{"type":"Feature","geometry":{"type":"Point","coordinates":[9.8818663,51.527688]},"properties":{"hgv":"destination"}},{"type":"Feature","geometry":{"type":"Point","coordinates":[9.8836596,51.5289971]},"properties":{"hgv":"no"}},{"type":"Feature","geometry":{"type":"Point","coordinates":[9.882655,51.5283269]},"properties":{"hgv":"no"}},{"type":"Feature","geometry":{"type":"Point","coordinates":[9.8777743,51.5319038]},"properties":{"hgv":"no"}},{"type":"Feature","geometry":{"type":"Point","coordinates":[9.882599,51.5285063]},"properties":{"hgv":"no"}},{"type":"Feature","geometry":{"type":"Point","coordinates":[9.8827572,51.5288318]},"properties":{"hgv":"no"}},{"type":"Feature","geometry":{"type":"Point","coordinates":[9.8825851,51.5289316]},"properties":{"hgv":"no"}},{"type":"Feature","geometry":{"type":"Point","coordinates":[9.8825945,51.5291541]},"properties":{"hgv":"no"}},{"type":"Feature","geometry":{"type":"Point","coordinates":[9.882424,51.5292586]},"properties":{"hgv":"no"}},{"type":"Feature","geometry":{"type":"Point","coordinates":[9.8824472,51.5294918]},"properties":{"hgv":"no"}},{"type":"Feature","geometry":{"type":"Point","coordinates":[9.882274,51.5295923]},"properties":{"hgv":"no"}},{"type":"Feature","geometry":{"type":"Point","coordinates":[9.883649,51.5288226]},"properties":{"hgv":"no"}},{"type":"Feature","geometry":{"type":"Point","coordinates":[9.8820233,51.5281213]},"properties":{"hgv":"no"}},{"type":"Feature","geometry":{"type":"Point","coordinates":[9.88273,51.5279593]},"properties":{"hgv":"no"}},{"type":"Feature","geometry":{"type":"Point","coordinates":[9.8831539,51.5282403]},"properties":{"hgv":"no"}},{"type":"Feature","geometry":{"type":"Point","coordinates":[9.8834795,51.5284576]},"properties":{"hgv":"no"}},{"type":"Feature","geometry":{"type":"Point","coordinates":[9.882265,51.5298062]},"properties":{"hgv":"no"}},{"type":"Feature","geometry":{"type":"Point","coordinates":[9.8820925,51.5299066]},"properties":{"hgv":"no"}},{"type":"Feature","geometry":{"type":"Point","coordinates":[9.882085,51.5301198]},"properties":{"hgv":"no"}},{"type":"Feature","geometry":{"type":"Point","coordinates":[9.8772154,51.4915651]},"properties":{"maxheight":"default"}},{"type":"Feature","geometry":{"type":"Point","coordinates":[9.9263408,51.5392846]},"properties":{"maxheight":"default"}},{"type":"Feature","geometry":{"type":"Point","coordinates":[9.9052844,51.4442299]},"properties":{"hgv":"destination"}},{"type":"Feature","geometry":{"type":"Point","coordinates":[9.9215443,51.476352]},"properties":{"maxweight":"16 t"}},{"type":"Feature","geometry":{"type":"Point","coordinates":[9.9087513,51.5233739]},"properties":{"maxweight":"6 t"}},{"type":"Feature","geometry":{"type":"Point","coordinates":[9.9085679,51.5233559]},"properties":{"maxweight":"6 t"}},{"type":"Feature","geometry":{"type":"Point","coordinates":[9.6440526,51.9271788]},"properties":{"maxweight":"7.5"}},{"type":"Feature","geometry":{"type":"Point","coordinates":[9.4788753,51.2961079]},"properties":{"maxweight":"16 t"}},{"type":"Feature","geometry":{"type":"Point","coordinates":[9.4713525,51.2536128]},"properties":{"maxheight":"3.4"}},{"type":"Feature","geometry":{"type":"Point","coordinates":[9.4722821,51.2527888]},"properties":{"maxweight":"2.8"}},{"type":"Feature","geometry":{"type":"Point","coordinates":[9.4117506,51.2899931]},"properties":{"hgv":"no"}},{"type":"Feature","geometry":{"type":"Point","coordinates":[9.927577,51.5313124]},"properties":{"maxheight":"default"}},{"type":"Feature","geometry":{"type":"Point","coordinates":[9.8829314,51.5289476]},"properties":{"hgv":"no"}},{"type":"Feature","geometry":{"type":"Point","coordinates":[9.4453949,51.258433]},"properties":{"maxheight":"default"}},{"type":"Feature","geometry":{"type":"Point","coordinates":[9.4402348,51.3388791]},"properties":{"hgv":"destination"}},{"type":"Feature","geometry":{"type":"Point","coordinates":[9.4399225,51.3371956]},"properties":{"hgv":"no"}},{"type":"Feature","geometry":{"type":"Point","coordinates":[9.9241319,51.391316]},"properties":{"maxheight":"3.5"}},{"type":"Feature","geometry":{"type":"Point","coordinates":[9.8571102,51.3440156]},"properties":{"maxweight":"12"}},{"type":"Feature","geometry":{"type":"Point","coordinates":[9.8571318,51.343952]},"properties":{"maxweight":"12"}},{"type":"Feature","geometry":{"type":"Point","coordinates":[9.9435656,51.4740015]},"properties":{"maxheight":"2.1 m"}},{"type":"Feature","geometry":{"type":"Point","coordinates":[9.48496,51.0849722]},"properties":{"maxheight":"default"}},{"type":"Feature","geometry":{"type":"Point","coordinates":[9.3977198,51.2588398]},"properties":{"maxheight":"default"}},{"type":"Feature","geometry":{"type":"Point","coordinates":[9.4651404,51.2064168]},"properties":{"hgv":"delivery"}},{"type":"Feature","geometry":{"type":"Point","coordinates":[9.5284542,51.2794396]},"properties":{"maxheight":"default"}},{"type":"Feature","geometry":{"type":"Point","coordinates":[9.8723674,51.5082973]},"properties":{"hgv":"agricultural"}},{"type":"Feature","geometry":{"type":"Point","coordinates":[9.9221381,51.5439874]},"properties":{"hgv":"no","maxheight":"2.1 m"}},{"type":"Feature","geometry":{"type":"Point","coordinates":[9.8385244,51.5858124]},"properties":{"maxweight":"7.5"}},{"type":"Feature","geometry":{"type":"Point","coordinates":[9.474294,51.3168035]},"properties":{"hgv":"no"}},{"type":"Feature","geometry":{"type":"Point","coordinates":[9.4498468,51.276594]},"properties":{"maxweight":"3.5"}},{"type":"Feature","geometry":{"type":"Point","coordinates":[9.3070216,51.2903448]},"properties":{"maxweight":"7.5"}},{"type":"Feature","geometry":{"type":"Point","coordinates":[9.3122787,51.283129]},"properties":{"maxweight":"7.5"}},{"type":"Feature","geometry":{"type":"Point","coordinates":[9.3060655,51.3148776]},"properties":{"maxweight":"7.5"}},{"type":"Feature","geometry":{"type":"Point","coordinates":[9.6488366,51.4203286]},"properties":{"maxheight":"none"}},{"type":"Feature","geometry":{"type":"Point","coordinates":[9.6495606,51.4176338]},"properties":{"maxweight":"7.5"}},{"type":"Feature","geometry":{"type":"Point","coordinates":[9.8344775,51.5483803]},"properties":{"hgv":"no"}},{"type":"Feature","geometry":{"type":"Point","coordinates":[9.4828253,51.3096256]},"properties":{"hgv":"no"}},{"type":"Feature","geometry":{"type":"Point","coordinates":[9.8337827,51.5814478]},"properties":{"maxweight":"7.5 t"}},{"type":"Feature","geometry":{"type":"Point","coordinates":[9.8400471,51.57037]},"properties":{"maxweight":"7.5 t"}},{"type":"Feature","geometry":{"type":"Point","coordinates":[9.8427201,51.5659594]},"properties":{"maxweight":"7.5 t"}},{"type":"Feature","geometry":{"type":"Point","coordinates":[9.805527,51.583244]},"properties":{"hgv":"destination"}},{"type":"Feature","geometry":{"type":"Point","coordinates":[9.4543747,51.3049474]},"properties":{"hgv":"destination"}},{"type":"Feature","geometry":{"type":"Point","coordinates":[9.0851253,51.9406646]},"properties":{"hgv":"destination"}},{"type":"Feature","geometry":{"type":"Point","coordinates":[9.0896516,51.9565884]},"properties":{"hgv":"destination"}},{"type":"Feature","geometry":{"type":"Point","coordinates":[9.0843575,51.9624136]},"properties":{"hgv":"destination"}},{"type":"Feature","geometry":{"type":"Point","coordinates":[9.9219176,51.5625284]},"properties":{"maxweight":"2.8 t"}},{"type":"Feature","geometry":{"type":"Point","coordinates":[9.9200367,51.5626296]},"properties":{"maxheight":"2.3 m","maxweight":"2.8 t"}},{"type":"Feature","geometry":{"type":"Point","coordinates":[9.0075109,51.171793]},"properties":{"maxheight":"2.5"}},{"type":"Feature","geometry":{"type":"Point","coordinates":[9.8193912,51.6434466]},"properties":{"maxweight":"16 t"}},{"type":"Feature","geometry":{"type":"Point","coordinates":[9.8894663,51.5606063]},"properties":{"hgv":"no"}},{"type":"Feature","geometry":{"type":"Point","coordinates":[9.9310647,51.4046738]},"properties":{"maxweightrating:hgv":"7.5 t"}},{"type":"Feature","geometry":{"type":"Point","coordinates":[9.926883,51.403737]},"properties":{"maxweightrating:hgv":"7.5 t"}},{"type":"Feature","geometry":{"type":"Point","coordinates":[9.8548666,51.4436504]},"properties":{"maxheight":"default"}},{"type":"Feature","geometry":{"type":"Point","coordinates":[9.8660394,51.4547237]},"properties":{"maxheight":"default"}},{"type":"Feature","geometry":{"type":"Point","coordinates":[9.9792552,51.518179]},"properties":{"maxweight":"7.5 t"}},{"type":"Feature","geometry":{"type":"Point","coordinates":[9.0921525,51.7105597]},"properties":{"hgv":"no"}},{"type":"Feature","geometry":{"type":"Point","coordinates":[9.5466144,51.5486628]},"properties":{"maxweight":"7.5"}},{"type":"Feature","geometry":{"type":"Point","coordinates":[9.6048612,51.4981239]},"properties":{"maxweight":"16"}},{"type":"Feature","geometry":{"type":"Point","coordinates":[9.6063642,51.4985248]},"properties":{"maxweight":"16 t"}},{"type":"Feature","geometry":{"type":"Point","coordinates":[9.8244249,51.9910242]},"properties":{"maxweight":"7.5"}},{"type":"Feature","geometry":{"type":"Point","coordinates":[9.8106149,51.4234375]},"properties":{"maxweight":"7.5 t"}},{"type":"Feature","geometry":{"type":"Point","coordinates":[9.8907931,51.4227087]},"properties":{"maxweight":"3.5 t"}},{"type":"Feature","geometry":{"type":"Point","coordinates":[9.1798858,51.7111584]},"properties":{"maxheight":"3.8"}},{"type":"Feature","geometry":{"type":"Point","coordinates":[9.5172688,51.260565]},"properties":{"maxweight":"44"}},{"type":"Feature","geometry":{"type":"Point","coordinates":[9.2367439,51.8295883]},"properties":{"hgv":"agricultural"}},{"type":"Feature","geometry":{"type":"Point","coordinates":[9.040024,51.8797097]},"properties":{"hgv":"destination","maxweight":"7"}},{"type":"Feature","geometry":{"type":"Point","coordinates":[9.8491652,51.423552]},"properties":{"hgv":"no"}},{"type":"Feature","geometry":{"type":"Point","coordinates":[9.8780497,51.8215528]},"properties":{"maxweight":"3.5"}},{"type":"Feature","geometry":{"type":"Point","coordinates":[9.9410226,51.9997277]},"properties":{"maxweight":"3.5"}},{"type":"Feature","geometry":{"type":"Point","coordinates":[9.1482161,51.8496799]},"properties":{"hgv":"agricultural"}},{"type":"Feature","geometry":{"type":"Point","coordinates":[9.0893999,51.8688867]},"properties":{"maxheight":"default"}},{"type":"Feature","geometry":{"type":"Point","coordinates":[9.4371336,51.4557271]},"properties":{"maxheight":"3.7"}},{"type":"Feature","geometry":{"type":"Point","coordinates":[9.42108,51.4465624]},"properties":{"maxheight":"3.7"}},{"type":"Feature","geometry":{"type":"Point","coordinates":[9.9776879,51.7048227]},"properties":{"maxheight":"default"}},{"type":"Feature","geometry":{"type":"Point","coordinates":[9.3403145,51.7092415]},"properties":{"maxheight":"3.6"}},{"type":"Feature","geometry":{"type":"Point","coordinates":[9.3849191,51.7084645]},"properties":{"maxheight":"3.8"}},{"type":"Feature","geometry":{"type":"Point","coordinates":[9.3850801,51.7085839]},"properties":{"maxheight":"3.8"}},{"type":"Feature","geometry":{"type":"Point","coordinates":[9.3873975,51.7329033]},"properties":{"maxheight":"default"}},{"type":"Feature","geometry":{"type":"Point","coordinates":[9.3829436,51.7731257]},"properties":{"hgv":"no","maxwidth":"2.1","maxweight":"3.5"}},{"type":"Feature","geometry":{"type":"Point","coordinates":[9.3138035,51.7102923]},"properties":{"maxheight":"4.5"}},{"type":"Feature","geometry":{"type":"Point","coordinates":[9.2823557,51.9815903]},"properties":{"maxheight":"3.6"}},{"type":"Feature","geometry":{"type":"Point","coordinates":[9.2505968,51.9623616]},"properties":{"maxweight":"7.5"}},{"type":"Feature","geometry":{"type":"Point","coordinates":[9.6966931,51.3975119]},"properties":{"maxheight":"default"}},{"type":"Feature","geometry":{"type":"Point","coordinates":[9.5238004,51.8745651]},"properties":{"hgv":"no","goods":"no"}},{"type":"Feature","geometry":{"type":"Point","coordinates":[9.5285048,51.8785486]},"properties":{"hgv":"no","goods":"no"}},{"type":"Feature","geometry":{"type":"Point","coordinates":[9.4090391,51.8965727]},"properties":{"hgv":"yes","maxwidth":"4","maxlength":"21","maxweight":"40"}},{"type":"Feature","geometry":{"type":"Point","coordinates":[9.4974069,51.3170845]},"properties":{"maxheight":"1.95"}},{"type":"Feature","geometry":{"type":"Point","coordinates":[9.4958054,51.3170724]},"properties":{"maxheight":"1.95"}},{"type":"Feature","geometry":{"type":"Point","coordinates":[9.4978241,51.3119808]},"properties":{"maxheight":"2.1","maxweight":"2.5"}},{"type":"Feature","geometry":{"type":"Point","coordinates":[9.1275583,51.4102203]},"properties":{"maxweight":"7.5"}},{"type":"Feature","geometry":{"type":"Point","coordinates":[9.0803751,51.939917]},"properties":{"maxheight":"default"}},{"type":"Feature","geometry":{"type":"Point","coordinates":[9.2792068,51.124209]},"properties":{"hgv":"destination"}},{"type":"Feature","geometry":{"type":"Point","coordinates":[9.0895165,51.9410686]},"properties":{"hgv":"no"}},{"type":"Feature","geometry":{"type":"Point","coordinates":[9.4885173,51.3077579]},"properties":{"maxheight":"default"}},{"type":"Feature","geometry":{"type":"Point","coordinates":[9.4614647,51.3162878]},"properties":{"maxheight":"1.8","maxweight":"2"}},{"type":"Feature","geometry":{"type":"Point","coordinates":[9.8223218,51.4658751]},"properties":{"maxweight":"10 t"}},{"type":"Feature","geometry":{"type":"Point","coordinates":[9.14877,51.9150427]},"properties":{"hgv":"destination","goods":"destination"}},{"type":"Feature","geometry":{"type":"Point","coordinates":[9.2486134,51.9628525]},"properties":{"maxweight":"7.5"}},{"type":"Feature","geometry":{"type":"Point","coordinates":[9.2484812,51.9628908]},"properties":{"hgv":"destination","maxweight":"7.5"}},{"type":"Feature","geometry":{"type":"Point","coordinates":[9.2508466,51.9607495]},"properties":{"maxweight":"7.5"}},{"type":"Feature","geometry":{"type":"Point","coordinates":[9.9611068,51.5377895]},"properties":{"hgv":"destination","maxweight":"3.5"}},{"type":"Feature","geometry":{"type":"Point","coordinates":[9.9642422,51.5468092]},"properties":{"maxweight":"3.5 t"}},{"type":"Feature","geometry":{"type":"Point","coordinates":[9.2695057,51.9771528]},"properties":{"maxweight":"3.5"}},{"type":"Feature","geometry":{"type":"Point","coordinates":[9.2658778,51.9725818]},"properties":{"maxweight":"3.5"}},{"type":"Feature","geometry":{"type":"Point","coordinates":[9.088165,51.8819252]},"properties":{"maxweight":"7"}},{"type":"Feature","geometry":{"type":"Point","coordinates":[9.0902159,51.8859615]},"properties":{"maxweight":"7"}},{"type":"Feature","geometry":{"type":"Point","coordinates":[9.090246,51.8869016]},"properties":{"maxheight":"default"}},{"type":"Feature","geometry":{"type":"Point","coordinates":[9.0188601,51.9775347]},"properties":{"maxheight":"default"}},{"type":"Feature","geometry":{"type":"Point","coordinates":[9.0970295,51.9459605]},"properties":{"maxlength":"10"}},{"type":"Feature","geometry":{"type":"Point","coordinates":[9.0777878,51.1123839]},"properties":{"maxweight":"7.5"}},{"type":"Feature","geometry":{"type":"Point","coordinates":[9.3289148,51.8784468]},"properties":{"maxweight":"7.5"}},{"type":"Feature","geometry":{"type":"Point","coordinates":[9.1513653,51.9233791]},"properties":{"hgv":"destination"}},{"type":"Feature","geometry":{"type":"Point","coordinates":[9.9333451,51.5366619]},"properties":{"maxheight":"1.8 m"}},{"type":"Feature","geometry":{"type":"Point","coordinates":[9.0533286,51.8918072]},"properties":{"maxweight":"5.5"}},{"type":"Feature","geometry":{"type":"Point","coordinates":[9.0531346,51.8975458]},"properties":{"maxweight":"5.5"}},{"type":"Feature","geometry":{"type":"Point","coordinates":[9.088735,51.8930931]},"properties":{"maxheight":"default"}},{"type":"Feature","geometry":{"type":"Point","coordinates":[9.9536854,51.5238782]},"properties":{"maxwidth":"2","maxweight":"1.5 t"}},{"type":"Feature","geometry":{"type":"Point","coordinates":[9.0939279,51.8906402]},"properties":{"maxweight":"7"}},{"type":"Feature","geometry":{"type":"Point","coordinates":[9.0931379,51.8894545]},"properties":{"maxweight":"7"}},{"type":"Feature","geometry":{"type":"Point","coordinates":[9.096578,51.8859013]},"properties":{"maxheight":"default"}},{"type":"Feature","geometry":{"type":"Point","coordinates":[9.4067624,51.036629]},"properties":{"maxweight":"3.5"}},{"type":"Feature","geometry":{"type":"Point","coordinates":[9.4076955,51.0376291]},"properties":{"maxweight":"3.5"}},{"type":"Feature","geometry":{"type":"Point","coordinates":[9.3173673,51.8336557]},"properties":{"hgv":"destination"}},{"type":"Feature","geometry":{"type":"Point","coordinates":[9.101142,51.9509813]},"properties":{"maxweight":"7.5"}},{"type":"Feature","geometry":{"type":"Point","coordinates":[9.3126013,51.8280584]},"properties":{"maxweight":"7.5"}},{"type":"Feature","geometry":{"type":"Point","coordinates":[9.3130984,51.8281866]},"properties":{"maxweight":"7.5"}},{"type":"Feature","geometry":{"type":"Point","coordinates":[9.3115388,51.8277171]},"properties":{"maxweight":"7.5"}},{"type":"Feature","geometry":{"type":"Point","coordinates":[9.1678538,51.7137945]},"properties":{"maxheight":"default"}},{"type":"Feature","geometry":{"type":"Point","coordinates":[9.4467623,51.3653576]},"properties":{"maxheight":"3.8"}},{"type":"Feature","geometry":{"type":"Point","coordinates":[9.4469729,51.3654302]},"properties":{"maxweight":"12"}},{"type":"Feature","geometry":{"type":"Point","coordinates":[9.1041088,51.9326083]},"properties":{"maxweight":"7.5"}},{"type":"Feature","geometry":{"type":"Point","coordinates":[9.5649192,51.2916223]},"properties":{"maxweight":"3.5"}},{"type":"Feature","geometry":{"type":"Point","coordinates":[9.10231,51.9336055]},"properties":{"maxweight":"7.5"}},{"type":"Feature","geometry":{"type":"Point","coordinates":[9.3173179,51.8299032]},"properties":{"maxweight":"7.5"}},{"type":"Feature","geometry":{"type":"Point","coordinates":[9.3243822,51.8253299]},"properties":{"maxweight":"7.5"}},{"type":"Feature","geometry":{"type":"Point","coordinates":[9.3221253,51.8247704]},"properties":{"maxweight":"7.5"}},{"type":"Feature","geometry":{"type":"Point","coordinates":[9.2766982,51.1348171]},"properties":{"hgv":"no"}},{"type":"Feature","geometry":{"type":"Point","coordinates":[9.2755848,51.1330542]},"properties":{"maxweight":"12"}},{"type":"Feature","geometry":{"type":"Point","coordinates":[9.2752306,51.1331337]},"properties":{"maxweight":"12"}},{"type":"Feature","geometry":{"type":"Point","coordinates":[9.3196212,51.8307424]},"properties":{"maxweight":"7.5"}},{"type":"Feature","geometry":{"type":"Point","coordinates":[9.8706319,51.7520595]},"properties":{"maxweight":"6"}},{"type":"Feature","geometry":{"type":"Point","coordinates":[9.8590869,51.7579911]},"properties":{"maxweight":"7.5"}},{"type":"Feature","geometry":{"type":"Point","coordinates":[9.8489451,51.7643408]},"properties":{"maxweight":"7.5"}},{"type":"Feature","geometry":{"type":"Point","coordinates":[9.8311412,51.7675888]},"properties":{"maxweight":"7.5"}},{"type":"Feature","geometry":{"type":"Point","coordinates":[9.1976463,51.5487162]},"properties":{"hgv":"agricultural"}},{"type":"Feature","geometry":{"type":"Point","coordinates":[9.1715442,51.5696321]},"properties":{"hgv":"agricultural"}},{"type":"Feature","geometry":{"type":"Point","coordinates":[9.5491712,51.8998936]},"properties":{"hgv":"no","goods":"no"}},{"type":"Feature","geometry":{"type":"Point","coordinates":[9.5695272,51.8901594]},"properties":{"hgv":"destination","goods":"destination"}},{"type":"Feature","geometry":{"type":"Point","coordinates":[9.5745919,51.8909372]},"properties":{"maxweight":"10"}},{"type":"Feature","geometry":{"type":"Point","coordinates":[9.4853967,51.3562476]},"properties":{"hgv":"no"}},{"type":"Feature","geometry":{"type":"Point","coordinates":[9.1448127,51.9106595]},"properties":{"maxweight":"1.5"}},{"type":"Feature","geometry":{"type":"Point","coordinates":[9.4875805,51.3347294]},"properties":{"hgv":"no"}},{"type":"Feature","geometry":{"type":"Point","coordinates":[9.485734,51.3267765]},"properties":{"hgv":"no"}},{"type":"Feature","geometry":{"type":"Point","coordinates":[9.4867224,51.3253527]},"properties":{"hgv":"destination"}},{"type":"Feature","geometry":{"type":"Point","coordinates":[9.06143,51.8920173]},"properties":{"maxweight":"7"}},{"type":"Feature","geometry":{"type":"Point","coordinates":[9.1630546,51.4927324]},"properties":{"maxheight":"4.0"}},{"type":"Feature","geometry":{"type":"Point","coordinates":[9.4667413,51.3486092]},"properties":{"maxheight":"2.7"}},{"type":"Feature","geometry":{"type":"Point","coordinates":[9.46519,51.3449871]},"properties":{"maxweight":"7.5"}},{"type":"Feature","geometry":{"type":"Point","coordinates":[9.2799957,51.1373798]},"properties":{"maxheight":"none"}},{"type":"Feature","geometry":{"type":"Point","coordinates":[9.087187,51.8858825]},"properties":{"maxweight":"1.4"}},{"type":"Feature","geometry":{"type":"Point","coordinates":[9.0857257,51.9076766]},"properties":{"maxheight":"below_default"}},{"type":"Feature","geometry":{"type":"Point","coordinates":[9.083915,51.9124173]},"properties":{"maxheight":"default"}},{"type":"Feature","geometry":{"type":"Point","coordinates":[9.0280696,51.7610263]},"properties":{"hgv":"no"}},{"type":"Feature","geometry":{"type":"Point","coordinates":[9.8591148,51.3392983]},"properties":{"maxweight":"12"}},{"type":"Feature","geometry":{"type":"Point","coordinates":[9.1104701,51.8618011]},"properties":{"maxheight":"4"}},{"type":"Feature","geometry":{"type":"Point","coordinates":[9.2268922,51.9645573]},"properties":{"maxweight":"7"}},{"type":"Feature","geometry":{"type":"Point","coordinates":[9.8413286,51.8117788]},"properties":{"maxheight":"default"}},{"type":"Feature","geometry":{"type":"Point","coordinates":[9.6053521,51.4890623]},"properties":{"hgv":"no"}},{"type":"Feature","geometry":{"type":"Point","coordinates":[9.6041147,51.4919842]},"properties":{"maxweight":"3.5 t"}},{"type":"Feature","geometry":{"type":"Point","coordinates":[9.302202,51.1094715]},"properties":{"maxheight":"default"}},{"type":"Feature","geometry":{"type":"Point","coordinates":[9.4591399,51.3669661]},"properties":{"maxheight":"below_default","maxheight:physical":"3"}},{"type":"Feature","geometry":{"type":"Point","coordinates":[9.9749713,51.3774346]},"properties":{"hgv":"no"}},{"type":"Feature","geometry":{"type":"Point","coordinates":[9.2751138,51.9781407]},"properties":{"maxweight":"7.5"}},{"type":"Feature","geometry":{"type":"Point","coordinates":[9.2755559,51.9776838]},"properties":{"maxweight":"7.5"}},{"type":"Feature","geometry":{"type":"Point","coordinates":[9.2756564,51.9774946]},"properties":{"maxweight":"7.5"}},{"type":"Feature","geometry":{"type":"Point","coordinates":[9.2018276,51.132213]},"properties":{"maxweight":"3"}},{"type":"Feature","geometry":{"type":"Point","coordinates":[9.191823,51.9336257]},"properties":{"hgv":"destination"}},{"type":"Feature","geometry":{"type":"Point","coordinates":[9.428665,51.2677635]},"properties":{"maxweight":"44 t"}},{"type":"Feature","geometry":{"type":"Point","coordinates":[9.440314,51.2666234]},"properties":{"maxweight":"44 t"}},{"type":"Feature","geometry":{"type":"Point","coordinates":[9.0982764,51.86759]},"properties":{"hgv":"destination"}},{"type":"Feature","geometry":{"type":"Point","coordinates":[9.1406907,51.9332988]},"properties":{"hgv":"destination"}},{"type":"Feature","geometry":{"type":"Point","coordinates":[9.8588877,51.3382456]},"properties":{"hgv":"no"}},{"type":"Feature","geometry":{"type":"Point","coordinates":[9.7361426,51.4606652]},"properties":{"hgv":"destination"}},{"type":"Feature","geometry":{"type":"Point","coordinates":[9.5157366,51.2601272]},"properties":{"maxweight":"44"}},{"type":"Feature","geometry":{"type":"Point","coordinates":[9.5138985,51.2607285]},"properties":{"maxweight":"44"}},{"type":"Feature","geometry":{"type":"Point","coordinates":[9.5114645,51.2609569]},"properties":{"maxweight":"44"}},{"type":"Feature","geometry":{"type":"Point","coordinates":[9.4508534,51.2639885]},"properties":{"maxweight":"44"}},{"type":"Feature","geometry":{"type":"Point","coordinates":[9.5361324,51.2728421]},"properties":{"hgv":"no"}},{"type":"Feature","geometry":{"type":"Point","coordinates":[9.4898758,51.3188802]},"properties":{"hgv":"no"}},{"type":"Feature","geometry":{"type":"Point","coordinates":[9.4813126,51.3208986]},"properties":{"maxheight":"2.5","maxwidth":"2"}},{"type":"Feature","geometry":{"type":"Point","coordinates":[9.7222474,51.457445]},"properties":{"hgv":"destination"}},{"type":"Feature","geometry":{"type":"Point","coordinates":[9.7363955,51.4589413]},"properties":{"maxweight":"6"}},{"type":"Feature","geometry":{"type":"Point","coordinates":[9.7382078,51.4612858]},"properties":{"maxheight":"1.7 m"}},{"type":"Feature","geometry":{"type":"Point","coordinates":[9.3838583,51.3609694]},"properties":{"maxweight":"1.5"}},{"type":"Feature","geometry":{"type":"Point","coordinates":[9.8309263,51.8586769]},"properties":{"maxweight":"5"}},{"type":"Feature","geometry":{"type":"Point","coordinates":[9.8298209,51.8608098]},"properties":{"maxweight":"5"}},{"type":"Feature","geometry":{"type":"Point","coordinates":[9.8128845,51.8692368]},"properties":{"maxweight":"5"}},{"type":"Feature","geometry":{"type":"Point","coordinates":[9.7926179,51.8259907]},"properties":{"maxweight":"3.5 t"}},{"type":"Feature","geometry":{"type":"Point","coordinates":[9.7999404,51.812244]},"properties":{"maxweight":"12"}},{"type":"Feature","geometry":{"type":"Point","coordinates":[9.7958213,51.816314]},"properties":{"maxweight":"3.5"}},{"type":"Feature","geometry":{"type":"Point","coordinates":[9.792509,51.817791]},"properties":{"maxweight":"3.5"}},{"type":"Feature","geometry":{"type":"Point","coordinates":[9.7923768,51.8179862]},"properties":{"maxweight":"3.5"}},{"type":"Feature","geometry":{"type":"Point","coordinates":[9.8590077,51.8189695]},"properties":{"maxweight":"3.5"}},{"type":"Feature","geometry":{"type":"Point","coordinates":[9.8329993,51.8552986]},"properties":{"maxweight":"5"}},{"type":"Feature","geometry":{"type":"Point","coordinates":[9.8234587,51.8625785]},"properties":{"maxweight":"5"}},{"type":"Feature","geometry":{"type":"Point","coordinates":[9.8107387,51.8691159]},"properties":{"maxweight":"5"}},{"type":"Feature","geometry":{"type":"Point","coordinates":[9.4944919,51.2918595]},"properties":{"maxweight":"12"}},{"type":"Feature","geometry":{"type":"Point","coordinates":[9.4975647,51.3126012]},"properties":{"maxheight":"2.1"}},{"type":"Feature","geometry":{"type":"Point","coordinates":[9.9482268,51.5612175]},"properties":{"hgv":"no"}},{"type":"Feature","geometry":{"type":"Point","coordinates":[9.9516944,51.561194]},"properties":{"hgv":"no"}},{"type":"Feature","geometry":{"type":"Point","coordinates":[9.7594115,51.4423595]},"properties":{"hgv":"destination"}},{"type":"Feature","geometry":{"type":"Point","coordinates":[9.4992981,51.3122733]},"properties":{"maxheight":"2.4"}},{"type":"Feature","geometry":{"type":"Point","coordinates":[9.0452679,51.952211]},"properties":{"maxweight":"6"}},{"type":"Feature","geometry":{"type":"Point","coordinates":[9.0496316,51.9505732]},"properties":{"maxweight":"6"}},{"type":"Feature","geometry":{"type":"Point","coordinates":[9.0868483,51.932442]},"properties":{"maxweight":"12"}},{"type":"Feature","geometry":{"type":"Point","coordinates":[9.0947403,51.9399005]},"properties":{"hgv":"no"}},{"type":"Feature","geometry":{"type":"Point","coordinates":[9.3772404,51.6723363]},"properties":{"hgv":"delivery"}},{"type":"Feature","geometry":{"type":"Point","coordinates":[9.2889757,51.9837193]},"properties":{"maxweightrating:hgv":"7.5"}},{"type":"Feature","geometry":{"type":"Point","coordinates":[9.3989676,51.403735]},"properties":{"maxweight":"3.5"}},{"type":"Feature","geometry":{"type":"Point","coordinates":[9.2450781,51.4889767]},"properties":{"maxheight":"3.7"}},{"type":"Feature","geometry":{"type":"Point","coordinates":[9.2457969,51.489581]},"properties":{"maxheight":"3.7"}},{"type":"Feature","geometry":{"type":"Point","coordinates":[9.2449346,51.4888286]},"properties":{"maxheight":"3.7"}},{"type":"Feature","geometry":{"type":"Point","coordinates":[9.0866518,51.8800136]},"properties":{"maxweight":"7"}},{"type":"Feature","geometry":{"type":"Point","coordinates":[9.8428484,51.8389893]},"properties":{"maxweight":"3.5"}},{"type":"Feature","geometry":{"type":"Point","coordinates":[9.410613,51.5635129]},"properties":{"maxweight":"18"}},{"type":"Feature","geometry":{"type":"Point","coordinates":[9.5040611,51.2605888]},"properties":{"maxweight":"44"}},{"type":"Feature","geometry":{"type":"Point","coordinates":[9.4920156,51.2596241]},"properties":{"maxweight":"44"}},{"type":"Feature","geometry":{"type":"Point","coordinates":[9.4994265,51.2609093]},"properties":{"maxheight":"default"}},{"type":"Feature","geometry":{"type":"Point","coordinates":[9.5059767,51.254502]},"properties":{"maxheight":"default"}},{"type":"Feature","geometry":{"type":"Point","coordinates":[9.0380771,51.5749758]},"properties":{"maxheight":"2.6 m","maxweight":"3.5 t"}},{"type":"Feature","geometry":{"type":"Point","coordinates":[9.4803764,51.1545738]},"properties":{"maxheight":"default"}},{"type":"Feature","geometry":{"type":"Point","coordinates":[9.5912345,51.4019458]},"properties":{"hgv":"no"}},{"type":"Feature","geometry":{"type":"Point","coordinates":[9.6460234,51.4125316]},"properties":{"maxweight":"2.8"}},{"type":"Feature","geometry":{"type":"Point","coordinates":[9.2982391,51.1548672]},"properties":{"maxheight":"default"}},{"type":"Feature","geometry":{"type":"Point","coordinates":[9.5452958,51.355126]},"properties":{"maxheight":"5"}},{"type":"Feature","geometry":{"type":"Point","coordinates":[9.5166445,51.3027864]},"properties":{"maxheight":"3.4"}},{"type":"Feature","geometry":{"type":"Point","coordinates":[9.4460123,51.3154583]},"properties":{"maxheight":"2.7"}},{"type":"Feature","geometry":{"type":"Point","coordinates":[9.2550665,51.2281025]},"properties":{"maxweight":"16"}},{"type":"Feature","geometry":{"type":"Point","coordinates":[9.931009,51.3793816]},"properties":{"maxheight":"3.2"}},{"type":"Feature","geometry":{"type":"Point","coordinates":[9.9439959,51.3801142]},"properties":{"maxweightrating:hgv":"7.5"}},{"type":"Feature","geometry":{"type":"Point","coordinates":[9.7175736,51.5110743]},"properties":{"maxweightrating:hgv":"7.5"}},{"type":"Feature","geometry":{"type":"Point","coordinates":[9.4132067,51.1958681]},"properties":{"hgv":"delivery"}},{"type":"Feature","geometry":{"type":"Point","coordinates":[9.3989888,51.1969594]},"properties":{"maxheight":"default"}},{"type":"Feature","geometry":{"type":"Point","coordinates":[9.4152457,51.2156154]},"properties":{"maxheight":"3.9"}},{"type":"Feature","geometry":{"type":"Point","coordinates":[9.0190609,51.9657675]},"properties":{"maxheight":"default"}},{"type":"Feature","geometry":{"type":"Point","coordinates":[9.9282635,51.3794093]},"properties":{"maxheight":"3.2"}},{"type":"Feature","geometry":{"type":"Point","coordinates":[9.5062368,51.7649303]},"properties":{"hgv":"destination"}},{"type":"Feature","geometry":{"type":"Point","coordinates":[9.5109184,51.7651667]},"properties":{"hgv":"no","goods":"no"}},{"type":"Feature","geometry":{"type":"Point","coordinates":[9.485891,51.7970702]},"properties":{"hgv":"no","goods":"no"}},{"type":"Feature","geometry":{"type":"Point","coordinates":[9.9246177,51.7987706]},"properties":{"maxheight":"2.8"}},{"type":"Feature","geometry":{"type":"Point","coordinates":[9.8630613,51.3366931]},"properties":{"hgv":"destination"}},{"type":"Feature","geometry":{"type":"Point","coordinates":[9.8633958,51.3384636]},"properties":{"hgv":"destination"}},{"type":"Feature","geometry":{"type":"Point","coordinates":[9.3891719,51.4880276]},"properties":{"hgv":"no"}},{"type":"Feature","geometry":{"type":"Point","coordinates":[9.39961,51.4901158]},"properties":{"maxheight":"1.4"}},{"type":"Feature","geometry":{"type":"Point","coordinates":[9.4410828,51.2605366]},"properties":{"hgv":"destination"}},{"type":"Feature","geometry":{"type":"Point","coordinates":[9.3900143,51.1154792]},"properties":{"maxweight":"6"}},{"type":"Feature","geometry":{"type":"Point","coordinates":[9.6478448,51.4196533]},"properties":{"maxweight":"1"}},{"type":"Feature","geometry":{"type":"Point","coordinates":[9.6274174,51.5404418]},"properties":{"maxweight":"24"}},{"type":"Feature","geometry":{"type":"Point","coordinates":[9.4514379,51.6405465]},"properties":{"hgv":"destination"}},{"type":"Feature","geometry":{"type":"Point","coordinates":[9.4294208,51.7899855]},"properties":{"maxheight":"3.6"}},{"type":"Feature","geometry":{"type":"Point","coordinates":[9.445701,51.8249234]},"properties":{"maxweight":"5.5"}},{"type":"Feature","geometry":{"type":"Point","coordinates":[9.1174015,51.4131192]},"properties":{"hgv":"delivery"}},{"type":"Feature","geometry":{"type":"Point","coordinates":[9.5679416,51.2625743]},"properties":{"hgv":"destination"}},{"type":"Feature","geometry":{"type":"Point","coordinates":[9.5659759,51.2595739]},"properties":{"hgv":"destination"}},{"type":"Feature","geometry":{"type":"Point","coordinates":[9.1607443,51.2621721]},"properties":{"maxweight":"3.5"}},{"type":"Feature","geometry":{"type":"Point","coordinates":[9.9504825,51.5613749]},"properties":{"hgv":"no"}},{"type":"Feature","geometry":{"type":"Point","coordinates":[9.4431992,51.7922508]},"properties":{"hgv":"agricultural"}},{"type":"Feature","geometry":{"type":"Point","coordinates":[9.5480102,51.2664413]},"properties":{"hgv":"destination"}},{"type":"Feature","geometry":{"type":"Point","coordinates":[9.7618743,51.5372161]},"properties":{"maxweight":"7.5 t"}},{"type":"Feature","geometry":{"type":"Point","coordinates":[9.7352512,51.5422435]},"properties":{"maxweight":"7.5 t"}},{"type":"Feature","geometry":{"type":"Point","coordinates":[9.7509734,51.5786467]},"properties":{"maxwidth":"2.0"}},{"type":"Feature","geometry":{"type":"Point","coordinates":[9.7577513,51.5815051]},"properties":{"maxweight":"12 t"}},{"type":"Feature","geometry":{"type":"Point","coordinates":[9.7509462,51.5791764]},"properties":{"hgv":"no"}},{"type":"Feature","geometry":{"type":"Point","coordinates":[9.7778531,51.5960277]},"properties":{"maxweight":"12 t"}},{"type":"Feature","geometry":{"type":"Point","coordinates":[9.8025148,51.5859046]},"properties":{"maxweight":"30 t"}},{"type":"Feature","geometry":{"type":"Point","coordinates":[9.5653266,51.2622501]},"properties":{"hgv":"destination"}},{"type":"Feature","geometry":{"type":"Point","coordinates":[9.3701121,51.4659339]},"properties":{"maxweight":"3.5"}},{"type":"Feature","geometry":{"type":"Point","coordinates":[9.377145,51.7801477]},"properties":{"hgv":"destination"}},{"type":"Feature","geometry":{"type":"Point","coordinates":[9.2561174,51.9870785]},"properties":{"hgv":"no"}},{"type":"Feature","geometry":{"type":"Point","coordinates":[9.0043091,51.5150045]},"properties":{"maxheight":"default"}},{"type":"Feature","geometry":{"type":"Point","coordinates":[9.9562991,51.8535925]},"properties":{"maxweight":"6"}},{"type":"Feature","geometry":{"type":"Point","coordinates":[9.9594039,51.855578]},"properties":{"maxheight":"3.6"}},{"type":"Feature","geometry":{"type":"Point","coordinates":[9.3209241,51.3023737]},"properties":{"maxheight":"default"}},{"type":"Feature","geometry":{"type":"Point","coordinates":[9.3076761,51.3213407]},"properties":{"maxweight":"7.5"}},{"type":"Feature","geometry":{"type":"Point","coordinates":[9.3064215,51.3054181]},"properties":{"maxweight":"7.5"}},{"type":"Feature","geometry":{"type":"Point","coordinates":[9.4729244,51.7921463]},"properties":{"hgv":"no"}},{"type":"Feature","geometry":{"type":"Point","coordinates":[9.4621314,51.4219773]},"properties":{"maxheight":"3","maxwidth":"3"}},{"type":"Feature","geometry":{"type":"Point","coordinates":[9.7161265,51.5017997]},"properties":{"maxweight":"7.5 t"}},{"type":"Feature","geometry":{"type":"Point","coordinates":[9.7571983,51.5046734]},"properties":{"maxheight":"3.8 m"}},{"type":"Feature","geometry":{"type":"Point","coordinates":[9.7694496,51.5220533]},"properties":{"maxweight":"7.5 t"}},{"type":"Feature","geometry":{"type":"Point","coordinates":[9.8828706,51.3426188]},"properties":{"maxweight":"3.5"}},{"type":"Feature","geometry":{"type":"Point","coordinates":[9.5758203,51.2387704]},"properties":{"hgv":"no"}},{"type":"Feature","geometry":{"type":"Point","coordinates":[9.7662168,51.5240633]},"properties":{"maxweight":"7.5 t"}},{"type":"Feature","geometry":{"type":"Point","coordinates":[9.6916732,51.5130215]},"properties":{"maxweightrating:hgv":"7.5"}},{"type":"Feature","geometry":{"type":"Point","coordinates":[9.6125731,51.5011074]},"properties":{"hgv":"destination"}},{"type":"Feature","geometry":{"type":"Point","coordinates":[9.4500925,51.2120768]},"properties":{"hgv":"delivery"}},{"type":"Feature","geometry":{"type":"Point","coordinates":[9.4493838,51.2120549]},"properties":{"hgv":"delivery"}},{"type":"Feature","geometry":{"type":"Point","coordinates":[9.4545741,51.210102]},"properties":{"hgv":"delivery"}},{"type":"Feature","geometry":{"type":"Point","coordinates":[9.4547587,51.2100044]},"properties":{"hgv":"delivery"}},{"type":"Feature","geometry":{"type":"Point","coordinates":[9.4358029,51.2118277]},"properties":{"hgv":"no","maxheight":"2.8","maxwidth":"2.2"}},{"type":"Feature","geometry":{"type":"Point","coordinates":[9.0526515,51.9488156]},"properties":{"maxweight":"6"}},{"type":"Feature","geometry":{"type":"Point","coordinates":[9.6758277,51.4855201]},"properties":{"maxweight":"7.5 t"}},{"type":"Feature","geometry":{"type":"Point","coordinates":[9.6673898,51.4876215]},"properties":{"maxweight":"7.5 t"}},{"type":"Feature","geometry":{"type":"Point","coordinates":[9.5117791,51.1739195]},"properties":{"hgv":"delivery;agricultural;forestry"}},{"type":"Feature","geometry":{"type":"Point","coordinates":[9.5238243,51.1715647]},"properties":{"hgv":"agricultural"}},{"type":"Feature","geometry":{"type":"Point","coordinates":[9.9554793,51.8530926]},"properties":{"maxweight":"6"}},{"type":"Feature","geometry":{"type":"Point","coordinates":[9.9655326,51.8588866]},"properties":{"maxweight":"12"}},{"type":"Feature","geometry":{"type":"Point","coordinates":[9.9890675,51.8677821]},"properties":{"maxheight":"below_default"}},{"type":"Feature","geometry":{"type":"Point","coordinates":[9.1452497,51.5005581]},"properties":{"maxheight":"3.7"}},{"type":"Feature","geometry":{"type":"Point","coordinates":[9.5892455,51.2124109]},"properties":{"hgv":"no","maxweight":"7.5"}},{"type":"Feature","geometry":{"type":"Point","coordinates":[9.1655152,51.4894632]},"properties":{"maxweight":"2.8"}},{"type":"Feature","geometry":{"type":"Point","coordinates":[9.0158932,51.379162]},"properties":{"hgv":"delivery"}},{"type":"Feature","geometry":{"type":"Point","coordinates":[9.5352866,51.2886335]},"properties":{"maxweight":"24"}},{"type":"Feature","geometry":{"type":"Point","coordinates":[9.4730113,51.2270821]},"properties":{"maxweight":"16"}},{"type":"Feature","geometry":{"type":"Point","coordinates":[9.4732256,51.2269064]},"properties":{"maxweight":"16"}},{"type":"Feature","geometry":{"type":"Point","coordinates":[9.4817221,51.2260546]},"properties":{"maxheight":"default"}},{"type":"Feature","geometry":{"type":"Point","coordinates":[9.8263272,51.9860338]},"properties":{"maxweight":"7.5"}},{"type":"Feature","geometry":{"type":"Point","coordinates":[9.4207757,51.3119565]},"properties":{"maxweight":"1.5"}},{"type":"Feature","geometry":{"type":"Point","coordinates":[9.6660661,51.4462131]},"properties":{"maxlength":"13 m","maxweight":"9"}},{"type":"Feature","geometry":{"type":"Point","coordinates":[9.8610043,51.4495769]},"properties":{"maxheight":"default"}},{"type":"Feature","geometry":{"type":"Point","coordinates":[9.4533497,51.3031426]},"properties":{"maxheight":"3.5"}},{"type":"Feature","geometry":{"type":"Point","coordinates":[9.2484763,51.3745916]},"properties":{"maxheight":"3.4"}},{"type":"Feature","geometry":{"type":"Point","coordinates":[9.6877517,51.2539044]},"properties":{"maxweightrating:hgv":"7.5"}},{"type":"Feature","geometry":{"type":"Point","coordinates":[9.1211793,51.3084718]},"properties":{"maxweight":"2"}},{"type":"Feature","geometry":{"type":"Point","coordinates":[9.0901378,51.3025195]},"properties":{"maxweight":"2"}},{"type":"Feature","geometry":{"type":"Point","coordinates":[9.4015954,51.4070578]},"properties":{"maxweight":"3.5"}},{"type":"Feature","geometry":{"type":"Point","coordinates":[9.6972477,51.2457337]},"properties":{"maxweightrating:hgv":"7.5"}},{"type":"Feature","geometry":{"type":"Point","coordinates":[9.9416585,51.5504124]},"properties":{"maxheight":"2 m","maxweight":"2 t"}},{"type":"Feature","geometry":{"type":"Point","coordinates":[9.2045728,51.3431492]},"properties":{"maxheight":"3.4"}},{"type":"Feature","geometry":{"type":"Point","coordinates":[9.5359317,51.3044574]},"properties":{"hgv":"destination"}},{"type":"Feature","geometry":{"type":"Point","coordinates":[9.957622,51.8546681]},"properties":{"maxweight":"6"}},{"type":"Feature","geometry":{"type":"Point","coordinates":[9.9660613,51.8521706]},"properties":{"maxheight":"2.8"}},{"type":"Feature","geometry":{"type":"Point","coordinates":[9.9152875,51.4218645]},"properties":{"hgv":"no"}},{"type":"Feature","geometry":{"type":"Point","coordinates":[9.0925911,51.8699536]},"properties":{"hgv":"destination"}},{"type":"Feature","geometry":{"type":"Point","coordinates":[9.0244886,51.6273795]},"properties":{"maxheight":"2.2"}},{"type":"Feature","geometry":{"type":"Point","coordinates":[9.6261094,51.057259]},"properties":{"maxweight":"30"}},{"type":"Feature","geometry":{"type":"Point","coordinates":[9.5279097,51.1176189]},"properties":{"hgv":"destination"}},{"type":"Feature","geometry":{"type":"Point","coordinates":[9.8717462,51.511515]},"properties":{"hgv":"agricultural"}},{"type":"Feature","geometry":{"type":"Point","coordinates":[9.8720533,51.5123789]},"properties":{"hgv":"agricultural"}},{"type":"Feature","geometry":{"type":"Point","coordinates":[9.5933733,51.8545819]},"properties":{"maxweight":"1.5"}},{"type":"Feature","geometry":{"type":"Point","coordinates":[9.0981291,51.8790678]},"properties":{"maxheight":"4"}},{"type":"Feature","geometry":{"type":"Point","coordinates":[9.5117077,51.2093234]},"properties":{"maxweight":"5.5"}},{"type":"Feature","geometry":{"type":"Point","coordinates":[9.1681414,51.8908474]},"properties":{"maxweight":"3.5"}},{"type":"Feature","geometry":{"type":"Point","coordinates":[9.9976821,51.70557]},"properties":{"maxweight":"7.5"}},{"type":"Feature","geometry":{"type":"Point","coordinates":[9.2887025,51.985417]},"properties":{"maxweightrating:hgv":"7.5"}},{"type":"Feature","geometry":{"type":"Point","coordinates":[9.7207496,51.1986055]},"properties":{"hgv":"no"}},{"type":"Feature","geometry":{"type":"Point","coordinates":[9.6471883,51.1988175]},"properties":{"hgv":"agricultural"}},{"type":"Feature","geometry":{"type":"Point","coordinates":[9.1032068,51.31606]},"properties":{"maxweight":"7.5"}},{"type":"Feature","geometry":{"type":"Point","coordinates":[9.383007,51.4917201]},"properties":{"hgv":"no","maxweight":"3.5"}},{"type":"Feature","geometry":{"type":"Point","coordinates":[9.9240471,51.5375088]},"properties":{"maxweight":"2.5 t"}},{"type":"Feature","geometry":{"type":"Point","coordinates":[9.4807746,51.9891934]},"properties":{"hgv":"agricultural"}},{"type":"Feature","geometry":{"type":"Point","coordinates":[9.93221,51.5349252]},"properties":{"maxweight":"2.8 t"}},{"type":"Feature","geometry":{"type":"Point","coordinates":[9.9290257,51.5199815]},"properties":{"maxweight":"7.5 t"}},{"type":"Feature","geometry":{"type":"Point","coordinates":[9.9290158,51.5198418]},"properties":{"maxweight":"7.5 t"}},{"type":"Feature","geometry":{"type":"Point","coordinates":[9.9290158,51.5198418]},"properties":{"maxweight":"7.5 t"}},{"type":"Feature","geometry":{"type":"Point","coordinates":[9.5001554,51.2392329]},"properties":{"maxheight":"default"}},{"type":"Feature","geometry":{"type":"Point","coordinates":[9.4693914,51.9862326]},"properties":{"maxweight":"16"}},{"type":"Feature","geometry":{"type":"Point","coordinates":[9.4094038,51.4413309]},"properties":{"maxweight":"60"}},{"type":"Feature","geometry":{"type":"Point","coordinates":[9.4876121,51.3544091]},"properties":{"maxheight":"3.2"}},{"type":"Feature","geometry":{"type":"Point","coordinates":[9.432067,51.3162375]},"properties":{"maxweight":"3.5"}},{"type":"Feature","geometry":{"type":"Point","coordinates":[9.5148562,51.1742428]},"properties":{"maxwidth":"2.2"}},{"type":"Feature","geometry":{"type":"Point","coordinates":[9.9289656,51.8442495]},"properties":{"hgv":"no","goods":"no"}},{"type":"Feature","geometry":{"type":"Point","coordinates":[9.9402326,51.8409392]},"properties":{"hgv":"no","goods":"no"}},{"type":"Feature","geometry":{"type":"Point","coordinates":[9.9465552,51.8382929]},"properties":{"hgv":"no","goods":"no"}},{"type":"Feature","geometry":{"type":"Point","coordinates":[9.9292811,51.8423247]},"properties":{"hgv":"no","goods":"no"}},{"type":"Feature","geometry":{"type":"Point","coordinates":[9.507292,51.3243552]},"properties":{"maxweight":"7.5"}},{"type":"Feature","geometry":{"type":"Point","coordinates":[9.4635616,51.3585384]},"properties":{"maxheight:physical":"3.6"}},{"type":"Feature","geometry":{"type":"Point","coordinates":[9.9095371,51.6320653]},"properties":{"maxweight":"7.5 t"}},{"type":"Feature","geometry":{"type":"Point","coordinates":[9.4799109,51.2005239]},"properties":{"maxheight":"default"}},{"type":"Feature","geometry":{"type":"Point","coordinates":[9.9103362,51.6847324]},"properties":{"maxheight":"3.9"}},{"type":"Feature","geometry":{"type":"Point","coordinates":[9.844745,51.6174589]},"properties":{"maxweight":"5.5 t"}},{"type":"Feature","geometry":{"type":"Point","coordinates":[9.9290752,51.5541476]},"properties":{"maxweight":"2.5 t"}},{"type":"Feature","geometry":{"type":"Point","coordinates":[9.0857469,51.8958712]},"properties":{"maxheight":"default"}},{"type":"Feature","geometry":{"type":"Point","coordinates":[9.8304753,51.614508]},"properties":{"maxweight":"5.5 t"}},{"type":"Feature","geometry":{"type":"Point","coordinates":[9.9483622,51.3900805]},"properties":{"maxweight":"12 t"}},{"type":"Feature","geometry":{"type":"Point","coordinates":[9.4302453,51.4302536]},"properties":{"maxweight":"9"}},{"type":"Feature","geometry":{"type":"Point","coordinates":[9.4498375,51.8398017]},"properties":{"maxheight":"default"}},{"type":"Feature","geometry":{"type":"Point","coordinates":[9.5664285,51.2639892]},"properties":{"hgv":"destination"}},{"type":"Feature","geometry":{"type":"Point","coordinates":[9.5694042,51.2613571]},"properties":{"hgv":"destination"}},{"type":"Feature","geometry":{"type":"Point","coordinates":[9.5041574,51.3707325]},"properties":{"hgv":"no","goods":"no"}},{"type":"Feature","geometry":{"type":"Point","coordinates":[9.5081339,51.367795]},"properties":{"hgv":"no","goods":"no"}},{"type":"Feature","geometry":{"type":"Point","coordinates":[9.2823139,51.979932]},"properties":{"maxheight":"3.6"}},{"type":"Feature","geometry":{"type":"Point","coordinates":[9.658825,51.4225635]},"properties":{"maxweight":"7.5"}},{"type":"Feature","geometry":{"type":"Point","coordinates":[9.6588439,51.4228591]},"properties":{"maxweight":"2.5"}},{"type":"Feature","geometry":{"type":"Point","coordinates":[9.5145948,51.368279]},"properties":{"goods":"yes"}},{"type":"Feature","geometry":{"type":"Point","coordinates":[9.681686,51.4014639]},"properties":{"maxweight":"7.5 t"}},{"type":"Feature","geometry":{"type":"Point","coordinates":[9.6865766,51.3974503]},"properties":{"maxweight":"7.5 t"}},{"type":"Feature","geometry":{"type":"Point","coordinates":[9.6863893,51.3971588]},"properties":{"maxweight":"7.5 t"}},{"type":"Feature","geometry":{"type":"Point","coordinates":[9.5380175,51.3141238]},"properties":{"maxweight":"3.5"}},{"type":"Feature","geometry":{"type":"Point","coordinates":[9.7263855,51.1973557]},"properties":{"hgv":"no"}},{"type":"Feature","geometry":{"type":"Point","coordinates":[9.5225972,51.6262331]},"properties":{"maxweight":"15 t"}},{"type":"Feature","geometry":{"type":"Point","coordinates":[9.5082654,51.3172478]},"properties":{"maxweightrating:hgv":"12"}},{"type":"Feature","geometry":{"type":"Point","coordinates":[9.6242352,51.9474013]},"properties":{"hgv":"no"}},{"type":"Feature","geometry":{"type":"Point","coordinates":[9.5937695,51.8968546]},"properties":{"hgv":"no"}},{"type":"Feature","geometry":{"type":"Point","coordinates":[9.5144598,51.3681615]},"properties":{"hgv":"no","goods":"no"}},{"type":"Feature","geometry":{"type":"Point","coordinates":[9.5746989,51.069338]},"properties":{"hgv":"agricultural"}},{"type":"Feature","geometry":{"type":"Point","coordinates":[9.5146668,51.3665596]},"properties":{"hgv":"no","goods":"no"}},{"type":"Feature","geometry":{"type":"Point","coordinates":[9.8789255,51.5357285]},"properties":{"maxheight":"default"}},{"type":"Feature","geometry":{"type":"Point","coordinates":[9.253486,51.9668549]},"properties":{"maxweight":"5.5"}},{"type":"Feature","geometry":{"type":"Point","coordinates":[9.5813025,51.9083854]},"properties":{"hgv":"agricultural"}},{"type":"Feature","geometry":{"type":"Point","coordinates":[9.6141238,51.074674]},"properties":{"maxweight":"3.5"}},{"type":"Feature","geometry":{"type":"Point","coordinates":[9.4185998,51.1349851]},"properties":{"hgv":"delivery;motorhome"}},{"type":"Feature","geometry":{"type":"Point","coordinates":[9.4208943,51.1349639]},"properties":{"maxweight":"2.5"}},{"type":"Feature","geometry":{"type":"Point","coordinates":[9.4225561,51.1348451]},"properties":{"maxheight":"2"}},{"type":"Feature","geometry":{"type":"Point","coordinates":[9.4217849,51.1347037]},"properties":{"hgv":"delivery;motorhome"}},{"type":"Feature","geometry":{"type":"Point","coordinates":[9.4375558,51.1302251]},"properties":{"hgv":"discouraged"}},{"type":"Feature","geometry":{"type":"Point","coordinates":[9.9317416,51.8493296]},"properties":{"hgv":"no","goods":"no"}},{"type":"Feature","geometry":{"type":"Point","coordinates":[9.9977999,51.1552975]},"properties":{"maxweight":"3"}},{"type":"Feature","geometry":{"type":"Point","coordinates":[9.5944601,51.892959]},"properties":{"hgv":"no"}},{"type":"Feature","geometry":{"type":"Point","coordinates":[9.5371266,51.7720741]},"properties":{"maxweight":"7.5"}},{"type":"Feature","geometry":{"type":"Point","coordinates":[9.8899143,51.5321629]},"properties":{"hgv":"no"}},{"type":"Feature","geometry":{"type":"Point","coordinates":[9.8903501,51.5287061]},"properties":{"hgv":"destination"}},{"type":"Feature","geometry":{"type":"Point","coordinates":[9.0072533,51.2132745]},"properties":{"maxweight":"2.5"}},{"type":"Feature","geometry":{"type":"Point","coordinates":[9.0088657,51.2112644]},"properties":{"maxweight":"16"}},{"type":"Feature","geometry":{"type":"Point","coordinates":[9.5541784,51.1224179]},"properties":{"maxweight":"3.5"}},{"type":"Feature","geometry":{"type":"Point","coordinates":[9.5756844,51.0694564]},"properties":{"hgv":"agricultural"}},{"type":"Feature","geometry":{"type":"Point","coordinates":[9.6950804,51.0066359]},"properties":{"maxwidth":"2.8","maxweight":"16"}},{"type":"Feature","geometry":{"type":"Point","coordinates":[9.6537398,51.4178192]},"properties":{"hgv":"no"}},{"type":"Feature","geometry":{"type":"Point","coordinates":[9.6133884,51.0631872]},"properties":{"maxweight":"30"}},{"type":"Feature","geometry":{"type":"Point","coordinates":[9.8880848,51.5620253]},"properties":{"hgv":"no"}},{"type":"Feature","geometry":{"type":"Point","coordinates":[9.9636334,51.5398594]},"properties":{"maxweight":"3.5 t"}},{"type":"Feature","geometry":{"type":"Point","coordinates":[9.9585881,51.5360175]},"properties":{"hgv":"destination","maxweight":"3.5"}},{"type":"Feature","geometry":{"type":"Point","coordinates":[9.9409262,51.211058]},"properties":{"hgv":"no","goods":"designated"}},{"type":"Feature","geometry":{"type":"Point","coordinates":[9.5464592,51.0848705]},"properties":{"hgv":"agricultural"}},{"type":"Feature","geometry":{"type":"Point","coordinates":[9.537815,51.0833805]},"properties":{"hgv":"agricultural"}},{"type":"Feature","geometry":{"type":"Point","coordinates":[9.5401569,51.0941431]},"properties":{"maxheight":"2.9"}},{"type":"Feature","geometry":{"type":"Point","coordinates":[9.539302,51.092177]},"properties":{"hgv":"delivery"}},{"type":"Feature","geometry":{"type":"Point","coordinates":[9.5440974,51.1317096]},"properties":{"maxlength":"8.0"}},{"type":"Feature","geometry":{"type":"Point","coordinates":[9.5425064,51.1328192]},"properties":{"hgv":"no"}},{"type":"Feature","geometry":{"type":"Point","coordinates":[9.2479435,51.9640059]},"properties":{"hgv":"destination","maxweight":"7.5"}},{"type":"Feature","geometry":{"type":"Point","coordinates":[9.1201689,51.7020801]},"properties":{"maxweight":"2.5"}},{"type":"Feature","geometry":{"type":"Point","coordinates":[9.8954001,51.9284415]},"properties":{"maxheight":"3.9 m"}},{"type":"Feature","geometry":{"type":"Point","coordinates":[9.8208777,51.0114525]},"properties":{"maxweight":"7.5"}},{"type":"Feature","geometry":{"type":"Point","coordinates":[9.8645732,51.5477403]},"properties":{"hgv":"no"}},{"type":"Feature","geometry":{"type":"Point","coordinates":[9.8822015,51.9284444]},"properties":{"maxweight":"3.5 t"}},{"type":"Feature","geometry":{"type":"Point","coordinates":[9.8102573,51.867309]},"properties":{"maxweight":"5"}},{"type":"Feature","geometry":{"type":"Point","coordinates":[9.3074253,51.3236647]},"properties":{"hgv":"destination"}},{"type":"Feature","geometry":{"type":"Point","coordinates":[9.1331644,51.9357491]},"properties":{"maxheight":"default"}},{"type":"Feature","geometry":{"type":"Point","coordinates":[9.0581098,51.204287]},"properties":{"hgv":"yes"}},{"type":"Feature","geometry":{"type":"Point","coordinates":[9.0569932,51.2035448]},"properties":{"hgv":"no"}},{"type":"Feature","geometry":{"type":"Point","coordinates":[9.9936269,51.1569344]},"properties":{"maxweight":"1.5"}},{"type":"Feature","geometry":{"type":"Point","coordinates":[9.1420931,51.4893981]},"properties":{"hgv":"destination"}},{"type":"Feature","geometry":{"type":"Point","coordinates":[9.144529,51.488798]},"properties":{"hgv":"destination"}},{"type":"Feature","geometry":{"type":"Point","coordinates":[9.3079853,51.323159]},"properties":{"hgv":"destination"}},{"type":"Feature","geometry":{"type":"Point","coordinates":[9.3019561,51.3292958]},"properties":{"maxweight":"16"}},{"type":"Feature","geometry":{"type":"Point","coordinates":[9.3019034,51.3310103]},"properties":{"maxweight":"16"}},{"type":"Feature","geometry":{"type":"Point","coordinates":[9.9035392,51.8301561]},"properties":{"hgv":"no","goods":"no"}},{"type":"Feature","geometry":{"type":"Point","coordinates":[9.9654353,51.7539498]},"properties":{"maxheight":"default"}},{"type":"Feature","geometry":{"type":"Point","coordinates":[9.7228486,51.4009663]},"properties":{"maxweight":"3.5"}},{"type":"Feature","geometry":{"type":"Point","coordinates":[9.7207863,51.4006493]},"properties":{"maxweight":"3.5"}},{"type":"Feature","geometry":{"type":"Point","coordinates":[9.7218931,51.4010949]},"properties":{"maxweight":"3.5"}},{"type":"Feature","geometry":{"type":"Point","coordinates":[9.5361169,51.3340848]},"properties":{"hgv":"designated","maxweight":"7.5"}},{"type":"Feature","geometry":{"type":"Point","coordinates":[9.462663,51.3259231]},"properties":{"maxheight":"default"}},{"type":"Feature","geometry":{"type":"Point","coordinates":[9.7028022,51.2074006]},"properties":{"maxweight":"7.5"}},{"type":"Feature","geometry":{"type":"Point","coordinates":[9.8721234,51.8044155]},"properties":{"maxheight":"default"}},{"type":"Feature","geometry":{"type":"Point","coordinates":[9.8668799,51.8043705]},"properties":{"maxheight":"default"}},{"type":"Feature","geometry":{"type":"Point","coordinates":[9.7110475,51.2093684]},"properties":{"maxheight":"3.5"}},{"type":"Feature","geometry":{"type":"Point","coordinates":[9.5360257,51.7723844]},"properties":{"maxweight":"7.5"}},{"type":"Feature","geometry":{"type":"Point","coordinates":[9.0998353,51.6899916]},"properties":{"maxweight":"2.5"}},{"type":"Feature","geometry":{"type":"Point","coordinates":[9.0980709,51.9500497]},"properties":{"maxweight":"7.5"}},{"type":"Feature","geometry":{"type":"Point","coordinates":[9.8482403,51.9571611]},"properties":{"maxweight":"32"}},{"type":"Feature","geometry":{"type":"Point","coordinates":[9.09072,51.9424258]},"properties":{"maxweight":"1.5"}},{"type":"Feature","geometry":{"type":"Point","coordinates":[9.3081819,51.322829]},"properties":{"hgv":"destination"}},{"type":"Feature","geometry":{"type":"Point","coordinates":[9.4525648,51.2622914]},"properties":{"maxweight":"44"}},{"type":"Feature","geometry":{"type":"Point","coordinates":[9.2477167,51.9775045]},"properties":{"maxweight":"3.5"}},{"type":"Feature","geometry":{"type":"Point","coordinates":[9.2529826,51.9914428]},"properties":{"maxweight":"7.5 t"}},{"type":"Feature","geometry":{"type":"Point","coordinates":[9.2758443,51.9771443]},"properties":{"maxweight":"7.5"}},{"type":"Feature","geometry":{"type":"Point","coordinates":[9.2758127,51.9771846]},"properties":{"maxweight":"7.5"}},{"type":"Feature","geometry":{"type":"Point","coordinates":[9.2464495,51.9782529]},"properties":{"maxweight":"3.5"}},{"type":"Feature","geometry":{"type":"Point","coordinates":[9.2460536,51.9786453]},"properties":{"maxweight":"3.5"}},{"type":"Feature","geometry":{"type":"Point","coordinates":[9.9333922,51.5457871]},"properties":{"maxheight":"3.5"}},{"type":"Feature","geometry":{"type":"Point","coordinates":[9.4291049,51.2649744]},"properties":{"maxheight":"default"}},{"type":"Feature","geometry":{"type":"Point","coordinates":[9.4343459,51.2671778]},"properties":{"maxweight":"44 t"}},{"type":"Feature","geometry":{"type":"Point","coordinates":[9.563521,51.3895025]},"properties":{"hgv":"destination"}},{"type":"Feature","geometry":{"type":"Point","coordinates":[9.5554095,51.3954704]},"properties":{"hgv":"destination"}},{"type":"Feature","geometry":{"type":"Point","coordinates":[9.5536076,51.3909326]},"properties":{"maxweight":"3.5"}},{"type":"Feature","geometry":{"type":"Point","coordinates":[9.8788587,51.5197075]},"properties":{"maxheight":"default"}},{"type":"Feature","geometry":{"type":"Point","coordinates":[9.6663951,51.3936783]},"properties":{"maxheight":"default"}},{"type":"Feature","geometry":{"type":"Point","coordinates":[9.5734933,51.3263614]},"properties":{"maxheight":"default"}},{"type":"Feature","geometry":{"type":"Point","coordinates":[9.5606291,51.2954519]},"properties":{"maxheight":"default"}},{"type":"Feature","geometry":{"type":"Point","coordinates":[9.5863861,51.3350115]},"properties":{"maxheight":"default"}},{"type":"Feature","geometry":{"type":"Point","coordinates":[9.8841133,51.5272101]},"properties":{"hgv":"destination"}},{"type":"Feature","geometry":{"type":"Point","coordinates":[9.1511147,51.1483096]},"properties":{"maxweight":"6"}},{"type":"Feature","geometry":{"type":"Point","coordinates":[9.2707424,51.1219594]},"properties":{"maxweight":"2.8"}},{"type":"Feature","geometry":{"type":"Point","coordinates":[9.4242204,51.1353327]},"properties":{"hgv":"delivery;motorhome"}},{"type":"Feature","geometry":{"type":"Point","coordinates":[9.4232628,51.1356471]},"properties":{"hgv":"delivery;motorhome"}},{"type":"Feature","geometry":{"type":"Point","coordinates":[9.9621254,51.5527365]},"properties":{"maxweight":"3.5"}},{"type":"Feature","geometry":{"type":"Point","coordinates":[9.9509978,51.5441422]},"properties":{"maxweight":"3.5"}},{"type":"Feature","geometry":{"type":"Point","coordinates":[9.462109,51.4997084]},"properties":{"hgv":"destination"}},{"type":"Feature","geometry":{"type":"Point","coordinates":[9.0946328,51.9430378]},"properties":{"maxheight":"2"}},{"type":"Feature","geometry":{"type":"Point","coordinates":[9.0959308,51.9433665]},"properties":{"maxweight":"5.5"}},{"type":"Feature","geometry":{"type":"Point","coordinates":[9.0973739,51.9400044]},"properties":{"maxheight":"2.3"}},{"type":"Feature","geometry":{"type":"Point","coordinates":[9.0966617,51.941335]},"properties":{"hgv":"destination"}},{"type":"Feature","geometry":{"type":"Point","coordinates":[9.0872855,51.9326563]},"properties":{"hgv":"no","goods":"no"}},{"type":"Feature","geometry":{"type":"Point","coordinates":[9.1227238,51.4108144]},"properties":{"maxweight":"6"}},{"type":"Feature","geometry":{"type":"Point","coordinates":[9.9582904,51.5524788]},"properties":{"maxweight":"3.5"}},{"type":"Feature","geometry":{"type":"Point","coordinates":[9.9541822,51.5471314]},"properties":{"maxweight":"3.5"}},{"type":"Feature","geometry":{"type":"Point","coordinates":[9.454776,51.2679199]},"properties":{"maxweight":"44"}},{"type":"Feature","geometry":{"type":"Point","coordinates":[9.4585771,51.2707409]},"properties":{"maxweight":"44"}},{"type":"Feature","geometry":{"type":"Point","coordinates":[9.0105245,51.3819873]},"properties":{"hgv":"no"}},{"type":"Feature","geometry":{"type":"Point","coordinates":[9.5284917,51.277592]},"properties":{"maxheight":"default"}},{"type":"Feature","geometry":{"type":"Point","coordinates":[9.593869,51.3575433]},"properties":{"hgv":"delivery"}},{"type":"Feature","geometry":{"type":"Point","coordinates":[9.0969861,51.8614602]},"properties":{"maxweight":"3"}},{"type":"Feature","geometry":{"type":"Point","coordinates":[9.2476688,51.9653206]},"properties":{"hgv":"destination","maxweight":"7.5"}},{"type":"Feature","geometry":{"type":"Point","coordinates":[9.4668338,51.3232828]},"properties":{"maxheight":"3.40"}},{"type":"Feature","geometry":{"type":"Point","coordinates":[9.5642692,51.3202519]},"properties":{"hgv":"yes"}},{"type":"Feature","geometry":{"type":"Point","coordinates":[9.0062159,51.38683]},"properties":{"maxheight":"4.0"}},{"type":"Feature","geometry":{"type":"Point","coordinates":[9.4777048,51.3215793]},"properties":{"maxheight":"2.5","maxwidth":"2"}},{"type":"Feature","geometry":{"type":"Point","coordinates":[9.4760263,51.3216631]},"properties":{"maxheight":"2.5","maxwidth":"2"}},{"type":"Feature","geometry":{"type":"Point","coordinates":[9.9585448,51.6148398]},"properties":{"hgv":"no"}},{"type":"Feature","geometry":{"type":"Point","coordinates":[9.8879938,51.0163141]},"properties":{"maxweight":"7.5"}},{"type":"Feature","geometry":{"type":"Point","coordinates":[9.0964181,51.943409]},"properties":{"maxweight":"5.5"}},{"type":"Feature","geometry":{"type":"Point","coordinates":[9.253633,51.9078053]},"properties":{"maxweight":"2.5"}},{"type":"Feature","geometry":{"type":"Point","coordinates":[9.3753918,51.1029263]},"properties":{"maxweight":"5"}},{"type":"Feature","geometry":{"type":"Point","coordinates":[9.2528126,51.903751]},"properties":{"maxweight":"3.5"}},{"type":"Feature","geometry":{"type":"Point","coordinates":[9.2591691,51.898487]},"properties":{"maxweight":"12"}},{"type":"Feature","geometry":{"type":"Point","coordinates":[9.2467147,51.9069531]},"properties":{"maxweight":"10"}},{"type":"Feature","geometry":{"type":"Point","coordinates":[9.254332,51.916966]},"properties":{"maxweight":"10"}},{"type":"Feature","geometry":{"type":"Point","coordinates":[9.0829759,51.3468831]},"properties":{"hgv":"no"}},{"type":"Feature","geometry":{"type":"Point","coordinates":[9.0182319,51.9779925]},"properties":{"maxweight":"12"}},{"type":"Feature","geometry":{"type":"Point","coordinates":[9.2731404,51.9148043]},"properties":{"maxweight":"3.5"}},{"type":"Feature","geometry":{"type":"Point","coordinates":[9.2627557,51.9559102]},"properties":{"maxweight":"7.5"}},{"type":"Feature","geometry":{"type":"Point","coordinates":[9.2639259,51.9541868]},"properties":{"maxweight":"7.5"}},{"type":"Feature","geometry":{"type":"Point","coordinates":[9.4549424,51.3030619]},"properties":{"maxheight":"3.5"}},{"type":"Feature","geometry":{"type":"Point","coordinates":[9.0514291,51.235459]},"properties":{"maxweight":"12"}},{"type":"Feature","geometry":{"type":"Point","coordinates":[9.246391,51.953825]},"properties":{"maxlength":"10"}},{"type":"Feature","geometry":{"type":"Point","coordinates":[9.2504463,51.9569223]},"properties":{"maxweight":"7.5"}},{"type":"Feature","geometry":{"type":"Point","coordinates":[9.0877267,51.9389453]},"properties":{"maxheight":"3.7"}},{"type":"Feature","geometry":{"type":"Point","coordinates":[9.8828619,51.8160474]},"properties":{"maxheight":"3.7"}},{"type":"Feature","geometry":{"type":"Point","coordinates":[9.3258499,51.8778218]},"properties":{"maxweight":"7.5"}},{"type":"Feature","geometry":{"type":"Point","coordinates":[9.1674476,51.8934967]},"properties":{"hgv":"no","goods":"no"}},{"type":"Feature","geometry":{"type":"Point","coordinates":[9.7156744,51.4016871]},"properties":{"maxheight":"3"}},{"type":"Feature","geometry":{"type":"Point","coordinates":[9.6379635,51.3697299]},"properties":{"maxheight":"default"}},{"type":"Feature","geometry":{"type":"Point","coordinates":[9.8620137,51.5383258]},"properties":{"maxweight":"9 t"}},{"type":"Feature","geometry":{"type":"Point","coordinates":[9.0306758,51.9619398]},"properties":{"hgv":"agricultural;forestry"}},{"type":"Feature","geometry":{"type":"Point","coordinates":[9.0314251,51.9622421]},"properties":{"hgv":"agricultural;forestry","maxwidth":"4"}},{"type":"Feature","geometry":{"type":"Point","coordinates":[9.0320303,51.9628038]},"properties":{"hgv":"agricultural;forestry"}},{"type":"Feature","geometry":{"type":"Point","coordinates":[9.1349109,51.1682755]},"properties":{"hgv":"no"}},{"type":"Feature","geometry":{"type":"Point","coordinates":[9.096388,51.9433412]},"properties":{"maxweight":"5.5"}},{"type":"Feature","geometry":{"type":"Point","coordinates":[9.9552297,51.1378928]},"properties":{"maxweightrating:hgv":"12"}},{"type":"Feature","geometry":{"type":"Point","coordinates":[9.0057271,51.8718909]},"properties":{"hgv":"no"}},{"type":"Feature","geometry":{"type":"Point","coordinates":[9.060853,51.8627515]},"properties":{"maxweight":"20"}},{"type":"Feature","geometry":{"type":"Point","coordinates":[9.4483477,51.8259948]},"properties":{"hgv":"no"}},{"type":"Feature","geometry":{"type":"Point","coordinates":[9.4456724,51.8227431]},"properties":{"maxweight":"5.5"}},{"type":"Feature","geometry":{"type":"Point","coordinates":[9.0984303,51.3006185]},"properties":{"maxweight":"2"}},{"type":"Feature","geometry":{"type":"Point","coordinates":[9.0946165,51.297889]},"properties":{"maxweight":"2"}},{"type":"Feature","geometry":{"type":"Point","coordinates":[9.3029436,51.3233836]},"properties":{"hgv":"no","goods":"no"}},{"type":"Feature","geometry":{"type":"Point","coordinates":[9.0330867,51.5287528]},"properties":{"hgv":"destination"}},{"type":"Feature","geometry":{"type":"Point","coordinates":[9.0939762,51.2974981]},"properties":{"maxweight":"2"}},{"type":"Feature","geometry":{"type":"Point","coordinates":[9.1354915,51.1701551]},"properties":{"maxweight":"1.5"}},{"type":"Feature","geometry":{"type":"Point","coordinates":[9.1331729,51.1715591]},"properties":{"maxweight":"1.5"}},{"type":"Feature","geometry":{"type":"Point","coordinates":[9.1371237,51.1656091]},"properties":{"maxweight":"50"}},{"type":"Feature","geometry":{"type":"Point","coordinates":[9.1367101,51.1661386]},"properties":{"maxweight":"3.5"}},{"type":"Feature","geometry":{"type":"Point","coordinates":[9.0958781,51.2997534]},"properties":{"maxweight":"2"}},{"type":"Feature","geometry":{"type":"Point","coordinates":[9.1288204,51.1288144]},"properties":{"maxweight":"2.8"}},{"type":"Feature","geometry":{"type":"Point","coordinates":[9.139866,51.1428275]},"properties":{"maxweight":"2.8"}},{"type":"Feature","geometry":{"type":"Point","coordinates":[9.1431432,51.1430292]},"properties":{"maxweight":"2.8"}},{"type":"Feature","geometry":{"type":"Point","coordinates":[9.1276781,51.1275173]},"properties":{"maxweight":"2.8"}},{"type":"Feature","geometry":{"type":"Point","coordinates":[9.140737,51.1412598]},"properties":{"maxweight":"2.8"}},{"type":"Feature","geometry":{"type":"Point","coordinates":[9.4734441,51.1862991]},"properties":{"maxheight":"default"}},{"type":"Feature","geometry":{"type":"Point","coordinates":[9.7718594,51.0198801]},"properties":{"hgv":"destination"}},{"type":"Feature","geometry":{"type":"Point","coordinates":[9.9435019,51.5515009]},"properties":{"maxweight":"30 t"}},{"type":"Feature","geometry":{"type":"Point","coordinates":[9.1601452,51.4904043]},"properties":{"maxweight":"5"}},{"type":"Feature","geometry":{"type":"Point","coordinates":[9.142987,51.9216006]},"properties":{"maxheight":"2.8"}},{"type":"Feature","geometry":{"type":"Point","coordinates":[9.9639362,51.7641118]},"properties":{"hgv":"no"}},{"type":"Feature","geometry":{"type":"Point","coordinates":[9.9714653,51.7644777]},"properties":{"hgv":"no"}},{"type":"Feature","geometry":{"type":"Point","coordinates":[9.9679297,51.7638182]},"properties":{"hgv":"no"}},{"type":"Feature","geometry":{"type":"Point","coordinates":[9.9682218,51.7638609]},"properties":{"hgv":"no"}},{"type":"Feature","geometry":{"type":"Point","coordinates":[9.9662886,51.7634467]},"properties":{"hgv":"no"}},{"type":"Feature","geometry":{"type":"Point","coordinates":[9.9643315,51.763732]},"properties":{"hgv":"no"}},{"type":"Feature","geometry":{"type":"Point","coordinates":[9.9661328,51.7635741]},"properties":{"hgv":"no"}},{"type":"Feature","geometry":{"type":"Point","coordinates":[9.1622675,51.4929492]},"properties":{"maxheight":"4.0"}},{"type":"Feature","geometry":{"type":"Point","coordinates":[9.1465101,51.4914387]},"properties":{"hgv":"destination"}},{"type":"Feature","geometry":{"type":"Point","coordinates":[9.1465117,51.4908936]},"properties":{"hgv":"no"}},{"type":"Feature","geometry":{"type":"Point","coordinates":[9.1475319,51.4884043]},"properties":{"hgv":"destination"}},{"type":"Feature","geometry":{"type":"Point","coordinates":[9.1499315,51.4879231]},"properties":{"hgv":"destination"}},{"type":"Feature","geometry":{"type":"Point","coordinates":[9.8402899,51.6478484]},"properties":{"maxheight":"3.1"}},{"type":"Feature","geometry":{"type":"Point","coordinates":[9.5435306,51.3406286]},"properties":{"maxweight":"7.5"}},{"type":"Feature","geometry":{"type":"Point","coordinates":[9.0075307,51.4889252]},"properties":{"hgv":"no"}},{"type":"Feature","geometry":{"type":"Point","coordinates":[9.0067965,51.4879006]},"properties":{"hgv":"designated"}},{"type":"Feature","geometry":{"type":"Point","coordinates":[9.4552789,51.2628192]},"properties":{"maxweight":"44"}},{"type":"Feature","geometry":{"type":"Point","coordinates":[9.2768832,51.9770083]},"properties":{"maxheight":"4.4"}},{"type":"Feature","geometry":{"type":"Point","coordinates":[9.28935,51.9825376]},"properties":{"maxheight":"3.9"}},{"type":"Feature","geometry":{"type":"Point","coordinates":[9.1689415,51.6983844]},"properties":{"maxweight":"12 t"}},{"type":"Feature","geometry":{"type":"Point","coordinates":[9.1710388,51.7015573]},"properties":{"maxheight":"default"}},{"type":"Feature","geometry":{"type":"Point","coordinates":[9.4815037,51.2035293]},"properties":{"hgv":"no"}},{"type":"Feature","geometry":{"type":"Point","coordinates":[9.6635377,51.4435591]},"properties":{"maxweight":"9"}},{"type":"Feature","geometry":{"type":"Point","coordinates":[9.65244,51.440383]},"properties":{"maxweight":"2.8"}},{"type":"Feature","geometry":{"type":"Point","coordinates":[9.0997032,51.3168747]},"properties":{"maxweight":"7.5"}},{"type":"Feature","geometry":{"type":"Point","coordinates":[9.2242217,51.9639483]},"properties":{"maxweight":"7"}},{"type":"Feature","geometry":{"type":"Point","coordinates":[9.6599721,51.4469947]},"properties":{"maxweight":"12"}},{"type":"Feature","geometry":{"type":"Point","coordinates":[9.5494256,51.1520081]},"properties":{"maxheight":"2"}},{"type":"Feature","geometry":{"type":"Point","coordinates":[9.4718858,51.2611713]},"properties":{"maxweight":"44"}},{"type":"Feature","geometry":{"type":"Point","coordinates":[9.4757089,51.2608842]},"properties":{"maxweight":"44"}},{"type":"Feature","geometry":{"type":"Point","coordinates":[9.4714686,51.2613157]},"properties":{"maxweight":"44"}},{"type":"Feature","geometry":{"type":"Point","coordinates":[9.4680953,51.2614822]},"properties":{"maxweight":"44"}},{"type":"Feature","geometry":{"type":"Point","coordinates":[9.4673517,51.2598652]},"properties":{"maxweight":"16"}},{"type":"Feature","geometry":{"type":"Point","coordinates":[9.5476598,51.1318571]},"properties":{"hgv":"no","goods":"no"}},{"type":"Feature","geometry":{"type":"Point","coordinates":[9.0338788,51.9193184]},"properties":{"hgv":"no"}},{"type":"Feature","geometry":{"type":"Point","coordinates":[9.4883387,51.0404022]},"properties":{"maxweight":"7.5"}},{"type":"Feature","geometry":{"type":"Point","coordinates":[9.4904011,51.0382914]},"properties":{"maxweight":"7.5"}},{"type":"Feature","geometry":{"type":"Point","coordinates":[9.4923455,51.0368673]},"properties":{"maxweight":"7.5"}},{"type":"Feature","geometry":{"type":"Point","coordinates":[9.883132,51.5297309]},"properties":{"hgv":"no"}},{"type":"Feature","geometry":{"type":"Point","coordinates":[9.9467782,51.8377364]},"properties":{"hgv":"no","goods":"no"}},{"type":"Feature","geometry":{"type":"Point","coordinates":[9.9656004,51.852383]},"properties":{"maxheight":"2.8"}},{"type":"Feature","geometry":{"type":"Point","coordinates":[9.9370831,51.6383577]},"properties":{"maxweight":"30"}},{"type":"Feature","geometry":{"type":"Point","coordinates":[9.1509454,51.9137529]},"properties":{"maxheight":"default"}},{"type":"Feature","geometry":{"type":"Point","coordinates":[9.0452227,51.9502941]},"properties":{"maxweight":"6"}},{"type":"Feature","geometry":{"type":"Point","coordinates":[9.0443766,51.9509499]},"properties":{"maxweight":"6"}},{"type":"Feature","geometry":{"type":"Point","coordinates":[9.0222335,51.9719489]},"properties":{"maxheight":"default"}},{"type":"Feature","geometry":{"type":"Point","coordinates":[9.1796833,51.6951689]},"properties":{"maxweight":"1.5"}},{"type":"Feature","geometry":{"type":"Point","coordinates":[9.2572465,51.9695905]},"properties":{"hgv":"destination","maxweight":"7.5"}},{"type":"Feature","geometry":{"type":"Point","coordinates":[9.680849,51.027856]},"properties":{"maxweight":"30"}},{"type":"Feature","geometry":{"type":"Point","coordinates":[9.5003153,51.2603573]},"properties":{"maxweight":"44"}},{"type":"Feature","geometry":{"type":"Point","coordinates":[9.5055815,51.2607111]},"properties":{"maxweight":"44"}},{"type":"Feature","geometry":{"type":"Point","coordinates":[9.5122969,51.2608124]},"properties":{"maxweight":"44"}},{"type":"Feature","geometry":{"type":"Point","coordinates":[9.5099147,51.2610041]},"properties":{"maxweight":"44"}},{"type":"Feature","geometry":{"type":"Point","coordinates":[9.5114626,51.2610803]},"properties":{"maxweight":"44 t"}},{"type":"Feature","geometry":{"type":"Point","coordinates":[9.5099147,51.2610041]},"properties":{"maxweight":"44 t"}},{"type":"Feature","geometry":{"type":"Point","coordinates":[9.4840431,51.2598665]},"properties":{"maxweight":"44"}},{"type":"Feature","geometry":{"type":"Point","coordinates":[9.237391,51.272847]},"properties":{"hgv":"delivery","maxweight":"7.5"}},{"type":"Feature","geometry":{"type":"Point","coordinates":[9.2484409,51.966527]},"properties":{"hgv":"destination","maxweight":"7.5"}},{"type":"Feature","geometry":{"type":"Point","coordinates":[9.2496365,51.9682604]},"properties":{"hgv":"destination","maxweight":"7.5"}},{"type":"Feature","geometry":{"type":"Point","coordinates":[9.9948804,51.6604011]},"properties":{"hgv":"destination;agricultural"}},{"type":"Feature","geometry":{"type":"Point","coordinates":[9.535664,51.3503524]},"properties":{"maxheight":"4"}},{"type":"Feature","geometry":{"type":"Point","coordinates":[9.8599104,51.8582899]},"properties":{"maxweight":"3.5"}},{"type":"Feature","geometry":{"type":"Point","coordinates":[9.9841755,51.4877391]},"properties":{"maxweight":"12 t"}},{"type":"Feature","geometry":{"type":"Point","coordinates":[9.7611755,51.4948715]},"properties":{"hgv":"destination"}},{"type":"Feature","geometry":{"type":"Point","coordinates":[9.4612283,51.4649393]},"properties":{"maxheight":"3.7"}},{"type":"Feature","geometry":{"type":"Point","coordinates":[9.4625744,51.1311565]},"properties":{"hgv":"no","maxweightrating:hgv":"7.5"}},{"type":"Feature","geometry":{"type":"Point","coordinates":[9.5168048,51.3510248]},"properties":{"maxheight":"default"}},{"type":"Feature","geometry":{"type":"Point","coordinates":[9.9070153,51.8302219]},"properties":{"hgv":"no","goods":"no"}},{"type":"Feature","geometry":{"type":"Point","coordinates":[9.9060885,51.8315107]},"properties":{"hgv":"no","goods":"no"}},{"type":"Feature","geometry":{"type":"Point","coordinates":[9.6582157,51.4152453]},"properties":{"hgv":"no"}},{"type":"Feature","geometry":{"type":"Point","coordinates":[9.5580323,51.3036046]},"properties":{"maxweight":"12"}},{"type":"Feature","geometry":{"type":"Point","coordinates":[9.9789011,51.6895522]},"properties":{"maxweight":"6 t"}},{"type":"Feature","geometry":{"type":"Point","coordinates":[9.7696168,51.7857611]},"properties":{"maxweight":"12"}},{"type":"Feature","geometry":{"type":"Point","coordinates":[9.9910844,51.7141953]},"properties":{"maxheight":"default"}},{"type":"Feature","geometry":{"type":"Point","coordinates":[9.0939051,51.890719]},"properties":{"maxweight":"7"}},{"type":"Feature","geometry":{"type":"Point","coordinates":[9.0744348,51.9687924]},"properties":{"hgv":"destination"}},{"type":"Feature","geometry":{"type":"Point","coordinates":[9.0745937,51.9747218]},"properties":{"hgv":"destination"}},{"type":"Feature","geometry":{"type":"Point","coordinates":[9.6674456,51.3657963]},"properties":{"maxweight":"7.5 t"}},{"type":"Feature","geometry":{"type":"Point","coordinates":[9.9334291,51.6321111]},"properties":{"maxheight":"3.3 m"}},{"type":"Feature","geometry":{"type":"Point","coordinates":[9.9066642,51.538536]},"properties":{"maxweight":"7.5 t"}},{"type":"Feature","geometry":{"type":"Point","coordinates":[9.4407883,51.3389734]},"properties":{"hgv":"destination","maxweight":"30"}},{"type":"Feature","geometry":{"type":"Point","coordinates":[9.9056162,51.0244035]},"properties":{"hgv":"no","goods":"destination"}},{"type":"Feature","geometry":{"type":"Point","coordinates":[9.4736456,51.3158612]},"properties":{"hgv":"no"}},{"type":"Feature","geometry":{"type":"Point","coordinates":[9.9316414,51.0155236]},"properties":{"maxweight":"7.5"}},{"type":"Feature","geometry":{"type":"Point","coordinates":[9.9498436,51.0407285]},"properties":{"maxweight":"2.5"}},{"type":"Feature","geometry":{"type":"Point","coordinates":[9.5462601,51.3053977]},"properties":{"maxweight":"3.5"}},{"type":"Feature","geometry":{"type":"Point","coordinates":[9.2439816,51.906064]},"properties":{"maxweight":"10"}},{"type":"Feature","geometry":{"type":"Point","coordinates":[9.869341,51.667528]},"properties":{"hgv":"agricultural"}},{"type":"Feature","geometry":{"type":"Point","coordinates":[9.8917636,51.6674147]},"properties":{"hgv":"agricultural"}},{"type":"Feature","geometry":{"type":"Point","coordinates":[9.4786982,51.3268614]},"properties":{"maxweight":"24"}},{"type":"Feature","geometry":{"type":"Point","coordinates":[9.4197726,51.8215581]},"properties":{"maxheight":"default"}},{"type":"Feature","geometry":{"type":"Point","coordinates":[9.4290106,51.2251363]},"properties":{"hgv":"discouraged"}},{"type":"Feature","geometry":{"type":"Point","coordinates":[9.9154741,51.556966]},"properties":{"maxheight":"default"}},{"type":"Feature","geometry":{"type":"Point","coordinates":[9.2935622,51.498158]},"properties":{"maxheight":"3.2"}},{"type":"Feature","geometry":{"type":"Point","coordinates":[9.294575,51.497253]},"properties":{"maxweight":"12"}},{"type":"Feature","geometry":{"type":"Point","coordinates":[9.9178037,51.3378927]},"properties":{"maxheight":"3.5"}},{"type":"Feature","geometry":{"type":"Point","coordinates":[9.0398631,51.8803073]},"properties":{"hgv":"destination","maxweight":"7"}},{"type":"Feature","geometry":{"type":"Point","coordinates":[9.0398502,51.8803539]},"properties":{"hgv":"destination","maxweight":"7"}},{"type":"Feature","geometry":{"type":"Point","coordinates":[9.3198492,51.8552428]},"properties":{"maxweight":"5"}},{"type":"Feature","geometry":{"type":"Point","coordinates":[9.0897168,51.8894421]},"properties":{"maxheight":"default"}},{"type":"Feature","geometry":{"type":"Point","coordinates":[9.9073797,51.4456787]},"properties":{"maxweightrating:hgv":"3.5 t"}},{"type":"Feature","geometry":{"type":"Point","coordinates":[9.1426596,51.9332488]},"properties":{"hgv":"destination"}},{"type":"Feature","geometry":{"type":"Point","coordinates":[9.1025887,51.8931602]},"properties":{"maxheight":"3.4"}},{"type":"Feature","geometry":{"type":"Point","coordinates":[9.913207,51.5135773]},"properties":{"hgv":"no"}},{"type":"Feature","geometry":{"type":"Point","coordinates":[9.9096404,51.5473409]},"properties":{"hgv":"destination"}},{"type":"Feature","geometry":{"type":"Point","coordinates":[9.9095332,51.548339]},"properties":{"hgv":"destination"}},{"type":"Feature","geometry":{"type":"Point","coordinates":[9.9104451,51.5481627]},"properties":{"hgv":"destination"}},{"type":"Feature","geometry":{"type":"Point","coordinates":[9.4297849,51.3167392]},"properties":{"maxweight":"3.5"}},{"type":"Feature","geometry":{"type":"Point","coordinates":[9.5347585,51.3045524]},"properties":{"hgv":"destination"}},{"type":"Feature","geometry":{"type":"Point","coordinates":[9.2804064,51.3190415]},"properties":{"maxweight":"5.5"}},{"type":"Feature","geometry":{"type":"Point","coordinates":[9.2804064,51.3190415]},"properties":{"maxweight":"5.5"}},{"type":"Feature","geometry":{"type":"Point","coordinates":[9.8638756,51.5042647]},"properties":{"maxheight":"default"}},{"type":"Feature","geometry":{"type":"Point","coordinates":[9.4900042,51.3128228]},"properties":{"maxheight":"1.80"}},{"type":"Feature","geometry":{"type":"Point","coordinates":[9.4908669,51.3134935]},"properties":{"maxheight":"2"}},{"type":"Feature","geometry":{"type":"Point","coordinates":[9.4285999,51.2013768]},"properties":{"hgv":"delivery"}},{"type":"Feature","geometry":{"type":"Point","coordinates":[9.4770556,51.3215826]},"properties":{"maxheight":"2.5","maxwidth":"2"}},{"type":"Feature","geometry":{"type":"Point","coordinates":[9.4660416,51.3248564]},"properties":{"maxheight":"4"}},{"type":"Feature","geometry":{"type":"Point","coordinates":[9.9063293,51.4434704]},"properties":{"hgv":"no","maxweight":"5.5"}},{"type":"Feature","geometry":{"type":"Point","coordinates":[9.0320665,51.6248297]},"properties":{"hgv":"destination"}},{"type":"Feature","geometry":{"type":"Point","coordinates":[9.4720821,51.3487091]},"properties":{"maxheight":"default"}},{"type":"Feature","geometry":{"type":"Point","coordinates":[9.961496,51.2989385]},"properties":{"maxheight":"3.8"}},{"type":"Feature","geometry":{"type":"Point","coordinates":[9.1234533,51.1182515]},"properties":{"maxwidth":"2.6"}},{"type":"Feature","geometry":{"type":"Point","coordinates":[9.1270139,51.1193445]},"properties":{"maxwidth":"2.6"}},{"type":"Feature","geometry":{"type":"Point","coordinates":[9.1216117,51.1205407]},"properties":{"hgv":"no"}},{"type":"Feature","geometry":{"type":"Point","coordinates":[9.1208985,51.1222891]},"properties":{"maxlength":"10"}},{"type":"Feature","geometry":{"type":"Point","coordinates":[9.5115609,51.3182692]},"properties":{"hgv":"no","maxweight":"12"}},{"type":"Feature","geometry":{"type":"Point","coordinates":[9.0948474,51.881226]},"properties":{"maxheight":"3.9"}},{"type":"Feature","geometry":{"type":"Point","coordinates":[9.0459937,51.8833366]},"properties":{"hgv":"destination","maxweight":"7"}},{"type":"Feature","geometry":{"type":"Point","coordinates":[9.043541,51.8820132]},"properties":{"hgv":"destination","maxweight":"7"}},{"type":"Feature","geometry":{"type":"Point","coordinates":[9.1563065,51.8559955]},"properties":{"hgv":"agricultural"}},{"type":"Feature","geometry":{"type":"Point","coordinates":[9.1713054,51.8630434]},"properties":{"hgv":"destination"}},{"type":"Feature","geometry":{"type":"Point","coordinates":[9.9392236,51.3044875]},"properties":{"maxheight":"4"}},{"type":"Feature","geometry":{"type":"Point","coordinates":[9.0029848,51.8098386]},"properties":{"maxheight":"3.8"}},{"type":"Feature","geometry":{"type":"Point","coordinates":[9.1013272,51.9337834]},"properties":{"maxweight":"7.5"}},{"type":"Feature","geometry":{"type":"Point","coordinates":[9.0386162,51.9202862]},"properties":{"hgv":"no"}},{"type":"Feature","geometry":{"type":"Point","coordinates":[9.0364996,51.9191737]},"properties":{"hgv":"no"}},{"type":"Feature","geometry":{"type":"Point","coordinates":[9.0477129,51.8844425]},"properties":{"hgv":"destination","maxweight":"7"}},{"type":"Feature","geometry":{"type":"Point","coordinates":[9.6364916,51.2810476]},"properties":{"maxheight":"3.5"}},{"type":"Feature","geometry":{"type":"Point","coordinates":[9.4602032,51.316309]},"properties":{"maxheight":"2.2"}},{"type":"Feature","geometry":{"type":"Point","coordinates":[9.3527094,51.4062434]},"properties":{"maxweight":"20"}},{"type":"Feature","geometry":{"type":"Point","coordinates":[9.3540696,51.4063746]},"properties":{"maxweight":"20"}},{"type":"Feature","geometry":{"type":"Point","coordinates":[9.0444196,51.1648136]},"properties":{"maxweight":"16"}},{"type":"Feature","geometry":{"type":"Point","coordinates":[9.1460042,51.7003998]},"properties":{"maxheight":"default"}},{"type":"Feature","geometry":{"type":"Point","coordinates":[9.0845407,51.9419889]},"properties":{"hgv":"destination"}},{"type":"Feature","geometry":{"type":"Point","coordinates":[9.2479603,51.9074078]},"properties":{"maxweight":"10"}},{"type":"Feature","geometry":{"type":"Point","coordinates":[9.561136,51.3032171]},"properties":{"maxheight":"4"}},{"type":"Feature","geometry":{"type":"Point","coordinates":[9.3973901,51.1946403]},"properties":{"maxweight":"30"}},{"type":"Feature","geometry":{"type":"Point","coordinates":[9.728264,51.2339185]},"properties":{"maxweightrating:hgv":"7.5"}},{"type":"Feature","geometry":{"type":"Point","coordinates":[9.7502063,51.5782011]},"properties":{"maxwidth":"2.0"}},{"type":"Feature","geometry":{"type":"Point","coordinates":[9.0230579,51.7400477]},"properties":{"maxheight":"default"}},{"type":"Feature","geometry":{"type":"Point","coordinates":[9.0663842,51.1392584]},"properties":{"maxweight":"3.5"}},{"type":"Feature","geometry":{"type":"Point","coordinates":[9.5321619,51.0340306]},"properties":{"maxweight":"1.5"}},{"type":"Feature","geometry":{"type":"Point","coordinates":[9.5315977,51.0915079]},"properties":{"maxheight":"3.9"}},{"type":"Feature","geometry":{"type":"Point","coordinates":[9.2717739,51.0503472]},"properties":{"maxweight":"7.5"}},{"type":"Feature","geometry":{"type":"Point","coordinates":[9.2745694,51.0609038]},"properties":{"maxweight":"6"}},{"type":"Feature","geometry":{"type":"Point","coordinates":[9.2745402,51.0615241]},"properties":{"maxweight":"6"}},{"type":"Feature","geometry":{"type":"Point","coordinates":[9.2745412,51.0617152]},"properties":{"maxweight":"6"}},{"type":"Feature","geometry":{"type":"Point","coordinates":[9.2744711,51.062015]},"properties":{"maxweight":"6"}},{"type":"Feature","geometry":{"type":"Point","coordinates":[9.2744603,51.0620984]},"properties":{"maxweight":"2.5"}},{"type":"Feature","geometry":{"type":"Point","coordinates":[9.2744338,51.0621665]},"properties":{"maxweight":"6"}},{"type":"Feature","geometry":{"type":"Point","coordinates":[9.7690494,51.0364665]},"properties":{"maxweight":"12t"}},{"type":"Feature","geometry":{"type":"Point","coordinates":[9.4878945,51.3240439]},"properties":{"maxheight":"3.5"}},{"type":"Feature","geometry":{"type":"Point","coordinates":[9.487332,51.3247547]},"properties":{"hgv":"destination"}},{"type":"Feature","geometry":{"type":"Point","coordinates":[9.5358846,51.0918232]},"properties":{"hgv":"destination"}},{"type":"Feature","geometry":{"type":"Point","coordinates":[9.5382475,51.0917384]},"properties":{"hgv":"agricultural;delivery"}},{"type":"Feature","geometry":{"type":"Point","coordinates":[9.5370616,51.0938585]},"properties":{"hgv":"destination"}},{"type":"Feature","geometry":{"type":"Point","coordinates":[9.4680606,51.334827]},"properties":{"maxweight":"2.5"}},{"type":"Feature","geometry":{"type":"Point","coordinates":[9.9230944,51.5425911]},"properties":{"maxheight":"2.1 m"}},{"type":"Feature","geometry":{"type":"Point","coordinates":[9.8597854,51.1590973]},"properties":{"maxheight":"4.2"}},{"type":"Feature","geometry":{"type":"Point","coordinates":[9.4476481,51.3109389]},"properties":{"maxweight":"16"}},{"type":"Feature","geometry":{"type":"Point","coordinates":[9.4477523,51.3119739]},"properties":{"maxweight":"16"}},{"type":"Feature","geometry":{"type":"Point","coordinates":[9.4482482,51.3120855]},"properties":{"maxweight":"16"}},{"type":"Feature","geometry":{"type":"Point","coordinates":[9.4471448,51.3118365]},"properties":{"maxweight":"16"}},{"type":"Feature","geometry":{"type":"Point","coordinates":[9.9411697,51.4905422]},"properties":{"maxweight":"12 t"}},{"type":"Feature","geometry":{"type":"Point","coordinates":[9.9424656,51.5559414]},"properties":{"maxheight":"default"}},{"type":"Feature","geometry":{"type":"Point","coordinates":[9.0107354,51.3222007]},"properties":{"maxweight":"3.5"}},{"type":"Feature","geometry":{"type":"Point","coordinates":[9.9865314,51.8797497]},"properties":{"maxheight":"default"}},{"type":"Feature","geometry":{"type":"Point","coordinates":[9.6281827,51.1403947]},"properties":{"hgv":"agricultural;forestry"}},{"type":"Feature","geometry":{"type":"Point","coordinates":[9.4571924,51.3056343]},"properties":{"hgv":"destination"}},{"type":"Feature","geometry":{"type":"Point","coordinates":[9.7387,51.6931496]},"properties":{"maxweight":"3.5 t"}},{"type":"Feature","geometry":{"type":"Point","coordinates":[9.7437287,51.6842693]},"properties":{"maxweight":"3.5"}},{"type":"Feature","geometry":{"type":"Point","coordinates":[9.7441697,51.684095]},"properties":{"maxweight":"3.5"}},{"type":"Feature","geometry":{"type":"Point","coordinates":[9.4437221,51.8282421]},"properties":{"hgv":"no"}},{"type":"Feature","geometry":{"type":"Point","coordinates":[9.1376638,51.6024137]},"properties":{"maxheight":"default"}},{"type":"Feature","geometry":{"type":"Point","coordinates":[9.4524518,51.6416332]},"properties":{"maxwidth":"6","maxlength":"12"}},{"type":"Feature","geometry":{"type":"Point","coordinates":[9.3812344,51.7720265]},"properties":{"maxheight":"below_default"}},{"type":"Feature","geometry":{"type":"Point","coordinates":[9.5395028,51.0913452]},"properties":{"hgv":"agricultural;delivery"}},{"type":"Feature","geometry":{"type":"Point","coordinates":[9.4445054,51.1608983]},"properties":{"maxheight":"3.5"}},{"type":"Feature","geometry":{"type":"Point","coordinates":[9.3996569,51.6460717]},"properties":{"maxweight":"3"}},{"type":"Feature","geometry":{"type":"Point","coordinates":[9.0093866,51.2112175]},"properties":{"maxweight":"16"}},{"type":"Feature","geometry":{"type":"Point","coordinates":[9.0097173,51.2111785]},"properties":{"maxweight":"16"}},{"type":"Feature","geometry":{"type":"Point","coordinates":[9.407996,51.8156651]},"properties":{"maxweight":"6"}},{"type":"Feature","geometry":{"type":"Point","coordinates":[9.8841571,51.3399165]},"properties":{"maxweight":"3.5"}},{"type":"Feature","geometry":{"type":"Point","coordinates":[9.8859526,51.3346084]},"properties":{"maxweight":"3.5"}},{"type":"Feature","geometry":{"type":"Point","coordinates":[9.8729349,51.0807669]},"properties":{"hgv":"no"}},{"type":"Feature","geometry":{"type":"Point","coordinates":[9.6550506,51.1403093]},"properties":{"hgv":"agricultural;forestry"}},{"type":"Feature","geometry":{"type":"Point","coordinates":[9.1435492,51.2811351]},"properties":{"maxweight":"2.8"}},{"type":"Feature","geometry":{"type":"Point","coordinates":[9.1382321,51.3125825]},"properties":{"maxweight":"2"}},{"type":"Feature","geometry":{"type":"Point","coordinates":[9.1347498,51.3114249]},"properties":{"maxweight":"2"}},{"type":"Feature","geometry":{"type":"Point","coordinates":[9.131063,51.3105437]},"properties":{"maxweight":"2"}},{"type":"Feature","geometry":{"type":"Point","coordinates":[9.1299304,51.3106362]},"properties":{"maxweight":"2"}},{"type":"Feature","geometry":{"type":"Point","coordinates":[9.6329552,51.6786666]},"properties":{"hgv":"no"}},{"type":"Feature","geometry":{"type":"Point","coordinates":[9.1279647,51.5531303]},"properties":{"maxheight":"3.2"}},{"type":"Feature","geometry":{"type":"Point","coordinates":[9.9882751,51.7048613]},"properties":{"maxheight":"4"}},{"type":"Feature","geometry":{"type":"Point","coordinates":[9.9992346,51.7058478]},"properties":{"maxweight":"7.5"}},{"type":"Feature","geometry":{"type":"Point","coordinates":[9.9977178,51.7051404]},"properties":{"maxweight":"7.5"}},{"type":"Feature","geometry":{"type":"Point","coordinates":[9.9994863,51.7053607]},"properties":{"maxweight":"7.5"}},{"type":"Feature","geometry":{"type":"Point","coordinates":[9.9778923,51.7092963]},"properties":{"maxheight":"4"}},{"type":"Feature","geometry":{"type":"Point","coordinates":[9.964259,51.7484985]},"properties":{"maxheight":"3.15"}},{"type":"Feature","geometry":{"type":"Point","coordinates":[9.1969763,51.4832056]},"properties":{"maxweight":"30"}},{"type":"Feature","geometry":{"type":"Point","coordinates":[9.1972541,51.4836631]},"properties":{"maxweight":"30"}},{"type":"Feature","geometry":{"type":"Point","coordinates":[9.9923323,51.708667]},"properties":{"maxheight":"default"}},{"type":"Feature","geometry":{"type":"Point","coordinates":[9.4125588,51.1357599]},"properties":{"hgv":"destination"}},{"type":"Feature","geometry":{"type":"Point","coordinates":[9.5102544,51.326723]},"properties":{"maxheight":"2.1","maxweight":"2.5"}},{"type":"Feature","geometry":{"type":"Point","coordinates":[9.6651065,51.1182819]},"properties":{"maxweight":"2.8"}},{"type":"Feature","geometry":{"type":"Point","coordinates":[9.5095924,51.3268302]},"properties":{"hgv":"destination"}},{"type":"Feature","geometry":{"type":"Point","coordinates":[9.5072905,51.2622669]},"properties":{"hgv":"no @ (22:00-05:00)"}},{"type":"Feature","geometry":{"type":"Point","coordinates":[9.5434432,51.2719857]},"properties":{"hgv":"no"}},{"type":"Feature","geometry":{"type":"Point","coordinates":[9.9101696,51.8320863]},"properties":{"hgv":"no","goods":"no"}},{"type":"Feature","geometry":{"type":"Point","coordinates":[9.9114567,51.8323729]},"properties":{"hgv":"no","goods":"no"}},{"type":"Feature","geometry":{"type":"Point","coordinates":[9.0162801,51.7374307]},"properties":{"maxwidth":"2.2"}},{"type":"Feature","geometry":{"type":"Point","coordinates":[9.3984805,51.2608717]},"properties":{"maxweight":"10"}},{"type":"Feature","geometry":{"type":"Point","coordinates":[9.3853117,51.2794144]},"properties":{"maxheight":"4"}},{"type":"Feature","geometry":{"type":"Point","coordinates":[9.7685776,51.5065429]},"properties":{"maxheight":"3","maxweight":"7.5"}},{"type":"Feature","geometry":{"type":"Point","coordinates":[9.9727452,51.3748174]},"properties":{"maxheight":"3.4"}},{"type":"Feature","geometry":{"type":"Point","coordinates":[9.8278665,51.2553988]},"properties":{"maxweight":"9"}},{"type":"Feature","geometry":{"type":"Point","coordinates":[9.7950971,51.2157992]},"properties":{"hgv":"no"}},{"type":"Feature","geometry":{"type":"Point","coordinates":[9.8627169,51.503514]},"properties":{"maxheight":"default"}},{"type":"Feature","geometry":{"type":"Point","coordinates":[9.8497695,51.4905335]},"properties":{"maxweight":"30"}},{"type":"Feature","geometry":{"type":"Point","coordinates":[9.8380666,51.4207373]},"properties":{"hgv":"destination"}},{"type":"Feature","geometry":{"type":"Point","coordinates":[9.8417072,51.4234388]},"properties":{"hgv":"destination"}},{"type":"Feature","geometry":{"type":"Point","coordinates":[9.8330645,51.4223493]},"properties":{"hgv":"destination"}},{"type":"Feature","geometry":{"type":"Point","coordinates":[9.8398726,51.4207797]},"properties":{"hgv":"destination"}},{"type":"Feature","geometry":{"type":"Point","coordinates":[9.840323,51.4210856]},"properties":{"hgv":"destination"}},{"type":"Feature","geometry":{"type":"Point","coordinates":[9.8423881,51.4207383]},"properties":{"hgv":"destination","maxheight":"4 m"}},{"type":"Feature","geometry":{"type":"Point","coordinates":[9.8395856,51.4175035]},"properties":{"hgv":"destination"}},{"type":"Feature","geometry":{"type":"Point","coordinates":[9.7306806,51.437541]},"properties":{"maxweight":"2"}},{"type":"Feature","geometry":{"type":"Point","coordinates":[9.7233564,51.4573243]},"properties":{"hgv":"destination"}},{"type":"Feature","geometry":{"type":"Point","coordinates":[9.7769335,51.4804646]},"properties":{"hgv":"destination"}},{"type":"Feature","geometry":{"type":"Point","coordinates":[9.8169238,51.4832275]},"properties":{"hgv":"destination"}},{"type":"Feature","geometry":{"type":"Point","coordinates":[9.8258415,51.4825326]},"properties":{"hgv":"destination"}},{"type":"Feature","geometry":{"type":"Point","coordinates":[9.9361738,51.5302728]},"properties":{"maxweight":"7.5"}},{"type":"Feature","geometry":{"type":"Point","coordinates":[9.721829,51.1999118]},"properties":{"hgv":"destination;delivery","maxweight":"12"}},{"type":"Feature","geometry":{"type":"Point","coordinates":[9.7211964,51.2004987]},"properties":{"hgv":"destination;delivery","maxweight":"12"}},{"type":"Feature","geometry":{"type":"Point","coordinates":[9.938339,51.8382918]},"properties":{"hgv":"no","goods":"no"}},{"type":"Feature","geometry":{"type":"Point","coordinates":[9.9208359,51.5661676]},"properties":{"hgv":"no"}},{"type":"Feature","geometry":{"type":"Point","coordinates":[9.3397525,51.6205827]},"properties":{"hgv":"destination"}},{"type":"Feature","geometry":{"type":"Point","coordinates":[9.33789,51.620725]},"properties":{"hgv":"destination"}},{"type":"Feature","geometry":{"type":"Point","coordinates":[9.5791165,51.4037163]},"properties":{"hgv":"destination"}},{"type":"Feature","geometry":{"type":"Point","coordinates":[9.5753549,51.403109]},"properties":{"hgv":"destination"}},{"type":"Feature","geometry":{"type":"Point","coordinates":[9.5076049,51.3268425]},"properties":{"maxheight":"3.3"}},{"type":"Feature","geometry":{"type":"Point","coordinates":[9.4486539,51.3119223]},"properties":{"maxweight":"16"}},{"type":"Feature","geometry":{"type":"Point","coordinates":[9.5276752,51.2884872]},"properties":{"maxweight":"3.5"}},{"type":"Feature","geometry":{"type":"Point","coordinates":[9.8712662,51.0730357]},"properties":{"hgv":"agricultural"}},{"type":"Feature","geometry":{"type":"Point","coordinates":[9.2962069,51.3647223]},"properties":{"maxweight":"7.5"}},{"type":"Feature","geometry":{"type":"Point","coordinates":[9.4770578,51.3189149]},"properties":{"maxheight":"3.55","maxwidth":"3.0"}},{"type":"Feature","geometry":{"type":"Point","coordinates":[9.4764999,51.3178302]},"properties":{"maxwidth":"3.0"}},{"type":"Feature","geometry":{"type":"Point","coordinates":[9.660134,51.0611719]},"properties":{"maxweight":"10"}},{"type":"Feature","geometry":{"type":"Point","coordinates":[9.1341676,51.1631783]},"properties":{"maxheight":"below_default"}},{"type":"Feature","geometry":{"type":"Point","coordinates":[9.1668511,51.4869666]},"properties":{"maxheight":"3.1"}},{"type":"Feature","geometry":{"type":"Point","coordinates":[9.4521378,51.2113897]},"properties":{"hgv":"delivery"}},{"type":"Feature","geometry":{"type":"Point","coordinates":[9.4559201,51.2093902]},"properties":{"hgv":"delivery"}},{"type":"Feature","geometry":{"type":"Point","coordinates":[9.459307,51.2082935]},"properties":{"hgv":"delivery"}},{"type":"Feature","geometry":{"type":"Point","coordinates":[9.0804262,51.4765768]},"properties":{"maxweight":"30"}},{"type":"Feature","geometry":{"type":"Point","coordinates":[9.4261487,51.2642061]},"properties":{"maxheight":"default"}},{"type":"Feature","geometry":{"type":"Point","coordinates":[9.423764,51.2472794]},"properties":{"maxweight":"12"}},{"type":"Feature","geometry":{"type":"Point","coordinates":[9.9505926,51.5611904]},"properties":{"hgv":"no"}},{"type":"Feature","geometry":{"type":"Point","coordinates":[9.6260512,51.0487766]},"properties":{"maxweight":"12"}},{"type":"Feature","geometry":{"type":"Point","coordinates":[9.6645161,51.3785379]},"properties":{"maxweight":"7.5 t"}},{"type":"Feature","geometry":{"type":"Point","coordinates":[9.6562487,51.3773879]},"properties":{"maxheight":"default"}},{"type":"Feature","geometry":{"type":"Point","coordinates":[9.5036671,51.3159127]},"properties":{"maxweight":"2.8 t"}},{"type":"Feature","geometry":{"type":"Point","coordinates":[9.6377285,51.6414119]},"properties":{"maxheight":"3.5"}},{"type":"Feature","geometry":{"type":"Point","coordinates":[9.6111454,51.6183012]},"properties":{"maxweight":"3.5"}},{"type":"Feature","geometry":{"type":"Point","coordinates":[9.6194976,51.6310299]},"properties":{"maxheight":"2.6"}},{"type":"Feature","geometry":{"type":"Point","coordinates":[9.293712,51.2712793]},"properties":{"maxweight":"25 t"}},{"type":"Feature","geometry":{"type":"Point","coordinates":[9.4961386,51.3154737]},"properties":{"maxheight":"4"}},{"type":"Feature","geometry":{"type":"Point","coordinates":[9.413203,51.2843857]},"properties":{"maxweight":"3.5"}},{"type":"Feature","geometry":{"type":"Point","coordinates":[9.0703059,51.6325853]},"properties":{"maxweight":"12"}},{"type":"Feature","geometry":{"type":"Point","coordinates":[9.8902518,51.5271991]},"properties":{"maxweight":"7.5 t"}},{"type":"Feature","geometry":{"type":"Point","coordinates":[9.9297584,51.5271792]},"properties":{"maxweight":"24 t"}},{"type":"Feature","geometry":{"type":"Point","coordinates":[9.9122797,51.5351252]},"properties":{"maxweight":"3.5 t"}},{"type":"Feature","geometry":{"type":"Point","coordinates":[9.8904936,51.4277945]},"properties":{"maxheight":"default"}},{"type":"Feature","geometry":{"type":"Point","coordinates":[9.8978116,51.5323172]},"properties":{"hgv":"destination"}},{"type":"Feature","geometry":{"type":"Point","coordinates":[9.8902495,51.5291938]},"properties":{"hgv":"destination"}},{"type":"Feature","geometry":{"type":"Point","coordinates":[9.4748044,51.3175476]},"properties":{"hgv":"no"}},{"type":"Feature","geometry":{"type":"Point","coordinates":[9.841171,51.4094454]},"properties":{"hgv":"destination"}},{"type":"Feature","geometry":{"type":"Point","coordinates":[9.1874388,51.7165033]},"properties":{"maxweight":"3.5"}},{"type":"Feature","geometry":{"type":"Point","coordinates":[9.9186963,51.4627514]},"properties":{"maxweight":"2.5 t"}},{"type":"Feature","geometry":{"type":"Point","coordinates":[9.3758032,51.6693185]},"properties":{"hgv":"delivery"}},{"type":"Feature","geometry":{"type":"Point","coordinates":[9.5847095,51.4029221]},"properties":{"maxweight":"30"}},{"type":"Feature","geometry":{"type":"Point","coordinates":[9.4590535,51.6254802]},"properties":{"maxweight":"7.5"}},{"type":"Feature","geometry":{"type":"Point","coordinates":[9.4628941,51.6284942]},"properties":{"maxweight":"7.5"}},{"type":"Feature","geometry":{"type":"Point","coordinates":[9.9089899,51.5470183]},"properties":{"hgv":"destination"}},{"type":"Feature","geometry":{"type":"Point","coordinates":[9.9033614,51.4423416]},"properties":{"maxweight":"12"}},{"type":"Feature","geometry":{"type":"Point","coordinates":[9.9023995,51.4432165]},"properties":{"maxweight":"12"}},{"type":"Feature","geometry":{"type":"Point","coordinates":[9.8657207,51.4306755]},"properties":{"maxwidth":"2.0"}},{"type":"Feature","geometry":{"type":"Point","coordinates":[9.447948,51.3632416]},"properties":{"maxheight":"3.7"}},{"type":"Feature","geometry":{"type":"Point","coordinates":[9.4475688,51.362377]},"properties":{"maxheight":"3.7"}},{"type":"Feature","geometry":{"type":"Point","coordinates":[9.1413619,51.4947651]},"properties":{"maxweight":"12"}},{"type":"Feature","geometry":{"type":"Point","coordinates":[9.5568692,51.3937979]},"properties":{"hgv":"destination"}},{"type":"Feature","geometry":{"type":"Point","coordinates":[9.5614946,51.3916467]},"properties":{"hgv":"destination"}},{"type":"Feature","geometry":{"type":"Point","coordinates":[9.6566797,51.3743461]},"properties":{"maxweight":"7.5 t"}},{"type":"Feature","geometry":{"type":"Point","coordinates":[9.5014109,51.8794337]},"properties":{"hgv":"no","goods":"no"}},{"type":"Feature","geometry":{"type":"Point","coordinates":[9.1346204,51.8005859]},"properties":{"maxheight":"4"}},{"type":"Feature","geometry":{"type":"Point","coordinates":[9.6571043,51.3410528]},"properties":{"maxweight":"2.8"}},{"type":"Feature","geometry":{"type":"Point","coordinates":[9.6601892,51.3456394]},"properties":{"maxweight":"12"}},{"type":"Feature","geometry":{"type":"Point","coordinates":[9.6594327,51.3461389]},"properties":{"maxweight":"7.5 t"}},{"type":"Feature","geometry":{"type":"Point","coordinates":[9.6648978,51.352655]},"properties":{"maxweight":"7.5 t"}},{"type":"Feature","geometry":{"type":"Point","coordinates":[9.5110397,51.7760912]},"properties":{"hgv":"no","goods":"no"}},{"type":"Feature","geometry":{"type":"Point","coordinates":[9.0946057,51.8571627]},"properties":{"maxheight":"4"}},{"type":"Feature","geometry":{"type":"Point","coordinates":[9.4311319,51.311903]},"properties":{"maxweight":"30"}},{"type":"Feature","geometry":{"type":"Point","coordinates":[9.3779695,51.7375493]},"properties":{"maxweight":"2"}},{"type":"Feature","geometry":{"type":"Point","coordinates":[9.1215914,51.3714438]},"properties":{"hgv":"agricultural"}},{"type":"Feature","geometry":{"type":"Point","coordinates":[9.8566424,51.8189493]},"properties":{"maxweight":"3.5"}},{"type":"Feature","geometry":{"type":"Point","coordinates":[9.4878603,51.2881007]},"properties":{"maxheight":"4"}},{"type":"Feature","geometry":{"type":"Point","coordinates":[9.0476263,51.9497293]},"properties":{"maxweight":"2.5"}},{"type":"Feature","geometry":{"type":"Point","coordinates":[9.0938469,51.8909158]},"properties":{"maxweight":"7"}},{"type":"Feature","geometry":{"type":"Point","coordinates":[9.5733924,51.3034151]},"properties":{"maxweight":"7.5"}},{"type":"Feature","geometry":{"type":"Point","coordinates":[9.9867844,51.9157201]},"properties":{"maxweight":"3.5 t"}},{"type":"Feature","geometry":{"type":"Point","coordinates":[9.9902707,51.9135331]},"properties":{"maxweight":"3.5 t"}},{"type":"Feature","geometry":{"type":"Point","coordinates":[9.8793068,51.5323974]},"properties":{"maxheight":"default"}},{"type":"Feature","geometry":{"type":"Point","coordinates":[9.8244504,51.4096263]},"properties":{"maxheight":"default"}},{"type":"Feature","geometry":{"type":"Point","coordinates":[9.4887827,51.2594252]},"properties":{"maxweight":"44"}},{"type":"Feature","geometry":{"type":"Point","coordinates":[9.5170503,51.2591287]},"properties":{"maxheight":"default"}},{"type":"Feature","geometry":{"type":"Point","coordinates":[9.6319426,51.2872458]},"properties":{"maxweight":"7.5"}},{"type":"Feature","geometry":{"type":"Point","coordinates":[9.6314299,51.2875557]},"properties":{"maxweight":"7.5"}},{"type":"Feature","geometry":{"type":"Point","coordinates":[9.6315887,51.287037]},"properties":{"maxweight":"7.5"}},{"type":"Feature","geometry":{"type":"Point","coordinates":[9.6072068,51.2874438]},"properties":{"hgv":"no"}},{"type":"Feature","geometry":{"type":"Point","coordinates":[9.6409185,51.2786137]},"properties":{"maxweight":"12"}},{"type":"Feature","geometry":{"type":"Point","coordinates":[9.5977231,51.1407376]},"properties":{"maxweight":"7.5"}},{"type":"Feature","geometry":{"type":"Point","coordinates":[9.6154903,51.1699941]},"properties":{"maxweight":"16"}},{"type":"Feature","geometry":{"type":"Point","coordinates":[9.5298919,51.2766797]},"properties":{"maxheight":"default"}},{"type":"Feature","geometry":{"type":"Point","coordinates":[9.5282268,51.2757338]},"properties":{"maxheight":"default"}},{"type":"Feature","geometry":{"type":"Point","coordinates":[9.8404996,51.3419467]},"properties":{"hgv":"unknown","goods":"destination"}},{"type":"Feature","geometry":{"type":"Point","coordinates":[9.046499,51.9498242]},"properties":{"maxweight":"6"}},{"type":"Feature","geometry":{"type":"Point","coordinates":[9.6604192,51.417225]},"properties":{"hgv":"no"}},{"type":"Feature","geometry":{"type":"Point","coordinates":[9.9347929,51.5299503]},"properties":{"maxweight":"7.5"}},{"type":"Feature","geometry":{"type":"Point","coordinates":[9.6588733,51.4097373]},"properties":{"maxwidth":"2.5 m","maxweight":"2.8 t"}},{"type":"Feature","geometry":{"type":"Point","coordinates":[9.5278113,51.2728831]},"properties":{"hgv":"designated"}},{"type":"Feature","geometry":{"type":"Point","coordinates":[9.0275695,51.5260577]},"properties":{"maxweight":"7.5"}},{"type":"Feature","geometry":{"type":"Point","coordinates":[9.9459599,51.3774624]},"properties":{"maxweightrating:hgv":"7.5"}},{"type":"Feature","geometry":{"type":"Point","coordinates":[9.5249945,51.1697595]},"properties":{"hgv":"no"}},{"type":"Feature","geometry":{"type":"Point","coordinates":[9.525995,51.1715199]},"properties":{"hgv":"agricultural"}},{"type":"Feature","geometry":{"type":"Point","coordinates":[9.6540161,51.4063999]},"properties":{"maxweight":"2.8"}},{"type":"Feature","geometry":{"type":"Point","coordinates":[9.5333292,51.3039015]},"properties":{"hgv":"destination"}},{"type":"Feature","geometry":{"type":"Point","coordinates":[9.5284624,51.8823431]},"properties":{"hgv":"no","goods":"no"}},{"type":"Feature","geometry":{"type":"Point","coordinates":[9.6478514,51.416786]},"properties":{"maxweight":"3.5"}},{"type":"Feature","geometry":{"type":"Point","coordinates":[9.8114908,51.8527816]},"properties":{"maxweight":"5"}},{"type":"Feature","geometry":{"type":"Point","coordinates":[9.5218635,51.2714582]},"properties":{"maxweight":"30"}},{"type":"Feature","geometry":{"type":"Point","coordinates":[9.3271953,51.7084962]},"properties":{"maxweight":"12"}},{"type":"Feature","geometry":{"type":"Point","coordinates":[9.5579998,51.3035424]},"properties":{"maxweight":"12"}},{"type":"Feature","geometry":{"type":"Point","coordinates":[9.5600635,51.3030941]},"properties":{"maxweight":"12"}},{"type":"Feature","geometry":{"type":"Point","coordinates":[9.5609458,51.3031783]},"properties":{"maxweight":"12"}},{"type":"Feature","geometry":{"type":"Point","coordinates":[9.5499394,51.8780282]},"properties":{"hgv":"no","goods":"no"}},{"type":"Feature","geometry":{"type":"Point","coordinates":[9.731658,51.1989978]},"properties":{"hgv":"destination;delivery","maxweight":"12"}},{"type":"Feature","geometry":{"type":"Point","coordinates":[9.4866929,51.996665]},"properties":{"maxweightrating:hgv":"7.5"}},{"type":"Feature","geometry":{"type":"Point","coordinates":[9.4656837,51.8238932]},"properties":{"maxweight":"12"}},{"type":"Feature","geometry":{"type":"Point","coordinates":[9.4915264,51.3086724]},"properties":{"maxheight":"default"}},{"type":"Feature","geometry":{"type":"Point","coordinates":[9.5323696,51.3034218]},"properties":{"hgv":"destination"}},{"type":"Feature","geometry":{"type":"Point","coordinates":[9.7194269,51.0008137]},"properties":{"maxheight":"3"}},{"type":"Feature","geometry":{"type":"Point","coordinates":[9.8177238,51.8450235]},"properties":{"maxweight":"5"}},{"type":"Feature","geometry":{"type":"Point","coordinates":[9.8211645,51.8409209]},"properties":{"maxweight":"5"}},{"type":"Feature","geometry":{"type":"Point","coordinates":[9.8074686,51.8713393]},"properties":{"maxweight":"16 t"}},{"type":"Feature","geometry":{"type":"Point","coordinates":[9.0229939,51.7347682]},"properties":{"hgv":"no"}},{"type":"Feature","geometry":{"type":"Point","coordinates":[9.4739545,51.3134794]},"properties":{"maxheight":"2.9"}},{"type":"Feature","geometry":{"type":"Point","coordinates":[9.2150524,51.5113811]},"properties":{"hgv":"destination"}},{"type":"Feature","geometry":{"type":"Point","coordinates":[9.5033206,51.3223583]},"properties":{"maxheight":"3.5"}},{"type":"Feature","geometry":{"type":"Point","coordinates":[9.6200945,51.2824377]},"properties":{"hgv":"no","goods":"no"}},{"type":"Feature","geometry":{"type":"Point","coordinates":[9.4783496,51.3157179]},"properties":{"maxheight":"3.20"}},{"type":"Feature","geometry":{"type":"Point","coordinates":[9.479634,51.3155761]},"properties":{"maxheight":"2.8"}},{"type":"Feature","geometry":{"type":"Point","coordinates":[9.5020476,51.3292372]},"properties":{"maxweightrating":"16"}},{"type":"Feature","geometry":{"type":"Point","coordinates":[9.6337834,51.3692036]},"properties":{"hgv":"designated"}},{"type":"Feature","geometry":{"type":"Point","coordinates":[9.5424905,51.7696571]},"properties":{"maxweight":"7.5"}},{"type":"Feature","geometry":{"type":"Point","coordinates":[9.1234172,51.9864217]},"properties":{"maxheight":"30"}},{"type":"Feature","geometry":{"type":"Point","coordinates":[9.954522,51.5237376]},"properties":{"maxwidth":"2","maxweight":"1.5"}},{"type":"Feature","geometry":{"type":"Point","coordinates":[9.8942792,51.5355673]},"properties":{"hgv":"destination"}},{"type":"Feature","geometry":{"type":"Point","coordinates":[9.9119932,51.5125498]},"properties":{"hgv":"destination"}},{"type":"Feature","geometry":{"type":"Point","coordinates":[9.12583,51.3736946]},"properties":{"hgv":"agricultural"}},{"type":"Feature","geometry":{"type":"Point","coordinates":[9.8096661,51.9657287]},"properties":{"maxweight":"7.5"}},{"type":"Feature","geometry":{"type":"Point","coordinates":[9.0970203,51.1800353]},"properties":{"maxweight":"100"}},{"type":"Feature","geometry":{"type":"Point","coordinates":[9.8672356,51.885128]},"properties":{"maxweight":"9"}},{"type":"Feature","geometry":{"type":"Point","coordinates":[9.4485421,51.3236575]},"properties":{"hgv":"no"}},{"type":"Feature","geometry":{"type":"Point","coordinates":[9.9439297,51.7171654]},"properties":{"maxheight":"3.4"}},{"type":"Feature","geometry":{"type":"Point","coordinates":[9.4746456,51.313459]},"properties":{"maxheight":"2"}},{"type":"Feature","geometry":{"type":"Point","coordinates":[9.0861277,51.1817795]},"properties":{"maxweight":"100"}},{"type":"Feature","geometry":{"type":"Point","coordinates":[9.1080274,51.1717932]},"properties":{"maxweight":"100"}},{"type":"Feature","geometry":{"type":"Point","coordinates":[9.8408351,51.0572627]},"properties":{"maxweight":"12"}},{"type":"Feature","geometry":{"type":"Point","coordinates":[9.804908,51.7975938]},"properties":{"maxweight":"7.5"}},{"type":"Feature","geometry":{"type":"Point","coordinates":[9.1492362,51.4900551]},"properties":{"hgv":"no"}},{"type":"Feature","geometry":{"type":"Point","coordinates":[9.0125289,51.7390856]},"properties":{"maxweight":"4.25"}},{"type":"Feature","geometry":{"type":"Point","coordinates":[9.738099,51.5864881]},"properties":{"hgv":"agricultural"}},{"type":"Feature","geometry":{"type":"Point","coordinates":[9.7701924,51.3943688]},"properties":{"maxweight":"7.5"}},{"type":"Feature","geometry":{"type":"Point","coordinates":[9.4664743,51.317696]},"properties":{"maxheight":"below_default"}},{"type":"Feature","geometry":{"type":"Point","coordinates":[9.5505197,51.6258486]},"properties":{"maxweight":"16"}},{"type":"Feature","geometry":{"type":"Point","coordinates":[9.4638837,51.317028]},"properties":{"maxheight":"below_default"}},{"type":"Feature","geometry":{"type":"Point","coordinates":[9.1056066,51.735284]},"properties":{"maxweight":"7.5"}},{"type":"Feature","geometry":{"type":"Point","coordinates":[9.3909922,51.0497011]},"properties":{"maxweight":"3.5"}},{"type":"Feature","geometry":{"type":"Point","coordinates":[9.6090782,51.6033015]},"properties":{"maxweight":"3.5"}},{"type":"Feature","geometry":{"type":"Point","coordinates":[9.6406517,51.6021013]},"properties":{"hgv":"no"}},{"type":"Feature","geometry":{"type":"Point","coordinates":[9.5043042,51.4297646]},"properties":{"maxweight":"6.5"}},{"type":"Feature","geometry":{"type":"Point","coordinates":[9.5552437,51.6249612]},"properties":{"maxweight":"7.5"}},{"type":"Feature","geometry":{"type":"Point","coordinates":[9.9051397,51.3458762]},"properties":{"maxweight":"2.8"}},{"type":"Feature","geometry":{"type":"Point","coordinates":[9.9472233,51.3757986]},"properties":{"maxweightrating:hgv":"7.5"}},{"type":"Feature","geometry":{"type":"Point","coordinates":[9.9470396,51.3760655]},"properties":{"maxweightrating:hgv":"7.5"}},{"type":"Feature","geometry":{"type":"Point","coordinates":[9.1524408,51.4890097]},"properties":{"maxheight":"3.1"}},{"type":"Feature","geometry":{"type":"Point","coordinates":[9.6310373,51.6632043]},"properties":{"maxweight":"3.5"}},{"type":"Feature","geometry":{"type":"Point","coordinates":[9.9043221,51.5964006]},"properties":{"maxheight":"2.5"}},{"type":"Feature","geometry":{"type":"Point","coordinates":[9.6061139,51.4984499]},"properties":{"maxweight":"16 t"}},{"type":"Feature","geometry":{"type":"Point","coordinates":[9.7382748,51.6625072]},"properties":{"maxweight":"7.5"}},{"type":"Feature","geometry":{"type":"Point","coordinates":[9.4280124,51.3200109]},"properties":{"maxwidth":"1.20"}},{"type":"Feature","geometry":{"type":"Point","coordinates":[9.5063793,51.9839105]},"properties":{"hgv":"delivery;agricultural"}},{"type":"Feature","geometry":{"type":"Point","coordinates":[9.7264176,51.1990469]},"properties":{"hgv":"no"}},{"type":"Feature","geometry":{"type":"Point","coordinates":[9.7264084,51.1989029]},"properties":{"hgv":"no"}},{"type":"Feature","geometry":{"type":"Point","coordinates":[9.164403,51.6765622]},"properties":{"maxweight":"3.5"}},{"type":"Feature","geometry":{"type":"Point","coordinates":[9.4621286,51.3161868]},"properties":{"maxheight":"1.8"}},{"type":"Feature","geometry":{"type":"Point","coordinates":[9.5615192,51.3918161]},"properties":{"hgv":"destination"}},{"type":"Feature","geometry":{"type":"Point","coordinates":[9.5615331,51.3917451]},"properties":{"hgv":"destination"}},{"type":"Feature","geometry":{"type":"Point","coordinates":[9.6892896,51.3978602]},"properties":{"maxweight":"7.5 t"}},{"type":"Feature","geometry":{"type":"Point","coordinates":[9.4503349,51.3287981]},"properties":{"maxweight":"1.5"}},{"type":"Feature","geometry":{"type":"Point","coordinates":[9.4486266,51.3250115]},"properties":{"hgv":"destination"}},{"type":"Feature","geometry":{"type":"Point","coordinates":[9.4482373,51.3282099]},"properties":{"maxweight":"1.5"}},{"type":"Feature","geometry":{"type":"Point","coordinates":[9.241565,51.7045878]},"properties":{"hgv":"no"}},{"type":"Feature","geometry":{"type":"Point","coordinates":[9.2256367,51.6978575]},"properties":{"hgv":"agricultural"}},{"type":"Feature","geometry":{"type":"Point","coordinates":[9.2042949,51.7065452]},"properties":{"maxweight":"12"}},{"type":"Feature","geometry":{"type":"Point","coordinates":[9.1990622,51.7069114]},"properties":{"maxweight":"12"}},{"type":"Feature","geometry":{"type":"Point","coordinates":[9.8409542,51.4249162]},"properties":{"hgv":"destination"}},{"type":"Feature","geometry":{"type":"Point","coordinates":[9.8367279,51.4270264]},"properties":{"hgv":"delivery"}},{"type":"Feature","geometry":{"type":"Point","coordinates":[9.3833255,51.6623208]},"properties":{"hgv":"no"}},{"type":"Feature","geometry":{"type":"Point","coordinates":[9.4708753,51.2758908]},"properties":{"maxheight":"default"}},{"type":"Feature","geometry":{"type":"Point","coordinates":[9.4502747,51.3219068]},"properties":{"maxweight":"18"}},{"type":"Feature","geometry":{"type":"Point","coordinates":[9.1622147,51.2815249]},"properties":{"hgv":"no"}},{"type":"Feature","geometry":{"type":"Point","coordinates":[9.1621102,51.4927677]},"properties":{"maxheight":"4.0"}},{"type":"Feature","geometry":{"type":"Point","coordinates":[9.5081653,51.3386777]},"properties":{"maxweight":"1.5"}},{"type":"Feature","geometry":{"type":"Point","coordinates":[9.1576633,51.4258287]},"properties":{"maxheight":"default"}},{"type":"Feature","geometry":{"type":"Point","coordinates":[9.9153184,51.5160439]},"properties":{"hgv":"yes","maxweight":"3.5 t"}},{"type":"Feature","geometry":{"type":"Point","coordinates":[9.9154029,51.516017]},"properties":{"hgv":"yes","maxheight":"2.5","maxweight":"3.5 t"}},{"type":"Feature","geometry":{"type":"Point","coordinates":[9.9157557,51.5165193]},"properties":{"hgv":"yes","maxweight":"3.5 t"}},{"type":"Feature","geometry":{"type":"Point","coordinates":[9.8457241,51.8459476]},"properties":{"maxweight":"6"}},{"type":"Feature","geometry":{"type":"Point","coordinates":[9.4560898,51.2627398]},"properties":{"maxheight":"default","maxweight":"44"}},{"type":"Feature","geometry":{"type":"Point","coordinates":[9.4597848,51.2620054]},"properties":{"maxweight":"44"}},{"type":"Feature","geometry":{"type":"Point","coordinates":[9.0384162,51.481643]},"properties":{"maxheight":"default"}},{"type":"Feature","geometry":{"type":"Point","coordinates":[9.3319544,51.0723199]},"properties":{"maxheight":"below_default"}},{"type":"Feature","geometry":{"type":"Point","coordinates":[9.3112932,51.2848702]},"properties":{"maxweight":"7.5"}},{"type":"Feature","geometry":{"type":"Point","coordinates":[9.3112372,51.2849876]},"properties":{"maxweight":"7.5"}},{"type":"Feature","geometry":{"type":"Point","coordinates":[9.5598509,51.3079871]},"properties":{"maxheight":"default"}},{"type":"Feature","geometry":{"type":"Point","coordinates":[9.5283453,51.2756353]},"properties":{"maxheight":"default"}},{"type":"Feature","geometry":{"type":"Point","coordinates":[9.4431178,51.2121726]},"properties":{"hgv":"no","maxwidth":"2.2"}},{"type":"Feature","geometry":{"type":"Point","coordinates":[9.9572499,51.9303234]},"properties":{"maxweight":"3.5"}},{"type":"Feature","geometry":{"type":"Point","coordinates":[9.5493926,51.1310733]},"properties":{"maxweight":"9"}},{"type":"Feature","geometry":{"type":"Point","coordinates":[9.3373241,51.6201243]},"properties":{"hgv":"destination"}},{"type":"Feature","geometry":{"type":"Point","coordinates":[9.3774789,51.665557]},"properties":{"maxweight":"2.5"}},{"type":"Feature","geometry":{"type":"Point","coordinates":[9.4212928,51.4466474]},"properties":{"maxheight":"3.7"}},{"type":"Feature","geometry":{"type":"Point","coordinates":[9.5332503,51.3038649]},"properties":{"hgv":"destination"}},{"type":"Feature","geometry":{"type":"Point","coordinates":[9.0774319,51.6320213]},"properties":{"maxweight":"12"}},{"type":"Feature","geometry":{"type":"Point","coordinates":[9.2053452,51.9610012]},"properties":{"maxweight":"12"}},{"type":"Feature","geometry":{"type":"Point","coordinates":[9.2316476,51.0101692]},"properties":{"hgv":"no","goods":"no"}},{"type":"Feature","geometry":{"type":"Point","coordinates":[9.5712195,51.1098171]},"properties":{"hgv":"no"}},{"type":"Feature","geometry":{"type":"Point","coordinates":[9.4546934,51.3221971]},"properties":{"maxheight":"4"}},{"type":"Feature","geometry":{"type":"Point","coordinates":[9.6540762,51.3746121]},"properties":{"maxweight":"7.5 t"}},{"type":"Feature","geometry":{"type":"Point","coordinates":[9.937247,51.6350259]},"properties":{"maxweight":"7.5 t"}},{"type":"Feature","geometry":{"type":"Point","coordinates":[9.1789353,51.412243]},"properties":{"hgv":"no"}},{"type":"Feature","geometry":{"type":"Point","coordinates":[9.5345101,51.0014716]},"properties":{"maxweight":"3.5"}},{"type":"Feature","geometry":{"type":"Point","coordinates":[9.2887176,51.0649347]},"properties":{"hgv":"delivery"}},{"type":"Feature","geometry":{"type":"Point","coordinates":[9.7634907,51.7763276]},"properties":{"maxweight":"2.8"}},{"type":"Feature","geometry":{"type":"Point","coordinates":[9.7601964,51.7669062]},"properties":{"maxwidth":"2"}},{"type":"Feature","geometry":{"type":"Point","coordinates":[9.7586507,51.7652564]},"properties":{"maxweight":"7.5"}},{"type":"Feature","geometry":{"type":"Point","coordinates":[9.7049188,51.3984568]},"properties":{"maxweight":"24"}},{"type":"Feature","geometry":{"type":"Point","coordinates":[9.4560089,51.2630626]},"properties":{"maxheight":"3"}},{"type":"Feature","geometry":{"type":"Point","coordinates":[9.4547453,51.2675973]},"properties":{"maxweight":"2.5"}},{"type":"Feature","geometry":{"type":"Point","coordinates":[9.0177591,51.5285665]},"properties":{"maxheight":"default"}},{"type":"Feature","geometry":{"type":"Point","coordinates":[9.4140191,51.7543492]},"properties":{"hgv":"agricultural"}},{"type":"Feature","geometry":{"type":"Point","coordinates":[9.4577235,51.2849888]},"properties":{"maxheight":"default"}},{"type":"Feature","geometry":{"type":"Point","coordinates":[9.3335355,51.1717884]},"properties":{"maxheight":"default"}},{"type":"Feature","geometry":{"type":"Point","coordinates":[9.1129997,51.1178131]},"properties":{"maxheight":"2.1"}},{"type":"Feature","geometry":{"type":"Point","coordinates":[9.0245498,51.1942312]},"properties":{"hgv":"no"}},{"type":"Feature","geometry":{"type":"Point","coordinates":[9.1589229,51.4203306]},"properties":{"maxweight":"30"}},{"type":"Feature","geometry":{"type":"Point","coordinates":[9.3789725,51.6663437]},"properties":{"maxweight":"3.5"}},{"type":"Feature","geometry":{"type":"Point","coordinates":[9.4565414,51.2685881]},"properties":{"maxweight":"2.5"}},{"type":"Feature","geometry":{"type":"Point","coordinates":[9.37754,51.6653174]},"properties":{"maxweight":"2.5"}},{"type":"Feature","geometry":{"type":"Point","coordinates":[9.2959254,51.0389115]},"properties":{"hgv":"no"}},{"type":"Feature","geometry":{"type":"Point","coordinates":[9.4130114,51.7256907]},"properties":{"maxweight":"7.5"}},{"type":"Feature","geometry":{"type":"Point","coordinates":[9.9287606,51.557793]},"properties":{"maxweight":"7.5 t"}},{"type":"Feature","geometry":{"type":"Point","coordinates":[9.9040674,51.4440216]},"properties":{"hgv":"destination"}},{"type":"Feature","geometry":{"type":"Point","coordinates":[9.9065723,51.4427046]},"properties":{"hgv":"no","maxweight":"5.5"}},{"type":"Feature","geometry":{"type":"Point","coordinates":[9.5465572,51.6290189]},"properties":{"maxweight":"16"}},{"type":"Feature","geometry":{"type":"Point","coordinates":[9.5483265,51.6281654]},"properties":{"maxweight":"16"}},{"type":"Feature","geometry":{"type":"Point","coordinates":[9.5768762,51.1311101]},"properties":{"goods":"no"}},{"type":"Feature","geometry":{"type":"Point","coordinates":[9.8761341,51.494471]},"properties":{"maxheight":"3.0 m"}},{"type":"Feature","geometry":{"type":"Point","coordinates":[9.3630021,51.173416]},"properties":{"hgv":"no"}},{"type":"Feature","geometry":{"type":"Point","coordinates":[9.4813901,51.3175688]},"properties":{"maxheight":"default"}},{"type":"Feature","geometry":{"type":"Point","coordinates":[9.4814614,51.3179729]},"properties":{"maxheight":"default"}},{"type":"Feature","geometry":{"type":"Point","coordinates":[9.5832177,51.0653532]},"properties":{"maxheight":"default"}},{"type":"Feature","geometry":{"type":"Point","coordinates":[9.7053478,51.5724242]},"properties":{"maxweight":"12"}},{"type":"Feature","geometry":{"type":"Point","coordinates":[9.5555514,51.6253799]},"properties":{"maxweight":"7.5"}},{"type":"Feature","geometry":{"type":"Point","coordinates":[9.8069026,51.584382]},"properties":{"hgv":"destination"}},{"type":"Feature","geometry":{"type":"Point","coordinates":[9.8098091,51.587104]},"properties":{"hgv":"destination"}},{"type":"Feature","geometry":{"type":"Point","coordinates":[9.9645485,51.8587256]},"properties":{"maxheight":"2.5"}},{"type":"Feature","geometry":{"type":"Point","coordinates":[9.9635875,51.8585551]},"properties":{"hgv":"no"}},{"type":"Feature","geometry":{"type":"Point","coordinates":[9.7555176,51.3970672]},"properties":{"hgv":"yes"}},{"type":"Feature","geometry":{"type":"Point","coordinates":[9.8311801,51.3594366]},"properties":{"maxheight":"3.5"}},{"type":"Feature","geometry":{"type":"Point","coordinates":[9.7637058,51.3857392]},"properties":{"maxweight":"16"}},{"type":"Feature","geometry":{"type":"Point","coordinates":[9.8624003,51.5082807]},"properties":{"hgv":"agricultural"}},{"type":"Feature","geometry":{"type":"Point","coordinates":[9.483317,51.0364204]},"properties":{"hgv":"yes"}},{"type":"Feature","geometry":{"type":"Point","coordinates":[9.490076,51.0369615]},"properties":{"hgv":"no"}},{"type":"Feature","geometry":{"type":"Point","coordinates":[9.4755177,51.2963172]},"properties":{"maxweight":"16 t"}},{"type":"Feature","geometry":{"type":"Point","coordinates":[9.4786626,51.2961251]},"properties":{"maxweight":"16 t"}},{"type":"Feature","geometry":{"type":"Point","coordinates":[9.4780588,51.2961118]},"properties":{"maxweight":"16 t"}},{"type":"Feature","geometry":{"type":"Point","coordinates":[9.8122018,51.2309948]},"properties":{"maxweight":"7.5"}},{"type":"Feature","geometry":{"type":"Point","coordinates":[9.9302487,51.6408905]},"properties":{"maxweight":"30 t"}},{"type":"Feature","geometry":{"type":"Point","coordinates":[9.3472064,51.3431287]},"properties":{"maxweight":"7.5"}},{"type":"Feature","geometry":{"type":"Point","coordinates":[9.9207396,51.5649898]},"properties":{"hgv":"no","maxweight":"3.5 t"}},{"type":"Feature","geometry":{"type":"Point","coordinates":[9.8645867,51.5049945]},"properties":{"maxheight":"default"}},{"type":"Feature","geometry":{"type":"Point","coordinates":[9.3853116,51.7087615]},"properties":{"maxheight":"3.8"}},{"type":"Feature","geometry":{"type":"Point","coordinates":[9.6449244,51.1062819]},"properties":{"hgv":"destination"}},{"type":"Feature","geometry":{"type":"Point","coordinates":[9.1801958,51.3427675]},"properties":{"maxweight":"9"}},{"type":"Feature","geometry":{"type":"Point","coordinates":[9.2918027,51.7071044]},"properties":{"maxweight":"18"}},{"type":"Feature","geometry":{"type":"Point","coordinates":[9.6711114,51.1153219]},"properties":{"hgv":"destination"}},{"type":"Feature","geometry":{"type":"Point","coordinates":[9.2487581,51.9669508]},"properties":{"hgv":"destination","maxweight":"7.5"}},{"type":"Feature","geometry":{"type":"Point","coordinates":[9.2434595,51.9570871]},"properties":{"maxheight":"4"}},{"type":"Feature","geometry":{"type":"Point","coordinates":[9.2481891,51.9662256]},"properties":{"hgv":"destination","maxweight":"7.5"}},{"type":"Feature","geometry":{"type":"Point","coordinates":[9.2479049,51.9658466]},"properties":{"hgv":"destination","maxweight":"7.5"}},{"type":"Feature","geometry":{"type":"Point","coordinates":[9.7874369,51.2418903]},"properties":{"goods":"yes"}},{"type":"Feature","geometry":{"type":"Point","coordinates":[9.7708621,51.968453]},"properties":{"maxweight":"7.5"}},{"type":"Feature","geometry":{"type":"Point","coordinates":[9.6723858,51.1140022]},"properties":{"maxweight":"12"}},{"type":"Feature","geometry":{"type":"Point","coordinates":[9.4685537,51.3177459]},"properties":{"maxheight":"2.5"}},{"type":"Feature","geometry":{"type":"Point","coordinates":[9.9353416,51.5300504]},"properties":{"maxweight":"7.5"}},{"type":"Feature","geometry":{"type":"Point","coordinates":[9.44202,51.5730079]},"properties":{"maxweight":"12"}},{"type":"Feature","geometry":{"type":"Point","coordinates":[9.3485429,51.735873]},"properties":{"hgv":"no"}},{"type":"Feature","geometry":{"type":"Point","coordinates":[9.3252173,51.7405016]},"properties":{"hgv":"no"}},{"type":"Feature","geometry":{"type":"Point","coordinates":[9.2483339,51.6265042]},"properties":{"maxweight":"2.8"}},{"type":"Feature","geometry":{"type":"Point","coordinates":[9.6615773,51.119407]},"properties":{"maxweight":"3"}},{"type":"Feature","geometry":{"type":"Point","coordinates":[9.4946702,51.3166498]},"properties":{"maxheight":"1.90"}},{"type":"Feature","geometry":{"type":"Point","coordinates":[9.5256823,51.270957]},"properties":{"maxheight":"default"}},{"type":"Feature","geometry":{"type":"Point","coordinates":[9.8806207,51.5258941]},"properties":{"hgv":"delivery"}},{"type":"Feature","geometry":{"type":"Point","coordinates":[9.9640292,51.9246065]},"properties":{"hgv":"agricultural;forestry","maxweight":"3.5"}},{"type":"Feature","geometry":{"type":"Point","coordinates":[9.4662646,51.3248163]},"properties":{"maxheight":"default"}},{"type":"Feature","geometry":{"type":"Point","coordinates":[9.4628798,51.3258147]},"properties":{"maxheight":"default"}},{"type":"Feature","geometry":{"type":"Point","coordinates":[9.4650286,51.3251009]},"properties":{"maxheight":"4"}},{"type":"Feature","geometry":{"type":"Point","coordinates":[9.463813,51.3254328]},"properties":{"maxheight":"4"}},{"type":"Feature","geometry":{"type":"Point","coordinates":[9.564974,51.6386761]},"properties":{"maxweight":"7.5"}},{"type":"Feature","geometry":{"type":"Point","coordinates":[9.559482,51.6418023]},"properties":{"maxheight":"3.9"}},{"type":"Feature","geometry":{"type":"Point","coordinates":[9.5610119,51.6389818]},"properties":{"maxheight":"3.9"}},{"type":"Feature","geometry":{"type":"Point","coordinates":[9.5618052,51.6382846]},"properties":{"maxweight":"7.5"}},{"type":"Feature","geometry":{"type":"Point","coordinates":[9.8341292,51.81938]},"properties":{"maxheight":"default"}},{"type":"Feature","geometry":{"type":"Point","coordinates":[9.8324004,51.833134]},"properties":{"maxheight":"default"}},{"type":"Feature","geometry":{"type":"Point","coordinates":[9.4665302,51.3247703]},"properties":{"maxheight":"default"}},{"type":"Feature","geometry":{"type":"Point","coordinates":[9.4506568,51.3150331]},"properties":{"maxweight":"3.5"}},{"type":"Feature","geometry":{"type":"Point","coordinates":[9.148156,51.4884586]},"properties":{"hgv":"destination"}},{"type":"Feature","geometry":{"type":"Point","coordinates":[9.0965027,51.4003977]},"properties":{"maxweight":"6"}},{"type":"Feature","geometry":{"type":"Point","coordinates":[9.8800245,51.9288927]},"properties":{"maxweight":"7.5 t"}},{"type":"Feature","geometry":{"type":"Point","coordinates":[9.8518907,51.537711]},"properties":{"maxweight":"1.5 t"}},{"type":"Feature","geometry":{"type":"Point","coordinates":[9.9257347,51.5248657]},"properties":{"maxheight":"4.1"}},{"type":"Feature","geometry":{"type":"Point","coordinates":[9.280049,51.3188205]},"properties":{"maxweight":"5.5"}},{"type":"Feature","geometry":{"type":"Point","coordinates":[9.3369492,51.6198017]},"properties":{"hgv":"destination"}},{"type":"Feature","geometry":{"type":"Point","coordinates":[9.4094137,51.6441293]},"properties":{"hgv":"no"}},{"type":"Feature","geometry":{"type":"Point","coordinates":[9.1619356,51.5521521]},"properties":{"maxweight":"30"}},{"type":"Feature","geometry":{"type":"Point","coordinates":[9.1958607,51.5540926]},"properties":{"hgv":"agricultural"}},{"type":"Feature","geometry":{"type":"Point","coordinates":[9.1972926,51.5496945]},"properties":{"hgv":"agricultural"}},{"type":"Feature","geometry":{"type":"Point","coordinates":[9.3171032,51.6835627]},"properties":{"maxweight":"7.5"}},{"type":"Feature","geometry":{"type":"Point","coordinates":[9.8918937,51.5198002]},"properties":{"hgv":"no","maxheight":"2.1 m"}},{"type":"Feature","geometry":{"type":"Point","coordinates":[9.2992632,51.4805632]},"properties":{"maxweight":"16"}},{"type":"Feature","geometry":{"type":"Point","coordinates":[9.2564269,51.0035988]},"properties":{"hgv":"no"}},{"type":"Feature","geometry":{"type":"Point","coordinates":[9.1360543,51.1677467]},"properties":{"hgv":"no"}},{"type":"Feature","geometry":{"type":"Point","coordinates":[9.1350863,51.1682113]},"properties":{"hgv":"no"}},{"type":"Feature","geometry":{"type":"Point","coordinates":[9.6554148,51.1377471]},"properties":{"hgv":"agricultural;forestry"}},{"type":"Feature","geometry":{"type":"Point","coordinates":[9.2633656,51.0248788]},"properties":{"hgv":"no"}},{"type":"Feature","geometry":{"type":"Point","coordinates":[9.2806424,51.3489177]},"properties":{"maxheight":"4"}},{"type":"Feature","geometry":{"type":"Point","coordinates":[9.6675443,51.1244623]},"properties":{"hgv":"agricultural"}},{"type":"Feature","geometry":{"type":"Point","coordinates":[9.1406954,51.5124859]},"properties":{"maxheight":"4.5"}},{"type":"Feature","geometry":{"type":"Point","coordinates":[9.1808275,51.343555]},"properties":{"maxweight":"9"}},{"type":"Feature","geometry":{"type":"Point","coordinates":[9.3841535,51.4934834]},"properties":{"hgv":"destination"}},{"type":"Feature","geometry":{"type":"Point","coordinates":[9.3788762,51.4904749]},"properties":{"hgv":"destination"}},{"type":"Feature","geometry":{"type":"Point","coordinates":[9.2363591,51.299699]},"properties":{"maxheight":"default"}},{"type":"Feature","geometry":{"type":"Point","coordinates":[9.3073384,51.3182646]},"properties":{"maxweight":"7.5"}},{"type":"Feature","geometry":{"type":"Point","coordinates":[9.6092288,51.6075626]},"properties":{"maxweight":"3.5"}},{"type":"Feature","geometry":{"type":"Point","coordinates":[9.1798764,51.3335137]},"properties":{"maxweight":"9"}},{"type":"Feature","geometry":{"type":"Point","coordinates":[9.1796943,51.3330603]},"properties":{"maxweight":"9"}},{"type":"Feature","geometry":{"type":"Point","coordinates":[9.9428885,51.5460323]},"properties":{"maxheight":"2.9"}},{"type":"Feature","geometry":{"type":"Point","coordinates":[9.178849,51.3358713]},"properties":{"maxweight":"9"}},{"type":"Feature","geometry":{"type":"Point","coordinates":[9.1788748,51.335979]},"properties":{"maxweight":"9"}},{"type":"Feature","geometry":{"type":"Point","coordinates":[9.3724093,51.1867779]},"properties":{"hgv":"no"}},{"type":"Feature","geometry":{"type":"Point","coordinates":[9.5737747,51.1101279]},"properties":{"maxwidth":"2"}},{"type":"Feature","geometry":{"type":"Point","coordinates":[9.5191477,51.5729731]},"properties":{"maxweight":"3"}},{"type":"Feature","geometry":{"type":"Point","coordinates":[9.5786822,51.0080817]},"properties":{"maxweight":"12"}},{"type":"Feature","geometry":{"type":"Point","coordinates":[9.1833679,51.4009032]},"properties":{"maxheight":"default"}},{"type":"Feature","geometry":{"type":"Point","coordinates":[9.6792356,51.3986588]},"properties":{"maxheight":"default"}},{"type":"Feature","geometry":{"type":"Point","coordinates":[9.4968684,51.046849]},"properties":{"maxheight":"default"}},{"type":"Feature","geometry":{"type":"Point","coordinates":[9.4893031,51.0745758]},"properties":{"maxheight":"default"}},{"type":"Feature","geometry":{"type":"Point","coordinates":[9.9665537,51.2698063]},"properties":{"maxheight":"below_default"}},{"type":"Feature","geometry":{"type":"Point","coordinates":[9.5196573,51.2573551]},"properties":{"maxweight":"44"}},{"type":"Feature","geometry":{"type":"Point","coordinates":[9.5186365,51.2548494]},"properties":{"maxweight":"44"}},{"type":"Feature","geometry":{"type":"Point","coordinates":[9.4546272,51.2632425]},"properties":{"maxheight":"default"}},{"type":"Feature","geometry":{"type":"Point","coordinates":[9.2231705,51.3000044]},"properties":{"maxheight":"default"}},{"type":"Feature","geometry":{"type":"Point","coordinates":[9.1686489,51.3755498]},"properties":{"maxweight":"7.5"}},{"type":"Feature","geometry":{"type":"Point","coordinates":[9.4531997,51.6399745]},"properties":{"hgv":"destination"}},{"type":"Feature","geometry":{"type":"Point","coordinates":[9.8361931,51.8510812]},"properties":{"maxweight":"5"}},{"type":"Feature","geometry":{"type":"Point","coordinates":[9.8376191,51.8493738]},"properties":{"maxweight":"5"}},{"type":"Feature","geometry":{"type":"Point","coordinates":[9.8393497,51.8464223]},"properties":{"maxweight":"5"}},{"type":"Feature","geometry":{"type":"Point","coordinates":[9.3739676,51.4926109]},"properties":{"hgv":"destination"}},{"type":"Feature","geometry":{"type":"Point","coordinates":[9.37741,51.4936334]},"properties":{"hgv":"destination"}},{"type":"Feature","geometry":{"type":"Point","coordinates":[9.36346,51.5398035]},"properties":{"hgv":"no"}},{"type":"Feature","geometry":{"type":"Point","coordinates":[9.362646,51.5401026]},"properties":{"hgv":"no"}},{"type":"Feature","geometry":{"type":"Point","coordinates":[9.3625453,51.5402827]},"properties":{"hgv":"no"}},{"type":"Feature","geometry":{"type":"Point","coordinates":[9.8391952,51.8567814]},"properties":{"maxweight":"7.5"}},{"type":"Feature","geometry":{"type":"Point","coordinates":[9.1291971,51.168673]},"properties":{"maxheight":"default"}},{"type":"Feature","geometry":{"type":"Point","coordinates":[9.9703297,51.7299314]},"properties":{"hgv":"yes"}},{"type":"Feature","geometry":{"type":"Point","coordinates":[9.1421293,51.7037371]},"properties":{"maxweight":"12"}},{"type":"Feature","geometry":{"type":"Point","coordinates":[9.3977494,51.1150753]},"properties":{"maxheight":"below_default"}},{"type":"Feature","geometry":{"type":"Point","coordinates":[9.1014815,51.7354348]},"properties":{"maxweight":"7.5"}},{"type":"Feature","geometry":{"type":"Point","coordinates":[9.1807231,51.3435038]},"properties":{"maxweight":"9"}},{"type":"Feature","geometry":{"type":"Point","coordinates":[9.6368166,51.3688207]},"properties":{"maxheight":"default"}},{"type":"Feature","geometry":{"type":"Point","coordinates":[9.4680914,51.2613652]},"properties":{"maxweight":"44"}},{"type":"Feature","geometry":{"type":"Point","coordinates":[9.4654129,51.2616002]},"properties":{"maxweight":"44"}},{"type":"Feature","geometry":{"type":"Point","coordinates":[9.4638741,51.2616883]},"properties":{"maxweight":"44"}},{"type":"Feature","geometry":{"type":"Point","coordinates":[9.466807,51.2614176]},"properties":{"maxweight":"44"}},{"type":"Feature","geometry":{"type":"Point","coordinates":[9.4665765,51.2314392]},"properties":{"maxheight":"below_default"}},{"type":"Feature","geometry":{"type":"Point","coordinates":[9.3239301,51.4976995]},"properties":{"maxweight":"3.5"}},{"type":"Feature","geometry":{"type":"Point","coordinates":[9.2175682,51.3894265]},"properties":{"maxheight":"default"}},{"type":"Feature","geometry":{"type":"Point","coordinates":[9.0200343,51.1829623]},"properties":{"hgv":"no"}},{"type":"Feature","geometry":{"type":"Point","coordinates":[9.4638017,51.3394881]},"properties":{"maxheight":"default"}},{"type":"Feature","geometry":{"type":"Point","coordinates":[9.3731368,51.4942331]},"properties":{"hgv":"destination"}},{"type":"Feature","geometry":{"type":"Point","coordinates":[9.3727376,51.4948238]},"properties":{"hgv":"destination"}},{"type":"Feature","geometry":{"type":"Point","coordinates":[9.5293912,51.2762217]},"properties":{"maxheight":"default"}},{"type":"Feature","geometry":{"type":"Point","coordinates":[9.5566023,51.6265351]},"properties":{"maxweight":"7.5"}},{"type":"Feature","geometry":{"type":"Point","coordinates":[9.5564714,51.6268558]},"properties":{"maxweight":"7.5"}},{"type":"Feature","geometry":{"type":"Point","coordinates":[9.9213774,51.5662622]},"properties":{"hgv":"no","maxheight":"3.9 m"}},{"type":"Feature","geometry":{"type":"Point","coordinates":[9.4785029,51.2886747]},"properties":{"maxheight":"default"}},{"type":"Feature","geometry":{"type":"Point","coordinates":[9.4486961,51.4620418]},"properties":{"maxheight":"3.7"}},{"type":"Feature","geometry":{"type":"Point","coordinates":[9.3872673,51.4936387]},"properties":{"hgv":"destination"}},{"type":"Feature","geometry":{"type":"Point","coordinates":[9.4113705,51.4534053]},"properties":{"maxheight":"default"}},{"type":"Feature","geometry":{"type":"Point","coordinates":[9.8174132,51.6619594]},"properties":{"maxheight":"3.5"}},{"type":"Feature","geometry":{"type":"Point","coordinates":[9.5058841,51.2608486]},"properties":{"maxweight":"44"}},{"type":"Feature","geometry":{"type":"Point","coordinates":[9.7747547,51.7086519]},"properties":{"maxweight":"3.5 t"}},{"type":"Feature","geometry":{"type":"Point","coordinates":[9.9070041,51.6675705]},"properties":{"maxweight":"2.8 t"}},{"type":"Feature","geometry":{"type":"Point","coordinates":[9.03613,51.1616027]},"properties":{"maxweight":"6"}},{"type":"Feature","geometry":{"type":"Point","coordinates":[9.9123727,51.5840196]},"properties":{"maxheight":"default"}},{"type":"Feature","geometry":{"type":"Point","coordinates":[9.2032637,51.7019127]},"properties":{"maxheight":"default"}},{"type":"Feature","geometry":{"type":"Point","coordinates":[9.9080367,51.6297908]},"properties":{"maxweight":"16 t"}},{"type":"Feature","geometry":{"type":"Point","coordinates":[9.3241619,51.7156439]},"properties":{"maxheight":"3.9"}},{"type":"Feature","geometry":{"type":"Point","coordinates":[9.656391,51.439017]},"properties":{"maxweight":"2.8"}},{"type":"Feature","geometry":{"type":"Point","coordinates":[9.6645387,51.4467157]},"properties":{"maxlength":"13 m","maxweight":"9"}},{"type":"Feature","geometry":{"type":"Point","coordinates":[9.7495041,51.8888574]},"properties":{"maxweight":"2.8"}},{"type":"Feature","geometry":{"type":"Point","coordinates":[9.3758866,51.7090116]},"properties":{"maxheight":"2.4"}},{"type":"Feature","geometry":{"type":"Point","coordinates":[9.7319588,51.8923764]},"properties":{"maxweight":"16 t"}},{"type":"Feature","geometry":{"type":"Point","coordinates":[9.0059765,51.7323268]},"properties":{"maxheight":"4.0"}},{"type":"Feature","geometry":{"type":"Point","coordinates":[9.9221627,51.0458237]},"properties":{"maxwidth":"3"}},{"type":"Feature","geometry":{"type":"Point","coordinates":[9.0143021,51.3787816]},"properties":{"hgv":"delivery"}},{"type":"Feature","geometry":{"type":"Point","coordinates":[9.9088829,51.5490306]},"properties":{"maxweight":"2.8 t"}},{"type":"Feature","geometry":{"type":"Point","coordinates":[9.9083487,51.5491491]},"properties":{"maxweight":"2.8 t"}},{"type":"Feature","geometry":{"type":"Point","coordinates":[9.836944,51.0247554]},"properties":{"maxweight":"5.5"}},{"type":"Feature","geometry":{"type":"Point","coordinates":[9.0120042,51.5112853]},"properties":{"maxheight":"default"}},{"type":"Feature","geometry":{"type":"Point","coordinates":[9.8055115,51.5839551]},"properties":{"hgv":"destination"}},{"type":"Feature","geometry":{"type":"Point","coordinates":[9.8112235,51.5864205]},"properties":{"hgv":"destination"}},{"type":"Feature","geometry":{"type":"Point","coordinates":[9.3061445,51.435592]},"properties":{"maxweight":"12"}},{"type":"Feature","geometry":{"type":"Point","coordinates":[9.5476446,51.0781995]},"properties":{"maxheight":"3.2"}},{"type":"Feature","geometry":{"type":"Point","coordinates":[9.6323306,51.5421934]},"properties":{"hgv":"destination"}},{"type":"Feature","geometry":{"type":"Point","coordinates":[9.6615314,51.5392942]},"properties":{"hgv":"destination"}},{"type":"Feature","geometry":{"type":"Point","coordinates":[9.6617344,51.5391396]},"properties":{"hgv":"destination"}},{"type":"Feature","geometry":{"type":"Point","coordinates":[9.6414085,51.5430888]},"properties":{"hgv":"destination"}},{"type":"Feature","geometry":{"type":"Point","coordinates":[9.632458,51.5421547]},"properties":{"hgv":"destination"}},{"type":"Feature","geometry":{"type":"Point","coordinates":[9.6451922,51.5430432]},"properties":{"hgv":"destination"}},{"type":"Feature","geometry":{"type":"Point","coordinates":[9.9638471,51.3831846]},"properties":{"hgv":"delivery"}},{"type":"Feature","geometry":{"type":"Point","coordinates":[9.8563173,51.5217608]},"properties":{"maxweight":"40"}},{"type":"Feature","geometry":{"type":"Point","coordinates":[9.4305533,51.1339975]},"properties":{"hgv":"no"}},{"type":"Feature","geometry":{"type":"Point","coordinates":[9.6529374,51.1073834]},"properties":{"hgv":"destination"}},{"type":"Feature","geometry":{"type":"Point","coordinates":[9.6522255,51.1064984]},"properties":{"hgv":"destination"}},{"type":"Feature","geometry":{"type":"Point","coordinates":[9.1769605,51.0134483]},"properties":{"maxweight":"30"}},{"type":"Feature","geometry":{"type":"Point","coordinates":[9.8285509,51.5842734]},"properties":{"maxweight":"9"}},{"type":"Feature","geometry":{"type":"Point","coordinates":[9.1822502,51.6762735]},"properties":{"maxweight":"2.8"}},{"type":"Feature","geometry":{"type":"Point","coordinates":[9.4182583,51.1511632]},"properties":{"maxweight":"2.8"}},{"type":"Feature","geometry":{"type":"Point","coordinates":[9.5394665,51.0806289]},"properties":{"maxweight":"7.5"}},{"type":"Feature","geometry":{"type":"Point","coordinates":[9.8058994,51.5829899]},"properties":{"hgv":"destination"}},{"type":"Feature","geometry":{"type":"Point","coordinates":[9.806059,51.5830801]},"properties":{"hgv":"destination"}},{"type":"Feature","geometry":{"type":"Point","coordinates":[9.8089397,51.5866798]},"properties":{"hgv":"destination"}},{"type":"Feature","geometry":{"type":"Point","coordinates":[9.547736,51.2670942]},"properties":{"maxweight":"2.8"}},{"type":"Feature","geometry":{"type":"Point","coordinates":[9.1807817,51.6850847]},"properties":{"maxweight":"2.8"}},{"type":"Feature","geometry":{"type":"Point","coordinates":[9.8672411,51.549212]},"properties":{"hgv":"no"}},{"type":"Feature","geometry":{"type":"Point","coordinates":[9.6291143,51.0551821]},"properties":{"maxweight":"30"}},{"type":"Feature","geometry":{"type":"Point","coordinates":[9.4396382,51.251204]},"properties":{"maxweight":"44"}},{"type":"Feature","geometry":{"type":"Point","coordinates":[9.6618485,51.407878]},"properties":{"maxweight":"2.8"}},{"type":"Feature","geometry":{"type":"Point","coordinates":[9.1880212,51.7189752]},"properties":{"maxweight":"12"}},{"type":"Feature","geometry":{"type":"Point","coordinates":[9.4400688,51.25111]},"properties":{"maxweight":"6"}},{"type":"Feature","geometry":{"type":"Point","coordinates":[9.0000751,51.381818]},"properties":{"hgv":"delivery"}},{"type":"Feature","geometry":{"type":"Point","coordinates":[9.3837525,51.2762576]},"properties":{"hgv":"no"}},{"type":"Feature","geometry":{"type":"Point","coordinates":[9.8664587,51.8043671]},"properties":{"maxheight":"default"}},{"type":"Feature","geometry":{"type":"Point","coordinates":[9.8541213,51.8050868]},"properties":{"maxheight":"default"}},{"type":"Feature","geometry":{"type":"Point","coordinates":[9.4031297,51.259267]},"properties":{"maxheight":"2.5"}},{"type":"Feature","geometry":{"type":"Point","coordinates":[9.4932367,51.3135974]},"properties":{"maxheight":"2"}},{"type":"Feature","geometry":{"type":"Point","coordinates":[9.4454092,51.2110347]},"properties":{"hgv":"delivery"}},{"type":"Feature","geometry":{"type":"Point","coordinates":[9.4461004,51.2114544]},"properties":{"hgv":"delivery"}},{"type":"Feature","geometry":{"type":"Point","coordinates":[9.7750677,51.796536]},"properties":{"hgv":"agricultural;forestry"}},{"type":"Feature","geometry":{"type":"Point","coordinates":[9.9415315,51.3841975]},"properties":{"maxweightrating:hgv":"7.5"}},{"type":"Feature","geometry":{"type":"Point","coordinates":[9.1621626,51.4930416]},"properties":{"maxheight":"4.0"}},{"type":"Feature","geometry":{"type":"Point","coordinates":[9.7716852,51.8141263]},"properties":{"maxweight":"6"}},{"type":"Feature","geometry":{"type":"Point","coordinates":[9.771533,51.814699]},"properties":{"maxweight":"30"}},{"type":"Feature","geometry":{"type":"Point","coordinates":[9.7722667,51.8118937]},"properties":{"maxweight":"3"}},{"type":"Feature","geometry":{"type":"Point","coordinates":[9.9553159,51.9720832]},"properties":{"maxheight":"2.7 m","maxwidth":"2.7 m"}},{"type":"Feature","geometry":{"type":"Point","coordinates":[9.1537182,51.4899169]},"properties":{"maxheight":"default"}},{"type":"Feature","geometry":{"type":"Point","coordinates":[9.7916543,51.8196603]},"properties":{"maxweight":"3.5"}},{"type":"Feature","geometry":{"type":"Point","coordinates":[9.5537425,51.0814409]},"properties":{"maxheight":"3.8"}},{"type":"Feature","geometry":{"type":"Point","coordinates":[9.4526608,51.3732834]},"properties":{"maxheight":"below_default","maxheight:physical":"3.7"}},{"type":"Feature","geometry":{"type":"Point","coordinates":[9.5097002,51.3267127]},"properties":{"hgv":"destination"}},{"type":"Feature","geometry":{"type":"Point","coordinates":[9.7919286,51.8189931]},"properties":{"maxweight":"3.5"}},{"type":"Feature","geometry":{"type":"Point","coordinates":[9.7916117,51.8198653]},"properties":{"maxweight":"30"}},{"type":"Feature","geometry":{"type":"Point","coordinates":[9.7926415,51.8176484]},"properties":{"maxweight":"3.5"}},{"type":"Feature","geometry":{"type":"Point","coordinates":[9.7970983,51.8158389]},"properties":{"maxweight":"3.5"}},{"type":"Feature","geometry":{"type":"Point","coordinates":[9.4450985,51.3078438]},"properties":{"hgv":"no","maxwidth":"2.1"}},{"type":"Feature","geometry":{"type":"Point","coordinates":[9.5424828,51.300216]},"properties":{"maxweightrating":"12"}},{"type":"Feature","geometry":{"type":"Point","coordinates":[9.5334852,51.3039761]},"properties":{"hgv":"destination"}},{"type":"Feature","geometry":{"type":"Point","coordinates":[9.5317524,51.3031843]},"properties":{"hgv":"destination"}},{"type":"Feature","geometry":{"type":"Point","coordinates":[9.6385697,51.3983899]},"properties":{"maxweight":"2.8"}},{"type":"Feature","geometry":{"type":"Point","coordinates":[9.6388934,51.3985788]},"properties":{"maxheight":"2.8"}},{"type":"Feature","geometry":{"type":"Point","coordinates":[9.6034528,51.2824889]},"properties":{"maxheight":"3.5","maxweight":"7.5"}},{"type":"Feature","geometry":{"type":"Point","coordinates":[9.9719717,51.8412003]},"properties":{"maxheight":"3"}},{"type":"Feature","geometry":{"type":"Point","coordinates":[9.4889849,51.7955076]},"properties":{"hgv":"no","goods":"no"}},{"type":"Feature","geometry":{"type":"Point","coordinates":[9.5421779,51.7699109]},"properties":{"maxweight":"7.5"}},{"type":"Feature","geometry":{"type":"Point","coordinates":[9.5415643,51.7700996]},"properties":{"maxweight":"7.5"}},{"type":"Feature","geometry":{"type":"Point","coordinates":[9.5276804,51.2949246]},"properties":{"hgv":"destination"}},{"type":"Feature","geometry":{"type":"Point","coordinates":[9.44894,51.2830649]},"properties":{"maxheight":"3.5"}},{"type":"Feature","geometry":{"type":"Point","coordinates":[9.3059882,51.7106701]},"properties":{"maxheight":"3.3"}},{"type":"Feature","geometry":{"type":"Point","coordinates":[9.3802367,51.0005302]},"properties":{"maxheight":"3.90"}},{"type":"Feature","geometry":{"type":"Point","coordinates":[9.4765223,51.2935721]},"properties":{"maxheight":"default"}},{"type":"Feature","geometry":{"type":"Point","coordinates":[9.4281448,51.9062264]},"properties":{"maxweight":"30"}},{"type":"Feature","geometry":{"type":"Point","coordinates":[9.9086507,51.5468378]},"properties":{"hgv":"destination"}},{"type":"Feature","geometry":{"type":"Point","coordinates":[9.9081643,51.5459656]},"properties":{"hgv":"destination"}},{"type":"Feature","geometry":{"type":"Point","coordinates":[9.90866,51.546861]},"properties":{"hgv":"destination"}},{"type":"Feature","geometry":{"type":"Point","coordinates":[9.9084754,51.5464296]},"properties":{"hgv":"destination"}},{"type":"Feature","geometry":{"type":"Point","coordinates":[9.5090972,51.2924277]},"properties":{"maxheight":"default"}},{"type":"Feature","geometry":{"type":"Point","coordinates":[9.5130266,51.298354]},"properties":{"maxheight":"default"}},{"type":"Feature","geometry":{"type":"Point","coordinates":[9.4999381,51.2872857]},"properties":{"maxheight":"default"}},{"type":"Feature","geometry":{"type":"Point","coordinates":[9.4933574,51.2886388]},"properties":{"maxheight":"default"}},{"type":"Feature","geometry":{"type":"Point","coordinates":[9.4865025,51.8050424]},"properties":{"hgv":"no","goods":"no"}},{"type":"Feature","geometry":{"type":"Point","coordinates":[9.5358605,51.0928466]},"properties":{"hgv":"destination"}},{"type":"Feature","geometry":{"type":"Point","coordinates":[9.0926712,51.2992157]},"properties":{"maxweight":"2"}},{"type":"Feature","geometry":{"type":"Point","coordinates":[9.0970421,51.317565]},"properties":{"maxweight":"7.5"}},{"type":"Feature","geometry":{"type":"Point","coordinates":[9.0157479,51.7198302]},"properties":{"maxheight":"default"}},{"type":"Feature","geometry":{"type":"Point","coordinates":[9.9390775,51.6274078]},"properties":{"hgv":"no"}},{"type":"Feature","geometry":{"type":"Point","coordinates":[9.4629753,51.4984568]},"properties":{"hgv":"destination"}},{"type":"Feature","geometry":{"type":"Point","coordinates":[9.4631869,51.4963976]},"properties":{"hgv":"destination"}},{"type":"Feature","geometry":{"type":"Point","coordinates":[9.4068021,51.4970727]},"properties":{"maxheight":"default"}},{"type":"Feature","geometry":{"type":"Point","coordinates":[9.4817119,51.327686]},"properties":{"hgv":"no"}},{"type":"Feature","geometry":{"type":"Point","coordinates":[9.0930789,51.3442346]},"properties":{"maxheight":"default"}},{"type":"Feature","geometry":{"type":"Point","coordinates":[9.6545636,51.4218582]},"properties":{"maxweight":"2.5"}},{"type":"Feature","geometry":{"type":"Point","coordinates":[9.6186772,51.3286689]},"properties":{"maxweight":"12"}},{"type":"Feature","geometry":{"type":"Point","coordinates":[9.1016646,51.3040163]},"properties":{"maxweight":"2"}},{"type":"Feature","geometry":{"type":"Point","coordinates":[9.0955474,51.2991519]},"properties":{"maxweight":"2"}},{"type":"Feature","geometry":{"type":"Point","coordinates":[9.5521,51.2890518]},"properties":{"maxheight":"default"}},{"type":"Feature","geometry":{"type":"Point","coordinates":[9.5527837,51.2892324]},"properties":{"maxheight":"default"}},{"type":"Feature","geometry":{"type":"Point","coordinates":[9.5350595,51.0339122]},"properties":{"maxweight":"20"}},{"type":"Feature","geometry":{"type":"Point","coordinates":[9.4210055,51.1982933]},"properties":{"hgv":"delivery"}},{"type":"Feature","geometry":{"type":"Point","coordinates":[9.5133278,51.3232598]},"properties":{"hgv":"destination"}},{"type":"Feature","geometry":{"type":"Point","coordinates":[9.4480574,51.2622312]},"properties":{"hgv":"agricultural"}},{"type":"Feature","geometry":{"type":"Point","coordinates":[9.3059961,51.7109848]},"properties":{"maxheight":"3.3"}},{"type":"Feature","geometry":{"type":"Point","coordinates":[9.2989699,51.4399533]},"properties":{"maxheight":"4.0"}},{"type":"Feature","geometry":{"type":"Point","coordinates":[9.5430152,51.2835743]},"properties":{"maxheight":"default"}},{"type":"Feature","geometry":{"type":"Point","coordinates":[9.9398107,51.7149532]},"properties":{"hgv":"no","maxwidth":"2.1"}},{"type":"Feature","geometry":{"type":"Point","coordinates":[9.0104367,51.8974974]},"properties":{"maxheight":"default"}},{"type":"Feature","geometry":{"type":"Point","coordinates":[9.0276508,51.9668613]},"properties":{"maxheight":"default"}},{"type":"Feature","geometry":{"type":"Point","coordinates":[9.563263,51.2676805]},"properties":{"hgv":"delivery"}},{"type":"Feature","geometry":{"type":"Point","coordinates":[9.1745259,51.0536297]},"properties":{"maxweight":"1.5"}},{"type":"Feature","geometry":{"type":"Point","coordinates":[9.5100072,51.3239764]},"properties":{"hgv":"no"}},{"type":"Feature","geometry":{"type":"Point","coordinates":[9.1695971,51.6982356]},"properties":{"maxheight":"default"}},{"type":"Feature","geometry":{"type":"Point","coordinates":[9.1686082,51.7067746]},"properties":{"maxheight":"default"}},{"type":"Feature","geometry":{"type":"Point","coordinates":[9.8757869,51.4951819]},"properties":{"hgv":"no"}},{"type":"Feature","geometry":{"type":"Point","coordinates":[9.8764455,51.4929154]},"properties":{"hgv":"designated"}},{"type":"Feature","geometry":{"type":"Point","coordinates":[9.3741195,51.4922449]},"properties":{"hgv":"destination"}},{"type":"Feature","geometry":{"type":"Point","coordinates":[9.4695476,51.0013435]},"properties":{"maxweight":"3.5"}},{"type":"Feature","geometry":{"type":"Point","coordinates":[9.501974,51.3162606]},"properties":{"maxheight":"2.0"}},{"type":"Feature","geometry":{"type":"Point","coordinates":[9.5014827,51.3160091]},"properties":{"maxheight":"3.50"}},{"type":"Feature","geometry":{"type":"Point","coordinates":[9.4549035,51.279369]},"properties":{"maxheight":"default"}},{"type":"Feature","geometry":{"type":"Point","coordinates":[9.5853525,51.0110751]},"properties":{"maxweight":"12"}},{"type":"Feature","geometry":{"type":"Point","coordinates":[9.9623615,51.5389554]},"properties":{"hgv":"destination","maxweight":"3.5"}},{"type":"Feature","geometry":{"type":"Point","coordinates":[9.6365535,51.2802743]},"properties":{"maxheight":"3.5"}},{"type":"Feature","geometry":{"type":"Point","coordinates":[9.0083174,51.3821861]},"properties":{"hgv":"no"}},{"type":"Feature","geometry":{"type":"Point","coordinates":[9.7656708,51.3892253]},"properties":{"hgv":"no"}},{"type":"Feature","geometry":{"type":"Point","coordinates":[9.5766076,51.0697267]},"properties":{"hgv":"agricultural"}},{"type":"Feature","geometry":{"type":"Point","coordinates":[9.658643,51.4168671]},"properties":{"hgv":"no"}},{"type":"Feature","geometry":{"type":"Point","coordinates":[9.1801525,51.3394407]},"properties":{"maxweight":"9"}},{"type":"Feature","geometry":{"type":"Point","coordinates":[9.1797716,51.3325147]},"properties":{"maxweight":"9"}},{"type":"Feature","geometry":{"type":"Point","coordinates":[9.5240589,51.0820897]},"properties":{"maxweight":"7.5"}},{"type":"Feature","geometry":{"type":"Point","coordinates":[9.3824083,51.1871513]},"properties":{"maxweight":"30"}},{"type":"Feature","geometry":{"type":"Point","coordinates":[9.1819591,51.3238743]},"properties":{"maxheight":"default"}},{"type":"Feature","geometry":{"type":"Point","coordinates":[9.8441926,51.4105827]},"properties":{"hgv":"no"}},{"type":"Feature","geometry":{"type":"Point","coordinates":[9.3461133,51.2887541]},"properties":{"maxweight":"2.5"}},{"type":"Feature","geometry":{"type":"Point","coordinates":[9.5258171,51.2761198]},"properties":{"maxheight":"2.3"}},{"type":"Feature","geometry":{"type":"Point","coordinates":[9.4792439,51.3100127]},"properties":{"maxweight":"2.80"}},{"type":"Feature","geometry":{"type":"Point","coordinates":[9.4727925,51.3396447]},"properties":{"maxheight":"3.8"}},{"type":"Feature","geometry":{"type":"Point","coordinates":[9.8813807,51.5282106]},"properties":{"maxheight":"2.0"}},{"type":"Feature","geometry":{"type":"Point","coordinates":[9.5212673,51.866284]},"properties":{"hgv":"agricultural"}},{"type":"Feature","geometry":{"type":"Point","coordinates":[9.9400848,51.5507357]},"properties":{"maxweight":"2 t"}},{"type":"Feature","geometry":{"type":"Point","coordinates":[9.9407603,51.5510292]},"properties":{"maxweight":"2 t"}},{"type":"Feature","geometry":{"type":"Point","coordinates":[9.8886139,51.8967329]},"properties":{"maxweight":"7.5"}},{"type":"Feature","geometry":{"type":"Point","coordinates":[9.4411757,51.2092628]},"properties":{"hgv":"delivery"}},{"type":"Feature","geometry":{"type":"Point","coordinates":[9.6272709,51.8866608]},"properties":{"hgv":"delivery"}},{"type":"Feature","geometry":{"type":"Point","coordinates":[9.4552393,51.8232961]},"properties":{"hgv":"destination"}},{"type":"Feature","geometry":{"type":"Point","coordinates":[9.459013,51.8233037]},"properties":{"maxweight":"2.5"}},{"type":"Feature","geometry":{"type":"Point","coordinates":[9.491677,51.3108281]},"properties":{"maxheight":"default"}},{"type":"Feature","geometry":{"type":"Point","coordinates":[9.491137,51.3107471]},"properties":{"maxweight":"5.5 t"}},{"type":"Feature","geometry":{"type":"Point","coordinates":[9.7680113,51.9598274]},"properties":{"hgv":"no"}},{"type":"Feature","geometry":{"type":"Point","coordinates":[9.4487699,51.212144]},"properties":{"hgv":"delivery"}},{"type":"Feature","geometry":{"type":"Point","coordinates":[9.4403715,51.2089202]},"properties":{"hgv":"delivery"}},{"type":"Feature","geometry":{"type":"Point","coordinates":[9.4391282,51.2109458]},"properties":{"hgv":"no","maxwidth":"2.2"}},{"type":"Feature","geometry":{"type":"Point","coordinates":[9.4371741,51.2075104]},"properties":{"hgv":"delivery"}},{"type":"Feature","geometry":{"type":"Point","coordinates":[9.9262761,51.1445637]},"properties":{"maxheight":"3.6"}},{"type":"Feature","geometry":{"type":"Point","coordinates":[9.5150753,51.2616437]},"properties":{"maxweight":"44 t"}},{"type":"Feature","geometry":{"type":"Point","coordinates":[9.5169738,51.2666713]},"properties":{"maxheight":"default"}},{"type":"Feature","geometry":{"type":"Point","coordinates":[9.1319882,51.3100203]},"properties":{"maxweight":"2"}},{"type":"Feature","geometry":{"type":"Point","coordinates":[9.1388652,51.3127678]},"properties":{"maxweight":"2"}},{"type":"Feature","geometry":{"type":"Point","coordinates":[9.6337903,51.8790945]},"properties":{"maxheight":"3.9"}},{"type":"Feature","geometry":{"type":"Point","coordinates":[9.2782153,51.2786177]},"properties":{"hgv":"agricultural;forestry"}},{"type":"Feature","geometry":{"type":"Point","coordinates":[9.8737673,51.5247973]},"properties":{"maxweight":"20 t"}},{"type":"Feature","geometry":{"type":"Point","coordinates":[9.6163309,51.3607079]},"properties":{"maxheight":"default"}},{"type":"Feature","geometry":{"type":"Point","coordinates":[9.8432416,51.4227611]},"properties":{"maxheight":"default"}},{"type":"Feature","geometry":{"type":"Point","coordinates":[9.022493,51.6235787]},"properties":{"hgv":"delivery"}},{"type":"Feature","geometry":{"type":"Point","coordinates":[9.0394638,51.6266817]},"properties":{"maxweight":"3.5"}},{"type":"Feature","geometry":{"type":"Point","coordinates":[9.1240968,51.1205011]},"properties":{"hgv":"no"}},{"type":"Feature","geometry":{"type":"Point","coordinates":[9.2591926,51.2421006]},"properties":{"maxweight":"5 t"}},{"type":"Feature","geometry":{"type":"Point","coordinates":[9.0280231,51.6208372]},"properties":{"maxheight":"3.7"}},{"type":"Feature","geometry":{"type":"Point","coordinates":[9.0213056,51.6153157]},"properties":{"maxheight":"default"}},{"type":"Feature","geometry":{"type":"Point","coordinates":[9.5652616,51.2915885]},"properties":{"maxweight":"3.5"}},{"type":"Feature","geometry":{"type":"Point","coordinates":[9.5647373,51.2909976]},"properties":{"maxweight":"3.5"}},{"type":"Feature","geometry":{"type":"Point","coordinates":[9.5647373,51.2909976]},"properties":{"maxweight":"3.5"}},{"type":"Feature","geometry":{"type":"Point","coordinates":[9.5647304,51.2907091]},"properties":{"maxweight":"3.5"}},{"type":"Feature","geometry":{"type":"Point","coordinates":[9.5649488,51.2914306]},"properties":{"maxweight":"3.5"}},{"type":"Feature","geometry":{"type":"Point","coordinates":[9.5651129,51.2909657]},"properties":{"maxweight":"3.5"}},{"type":"Feature","geometry":{"type":"Point","coordinates":[9.5653375,51.2913727]},"properties":{"maxweight":"3.5"}},{"type":"Feature","geometry":{"type":"Point","coordinates":[9.0921431,51.9525036]},"properties":{"hgv":"destination"}},{"type":"Feature","geometry":{"type":"Point","coordinates":[9.8156108,51.4353865]},"properties":{"maxweightrating:hgv":"7.5 t"}},{"type":"Feature","geometry":{"type":"Point","coordinates":[9.4222382,51.3172521]},"properties":{"maxweight":"3.5 t"}},{"type":"Feature","geometry":{"type":"Point","coordinates":[9.5418602,51.3528099]},"properties":{"maxheight":"default"}},{"type":"Feature","geometry":{"type":"Point","coordinates":[9.7261915,51.4327327]},"properties":{"maxweightrating":"7.5"}},{"type":"Feature","geometry":{"type":"Point","coordinates":[9.7158129,51.4276924]},"properties":{"maxweightrating":"7.5"}},{"type":"Feature","geometry":{"type":"Point","coordinates":[9.7408311,51.4367065]},"properties":{"maxweightrating":"7.5"}},{"type":"Feature","geometry":{"type":"Point","coordinates":[9.5551768,51.598656]},"properties":{"hgv":"no"}},{"type":"Feature","geometry":{"type":"Point","coordinates":[9.0295637,51.6201336]},"properties":{"hgv":"no"}},{"type":"Feature","geometry":{"type":"Point","coordinates":[9.2715175,51.050131]},"properties":{"hgv":"no","maxheight":"3.5"}},{"type":"Feature","geometry":{"type":"Point","coordinates":[9.5565944,51.4028116]},"properties":{"maxweight":"24"}},{"type":"Feature","geometry":{"type":"Point","coordinates":[9.3100277,51.6313159]},"properties":{"maxheight":"4"}},{"type":"Feature","geometry":{"type":"Point","coordinates":[9.6366062,51.1409184]},"properties":{"hgv":"agricultural;forestry"}},{"type":"Feature","geometry":{"type":"Point","coordinates":[9.6442071,51.1402566]},"properties":{"hgv":"agricultural;forestry"}},{"type":"Feature","geometry":{"type":"Point","coordinates":[9.6497948,51.1057707]},"properties":{"hgv":"destination"}},{"type":"Feature","geometry":{"type":"Point","coordinates":[9.9863898,51.5664938]},"properties":{"maxheight":"2 m"}},{"type":"Feature","geometry":{"type":"Point","coordinates":[9.7641451,51.5031424]},"properties":{"hgv":"no"}},{"type":"Feature","geometry":{"type":"Point","coordinates":[9.2746492,51.0607194]},"properties":{"maxweight":"6"}},{"type":"Feature","geometry":{"type":"Point","coordinates":[9.2711658,51.0737285]},"properties":{"hgv":"agricultural"}},{"type":"Feature","geometry":{"type":"Point","coordinates":[9.9184927,51.5914824]},"properties":{"maxweight":"3.5 t"}},{"type":"Feature","geometry":{"type":"Point","coordinates":[9.6690277,51.3966104]},"properties":{"hgv":"yes"}},{"type":"Feature","geometry":{"type":"Point","coordinates":[9.5639674,51.3199357]},"properties":{"hgv":"yes"}},{"type":"Feature","geometry":{"type":"Point","coordinates":[9.5169531,51.2656887]},"properties":{"maxheight":"default"}},{"type":"Feature","geometry":{"type":"Point","coordinates":[9.7774591,51.394584]},"properties":{"hgv":"yes"}},{"type":"Feature","geometry":{"type":"Point","coordinates":[9.7799478,51.3959518]},"properties":{"hgv":"yes"}},{"type":"Feature","geometry":{"type":"Point","coordinates":[9.4648553,51.0306095]},"properties":{"maxweight":"1.5"}},{"type":"Feature","geometry":{"type":"Point","coordinates":[9.2836338,51.3428349]},"properties":{"hgv":"designated"}},{"type":"Feature","geometry":{"type":"Point","coordinates":[9.7427963,51.2226166]},"properties":{"maxweightrating:hgv":"7.5"}},{"type":"Feature","geometry":{"type":"Point","coordinates":[9.8964515,51.2410691]},"properties":{"hgv":"no"}},{"type":"Feature","geometry":{"type":"Point","coordinates":[9.6524173,51.4110559]},"properties":{"maxweight":"7.5"}},{"type":"Feature","geometry":{"type":"Point","coordinates":[9.6058679,51.3486833]},"properties":{"hgv":"yes"}},{"type":"Feature","geometry":{"type":"Point","coordinates":[9.0330614,51.4843234]},"properties":{"hgv":"yes"}},{"type":"Feature","geometry":{"type":"Point","coordinates":[9.0258464,51.632028]},"properties":{"maxheight":"3.8"}},{"type":"Feature","geometry":{"type":"Point","coordinates":[9.8813806,51.5281972]},"properties":{"maxheight":"2.0"}},{"type":"Feature","geometry":{"type":"Point","coordinates":[9.4931904,51.3176628]},"properties":{"maxheight":"2","maxwidth":"2"}},{"type":"Feature","geometry":{"type":"Point","coordinates":[9.0119433,51.460321]},"properties":{"maxheight":"default"}},{"type":"Feature","geometry":{"type":"Point","coordinates":[9.484167,51.3132161]},"properties":{"maxheight":"3.4"}},{"type":"Feature","geometry":{"type":"Point","coordinates":[9.9050512,51.558561]},"properties":{"maxheight":"default"}},{"type":"Feature","geometry":{"type":"Point","coordinates":[9.6476879,51.4172657]},"properties":{"maxwidth":"8.60","maxlength":"58"}},{"type":"Feature","geometry":{"type":"Point","coordinates":[9.5127015,51.3167712]},"properties":{"maxwidth":"6.75","maxlength":"35"}},{"type":"Feature","geometry":{"type":"Point","coordinates":[9.2549895,51.243312]},"properties":{"maxweight":"3.5"}},{"type":"Feature","geometry":{"type":"Point","coordinates":[9.9385154,51.5311487]},"properties":{"maxheight":"2.4 m"}},{"type":"Feature","geometry":{"type":"Point","coordinates":[9.4396253,51.2609327]},"properties":{"hgv":"destination"}},{"type":"Feature","geometry":{"type":"Point","coordinates":[9.0988237,51.1772103]},"properties":{"maxheight":"default"}},{"type":"Feature","geometry":{"type":"Point","coordinates":[9.750568,51.5782205]},"properties":{"hgv":"no","maxwidth":"2.0"}},{"type":"Feature","geometry":{"type":"Point","coordinates":[9.6856475,51.5238503]},"properties":{"hgv":"destination"}},{"type":"Feature","geometry":{"type":"Point","coordinates":[9.4656518,51.2324107]},"properties":{"maxheight":"default"}},{"type":"Feature","geometry":{"type":"Point","coordinates":[9.4518477,51.3250777]},"properties":{"maxheight":"4"}},{"type":"Feature","geometry":{"type":"Point","coordinates":[9.9483916,51.5447351]},"properties":{"maxweight":"3.5 t"}},{"type":"Feature","geometry":{"type":"Point","coordinates":[9.9194309,51.066094]},"properties":{"maxheight":"2.9"}},{"type":"Feature","geometry":{"type":"Point","coordinates":[9.4095829,51.0385043]},"properties":{"maxweight":"2.5"}},{"type":"Feature","geometry":{"type":"Point","coordinates":[9.4333326,51.0352133]},"properties":{"maxweight":"3.5"}},{"type":"Feature","geometry":{"type":"Point","coordinates":[9.4342955,51.0330021]},"properties":{"maxweight":"3.5"}},{"type":"Feature","geometry":{"type":"Point","coordinates":[9.4000041,51.0269791]},"properties":{"hgv":"no"}},{"type":"Feature","geometry":{"type":"Point","coordinates":[9.1611303,51.4918481]},"properties":{"maxweight":"5"}},{"type":"Feature","geometry":{"type":"Point","coordinates":[9.4112953,51.2915428]},"properties":{"maxheight":"default"}},{"type":"Feature","geometry":{"type":"Point","coordinates":[9.4067023,51.038387]},"properties":{"maxweight":"3.5"}},{"type":"Feature","geometry":{"type":"Point","coordinates":[9.3121699,51.1628215]},"properties":{"maxheight":"default"}},{"type":"Feature","geometry":{"type":"Point","coordinates":[9.4786536,51.3268171]},"properties":{"maxweight":"24"}},{"type":"Feature","geometry":{"type":"Point","coordinates":[9.0939963,51.9416364]},"properties":{"hgv":"destination"}},{"type":"Feature","geometry":{"type":"Point","coordinates":[9.9310799,51.5534965]},"properties":{"hgv":"no"}},{"type":"Feature","geometry":{"type":"Point","coordinates":[9.5029986,51.0351723]},"properties":{"hgv":"destination"}},{"type":"Feature","geometry":{"type":"Point","coordinates":[9.4781314,51.2883491]},"properties":{"maxheight":"4"}},{"type":"Feature","geometry":{"type":"Point","coordinates":[9.7521765,51.8900738]},"properties":{"maxheight":"none"}},{"type":"Feature","geometry":{"type":"Point","coordinates":[9.4787061,51.2879892]},"properties":{"maxheight":"default"}},{"type":"Feature","geometry":{"type":"Point","coordinates":[9.0866266,51.8796444]},"properties":{"maxweight":"7"}},{"type":"Feature","geometry":{"type":"Point","coordinates":[9.4650979,51.311166]},"properties":{"maxheight":"default"}},{"type":"Feature","geometry":{"type":"Point","coordinates":[9.4654878,51.3117639]},"properties":{"maxheight":"default"}},{"type":"Feature","geometry":{"type":"Point","coordinates":[9.4648271,51.3111791]},"properties":{"maxheight":"default"}},{"type":"Feature","geometry":{"type":"Point","coordinates":[9.4538417,51.3169213]},"properties":{"maxheight":"3.5"}},{"type":"Feature","geometry":{"type":"Point","coordinates":[9.4491454,51.8272296]},"properties":{"maxheight":"3.8"}},{"type":"Feature","geometry":{"type":"Point","coordinates":[9.6329736,51.5420266]},"properties":{"hgv":"destination"}},{"type":"Feature","geometry":{"type":"Point","coordinates":[9.6129956,51.5027416]},"properties":{"maxweight":"7.5"}},{"type":"Feature","geometry":{"type":"Point","coordinates":[9.1670351,51.7302452]},"properties":{"maxheight":"default"}},{"type":"Feature","geometry":{"type":"Point","coordinates":[9.0303463,51.9628892]},"properties":{"maxheight":"default"}},{"type":"Feature","geometry":{"type":"Point","coordinates":[9.5504954,51.6263524]},"properties":{"maxweight":"16"}},{"type":"Feature","geometry":{"type":"Point","coordinates":[9.6600786,51.4128191]},"properties":{"maxweight":"2.8 t"}},{"type":"Feature","geometry":{"type":"Point","coordinates":[9.6876541,51.362538]},"properties":{"maxweight":"7.5 t"}},{"type":"Feature","geometry":{"type":"Point","coordinates":[9.6902529,51.36196]},"properties":{"maxweight":"7.5 t"}},{"type":"Feature","geometry":{"type":"Point","coordinates":[9.4945979,51.3166092]},"properties":{"maxheight":"1.90"}},{"type":"Feature","geometry":{"type":"Point","coordinates":[9.4964054,51.316975]},"properties":{"maxheight":"1.95"}},{"type":"Feature","geometry":{"type":"Point","coordinates":[9.2193214,51.3039974]},"properties":{"maxheight":"default"}},{"type":"Feature","geometry":{"type":"Point","coordinates":[9.6832291,51.2445049]},"properties":{"maxweight":"3.5"}},{"type":"Feature","geometry":{"type":"Point","coordinates":[9.4649266,51.2065122]},"properties":{"hgv":"delivery"}},{"type":"Feature","geometry":{"type":"Point","coordinates":[9.4527196,51.2110822]},"properties":{"hgv":"delivery"}},{"type":"Feature","geometry":{"type":"Point","coordinates":[9.4509028,51.2119017]},"properties":{"hgv":"delivery"}},{"type":"Feature","geometry":{"type":"Point","coordinates":[9.6487913,51.360415]},"properties":{"maxweight":"2.8"}},{"type":"Feature","geometry":{"type":"Point","coordinates":[9.0220432,51.7978476]},"properties":{"maxweight":"7.5"}},{"type":"Feature","geometry":{"type":"Point","coordinates":[9.0218884,51.7979428]},"properties":{"maxweight":"7.5"}},{"type":"Feature","geometry":{"type":"Point","coordinates":[9.9409256,51.5501228]},"properties":{"maxweight":"12 t"}},{"type":"Feature","geometry":{"type":"Point","coordinates":[9.9402068,51.5508902]},"properties":{"maxweight":"2 t"}},{"type":"Feature","geometry":{"type":"Point","coordinates":[9.9416833,51.5507182]},"properties":{"maxheight":"2 m","maxweight":"2 t"}},{"type":"Feature","geometry":{"type":"Point","coordinates":[9.9400288,51.5508902]},"properties":{"maxweight":"2 t"}},{"type":"Feature","geometry":{"type":"Point","coordinates":[9.9416535,51.5501254]},"properties":{"maxheight":"2 m","maxweight":"2 t"}},{"type":"Feature","geometry":{"type":"Point","coordinates":[9.9399553,51.5504321]},"properties":{"maxheight":"2 m","maxweight":"2 t"}},{"type":"Feature","geometry":{"type":"Point","coordinates":[9.0032742,51.8847116]},"properties":{"maxweight":"7"}},{"type":"Feature","geometry":{"type":"Point","coordinates":[9.0020853,51.8860955]},"properties":{"maxweight":"7"}},{"type":"Feature","geometry":{"type":"Point","coordinates":[9.4949473,51.3252111]},"properties":{"maxheight":"3.5"}},{"type":"Feature","geometry":{"type":"Point","coordinates":[9.6211892,51.3292753]},"properties":{"hgv":"no"}},{"type":"Feature","geometry":{"type":"Point","coordinates":[9.5562393,51.1109896]},"properties":{"hgv":"designated"}},{"type":"Feature","geometry":{"type":"Point","coordinates":[9.5539071,51.1085145]},"properties":{"hgv":"designated"}},{"type":"Feature","geometry":{"type":"Point","coordinates":[9.7822192,51.7920449]},"properties":{"maxweight":"7.5"}},{"type":"Feature","geometry":{"type":"Point","coordinates":[9.9161616,51.4204162]},"properties":{"maxweight":"24 t"}},{"type":"Feature","geometry":{"type":"Point","coordinates":[9.9160366,51.4203698]},"properties":{"maxweight":"24 t"}},{"type":"Feature","geometry":{"type":"Point","coordinates":[9.6915701,51.8010577]},"properties":{"maxwidth":"2.5"}},{"type":"Feature","geometry":{"type":"Point","coordinates":[9.4645669,51.1297036]},"properties":{"hgv":"delivery","maxweightrating:hgv":"7.5"}},{"type":"Feature","geometry":{"type":"Point","coordinates":[9.4950727,51.0901496]},"properties":{"hgv":"destination"}},{"type":"Feature","geometry":{"type":"Point","coordinates":[9.6635632,51.821805]},"properties":{"maxweight":"2.5"}},{"type":"Feature","geometry":{"type":"Point","coordinates":[9.8699317,51.1539654]},"properties":{"maxweightrating:hgv":"12"}},{"type":"Feature","geometry":{"type":"Point","coordinates":[9.8136349,51.1777285]},"properties":{"hgv":"no"}},{"type":"Feature","geometry":{"type":"Point","coordinates":[9.4300503,51.0304482]},"properties":{"maxweight":"3.5"}},{"type":"Feature","geometry":{"type":"Point","coordinates":[9.6582253,51.4235168]},"properties":{"maxweight":"2.5"}},{"type":"Feature","geometry":{"type":"Point","coordinates":[9.4709505,51.5902564]},"properties":{"maxweight":"2"}},{"type":"Feature","geometry":{"type":"Point","coordinates":[9.4136497,51.4457294]},"properties":{"maxweight":"3 t"}},{"type":"Feature","geometry":{"type":"Point","coordinates":[9.4640406,51.4999215]},"properties":{"hgv":"destination"}},{"type":"Feature","geometry":{"type":"Point","coordinates":[9.9224617,51.5772822]},"properties":{"maxheight":"default"}},{"type":"Feature","geometry":{"type":"Point","coordinates":[9.5176311,51.2508772]},"properties":{"maxweight":"44"}},{"type":"Feature","geometry":{"type":"Point","coordinates":[9.5162925,51.2486639]},"properties":{"maxweight":"44"}},{"type":"Feature","geometry":{"type":"Point","coordinates":[9.9521807,51.5590969]},"properties":{"maxheight":"3.45 m"}},{"type":"Feature","geometry":{"type":"Point","coordinates":[9.3283529,51.4375645]},"properties":{"hgv":"delivery;emergency"}},{"type":"Feature","geometry":{"type":"Point","coordinates":[9.4661249,51.3427439]},"properties":{"maxweight":"7.5"}},{"type":"Feature","geometry":{"type":"Point","coordinates":[9.430631,51.3211567]},"properties":{"goods":"destination","maxweight":"7.5"}},{"type":"Feature","geometry":{"type":"Point","coordinates":[9.9768551,51.7047865]},"properties":{"maxheight":"default"}},{"type":"Feature","geometry":{"type":"Point","coordinates":[9.9305952,51.5234814]},"properties":{"maxheight":"2.0 m"}},{"type":"Feature","geometry":{"type":"Point","coordinates":[9.9063733,51.6030035]},"properties":{"maxheight":"3.0 m"}},{"type":"Feature","geometry":{"type":"Point","coordinates":[9.502086,51.3159313]},"properties":{"maxheight":"2.8"}},{"type":"Feature","geometry":{"type":"Point","coordinates":[9.4770648,51.3189705]},"properties":{"maxwidth":"3.0"}},{"type":"Feature","geometry":{"type":"Point","coordinates":[9.4258118,51.2346295]},"properties":{"maxheight":"default"}},{"type":"Feature","geometry":{"type":"Point","coordinates":[9.5146172,51.1716955]},"properties":{"hgv":"delivery;agricultural;forestry"}},{"type":"Feature","geometry":{"type":"Point","coordinates":[9.1734591,51.0617467]},"properties":{"maxheight":"2.7"}},{"type":"Feature","geometry":{"type":"Point","coordinates":[9.5284117,51.2721386]},"properties":{"hgv":"designated"}},{"type":"Feature","geometry":{"type":"Point","coordinates":[9.4055026,51.0345939]},"properties":{"hgv":"no","goods":"no"}},{"type":"Feature","geometry":{"type":"Point","coordinates":[9.4052454,51.0347143]},"properties":{"hgv":"no","goods":"no"}},{"type":"Feature","geometry":{"type":"Point","coordinates":[9.4048766,51.0351664]},"properties":{"hgv":"no","goods":"no"}},{"type":"Feature","geometry":{"type":"Point","coordinates":[9.4051112,51.0347616]},"properties":{"hgv":"no","goods":"no"}},{"type":"Feature","geometry":{"type":"Point","coordinates":[9.0521279,51.5247744]},"properties":{"maxheight":"default"}},{"type":"Feature","geometry":{"type":"Point","coordinates":[9.8148806,51.4290612]},"properties":{"maxweightrating:hgv":"7.5 t"}},{"type":"Feature","geometry":{"type":"Point","coordinates":[9.0993665,51.4728264]},"properties":{"maxheight":"4 m"}},{"type":"Feature","geometry":{"type":"Point","coordinates":[9.4656604,51.3176005]},"properties":{"maxheight":"below_default"}},{"type":"Feature","geometry":{"type":"Point","coordinates":[9.4637635,51.3157537]},"properties":{"maxheight":"2.2"}},{"type":"Feature","geometry":{"type":"Point","coordinates":[9.4641828,51.3155908]},"properties":{"maxheight":"3"}},{"type":"Feature","geometry":{"type":"Point","coordinates":[9.0827203,51.9380438]},"properties":{"maxheight":"default"}},{"type":"Feature","geometry":{"type":"Point","coordinates":[9.9166725,51.5400968]},"properties":{"hgv":"destination"}},{"type":"Feature","geometry":{"type":"Point","coordinates":[9.918438,51.5367736]},"properties":{"hgv":"destination"}},{"type":"Feature","geometry":{"type":"Point","coordinates":[9.4793763,51.350458]},"properties":{"maxheight":"default"}},{"type":"Feature","geometry":{"type":"Point","coordinates":[9.7236939,51.1983704]},"properties":{"hgv":"no"}},{"type":"Feature","geometry":{"type":"Point","coordinates":[9.8873289,51.347019]},"properties":{"maxweight":"12 t"}},{"type":"Feature","geometry":{"type":"Point","coordinates":[9.6279856,51.4767051]},"properties":{"hgv":"no"}},{"type":"Feature","geometry":{"type":"Point","coordinates":[9.768516,51.5065841]},"properties":{"maxheight":"3 m","maxweight":"7.5 t"}},{"type":"Feature","geometry":{"type":"Point","coordinates":[9.405076,51.0267466]},"properties":{"maxheight":"2.9"}},{"type":"Feature","geometry":{"type":"Point","coordinates":[9.8902243,51.5293226]},"properties":{"hgv":"destination"}},{"type":"Feature","geometry":{"type":"Point","coordinates":[9.8900267,51.5304376]},"properties":{"hgv":"destination"}},{"type":"Feature","geometry":{"type":"Point","coordinates":[9.6604481,51.4114575]},"properties":{"maxweight":"2.5"}},{"type":"Feature","geometry":{"type":"Point","coordinates":[9.4616855,51.4989191]},"properties":{"hgv":"destination"}},{"type":"Feature","geometry":{"type":"Point","coordinates":[9.4610626,51.4991962]},"properties":{"hgv":"destination"}},{"type":"Feature","geometry":{"type":"Point","coordinates":[9.4543258,51.3690662]},"properties":{"maxheight":"default","maxheight:physical":"5.4"}},{"type":"Feature","geometry":{"type":"Point","coordinates":[9.5530068,51.3937657]},"properties":{"maxweight":"3.5"}},{"type":"Feature","geometry":{"type":"Point","coordinates":[9.4079824,51.0390339]},"properties":{"maxweight":"2"}},{"type":"Feature","geometry":{"type":"Point","coordinates":[9.9278453,51.6269605]},"properties":{"maxheight":"default"}},{"type":"Feature","geometry":{"type":"Point","coordinates":[9.9273934,51.6268587]},"properties":{"maxheight":"default"}},{"type":"Feature","geometry":{"type":"Point","coordinates":[9.880513,51.5258405]},"properties":{"hgv":"delivery"}},{"type":"Feature","geometry":{"type":"Point","coordinates":[9.2783821,51.1209313]},"properties":{"maxheight":"2.9"}},{"type":"Feature","geometry":{"type":"Point","coordinates":[9.9284732,51.5413467]},"properties":{"maxheight":"3.5"}},{"type":"Feature","geometry":{"type":"Point","coordinates":[9.9279243,51.5413148]},"properties":{"maxheight":"3.5"}},{"type":"Feature","geometry":{"type":"Point","coordinates":[9.8831902,51.4694344]},"properties":{"maxweight":"2.8 t"}},{"type":"Feature","geometry":{"type":"Point","coordinates":[9.4901482,51.0873611]},"properties":{"hgv":"destination"}},{"type":"Feature","geometry":{"type":"Point","coordinates":[9.4847789,51.0290954]},"properties":{"maxheight":"default"}},{"type":"Feature","geometry":{"type":"Point","coordinates":[9.4883737,51.0239387]},"properties":{"maxheight":"default"}},{"type":"Feature","geometry":{"type":"Point","coordinates":[9.5085856,51.291897]},"properties":{"maxheight":"default"}},{"type":"Feature","geometry":{"type":"Point","coordinates":[9.8631895,51.4520533]},"properties":{"maxheight":"default"}},{"type":"Feature","geometry":{"type":"Point","coordinates":[9.869071,51.4605126]},"properties":{"maxheight":"default"}},{"type":"Feature","geometry":{"type":"Point","coordinates":[9.4302915,51.2519688]},"properties":{"hgv":"designated"}},{"type":"Feature","geometry":{"type":"Point","coordinates":[9.6503704,51.4103626]},"properties":{"hgv":"no"}},{"type":"Feature","geometry":{"type":"Point","coordinates":[9.4053844,51.034625]},"properties":{"hgv":"no","goods":"no"}},{"type":"Feature","geometry":{"type":"Point","coordinates":[9.4053419,51.034642]},"properties":{"hgv":"no","goods":"no"}},{"type":"Feature","geometry":{"type":"Point","coordinates":[9.6687071,51.3300389]},"properties":{"maxweight":"7.5"}},{"type":"Feature","geometry":{"type":"Point","coordinates":[9.5448348,51.0859397]},"properties":{"hgv":"agricultural"}},{"type":"Feature","geometry":{"type":"Point","coordinates":[9.5463819,51.0849204]},"properties":{"hgv":"agricultural"}},{"type":"Feature","geometry":{"type":"Point","coordinates":[9.0196986,51.8096225]},"properties":{"maxweight":"24"}},{"type":"Feature","geometry":{"type":"Point","coordinates":[9.2997499,51.4802182]},"properties":{"maxweight":"16"}},{"type":"Feature","geometry":{"type":"Point","coordinates":[9.8781781,51.4976371]},"properties":{"maxheight":"1.8 m"}},{"type":"Feature","geometry":{"type":"Point","coordinates":[9.5192208,51.0813905]},"properties":{"maxweight":"7.5"}},{"type":"Feature","geometry":{"type":"Point","coordinates":[9.54104,51.1143078]},"properties":{"maxheight":"3.6"}},{"type":"Feature","geometry":{"type":"Point","coordinates":[9.8774526,51.4893431]},"properties":{"hgv":"designated"}},{"type":"Feature","geometry":{"type":"Point","coordinates":[9.8757935,51.4933974]},"properties":{"maxheight":"2.5 m"}},{"type":"Feature","geometry":{"type":"Point","coordinates":[9.8578915,51.886877]},"properties":{"maxheight":"3.3"}},{"type":"Feature","geometry":{"type":"Point","coordinates":[9.8578992,51.8869651]},"properties":{"maxheight":"3.3"}},{"type":"Feature","geometry":{"type":"Point","coordinates":[9.4852932,51.3091784]},"properties":{"maxheight":"default"}},{"type":"Feature","geometry":{"type":"Point","coordinates":[9.5425335,51.1336621]},"properties":{"maxheight":"2.7"}},{"type":"Feature","geometry":{"type":"Point","coordinates":[9.9580487,51.5520978]},"properties":{"maxweight":"3.5"}},{"type":"Feature","geometry":{"type":"Point","coordinates":[9.9634878,51.5530869]},"properties":{"maxweight":"3.5"}},{"type":"Feature","geometry":{"type":"Point","coordinates":[9.540359,51.1312245]},"properties":{"maxheight":"2.2"}},{"type":"Feature","geometry":{"type":"Point","coordinates":[9.5404259,51.1235868]},"properties":{"maxweight":"3.5"}},{"type":"Feature","geometry":{"type":"Point","coordinates":[9.5429255,51.1326107]},"properties":{"hgv":"no","maxlength":"8"}},{"type":"Feature","geometry":{"type":"Point","coordinates":[9.3941472,51.4963413]},"properties":{"hgv":"destination"}},{"type":"Feature","geometry":{"type":"Point","coordinates":[9.2611981,51.3157188]},"properties":{"maxheight":"default"}},{"type":"Feature","geometry":{"type":"Point","coordinates":[9.4353004,51.2116677]},"properties":{"maxweight":"10"}},{"type":"Feature","geometry":{"type":"Point","coordinates":[9.9420855,51.3037251]},"properties":{"hgv":"no"}},{"type":"Feature","geometry":{"type":"Point","coordinates":[9.2808984,51.1378786]},"properties":{"maxweight":"7.5"}},{"type":"Feature","geometry":{"type":"Point","coordinates":[9.6485185,51.1057834]},"properties":{"hgv":"destination"}},{"type":"Feature","geometry":{"type":"Point","coordinates":[9.9597238,51.7302259]},"properties":{"maxheight":"2"}},{"type":"Feature","geometry":{"type":"Point","coordinates":[9.9610663,51.7297715]},"properties":{"hgv":"no","maxheight":"2"}},{"type":"Feature","geometry":{"type":"Point","coordinates":[9.543072,51.0876307]},"properties":{"hgv":"no"}},{"type":"Feature","geometry":{"type":"Point","coordinates":[9.907091,51.8302382]},"properties":{"hgv":"no","goods":"no"}},{"type":"Feature","geometry":{"type":"Point","coordinates":[9.9097048,51.8311495]},"properties":{"hgv":"no","goods":"no"}},{"type":"Feature","geometry":{"type":"Point","coordinates":[9.9033807,51.8310308]},"properties":{"hgv":"no","goods":"no"}},{"type":"Feature","geometry":{"type":"Point","coordinates":[9.2917388,51.9865626]},"properties":{"maxweight":"7.5"}},{"type":"Feature","geometry":{"type":"Point","coordinates":[9.5201005,51.2594576]},"properties":{"maxweight":"44"}},{"type":"Feature","geometry":{"type":"Point","coordinates":[9.4480618,51.2650824]},"properties":{"maxweight":"44"}},{"type":"Feature","geometry":{"type":"Point","coordinates":[9.4853651,51.2596845]},"properties":{"maxweight":"44"}},{"type":"Feature","geometry":{"type":"Point","coordinates":[9.5150005,51.2474761]},"properties":{"maxweight":"44"}},{"type":"Feature","geometry":{"type":"Point","coordinates":[9.4801169,51.2246175]},"properties":{"maxheight":"default"}},{"type":"Feature","geometry":{"type":"Point","coordinates":[9.4721223,51.1756948]},"properties":{"hgv":"yes"}},{"type":"Feature","geometry":{"type":"Point","coordinates":[9.4723713,51.1764698]},"properties":{"hgv":"yes"}},{"type":"Feature","geometry":{"type":"Point","coordinates":[9.457915,51.2622723]},"properties":{"maxweight":"44"}},{"type":"Feature","geometry":{"type":"Point","coordinates":[9.9248008,51.5544971]},"properties":{"maxheight":"default"}},{"type":"Feature","geometry":{"type":"Point","coordinates":[9.931108,51.5530286]},"properties":{"hgv":"no"}},{"type":"Feature","geometry":{"type":"Point","coordinates":[9.9311389,51.5534951]},"properties":{"hgv":"no"}},{"type":"Feature","geometry":{"type":"Point","coordinates":[9.2638621,51.0723404]},"properties":{"maxheight":"default"}},{"type":"Feature","geometry":{"type":"Point","coordinates":[9.922821,51.5427819]},"properties":{"maxheight":"2.1 m"}},{"type":"Feature","geometry":{"type":"Point","coordinates":[9.9373896,51.5410788]},"properties":{"maxheight":"3.25 m"}},{"type":"Feature","geometry":{"type":"Point","coordinates":[9.4502428,51.5907405]},"properties":{"maxweight":"2"}},{"type":"Feature","geometry":{"type":"Point","coordinates":[9.871532,51.5116401]},"properties":{"hgv":"agricultural"}},{"type":"Feature","geometry":{"type":"Point","coordinates":[9.4560206,51.3401415]},"properties":{"maxweight":"3.5"}},{"type":"Feature","geometry":{"type":"Point","coordinates":[9.9093167,51.409848]},"properties":{"maxweight":"7.5"}},{"type":"Feature","geometry":{"type":"Point","coordinates":[9.4475035,51.3108167]},"properties":{"maxweight":"16"}},{"type":"Feature","geometry":{"type":"Point","coordinates":[9.4473193,51.3108805]},"properties":{"maxweight":"16"}},{"type":"Feature","geometry":{"type":"Point","coordinates":[9.4827276,51.2039286]},"properties":{"maxheight":"3.8"}},{"type":"Feature","geometry":{"type":"Point","coordinates":[9.4668481,51.2056245]},"properties":{"hgv":"delivery"}},{"type":"Feature","geometry":{"type":"Point","coordinates":[9.4118874,51.4382888]},"properties":{"maxheight":"default","maxheight:physical":"4.6"}},{"type":"Feature","geometry":{"type":"Point","coordinates":[9.8783911,51.5132471]},"properties":{"maxheight":"default"}},{"type":"Feature","geometry":{"type":"Point","coordinates":[9.8791269,51.553197]},"properties":{"maxheight":"default"}},{"type":"Feature","geometry":{"type":"Point","coordinates":[9.5112254,51.3112414]},"properties":{"maxheight":"4"}},{"type":"Feature","geometry":{"type":"Point","coordinates":[9.5102369,51.3121079]},"properties":{"maxheight":"2.9"}},{"type":"Feature","geometry":{"type":"Point","coordinates":[9.1666059,51.6746011]},"properties":{"maxweight":"3.5"}},{"type":"Feature","geometry":{"type":"Point","coordinates":[9.1665265,51.6748671]},"properties":{"maxweight":"3.5"}},{"type":"Feature","geometry":{"type":"Point","coordinates":[9.1667765,51.6737935]},"properties":{"maxweight":"3.5"}},{"type":"Feature","geometry":{"type":"Point","coordinates":[9.5846819,51.4031598]},"properties":{"maxwidth":"7.50","maxlength":"35"}},{"type":"Feature","geometry":{"type":"Point","coordinates":[9.547294,51.3633331]},"properties":{"maxwidth":"6.75","maxlength":"35"}},{"type":"Feature","geometry":{"type":"Point","coordinates":[9.6293198,51.4036181]},"properties":{"maxwidth":"7.50","maxlength":"35"}},{"type":"Feature","geometry":{"type":"Point","coordinates":[9.4756524,51.2901453]},"properties":{"maxheight":"3.8"}},{"type":"Feature","geometry":{"type":"Point","coordinates":[9.9360568,51.5261331]},"properties":{"maxheight":"1.8 m"}},{"type":"Feature","geometry":{"type":"Point","coordinates":[9.4384825,51.3159452]},"properties":{"maxweight":"12"}},{"type":"Feature","geometry":{"type":"Point","coordinates":[9.9109331,51.9518401]},"properties":{"maxweight":"7.5"}},{"type":"Feature","geometry":{"type":"Point","coordinates":[9.4765246,51.3181947]},"properties":{"maxwidth":"3.0"}},{"type":"Feature","geometry":{"type":"Point","coordinates":[9.4765261,51.318084]},"properties":{"maxheight":"3.8","maxwidth":"3.0"}},{"type":"Feature","geometry":{"type":"Point","coordinates":[9.4764974,51.3177795]},"properties":{"maxheight":"3.8","maxwidth":"3"}},{"type":"Feature","geometry":{"type":"Point","coordinates":[9.5119204,51.0579501]},"properties":{"maxheight":"3.7"}},{"type":"Feature","geometry":{"type":"Point","coordinates":[9.9393533,51.5561385]},"properties":{"maxheight":"2.9 m"}},{"type":"Feature","geometry":{"type":"Point","coordinates":[9.4806044,51.0033401]},"properties":{"maxheight":"default"}},{"type":"Feature","geometry":{"type":"Point","coordinates":[9.4800803,51.0038481]},"properties":{"maxheight":"default"}},{"type":"Feature","geometry":{"type":"Point","coordinates":[9.4841996,51.087915]},"properties":{"maxheight":"default"}},{"type":"Feature","geometry":{"type":"Point","coordinates":[9.484447,51.0879569]},"properties":{"maxheight":"default"}},{"type":"Feature","geometry":{"type":"Point","coordinates":[9.5684944,51.6183265]},"properties":{"maxweight":"12"}},{"type":"Feature","geometry":{"type":"Point","coordinates":[9.4842525,51.3172009]},"properties":{"maxheight":"default"}},{"type":"Feature","geometry":{"type":"Point","coordinates":[9.4608497,51.4994192]},"properties":{"hgv":"destination"}},{"type":"Feature","geometry":{"type":"Point","coordinates":[9.4608637,51.4993992]},"properties":{"hgv":"destination"}},{"type":"Feature","geometry":{"type":"Point","coordinates":[9.1469092,51.0368311]},"properties":{"maxheight":"default"}},{"type":"Feature","geometry":{"type":"Point","coordinates":[9.7629206,51.5312305]},"properties":{"maxweight":"7.5 t"}},{"type":"Feature","geometry":{"type":"Point","coordinates":[9.9417289,51.5505581]},"properties":{"maxweight":"12 t"}},{"type":"Feature","geometry":{"type":"Point","coordinates":[9.4420062,51.3108798]},"properties":{"hgv":"no","maxwidth":"2.1"}},{"type":"Feature","geometry":{"type":"Point","coordinates":[9.1285152,51.4085813]},"properties":{"maxweight":"7.5"}},{"type":"Feature","geometry":{"type":"Point","coordinates":[9.2276096,51.1726052]},"properties":{"maxweight":"16"}},{"type":"Feature","geometry":{"type":"Point","coordinates":[9.1406195,51.3796214]},"properties":{"hgv":"agricultural"}},{"type":"Feature","geometry":{"type":"Point","coordinates":[9.1112237,51.4000628]},"properties":{"hgv":"agricultural"}},{"type":"Feature","geometry":{"type":"Point","coordinates":[9.4556957,51.2679916]},"properties":{"maxheight":"default"}},{"type":"Feature","geometry":{"type":"Point","coordinates":[9.4021531,51.4857441]},"properties":{"maxheight":"default","maxheight:physical":"5.6"}},{"type":"Feature","geometry":{"type":"Point","coordinates":[9.9586271,51.9282592]},"properties":{"hgv":"agricultural;forestry"}},{"type":"Feature","geometry":{"type":"Point","coordinates":[9.5626978,51.0767436]},"properties":{"maxheight":"default"}},{"type":"Feature","geometry":{"type":"Point","coordinates":[9.9199234,51.5628619]},"properties":{"maxheight":"default"}},{"type":"Feature","geometry":{"type":"Point","coordinates":[9.9192882,51.5626656]},"properties":{"maxweight":"2.8"}},{"type":"Feature","geometry":{"type":"Point","coordinates":[9.5152437,51.0805721]},"properties":{"maxweight":"7.5"}},{"type":"Feature","geometry":{"type":"Point","coordinates":[9.4362647,51.2682972]},"properties":{"maxheight":"default"}},{"type":"Feature","geometry":{"type":"Point","coordinates":[9.3201247,51.0562741]},"properties":{"maxheight":"2"}},{"type":"Feature","geometry":{"type":"Point","coordinates":[9.9274345,51.5568029]},"properties":{"maxheight":"default"}},{"type":"Feature","geometry":{"type":"Point","coordinates":[9.9274054,51.5567681]},"properties":{"maxheight":"default"}},{"type":"Feature","geometry":{"type":"Point","coordinates":[9.9134105,51.5588305]},"properties":{"maxheight":"default"}},{"type":"Feature","geometry":{"type":"Point","coordinates":[9.9176256,51.5551523]},"properties":{"maxweight":"30 t"}},{"type":"Feature","geometry":{"type":"Point","coordinates":[9.9219778,51.5444735]},"properties":{"maxheight":"2.1 m"}},{"type":"Feature","geometry":{"type":"Point","coordinates":[9.4744027,51.1708001]},"properties":{"maxheight":"3.6"}},{"type":"Feature","geometry":{"type":"Point","coordinates":[9.8714955,51.5248257]},"properties":{"maxweight":"20 t"}},{"type":"Feature","geometry":{"type":"Point","coordinates":[9.4682881,51.4322035]},"properties":{"maxweight":"2.8"}},{"type":"Feature","geometry":{"type":"Point","coordinates":[9.9376714,51.5489836]},"properties":{"maxheight":"2"}},{"type":"Feature","geometry":{"type":"Point","coordinates":[9.9382423,51.5486662]},"properties":{"maxweight":"1.5 t"}},{"type":"Feature","geometry":{"type":"Point","coordinates":[9.937698,51.5485146]},"properties":{"hgv":"no","maxheight":"2"}},{"type":"Feature","geometry":{"type":"Point","coordinates":[9.9389954,51.5528991]},"properties":{"maxweight":"3.5 t"}},{"type":"Feature","geometry":{"type":"Point","coordinates":[9.6056387,51.6745112]},"properties":{"maxweight":"7.5"}},{"type":"Feature","geometry":{"type":"Point","coordinates":[9.871207,51.5884425]},"properties":{"maxheight":"4 m"}},{"type":"Feature","geometry":{"type":"Point","coordinates":[9.924552,51.5329458]},"properties":{"maxheight":"3.8"}},{"type":"Feature","geometry":{"type":"Point","coordinates":[9.8574893,51.3304773]},"properties":{"hgv":"destination"}},{"type":"Feature","geometry":{"type":"Point","coordinates":[9.6789658,51.484881]},"properties":{"hgv":"no"}},{"type":"Feature","geometry":{"type":"Point","coordinates":[9.7560544,51.5790803]},"properties":{"maxweight":"3.5"}},{"type":"Feature","geometry":{"type":"Point","coordinates":[9.9133596,51.5479852]},"properties":{"maxwidth":"3 m","maxweight":"7.5 t"}},{"type":"Feature","geometry":{"type":"Point","coordinates":[9.912833,51.5478978]},"properties":{"maxwidth":"3 m","maxweight":"7.5 t"}},{"type":"Feature","geometry":{"type":"Point","coordinates":[9.9138779,51.5480712]},"properties":{"maxwidth":"3 m","maxweight":"7.5 t"}},{"type":"Feature","geometry":{"type":"Point","coordinates":[9.9203982,51.5569515]},"properties":{"maxheight":"default"}},{"type":"Feature","geometry":{"type":"Point","coordinates":[9.5324968,51.103876]},"properties":{"maxheight":"3.6"}},{"type":"Feature","geometry":{"type":"Point","coordinates":[9.9274787,51.5412487]},"properties":{"maxheight":"3.5"}},{"type":"Feature","geometry":{"type":"Point","coordinates":[9.5203358,51.4049893]},"properties":{"maxweight":"7.5"}},{"type":"Feature","geometry":{"type":"Point","coordinates":[9.9303609,51.5612433]},"properties":{"hgv":"no"}},{"type":"Feature","geometry":{"type":"Point","coordinates":[9.9091795,51.5469768]},"properties":{"hgv":"destination"}},{"type":"Feature","geometry":{"type":"Point","coordinates":[9.9109991,51.5462897]},"properties":{"hgv":"destination"}},{"type":"Feature","geometry":{"type":"Point","coordinates":[9.9105305,51.5477814]},"properties":{"hgv":"destination"}},{"type":"Feature","geometry":{"type":"Point","coordinates":[9.0630315,51.8913764]},"properties":{"maxweight":"7"}},{"type":"Feature","geometry":{"type":"Point","coordinates":[9.7441257,51.6847856]},"properties":{"maxweight":"3.5"}},{"type":"Feature","geometry":{"type":"Point","coordinates":[9.556758,51.6370277]},"properties":{"maxweight":"7.5"}},{"type":"Feature","geometry":{"type":"Point","coordinates":[9.6952466,51.7849647]},"properties":{"maxweight":"7.5"}},{"type":"Feature","geometry":{"type":"Point","coordinates":[9.8060634,51.3757518]},"properties":{"maxheight":"4"}},{"type":"Feature","geometry":{"type":"Point","coordinates":[9.0823397,51.2157529]},"properties":{"maxheight":"below_default"}},{"type":"Feature","geometry":{"type":"Point","coordinates":[9.9167141,51.6287608]},"properties":{"hgv":"no","maxheight":"3"}},{"type":"Feature","geometry":{"type":"Point","coordinates":[9.9176351,51.6293844]},"properties":{"maxheight":"3.0 m"}},{"type":"Feature","geometry":{"type":"Point","coordinates":[9.4528181,51.6442696]},"properties":{"maxweight":"24"}},{"type":"Feature","geometry":{"type":"Point","coordinates":[9.8819444,51.5267847]},"properties":{"maxheight":"4.0 m"}},{"type":"Feature","geometry":{"type":"Point","coordinates":[9.7513503,51.5788566]},"properties":{"hgv":"no"}},{"type":"Feature","geometry":{"type":"Point","coordinates":[9.4269716,51.2495345]},"properties":{"maxheight":"default"}},{"type":"Feature","geometry":{"type":"Point","coordinates":[9.4420278,51.1654559]},"properties":{"maxweight":"18"}},{"type":"Feature","geometry":{"type":"Point","coordinates":[9.4802743,51.3155055]},"properties":{"maxheight":"2.8"}},{"type":"Feature","geometry":{"type":"Point","coordinates":[9.883483,51.5286706]},"properties":{"hgv":"no","maxheight":"3.4 m"}},{"type":"Feature","geometry":{"type":"Point","coordinates":[9.9341368,51.5686606]},"properties":{"hgv":"no"}},{"type":"Feature","geometry":{"type":"Point","coordinates":[9.946494,51.5250521]},"properties":{"maxweight":"2.8"}},{"type":"Feature","geometry":{"type":"Point","coordinates":[9.9465068,51.5249555]},"properties":{"maxweight":"2.8"}},{"type":"Feature","geometry":{"type":"Point","coordinates":[9.6484115,51.1388309]},"properties":{"hgv":"agricultural;forestry"}},{"type":"Feature","geometry":{"type":"Point","coordinates":[9.5035272,51.2706463]},"properties":{"hgv":"no"}},{"type":"Feature","geometry":{"type":"Point","coordinates":[9.5040157,51.2705883]},"properties":{"hgv":"no"}},{"type":"Feature","geometry":{"type":"Point","coordinates":[9.7255166,51.1990509]},"properties":{"hgv":"destination;delivery","maxweight":"12"}},{"type":"Feature","geometry":{"type":"Point","coordinates":[9.4914902,51.3084925]},"properties":{"maxheight":"default"}},{"type":"Feature","geometry":{"type":"Point","coordinates":[9.9160624,51.5407454]},"properties":{"hgv":"destination"}},{"type":"Feature","geometry":{"type":"Point","coordinates":[9.9159044,51.540969]},"properties":{"hgv":"destination"}},{"type":"Feature","geometry":{"type":"Point","coordinates":[9.9339998,51.561052]},"properties":{"maxwidth":"2","maxweight":"2.8"}},{"type":"Feature","geometry":{"type":"Point","coordinates":[9.9339547,51.5610063]},"properties":{"maxwidth":"2 m"}},{"type":"Feature","geometry":{"type":"Point","coordinates":[9.3530204,51.4046299]},"properties":{"maxweight":"5"}},{"type":"Feature","geometry":{"type":"Point","coordinates":[9.4328073,51.2433279]},"properties":{"maxheight":"default"}},{"type":"Feature","geometry":{"type":"Point","coordinates":[9.4326128,51.2433396]},"properties":{"maxheight":"default"}},{"type":"Feature","geometry":{"type":"Point","coordinates":[9.4408746,51.2534981]},"properties":{"maxweight":"44"}},{"type":"Feature","geometry":{"type":"Point","coordinates":[9.4456279,51.2582328]},"properties":{"maxheight":"default"}},{"type":"Feature","geometry":{"type":"Point","coordinates":[9.9247291,51.3913793]},"properties":{"maxweight":"6 t"}},{"type":"Feature","geometry":{"type":"Point","coordinates":[9.295008,51.1483775]},"properties":{"maxheight":"default"}},{"type":"Feature","geometry":{"type":"Point","coordinates":[9.2974488,51.1470468]},"properties":{"maxheight":"default"}},{"type":"Feature","geometry":{"type":"Point","coordinates":[9.49143,51.3184379]},"properties":{"hgv":"no"}},{"type":"Feature","geometry":{"type":"Point","coordinates":[9.4910011,51.3185887]},"properties":{"hgv":"no"}},{"type":"Feature","geometry":{"type":"Point","coordinates":[9.4915101,51.3180813]},"properties":{"hgv":"no"}},{"type":"Feature","geometry":{"type":"Point","coordinates":[9.491375,51.3182211]},"properties":{"hgv":"no"}},{"type":"Feature","geometry":{"type":"Point","coordinates":[9.7126255,51.4135469]},"properties":{"maxweight":"7.5 t"}},{"type":"Feature","geometry":{"type":"Point","coordinates":[9.9067631,51.6075798]},"properties":{"maxheight":"2.5"}},{"type":"Feature","geometry":{"type":"Point","coordinates":[9.9437801,51.7182221]},"properties":{"hgv":"designated"}},{"type":"Feature","geometry":{"type":"Point","coordinates":[9.9417416,51.7165703]},"properties":{"hgv":"designated"}},{"type":"Feature","geometry":{"type":"Point","coordinates":[9.9438605,51.7169758]},"properties":{"hgv":"no","maxheight":"3.4"}},{"type":"Feature","geometry":{"type":"Point","coordinates":[9.536106,51.0964304]},"properties":{"maxheight":"4"}},{"type":"Feature","geometry":{"type":"Point","coordinates":[9.660537,51.3762764]},"properties":{"maxweight":"7.5 t"}},{"type":"Feature","geometry":{"type":"Point","coordinates":[9.737013,51.1989473]},"properties":{"hgv":"destination;delivery","maxweight":"12"}},{"type":"Feature","geometry":{"type":"Point","coordinates":[9.9602843,51.5362714]},"properties":{"hgv":"destination","maxweight":"3.5"}},{"type":"Feature","geometry":{"type":"Point","coordinates":[9.9594927,51.5357177]},"properties":{"hgv":"destination","maxweight":"3.5"}},{"type":"Feature","geometry":{"type":"Point","coordinates":[9.5099269,51.2608759]},"properties":{"maxweight":"44"}},{"type":"Feature","geometry":{"type":"Point","coordinates":[9.921577,51.5662706]},"properties":{"hgv":"no"}},{"type":"Feature","geometry":{"type":"Point","coordinates":[9.0914785,51.9404918]},"properties":{"maxheight":"3"}},{"type":"Feature","geometry":{"type":"Point","coordinates":[9.0914698,51.9405283]},"properties":{"maxheight":"3"}},{"type":"Feature","geometry":{"type":"Point","coordinates":[9.0889673,51.942399]},"properties":{"maxheight":"2"}},{"type":"Feature","geometry":{"type":"Point","coordinates":[9.8919239,51.4265304]},"properties":{"maxheight":"default"}},{"type":"Feature","geometry":{"type":"Point","coordinates":[9.9097404,51.4097929]},"properties":{"maxweight":"7.5"}},{"type":"Feature","geometry":{"type":"Point","coordinates":[9.0813365,51.3436466]},"properties":{"maxheight":"2.5"}},{"type":"Feature","geometry":{"type":"Point","coordinates":[9.4067221,51.036361]},"properties":{"maxweight":"3.5"}},{"type":"Feature","geometry":{"type":"Point","coordinates":[9.5096706,51.3292587]},"properties":{"maxheight":"2.2"}},{"type":"Feature","geometry":{"type":"Point","coordinates":[9.9737447,51.7321932]},"properties":{"maxheight":"default"}},{"type":"Feature","geometry":{"type":"Point","coordinates":[9.8333852,51.8208551]},"properties":{"maxheight":"default"}},{"type":"Feature","geometry":{"type":"Point","coordinates":[9.8330742,51.8336571]},"properties":{"maxheight":"default"}},{"type":"Feature","geometry":{"type":"Point","coordinates":[9.8715639,51.8045074]},"properties":{"maxheight":"default"}},{"type":"Feature","geometry":{"type":"Point","coordinates":[9.9171303,51.5396208]},"properties":{"hgv":"destination"}},{"type":"Feature","geometry":{"type":"Point","coordinates":[9.8976989,51.5312676]},"properties":{"hgv":"destination"}},{"type":"Feature","geometry":{"type":"Point","coordinates":[9.6279234,51.1439621]},"properties":{"hgv":"agricultural;forestry"}},{"type":"Feature","geometry":{"type":"Point","coordinates":[9.4678428,51.2049917]},"properties":{"maxheight":"default"}},{"type":"Feature","geometry":{"type":"Point","coordinates":[9.4678371,51.2045467]},"properties":{"maxheight":"default"}},{"type":"Feature","geometry":{"type":"Point","coordinates":[9.466432,51.2058174]},"properties":{"hgv":"delivery"}},{"type":"Feature","geometry":{"type":"Point","coordinates":[9.6255161,51.1455857]},"properties":{"hgv":"agricultural;forestry"}},{"type":"Feature","geometry":{"type":"Point","coordinates":[9.8740606,51.8044307]},"properties":{"maxheight":"default"}},{"type":"Feature","geometry":{"type":"Point","coordinates":[9.4102784,51.4521681]},"properties":{"maxheight":"default"}},{"type":"Feature","geometry":{"type":"Point","coordinates":[9.4109402,51.4457135]},"properties":{"maxheight":"default"}},{"type":"Feature","geometry":{"type":"Point","coordinates":[9.615645,51.1701912]},"properties":{"maxweight":"16"}},{"type":"Feature","geometry":{"type":"Point","coordinates":[9.9179939,51.5355847]},"properties":{"hgv":"destination"}},{"type":"Feature","geometry":{"type":"Point","coordinates":[9.9180423,51.5355823]},"properties":{"hgv":"destination"}},{"type":"Feature","geometry":{"type":"Point","coordinates":[9.5234827,51.0392163]},"properties":{"maxweight":"22"}},{"type":"Feature","geometry":{"type":"Point","coordinates":[9.4534539,51.3149727]},"properties":{"maxweight":"3.5"}},{"type":"Feature","geometry":{"type":"Point","coordinates":[9.4521696,51.3149532]},"properties":{"maxweight":"3.5"}},{"type":"Feature","geometry":{"type":"Point","coordinates":[9.9871776,51.0826504]},"properties":{"maxweight":"12"}},{"type":"Feature","geometry":{"type":"Point","coordinates":[9.5160313,51.3220612]},"properties":{"maxheight":"below_default"}},{"type":"Feature","geometry":{"type":"Point","coordinates":[9.5169167,51.321511]},"properties":{"maxheight":"below_default"}},{"type":"Feature","geometry":{"type":"Point","coordinates":[9.6558069,51.3771724]},"properties":{"maxheight":"default"}},{"type":"Feature","geometry":{"type":"Point","coordinates":[9.6696561,51.3962965]},"properties":{"maxheight":"default"}},{"type":"Feature","geometry":{"type":"Point","coordinates":[9.6686917,51.3958439]},"properties":{"maxheight":"default"}},{"type":"Feature","geometry":{"type":"Point","coordinates":[9.9211752,51.5626174]},"properties":{"maxheight":"2.3 m","maxweight":"2.8 t"}},{"type":"Feature","geometry":{"type":"Point","coordinates":[9.8791569,51.5618667]},"properties":{"maxheight":"3.8 m"}},{"type":"Feature","geometry":{"type":"Point","coordinates":[9.5206501,51.2842484]},"properties":{"maxheight":"default"}},{"type":"Feature","geometry":{"type":"Point","coordinates":[9.4927541,51.3158287]},"properties":{"maxheight":"2.6"}},{"type":"Feature","geometry":{"type":"Point","coordinates":[9.4715227,51.2759401]},"properties":{"maxheight":"default"}},{"type":"Feature","geometry":{"type":"Point","coordinates":[9.460062,51.2620885]},"properties":{"maxweight":"44"}},{"type":"Feature","geometry":{"type":"Point","coordinates":[9.4625416,51.2616814]},"properties":{"maxweight":"44"}},{"type":"Feature","geometry":{"type":"Point","coordinates":[9.4442559,51.2660247]},"properties":{"maxweight":"44"}},{"type":"Feature","geometry":{"type":"Point","coordinates":[9.4501264,51.2643468]},"properties":{"maxheight":"default"}},{"type":"Feature","geometry":{"type":"Point","coordinates":[9.4587824,51.2621719]},"properties":{"maxweight":"44"}},{"type":"Feature","geometry":{"type":"Point","coordinates":[9.4507601,51.2645422]},"properties":{"maxheight":"default"}},{"type":"Feature","geometry":{"type":"Point","coordinates":[9.5083017,51.2609892]},"properties":{"maxweight":"44"}},{"type":"Feature","geometry":{"type":"Point","coordinates":[9.52322,51.2724911]},"properties":{"maxheight":"default"}},{"type":"Feature","geometry":{"type":"Point","coordinates":[9.5315468,51.2770469]},"properties":{"maxheight":"default"}},{"type":"Feature","geometry":{"type":"Point","coordinates":[9.5233728,51.2729234]},"properties":{"maxheight":"default"}},{"type":"Feature","geometry":{"type":"Point","coordinates":[9.5167619,51.2579841]},"properties":{"maxweight":"44"}},{"type":"Feature","geometry":{"type":"Point","coordinates":[9.5198676,51.2706898]},"properties":{"maxheight":"default"}},{"type":"Feature","geometry":{"type":"Point","coordinates":[9.519325,51.2700094]},"properties":{"maxheight":"default"}},{"type":"Feature","geometry":{"type":"Point","coordinates":[9.4306283,51.2284847]},"properties":{"maxheight":"2.4","maxweight":"3"}},{"type":"Feature","geometry":{"type":"Point","coordinates":[9.8786055,51.5129269]},"properties":{"maxheight":"default"}},{"type":"Feature","geometry":{"type":"Point","coordinates":[9.5498457,51.1314814]},"properties":{"maxheight":"3.8"}},{"type":"Feature","geometry":{"type":"Point","coordinates":[9.5619115,51.1459213]},"properties":{"hgv":"no"}},{"type":"Feature","geometry":{"type":"Point","coordinates":[9.5456425,51.1347364]},"properties":{"maxheight":"1.8"}},{"type":"Feature","geometry":{"type":"Point","coordinates":[9.9376709,51.5301698]},"properties":{"maxheight":"3"}},{"type":"Feature","geometry":{"type":"Point","coordinates":[9.6692229,51.8241709]},"properties":{"maxweight":"12 t"}},{"type":"Feature","geometry":{"type":"Point","coordinates":[9.9303778,51.5858611]},"properties":{"maxweight":"2 t"}},{"type":"Feature","geometry":{"type":"Point","coordinates":[9.4095057,51.0009482]},"properties":{"maxweight":"1.5"}},{"type":"Feature","geometry":{"type":"Point","coordinates":[9.5034499,51.3186882]},"properties":{"maxheight":"below_default"}},{"type":"Feature","geometry":{"type":"Point","coordinates":[9.5042483,51.3186068]},"properties":{"maxheight":"below_default"}},{"type":"Feature","geometry":{"type":"Point","coordinates":[9.8714368,51.8044041]},"properties":{"maxheight":"default"}},{"type":"Feature","geometry":{"type":"Point","coordinates":[9.8330961,51.8208971]},"properties":{"maxheight":"default"}},{"type":"Feature","geometry":{"type":"Point","coordinates":[9.1212954,51.4979713]},"properties":{"maxheight":"default"}},{"type":"Feature","geometry":{"type":"Point","coordinates":[9.9728462,51.7345616]},"properties":{"maxheight":"default"}},{"type":"Feature","geometry":{"type":"Point","coordinates":[9.699523,51.1527531]},"properties":{"maxweight":"6"}},{"type":"Feature","geometry":{"type":"Point","coordinates":[9.7250052,51.1745548]},"properties":{"maxweight":"2.5"}},{"type":"Feature","geometry":{"type":"Point","coordinates":[9.4556169,51.7978336]},"properties":{"hgv":"no"}},{"type":"Feature","geometry":{"type":"Point","coordinates":[9.5171881,51.3228504]},"properties":{"maxheight":"below_default"}},{"type":"Feature","geometry":{"type":"Point","coordinates":[9.9352052,51.576732]},"properties":{"maxheight":"2.5 m"}},{"type":"Feature","geometry":{"type":"Point","coordinates":[9.4814337,51.1570698]},"properties":{"maxheight":"default"}},{"type":"Feature","geometry":{"type":"Point","coordinates":[9.6757448,51.3984576]},"properties":{"maxheight":"default"}},{"type":"Feature","geometry":{"type":"Point","coordinates":[9.5000656,51.327894]},"properties":{"maxheight":"below_default"}},{"type":"Feature","geometry":{"type":"Point","coordinates":[9.9294215,51.56016]},"properties":{"maxheight":"2.0 m"}},{"type":"Feature","geometry":{"type":"Point","coordinates":[9.4992672,51.3326237]},"properties":{"maxweightrating":"30"}},{"type":"Feature","geometry":{"type":"Point","coordinates":[9.3058969,51.2916458]},"properties":{"maxweight":"7.5"}},{"type":"Feature","geometry":{"type":"Point","coordinates":[9.3051818,51.2931922]},"properties":{"maxweight":"7.5"}},{"type":"Feature","geometry":{"type":"Point","coordinates":[9.8902704,51.5290867]},"properties":{"hgv":"destination"}},{"type":"Feature","geometry":{"type":"Point","coordinates":[9.1462563,51.488478]},"properties":{"hgv":"destination"}},{"type":"Feature","geometry":{"type":"Point","coordinates":[9.4519086,51.3250921]},"properties":{"maxheight":"4"}},{"type":"Feature","geometry":{"type":"Point","coordinates":[9.4521147,51.3251471]},"properties":{"maxheight":"4"}},{"type":"Feature","geometry":{"type":"Point","coordinates":[9.9271132,51.5389547]},"properties":{"maxheight":"default"}},{"type":"Feature","geometry":{"type":"Point","coordinates":[9.4808057,51.0051886]},"properties":{"hgv":"designated"}},{"type":"Feature","geometry":{"type":"Point","coordinates":[9.5894007,51.1911864]},"properties":{"maxweight":"30"}},{"type":"Feature","geometry":{"type":"Point","coordinates":[9.4723845,51.001311]},"properties":{"maxweight":"3.5"}},{"type":"Feature","geometry":{"type":"Point","coordinates":[9.9289838,51.5542426]},"properties":{"maxheight":"3 m"}},{"type":"Feature","geometry":{"type":"Point","coordinates":[9.9292799,51.5542089]},"properties":{"maxheight":"2.2 m"}},{"type":"Feature","geometry":{"type":"Point","coordinates":[9.9332531,51.5298227]},"properties":{"maxheight":"2.0 m"}},{"type":"Feature","geometry":{"type":"Point","coordinates":[9.9331786,51.5297637]},"properties":{"maxheight":"2.0 m"}},{"type":"Feature","geometry":{"type":"Point","coordinates":[9.4559517,51.3393113]},"properties":{"maxweight":"3.5"}},{"type":"Feature","geometry":{"type":"Point","coordinates":[9.456236,51.3396573]},"properties":{"maxweight":"3.5"}},{"type":"Feature","geometry":{"type":"Point","coordinates":[9.4823351,51.8103679]},"properties":{"hgv":"no","goods":"no"}},{"type":"Feature","geometry":{"type":"Point","coordinates":[9.4292498,51.340591]},"properties":{"hgv":"no"}},{"type":"Feature","geometry":{"type":"Point","coordinates":[9.9777962,51.7047469]},"properties":{"maxheight":"default"}},{"type":"Feature","geometry":{"type":"Point","coordinates":[9.4728711,51.2887859]},"properties":{"maxweight":"3.5"}},{"type":"Feature","geometry":{"type":"Point","coordinates":[9.4740541,51.2899035]},"properties":{"maxheight":"2.8"}},{"type":"Feature","geometry":{"type":"Point","coordinates":[9.4745761,51.2892921]},"properties":{"maxheight":"default"}},{"type":"Feature","geometry":{"type":"Point","coordinates":[9.5743569,51.8917812]},"properties":{"maxweight":"30"}},{"type":"Feature","geometry":{"type":"Point","coordinates":[9.5752916,51.8915906]},"properties":{"maxweight":"30"}},{"type":"Feature","geometry":{"type":"Point","coordinates":[9.447719,51.3108227]},"properties":{"maxheight":"3.2","maxweight":"16"}},{"type":"Feature","geometry":{"type":"Point","coordinates":[9.4470374,51.3107026]},"properties":{"maxweight":"16"}},{"type":"Feature","geometry":{"type":"Point","coordinates":[9.9606366,51.7299832]},"properties":{"maxheight":"2"}},{"type":"Feature","geometry":{"type":"Point","coordinates":[9.4552188,51.3155566]},"properties":{"maxheight":"default"}},{"type":"Feature","geometry":{"type":"Point","coordinates":[9.6527556,51.4187236]},"properties":{"hgv":"no"}},{"type":"Feature","geometry":{"type":"Point","coordinates":[9.6533206,51.4187124]},"properties":{"hgv":"no"}},{"type":"Feature","geometry":{"type":"Point","coordinates":[9.6546867,51.4184446]},"properties":{"hgv":"no"}},{"type":"Feature","geometry":{"type":"Point","coordinates":[9.6546979,51.4177489]},"properties":{"maxheight":"below_default"}},{"type":"Feature","geometry":{"type":"Point","coordinates":[9.109891,51.0805008]},"properties":{"maxheight":"default"}},{"type":"Feature","geometry":{"type":"Point","coordinates":[9.9642789,51.5536896]},"properties":{"maxweight":"3.5"}},{"type":"Feature","geometry":{"type":"Point","coordinates":[9.9427231,51.5558769]},"properties":{"maxheight":"default"}},{"type":"Feature","geometry":{"type":"Point","coordinates":[9.8791557,51.5557172]},"properties":{"maxheight":"default"}},{"type":"Feature","geometry":{"type":"Point","coordinates":[9.8793766,51.5588648]},"properties":{"maxheight":"default"}},{"type":"Feature","geometry":{"type":"Point","coordinates":[9.8782279,51.5543868]},"properties":{"maxheight":"default"}},{"type":"Feature","geometry":{"type":"Point","coordinates":[9.8773945,51.4943481]},"properties":{"maxheight":"default"}},{"type":"Feature","geometry":{"type":"Point","coordinates":[9.8739332,51.4797429]},"properties":{"maxheight":"default"}},{"type":"Feature","geometry":{"type":"Point","coordinates":[9.8766996,51.4922789]},"properties":{"maxheight":"default"}},{"type":"Feature","geometry":{"type":"Point","coordinates":[9.8766654,51.4901688]},"properties":{"maxheight":"default"}},{"type":"Feature","geometry":{"type":"Point","coordinates":[9.2595556,51.2295667]},"properties":{"maxweight":"16"}},{"type":"Feature","geometry":{"type":"Point","coordinates":[9.2572685,51.2282755]},"properties":{"maxweight":"16"}},{"type":"Feature","geometry":{"type":"Point","coordinates":[9.2629401,51.2260169]},"properties":{"maxweight":"7.5"}},{"type":"Feature","geometry":{"type":"Point","coordinates":[9.3072777,51.3226171]},"properties":{"hgv":"destination"}},{"type":"Feature","geometry":{"type":"Point","coordinates":[9.9106205,51.5478465]},"properties":{"hgv":"destination"}},{"type":"Feature","geometry":{"type":"Point","coordinates":[9.9089746,51.5474867]},"properties":{"hgv":"destination"}},{"type":"Feature","geometry":{"type":"Point","coordinates":[9.1652316,51.0274254]},"properties":{"maxheight":"default"}},{"type":"Feature","geometry":{"type":"Point","coordinates":[9.9272542,51.6038667]},"properties":{"maxheight":"default"}},{"type":"Feature","geometry":{"type":"Point","coordinates":[9.9196928,51.5640427]},"properties":{"maxheight":"default"}},{"type":"Feature","geometry":{"type":"Point","coordinates":[9.2495901,51.9626128]},"properties":{"maxweight":"7.5"}},{"type":"Feature","geometry":{"type":"Point","coordinates":[9.6689752,51.3610794]},"properties":{"maxweight":"7.5 t"}},{"type":"Feature","geometry":{"type":"Point","coordinates":[9.6894127,51.8071967]},"properties":{"maxlength":"8"}},{"type":"Feature","geometry":{"type":"Point","coordinates":[9.9108438,51.4099318]},"properties":{"maxweight":"7.5"}},{"type":"Feature","geometry":{"type":"Point","coordinates":[9.947173,51.5215378]},"properties":{"maxweight":"1.5 t"}},{"type":"Feature","geometry":{"type":"Point","coordinates":[9.8121843,51.9649803]},"properties":{"maxweight":"7.5 t"}},{"type":"Feature","geometry":{"type":"Point","coordinates":[9.9299689,51.6151405]},"properties":{"maxheight":"default"}},{"type":"Feature","geometry":{"type":"Point","coordinates":[9.9303829,51.8386299]},"properties":{"hgv":"no","goods":"no"}},{"type":"Feature","geometry":{"type":"Point","coordinates":[9.9309098,51.5485239]},"properties":{"maxheight":"below_default"}},{"type":"Feature","geometry":{"type":"Point","coordinates":[9.418662,51.2278414]},"properties":{"maxweight":"2.8"}},{"type":"Feature","geometry":{"type":"Point","coordinates":[9.9204728,51.5626088]},"properties":{"maxheight":"2.3 m","maxweight":"2.8 t"}},{"type":"Feature","geometry":{"type":"Point","coordinates":[9.4406433,51.382687]},"properties":{"maxheight":"4"}},{"type":"Feature","geometry":{"type":"Point","coordinates":[9.1073875,51.3041554]},"properties":{"maxweight":"2"}},{"type":"Feature","geometry":{"type":"Point","coordinates":[9.1103261,51.304812]},"properties":{"maxweight":"2"}},{"type":"Feature","geometry":{"type":"Point","coordinates":[9.2576549,51.2664149]},"properties":{"maxweight":"7.5"}},{"type":"Feature","geometry":{"type":"Point","coordinates":[9.5342272,51.1014149]},"properties":{"maxheight":"3.5"}},{"type":"Feature","geometry":{"type":"Point","coordinates":[9.7203545,51.1385174]},"properties":{"maxweight":"16"}},{"type":"Feature","geometry":{"type":"Point","coordinates":[9.6584027,51.4905017]},"properties":{"maxweight":"3.5 t"}},{"type":"Feature","geometry":{"type":"Point","coordinates":[9.6648221,51.488329]},"properties":{"maxweight":"3.5 t"}},{"type":"Feature","geometry":{"type":"Point","coordinates":[9.5168519,51.2576645]},"properties":{"maxweight":"44"}},{"type":"Feature","geometry":{"type":"Point","coordinates":[9.518149,51.2559299]},"properties":{"maxweight":"44"}},{"type":"Feature","geometry":{"type":"Point","coordinates":[9.9423669,51.5502552]},"properties":{"maxheight":"3.6 m"}},{"type":"Feature","geometry":{"type":"Point","coordinates":[9.8923731,51.5284381]},"properties":{"maxheight":"3.3"}},{"type":"Feature","geometry":{"type":"Point","coordinates":[9.5813656,51.073011]},"properties":{"hgv":"agricultural"}},{"type":"Feature","geometry":{"type":"Point","coordinates":[9.543208,51.087425]},"properties":{"hgv":"agricultural"}},{"type":"Feature","geometry":{"type":"Point","coordinates":[9.5431673,51.0874702]},"properties":{"hgv":"agricultural"}},{"type":"Feature","geometry":{"type":"Point","coordinates":[9.5399373,51.0915185]},"properties":{"hgv":"delivery"}},{"type":"Feature","geometry":{"type":"Point","coordinates":[9.4804127,51.7853125]},"properties":{"hgv":"no"}},{"type":"Feature","geometry":{"type":"Point","coordinates":[9.9540404,51.5468629]},"properties":{"maxweight":"3.5"}},{"type":"Feature","geometry":{"type":"Point","coordinates":[9.568779,51.6260475]},"properties":{"maxheight":"3.8"}},{"type":"Feature","geometry":{"type":"Point","coordinates":[9.943194,51.5517121]},"properties":{"maxweight":"6"}},{"type":"Feature","geometry":{"type":"Point","coordinates":[9.8872921,51.5518814]},"properties":{"maxheight":"2.2 m","maxweight":"3 t"}},{"type":"Feature","geometry":{"type":"Point","coordinates":[9.6841912,51.4855631]},"properties":{"maxweight":"2.5 t"}},{"type":"Feature","geometry":{"type":"Point","coordinates":[9.3137462,51.7101908]},"properties":{"maxheight":"3.6"}},{"type":"Feature","geometry":{"type":"Point","coordinates":[9.4102983,51.7789218]},"properties":{"maxheight":"4.5"}},{"type":"Feature","geometry":{"type":"Point","coordinates":[9.4093915,51.7788198]},"properties":{"maxheight":"4.5"}},{"type":"Feature","geometry":{"type":"Point","coordinates":[9.7215102,51.2001664]},"properties":{"hgv":"destination;delivery","maxweight":"12"}},{"type":"Feature","geometry":{"type":"Point","coordinates":[9.7268039,51.1990429]},"properties":{"hgv":"destination;delivery","maxweight":"12"}},{"type":"Feature","geometry":{"type":"Point","coordinates":[9.7242046,51.1990863]},"properties":{"hgv":"destination;delivery","maxweight":"12"}},{"type":"Feature","geometry":{"type":"Point","coordinates":[9.1696403,51.7046845]},"properties":{"maxheight":"default"}},{"type":"Feature","geometry":{"type":"Point","coordinates":[9.7221762,51.1996995]},"properties":{"hgv":"destination;delivery","maxweight":"12"}},{"type":"Feature","geometry":{"type":"Point","coordinates":[9.7232623,51.1992538]},"properties":{"hgv":"destination;delivery","maxweight":"12"}},{"type":"Feature","geometry":{"type":"Point","coordinates":[9.1746564,51.844324]},"properties":{"maxheight":"default"}},{"type":"Feature","geometry":{"type":"Point","coordinates":[9.549326,51.3890879]},"properties":{"maxweight":"3.5"}},{"type":"Feature","geometry":{"type":"Point","coordinates":[9.4960995,51.3170308]},"properties":{"maxheight":"1.95"}},{"type":"Feature","geometry":{"type":"Point","coordinates":[9.4970567,51.3171489]},"properties":{"maxheight":"1.95"}},{"type":"Feature","geometry":{"type":"Point","coordinates":[9.0914843,51.9403618]},"properties":{"maxheight":"3"}},{"type":"Feature","geometry":{"type":"Point","coordinates":[9.43478,51.205833]},"properties":{"hgv":"delivery"}},{"type":"Feature","geometry":{"type":"Point","coordinates":[9.1620964,51.4131507]},"properties":{"maxheight":"none"}},{"type":"Feature","geometry":{"type":"Point","coordinates":[9.020226,51.4299859]},"properties":{"maxheight":"none"}},{"type":"Feature","geometry":{"type":"Point","coordinates":[9.117453,51.4650904]},"properties":{"maxheight":"none"}},{"type":"Feature","geometry":{"type":"Point","coordinates":[9.1163404,51.4637568]},"properties":{"maxheight":"default"}},{"type":"Feature","geometry":{"type":"Point","coordinates":[9.5193614,51.2575333]},"properties":{"maxweight":"44"}},{"type":"Feature","geometry":{"type":"Point","coordinates":[9.826341,51.2507291]},"properties":{"maxweight":"30"}},{"type":"Feature","geometry":{"type":"Point","coordinates":[9.8260704,51.2508502]},"properties":{"maxweight":"30"}},{"type":"Feature","geometry":{"type":"Point","coordinates":[9.1837469,51.4016705]},"properties":{"maxheight":"default"}},{"type":"Feature","geometry":{"type":"Point","coordinates":[9.2095872,51.3954716]},"properties":{"maxheight":"default"}},{"type":"Feature","geometry":{"type":"Point","coordinates":[9.183678,51.4015635]},"properties":{"maxheight":"default"}},{"type":"Feature","geometry":{"type":"Point","coordinates":[9.4081794,51.7772399]},"properties":{"maxheight":"3.5"}},{"type":"Feature","geometry":{"type":"Point","coordinates":[9.474488,51.181337]},"properties":{"hgv":"designated"}},{"type":"Feature","geometry":{"type":"Point","coordinates":[9.6697084,51.3967869]},"properties":{"hgv":"yes"}},{"type":"Feature","geometry":{"type":"Point","coordinates":[9.6055503,51.3485757]},"properties":{"hgv":"yes"}},{"type":"Feature","geometry":{"type":"Point","coordinates":[9.6691862,51.396329]},"properties":{"hgv":"yes"}},{"type":"Feature","geometry":{"type":"Point","coordinates":[9.6691547,51.3962079]},"properties":{"hgv":"designated"}},{"type":"Feature","geometry":{"type":"Point","coordinates":[9.5630584,51.3179889]},"properties":{"maxheight":"default"}},{"type":"Feature","geometry":{"type":"Point","coordinates":[9.6040956,51.3480961]},"properties":{"maxheight":"default"}},{"type":"Feature","geometry":{"type":"Point","coordinates":[9.5604432,51.3074868]},"properties":{"maxheight":"default"}},{"type":"Feature","geometry":{"type":"Point","coordinates":[9.7724266,51.5420379]},"properties":{"maxweight":"6 t"}},{"type":"Feature","geometry":{"type":"Point","coordinates":[9.4084844,51.7686432]},"properties":{"maxweight":"1.3 t"}},{"type":"Feature","geometry":{"type":"Point","coordinates":[9.7614593,51.1796327]},"properties":{"hgv":"destination"}},{"type":"Feature","geometry":{"type":"Point","coordinates":[9.3745842,51.4921013]},"properties":{"hgv":"destination"}},{"type":"Feature","geometry":{"type":"Point","coordinates":[9.8429809,51.4242613]},"properties":{"hgv":"destination"}},{"type":"Feature","geometry":{"type":"Point","coordinates":[9.56021,51.2963093]},"properties":{"maxheight":"default"}},{"type":"Feature","geometry":{"type":"Point","coordinates":[9.6979357,51.2078421]},"properties":{"maxweight":"7.5"}},{"type":"Feature","geometry":{"type":"Point","coordinates":[9.6989673,51.2074786]},"properties":{"maxweight":"7.5"}},{"type":"Feature","geometry":{"type":"Point","coordinates":[9.4716563,51.189549]},"properties":{"maxheight":"default"}},{"type":"Feature","geometry":{"type":"Point","coordinates":[9.7040171,51.40059]},"properties":{"maxheight":"default"}},{"type":"Feature","geometry":{"type":"Point","coordinates":[9.8687937,51.4592416]},"properties":{"maxheight":"default"}},{"type":"Feature","geometry":{"type":"Point","coordinates":[9.8918086,51.569489]},"properties":{"maxheight":"3.8 m"}},{"type":"Feature","geometry":{"type":"Point","coordinates":[9.071141,51.8884216]},"properties":{"maxweight":"7"}},{"type":"Feature","geometry":{"type":"Point","coordinates":[9.5331587,51.3049913]},"properties":{"hgv":"designated"}},{"type":"Feature","geometry":{"type":"Point","coordinates":[9.1882952,51.7025645]},"properties":{"maxheight":"default"}},{"type":"Feature","geometry":{"type":"Point","coordinates":[9.2336959,51.7098753]},"properties":{"maxheight":"default"}},{"type":"Feature","geometry":{"type":"Point","coordinates":[9.2442426,51.9534815]},"properties":{"hgv":"destination"}},{"type":"Feature","geometry":{"type":"Point","coordinates":[9.5473671,51.8815266]},"properties":{"hgv":"no","goods":"no"}},{"type":"Feature","geometry":{"type":"Point","coordinates":[9.5462013,51.8863307]},"properties":{"hgv":"no","goods":"no"}},{"type":"Feature","geometry":{"type":"Point","coordinates":[9.547489,51.8771361]},"properties":{"hgv":"no","goods":"no"}},{"type":"Feature","geometry":{"type":"Point","coordinates":[9.5418813,51.6540504]},"properties":{"maxweight":"9"}},{"type":"Feature","geometry":{"type":"Point","coordinates":[9.5152542,51.1712158]},"properties":{"hgv":"delivery;agricultural;forestry"}},{"type":"Feature","geometry":{"type":"Point","coordinates":[9.5125662,51.1733822]},"properties":{"hgv":"delivery;agricultural;forestry"}},{"type":"Feature","geometry":{"type":"Point","coordinates":[9.7253952,51.1973648]},"properties":{"maxheight":"3.4"}},{"type":"Feature","geometry":{"type":"Point","coordinates":[9.7543001,51.3969047]},"properties":{"hgv":"yes"}},{"type":"Feature","geometry":{"type":"Point","coordinates":[9.605419,51.4896354]},"properties":{"hgv":"no"}},{"type":"Feature","geometry":{"type":"Point","coordinates":[9.6060811,51.4893184]},"properties":{"hgv":"no"}},{"type":"Feature","geometry":{"type":"Point","coordinates":[9.605479,51.4894732]},"properties":{"hgv":"no"}},{"type":"Feature","geometry":{"type":"Point","coordinates":[9.605419,51.4896354]},"properties":{"hgv":"no"}},{"type":"Feature","geometry":{"type":"Point","coordinates":[9.6062373,51.4891584]},"properties":{"hgv":"no"}},{"type":"Feature","geometry":{"type":"Point","coordinates":[9.6056838,51.488965]},"properties":{"hgv":"no"}},{"type":"Feature","geometry":{"type":"Point","coordinates":[9.9080554,51.5465069]},"properties":{"hgv":"no"}},{"type":"Feature","geometry":{"type":"Point","coordinates":[9.5301736,51.2692123]},"properties":{"hgv":"destination"}},{"type":"Feature","geometry":{"type":"Point","coordinates":[9.5236669,51.2678999]},"properties":{"hgv":"destination"}},{"type":"Feature","geometry":{"type":"Point","coordinates":[9.6193827,51.2825159]},"properties":{"hgv":"no","goods":"no"}},{"type":"Feature","geometry":{"type":"Point","coordinates":[9.4709339,51.2100089]},"properties":{"maxheight":"default"}},{"type":"Feature","geometry":{"type":"Point","coordinates":[9.0751087,51.9658023]},"properties":{"hgv":"destination"}},{"type":"Feature","geometry":{"type":"Point","coordinates":[9.088399,51.9603081]},"properties":{"hgv":"destination"}},{"type":"Feature","geometry":{"type":"Point","coordinates":[9.4710015,51.3177981]},"properties":{"maxheight":"5"}},{"type":"Feature","geometry":{"type":"Point","coordinates":[9.4715993,51.3177437]},"properties":{"maxheight":"5"}},{"type":"Feature","geometry":{"type":"Point","coordinates":[9.472199,51.3176892]},"properties":{"maxheight":"5"}},{"type":"Feature","geometry":{"type":"Point","coordinates":[9.4703196,51.3178601]},"properties":{"maxheight":"5"}},{"type":"Feature","geometry":{"type":"Point","coordinates":[9.9768158,51.5220667]},"properties":{"maxweight":"7.5 t"}},{"type":"Feature","geometry":{"type":"Point","coordinates":[9.1469007,51.4892216]},"properties":{"maxheight":"2"}},{"type":"Feature","geometry":{"type":"Point","coordinates":[9.3021487,51.3658851]},"properties":{"hgv":"yes"}},{"type":"Feature","geometry":{"type":"Point","coordinates":[9.0603604,51.8934449]},"properties":{"maxweight":"7"}},{"type":"Feature","geometry":{"type":"Point","coordinates":[9.2666539,51.9512458]},"properties":{"maxweight":"7.5"}},{"type":"Feature","geometry":{"type":"Point","coordinates":[9.1711978,51.8632858]},"properties":{"hgv":"destination"}},{"type":"Feature","geometry":{"type":"Point","coordinates":[9.5700994,51.3191031]},"properties":{"hgv":"designated"}},{"type":"Feature","geometry":{"type":"Point","coordinates":[9.4802477,51.9945131]},"properties":{"maxweightrating:hgv":"7.5"}},{"type":"Feature","geometry":{"type":"Point","coordinates":[9.6700781,51.4159752]},"properties":{"maxheight":"3.1"}},{"type":"Feature","geometry":{"type":"Point","coordinates":[9.9609938,51.5525612]},"properties":{"maxweight":"3.5"}},{"type":"Feature","geometry":{"type":"Point","coordinates":[9.9562,51.5509453]},"properties":{"maxweight":"3.5"}},{"type":"Feature","geometry":{"type":"Point","coordinates":[9.0228271,51.5368546]},"properties":{"maxheight":"default"}},{"type":"Feature","geometry":{"type":"Point","coordinates":[9.1390972,51.7971172]},"properties":{"maxheight":"default"}},{"type":"Feature","geometry":{"type":"Point","coordinates":[9.1454196,51.785173]},"properties":{"maxheight":"default"}},{"type":"Feature","geometry":{"type":"Point","coordinates":[9.6871439,51.3982572]},"properties":{"maxweight":"7.5 t"}},{"type":"Feature","geometry":{"type":"Point","coordinates":[9.6834826,51.3888126]},"properties":{"maxweight":"7.5 t"}},{"type":"Feature","geometry":{"type":"Point","coordinates":[9.9738513,51.7323075]},"properties":{"maxheight":"default"}},{"type":"Feature","geometry":{"type":"Point","coordinates":[9.9298277,51.5548866]},"properties":{"hgv":"no"}},{"type":"Feature","geometry":{"type":"Point","coordinates":[9.9298277,51.5548866]},"properties":{"hgv":"no"}},{"type":"Feature","geometry":{"type":"Point","coordinates":[9.929623,51.5544366]},"properties":{"hgv":"no"}},{"type":"Feature","geometry":{"type":"Point","coordinates":[9.8880438,51.5569713]},"properties":{"maxheight":"4 m"}},{"type":"Feature","geometry":{"type":"Point","coordinates":[9.9397498,51.5732569]},"properties":{"maxweight":"2 t"}},{"type":"Feature","geometry":{"type":"Point","coordinates":[9.6952894,51.8979325]},"properties":{"maxheight":"default"}},{"type":"Feature","geometry":{"type":"Point","coordinates":[9.0698556,51.6989413]},"properties":{"maxheight":"default"}},{"type":"Feature","geometry":{"type":"Point","coordinates":[9.9466034,51.5306811]},"properties":{"maxheight":"1.8"}},{"type":"Feature","geometry":{"type":"Point","coordinates":[9.1787091,51.5656705]},"properties":{"hgv":"agricultural"}},{"type":"Feature","geometry":{"type":"Point","coordinates":[9.1701381,51.5708224]},"properties":{"hgv":"agricultural"}},{"type":"Feature","geometry":{"type":"Point","coordinates":[9.9533638,51.5590858]},"properties":{"maxheight":"3.45 m"}},{"type":"Feature","geometry":{"type":"Point","coordinates":[9.9460964,51.5560011]},"properties":{"maxheight":"3.3"}},{"type":"Feature","geometry":{"type":"Point","coordinates":[9.9460943,51.5559371]},"properties":{"maxheight":"3.3"}},{"type":"Feature","geometry":{"type":"Point","coordinates":[9.9537541,51.5590946]},"properties":{"maxheight":"3.45 m"}},{"type":"Feature","geometry":{"type":"Point","coordinates":[9.9199541,51.5560722]},"properties":{"maxheight":"default"}},{"type":"Feature","geometry":{"type":"Point","coordinates":[9.421111,51.6258599]},"properties":{"maxweight":"5"}},{"type":"Feature","geometry":{"type":"Point","coordinates":[9.4203854,51.6288719]},"properties":{"maxweight":"5"}},{"type":"Feature","geometry":{"type":"Point","coordinates":[9.0711322,51.7128893]},"properties":{"maxheight":"default"}},{"type":"Feature","geometry":{"type":"Point","coordinates":[9.1107564,51.7111438]},"properties":{"maxheight":"default"}},{"type":"Feature","geometry":{"type":"Point","coordinates":[9.3177545,51.8290461]},"properties":{"maxweight":"7.5"}},{"type":"Feature","geometry":{"type":"Point","coordinates":[9.3140238,51.8283724]},"properties":{"maxweight":"7.5"}},{"type":"Feature","geometry":{"type":"Point","coordinates":[9.5746738,51.4043772]},"properties":{"hgv":"destination"}},{"type":"Feature","geometry":{"type":"Point","coordinates":[9.7296205,51.2247889]},"properties":{"maxweight":"6"}},{"type":"Feature","geometry":{"type":"Point","coordinates":[9.2426956,51.853096]},"properties":{"maxheight":"default"}},{"type":"Feature","geometry":{"type":"Point","coordinates":[9.1711325,51.8634914]},"properties":{"hgv":"destination"}},{"type":"Feature","geometry":{"type":"Point","coordinates":[9.0773271,51.8817026]},"properties":{"maxweight":"7"}},{"type":"Feature","geometry":{"type":"Point","coordinates":[9.931456,51.5330218]},"properties":{"maxheight":"2.8"}},{"type":"Feature","geometry":{"type":"Point","coordinates":[9.9312174,51.5328872]},"properties":{"maxheight":"below_default"}},{"type":"Feature","geometry":{"type":"Point","coordinates":[9.5402536,51.0942163]},"properties":{"maxheight":"2.9"}},{"type":"Feature","geometry":{"type":"Point","coordinates":[9.9925411,51.7071941]},"properties":{"maxheight":"default"}},{"type":"Feature","geometry":{"type":"Point","coordinates":[9.9376448,51.5428584]},"properties":{"maxheight":"1.8 m","maxwidth":"2.2 m"}},{"type":"Feature","geometry":{"type":"Point","coordinates":[9.9372756,51.5429174]},"properties":{"maxheight":"1.8 m","maxwidth":"2.2 m"}},{"type":"Feature","geometry":{"type":"Point","coordinates":[9.9376074,51.5429694]},"properties":{"maxheight":"1.8 m","maxwidth":"2.2 m"}},{"type":"Feature","geometry":{"type":"Point","coordinates":[9.9378127,51.5428838]},"properties":{"maxheight":"1.8 m","maxwidth":"2.2 m"}},{"type":"Feature","geometry":{"type":"Point","coordinates":[9.210078,51.3541564]},"properties":{"maxweight":"3.5"}},{"type":"Feature","geometry":{"type":"Point","coordinates":[9.3361532,51.2967634]},"properties":{"maxheight":"default"}},{"type":"Feature","geometry":{"type":"Point","coordinates":[9.1596691,51.4939314]},"properties":{"maxheight":"default"}},{"type":"Feature","geometry":{"type":"Point","coordinates":[9.0767529,51.8822713]},"properties":{"maxweight":"7"}},{"type":"Feature","geometry":{"type":"Point","coordinates":[9.076702,51.8823336]},"properties":{"maxweight":"7"}},{"type":"Feature","geometry":{"type":"Point","coordinates":[9.9901165,51.4674312]},"properties":{"maxweight":"12 t"}},{"type":"Feature","geometry":{"type":"Point","coordinates":[9.933685,51.5369855]},"properties":{"maxheight":"3.9"}},{"type":"Feature","geometry":{"type":"Point","coordinates":[9.9328076,51.5369929]},"properties":{"maxheight":"2 m","maxweight":"2.5 t"}},{"type":"Feature","geometry":{"type":"Point","coordinates":[9.4784208,51.2876747]},"properties":{"maxheight":"default"}},{"type":"Feature","geometry":{"type":"Point","coordinates":[9.9338815,51.522481]},"properties":{"maxheight":"2.2"}},{"type":"Feature","geometry":{"type":"Point","coordinates":[9.9150648,51.6577201]},"properties":{"maxheight":"3.4"}},{"type":"Feature","geometry":{"type":"Point","coordinates":[9.560791,51.6904451]},"properties":{"maxweight":"9"}},{"type":"Feature","geometry":{"type":"Point","coordinates":[9.9169959,51.5254515]},"properties":{"maxheight":"2"}},{"type":"Feature","geometry":{"type":"Point","coordinates":[9.6946055,51.7925564]},"properties":{"maxweight":"30"}},{"type":"Feature","geometry":{"type":"Point","coordinates":[9.5627198,51.1231729]},"properties":{"maxweight":"3.5"}},{"type":"Feature","geometry":{"type":"Point","coordinates":[9.5682632,51.1193237]},"properties":{"maxweight":"3.5"}},{"type":"Feature","geometry":{"type":"Point","coordinates":[9.5677041,51.1189802]},"properties":{"maxweight":"3.5"}},{"type":"Feature","geometry":{"type":"Point","coordinates":[9.9320067,51.524316]},"properties":{"maxheight":"2.2 m"}},{"type":"Feature","geometry":{"type":"Point","coordinates":[9.5029809,51.3185351]},"properties":{"maxheight":"below_default"}},{"type":"Feature","geometry":{"type":"Point","coordinates":[9.5032074,51.3191235]},"properties":{"maxheight":"3.2"}},{"type":"Feature","geometry":{"type":"Point","coordinates":[9.5258301,51.2710016]},"properties":{"maxheight":"default"}},{"type":"Feature","geometry":{"type":"Point","coordinates":[9.1720984,51.3268259]},"properties":{"maxheight":"2.15"}},{"type":"Feature","geometry":{"type":"Point","coordinates":[9.0868473,51.9304744]},"properties":{"maxheight":"default"}},{"type":"Feature","geometry":{"type":"Point","coordinates":[9.9735762,51.1402868]},"properties":{"maxweightrating:hgv":"12"}},{"type":"Feature","geometry":{"type":"Point","coordinates":[9.9788434,51.1148694]},"properties":{"hgv":"destination"}},{"type":"Feature","geometry":{"type":"Point","coordinates":[9.9784418,51.114798]},"properties":{"hgv":"destination"}},{"type":"Feature","geometry":{"type":"Point","coordinates":[9.9756842,51.1412848]},"properties":{"maxweightrating:hgv":"12"}},{"type":"Feature","geometry":{"type":"Point","coordinates":[9.5338612,51.2785298]},"properties":{"maxheight":"default"}},{"type":"Feature","geometry":{"type":"Point","coordinates":[9.5599847,51.3089114]},"properties":{"maxheight":"default"}},{"type":"Feature","geometry":{"type":"Point","coordinates":[9.5092241,51.2868196]},"properties":{"maxheight":"default"}},{"type":"Feature","geometry":{"type":"Point","coordinates":[9.4977219,51.2871746]},"properties":{"maxheight":"default"}},{"type":"Feature","geometry":{"type":"Point","coordinates":[9.5134242,51.173023]},"properties":{"hgv":"delivery;agricultural;forestry"}},{"type":"Feature","geometry":{"type":"Point","coordinates":[9.5143358,51.1720221]},"properties":{"hgv":"delivery;agricultural;forestry"}},{"type":"Feature","geometry":{"type":"Point","coordinates":[9.5607184,51.3053081]},"properties":{"maxheight":"default"}},{"type":"Feature","geometry":{"type":"Point","coordinates":[9.5645847,51.3197721]},"properties":{"maxheight":"default"}},{"type":"Feature","geometry":{"type":"Point","coordinates":[9.4219056,51.2249596]},"properties":{"maxheight":"default"}},{"type":"Feature","geometry":{"type":"Point","coordinates":[9.4208092,51.224252]},"properties":{"maxheight":"default"}},{"type":"Feature","geometry":{"type":"Point","coordinates":[9.387503,51.1879885]},"properties":{"maxheight":"default"}},{"type":"Feature","geometry":{"type":"Point","coordinates":[9.3977229,51.1942982]},"properties":{"maxheight":"default"}},{"type":"Feature","geometry":{"type":"Point","coordinates":[9.3959949,51.1919688]},"properties":{"maxheight":"default"}},{"type":"Feature","geometry":{"type":"Point","coordinates":[9.3941176,51.190671]},"properties":{"maxheight":"default"}},{"type":"Feature","geometry":{"type":"Point","coordinates":[9.3890244,51.188247]},"properties":{"maxheight":"default"}},{"type":"Feature","geometry":{"type":"Point","coordinates":[9.3308959,51.1713201]},"properties":{"maxheight":"default"}},{"type":"Feature","geometry":{"type":"Point","coordinates":[9.2984136,51.1548414]},"properties":{"maxheight":"default"}},{"type":"Feature","geometry":{"type":"Point","coordinates":[9.2960129,51.1486292]},"properties":{"maxheight":"default"}},{"type":"Feature","geometry":{"type":"Point","coordinates":[9.2963217,51.146988]},"properties":{"maxheight":"default"}},{"type":"Feature","geometry":{"type":"Point","coordinates":[9.3017882,51.1087696]},"properties":{"maxheight":"default"}},{"type":"Feature","geometry":{"type":"Point","coordinates":[9.2372568,51.0672336]},"properties":{"maxheight":"default"}},{"type":"Feature","geometry":{"type":"Point","coordinates":[9.286468,51.1401704]},"properties":{"maxheight":"default"}},{"type":"Feature","geometry":{"type":"Point","coordinates":[9.2866115,51.1403757]},"properties":{"maxheight":"default"}},{"type":"Feature","geometry":{"type":"Point","coordinates":[9.4265861,51.237025]},"properties":{"maxheight":"default"}},{"type":"Feature","geometry":{"type":"Point","coordinates":[9.4034117,51.2781356]},"properties":{"maxheight":"default"}},{"type":"Feature","geometry":{"type":"Point","coordinates":[9.3995137,51.2787231]},"properties":{"maxheight":"default"}},{"type":"Feature","geometry":{"type":"Point","coordinates":[9.4051673,51.2775257]},"properties":{"maxheight":"default"}},{"type":"Feature","geometry":{"type":"Point","coordinates":[9.1578547,51.4258139]},"properties":{"maxheight":"default"}},{"type":"Feature","geometry":{"type":"Point","coordinates":[9.1078305,51.470508]},"properties":{"maxheight":"none"}},{"type":"Feature","geometry":{"type":"Point","coordinates":[9.1077772,51.4697165]},"properties":{"maxheight":"none"}},{"type":"Feature","geometry":{"type":"Point","coordinates":[9.8837714,51.5272178]},"properties":{"hgv":"destination"}},{"type":"Feature","geometry":{"type":"Point","coordinates":[9.8779123,51.5328991]},"properties":{"hgv":"no"}},{"type":"Feature","geometry":{"type":"Point","coordinates":[9.6381665,51.3690617]},"properties":{"maxheight":"default"}},{"type":"Feature","geometry":{"type":"Point","coordinates":[9.4393206,51.382385]},"properties":{"maxheight":"4"}},{"type":"Feature","geometry":{"type":"Point","coordinates":[9.4613694,51.3649681]},"properties":{"maxheight":"4"}},{"type":"Feature","geometry":{"type":"Point","coordinates":[9.4601886,51.366134]},"properties":{"maxheight":"4"}},{"type":"Feature","geometry":{"type":"Point","coordinates":[9.8664289,51.5147558]},"properties":{"hgv":"agricultural"}},{"type":"Feature","geometry":{"type":"Point","coordinates":[9.9338569,51.4693753]},"properties":{"maxheight":"1.9 m"}},{"type":"Feature","geometry":{"type":"Point","coordinates":[9.934159,51.4693649]},"properties":{"maxheight":"2.0 m"}},{"type":"Feature","geometry":{"type":"Point","coordinates":[9.4737104,51.1337629]},"properties":{"maxheight":"4"}},{"type":"Feature","geometry":{"type":"Point","coordinates":[9.4738656,51.1276641]},"properties":{"hgv":"delivery","maxweightrating:hgv":"7.5"}},{"type":"Feature","geometry":{"type":"Point","coordinates":[9.4505924,51.321517]},"properties":{"maxweight":"9"}},{"type":"Feature","geometry":{"type":"Point","coordinates":[9.1527268,51.488711]},"properties":{"maxheight":"2"}},{"type":"Feature","geometry":{"type":"Point","coordinates":[9.9313742,51.5584105]},"properties":{"maxweight":"7.5"}},{"type":"Feature","geometry":{"type":"Point","coordinates":[9.9007682,51.511]},"properties":{"maxweight":"2 t"}},{"type":"Feature","geometry":{"type":"Point","coordinates":[9.9007883,51.5110199]},"properties":{"maxweight":"2 t"}},{"type":"Feature","geometry":{"type":"Point","coordinates":[9.9290942,51.7490511]},"properties":{"maxwidth":"2","maxweight":"2.5"}},{"type":"Feature","geometry":{"type":"Point","coordinates":[9.55562,51.6254593]},"properties":{"maxweight":"7.5"}},{"type":"Feature","geometry":{"type":"Point","coordinates":[9.5556748,51.6255065]},"properties":{"maxweight":"7.5"}},{"type":"Feature","geometry":{"type":"Point","coordinates":[9.0868118,51.8800519]},"properties":{"maxweight":"7"}},{"type":"Feature","geometry":{"type":"Point","coordinates":[9.0806337,51.8799539]},"properties":{"maxweight":"7"}},{"type":"Feature","geometry":{"type":"Point","coordinates":[9.5167311,51.2602859]},"properties":{"maxheight":"default"}},{"type":"Feature","geometry":{"type":"Point","coordinates":[9.1546576,51.9238045]},"properties":{"hgv":"destination"}},{"type":"Feature","geometry":{"type":"Point","coordinates":[9.1370208,51.6466089]},"properties":{"hgv":"agricultural"}},{"type":"Feature","geometry":{"type":"Point","coordinates":[9.9785374,51.5246254]},"properties":{"maxweight":"7.5 t"}},{"type":"Feature","geometry":{"type":"Point","coordinates":[9.2442145,51.9833099]},"properties":{"maxheight":"4"}},{"type":"Feature","geometry":{"type":"Point","coordinates":[9.909608,51.6168138]},"properties":{"maxheight":"default"}},{"type":"Feature","geometry":{"type":"Point","coordinates":[9.9379356,51.6996852]},"properties":{"maxheight":"default"}},{"type":"Feature","geometry":{"type":"Point","coordinates":[9.9728291,51.7349913]},"properties":{"maxheight":"default"}},{"type":"Feature","geometry":{"type":"Point","coordinates":[9.9340542,51.5614433]},"properties":{"maxwidth":"2 m"}},{"type":"Feature","geometry":{"type":"Point","coordinates":[9.9337341,51.5602949]},"properties":{"maxwidth":"2","maxweight":"2.8"}},{"type":"Feature","geometry":{"type":"Point","coordinates":[9.9092184,51.5476955]},"properties":{"hgv":"destination"}},{"type":"Feature","geometry":{"type":"Point","coordinates":[9.9093787,51.5483291]},"properties":{"hgv":"destination"}},{"type":"Feature","geometry":{"type":"Point","coordinates":[9.9090147,51.5482263]},"properties":{"hgv":"destination"}},{"type":"Feature","geometry":{"type":"Point","coordinates":[9.08648,51.8795892]},"properties":{"maxweight":"7"}},{"type":"Feature","geometry":{"type":"Point","coordinates":[9.1441714,51.4890372]},"properties":{"hgv":"destination"}},{"type":"Feature","geometry":{"type":"Point","coordinates":[9.4984077,51.3126585]},"properties":{"maxweight":"9"}},{"type":"Feature","geometry":{"type":"Point","coordinates":[9.4506955,51.5901861]},"properties":{"maxweight":"2"}},{"type":"Feature","geometry":{"type":"Point","coordinates":[9.2378626,51.7032726]},"properties":{"hgv":"no"}},{"type":"Feature","geometry":{"type":"Point","coordinates":[9.4908595,51.3189858]},"properties":{"maxweight":"2.5"}},{"type":"Feature","geometry":{"type":"Point","coordinates":[9.8819979,51.3454868]},"properties":{"maxweight":"3.5"}},{"type":"Feature","geometry":{"type":"Point","coordinates":[9.8820417,51.3451669]},"properties":{"maxweight":"3.5"}},{"type":"Feature","geometry":{"type":"Point","coordinates":[9.3771346,51.7760073]},"properties":{"maxheight":"2.6"}},{"type":"Feature","geometry":{"type":"Point","coordinates":[9.9600846,51.5359044]},"properties":{"hgv":"destination","maxweight":"3.5"}},{"type":"Feature","geometry":{"type":"Point","coordinates":[9.3188866,51.3683587]},"properties":{"maxheight":"default"}},{"type":"Feature","geometry":{"type":"Point","coordinates":[9.6657705,51.4169914]},"properties":{"maxheight":"default"}},{"type":"Feature","geometry":{"type":"Point","coordinates":[9.1452664,51.4178948]},"properties":{"maxweight":"4"}},{"type":"Feature","geometry":{"type":"Point","coordinates":[9.1789849,51.3355461]},"properties":{"maxweight":"9"}},{"type":"Feature","geometry":{"type":"Point","coordinates":[9.6716821,51.3741238]},"properties":{"maxweight":"7.5 t"}},{"type":"Feature","geometry":{"type":"Point","coordinates":[9.6858711,51.3630984]},"properties":{"maxweight":"7.5 t"}},{"type":"Feature","geometry":{"type":"Point","coordinates":[9.5488393,51.1775293]},"properties":{"maxweight":"2"}},{"type":"Feature","geometry":{"type":"Point","coordinates":[9.6546551,51.4213059]},"properties":{"maxweight":"7.5"}},{"type":"Feature","geometry":{"type":"Point","coordinates":[9.6545746,51.421435]},"properties":{"maxheight":"default"}},{"type":"Feature","geometry":{"type":"Point","coordinates":[9.9331158,51.5345426]},"properties":{"maxheight":"2.7"}},{"type":"Feature","geometry":{"type":"Point","coordinates":[9.5560943,51.6258392]},"properties":{"maxweight":"7.5"}},{"type":"Feature","geometry":{"type":"Point","coordinates":[9.4741348,51.1843263]},"properties":{"maxheight":"3.8"}},{"type":"Feature","geometry":{"type":"Point","coordinates":[9.9776733,51.5225774]},"properties":{"maxweight":"7.5 t"}},{"type":"Feature","geometry":{"type":"Point","coordinates":[9.9785412,51.5232742]},"properties":{"maxweight":"7.5 t"}},{"type":"Feature","geometry":{"type":"Point","coordinates":[9.930306,51.5397834]},"properties":{"maxheight":"2.1 m","maxweight":"3 t"}},{"type":"Feature","geometry":{"type":"Point","coordinates":[9.9303017,51.5394049]},"properties":{"maxheight":"2.1 m","maxweight":"3 t"}},{"type":"Feature","geometry":{"type":"Point","coordinates":[9.5193251,51.2666413]},"properties":{"hgv":"yes"}},{"type":"Feature","geometry":{"type":"Point","coordinates":[9.5008198,51.0947549]},"properties":{"hgv":"destination"}},{"type":"Feature","geometry":{"type":"Point","coordinates":[9.9204442,51.5693561]},"properties":{"maxheight":"default"}},{"type":"Feature","geometry":{"type":"Point","coordinates":[9.9202446,51.5692022]},"properties":{"maxheight":"default"}},{"type":"Feature","geometry":{"type":"Point","coordinates":[9.9213328,51.5726566]},"properties":{"maxheight":"default"}},{"type":"Feature","geometry":{"type":"Point","coordinates":[9.9197717,51.5662666]},"properties":{"maxheight":"default"}},{"type":"Feature","geometry":{"type":"Point","coordinates":[9.9460984,51.5143379]},"properties":{"maxweight":"1.5 t"}},{"type":"Feature","geometry":{"type":"Point","coordinates":[9.5629555,51.2676486]},"properties":{"hgv":"delivery"}},{"type":"Feature","geometry":{"type":"Point","coordinates":[9.4327306,51.1320974]},"properties":{"maxheight":"3"}},{"type":"Feature","geometry":{"type":"Point","coordinates":[9.4354192,51.1306334]},"properties":{"maxheight":"2"}},{"type":"Feature","geometry":{"type":"Point","coordinates":[9.4357323,51.1309647]},"properties":{"hgv":"no","maxheight":"2"}},{"type":"Feature","geometry":{"type":"Point","coordinates":[9.9380107,51.532336]},"properties":{"maxheight":"2.5 m"}},{"type":"Feature","geometry":{"type":"Point","coordinates":[9.9223657,51.5433123]},"properties":{"maxheight":"2.1 m"}},{"type":"Feature","geometry":{"type":"Point","coordinates":[9.4886653,51.3198747]},"properties":{"maxheight":"4.1"}},{"type":"Feature","geometry":{"type":"Point","coordinates":[9.0157224,51.481193]},"properties":{"maxheight":"default"}},{"type":"Feature","geometry":{"type":"Point","coordinates":[9.0087304,51.4864457]},"properties":{"maxheight":"default"}},{"type":"Feature","geometry":{"type":"Point","coordinates":[9.0131423,51.4912452]},"properties":{"maxheight":"default"}},{"type":"Feature","geometry":{"type":"Point","coordinates":[9.9301257,51.5454558]},"properties":{"maxheight":"2.4"}},{"type":"Feature","geometry":{"type":"Point","coordinates":[9.9299941,51.5458424]},"properties":{"maxheight":"2.4 m"}},{"type":"Feature","geometry":{"type":"Point","coordinates":[9.6804475,51.4860536]},"properties":{"hgv":"no"}},{"type":"Feature","geometry":{"type":"Point","coordinates":[9.6993808,51.0105057]},"properties":{"hgv":"agricultural;forestry"}},{"type":"Feature","geometry":{"type":"Point","coordinates":[9.632005,51.3708724]},"properties":{"hgv":"designated"}},{"type":"Feature","geometry":{"type":"Point","coordinates":[9.525062,51.2719904]},"properties":{"hgv":"no"}},{"type":"Feature","geometry":{"type":"Point","coordinates":[9.4696595,51.2036927]},"properties":{"hgv":"designated"}},{"type":"Feature","geometry":{"type":"Point","coordinates":[9.7250558,51.1745142]},"properties":{"maxweight":"2.5"}},{"type":"Feature","geometry":{"type":"Point","coordinates":[9.4264276,51.1342871]},"properties":{"maxheight":"2.3"}},{"type":"Feature","geometry":{"type":"Point","coordinates":[9.9635463,51.5406183]},"properties":{"maxweight":"3.5 t"}},{"type":"Feature","geometry":{"type":"Point","coordinates":[9.4899045,51.3128793]},"properties":{"maxheight":"1.80"}},{"type":"Feature","geometry":{"type":"Point","coordinates":[9.8783532,51.5054361]},"properties":{"maxheight":"default"}},{"type":"Feature","geometry":{"type":"Point","coordinates":[9.5555214,51.403394]},"properties":{"maxweight":"24"}},{"type":"Feature","geometry":{"type":"Point","coordinates":[9.043484,51.1983239]},"properties":{"maxheight":"default"}},{"type":"Feature","geometry":{"type":"Point","coordinates":[9.7045134,51.3998386]},"properties":{"maxheight":"1.8 m","maxwidth":"1.5 m"}},{"type":"Feature","geometry":{"type":"Point","coordinates":[9.4467518,51.2578785]},"properties":{"maxheight":"default"}},{"type":"Feature","geometry":{"type":"Point","coordinates":[9.4466522,51.2579164]},"properties":{"maxheight":"default"}},{"type":"Feature","geometry":{"type":"Point","coordinates":[9.2537729,51.9787103]},"properties":{"maxlength":"12"}},{"type":"Feature","geometry":{"type":"Point","coordinates":[9.2726669,51.1356195]},"properties":{"maxheight":"default"}},{"type":"Feature","geometry":{"type":"Point","coordinates":[9.931609,51.5602896]},"properties":{"maxweight":"3 t"}},{"type":"Feature","geometry":{"type":"Point","coordinates":[9.4159519,51.4165578]},"properties":{"maxheight":"default"}},{"type":"Feature","geometry":{"type":"Point","coordinates":[9.7203947,51.1984251]},"properties":{"hgv":"no"}},{"type":"Feature","geometry":{"type":"Point","coordinates":[9.7197246,51.1980896]},"properties":{"hgv":"no"}},{"type":"Feature","geometry":{"type":"Point","coordinates":[9.8854911,51.3370545]},"properties":{"maxweight":"3.5"}},{"type":"Feature","geometry":{"type":"Point","coordinates":[9.927696,51.5559239]},"properties":{"hgv":"no"}},{"type":"Feature","geometry":{"type":"Point","coordinates":[9.927788,51.5556387]},"properties":{"hgv":"no"}},{"type":"Feature","geometry":{"type":"Point","coordinates":[9.9277325,51.5557795]},"properties":{"hgv":"no"}},{"type":"Feature","geometry":{"type":"Point","coordinates":[9.9276372,51.5562162]},"properties":{"hgv":"no"}},{"type":"Feature","geometry":{"type":"Point","coordinates":[9.2619009,51.9701421]},"properties":{"maxheight":"default"}},{"type":"Feature","geometry":{"type":"Point","coordinates":[9.2441158,51.9831997]},"properties":{"maxheight":"4"}},{"type":"Feature","geometry":{"type":"Point","coordinates":[9.9299956,51.5548957]},"properties":{"hgv":"no"}},{"type":"Feature","geometry":{"type":"Point","coordinates":[9.9300063,51.5550214]},"properties":{"hgv":"no"}},{"type":"Feature","geometry":{"type":"Point","coordinates":[9.9299779,51.5545284]},"properties":{"hgv":"no"}},{"type":"Feature","geometry":{"type":"Point","coordinates":[9.9298856,51.5543516]},"properties":{"hgv":"no"}},{"type":"Feature","geometry":{"type":"Point","coordinates":[9.5013618,51.3225323]},"properties":{"maxheight":"3.4"}},{"type":"Feature","geometry":{"type":"Point","coordinates":[9.9831897,51.6635599]},"properties":{"hgv":"destination;agricultural"}},{"type":"Feature","geometry":{"type":"Point","coordinates":[9.2526516,51.4878771]},"properties":{"hgv":"destination"}},{"type":"Feature","geometry":{"type":"Point","coordinates":[9.4739757,51.1800856]},"properties":{"hgv":"designated"}},{"type":"Feature","geometry":{"type":"Point","coordinates":[9.0064677,51.4889881]},"properties":{"hgv":"designated"}},{"type":"Feature","geometry":{"type":"Point","coordinates":[9.4413478,51.1302682]},"properties":{"maxweight":"7.5"}},{"type":"Feature","geometry":{"type":"Point","coordinates":[9.4929617,51.3176837]},"properties":{"maxheight":"2","maxwidth":"2"}},{"type":"Feature","geometry":{"type":"Point","coordinates":[9.3968765,51.1924598]},"properties":{"hgv":"designated"}},{"type":"Feature","geometry":{"type":"Point","coordinates":[9.1248426,51.4573119]},"properties":{"hgv":"designated"}},{"type":"Feature","geometry":{"type":"Point","coordinates":[9.3948441,51.1917534]},"properties":{"hgv":"designated"}},{"type":"Feature","geometry":{"type":"Point","coordinates":[9.1595752,51.4165496]},"properties":{"hgv":"designated"}},{"type":"Feature","geometry":{"type":"Point","coordinates":[9.1612973,51.4161195]},"properties":{"hgv":"designated"}},{"type":"Feature","geometry":{"type":"Point","coordinates":[9.2381223,51.3815994]},"properties":{"hgv":"designated"}},{"type":"Feature","geometry":{"type":"Point","coordinates":[9.1609944,51.4165704]},"properties":{"hgv":"designated"}},{"type":"Feature","geometry":{"type":"Point","coordinates":[9.160326,51.4153691]},"properties":{"hgv":"designated"}},{"type":"Feature","geometry":{"type":"Point","coordinates":[9.2458135,51.3823447]},"properties":{"hgv":"designated"}},{"type":"Feature","geometry":{"type":"Point","coordinates":[9.2459768,51.3819428]},"properties":{"hgv":"designated"}},{"type":"Feature","geometry":{"type":"Point","coordinates":[9.2396508,51.3814052]},"properties":{"hgv":"designated"}},{"type":"Feature","geometry":{"type":"Point","coordinates":[9.2785746,51.355515]},"properties":{"hgv":"designated"}},{"type":"Feature","geometry":{"type":"Point","coordinates":[9.3959876,51.1914276]},"properties":{"hgv":"designated"}},{"type":"Feature","geometry":{"type":"Point","coordinates":[9.4480119,51.312715]},"properties":{"maxheight":"5"}},{"type":"Feature","geometry":{"type":"Point","coordinates":[9.0864765,51.8795143]},"properties":{"maxweight":"7"}},{"type":"Feature","geometry":{"type":"Point","coordinates":[9.4654946,51.2766452]},"properties":{"maxweight":"1.75"}},{"type":"Feature","geometry":{"type":"Point","coordinates":[9.5013568,51.3267283]},"properties":{"maxheight":"2.2"}},{"type":"Feature","geometry":{"type":"Point","coordinates":[9.2753176,51.133013]},"properties":{"maxweight":"12"}},{"type":"Feature","geometry":{"type":"Point","coordinates":[9.2753588,51.132893]},"properties":{"maxweight":"12"}},{"type":"Feature","geometry":{"type":"Point","coordinates":[9.9301247,51.6212903]},"properties":{"maxheight":"default"}},{"type":"Feature","geometry":{"type":"Point","coordinates":[9.928135,51.6059084]},"properties":{"maxheight":"default"}},{"type":"Feature","geometry":{"type":"Point","coordinates":[9.0081028,51.4898172]},"properties":{"hgv":"designated"}},{"type":"Feature","geometry":{"type":"Point","coordinates":[9.008204,51.4894374]},"properties":{"hgv":"designated"}},{"type":"Feature","geometry":{"type":"Point","coordinates":[9.320696,51.8573204]},"properties":{"maxweight":"5"}},{"type":"Feature","geometry":{"type":"Point","coordinates":[9.4132072,51.1959446]},"properties":{"hgv":"delivery"}},{"type":"Feature","geometry":{"type":"Point","coordinates":[9.4852625,51.2775467]},"properties":{"maxheight":"4"}},{"type":"Feature","geometry":{"type":"Point","coordinates":[9.9108739,51.6182503]},"properties":{"maxheight":"default"}},{"type":"Feature","geometry":{"type":"Point","coordinates":[9.906022,51.5921694]},"properties":{"maxheight":"default"}},{"type":"Feature","geometry":{"type":"Point","coordinates":[9.9034896,51.5963739]},"properties":{"maxheight":"2.5"}},{"type":"Feature","geometry":{"type":"Point","coordinates":[9.8997352,51.6130447]},"properties":{"maxweight":"12 t"}},{"type":"Feature","geometry":{"type":"Point","coordinates":[9.903761,51.6161558]},"properties":{"maxwidth":"2.1 m"}},{"type":"Feature","geometry":{"type":"Point","coordinates":[9.9285533,51.5558007]},"properties":{"hgv":"no"}},{"type":"Feature","geometry":{"type":"Point","coordinates":[9.9277325,51.5557795]},"properties":{"hgv":"no"}},{"type":"Feature","geometry":{"type":"Point","coordinates":[9.9276667,51.5560696]},"properties":{"hgv":"no"}},{"type":"Feature","geometry":{"type":"Point","coordinates":[9.9281622,51.5555674]},"properties":{"hgv":"no"}},{"type":"Feature","geometry":{"type":"Point","coordinates":[9.8915004,51.5432514]},"properties":{"hgv":"no"}},{"type":"Feature","geometry":{"type":"Point","coordinates":[9.892187,51.5422402]},"properties":{"hgv":"no"}},{"type":"Feature","geometry":{"type":"Point","coordinates":[9.892024,51.542187]},"properties":{"hgv":"no"}},{"type":"Feature","geometry":{"type":"Point","coordinates":[9.8919484,51.5423551]},"properties":{"hgv":"no"}},{"type":"Feature","geometry":{"type":"Point","coordinates":[9.8915929,51.5427169]},"properties":{"hgv":"no"}},{"type":"Feature","geometry":{"type":"Point","coordinates":[9.8920101,51.5430893]},"properties":{"hgv":"no"}},{"type":"Feature","geometry":{"type":"Point","coordinates":[9.8790729,51.5314466]},"properties":{"maxheight":"default"}},{"type":"Feature","geometry":{"type":"Point","coordinates":[9.879887,51.5275269]},"properties":{"hgv":"destination"}},{"type":"Feature","geometry":{"type":"Point","coordinates":[9.8811196,51.5275707]},"properties":{"hgv":"destination"}},{"type":"Feature","geometry":{"type":"Point","coordinates":[9.8808343,51.5306137]},"properties":{"hgv":"destination"}},{"type":"Feature","geometry":{"type":"Point","coordinates":[9.8758176,51.4947427]},"properties":{"maxheight":"3.0 m"}},{"type":"Feature","geometry":{"type":"Point","coordinates":[9.9197852,51.6289808]},"properties":{"maxheight":"default"}},{"type":"Feature","geometry":{"type":"Point","coordinates":[9.9163604,51.6288065]},"properties":{"maxheight":"3.0 m"}},{"type":"Feature","geometry":{"type":"Point","coordinates":[9.8770923,51.4882875]},"properties":{"maxheight":"2.5 m"}},{"type":"Feature","geometry":{"type":"Point","coordinates":[9.1920869,51.9364821]},"properties":{"hgv":"no"}},{"type":"Feature","geometry":{"type":"Point","coordinates":[9.8999595,51.5434966]},"properties":{"maxheight":"3.8 m"}},{"type":"Feature","geometry":{"type":"Point","coordinates":[9.8865257,51.5524557]},"properties":{"maxheight":"2.2 m","maxweight":"3 t"}},{"type":"Feature","geometry":{"type":"Point","coordinates":[9.7872183,51.2399449]},"properties":{"goods":"yes"}},{"type":"Feature","geometry":{"type":"Point","coordinates":[9.7845406,51.2373521]},"properties":{"goods":"yes"}},{"type":"Feature","geometry":{"type":"Point","coordinates":[9.4454235,51.211864]},"properties":{"hgv":"no","maxheight":"2.8","maxwidth":"2.2"}},{"type":"Feature","geometry":{"type":"Point","coordinates":[9.8939611,51.5488955]},"properties":{"maxheight":"2.5 m"}},{"type":"Feature","geometry":{"type":"Point","coordinates":[9.4469467,51.186894]},"properties":{"maxheight":"3.3"}},{"type":"Feature","geometry":{"type":"Point","coordinates":[9.1312361,51.1301359]},"properties":{"maxweight":"2.8"}},{"type":"Feature","geometry":{"type":"Point","coordinates":[9.8973061,51.5530941]},"properties":{"maxweight":"7.5 t"}},{"type":"Feature","geometry":{"type":"Point","coordinates":[9.8063965,51.632897]},"properties":{"maxweight":"2.5 t"}},{"type":"Feature","geometry":{"type":"Point","coordinates":[9.3699232,51.1845793]},"properties":{"maxheight":"default"}},{"type":"Feature","geometry":{"type":"Point","coordinates":[9.9977469,51.155196]},"properties":{"maxweight":"3"}},{"type":"Feature","geometry":{"type":"Point","coordinates":[9.997781,51.1552677]},"properties":{"maxweight":"3"}},{"type":"Feature","geometry":{"type":"Point","coordinates":[9.91073,51.5121994]},"properties":{"maxheight":"2.75 m"}},{"type":"Feature","geometry":{"type":"Point","coordinates":[9.9105296,51.5122415]},"properties":{"maxheight":"2.75 m"}},{"type":"Feature","geometry":{"type":"Point","coordinates":[9.9106619,51.5122137]},"properties":{"maxheight":"2.75 m"}},{"type":"Feature","geometry":{"type":"Point","coordinates":[9.9104662,51.5122548]},"properties":{"maxheight":"2.75 m"}},{"type":"Feature","geometry":{"type":"Point","coordinates":[9.9761934,51.1413072]},"properties":{"maxweightrating:hgv":"12"}},{"type":"Feature","geometry":{"type":"Point","coordinates":[9.5136321,51.3686858]},"properties":{"goods":"yes"}},{"type":"Feature","geometry":{"type":"Point","coordinates":[9.5135586,51.3670362]},"properties":{"hgv":"no","goods":"no"}},{"type":"Feature","geometry":{"type":"Point","coordinates":[9.2629779,51.2268702]},"properties":{"maxweight":"5"}},{"type":"Feature","geometry":{"type":"Point","coordinates":[9.5667656,51.4062223]},"properties":{"maxweight":"24"}},{"type":"Feature","geometry":{"type":"Point","coordinates":[9.9083672,51.5351176]},"properties":{"hgv":"no"}},{"type":"Feature","geometry":{"type":"Point","coordinates":[9.9087668,51.5345459]},"properties":{"hgv":"no"}},{"type":"Feature","geometry":{"type":"Point","coordinates":[9.9086034,51.5345106]},"properties":{"hgv":"no"}},{"type":"Feature","geometry":{"type":"Point","coordinates":[9.9078575,51.5346868]},"properties":{"hgv":"no"}},{"type":"Feature","geometry":{"type":"Point","coordinates":[9.9077767,51.5348318]},"properties":{"hgv":"no"}},{"type":"Feature","geometry":{"type":"Point","coordinates":[9.9079374,51.5345434]},"properties":{"hgv":"no"}},{"type":"Feature","geometry":{"type":"Point","coordinates":[9.9078575,51.5346868]},"properties":{"hgv":"no"}},{"type":"Feature","geometry":{"type":"Point","coordinates":[9.9076933,51.5349814]},"properties":{"hgv":"no"}},{"type":"Feature","geometry":{"type":"Point","coordinates":[9.4976232,51.2809858]},"properties":{"maxheight":"2.7"}},{"type":"Feature","geometry":{"type":"Point","coordinates":[9.497714,51.2811422]},"properties":{"maxheight":"2.7"}},{"type":"Feature","geometry":{"type":"Point","coordinates":[9.4976456,51.2810251]},"properties":{"maxheight":"2.7"}},{"type":"Feature","geometry":{"type":"Point","coordinates":[9.4971634,51.280973]},"properties":{"maxheight":"2.7"}},{"type":"Feature","geometry":{"type":"Point","coordinates":[9.4971231,51.2808664]},"properties":{"maxheight":"2.7"}},{"type":"Feature","geometry":{"type":"Point","coordinates":[9.4970742,51.2807371]},"properties":{"maxheight":"2.7"}},{"type":"Feature","geometry":{"type":"Point","coordinates":[9.4970382,51.2806419]},"properties":{"maxheight":"2.7"}},{"type":"Feature","geometry":{"type":"Point","coordinates":[9.4971231,51.2808664]},"properties":{"maxheight":"2.7"}},{"type":"Feature","geometry":{"type":"Point","coordinates":[9.4980837,51.2812104]},"properties":{"maxheight":"3.5"}},{"type":"Feature","geometry":{"type":"Point","coordinates":[9.4451794,51.631774]},"properties":{"maxweight":"3.5"}},{"type":"Feature","geometry":{"type":"Point","coordinates":[9.4211058,51.6255367]},"properties":{"maxweight":"5"}},{"type":"Feature","geometry":{"type":"Point","coordinates":[9.4210797,51.6250936]},"properties":{"maxweight":"5"}},{"type":"Feature","geometry":{"type":"Point","coordinates":[9.9522296,51.5609569]},"properties":{"hgv":"no"}},{"type":"Feature","geometry":{"type":"Point","coordinates":[9.9510865,51.5613956]},"properties":{"hgv":"no"}},{"type":"Feature","geometry":{"type":"Point","coordinates":[9.7416828,51.2234648]},"properties":{"maxweightrating:hgv":"7.5"}},{"type":"Feature","geometry":{"type":"Point","coordinates":[9.8952309,51.5378898]},"properties":{"hgv":"no"}},{"type":"Feature","geometry":{"type":"Point","coordinates":[9.893863,51.5395271]},"properties":{"hgv":"no"}},{"type":"Feature","geometry":{"type":"Point","coordinates":[9.6477856,51.4983372]},"properties":{"maxweight":"3.5 t"}},{"type":"Feature","geometry":{"type":"Point","coordinates":[9.6637144,51.5376243]},"properties":{"hgv":"destination"}},{"type":"Feature","geometry":{"type":"Point","coordinates":[9.6509796,51.5427239]},"properties":{"hgv":"destination"}},{"type":"Feature","geometry":{"type":"Point","coordinates":[9.5789849,51.2905231]},"properties":{"maxheight":"default"}},{"type":"Feature","geometry":{"type":"Point","coordinates":[9.4896957,51.3174425]},"properties":{"maxheight":"default"}},{"type":"Feature","geometry":{"type":"Point","coordinates":[9.934367,51.5389671]},"properties":{"maxweight":"7.5 t"}},{"type":"Feature","geometry":{"type":"Point","coordinates":[9.8588405,51.3510619]},"properties":{"maxheight":"3.7"}},{"type":"Feature","geometry":{"type":"Point","coordinates":[9.7643473,51.5248383]},"properties":{"maxweight":"7.5 t"}},{"type":"Feature","geometry":{"type":"Point","coordinates":[9.7690798,51.5131775]},"properties":{"maxweight":"7.5 t"}},{"type":"Feature","geometry":{"type":"Point","coordinates":[9.7629427,51.5289266]},"properties":{"maxweight":"7.5 t"}},{"type":"Feature","geometry":{"type":"Point","coordinates":[9.7703558,51.51833]},"properties":{"maxweight":"7.5 t"}},{"type":"Feature","geometry":{"type":"Point","coordinates":[9.7665186,51.5060976]},"properties":{"maxweight":"7.5 t"}},{"type":"Feature","geometry":{"type":"Point","coordinates":[9.4886507,51.3126639]},"properties":{"maxheight":"3.6"}},{"type":"Feature","geometry":{"type":"Point","coordinates":[9.3563608,51.1759812]},"properties":{"maxheight":"3.7"}},{"type":"Feature","geometry":{"type":"Point","coordinates":[9.3563528,51.1759951]},"properties":{"maxheight":"3.7"}},{"type":"Feature","geometry":{"type":"Point","coordinates":[9.8710089,51.4677469]},"properties":{"maxheight":"default"}},{"type":"Feature","geometry":{"type":"Point","coordinates":[9.6730864,51.4860523]},"properties":{"maxweight":"7.5 t"}},{"type":"Feature","geometry":{"type":"Point","coordinates":[9.5577647,51.6280667]},"properties":{"maxweight":"7.5"}},{"type":"Feature","geometry":{"type":"Point","coordinates":[9.6198837,51.6302817]},"properties":{"maxheight":"3"}},{"type":"Feature","geometry":{"type":"Point","coordinates":[9.6565894,51.6181703]},"properties":{"maxheight":"3.6"}},{"type":"Feature","geometry":{"type":"Point","coordinates":[9.7972204,51.4859142]},"properties":{"hgv":"destination"}},{"type":"Feature","geometry":{"type":"Point","coordinates":[9.423092,51.449632]},"properties":{"maxheight":"3.7"}},{"type":"Feature","geometry":{"type":"Point","coordinates":[9.7326321,51.4357528]},"properties":{"maxweightrating":"7.5"}},{"type":"Feature","geometry":{"type":"Point","coordinates":[9.5746479,51.4949699]},"properties":{"maxweight":"16"}},{"type":"Feature","geometry":{"type":"Point","coordinates":[9.5838656,51.4950188]},"properties":{"maxweight":"16"}},{"type":"Feature","geometry":{"type":"Point","coordinates":[9.5763073,51.4950198]},"properties":{"maxweight":"16"}},{"type":"Feature","geometry":{"type":"Point","coordinates":[9.5757523,51.4950162]},"properties":{"maxweight":"16"}},{"type":"Feature","geometry":{"type":"Point","coordinates":[9.5770364,51.4950246]},"properties":{"maxweight":"16"}},{"type":"Feature","geometry":{"type":"Point","coordinates":[9.604501,51.4978403]},"properties":{"maxweight":"16"}},{"type":"Feature","geometry":{"type":"Point","coordinates":[9.5465907,51.3891679]},"properties":{"maxweight":"3.5"}},{"type":"Feature","geometry":{"type":"Point","coordinates":[9.546389,51.3891467]},"properties":{"maxweight":"3.5"}},{"type":"Feature","geometry":{"type":"Point","coordinates":[9.5793162,51.4039374]},"properties":{"maxweight":"24"}},{"type":"Feature","geometry":{"type":"Point","coordinates":[9.5613803,51.3919623]},"properties":{"hgv":"destination"}},{"type":"Feature","geometry":{"type":"Point","coordinates":[9.5610825,51.3921306]},"properties":{"hgv":"destination"}},{"type":"Feature","geometry":{"type":"Point","coordinates":[9.5615869,51.3912393]},"properties":{"hgv":"destination"}},{"type":"Feature","geometry":{"type":"Point","coordinates":[9.5562169,51.3947083]},"properties":{"hgv":"destination"}},{"type":"Feature","geometry":{"type":"Point","coordinates":[9.5530985,51.3934712]},"properties":{"maxweight":"3.5"}},{"type":"Feature","geometry":{"type":"Point","coordinates":[9.553392,51.3932728]},"properties":{"maxweight":"3.5"}},{"type":"Feature","geometry":{"type":"Point","coordinates":[9.5511951,51.3891516]},"properties":{"maxweight":"3.5"}},{"type":"Feature","geometry":{"type":"Point","coordinates":[9.5517781,51.3892061]},"properties":{"maxweight":"3.5"}},{"type":"Feature","geometry":{"type":"Point","coordinates":[9.5236448,51.4126619]},"properties":{"maxweight":"12"}},{"type":"Feature","geometry":{"type":"Point","coordinates":[9.9116436,51.5350692]},"properties":{"maxweight":"10"}},{"type":"Feature","geometry":{"type":"Point","coordinates":[9.9287559,51.5613065]},"properties":{"hgv":"no"}},{"type":"Feature","geometry":{"type":"Point","coordinates":[9.9293875,51.5601606]},"properties":{"maxheight":"2.0 m"}},{"type":"Feature","geometry":{"type":"Point","coordinates":[9.9293875,51.5601606]},"properties":{"maxheight":"2.0 m"}},{"type":"Feature","geometry":{"type":"Point","coordinates":[9.9293126,51.5603744]},"properties":{"maxheight":"2.0 m"}},{"type":"Feature","geometry":{"type":"Point","coordinates":[9.9289066,51.5601671]},"properties":{"maxheight":"2.0 m"}},{"type":"Feature","geometry":{"type":"Point","coordinates":[9.9296748,51.5601534]},"properties":{"maxheight":"2.0 m"}},{"type":"Feature","geometry":{"type":"Point","coordinates":[9.930411,51.5310519]},"properties":{"maxheight":"2.0 m"}},{"type":"Feature","geometry":{"type":"Point","coordinates":[9.5224092,51.1148346]},"properties":{"hgv":"destination"}},{"type":"Feature","geometry":{"type":"Point","coordinates":[9.9093056,51.3218662]},"properties":{"maxheight":"3.5"}},{"type":"Feature","geometry":{"type":"Point","coordinates":[9.6282462,51.541705]},"properties":{"hgv":"destination"}},{"type":"Feature","geometry":{"type":"Point","coordinates":[9.927278,51.5326518]},"properties":{"maxweight":"2.8 t"}},{"type":"Feature","geometry":{"type":"Point","coordinates":[9.9326409,51.5326464]},"properties":{"maxheight":"3.9"}},{"type":"Feature","geometry":{"type":"Point","coordinates":[9.9120003,51.4394444]},"properties":{"maxlength":"8 m"}},{"type":"Feature","geometry":{"type":"Point","coordinates":[9.8898414,51.4233747]},"properties":{"maxweight":"3.5 t"}},{"type":"Feature","geometry":{"type":"Point","coordinates":[9.889771,51.42383]},"properties":{"maxweight":"3.5 t"}},{"type":"Feature","geometry":{"type":"Point","coordinates":[9.3276526,51.8335073]},"properties":{"maxheight":"2"}},{"type":"Feature","geometry":{"type":"Point","coordinates":[9.4926039,51.2595621]},"properties":{"maxweight":"44"}},{"type":"Feature","geometry":{"type":"Point","coordinates":[9.4030349,51.6956713]},"properties":{"maxheight":"4"}},{"type":"Feature","geometry":{"type":"Point","coordinates":[9.9643101,51.6191211]},"properties":{"hgv":"no"}},{"type":"Feature","geometry":{"type":"Point","coordinates":[9.9319753,51.5455177]},"properties":{"maxheight":"below_default"}},{"type":"Feature","geometry":{"type":"Point","coordinates":[9.4170845,51.7253676]},"properties":{"maxweight":"7.5"}},{"type":"Feature","geometry":{"type":"Point","coordinates":[9.4824123,51.2839396]},"properties":{"maxheight":"default"}},{"type":"Feature","geometry":{"type":"Point","coordinates":[9.4825849,51.2839345]},"properties":{"maxheight":"default"}},{"type":"Feature","geometry":{"type":"Point","coordinates":[9.9310604,51.5358197]},"properties":{"maxheight":"2.8"}},{"type":"Feature","geometry":{"type":"Point","coordinates":[9.9306047,51.5361097]},"properties":{"maxheight":"2.8"}},{"type":"Feature","geometry":{"type":"Point","coordinates":[9.4344269,51.2674228]},"properties":{"maxheight":"default"}},{"type":"Feature","geometry":{"type":"Point","coordinates":[9.5027702,51.3152779]},"properties":{"maxweight":"2 t"}},{"type":"Feature","geometry":{"type":"Point","coordinates":[9.5027869,51.3152831]},"properties":{"maxheight":"2.0 m"}},{"type":"Feature","geometry":{"type":"Point","coordinates":[9.5032442,51.3153221]},"properties":{"maxweight":"2 t"}},{"type":"Feature","geometry":{"type":"Point","coordinates":[9.5049202,51.3142217]},"properties":{"maxheight":"3.9 m"}},{"type":"Feature","geometry":{"type":"Point","coordinates":[9.4917844,51.3094723]},"properties":{"maxheight":"2"}},{"type":"Feature","geometry":{"type":"Point","coordinates":[9.4916697,51.3096919]},"properties":{"maxheight":"3.5"}},{"type":"Feature","geometry":{"type":"Point","coordinates":[9.9323346,51.5632334]},"properties":{"maxheight":"2.0 m"}},{"type":"Feature","geometry":{"type":"Point","coordinates":[9.9320739,51.5632061]},"properties":{"maxheight":"2.0 m"}},{"type":"Feature","geometry":{"type":"Point","coordinates":[9.4930827,51.3120271]},"properties":{"maxheight":"3.1"}},{"type":"Feature","geometry":{"type":"Point","coordinates":[9.4933856,51.3118122]},"properties":{"maxheight":"3.1"}},{"type":"Feature","geometry":{"type":"Point","coordinates":[9.4938414,51.312151]},"properties":{"maxheight":"3.6"}},{"type":"Feature","geometry":{"type":"Point","coordinates":[9.9366247,51.53082]},"properties":{"maxheight":"2.0 m","maxwidth":"2.3 m"}},{"type":"Feature","geometry":{"type":"Point","coordinates":[9.6302814,51.8925622]},"properties":{"hgv":"designated"}},{"type":"Feature","geometry":{"type":"Point","coordinates":[9.0853399,51.9389988]},"properties":{"maxheight":"default"}},{"type":"Feature","geometry":{"type":"Point","coordinates":[9.2553925,51.9669247]},"properties":{"maxweight":"7.5"}},{"type":"Feature","geometry":{"type":"Point","coordinates":[9.9151134,51.5157676]},"properties":{"maxweight":"3.5 t"}},{"type":"Feature","geometry":{"type":"Point","coordinates":[9.6640449,51.4433083]},"properties":{"maxweight":"9"}},{"type":"Feature","geometry":{"type":"Point","coordinates":[9.6638296,51.4434243]},"properties":{"maxweight":"9"}},{"type":"Feature","geometry":{"type":"Point","coordinates":[9.6577264,51.4385163]},"properties":{"maxweight":"2.8"}},{"type":"Feature","geometry":{"type":"Point","coordinates":[9.657849,51.4383862]},"properties":{"maxweight":"2.8"}},{"type":"Feature","geometry":{"type":"Point","coordinates":[9.6579174,51.4385102]},"properties":{"maxweight":"2.8"}},{"type":"Feature","geometry":{"type":"Point","coordinates":[9.9262085,51.562536]},"properties":{"hgv":"no","maxheight":"2"}},{"type":"Feature","geometry":{"type":"Point","coordinates":[9.9262082,51.5621499]},"properties":{"maxheight":"2"}},{"type":"Feature","geometry":{"type":"Point","coordinates":[9.9260533,51.5598627]},"properties":{"maxheight":"3.3 m"}},{"type":"Feature","geometry":{"type":"Point","coordinates":[9.9290997,51.5329584]},"properties":{"maxheight":"2.0 m","maxwidth":"2.65 m"}},{"type":"Feature","geometry":{"type":"Point","coordinates":[9.9388212,51.5301298]},"properties":{"maxheight":"3.2"}},{"type":"Feature","geometry":{"type":"Point","coordinates":[9.9286307,51.5332994]},"properties":{"maxheight":"2.0 m","maxwidth":"2.65 m"}},{"type":"Feature","geometry":{"type":"Point","coordinates":[9.9288647,51.5582732]},"properties":{"maxweight":"7.5 t"}},{"type":"Feature","geometry":{"type":"Point","coordinates":[9.9298992,51.5582512]},"properties":{"maxweight":"7.5 t"}},{"type":"Feature","geometry":{"type":"Point","coordinates":[9.4203742,51.6293656]},"properties":{"maxweight":"5"}},{"type":"Feature","geometry":{"type":"Point","coordinates":[9.9390402,51.5809619]},"properties":{"maxweightrating":"7.5 t"}},{"type":"Feature","geometry":{"type":"Point","coordinates":[9.9422022,51.5480489]},"properties":{"maxheight":"3.1 m"}},{"type":"Feature","geometry":{"type":"Point","coordinates":[9.9421248,51.5480729]},"properties":{"maxheight":"3.1 m"}},{"type":"Feature","geometry":{"type":"Point","coordinates":[9.5035856,51.31385]},"properties":{"maxheight":"3.55"}},{"type":"Feature","geometry":{"type":"Point","coordinates":[9.5351133,51.2885426]},"properties":{"maxweight":"24"}},{"type":"Feature","geometry":{"type":"Point","coordinates":[9.3970611,51.3698246]},"properties":{"maxheight":"4"}},{"type":"Feature","geometry":{"type":"Point","coordinates":[9.4252003,51.4240808]},"properties":{"hgv":"agricultural","goods":"agricultural"}},{"type":"Feature","geometry":{"type":"Point","coordinates":[9.4692243,51.3510677]},"properties":{"maxheight":"4"}},{"type":"Feature","geometry":{"type":"Point","coordinates":[9.9027344,51.4080819]},"properties":{"maxheight":"3.8 m"}},{"type":"Feature","geometry":{"type":"Point","coordinates":[9.9208713,51.5408727]},"properties":{"hgv":"destination"}},{"type":"Feature","geometry":{"type":"Point","coordinates":[9.8772089,51.5357001]},"properties":{"hgv":"no"}},{"type":"Feature","geometry":{"type":"Point","coordinates":[9.9377636,51.5487158]},"properties":{"maxweight":"1.5 t"}},{"type":"Feature","geometry":{"type":"Point","coordinates":[9.9333767,51.5559676]},"properties":{"maxheight":"1.85 m"}},{"type":"Feature","geometry":{"type":"Point","coordinates":[9.8957398,51.5275622]},"properties":{"maxweight":"1.5 t"}},{"type":"Feature","geometry":{"type":"Point","coordinates":[9.9421118,51.5582741]},"properties":{"hgv":"no"}},{"type":"Feature","geometry":{"type":"Point","coordinates":[9.9428204,51.5583343]},"properties":{"hgv":"no"}},{"type":"Feature","geometry":{"type":"Point","coordinates":[9.4263909,51.1342976]},"properties":{"maxheight":"2.3"}},{"type":"Feature","geometry":{"type":"Point","coordinates":[9.5158273,51.3201629]},"properties":{"hgv":"destination"}},{"type":"Feature","geometry":{"type":"Point","coordinates":[9.3073068,51.3194534]},"properties":{"maxweight":"7.5"}},{"type":"Feature","geometry":{"type":"Point","coordinates":[9.3014244,51.3301833]},"properties":{"maxweight":"16"}},{"type":"Feature","geometry":{"type":"Point","coordinates":[9.3013218,51.3297518]},"properties":{"maxweight":"16"}},{"type":"Feature","geometry":{"type":"Point","coordinates":[9.1429214,51.3363408]},"properties":{"maxheight":"4"}},{"type":"Feature","geometry":{"type":"Point","coordinates":[9.3111664,51.2853567]},"properties":{"maxweight":"7.5"}},{"type":"Feature","geometry":{"type":"Point","coordinates":[9.1806701,51.3434615]},"properties":{"maxweight":"9"}},{"type":"Feature","geometry":{"type":"Point","coordinates":[9.1792884,51.3368981]},"properties":{"maxweight":"9"}},{"type":"Feature","geometry":{"type":"Point","coordinates":[9.3107626,51.2861943]},"properties":{"maxweight":"7.5"}},{"type":"Feature","geometry":{"type":"Point","coordinates":[9.1789505,51.3362948]},"properties":{"maxweight":"9"}},{"type":"Feature","geometry":{"type":"Point","coordinates":[9.179006,51.3365198]},"properties":{"maxweight":"9"}},{"type":"Feature","geometry":{"type":"Point","coordinates":[9.1796284,51.3328968]},"properties":{"maxweight":"9"}},{"type":"Feature","geometry":{"type":"Point","coordinates":[9.3051661,51.3652364]},"properties":{"hgv":"yes"}},{"type":"Feature","geometry":{"type":"Point","coordinates":[9.2594083,51.2293422]},"properties":{"maxweight":"16"}},{"type":"Feature","geometry":{"type":"Point","coordinates":[9.2558669,51.2281399]},"properties":{"maxweight":"16"}},{"type":"Feature","geometry":{"type":"Point","coordinates":[9.6066314,51.3504165]},"properties":{"maxheight":"default"}},{"type":"Feature","geometry":{"type":"Point","coordinates":[9.1884398,51.9738525]},"properties":{"maxheight":"4"}},{"type":"Feature","geometry":{"type":"Point","coordinates":[9.1883555,51.9737827]},"properties":{"maxheight":"4"}},{"type":"Feature","geometry":{"type":"Point","coordinates":[9.05895,51.8950198]},"properties":{"maxweight":"7"}},{"type":"Feature","geometry":{"type":"Point","coordinates":[9.0579439,51.8968923]},"properties":{"maxweight":"7"}},{"type":"Feature","geometry":{"type":"Point","coordinates":[9.0680789,51.8894796]},"properties":{"maxweight":"7"}},{"type":"Feature","geometry":{"type":"Point","coordinates":[9.9180438,51.5358403]},"properties":{"hgv":"destination"}},{"type":"Feature","geometry":{"type":"Point","coordinates":[9.4651649,51.2759441]},"properties":{"maxweight":"1.75"}},{"type":"Feature","geometry":{"type":"Point","coordinates":[9.2587347,51.3805077]},"properties":{"maxheight":"default"}},{"type":"Feature","geometry":{"type":"Point","coordinates":[9.2619176,51.3800374]},"properties":{"maxheight":"default"}},{"type":"Feature","geometry":{"type":"Point","coordinates":[9.2337083,51.3825464]},"properties":{"maxheight":"default"}},{"type":"Feature","geometry":{"type":"Point","coordinates":[9.2350559,51.9848362]},"properties":{"maxweight":"1.5"}},{"type":"Feature","geometry":{"type":"Point","coordinates":[9.9338041,51.5325749]},"properties":{"maxheight":"3.65 m"}},{"type":"Feature","geometry":{"type":"Point","coordinates":[9.9390772,51.5309411]},"properties":{"maxheight":"2.4 m"}},{"type":"Feature","geometry":{"type":"Point","coordinates":[9.9423807,51.5512113]},"properties":{"maxheight":"3.5 m"}},{"type":"Feature","geometry":{"type":"Point","coordinates":[9.9420585,51.5512131]},"properties":{"maxheight":"3.5 m"}},{"type":"Feature","geometry":{"type":"Point","coordinates":[9.5498774,51.886135]},"properties":{"hgv":"no"}},{"type":"Feature","geometry":{"type":"Point","coordinates":[9.9237795,51.5561255]},"properties":{"maxheight":"default"}},{"type":"Feature","geometry":{"type":"Point","coordinates":[9.4121864,51.2074893]},"properties":{"maxheight":"default"}},{"type":"Feature","geometry":{"type":"Point","coordinates":[9.412132,51.206993]},"properties":{"maxheight":"default"}},{"type":"Feature","geometry":{"type":"Point","coordinates":[9.9167421,51.5344846]},"properties":{"maxheight":"1.9 m"}},{"type":"Feature","geometry":{"type":"Point","coordinates":[9.8824352,51.5301351]},"properties":{"hgv":"no"}},{"type":"Feature","geometry":{"type":"Point","coordinates":[9.8742877,51.5242078]},"properties":{"maxweight":"20 t"}},{"type":"Feature","geometry":{"type":"Point","coordinates":[9.8715166,51.5247144]},"properties":{"maxweight":"20 t"}},{"type":"Feature","geometry":{"type":"Point","coordinates":[9.8722879,51.524631]},"properties":{"maxweight":"20 t"}},{"type":"Feature","geometry":{"type":"Point","coordinates":[9.8716266,51.5242856]},"properties":{"maxweight":"20 t"}},{"type":"Feature","geometry":{"type":"Point","coordinates":[9.8723266,51.524486]},"properties":{"maxweight":"20 t"}},{"type":"Feature","geometry":{"type":"Point","coordinates":[9.4880196,51.2859548]},"properties":{"maxheight":"default"}},{"type":"Feature","geometry":{"type":"Point","coordinates":[9.4672732,51.3530917]},"properties":{"maxheight":"4"}},{"type":"Feature","geometry":{"type":"Point","coordinates":[9.463752,51.3603905]},"properties":{"maxheight":"4"}},{"type":"Feature","geometry":{"type":"Point","coordinates":[9.4625008,51.363604]},"properties":{"maxheight":"4"}},{"type":"Feature","geometry":{"type":"Point","coordinates":[9.4636111,51.3601113]},"properties":{"maxheight":"4"}},{"type":"Feature","geometry":{"type":"Point","coordinates":[9.961549,51.5484262]},"properties":{"maxweight":"2.8 t"}},{"type":"Feature","geometry":{"type":"Point","coordinates":[9.0259846,51.9704582]},"properties":{"maxheight":"default"}},{"type":"Feature","geometry":{"type":"Point","coordinates":[9.7626222,51.2069201]},"properties":{"maxheight":"3"}},{"type":"Feature","geometry":{"type":"Point","coordinates":[9.8925729,51.5040913]},"properties":{"maxheight":"3.8 m"}},{"type":"Feature","geometry":{"type":"Point","coordinates":[9.9415911,51.5501186]},"properties":{"maxweight":"12 t"}},{"type":"Feature","geometry":{"type":"Point","coordinates":[9.9421937,51.550151]},"properties":{"maxweight":"12 t"}},{"type":"Feature","geometry":{"type":"Point","coordinates":[9.8988637,51.5576025]},"properties":{"maxheight":"default"}},{"type":"Feature","geometry":{"type":"Point","coordinates":[9.8901534,51.5390123]},"properties":{"hgv":"no"}},{"type":"Feature","geometry":{"type":"Point","coordinates":[9.8899042,51.5396839]},"properties":{"hgv":"no"}},{"type":"Feature","geometry":{"type":"Point","coordinates":[9.8931445,51.5398379]},"properties":{"hgv":"no"}},{"type":"Feature","geometry":{"type":"Point","coordinates":[9.8932059,51.5398295]},"properties":{"hgv":"no"}},{"type":"Feature","geometry":{"type":"Point","coordinates":[9.5062017,51.3151847]},"properties":{"maxheight":"3.8"}},{"type":"Feature","geometry":{"type":"Point","coordinates":[9.9033246,51.5409394]},"properties":{"maxheight":"3.0 m"}},{"type":"Feature","geometry":{"type":"Point","coordinates":[9.9030098,51.5411859]},"properties":{"maxheight":"2.6 m"}},{"type":"Feature","geometry":{"type":"Point","coordinates":[9.9030521,51.5408698]},"properties":{"maxheight":"3.8 m"}},{"type":"Feature","geometry":{"type":"Point","coordinates":[9.9334135,51.5353061]},"properties":{"maxheight":"3"}},{"type":"Feature","geometry":{"type":"Point","coordinates":[9.9538373,51.515714]},"properties":{"maxheight":"2.25 m","maxwidth":"2.38 m"}},{"type":"Feature","geometry":{"type":"Point","coordinates":[9.8055601,51.3777898]},"properties":{"maxheight":"3.6"}},{"type":"Feature","geometry":{"type":"Point","coordinates":[9.9257341,51.5340904]},"properties":{"maxheight":"2.3 m"}},{"type":"Feature","geometry":{"type":"Point","coordinates":[9.9285585,51.5342661]},"properties":{"maxheight":"3.8"}},{"type":"Feature","geometry":{"type":"Point","coordinates":[9.5828977,51.9081129]},"properties":{"hgv":"agricultural"}},{"type":"Feature","geometry":{"type":"Point","coordinates":[9.7335903,51.7071204]},"properties":{"maxweight":"3.5 t"}},{"type":"Feature","geometry":{"type":"Point","coordinates":[9.7441428,51.7090767]},"properties":{"maxweight":"3.5 t"}},{"type":"Feature","geometry":{"type":"Point","coordinates":[9.8049346,51.9839283]},"properties":{"maxheight":"3.9"}},{"type":"Feature","geometry":{"type":"Point","coordinates":[9.9787624,51.2707631]},"properties":{"maxheight":"default"}},{"type":"Feature","geometry":{"type":"Point","coordinates":[9.0031159,51.8854735]},"properties":{"maxweight":"7"}},{"type":"Feature","geometry":{"type":"Point","coordinates":[9.0032845,51.8846273]},"properties":{"maxweight":"7"}},{"type":"Feature","geometry":{"type":"Point","coordinates":[9.8705929,51.4650508]},"properties":{"maxheight":"default"}},{"type":"Feature","geometry":{"type":"Point","coordinates":[9.8814491,51.5277209]},"properties":{"maxheight":"2.0"}},{"type":"Feature","geometry":{"type":"Point","coordinates":[9.8813782,51.5277229]},"properties":{"maxheight":"2.0"}},{"type":"Feature","geometry":{"type":"Point","coordinates":[9.6382336,51.6011462]},"properties":{"hgv":"no"}},{"type":"Feature","geometry":{"type":"Point","coordinates":[9.726386,51.1985048]},"properties":{"hgv":"no"}},{"type":"Feature","geometry":{"type":"Point","coordinates":[9.4463173,51.21185]},"properties":{"hgv":"delivery"}},{"type":"Feature","geometry":{"type":"Point","coordinates":[9.3845088,51.0178525]},"properties":{"hgv":"designated"}},{"type":"Feature","geometry":{"type":"Point","coordinates":[9.3877016,51.0193372]},"properties":{"hgv":"designated"}},{"type":"Feature","geometry":{"type":"Point","coordinates":[9.4413736,51.1655678]},"properties":{"maxweight":"18"}},{"type":"Feature","geometry":{"type":"Point","coordinates":[9.8588887,51.3385244]},"properties":{"maxweight":"12"}},{"type":"Feature","geometry":{"type":"Point","coordinates":[9.6472478,51.4167844]},"properties":{"maxweight":"3.5"}},{"type":"Feature","geometry":{"type":"Point","coordinates":[9.0060241,51.3871317]},"properties":{"maxheight":"4.0"}},{"type":"Feature","geometry":{"type":"Point","coordinates":[9.0061306,51.3871467]},"properties":{"maxheight":"4.0"}},{"type":"Feature","geometry":{"type":"Point","coordinates":[9.5407192,51.1314922]},"properties":{"maxweight":"2.5"}},{"type":"Feature","geometry":{"type":"Point","coordinates":[9.0076409,51.4905784]},"properties":{"hgv":"designated"}},{"type":"Feature","geometry":{"type":"Point","coordinates":[9.4905796,51.318491]},"properties":{"maxheight":"default"}},{"type":"Feature","geometry":{"type":"Point","coordinates":[9.4901843,51.3185323]},"properties":{"maxheight":"below_default"}},{"type":"Feature","geometry":{"type":"Point","coordinates":[9.9442534,51.5519092]},"properties":{"maxweight":"30 t"}},{"type":"Feature","geometry":{"type":"Point","coordinates":[9.9140208,51.5129893]},"properties":{"hgv":"destination"}},{"type":"Feature","geometry":{"type":"Point","coordinates":[9.913672,51.5124324]},"properties":{"hgv":"destination"}},{"type":"Feature","geometry":{"type":"Point","coordinates":[9.5089709,51.9862954]},"properties":{"hgv":"agricultural"}},{"type":"Feature","geometry":{"type":"Point","coordinates":[9.4888258,51.9967626]},"properties":{"maxweightrating:hgv":"7.5"}},{"type":"Feature","geometry":{"type":"Point","coordinates":[9.8658009,51.548148]},"properties":{"hgv":"no"}},{"type":"Feature","geometry":{"type":"Point","coordinates":[9.0521,51.7479836]},"properties":{"maxweight":"3.5"}},{"type":"Feature","geometry":{"type":"Point","coordinates":[9.04016,51.8814349]},"properties":{"hgv":"destination","maxweight":"7"}},{"type":"Feature","geometry":{"type":"Point","coordinates":[9.0533588,51.8976878]},"properties":{"maxweight":"5.5"}},{"type":"Feature","geometry":{"type":"Point","coordinates":[9.0143707,51.9722356]},"properties":{"maxweight":"3.5"}},{"type":"Feature","geometry":{"type":"Point","coordinates":[9.6099756,51.0661524]},"properties":{"maxweight":"30"}},{"type":"Feature","geometry":{"type":"Point","coordinates":[9.6097353,51.0663926]},"properties":{"maxweight":"30"}},{"type":"Feature","geometry":{"type":"Point","coordinates":[9.5022423,51.3293133]},"properties":{"maxweightrating":"16"}},{"type":"Feature","geometry":{"type":"Point","coordinates":[9.9460014,51.5133373]},"properties":{"maxweight":"1.5 t"}},{"type":"Feature","geometry":{"type":"Point","coordinates":[9.9460326,51.5139961]},"properties":{"maxweight":"1.5 t"}},{"type":"Feature","geometry":{"type":"Point","coordinates":[9.946017,51.5136699]},"properties":{"maxweight":"1.5 t"}},{"type":"Feature","geometry":{"type":"Point","coordinates":[9.9212564,51.5381214]},"properties":{"hgv":"no"}},{"type":"Feature","geometry":{"type":"Point","coordinates":[9.9212373,51.5381865]},"properties":{"hgv":"no"}},{"type":"Feature","geometry":{"type":"Point","coordinates":[9.92085,51.5392587]},"properties":{"hgv":"destination"}},{"type":"Feature","geometry":{"type":"Point","coordinates":[9.8058455,51.3778645]},"properties":{"maxheight":"3.6"}},{"type":"Feature","geometry":{"type":"Point","coordinates":[9.8048665,51.3795147]},"properties":{"maxheight":"2.6"}},{"type":"Feature","geometry":{"type":"Point","coordinates":[9.0938606,51.9521605]},"properties":{"hgv":"destination"}},{"type":"Feature","geometry":{"type":"Point","coordinates":[9.3795763,51.7726497]},"properties":{"hgv":"no"}},{"type":"Feature","geometry":{"type":"Point","coordinates":[9.7466844,51.3932498]},"properties":{"hgv":"delivery","maxweight":"7.5"}},{"type":"Feature","geometry":{"type":"Point","coordinates":[9.6697106,51.3677528]},"properties":{"maxweight":"7.5 t"}},{"type":"Feature","geometry":{"type":"Point","coordinates":[9.6522948,51.361049]},"properties":{"maxweight":"7.5 t"}},{"type":"Feature","geometry":{"type":"Point","coordinates":[9.8053042,51.5833937]},"properties":{"hgv":"destination"}},{"type":"Feature","geometry":{"type":"Point","coordinates":[9.8900218,51.4231192]},"properties":{"maxweight":"3.5 t"}},{"type":"Feature","geometry":{"type":"Point","coordinates":[9.6636905,51.4382656]},"properties":{"hgv":"forestry"}},{"type":"Feature","geometry":{"type":"Point","coordinates":[9.0073258,51.4879721]},"properties":{"maxheight":"2.4"}},{"type":"Feature","geometry":{"type":"Point","coordinates":[9.3222443,51.8274422]},"properties":{"maxweight":"7.5"}},{"type":"Feature","geometry":{"type":"Point","coordinates":[9.3214882,51.8287329]},"properties":{"maxweight":"7.5"}},{"type":"Feature","geometry":{"type":"Point","coordinates":[9.5451873,51.1305172]},"properties":{"maxheight":"2"}},{"type":"Feature","geometry":{"type":"Point","coordinates":[9.1679969,51.7099]},"properties":{"maxheight":"default"}},{"type":"Feature","geometry":{"type":"Point","coordinates":[9.1679912,51.7103828]},"properties":{"maxheight":"default"}},{"type":"Feature","geometry":{"type":"Point","coordinates":[9.1660793,51.7327459]},"properties":{"maxheight":"default"}},{"type":"Feature","geometry":{"type":"Point","coordinates":[9.1661804,51.732138]},"properties":{"maxheight":"default"}},{"type":"Feature","geometry":{"type":"Point","coordinates":[9.5433277,51.6291616]},"properties":{"maxweight":"16"}},{"type":"Feature","geometry":{"type":"Point","coordinates":[9.0782693,51.1087321]},"properties":{"maxheight":"2"}},{"type":"Feature","geometry":{"type":"Point","coordinates":[9.9304316,51.5322796]},"properties":{"maxheight":"2.4"}},{"type":"Feature","geometry":{"type":"Point","coordinates":[9.49311,51.3157672]},"properties":{"maxheight":"3"}},{"type":"Feature","geometry":{"type":"Point","coordinates":[9.4189956,51.2704788]},"properties":{"maxweight":"44 t"}},{"type":"Feature","geometry":{"type":"Point","coordinates":[9.4189956,51.2704788]},"properties":{"maxweight":"44 t"}},{"type":"Feature","geometry":{"type":"Point","coordinates":[9.4352148,51.2155633]},"properties":{"hgv":"delivery"}},{"type":"Feature","geometry":{"type":"Point","coordinates":[9.4469001,51.2119099]},"properties":{"hgv":"delivery"}},{"type":"Feature","geometry":{"type":"Point","coordinates":[9.4353542,51.2150865]},"properties":{"hgv":"delivery","maxheight":"2.8","maxwidth":"2.2"}},{"type":"Feature","geometry":{"type":"Point","coordinates":[9.4354624,51.2199701]},"properties":{"hgv":"delivery"}},{"type":"Feature","geometry":{"type":"Point","coordinates":[9.4354259,51.2196736]},"properties":{"hgv":"delivery"}},{"type":"Feature","geometry":{"type":"Point","coordinates":[9.4347064,51.2175394]},"properties":{"hgv":"delivery"}},{"type":"Feature","geometry":{"type":"Point","coordinates":[9.098167,51.8969342]},"properties":{"maxheight":"default"}},{"type":"Feature","geometry":{"type":"Point","coordinates":[9.1911957,51.9321723]},"properties":{"hgv":"destination"}},{"type":"Feature","geometry":{"type":"Point","coordinates":[9.7664904,51.5002677]},"properties":{"maxweight":"3.5 t"}},{"type":"Feature","geometry":{"type":"Point","coordinates":[9.9344329,51.5387928]},"properties":{"maxweight":"7.5 t"}},{"type":"Feature","geometry":{"type":"Point","coordinates":[9.003089,51.3809531]},"properties":{"maxheight":"3"}},{"type":"Feature","geometry":{"type":"Point","coordinates":[9.8636445,51.5037305]},"properties":{"maxheight":"default"}},{"type":"Feature","geometry":{"type":"Point","coordinates":[9.1494716,51.4880584]},"properties":{"hgv":"destination"}},{"type":"Feature","geometry":{"type":"Point","coordinates":[9.148583,51.4883408]},"properties":{"hgv":"destination"}},{"type":"Feature","geometry":{"type":"Point","coordinates":[9.1514111,51.4894601]},"properties":{"hgv":"no"}},{"type":"Feature","geometry":{"type":"Point","coordinates":[9.1476312,51.4904995]},"properties":{"hgv":"no"}},{"type":"Feature","geometry":{"type":"Point","coordinates":[9.7775647,51.795293]},"properties":{"maxweight":"7.5"}},{"type":"Feature","geometry":{"type":"Point","coordinates":[9.8887709,51.5228119]},"properties":{"hgv":"designated"}},{"type":"Feature","geometry":{"type":"Point","coordinates":[9.9092387,51.5469636]},"properties":{"hgv":"destination"}},{"type":"Feature","geometry":{"type":"Point","coordinates":[9.4797521,51.4264216]},"properties":{"hgv":"no"}},{"type":"Feature","geometry":{"type":"Point","coordinates":[9.9734123,51.733092]},"properties":{"maxheight":"default"}},{"type":"Feature","geometry":{"type":"Point","coordinates":[9.2736054,51.9777317]},"properties":{"maxweight":"3.5"}},{"type":"Feature","geometry":{"type":"Point","coordinates":[9.2047429,51.5445294]},"properties":{"maxheight":"3.2"}},{"type":"Feature","geometry":{"type":"Point","coordinates":[9.9610665,51.5076053]},"properties":{"maxweight":"2 t"}},{"type":"Feature","geometry":{"type":"Point","coordinates":[9.5241734,51.3475721]},"properties":{"maxheight":"3.85"}},{"type":"Feature","geometry":{"type":"Point","coordinates":[9.0392491,51.921206]},"properties":{"hgv":"no"}},{"type":"Feature","geometry":{"type":"Point","coordinates":[9.0391374,51.9211358]},"properties":{"hgv":"no"}},{"type":"Feature","geometry":{"type":"Point","coordinates":[9.0950951,51.9430087]},"properties":{"hgv":"no"}},{"type":"Feature","geometry":{"type":"Point","coordinates":[9.0946983,51.9430365]},"properties":{"maxheight":"2"}},{"type":"Feature","geometry":{"type":"Point","coordinates":[9.2835156,51.980557]},"properties":{"maxheight":"3.6"}},{"type":"Feature","geometry":{"type":"Point","coordinates":[9.6074157,51.0635798]},"properties":{"maxweight":"30"}},{"type":"Feature","geometry":{"type":"Point","coordinates":[9.9199756,51.5556166]},"properties":{"maxheight":"default"}},{"type":"Feature","geometry":{"type":"Point","coordinates":[9.9111023,51.5462737]},"properties":{"hgv":"destination"}},{"type":"Feature","geometry":{"type":"Point","coordinates":[9.9118032,51.5462988]},"properties":{"hgv":"destination"}},{"type":"Feature","geometry":{"type":"Point","coordinates":[9.9396464,51.5315965]},"properties":{"maxheight":"2.4 m"}},{"type":"Feature","geometry":{"type":"Point","coordinates":[9.7615972,51.6592542]},"properties":{"maxheight":"4"}},{"type":"Feature","geometry":{"type":"Point","coordinates":[9.9210453,51.5371111]},"properties":{"hgv":"no"}},{"type":"Feature","geometry":{"type":"Point","coordinates":[9.63571,51.6605993]},"properties":{"maxheight":"2.5"}},{"type":"Feature","geometry":{"type":"Point","coordinates":[9.8915981,51.5197172]},"properties":{"maxheight":"2.1 m"}},{"type":"Feature","geometry":{"type":"Point","coordinates":[9.968001,51.8513605]},"properties":{"maxweight":"3.5"}},{"type":"Feature","geometry":{"type":"Point","coordinates":[9.0815761,51.8792238]},"properties":{"maxweight":"7"}},{"type":"Feature","geometry":{"type":"Point","coordinates":[9.0816526,51.8790317]},"properties":{"maxweight":"7"}},{"type":"Feature","geometry":{"type":"Point","coordinates":[9.1466163,51.4913929]},"properties":{"hgv":"destination"}},{"type":"Feature","geometry":{"type":"Point","coordinates":[9.146153,51.4912814]},"properties":{"hgv":"destination"}},{"type":"Feature","geometry":{"type":"Point","coordinates":[9.6494698,51.6525028]},"properties":{"maxheight":"3.8"}},{"type":"Feature","geometry":{"type":"Point","coordinates":[9.044608,51.9503981]},"properties":{"maxweight":"6"}},{"type":"Feature","geometry":{"type":"Point","coordinates":[9.0306438,51.9685673]},"properties":{"hgv":"agricultural;forestry"}},{"type":"Feature","geometry":{"type":"Point","coordinates":[9.0312552,51.967251]},"properties":{"hgv":"agricultural;forestry","maxheight":"4"}},{"type":"Feature","geometry":{"type":"Point","coordinates":[9.1096975,51.7115465]},"properties":{"maxheight":"default"}},{"type":"Feature","geometry":{"type":"Point","coordinates":[9.2353181,51.7113493]},"properties":{"maxheight":"default"}},{"type":"Feature","geometry":{"type":"Point","coordinates":[9.9208789,51.5652053]},"properties":{"hgv":"no"}},{"type":"Feature","geometry":{"type":"Point","coordinates":[9.4585954,51.8276104]},"properties":{"maxheight":"default"}},{"type":"Feature","geometry":{"type":"Point","coordinates":[9.4554967,51.8419778]},"properties":{"maxheight":"default"}},{"type":"Feature","geometry":{"type":"Point","coordinates":[9.4561794,51.8422231]},"properties":{"maxheight":"default"}},{"type":"Feature","geometry":{"type":"Point","coordinates":[9.2562468,51.9677343]},"properties":{"maxheight":"default"}},{"type":"Feature","geometry":{"type":"Point","coordinates":[9.9607386,51.5525482]},"properties":{"maxweight":"3.5"}},{"type":"Feature","geometry":{"type":"Point","coordinates":[9.9605823,51.5525622]},"properties":{"maxweight":"3.5"}},{"type":"Feature","geometry":{"type":"Point","coordinates":[9.3843707,51.7722615]},"properties":{"maxweight":"3.5"}},{"type":"Feature","geometry":{"type":"Point","coordinates":[9.4204123,51.2231116]},"properties":{"maxheight":"default"}},{"type":"Feature","geometry":{"type":"Point","coordinates":[9.4273102,51.2289757]},"properties":{"maxheight":"2.4"}},{"type":"Feature","geometry":{"type":"Point","coordinates":[9.0179244,51.8108032]},"properties":{"maxheight":"4"}},{"type":"Feature","geometry":{"type":"Point","coordinates":[9.4262125,51.1345274]},"properties":{"maxheight":"3.9"}},{"type":"Feature","geometry":{"type":"Point","coordinates":[9.4264477,51.1345251]},"properties":{"maxheight":"3.9"}},{"type":"Feature","geometry":{"type":"Point","coordinates":[9.0985925,51.9382685]},"properties":{"maxheight":"4.1"}},{"type":"Feature","geometry":{"type":"Point","coordinates":[9.0986854,51.9382877]},"properties":{"maxheight":"4.1"}},{"type":"Feature","geometry":{"type":"Point","coordinates":[9.9291499,51.5341383]},"properties":{"maxheight":"2.5"}},{"type":"Feature","geometry":{"type":"Point","coordinates":[9.9278134,51.53248]},"properties":{"maxheight":"2.6 m"}},{"type":"Feature","geometry":{"type":"Point","coordinates":[9.9263448,51.5658818]},"properties":{"hgv":"no"}},{"type":"Feature","geometry":{"type":"Point","coordinates":[9.9442623,51.5622311]},"properties":{"maxweight":"2.5 t"}},{"type":"Feature","geometry":{"type":"Point","coordinates":[9.1698753,51.7243055]},"properties":{"maxheight":"default"}},{"type":"Feature","geometry":{"type":"Point","coordinates":[9.4342276,51.1296418]},"properties":{"maxheight":"1.8"}},{"type":"Feature","geometry":{"type":"Point","coordinates":[9.5455085,51.1305379]},"properties":{"maxheight":"2","maxweight":"2"}},{"type":"Feature","geometry":{"type":"Point","coordinates":[9.5449406,51.1304682]},"properties":{"maxheight":"2","maxweight":"2"}},{"type":"Feature","geometry":{"type":"Point","coordinates":[9.5450718,51.1303552]},"properties":{"maxheight":"2"}},{"type":"Feature","geometry":{"type":"Point","coordinates":[9.4228853,51.1353995]},"properties":{"maxwidth":"2"}},{"type":"Feature","geometry":{"type":"Point","coordinates":[9.4527675,51.290801]},"properties":{"maxweight":"2"}},{"type":"Feature","geometry":{"type":"Point","coordinates":[9.8953175,51.5205936]},"properties":{"hgv":"designated"}},{"type":"Feature","geometry":{"type":"Point","coordinates":[9.89442,51.5200644]},"properties":{"hgv":"designated"}},{"type":"Feature","geometry":{"type":"Point","coordinates":[9.4768404,51.3187377]},"properties":{"maxwidth":"3.0"}},{"type":"Feature","geometry":{"type":"Point","coordinates":[9.4861391,51.277849]},"properties":{"maxheight":"3.75"}},{"type":"Feature","geometry":{"type":"Point","coordinates":[9.4859821,51.2779834]},"properties":{"maxheight":"3.75"}},{"type":"Feature","geometry":{"type":"Point","coordinates":[9.486054,51.2779204]},"properties":{"maxheight":"3.75"}},{"type":"Feature","geometry":{"type":"Point","coordinates":[9.8333247,51.8205608]},"properties":{"maxheight":"default"}},{"type":"Feature","geometry":{"type":"Point","coordinates":[9.8335455,51.8209542]},"properties":{"maxheight":"default"}},{"type":"Feature","geometry":{"type":"Point","coordinates":[9.9412672,51.5552426]},"properties":{"maxheight":"2.1 m","maxweight":"3 t"}},{"type":"Feature","geometry":{"type":"Point","coordinates":[9.9416549,51.5558027]},"properties":{"maxheight":"2.1 m","maxweight":"3 t"}},{"type":"Feature","geometry":{"type":"Point","coordinates":[9.94143,51.555199]},"properties":{"maxheight":"2.1 m","maxweight":"3 t"}},{"type":"Feature","geometry":{"type":"Point","coordinates":[9.9209072,51.5409895]},"properties":{"hgv":"destination"}},{"type":"Feature","geometry":{"type":"Point","coordinates":[9.5281026,51.7728638]},"properties":{"maxweight":"7.5"}},{"type":"Feature","geometry":{"type":"Point","coordinates":[9.5281026,51.7728638]},"properties":{"maxweight":"7.5"}},{"type":"Feature","geometry":{"type":"Point","coordinates":[9.5275868,51.7729247]},"properties":{"maxweight":"7.5"}},{"type":"Feature","geometry":{"type":"Point","coordinates":[9.5276036,51.7728599]},"properties":{"maxweight":"7.5"}},{"type":"Feature","geometry":{"type":"Point","coordinates":[9.4496979,51.2122181]},"properties":{"hgv":"delivery"}},{"type":"Feature","geometry":{"type":"Point","coordinates":[9.4496663,51.212036]},"properties":{"hgv":"delivery"}},{"type":"Feature","geometry":{"type":"Point","coordinates":[9.9254634,51.5251483]},"properties":{"maxheight":"2.0 m"}},{"type":"Feature","geometry":{"type":"Point","coordinates":[9.8916113,51.5290303]},"properties":{"hgv":"no"}},{"type":"Feature","geometry":{"type":"Point","coordinates":[9.9293446,51.5552554]},"properties":{"hgv":"no"}},{"type":"Feature","geometry":{"type":"Point","coordinates":[9.9236622,51.535302]},"properties":{"maxheight":"2.0 m","maxwidth":"2.5 m"}},{"type":"Feature","geometry":{"type":"Point","coordinates":[9.8584431,51.33213]},"properties":{"hgv":"destination"}},{"type":"Feature","geometry":{"type":"Point","coordinates":[9.085157,51.8639933]},"properties":{"maxheight":"3.0"}},{"type":"Feature","geometry":{"type":"Point","coordinates":[9.8537227,51.1590225]},"properties":{"maxheight":"default"}},{"type":"Feature","geometry":{"type":"Point","coordinates":[9.8539079,51.1587218]},"properties":{"maxheight":"default"}},{"type":"Feature","geometry":{"type":"Point","coordinates":[9.2746103,51.9854595]},"properties":{"maxheight":"2.8"}},{"type":"Feature","geometry":{"type":"Point","coordinates":[9.9293838,51.5547533]},"properties":{"hgv":"no"}},{"type":"Feature","geometry":{"type":"Point","coordinates":[9.5292554,51.7727907]},"properties":{"maxweight":"7.5"}},{"type":"Feature","geometry":{"type":"Point","coordinates":[9.5332093,51.7725545]},"properties":{"maxweight":"7.5"}},{"type":"Feature","geometry":{"type":"Point","coordinates":[9.8978317,51.5536657]},"properties":{"maxweight":"7.5 t"}},{"type":"Feature","geometry":{"type":"Point","coordinates":[9.8977966,51.5538341]},"properties":{"maxweight":"7.5 t"}},{"type":"Feature","geometry":{"type":"Point","coordinates":[9.097406,51.3001438]},"properties":{"maxweight":"2"}},{"type":"Feature","geometry":{"type":"Point","coordinates":[9.4086406,51.3166623]},"properties":{"maxheight":"default"}},{"type":"Feature","geometry":{"type":"Point","coordinates":[9.4089699,51.3168396]},"properties":{"maxheight":"default"}},{"type":"Feature","geometry":{"type":"Point","coordinates":[9.4089578,51.3167587]},"properties":{"maxheight":"default"}},{"type":"Feature","geometry":{"type":"Point","coordinates":[9.8779018,51.1548164]},"properties":{"maxheight":"default"}},{"type":"Feature","geometry":{"type":"Point","coordinates":[9.8783268,51.1547015]},"properties":{"maxheight":"default"}},{"type":"Feature","geometry":{"type":"Point","coordinates":[9.4085871,51.3166451]},"properties":{"maxheight":"default"}},{"type":"Feature","geometry":{"type":"Point","coordinates":[9.8720938,51.8304385]},"properties":{"maxheight":"none"}},{"type":"Feature","geometry":{"type":"Point","coordinates":[9.5212063,51.2678838]},"properties":{"hgv":"no"}},{"type":"Feature","geometry":{"type":"Point","coordinates":[9.5185168,51.2679569]},"properties":{"hgv":"no"}},{"type":"Feature","geometry":{"type":"Point","coordinates":[9.5189596,51.2673005]},"properties":{"hgv":"no"}},{"type":"Feature","geometry":{"type":"Point","coordinates":[9.5211164,51.2677485]},"properties":{"hgv":"no"}},{"type":"Feature","geometry":{"type":"Point","coordinates":[9.5282417,51.274829]},"properties":{"maxheight":"default"}},{"type":"Feature","geometry":{"type":"Point","coordinates":[9.9461032,51.5560682]},"properties":{"maxheight":"3.3"}},{"type":"Feature","geometry":{"type":"Point","coordinates":[9.2346083,51.9916185]},"properties":{"maxweight":"2.5"}},{"type":"Feature","geometry":{"type":"Point","coordinates":[9.8818503,51.3471994]},"properties":{"maxweight":"3.5"}},{"type":"Feature","geometry":{"type":"Point","coordinates":[9.1642552,51.489733]},"properties":{"maxweight":"2.8"}},{"type":"Feature","geometry":{"type":"Point","coordinates":[9.5279459,51.2751197]},"properties":{"maxheight":"default"}},{"type":"Feature","geometry":{"type":"Point","coordinates":[9.9255509,51.5664887]},"properties":{"hgv":"no"}},{"type":"Feature","geometry":{"type":"Point","coordinates":[9.1807333,51.7071903]},"properties":{"hgv":"no"}},{"type":"Feature","geometry":{"type":"Point","coordinates":[9.5143148,51.325761]},"properties":{"maxheight":"below_default"}},{"type":"Feature","geometry":{"type":"Point","coordinates":[9.4476975,51.3141658]},"properties":{"maxheight":"2"}},{"type":"Feature","geometry":{"type":"Point","coordinates":[9.9057322,51.5584843]},"properties":{"maxheight":"default"}},{"type":"Feature","geometry":{"type":"Point","coordinates":[9.9168954,51.5557683]},"properties":{"maxweight":"50 t"}},{"type":"Feature","geometry":{"type":"Point","coordinates":[9.8870917,51.5524009]},"properties":{"maxheight":"2.2 m","maxweight":"3 t"}},{"type":"Feature","geometry":{"type":"Point","coordinates":[9.8869065,51.5517281]},"properties":{"maxheight":"2.2 m","maxweight":"3 t"}},{"type":"Feature","geometry":{"type":"Point","coordinates":[9.8872105,51.5524673]},"properties":{"maxheight":"2.2 m","maxweight":"3 t"}},{"type":"Feature","geometry":{"type":"Point","coordinates":[9.8873466,51.5517814]},"properties":{"maxheight":"2.2 m","maxweight":"3 t"}},{"type":"Feature","geometry":{"type":"Point","coordinates":[9.6483969,51.4158711]},"properties":{"maxweight":"2.8"}},{"type":"Feature","geometry":{"type":"Point","coordinates":[9.6508181,51.4114081]},"properties":{"maxweight":"7.5"}},{"type":"Feature","geometry":{"type":"Point","coordinates":[9.69438,51.4090443]},"properties":{"hgv":"no"}},{"type":"Feature","geometry":{"type":"Point","coordinates":[9.7464568,51.3932413]},"properties":{"hgv":"delivery","maxweight":"7.5"}},{"type":"Feature","geometry":{"type":"Point","coordinates":[9.7484558,51.3930375]},"properties":{"hgv":"delivery","maxweight":"7.5"}},{"type":"Feature","geometry":{"type":"Point","coordinates":[9.6510945,51.41137]},"properties":{"maxweight":"7.5"}},{"type":"Feature","geometry":{"type":"Point","coordinates":[9.6609816,51.4183596]},"properties":{"maxweight":"2.8"}},{"type":"Feature","geometry":{"type":"Point","coordinates":[9.9505475,51.5093626]},"properties":{"maxheight":"1.8 m","maxweight":"1.5 t"}},{"type":"Feature","geometry":{"type":"Point","coordinates":[9.8822538,51.5293628]},"properties":{"hgv":"no"}},{"type":"Feature","geometry":{"type":"Point","coordinates":[9.9066069,51.444121]},"properties":{"maxweight":"7.5 t"}},{"type":"Feature","geometry":{"type":"Point","coordinates":[9.9048467,51.4436878]},"properties":{"maxweight":"5.5"}},{"type":"Feature","geometry":{"type":"Point","coordinates":[9.9201804,51.5562368]},"properties":{"maxheight":"default"}},{"type":"Feature","geometry":{"type":"Point","coordinates":[9.6510945,51.41137]},"properties":{"maxweight":"7.5"}},{"type":"Feature","geometry":{"type":"Point","coordinates":[9.4590181,51.3638428]},"properties":{"maxheight:physical":"4"}},{"type":"Feature","geometry":{"type":"Point","coordinates":[9.8916231,51.5419609]},"properties":{"hgv":"no"}},{"type":"Feature","geometry":{"type":"Point","coordinates":[9.4091503,51.2591787]},"properties":{"maxheight":"default"}},{"type":"Feature","geometry":{"type":"Point","coordinates":[9.6520993,51.4068743]},"properties":{"maxweight":"2.8"}},{"type":"Feature","geometry":{"type":"Point","coordinates":[9.891431,51.5421896]},"properties":{"hgv":"no"}},{"type":"Feature","geometry":{"type":"Point","coordinates":[9.6348991,51.3690042]},"properties":{"hgv":"designated"}},{"type":"Feature","geometry":{"type":"Point","coordinates":[9.633439,51.3698172]},"properties":{"hgv":"designated"}},{"type":"Feature","geometry":{"type":"Point","coordinates":[9.9327412,51.538947]},"properties":{"maxweight":"2.8 t"}},{"type":"Feature","geometry":{"type":"Point","coordinates":[9.1931101,51.7217807]},"properties":{"hgv":"no"}},{"type":"Feature","geometry":{"type":"Point","coordinates":[9.4509549,51.3150165]},"properties":{"maxweight":"3.5"}},{"type":"Feature","geometry":{"type":"Point","coordinates":[9.8225832,51.6450585]},"properties":{"maxweight":"16 t"}},{"type":"Feature","geometry":{"type":"Point","coordinates":[9.8102411,51.6363351]},"properties":{"maxweight":"16 t"}},{"type":"Feature","geometry":{"type":"Point","coordinates":[9.8607364,51.3370829]},"properties":{"hgv":"destination"}},{"type":"Feature","geometry":{"type":"Point","coordinates":[9.8655781,51.3374736]},"properties":{"maxheight":"3.8"}},{"type":"Feature","geometry":{"type":"Point","coordinates":[9.6310199,51.6646754]},"properties":{"maxweight":"3.5"}},{"type":"Feature","geometry":{"type":"Point","coordinates":[9.645663,51.6028336]},"properties":{"hgv":"no"}},{"type":"Feature","geometry":{"type":"Point","coordinates":[9.84319,51.5671361]},"properties":{"maxweight":"7.5 t"}},{"type":"Feature","geometry":{"type":"Point","coordinates":[9.8393632,51.574522]},"properties":{"maxweight":"7.5 t"}},{"type":"Feature","geometry":{"type":"Point","coordinates":[9.8393451,51.5745612]},"properties":{"maxweight":"7.5 t"}},{"type":"Feature","geometry":{"type":"Point","coordinates":[9.8350384,51.5798699]},"properties":{"maxweight":"7.5 t"}},{"type":"Feature","geometry":{"type":"Point","coordinates":[9.8345906,51.5804249]},"properties":{"maxweight":"7.5 t"}},{"type":"Feature","geometry":{"type":"Point","coordinates":[9.8430068,51.5665935]},"properties":{"maxweight":"7.5 t"}},{"type":"Feature","geometry":{"type":"Point","coordinates":[9.4476601,51.2584807]},"properties":{"hgv":"destination"}},{"type":"Feature","geometry":{"type":"Point","coordinates":[9.5630304,51.2574413]},"properties":{"hgv":"destination"}},{"type":"Feature","geometry":{"type":"Point","coordinates":[9.0965387,51.9434198]},"properties":{"maxweight":"5.5"}},{"type":"Feature","geometry":{"type":"Point","coordinates":[9.9341516,51.5339941]},"properties":{"maxheight":"3.95"}},{"type":"Feature","geometry":{"type":"Point","coordinates":[9.0409863,51.8821861]},"properties":{"hgv":"destination","maxweight":"7"}},{"type":"Feature","geometry":{"type":"Point","coordinates":[9.2586762,51.2286208]},"properties":{"maxweight":"16"}},{"type":"Feature","geometry":{"type":"Point","coordinates":[9.2593932,51.2293843]},"properties":{"maxweight":"16"}},{"type":"Feature","geometry":{"type":"Point","coordinates":[9.9645805,51.5220825]},"properties":{"maxheight":"2.2"}},{"type":"Feature","geometry":{"type":"Point","coordinates":[9.9351647,51.635172]},"properties":{"maxwidth":"2.5 m"}},{"type":"Feature","geometry":{"type":"Point","coordinates":[9.7506401,51.5784558]},"properties":{"maxwidth":"2.0"}},{"type":"Feature","geometry":{"type":"Point","coordinates":[9.877825,51.498158]},"properties":{"maxheight":"default"}},{"type":"Feature","geometry":{"type":"Point","coordinates":[9.5218275,51.2714376]},"properties":{"maxweight":"30"}},{"type":"Feature","geometry":{"type":"Point","coordinates":[9.0018977,51.8716949]},"properties":{"hgv":"destination"}},{"type":"Feature","geometry":{"type":"Point","coordinates":[9.2632399,51.9551644]},"properties":{"maxweight":"7.5"}},{"type":"Feature","geometry":{"type":"Point","coordinates":[9.9092097,51.4957464]},"properties":{"maxheight":"5.9 m"}},{"type":"Feature","geometry":{"type":"Point","coordinates":[9.9086811,51.495648]},"properties":{"maxheight":"5.9 m"}},{"type":"Feature","geometry":{"type":"Point","coordinates":[9.4542086,51.3169194]},"properties":{"maxheight":"3.5"}},{"type":"Feature","geometry":{"type":"Point","coordinates":[9.1696858,51.7249448]},"properties":{"maxheight":"default"}},{"type":"Feature","geometry":{"type":"Point","coordinates":[9.4402433,51.338787]},"properties":{"hgv":"destination"}},{"type":"Feature","geometry":{"type":"Point","coordinates":[9.4402578,51.3386302]},"properties":{"hgv":"destination"}},{"type":"Feature","geometry":{"type":"Point","coordinates":[9.9333083,51.6321196]},"properties":{"maxheight":"3.3 m"}},{"type":"Feature","geometry":{"type":"Point","coordinates":[9.795945,51.6390093]},"properties":{"maxweight":"7.5"}},{"type":"Feature","geometry":{"type":"Point","coordinates":[9.2637619,51.9786937]},"properties":{"maxheight":"5"}},{"type":"Feature","geometry":{"type":"Point","coordinates":[9.2639266,51.9788151]},"properties":{"maxheight":"5"}},{"type":"Feature","geometry":{"type":"Point","coordinates":[9.0161301,51.3794373]},"properties":{"hgv":"delivery"}},{"type":"Feature","geometry":{"type":"Point","coordinates":[9.4688674,51.3346086]},"properties":{"maxweight":"2.5"}},{"type":"Feature","geometry":{"type":"Point","coordinates":[9.4670449,51.3348068]},"properties":{"maxweight":"2.5"}},{"type":"Feature","geometry":{"type":"Point","coordinates":[9.110746,51.8039368]},"properties":{"maxweight":"2.5"}},{"type":"Feature","geometry":{"type":"Point","coordinates":[9.4526098,51.6400421]},"properties":{"hgv":"destination"}},{"type":"Feature","geometry":{"type":"Point","coordinates":[9.4498995,51.3282591]},"properties":{"maxweight":"1.5"}},{"type":"Feature","geometry":{"type":"Point","coordinates":[9.9123168,51.4394747]},"properties":{"maxlength":"8 m"}},{"type":"Feature","geometry":{"type":"Point","coordinates":[9.911804,51.4394256]},"properties":{"maxlength":"8 m"}},{"type":"Feature","geometry":{"type":"Point","coordinates":[9.0153215,51.3788682]},"properties":{"hgv":"delivery"}},{"type":"Feature","geometry":{"type":"Point","coordinates":[9.6776637,51.4851788]},"properties":{"maxweight":"7.5 t"}},{"type":"Feature","geometry":{"type":"Point","coordinates":[9.9272378,51.5295582]},"properties":{"maxweight":"7.5 t"}},{"type":"Feature","geometry":{"type":"Point","coordinates":[9.4059637,51.0324132]},"properties":{"maxheight":"2"}},{"type":"Feature","geometry":{"type":"Point","coordinates":[9.5370318,51.171754]},"properties":{"hgv":"agricultural"}},{"type":"Feature","geometry":{"type":"Point","coordinates":[9.544904,51.1779536]},"properties":{"hgv":"agricultural"}},{"type":"Feature","geometry":{"type":"Point","coordinates":[9.4403265,51.2111476]},"properties":{"hgv":"no","maxwidth":"2.2"}},{"type":"Feature","geometry":{"type":"Point","coordinates":[9.3891983,51.3101688]},"properties":{"hgv":"no"}},{"type":"Feature","geometry":{"type":"Point","coordinates":[9.765451,51.7575889]},"properties":{"maxlength":"8"}},{"type":"Feature","geometry":{"type":"Point","coordinates":[9.939806,51.5285639]},"properties":{"maxweight":"1.5 t"}},{"type":"Feature","geometry":{"type":"Point","coordinates":[9.9398286,51.5284747]},"properties":{"maxweight":"1.5 t"}},{"type":"Feature","geometry":{"type":"Point","coordinates":[9.7790521,51.0675345]},"properties":{"maxweight":"12"}},{"type":"Feature","geometry":{"type":"Point","coordinates":[9.2339414,51.9857232]},"properties":{"maxweight":"1.5"}},{"type":"Feature","geometry":{"type":"Point","coordinates":[9.1237548,51.1216712]},"properties":{"hgv":"no"}},{"type":"Feature","geometry":{"type":"Point","coordinates":[9.8096484,51.5868108]},"properties":{"hgv":"destination"}},{"type":"Feature","geometry":{"type":"Point","coordinates":[9.3226333,51.6851834]},"properties":{"maxweight":"7.5"}},{"type":"Feature","geometry":{"type":"Point","coordinates":[9.439874,51.3366684]},"properties":{"hgv":"no"}},{"type":"Feature","geometry":{"type":"Point","coordinates":[9.7170543,51.3999096]},"properties":{"maxweight":"3.5"}},{"type":"Feature","geometry":{"type":"Point","coordinates":[9.8415714,51.4209689]},"properties":{"hgv":"destination"}},{"type":"Feature","geometry":{"type":"Point","coordinates":[9.1674831,51.7355542]},"properties":{"maxheight":"default"}},{"type":"Feature","geometry":{"type":"Point","coordinates":[9.1661812,51.7336493]},"properties":{"maxheight":"default"}},{"type":"Feature","geometry":{"type":"Point","coordinates":[9.1663975,51.7315443]},"properties":{"maxheight":"default"}},{"type":"Feature","geometry":{"type":"Point","coordinates":[9.1660937,51.7326039]},"properties":{"maxheight":"default"}},{"type":"Feature","geometry":{"type":"Point","coordinates":[9.1185071,51.6961171]},"properties":{"maxweight":"2.5"}},{"type":"Feature","geometry":{"type":"Point","coordinates":[9.1164256,51.6933993]},"properties":{"maxweight":"2.5"}},{"type":"Feature","geometry":{"type":"Point","coordinates":[9.1295076,51.6966915]},"properties":{"maxweight":"2.5"}},{"type":"Feature","geometry":{"type":"Point","coordinates":[9.1389077,51.6963173]},"properties":{"maxweight":"2.5"}},{"type":"Feature","geometry":{"type":"Point","coordinates":[9.1432681,51.4891816]},"properties":{"hgv":"destination"}},{"type":"Feature","geometry":{"type":"Point","coordinates":[9.1233394,51.1324666]},"properties":{"maxheight":"default"}},{"type":"Feature","geometry":{"type":"Point","coordinates":[9.1234276,51.1324917]},"properties":{"maxheight":"default"}},{"type":"Feature","geometry":{"type":"Point","coordinates":[9.1234729,51.1325599]},"properties":{"maxheight":"default"}},{"type":"Feature","geometry":{"type":"Point","coordinates":[9.2759128,51.9770632]},"properties":{"maxweight":"7.5"}},{"type":"Feature","geometry":{"type":"Point","coordinates":[9.5658538,51.9017114]},"properties":{"hgv":"agricultural"}},{"type":"Feature","geometry":{"type":"Point","coordinates":[9.5803976,51.8906259]},"properties":{"hgv":"no"}},{"type":"Feature","geometry":{"type":"Point","coordinates":[9.4792616,51.8821279]},"properties":{"hgv":"agricultural;forestry"}},{"type":"Feature","geometry":{"type":"Point","coordinates":[9.45178,51.6405826]},"properties":{"hgv":"destination"}},{"type":"Feature","geometry":{"type":"Point","coordinates":[9.0010793,51.8714666]},"properties":{"hgv":"destination"}},{"type":"Feature","geometry":{"type":"Point","coordinates":[9.4793397,51.8904501]},"properties":{"hgv":"agricultural;forestry"}},{"type":"Feature","geometry":{"type":"Point","coordinates":[9.4812777,51.8910045]},"properties":{"hgv":"agricultural;forestry"}},{"type":"Feature","geometry":{"type":"Point","coordinates":[9.4931327,51.0886451]},"properties":{"hgv":"destination"}},{"type":"Feature","geometry":{"type":"Point","coordinates":[9.742211,51.5816699]},"properties":{"hgv":"agricultural"}},{"type":"Feature","geometry":{"type":"Point","coordinates":[9.720532,51.1384323]},"properties":{"maxweight":"16"}},{"type":"Feature","geometry":{"type":"Point","coordinates":[9.461861,51.3092553]},"properties":{"maxheight":"below_default"}},{"type":"Feature","geometry":{"type":"Point","coordinates":[9.4618796,51.3091923]},"properties":{"maxheight":"default"}},{"type":"Feature","geometry":{"type":"Point","coordinates":[9.4621467,51.3091251]},"properties":{"maxheight":"default"}},{"type":"Feature","geometry":{"type":"Point","coordinates":[9.5404649,51.6565094]},"properties":{"maxweight":"9"}},{"type":"Feature","geometry":{"type":"Point","coordinates":[9.0904214,51.8894985]},"properties":{"maxheight":"default"}},{"type":"Feature","geometry":{"type":"Point","coordinates":[9.0900506,51.8894712]},"properties":{"maxheight":"default"}},{"type":"Feature","geometry":{"type":"Point","coordinates":[9.2730087,51.0491044]},"properties":{"maxheight":"3.8"}},{"type":"Feature","geometry":{"type":"Point","coordinates":[9.5184625,51.5724485]},"properties":{"maxweight":"2"}},{"type":"Feature","geometry":{"type":"Point","coordinates":[9.5193063,51.5721097]},"properties":{"maxweight":"3"}},{"type":"Feature","geometry":{"type":"Point","coordinates":[9.9240732,51.5339652]},"properties":{"maxheight":"4"}},{"type":"Feature","geometry":{"type":"Point","coordinates":[9.4812678,51.2036259]},"properties":{"hgv":"no"}},{"type":"Feature","geometry":{"type":"Point","coordinates":[9.522322,51.0414297]},"properties":{"maxweight":"10"}},{"type":"Feature","geometry":{"type":"Point","coordinates":[9.2464243,51.3823754]},"properties":{"hgv":"designated"}},{"type":"Feature","geometry":{"type":"Point","coordinates":[9.2467444,51.3825938]},"properties":{"hgv":"designated"}},{"type":"Feature","geometry":{"type":"Point","coordinates":[9.9024917,51.5212302]},"properties":{"hgv":"no"}},{"type":"Feature","geometry":{"type":"Point","coordinates":[9.0350601,51.5256387]},"properties":{"hgv":"destination"}},{"type":"Feature","geometry":{"type":"Point","coordinates":[9.4407769,51.2112966]},"properties":{"hgv":"no","maxwidth":"2.2"}},{"type":"Feature","geometry":{"type":"Point","coordinates":[9.5383284,51.6576522]},"properties":{"maxweight":"9"}},{"type":"Feature","geometry":{"type":"Point","coordinates":[9.9239394,51.5558915]},"properties":{"maxheight":"default"}},{"type":"Feature","geometry":{"type":"Point","coordinates":[9.9199005,51.5657479]},"properties":{"maxheight":"default"}},{"type":"Feature","geometry":{"type":"Point","coordinates":[9.9202106,51.568259]},"properties":{"maxheight":"default"}},{"type":"Feature","geometry":{"type":"Point","coordinates":[9.9200032,51.5681618]},"properties":{"maxheight":"default"}},{"type":"Feature","geometry":{"type":"Point","coordinates":[9.8278565,51.584688]},"properties":{"maxweight":"7.5 t"}},{"type":"Feature","geometry":{"type":"Point","coordinates":[9.8347891,51.5866139]},"properties":{"maxwidth":"2.2 m"}},{"type":"Feature","geometry":{"type":"Point","coordinates":[9.8058358,51.5830343]},"properties":{"hgv":"destination"}},{"type":"Feature","geometry":{"type":"Point","coordinates":[9.8058197,51.5836904]},"properties":{"hgv":"destination"}},{"type":"Feature","geometry":{"type":"Point","coordinates":[9.8075951,51.5857195]},"properties":{"hgv":"destination"}},{"type":"Feature","geometry":{"type":"Point","coordinates":[9.8085171,51.5865117]},"properties":{"hgv":"destination"}},{"type":"Feature","geometry":{"type":"Point","coordinates":[9.8087098,51.5866019]},"properties":{"hgv":"destination"}},{"type":"Feature","geometry":{"type":"Point","coordinates":[9.8091501,51.5865162]},"properties":{"hgv":"destination"}},{"type":"Feature","geometry":{"type":"Point","coordinates":[9.8087773,51.5865177]},"properties":{"hgv":"destination"}},{"type":"Feature","geometry":{"type":"Point","coordinates":[9.8091308,51.5867141]},"properties":{"hgv":"destination"}},{"type":"Feature","geometry":{"type":"Point","coordinates":[9.8097025,51.5881362]},"properties":{"hgv":"destination"}},{"type":"Feature","geometry":{"type":"Point","coordinates":[9.9051919,51.6049554]},"properties":{"hgv":"designated"}},{"type":"Feature","geometry":{"type":"Point","coordinates":[9.9056481,51.6064181]},"properties":{"hgv":"designated"}},{"type":"Feature","geometry":{"type":"Point","coordinates":[9.9052473,51.6054529]},"properties":{"hgv":"designated"}},{"type":"Feature","geometry":{"type":"Point","coordinates":[9.9059261,51.6030192]},"properties":{"hgv":"designated"}},{"type":"Feature","geometry":{"type":"Point","coordinates":[9.9058038,51.6037382]},"properties":{"hgv":"designated"}},{"type":"Feature","geometry":{"type":"Point","coordinates":[9.8755362,51.5868406]},"properties":{"maxweight":"1.5 t"}},{"type":"Feature","geometry":{"type":"Point","coordinates":[9.875268,51.5867706]},"properties":{"maxweight":"1.5 t"}},{"type":"Feature","geometry":{"type":"Point","coordinates":[9.8829235,51.5912863]},"properties":{"maxheight":"2.2 m"}},{"type":"Feature","geometry":{"type":"Point","coordinates":[9.919903,51.5673826]},"properties":{"maxheight":"default"}},{"type":"Feature","geometry":{"type":"Point","coordinates":[9.993778,51.7044734]},"properties":{"maxweight":"12 t"}},{"type":"Feature","geometry":{"type":"Point","coordinates":[9.0609739,51.8923704]},"properties":{"maxweight":"7"}},{"type":"Feature","geometry":{"type":"Point","coordinates":[9.0607076,51.8928605]},"properties":{"maxweight":"7"}},{"type":"Feature","geometry":{"type":"Point","coordinates":[9.4059644,51.032332]},"properties":{"maxheight":"2"}},{"type":"Feature","geometry":{"type":"Point","coordinates":[9.4059078,51.0324065]},"properties":{"maxheight":"2"}},{"type":"Feature","geometry":{"type":"Point","coordinates":[9.405918,51.0324284]},"properties":{"maxheight":"2"}},{"type":"Feature","geometry":{"type":"Point","coordinates":[9.5659898,51.3211842]},"properties":{"maxheight":"default"}},{"type":"Feature","geometry":{"type":"Point","coordinates":[9.085312,51.9356359]},"properties":{"maxheight":"default"}},{"type":"Feature","geometry":{"type":"Point","coordinates":[9.0724677,51.9425399]},"properties":{"maxheight":"default"}},{"type":"Feature","geometry":{"type":"Point","coordinates":[9.0077486,51.9807864]},"properties":{"maxheight":"default"}},{"type":"Feature","geometry":{"type":"Point","coordinates":[9.006704,51.9813292]},"properties":{"maxheight":"default"}},{"type":"Feature","geometry":{"type":"Point","coordinates":[9.9343201,51.5350821]},"properties":{"maxheight":"3"}},{"type":"Feature","geometry":{"type":"Point","coordinates":[9.9381893,51.5302902]},"properties":{"maxweight":"7.5"}},{"type":"Feature","geometry":{"type":"Point","coordinates":[9.0162717,51.3799738]},"properties":{"hgv":"delivery"}},{"type":"Feature","geometry":{"type":"Point","coordinates":[9.0099691,51.3820348]},"properties":{"hgv":"no"}},{"type":"Feature","geometry":{"type":"Point","coordinates":[9.8939508,51.5485276]},"properties":{"maxheight":"2.5 m"}},{"type":"Feature","geometry":{"type":"Point","coordinates":[9.0443977,51.9513952]},"properties":{"maxweight":"6"}},{"type":"Feature","geometry":{"type":"Point","coordinates":[9.0443086,51.9510912]},"properties":{"maxweight":"6"}},{"type":"Feature","geometry":{"type":"Point","coordinates":[9.9311117,51.5436279]},"properties":{"maxheight":"2.3 m"}},{"type":"Feature","geometry":{"type":"Point","coordinates":[9.9371204,51.5410578]},"properties":{"maxheight":"3.25 m"}},{"type":"Feature","geometry":{"type":"Point","coordinates":[9.9371837,51.5412934]},"properties":{"maxheight":"3.25 m"}},{"type":"Feature","geometry":{"type":"Point","coordinates":[9.3782262,51.6653633]},"properties":{"maxweight":"2.5"}},{"type":"Feature","geometry":{"type":"Point","coordinates":[9.3775017,51.6652197]},"properties":{"maxweight":"2.5"}},{"type":"Feature","geometry":{"type":"Point","coordinates":[9.7438727,51.6842805]},"properties":{"maxweight":"3.5"}},{"type":"Feature","geometry":{"type":"Point","coordinates":[9.7438356,51.6842773]},"properties":{"maxweight":"3.5"}},{"type":"Feature","geometry":{"type":"Point","coordinates":[9.7439161,51.6849543]},"properties":{"maxweight":"3.5"}},{"type":"Feature","geometry":{"type":"Point","coordinates":[9.7440393,51.6849418]},"properties":{"maxweight":"3.5"}},{"type":"Feature","geometry":{"type":"Point","coordinates":[9.9338216,51.5607481]},"properties":{"maxwidth":"2","maxweight":"2.8"}},{"type":"Feature","geometry":{"type":"Point","coordinates":[9.2794165,51.3566519]},"properties":{"maxheight":"2.1"}},{"type":"Feature","geometry":{"type":"Point","coordinates":[9.9923266,51.7096384]},"properties":{"maxheight":"default"}},{"type":"Feature","geometry":{"type":"Point","coordinates":[9.9923186,51.7098182]},"properties":{"maxheight":"default"}},{"type":"Feature","geometry":{"type":"Point","coordinates":[9.8667086,51.5488186]},"properties":{"hgv":"no"}},{"type":"Feature","geometry":{"type":"Point","coordinates":[9.4908975,51.2527041]},"properties":{"maxheight":"default"}},{"type":"Feature","geometry":{"type":"Point","coordinates":[9.1189976,51.6988472]},"properties":{"maxweight":"2.5"}},{"type":"Feature","geometry":{"type":"Point","coordinates":[9.1188505,51.6974584]},"properties":{"maxweight":"2.5"}},{"type":"Feature","geometry":{"type":"Point","coordinates":[9.4790733,51.3211097]},"properties":{"maxheight":"2.5","maxwidth":"2"}},{"type":"Feature","geometry":{"type":"Point","coordinates":[9.4829664,51.3266118]},"properties":{"hgv":"no"}},{"type":"Feature","geometry":{"type":"Point","coordinates":[9.484828,51.3291683]},"properties":{"hgv":"no"}},{"type":"Feature","geometry":{"type":"Point","coordinates":[9.4857327,51.3282255]},"properties":{"hgv":"no"}},{"type":"Feature","geometry":{"type":"Point","coordinates":[9.4207603,51.6269605]},"properties":{"maxweight":"5"}},{"type":"Feature","geometry":{"type":"Point","coordinates":[9.4494646,51.5916275]},"properties":{"maxweight":"2"}},{"type":"Feature","geometry":{"type":"Point","coordinates":[9.4499131,51.5911793]},"properties":{"maxweight":"2"}},{"type":"Feature","geometry":{"type":"Point","coordinates":[9.8637766,51.512068]},"properties":{"hgv":"agricultural"}},{"type":"Feature","geometry":{"type":"Point","coordinates":[9.7181567,51.4599173]},"properties":{"maxweight":"2 t"}},{"type":"Feature","geometry":{"type":"Point","coordinates":[9.9291558,51.5414308]},"properties":{"maxheight":"3.5"}},{"type":"Feature","geometry":{"type":"Point","coordinates":[9.7366407,51.4607639]},"properties":{"maxweight":"3.5"}},{"type":"Feature","geometry":{"type":"Point","coordinates":[9.7268233,51.4576744]},"properties":{"hgv":"destination"}},{"type":"Feature","geometry":{"type":"Point","coordinates":[9.7199669,51.4570071]},"properties":{"hgv":"destination"}},{"type":"Feature","geometry":{"type":"Point","coordinates":[9.7141815,51.5056285]},"properties":{"maxweightrating:hgv":"7.5"}},{"type":"Feature","geometry":{"type":"Point","coordinates":[9.7142502,51.4267699]},"properties":{"maxweightrating":"7.5"}},{"type":"Feature","geometry":{"type":"Point","coordinates":[9.7550587,51.4405702]},"properties":{"maxweightrating":"7.5"}},{"type":"Feature","geometry":{"type":"Point","coordinates":[9.7149093,51.4272376]},"properties":{"maxweightrating":"7.5"}},{"type":"Feature","geometry":{"type":"Point","coordinates":[9.7161792,51.4281611]},"properties":{"maxweightrating":"7.5"}},{"type":"Feature","geometry":{"type":"Point","coordinates":[9.9376669,51.5302786]},"properties":{"maxweight":"7.5"}},{"type":"Feature","geometry":{"type":"Point","coordinates":[9.424582,51.2276417]},"properties":{"maxheight":"4"}},{"type":"Feature","geometry":{"type":"Point","coordinates":[9.4558535,51.3392102]},"properties":{"maxweight":"3.5"}},{"type":"Feature","geometry":{"type":"Point","coordinates":[9.4624935,51.3638489]},"properties":{"maxheight":"4"}},{"type":"Feature","geometry":{"type":"Point","coordinates":[9.6197583,51.6306059]},"properties":{"maxheight":"2.6"}},{"type":"Feature","geometry":{"type":"Point","coordinates":[9.6196936,51.6307159]},"properties":{"maxheight":"2.6"}},{"type":"Feature","geometry":{"type":"Point","coordinates":[9.0349851,51.5814962]},"properties":{"maxheight":"4"}},{"type":"Feature","geometry":{"type":"Point","coordinates":[9.6306755,51.6555799]},"properties":{"maxheight":"4"}},{"type":"Feature","geometry":{"type":"Point","coordinates":[9.1188292,51.8091171]},"properties":{"maxheight":"4"}},{"type":"Feature","geometry":{"type":"Point","coordinates":[9.405238,51.0348592]},"properties":{"hgv":"no","goods":"no"}},{"type":"Feature","geometry":{"type":"Point","coordinates":[9.6066448,51.4984487]},"properties":{"maxweight":"16 t"}},{"type":"Feature","geometry":{"type":"Point","coordinates":[9.4250243,51.1350384]},"properties":{"hgv":"delivery;motorhome"}},{"type":"Feature","geometry":{"type":"Point","coordinates":[9.480383,51.2925678]},"properties":{"maxheight":"below_default"}},{"type":"Feature","geometry":{"type":"Point","coordinates":[9.5184301,51.2676759]},"properties":{"hgv":"no"}},{"type":"Feature","geometry":{"type":"Point","coordinates":[9.5213243,51.267872]},"properties":{"hgv":"no"}},{"type":"Feature","geometry":{"type":"Point","coordinates":[9.522182,51.2690741]},"properties":{"hgv":"designated"}},{"type":"Feature","geometry":{"type":"Point","coordinates":[9.8966636,51.5349787]},"properties":{"maxheight":"2.2 m"}},{"type":"Feature","geometry":{"type":"Point","coordinates":[9.5006629,51.3196537]},"properties":{"maxheight":"3.25"}},{"type":"Feature","geometry":{"type":"Point","coordinates":[9.4792856,51.8876245]},"properties":{"hgv":"agricultural;forestry"}},{"type":"Feature","geometry":{"type":"Point","coordinates":[9.4842385,51.3171232]},"properties":{"maxheight":"default"}},{"type":"Feature","geometry":{"type":"Point","coordinates":[9.7670438,51.9612347]},"properties":{"hgv":"no"}},{"type":"Feature","geometry":{"type":"Point","coordinates":[9.4670859,51.3243432]},"properties":{"maxheight":"default"}},{"type":"Feature","geometry":{"type":"Point","coordinates":[9.4392431,51.648906]},"properties":{"maxwidth":"2"}},{"type":"Feature","geometry":{"type":"Point","coordinates":[9.9537615,51.5463696]},"properties":{"maxweight":"3.5"}},{"type":"Feature","geometry":{"type":"Point","coordinates":[9.633875,51.8788736]},"properties":{"maxheight":"3.9"}},{"type":"Feature","geometry":{"type":"Point","coordinates":[9.9423512,51.3828352]},"properties":{"maxweightrating:hgv":"7.5"}},{"type":"Feature","geometry":{"type":"Point","coordinates":[9.9372652,51.3920768]},"properties":{"maxweightrating:hgv":"7.5"}},{"type":"Feature","geometry":{"type":"Point","coordinates":[9.9373118,51.3916973]},"properties":{"maxweightrating:hgv":"7.5"}},{"type":"Feature","geometry":{"type":"Point","coordinates":[9.9407696,51.3855032]},"properties":{"maxweightrating:hgv":"7.5"}},{"type":"Feature","geometry":{"type":"Point","coordinates":[9.937465,51.3910337]},"properties":{"maxweightrating:hgv":"7.5"}},{"type":"Feature","geometry":{"type":"Point","coordinates":[9.9413097,51.3847557]},"properties":{"maxweightrating:hgv":"7.5"}},{"type":"Feature","geometry":{"type":"Point","coordinates":[9.7340488,51.5825957]},"properties":{"hgv":"agricultural"}},{"type":"Feature","geometry":{"type":"Point","coordinates":[9.8871188,51.5095861]},"properties":{"hgv":"agricultural"}},{"type":"Feature","geometry":{"type":"Point","coordinates":[9.3751272,51.6695131]},"properties":{"hgv":"delivery"}},{"type":"Feature","geometry":{"type":"Point","coordinates":[9.3754008,51.6699066]},"properties":{"hgv":"delivery"}},{"type":"Feature","geometry":{"type":"Point","coordinates":[9.3829069,51.6714014]},"properties":{"hgv":"destination"}},{"type":"Feature","geometry":{"type":"Point","coordinates":[9.4947592,51.7970087]},"properties":{"hgv":"no","goods":"no"}},{"type":"Feature","geometry":{"type":"Point","coordinates":[9.6105691,51.5909648]},"properties":{"maxweight":"3.5"}},{"type":"Feature","geometry":{"type":"Point","coordinates":[9.6120449,51.5931754]},"properties":{"maxweight":"3.5"}},{"type":"Feature","geometry":{"type":"Point","coordinates":[9.7679552,51.0356261]},"properties":{"hgv":"no","maxweight":"12"}},{"type":"Feature","geometry":{"type":"Point","coordinates":[9.7672978,51.035465]},"properties":{"hgv":"no","maxweight":"12"}},{"type":"Feature","geometry":{"type":"Point","coordinates":[9.9456009,51.53548]},"properties":{"maxweight":"3.8 t"}},{"type":"Feature","geometry":{"type":"Point","coordinates":[9.3766576,51.6656961]},"properties":{"maxheight":"3.85","maxweight":"2.5"}},{"type":"Feature","geometry":{"type":"Point","coordinates":[9.3766314,51.6657005]},"properties":{"maxweight":"2.5"}},{"type":"Feature","geometry":{"type":"Point","coordinates":[9.1552512,51.9238756]},"properties":{"hgv":"destination"}},{"type":"Feature","geometry":{"type":"Point","coordinates":[9.1440607,51.9107445]},"properties":{"maxweight":"1.5"}},{"type":"Feature","geometry":{"type":"Point","coordinates":[9.1445017,51.9106355]},"properties":{"maxweight":"1.5"}},{"type":"Feature","geometry":{"type":"Point","coordinates":[9.4597507,51.6264879]},"properties":{"maxweight":"7.5"}},{"type":"Feature","geometry":{"type":"Point","coordinates":[9.4619373,51.6277302]},"properties":{"maxweight":"7.5"}},{"type":"Feature","geometry":{"type":"Point","coordinates":[9.079056,51.9636267]},"properties":{"hgv":"destination"}},{"type":"Feature","geometry":{"type":"Point","coordinates":[9.0853178,51.9616068]},"properties":{"hgv":"destination"}},{"type":"Feature","geometry":{"type":"Point","coordinates":[9.0903331,51.7158702]},"properties":{"maxheight":"3.3 m"}},{"type":"Feature","geometry":{"type":"Point","coordinates":[9.0890679,51.9405119]},"properties":{"hgv":"no"}},{"type":"Feature","geometry":{"type":"Point","coordinates":[9.0891363,51.9403701]},"properties":{"hgv":"no"}},{"type":"Feature","geometry":{"type":"Point","coordinates":[9.0892232,51.9404582]},"properties":{"hgv":"no"}},{"type":"Feature","geometry":{"type":"Point","coordinates":[9.0891393,51.9405658]},"properties":{"hgv":"no"}},{"type":"Feature","geometry":{"type":"Point","coordinates":[9.0596612,51.894204]},"properties":{"maxweight":"7"}},{"type":"Feature","geometry":{"type":"Point","coordinates":[9.0597809,51.89402]},"properties":{"maxweight":"7"}},{"type":"Feature","geometry":{"type":"Point","coordinates":[9.0598162,51.8941127]},"properties":{"maxweight":"7"}},{"type":"Feature","geometry":{"type":"Point","coordinates":[9.9026141,51.4439934]},"properties":{"hgv":"destination"}},{"type":"Feature","geometry":{"type":"Point","coordinates":[9.9035706,51.4440032]},"properties":{"hgv":"destination"}},{"type":"Feature","geometry":{"type":"Point","coordinates":[9.9061503,51.4429443]},"properties":{"hgv":"no","maxweight":"5.5"}},{"type":"Feature","geometry":{"type":"Point","coordinates":[9.9062028,51.4428646]},"properties":{"hgv":"no","maxweight":"5.5"}},{"type":"Feature","geometry":{"type":"Point","coordinates":[9.9077106,51.4452503]},"properties":{"maxweightrating:hgv":"3.5 t"}},{"type":"Feature","geometry":{"type":"Point","coordinates":[9.9064051,51.4454349]},"properties":{"maxweightrating:hgv":"3.5 t"}},{"type":"Feature","geometry":{"type":"Point","coordinates":[9.9071861,51.4456392]},"properties":{"maxweightrating:hgv":"3.5 t"}},{"type":"Feature","geometry":{"type":"Point","coordinates":[9.9076675,51.4453058]},"properties":{"maxweightrating:hgv":"3.5 t"}},{"type":"Feature","geometry":{"type":"Point","coordinates":[9.7667522,51.3887997]},"properties":{"hgv":"no"}},{"type":"Feature","geometry":{"type":"Point","coordinates":[9.1008155,51.897024]},"properties":{"maxheight":"3"}},{"type":"Feature","geometry":{"type":"Point","coordinates":[9.1016408,51.8969397]},"properties":{"maxheight":"3"}},{"type":"Feature","geometry":{"type":"Point","coordinates":[9.9367925,51.5357102]},"properties":{"maxheight":"1.9 m"}},{"type":"Feature","geometry":{"type":"Point","coordinates":[9.8590121,51.3405758]},"properties":{"maxweight":"12"}},{"type":"Feature","geometry":{"type":"Point","coordinates":[9.3837395,51.7764709]},"properties":{"maxheight":"2.5"}},{"type":"Feature","geometry":{"type":"Point","coordinates":[9.8080965,51.6341894]},"properties":{"maxweight":"16 t"}},{"type":"Feature","geometry":{"type":"Point","coordinates":[9.0222623,51.7587249]},"properties":{"maxheight":"3.6"}},{"type":"Feature","geometry":{"type":"Point","coordinates":[9.1156424,51.4093391]},"properties":{"maxweight":"7.5 t"}},{"type":"Feature","geometry":{"type":"Point","coordinates":[9.4004512,51.033521]},"properties":{"maxheight":"3","maxweight":"3.5"}},{"type":"Feature","geometry":{"type":"Point","coordinates":[9.4644754,51.3459516]},"properties":{"hgv":"no"}},{"type":"Feature","geometry":{"type":"Point","coordinates":[9.9879451,51.7049401]},"properties":{"maxheight":"4"}},{"type":"Feature","geometry":{"type":"Point","coordinates":[9.6486036,51.4166335]},"properties":{"maxweight":"2.8"}},{"type":"Feature","geometry":{"type":"Point","coordinates":[9.6484461,51.416321]},"properties":{"maxweight":"2.8"}},{"type":"Feature","geometry":{"type":"Point","coordinates":[9.0638103,51.9415983]},"properties":{"maxweight":"7"}},{"type":"Feature","geometry":{"type":"Point","coordinates":[9.642009,51.4730615]},"properties":{"hgv":"yes"}},{"type":"Feature","geometry":{"type":"Point","coordinates":[9.8833173,51.5287218]},"properties":{"hgv":"no"}},{"type":"Feature","geometry":{"type":"Point","coordinates":[9.1878201,51.7187627]},"properties":{"maxweight":"12"}},{"type":"Feature","geometry":{"type":"Point","coordinates":[9.5349824,51.0344249]},"properties":{"maxweight":"1.5"}},{"type":"Feature","geometry":{"type":"Point","coordinates":[9.9023159,51.5176725]},"properties":{"hgv":"no"}},{"type":"Feature","geometry":{"type":"Point","coordinates":[9.0605496,51.8353202]},"properties":{"hgv":"yes"}},{"type":"Feature","geometry":{"type":"Point","coordinates":[9.0604939,51.8348335]},"properties":{"hgv":"yes"}},{"type":"Feature","geometry":{"type":"Point","coordinates":[9.0605529,51.8347232]},"properties":{"hgv":"yes"}},{"type":"Feature","geometry":{"type":"Point","coordinates":[9.7347273,51.5425992]},"properties":{"maxweight":"7.5 t"}},{"type":"Feature","geometry":{"type":"Point","coordinates":[9.7332287,51.5436013]},"properties":{"maxweight":"7.5 t"}},{"type":"Feature","geometry":{"type":"Point","coordinates":[9.6373218,51.937594]},"properties":{"hgv":"agricultural"}},{"type":"Feature","geometry":{"type":"Point","coordinates":[9.5191162,51.8749173]},"properties":{"hgv":"no","goods":"no"}},{"type":"Feature","geometry":{"type":"Point","coordinates":[9.0970449,51.861466]},"properties":{"maxweight":"3"}},{"type":"Feature","geometry":{"type":"Point","coordinates":[9.0329965,51.9198469]},"properties":{"hgv":"no"}},{"type":"Feature","geometry":{"type":"Point","coordinates":[9.0080927,51.8936935]},"properties":{"hgv":"yes"}},{"type":"Feature","geometry":{"type":"Point","coordinates":[9.008807,51.8931501]},"properties":{"hgv":"yes"}},{"type":"Feature","geometry":{"type":"Point","coordinates":[9.7316317,51.7098787]},"properties":{"hgv":"no"}},{"type":"Feature","geometry":{"type":"Point","coordinates":[9.824075,51.9952482]},"properties":{"maxweight":"7.5"}},{"type":"Feature","geometry":{"type":"Point","coordinates":[9.0219928,51.7978765]},"properties":{"maxweight":"7.5"}},{"type":"Feature","geometry":{"type":"Point","coordinates":[9.9332064,51.5484134]},"properties":{"maxheight":"below_default"}},{"type":"Feature","geometry":{"type":"Point","coordinates":[9.9063492,51.6067401]},"properties":{"hgv":"designated"}},{"type":"Feature","geometry":{"type":"Point","coordinates":[9.0244478,51.4707763]},"properties":{"maxheight":"default"}},{"type":"Feature","geometry":{"type":"Point","coordinates":[9.9639393,51.5534379]},"properties":{"maxweight":"3.5"}},{"type":"Feature","geometry":{"type":"Point","coordinates":[9.2653131,51.0252159]},"properties":{"maxweight":"12"}},{"type":"Feature","geometry":{"type":"Point","coordinates":[9.4251604,51.3188167]},"properties":{"maxweight":"3.5 t"}},{"type":"Feature","geometry":{"type":"Point","coordinates":[9.4244206,51.3183117]},"properties":{"maxweight":"3.5 t"}},{"type":"Feature","geometry":{"type":"Point","coordinates":[9.4091695,51.441387]},"properties":{"maxheight":"default"}},{"type":"Feature","geometry":{"type":"Point","coordinates":[9.5097591,51.3201199]},"properties":{"maxheight":"below_default"}},{"type":"Feature","geometry":{"type":"Point","coordinates":[9.8371457,51.5857528]},"properties":{"maxweight":"7.5"}},{"type":"Feature","geometry":{"type":"Point","coordinates":[9.7836843,51.596798]},"properties":{"maxweight":"12 t"}},{"type":"Feature","geometry":{"type":"Point","coordinates":[9.8834923,51.5288855]},"properties":{"hgv":"no"}},{"type":"Feature","geometry":{"type":"Point","coordinates":[9.8838287,51.5293266]},"properties":{"hgv":"no"}},{"type":"Feature","geometry":{"type":"Point","coordinates":[9.8840444,51.5292015]},"properties":{"hgv":"no"}},{"type":"Feature","geometry":{"type":"Point","coordinates":[9.8834859,51.5290979]},"properties":{"hgv":"no"}},{"type":"Feature","geometry":{"type":"Point","coordinates":[9.4774349,51.3189459]},"properties":{"maxwidth":"3.0"}},{"type":"Feature","geometry":{"type":"Point","coordinates":[9.4773577,51.3183688]},"properties":{"maxwidth":"3.0"}},{"type":"Feature","geometry":{"type":"Point","coordinates":[9.4772778,51.3184988]},"properties":{"maxwidth":"3.0"}},{"type":"Feature","geometry":{"type":"Point","coordinates":[9.4768669,51.3184432]},"properties":{"maxwidth":"3.0"}},{"type":"Feature","geometry":{"type":"Point","coordinates":[9.4767689,51.3181538]},"properties":{"maxwidth":"3.0"}},{"type":"Feature","geometry":{"type":"Point","coordinates":[9.4762173,51.3188841]},"properties":{"maxheight":"2.5"}},{"type":"Feature","geometry":{"type":"Point","coordinates":[9.4342671,51.3338484]},"properties":{"maxweight":"3.5"}},{"type":"Feature","geometry":{"type":"Point","coordinates":[9.2499101,51.968733]},"properties":{"hgv":"destination","maxweight":"7.5"}},{"type":"Feature","geometry":{"type":"Point","coordinates":[9.8487551,51.4385577]},"properties":{"maxweight":"15 t"}},{"type":"Feature","geometry":{"type":"Point","coordinates":[9.815663,51.4346407]},"properties":{"maxweightrating:hgv":"7.5 t"}},{"type":"Feature","geometry":{"type":"Point","coordinates":[9.8116659,51.4217414]},"properties":{"maxweight":"7.5 t"}},{"type":"Feature","geometry":{"type":"Point","coordinates":[9.8114162,51.4222168]},"properties":{"maxweight":"7.5 t"}},{"type":"Feature","geometry":{"type":"Point","coordinates":[9.8437706,51.4232666]},"properties":{"maxheight":"default"}},{"type":"Feature","geometry":{"type":"Point","coordinates":[9.7699987,51.9689432]},"properties":{"maxweight":"7.5"}},{"type":"Feature","geometry":{"type":"Point","coordinates":[9.8405903,51.4139294]},"properties":{"hgv":"destination"}},{"type":"Feature","geometry":{"type":"Point","coordinates":[9.8424619,51.420639]},"properties":{"hgv":"destination"}},{"type":"Feature","geometry":{"type":"Point","coordinates":[9.8374321,51.4270476]},"properties":{"hgv":"destination"}},{"type":"Feature","geometry":{"type":"Point","coordinates":[9.8361365,51.4265589]},"properties":{"hgv":"delivery"}},{"type":"Feature","geometry":{"type":"Point","coordinates":[9.8375435,51.4266161]},"properties":{"hgv":"destination"}},{"type":"Feature","geometry":{"type":"Point","coordinates":[9.8382112,51.4260667]},"properties":{"hgv":"destination"}},{"type":"Feature","geometry":{"type":"Point","coordinates":[9.8378234,51.4263374]},"properties":{"hgv":"destination"}},{"type":"Feature","geometry":{"type":"Point","coordinates":[9.9488226,51.3901414]},"properties":{"maxweight":"12 t"}},{"type":"Feature","geometry":{"type":"Point","coordinates":[9.8222333,51.4084486]},"properties":{"maxheight":"default"}},{"type":"Feature","geometry":{"type":"Point","coordinates":[9.45358,51.311711]},"properties":{"maxweight":"4"}},{"type":"Feature","geometry":{"type":"Point","coordinates":[9.1348225,51.7064196]},"properties":{"maxweight":"12 t"}},{"type":"Feature","geometry":{"type":"Point","coordinates":[9.1855702,51.707301]},"properties":{"maxweight":"12 t"}},{"type":"Feature","geometry":{"type":"Point","coordinates":[9.1796173,51.7115746]},"properties":{"maxheight":"3.8"}},{"type":"Feature","geometry":{"type":"Point","coordinates":[9.1797218,51.7114164]},"properties":{"maxheight":"3.8"}},{"type":"Feature","geometry":{"type":"Point","coordinates":[9.6580437,51.9357443]},"properties":{"hgv":"agricultural"}},{"type":"Feature","geometry":{"type":"Point","coordinates":[9.8950456,51.5171306]},"properties":{"hgv":"designated"}},{"type":"Feature","geometry":{"type":"Point","coordinates":[9.901979,51.5174932]},"properties":{"hgv":"designated"}},{"type":"Feature","geometry":{"type":"Point","coordinates":[9.4637761,51.4970774]},"properties":{"hgv":"destination"}},{"type":"Feature","geometry":{"type":"Point","coordinates":[9.4637565,51.4958513]},"properties":{"hgv":"destination"}},{"type":"Feature","geometry":{"type":"Point","coordinates":[9.4660501,51.4951303]},"properties":{"hgv":"destination"}},{"type":"Feature","geometry":{"type":"Point","coordinates":[9.202967,51.0048855]},"properties":{"maxheight":"default"}},{"type":"Feature","geometry":{"type":"Point","coordinates":[9.2014769,51.0019849]},"properties":{"maxheight":"default"}},{"type":"Feature","geometry":{"type":"Point","coordinates":[9.9755274,51.4100854]},"properties":{"maxweight":"12 t"}},{"type":"Feature","geometry":{"type":"Point","coordinates":[9.1381192,51.4054656]},"properties":{"maxweight":"100 kg"}},{"type":"Feature","geometry":{"type":"Point","coordinates":[9.8214879,51.9403024]},"properties":{"maxweight":"20"}},{"type":"Feature","geometry":{"type":"Point","coordinates":[9.4882258,51.3078759]},"properties":{"maxheight":"default"}},{"type":"Feature","geometry":{"type":"Point","coordinates":[9.9790623,51.5191316]},"properties":{"maxweight":"7.5 t"}},{"type":"Feature","geometry":{"type":"Point","coordinates":[9.6849096,51.810347]},"properties":{"maxweight":"3.5"}},{"type":"Feature","geometry":{"type":"Point","coordinates":[9.5413566,51.8767133]},"properties":{"maxweight":"3.5"}},{"type":"Feature","geometry":{"type":"Point","coordinates":[9.5389424,51.9823264]},"properties":{"maxweight":"2.5"}},{"type":"Feature","geometry":{"type":"Point","coordinates":[9.9996679,51.7012476]},"properties":{"maxweight":"5 t"}},{"type":"Feature","geometry":{"type":"Point","coordinates":[9.8840019,51.5290082]},"properties":{"hgv":"no"}},{"type":"Feature","geometry":{"type":"Point","coordinates":[9.1677026,51.8440992]},"properties":{"maxheight":"default"}},{"type":"Feature","geometry":{"type":"Point","coordinates":[9.9795985,51.518532]},"properties":{"maxweight":"7.5 t"}},{"type":"Feature","geometry":{"type":"Point","coordinates":[9.1234438,51.1211341]},"properties":{"maxheight":"3"}},{"type":"Feature","geometry":{"type":"Point","coordinates":[9.6903444,51.7816079]},"properties":{"maxweight":"7.5"}},{"type":"Feature","geometry":{"type":"Point","coordinates":[9.6863893,51.3971588]},"properties":{"maxweight":"7.5 t"}},{"type":"Feature","geometry":{"type":"Point","coordinates":[9.9368633,51.6383527]},"properties":{"maxweight":"30"}},{"type":"Feature","geometry":{"type":"Point","coordinates":[9.9358065,51.6385672]},"properties":{"maxweight":"30"}},{"type":"Feature","geometry":{"type":"Point","coordinates":[9.9637497,51.5403672]},"properties":{"maxweight":"3.5 t"}},{"type":"Feature","geometry":{"type":"Point","coordinates":[9.0967324,51.9433147]},"properties":{"maxweight":"5.5"}},{"type":"Feature","geometry":{"type":"Point","coordinates":[9.1466946,51.9343193]},"properties":{"hgv":"destination"}},{"type":"Feature","geometry":{"type":"Point","coordinates":[9.2216198,51.9650351]},"properties":{"maxweight":"7"}},{"type":"Feature","geometry":{"type":"Point","coordinates":[9.2247371,51.964925]},"properties":{"maxweight":"7"}},{"type":"Feature","geometry":{"type":"Point","coordinates":[9.2520162,51.9089842]},"properties":{"maxweight":"10"}},{"type":"Feature","geometry":{"type":"Point","coordinates":[9.9937753,51.6921593]},"properties":{"maxheight":"2 m"}},{"type":"Feature","geometry":{"type":"Point","coordinates":[9.9965761,51.7045321]},"properties":{"maxheight":"2.1 m"}},{"type":"Feature","geometry":{"type":"Point","coordinates":[9.9964259,51.7045065]},"properties":{"maxheight":"2.1 m"}},{"type":"Feature","geometry":{"type":"Point","coordinates":[9.7936813,51.7172059]},"properties":{"maxheight":"3.8 m"}},{"type":"Feature","geometry":{"type":"Point","coordinates":[9.7316747,51.7103585]},"properties":{"maxweight":"3.5 t"}},{"type":"Feature","geometry":{"type":"Point","coordinates":[9.873865,51.6997885]},"properties":{"maxweight":"7.5 t"}},{"type":"Feature","geometry":{"type":"Point","coordinates":[9.8737169,51.699653]},"properties":{"maxweight":"7.5 t"}},{"type":"Feature","geometry":{"type":"Point","coordinates":[9.8713497,51.6973262]},"properties":{"maxweight":"7.5 t"}},{"type":"Feature","geometry":{"type":"Point","coordinates":[9.8731668,51.6991352]},"properties":{"maxweight":"7.5 t"}},{"type":"Feature","geometry":{"type":"Point","coordinates":[9.8711941,51.6972285]},"properties":{"maxweight":"7.5 t"}},{"type":"Feature","geometry":{"type":"Point","coordinates":[9.4664533,51.3347047]},"properties":{"maxweight":"2.5"}},{"type":"Feature","geometry":{"type":"Point","coordinates":[9.9142313,51.5133045]},"properties":{"hgv":"no"}},{"type":"Feature","geometry":{"type":"Point","coordinates":[9.5980451,51.1431723]},"properties":{"maxweight":"5.5"}},{"type":"Feature","geometry":{"type":"Point","coordinates":[9.4465678,51.2118703]},"properties":{"hgv":"delivery"}},{"type":"Feature","geometry":{"type":"Point","coordinates":[9.4458547,51.2118254]},"properties":{"hgv":"no","maxheight":"2.8","maxwidth":"2.2"}},{"type":"Feature","geometry":{"type":"Point","coordinates":[9.4458892,51.2118568]},"properties":{"hgv":"no","maxheight":"2.8","maxwidth":"2.2"}},{"type":"Feature","geometry":{"type":"Point","coordinates":[9.4461335,51.2116633]},"properties":{"hgv":"delivery"}},{"type":"Feature","geometry":{"type":"Point","coordinates":[9.4462844,51.2117508]},"properties":{"hgv":"delivery"}},{"type":"Feature","geometry":{"type":"Point","coordinates":[9.4697996,51.2255839]},"properties":{"maxheight":"default"}},{"type":"Feature","geometry":{"type":"Point","coordinates":[9.5093553,51.3240614]},"properties":{"hgv":"no"}},{"type":"Feature","geometry":{"type":"Point","coordinates":[9.3887879,51.3665854]},"properties":{"maxheight":"4"}},{"type":"Feature","geometry":{"type":"Point","coordinates":[9.0459054,51.9501392]},"properties":{"maxweight":"6"}},{"type":"Feature","geometry":{"type":"Point","coordinates":[9.9071999,51.5372711]},"properties":{"maxweight":"7.5 t"}},{"type":"Feature","geometry":{"type":"Point","coordinates":[9.9072512,51.5372697]},"properties":{"maxweight":"7.5 t"}},{"type":"Feature","geometry":{"type":"Point","coordinates":[9.7846342,51.2375234]},"properties":{"goods":"yes"}},{"type":"Feature","geometry":{"type":"Point","coordinates":[9.4565572,51.3409572]},"properties":{"maxweight":"3.5"}},{"type":"Feature","geometry":{"type":"Point","coordinates":[9.5145461,51.3258461]},"properties":{"maxheight":"below_default"}},{"type":"Feature","geometry":{"type":"Point","coordinates":[9.4137318,51.1960074]},"properties":{"hgv":"delivery"}},{"type":"Feature","geometry":{"type":"Point","coordinates":[9.5271691,51.2721017]},"properties":{"maxheight":"default"}},{"type":"Feature","geometry":{"type":"Point","coordinates":[9.6608411,51.5395674]},"properties":{"hgv":"destination"}},{"type":"Feature","geometry":{"type":"Point","coordinates":[9.6935527,51.3969444]},"properties":{"maxheight":"default"}},{"type":"Feature","geometry":{"type":"Point","coordinates":[9.5176797,51.2685685]},"properties":{"maxheight":"default"}},{"type":"Feature","geometry":{"type":"Point","coordinates":[9.5170249,51.2674741]},"properties":{"maxheight":"default"}},{"type":"Feature","geometry":{"type":"Point","coordinates":[9.3059905,51.1158002]},"properties":{"maxheight":"default"}},{"type":"Feature","geometry":{"type":"Point","coordinates":[9.3065438,51.1156068]},"properties":{"maxheight":"default"}},{"type":"Feature","geometry":{"type":"Point","coordinates":[9.9846337,51.4661984]},"properties":{"maxweight":"3.5 t"}},{"type":"Feature","geometry":{"type":"Point","coordinates":[9.2450412,51.9541817]},"properties":{"hgv":"destination"}},{"type":"Feature","geometry":{"type":"Point","coordinates":[9.3756332,51.6649185]},"properties":{"maxheight":"2.5"}},{"type":"Feature","geometry":{"type":"Point","coordinates":[9.9239649,51.0634262]},"properties":{"maxheight":"2.9"}},{"type":"Feature","geometry":{"type":"Point","coordinates":[9.4576987,51.8380741]},"properties":{"hgv":"no"}},{"type":"Feature","geometry":{"type":"Point","coordinates":[9.6679299,51.4475018]},"properties":{"maxweight":"3 t"}},{"type":"Feature","geometry":{"type":"Point","coordinates":[9.4452329,51.1671794]},"properties":{"maxheight":"3.5"}},{"type":"Feature","geometry":{"type":"Point","coordinates":[9.9157268,51.3267901]},"properties":{"maxweight":"9"}},{"type":"Feature","geometry":{"type":"Point","coordinates":[9.6001439,51.3447287]},"properties":{"maxheight":"default"}},{"type":"Feature","geometry":{"type":"Point","coordinates":[9.9089212,51.6150956]},"properties":{"maxheight":"default"}},{"type":"Feature","geometry":{"type":"Point","coordinates":[9.1972783,51.5497609]},"properties":{"hgv":"agricultural"}},{"type":"Feature","geometry":{"type":"Point","coordinates":[9.682209,51.3986791]},"properties":{"maxheight":"default"}},{"type":"Feature","geometry":{"type":"Point","coordinates":[9.6668424,51.3943724]},"properties":{"maxheight":"default"}},{"type":"Feature","geometry":{"type":"Point","coordinates":[9.6646638,51.3914008]},"properties":{"maxheight":"default"}},{"type":"Feature","geometry":{"type":"Point","coordinates":[9.6707812,51.3966726]},"properties":{"maxheight":"default"}},{"type":"Feature","geometry":{"type":"Point","coordinates":[9.3214186,51.708399]},"properties":{"maxheight":"3.30 m"}},{"type":"Feature","geometry":{"type":"Point","coordinates":[9.1855429,51.7072731]},"properties":{"maxheight":"below_default"}},{"type":"Feature","geometry":{"type":"Point","coordinates":[9.9208535,51.5400224]},"properties":{"hgv":"destination"}},{"type":"Feature","geometry":{"type":"Point","coordinates":[9.2446088,51.8523902]},"properties":{"maxheight":"default"}},{"type":"Feature","geometry":{"type":"Point","coordinates":[9.4865739,51.3154325]},"properties":{"maxheight":"5"}},{"type":"Feature","geometry":{"type":"Point","coordinates":[9.5040375,51.2606915]},"properties":{"maxweight":"44"}},{"type":"Feature","geometry":{"type":"Point","coordinates":[9.4900059,51.259541]},"properties":{"maxweight":"44"}},{"type":"Feature","geometry":{"type":"Point","coordinates":[9.5071937,51.2608073]},"properties":{"maxweight":"44"}},{"type":"Feature","geometry":{"type":"Point","coordinates":[9.8595077,51.8629279]},"properties":{"maxweight":"3.5"}},{"type":"Feature","geometry":{"type":"Point","coordinates":[9.8595053,51.8631243]},"properties":{"maxweight":"3.5"}},{"type":"Feature","geometry":{"type":"Point","coordinates":[9.8593926,51.8627856]},"properties":{"maxweight":"3.5"}},{"type":"Feature","geometry":{"type":"Point","coordinates":[9.3193997,51.3245935]},"properties":{"goods":"no"}},{"type":"Feature","geometry":{"type":"Point","coordinates":[9.6016841,51.2865235]},"properties":{"hgv":"no"}},{"type":"Feature","geometry":{"type":"Point","coordinates":[9.1612309,51.490638]},"properties":{"maxweight":"5"}},{"type":"Feature","geometry":{"type":"Point","coordinates":[9.8209391,51.3307338]},"properties":{"maxwidth":"2.0"}},{"type":"Feature","geometry":{"type":"Point","coordinates":[9.5868965,51.8918054]},"properties":{"hgv":"no"}},{"type":"Feature","geometry":{"type":"Point","coordinates":[9.6079382,51.8851173]},"properties":{"hgv":"no"}},{"type":"Feature","geometry":{"type":"Point","coordinates":[9.5741712,51.8916704]},"properties":{"maxweight":"30"}},{"type":"Feature","geometry":{"type":"Point","coordinates":[9.5742469,51.8917227]},"properties":{"maxweight":"30"}},{"type":"Feature","geometry":{"type":"Point","coordinates":[9.4684588,51.3066508]},"properties":{"maxheight":"below_default"}},{"type":"Feature","geometry":{"type":"Point","coordinates":[9.5698894,51.6264421]},"properties":{"maxheight":"3.8"}},{"type":"Feature","geometry":{"type":"Point","coordinates":[9.570117,51.6265706]},"properties":{"maxheight":"3.8"}},{"type":"Feature","geometry":{"type":"Point","coordinates":[9.4910715,51.2524615]},"properties":{"maxheight":"default"}},{"type":"Feature","geometry":{"type":"Point","coordinates":[9.6535648,51.4186774]},"properties":{"hgv":"no"}},{"type":"Feature","geometry":{"type":"Point","coordinates":[9.584297,51.8920914]},"properties":{"hgv":"no"}},{"type":"Feature","geometry":{"type":"Point","coordinates":[9.5833997,51.8917631]},"properties":{"hgv":"no"}},{"type":"Feature","geometry":{"type":"Point","coordinates":[9.4442896,51.2607786]},"properties":{"hgv":"destination"}},{"type":"Feature","geometry":{"type":"Point","coordinates":[9.443251,51.2612461]},"properties":{"hgv":"destination"}},{"type":"Feature","geometry":{"type":"Point","coordinates":[9.168395,51.8441495]},"properties":{"maxheight":"default"}},{"type":"Feature","geometry":{"type":"Point","coordinates":[9.0850299,51.9405691]},"properties":{"hgv":"destination"}},{"type":"Feature","geometry":{"type":"Point","coordinates":[9.0850113,51.9409194]},"properties":{"hgv":"destination"}},{"type":"Feature","geometry":{"type":"Point","coordinates":[9.4494058,51.2122327]},"properties":{"hgv":"delivery"}},{"type":"Feature","geometry":{"type":"Point","coordinates":[9.347646,51.1743426]},"properties":{"hgv":"designated"}},{"type":"Feature","geometry":{"type":"Point","coordinates":[9.9442841,51.3138227]},"properties":{"hgv":"agricultural"}},{"type":"Feature","geometry":{"type":"Point","coordinates":[9.8831037,51.3417103]},"properties":{"maxweight":"3.5"}},{"type":"Feature","geometry":{"type":"Point","coordinates":[9.8818048,51.3477345]},"properties":{"maxweight":"3.5"}},{"type":"Feature","geometry":{"type":"Point","coordinates":[9.8821965,51.3446651]},"properties":{"maxweight":"3.5"}},{"type":"Feature","geometry":{"type":"Point","coordinates":[9.8817545,51.3478676]},"properties":{"maxweight":"3.5"}},{"type":"Feature","geometry":{"type":"Point","coordinates":[9.8818104,51.3476656]},"properties":{"maxweight":"3.5"}},{"type":"Feature","geometry":{"type":"Point","coordinates":[9.8818157,51.3476007]},"properties":{"maxweight":"3.5"}},{"type":"Feature","geometry":{"type":"Point","coordinates":[9.8568148,51.3446028]},"properties":{"maxweight":"12"}},{"type":"Feature","geometry":{"type":"Point","coordinates":[9.9269831,51.5655006]},"properties":{"hgv":"no"}},{"type":"Feature","geometry":{"type":"Point","coordinates":[9.5564702,51.6266855]},"properties":{"maxweight":"7.5"}},{"type":"Feature","geometry":{"type":"Point","coordinates":[9.4531254,51.644118]},"properties":{"maxweight":"24"}},{"type":"Feature","geometry":{"type":"Point","coordinates":[9.4500206,51.6413578]},"properties":{"hgv":"destination"}},{"type":"Feature","geometry":{"type":"Point","coordinates":[9.5282041,51.2753206]},"properties":{"maxheight":"default"}},{"type":"Feature","geometry":{"type":"Point","coordinates":[9.6129931,51.5027678]},"properties":{"maxweight":"7.5"}},{"type":"Feature","geometry":{"type":"Point","coordinates":[9.0160802,51.9721311]},"properties":{"maxweight":"3.5"}},{"type":"Feature","geometry":{"type":"Point","coordinates":[9.9123338,51.5818599]},"properties":{"maxheight":"default"}},{"type":"Feature","geometry":{"type":"Point","coordinates":[9.912152,51.5840023]},"properties":{"maxheight":"default"}},{"type":"Feature","geometry":{"type":"Point","coordinates":[9.5123915,51.2977147]},"properties":{"maxheight":"default"}},{"type":"Feature","geometry":{"type":"Point","coordinates":[9.0762071,51.8829028]},"properties":{"maxweight":"7"}},{"type":"Feature","geometry":{"type":"Point","coordinates":[9.8232428,51.9960211]},"properties":{"maxweight":"7.5"}},{"type":"Feature","geometry":{"type":"Point","coordinates":[9.6047839,51.4980466]},"properties":{"maxweight":"16"}},{"type":"Feature","geometry":{"type":"Point","coordinates":[9.0027037,51.5144951]},"properties":{"maxheight":"default"}},{"type":"Feature","geometry":{"type":"Point","coordinates":[9.0156587,51.6844326]},"properties":{"maxheight":"default"}},{"type":"Feature","geometry":{"type":"Point","coordinates":[9.8037323,51.9700352]},"properties":{"maxweight":"7.5"}},{"type":"Feature","geometry":{"type":"Point","coordinates":[9.389537,51.3096727]},"properties":{"maxweight":"7.5"}},{"type":"Feature","geometry":{"type":"Point","coordinates":[9.5106542,51.3238281]},"properties":{"hgv":"no"}},{"type":"Feature","geometry":{"type":"Point","coordinates":[9.691204,51.3619457]},"properties":{"maxweight":"7.5 t"}},{"type":"Feature","geometry":{"type":"Point","coordinates":[9.4496949,51.328248]},"properties":{"maxweight":"1.5"}},{"type":"Feature","geometry":{"type":"Point","coordinates":[9.4518693,51.3250828]},"properties":{"maxheight":"4"}},{"type":"Feature","geometry":{"type":"Point","coordinates":[9.4558913,51.3392561]},"properties":{"maxweight":"3.5"}},{"type":"Feature","geometry":{"type":"Point","coordinates":[9.4560046,51.3393772]},"properties":{"maxweight":"3.5"}},{"type":"Feature","geometry":{"type":"Point","coordinates":[9.6855014,51.3978956]},"properties":{"maxheight":"default"}},{"type":"Feature","geometry":{"type":"Point","coordinates":[9.0964278,51.9942783]},"properties":{"maxheight":"2.2"}},{"type":"Feature","geometry":{"type":"Point","coordinates":[9.4399113,51.3368109]},"properties":{"hgv":"no"}},{"type":"Feature","geometry":{"type":"Point","coordinates":[9.0606362,51.8929905]},"properties":{"maxweight":"7"}},{"type":"Feature","geometry":{"type":"Point","coordinates":[9.4921997,51.1984949]},"properties":{"maxheight":"default"}},{"type":"Feature","geometry":{"type":"Point","coordinates":[9.9100496,51.5739601]},"properties":{"maxheight":"4 m"}},{"type":"Feature","geometry":{"type":"Point","coordinates":[9.5440767,51.1241344]},"properties":{"maxheight":"3.2"}},{"type":"Feature","geometry":{"type":"Point","coordinates":[9.5500205,51.1298457]},"properties":{"maxheight":"4"}},{"type":"Feature","geometry":{"type":"Point","coordinates":[9.9074952,51.8316262]},"properties":{"hgv":"no","goods":"no"}},{"type":"Feature","geometry":{"type":"Point","coordinates":[9.4414292,51.4113171]},"properties":{"maxheight":"default","maxheight:physical":"4.6"}},{"type":"Feature","geometry":{"type":"Point","coordinates":[9.4354013,51.4273376]},"properties":{"maxheight":"default"}},{"type":"Feature","geometry":{"type":"Point","coordinates":[9.4340929,51.3906346]},"properties":{"maxheight":"default"}},{"type":"Feature","geometry":{"type":"Point","coordinates":[9.2266961,51.1613646]},"properties":{"maxweight":"7.5"}},{"type":"Feature","geometry":{"type":"Point","coordinates":[9.9230442,51.580318]},"properties":{"maxheight":"default"}},{"type":"Feature","geometry":{"type":"Point","coordinates":[9.9642107,51.6179799]},"properties":{"hgv":"no"}},{"type":"Feature","geometry":{"type":"Point","coordinates":[9.8085175,51.7837109]},"properties":{"hgv":"no"}},{"type":"Feature","geometry":{"type":"Point","coordinates":[9.2476797,51.9650413]},"properties":{"hgv":"destination","maxweight":"7.5"}},{"type":"Feature","geometry":{"type":"Point","coordinates":[9.2482328,51.96628]},"properties":{"hgv":"destination","maxweight":"7.5"}},{"type":"Feature","geometry":{"type":"Point","coordinates":[9.833526,51.8336269]},"properties":{"maxheight":"default"}},{"type":"Feature","geometry":{"type":"Point","coordinates":[9.6659733,51.446316]},"properties":{"maxlength":"13 m","maxweight":"9"}},{"type":"Feature","geometry":{"type":"Point","coordinates":[9.6636755,51.4434649]},"properties":{"maxweight":"9"}},{"type":"Feature","geometry":{"type":"Point","coordinates":[9.8651469,51.603502]},"properties":{"maxweight":"117.74MN"}},{"type":"Feature","geometry":{"type":"Point","coordinates":[9.7075407,51.40969]},"properties":{"hgv":"no"}},{"type":"Feature","geometry":{"type":"Point","coordinates":[9.8587472,51.8198505]},"properties":{"maxweight":"3.5"}},{"type":"Feature","geometry":{"type":"Point","coordinates":[9.8172885,51.8676154]},"properties":{"maxweight":"5"}},{"type":"Feature","geometry":{"type":"Point","coordinates":[9.6625051,51.4183598]},"properties":{"maxweight":"2.8"}},{"type":"Feature","geometry":{"type":"Point","coordinates":[9.499712,51.3309974]},"properties":{"maxheight":"3.9"}},{"type":"Feature","geometry":{"type":"Point","coordinates":[9.0137587,51.720317]},"properties":{"hgv":"no"}},{"type":"Feature","geometry":{"type":"Point","coordinates":[9.1069483,51.7107012]},"properties":{"maxheight":"default"}},{"type":"Feature","geometry":{"type":"Point","coordinates":[9.4493479,51.2761251]},"properties":{"maxweight":"3.5"}},{"type":"Feature","geometry":{"type":"Point","coordinates":[9.4496915,51.2764626]},"properties":{"maxweight":"3.5"}},{"type":"Feature","geometry":{"type":"Point","coordinates":[9.516619,51.2622697]},"properties":{"maxheight":"default"}},{"type":"Feature","geometry":{"type":"Point","coordinates":[9.9663551,51.6703985]},"properties":{"maxweight":"3.5 t"}},{"type":"Feature","geometry":{"type":"Point","coordinates":[9.9659169,51.6696277]},"properties":{"maxweight":"3.5 t"}},{"type":"Feature","geometry":{"type":"Point","coordinates":[9.5614708,51.3915745]},"properties":{"hgv":"destination"}},{"type":"Feature","geometry":{"type":"Point","coordinates":[9.5614656,51.3915232]},"properties":{"hgv":"destination"}},{"type":"Feature","geometry":{"type":"Point","coordinates":[9.150067,51.9137897]},"properties":{"maxheight":"default"}},{"type":"Feature","geometry":{"type":"Point","coordinates":[9.0979248,51.3390696]},"properties":{"maxheight":"default"}},{"type":"Feature","geometry":{"type":"Point","coordinates":[9.6281296,51.8875222]},"properties":{"hgv":"delivery"}},{"type":"Feature","geometry":{"type":"Point","coordinates":[9.540913,51.1261838]},"properties":{"maxheight":"4.2"}},{"type":"Feature","geometry":{"type":"Point","coordinates":[9.0154535,51.3789448]},"properties":{"hgv":"delivery"}},{"type":"Feature","geometry":{"type":"Point","coordinates":[9.0155318,51.3789032]},"properties":{"hgv":"delivery"}},{"type":"Feature","geometry":{"type":"Point","coordinates":[9.4400429,51.2510614]},"properties":{"maxweight":"6"}},{"type":"Feature","geometry":{"type":"Point","coordinates":[9.9644368,51.5538124]},"properties":{"maxweight":"3.5"}},{"type":"Feature","geometry":{"type":"Point","coordinates":[9.5100174,51.3121418]},"properties":{"maxheight":"2.25","maxwidth":"2.38"}},{"type":"Feature","geometry":{"type":"Point","coordinates":[9.5101029,51.3120716]},"properties":{"maxheight":"2.9"}},{"type":"Feature","geometry":{"type":"Point","coordinates":[9.1275564,51.4102529]},"properties":{"maxweight":"7.5"}},{"type":"Feature","geometry":{"type":"Point","coordinates":[9.9630743,51.8529175]},"properties":{"maxheight":"3.8"}},{"type":"Feature","geometry":{"type":"Point","coordinates":[9.4804965,51.2978115]},"properties":{"maxheight":"default"}},{"type":"Feature","geometry":{"type":"Point","coordinates":[9.8135477,51.643303]},"properties":{"maxweight":"2.8"}},{"type":"Feature","geometry":{"type":"Point","coordinates":[9.4731806,51.2267476]},"properties":{"maxweight":"16"}},{"type":"Feature","geometry":{"type":"Point","coordinates":[9.1189387,51.3711747]},"properties":{"hgv":"agricultural"}},{"type":"Feature","geometry":{"type":"Point","coordinates":[9.1387521,51.3789743]},"properties":{"hgv":"agricultural"}},{"type":"Feature","geometry":{"type":"Point","coordinates":[9.5045554,51.2872129]},"properties":{"maxheight":"default"}},{"type":"Feature","geometry":{"type":"Point","coordinates":[9.5017008,51.2872425]},"properties":{"maxheight":"default"}},{"type":"Feature","geometry":{"type":"Point","coordinates":[9.5334864,51.2847262]},"properties":{"hgv":"designated"}},{"type":"Feature","geometry":{"type":"Point","coordinates":[9.5364077,51.0829702]},"properties":{"maxheight":"3.6"}},{"type":"Feature","geometry":{"type":"Point","coordinates":[9.7035804,51.9914423]},"properties":{"maxweight":"7.5 t"}},{"type":"Feature","geometry":{"type":"Point","coordinates":[9.3738285,51.4928815]},"properties":{"hgv":"destination"}},{"type":"Feature","geometry":{"type":"Point","coordinates":[9.4077137,51.4935827]},"properties":{"maxheight":"default"}},{"type":"Feature","geometry":{"type":"Point","coordinates":[9.4074522,51.4917138]},"properties":{"maxheight":"default"}},{"type":"Feature","geometry":{"type":"Point","coordinates":[9.9271695,51.5325918]},"properties":{"maxweight":"2.8 t"}},{"type":"Feature","geometry":{"type":"Point","coordinates":[9.9784872,51.5472561]},"properties":{"maxweight":"3.5 t"}},{"type":"Feature","geometry":{"type":"Point","coordinates":[9.5178953,51.3198937]},"properties":{"maxheight":"default"}},{"type":"Feature","geometry":{"type":"Point","coordinates":[9.4937131,51.3183493]},"properties":{"maxheight":"below_default"}},{"type":"Feature","geometry":{"type":"Point","coordinates":[9.4933926,51.3183813]},"properties":{"maxheight":"below_default"}},{"type":"Feature","geometry":{"type":"Point","coordinates":[9.1497827,51.8509481]},"properties":{"hgv":"agricultural"}},{"type":"Feature","geometry":{"type":"Point","coordinates":[9.1716849,51.8623837]},"properties":{"hgv":"destination"}},{"type":"Feature","geometry":{"type":"Point","coordinates":[9.5137312,51.2773039]},"properties":{"hgv":"yes"}},{"type":"Feature","geometry":{"type":"Point","coordinates":[9.4945944,51.3189656]},"properties":{"maxheight":"below_default"}},{"type":"Feature","geometry":{"type":"Point","coordinates":[9.4937425,51.3187666]},"properties":{"maxheight":"below_default"}},{"type":"Feature","geometry":{"type":"Point","coordinates":[9.9267215,51.5181456]},"properties":{"maxheight":"3.8","maxheight:physical":"3.8"}},{"type":"Feature","geometry":{"type":"Point","coordinates":[9.3205355,51.8298767]},"properties":{"maxweight":"7.5"}},{"type":"Feature","geometry":{"type":"Point","coordinates":[9.6164361,51.1710195]},"properties":{"maxweight":"16"}},{"type":"Feature","geometry":{"type":"Point","coordinates":[9.6347708,51.1441848]},"properties":{"hgv":"agricultural;forestry"}},{"type":"Feature","geometry":{"type":"Point","coordinates":[9.6479234,51.1388159]},"properties":{"hgv":"agricultural;forestry"}},{"type":"Feature","geometry":{"type":"Point","coordinates":[9.2744803,51.1350564]},"properties":{"maxheight":"2.3"}},{"type":"Feature","geometry":{"type":"Point","coordinates":[9.6621593,51.4226731]},"properties":{"maxweight":"2.5"}},{"type":"Feature","geometry":{"type":"Point","coordinates":[9.2009713,51.0007496]},"properties":{"maxheight":"default"}},{"type":"Feature","geometry":{"type":"Point","coordinates":[9.0957139,51.3415107]},"properties":{"maxheight":"default"}},{"type":"Feature","geometry":{"type":"Point","coordinates":[9.9128171,51.5122663]},"properties":{"hgv":"destination"}},{"type":"Feature","geometry":{"type":"Point","coordinates":[9.9721661,51.5471784]},"properties":{"maxweight":"3.5 t"}},{"type":"Feature","geometry":{"type":"Point","coordinates":[9.6266766,51.3731868]},"properties":{"maxlength":"5"}},{"type":"Feature","geometry":{"type":"Point","coordinates":[9.6503037,51.4288341]},"properties":{"maxheight":"3.5 m"}},{"type":"Feature","geometry":{"type":"Point","coordinates":[9.4077075,51.4938699]},"properties":{"maxheight":"default"}},{"type":"Feature","geometry":{"type":"Point","coordinates":[9.4077109,51.4936602]},"properties":{"maxheight":"default"}},{"type":"Feature","geometry":{"type":"Point","coordinates":[9.0599292,51.8658285]},"properties":{"maxweight":"20"}},{"type":"Feature","geometry":{"type":"Point","coordinates":[9.5555037,51.1229113]},"properties":{"maxweight":"3.5"}},{"type":"Feature","geometry":{"type":"Point","coordinates":[9.4482036,51.8343602]},"properties":{"hgv":"no"}},{"type":"Feature","geometry":{"type":"Point","coordinates":[9.9286866,51.5316393]},"properties":{"maxheight":"default"}},{"type":"Feature","geometry":{"type":"Point","coordinates":[9.5263827,51.2942067]},"properties":{"hgv":"destination"}},{"type":"Feature","geometry":{"type":"Point","coordinates":[9.0794302,51.1132022]},"properties":{"maxweight":"7.5"}},{"type":"Feature","geometry":{"type":"Point","coordinates":[9.0795833,51.1131882]},"properties":{"maxweight":"7.5"}},{"type":"Feature","geometry":{"type":"Point","coordinates":[9.9831995,51.7145167]},"properties":{"maxheight":"default"}},{"type":"Feature","geometry":{"type":"Point","coordinates":[9.1538151,51.4882217]},"properties":{"maxheight":"2 m"}},{"type":"Feature","geometry":{"type":"Point","coordinates":[9.7127298,51.5015694]},"properties":{"maxweight":"7.5 t"}},{"type":"Feature","geometry":{"type":"Point","coordinates":[9.4631419,51.9816089]},"properties":{"maxweight":"2.5 t"}},{"type":"Feature","geometry":{"type":"Point","coordinates":[9.4631282,51.9816531]},"properties":{"maxweight":"2.5 t"}},{"type":"Feature","geometry":{"type":"Point","coordinates":[9.4630571,51.9816967]},"properties":{"maxweight":"2.5 t"}},{"type":"Feature","geometry":{"type":"Point","coordinates":[9.1323619,51.3761689]},"properties":{"hgv":"agricultural"}},{"type":"Feature","geometry":{"type":"Point","coordinates":[9.9242818,51.0720246]},"properties":{"maxheight":"3.3"}},{"type":"Feature","geometry":{"type":"Point","coordinates":[9.5178738,51.1696188]},"properties":{"hgv":"delivery;agricultural;forestry"}},{"type":"Feature","geometry":{"type":"Point","coordinates":[9.9317646,51.0745898]},"properties":{"maxheight":"3.4"}},{"type":"Feature","geometry":{"type":"Point","coordinates":[9.928805,51.068848]},"properties":{"maxheight":"3.3"}},{"type":"Feature","geometry":{"type":"Point","coordinates":[9.9493483,51.0958473]},"properties":{"maxheight":"3.9"}},{"type":"Feature","geometry":{"type":"Point","coordinates":[9.5076423,51.3267068]},"properties":{"maxweight":"12"}},{"type":"Feature","geometry":{"type":"Point","coordinates":[9.5084012,51.3258128]},"properties":{"maxweight":"12"}},{"type":"Feature","geometry":{"type":"Point","coordinates":[9.5573104,51.1235674]},"properties":{"maxweight":"3.5"}},{"type":"Feature","geometry":{"type":"Point","coordinates":[9.8124904,51.9768359]},"properties":{"maxheight":"7"}},{"type":"Feature","geometry":{"type":"Point","coordinates":[9.5549093,51.12269]},"properties":{"maxweight":"3.5"}},{"type":"Feature","geometry":{"type":"Point","coordinates":[9.6723436,51.1139289]},"properties":{"maxweight":"12"}},{"type":"Feature","geometry":{"type":"Point","coordinates":[9.672428,51.1140755]},"properties":{"maxweight":"12"}},{"type":"Feature","geometry":{"type":"Point","coordinates":[9.4879896,51.2866815]},"properties":{"maxheight":"default"}},{"type":"Feature","geometry":{"type":"Point","coordinates":[9.4879868,51.2865059]},"properties":{"maxheight":"default"}},{"type":"Feature","geometry":{"type":"Point","coordinates":[9.4828986,51.3297058]},"properties":{"hgv":"no"}},{"type":"Feature","geometry":{"type":"Point","coordinates":[9.4897794,51.3342471]},"properties":{"hgv":"no"}},{"type":"Feature","geometry":{"type":"Point","coordinates":[9.0398863,51.8802262]},"properties":{"hgv":"destination","maxweight":"7"}},{"type":"Feature","geometry":{"type":"Point","coordinates":[9.828053,51.9861546]},"properties":{"maxlength":"none"}},{"type":"Feature","geometry":{"type":"Point","coordinates":[9.4525436,51.6402619]},"properties":{"hgv":"destination"}},{"type":"Feature","geometry":{"type":"Point","coordinates":[9.5704481,51.9437654]},"properties":{"maxweight":"1.5"}},{"type":"Feature","geometry":{"type":"Point","coordinates":[9.6842085,51.3643737]},"properties":{"maxweight":"7.5 t"}},{"type":"Feature","geometry":{"type":"Point","coordinates":[9.630398,51.388489]},"properties":{"maxweight":"7.5 t"}},{"type":"Feature","geometry":{"type":"Point","coordinates":[9.6403293,51.3825334]},"properties":{"maxweight":"7.5 t"}},{"type":"Feature","geometry":{"type":"Point","coordinates":[9.5700193,51.3192826]},"properties":{"hgv":"yes"}},{"type":"Feature","geometry":{"type":"Point","coordinates":[9.5696582,51.3193558]},"properties":{"hgv":"yes"}},{"type":"Feature","geometry":{"type":"Point","coordinates":[9.569675,51.3193882]},"properties":{"hgv":"yes"}},{"type":"Feature","geometry":{"type":"Point","coordinates":[9.5692795,51.3195401]},"properties":{"hgv":"yes"}},{"type":"Feature","geometry":{"type":"Point","coordinates":[9.5692626,51.3195075]},"properties":{"hgv":"yes"}},{"type":"Feature","geometry":{"type":"Point","coordinates":[9.5692459,51.3194752]},"properties":{"hgv":"yes"}},{"type":"Feature","geometry":{"type":"Point","coordinates":[9.569229,51.3194428]},"properties":{"hgv":"yes"}},{"type":"Feature","geometry":{"type":"Point","coordinates":[9.6068585,51.3494428]},"properties":{"hgv":"yes"}},{"type":"Feature","geometry":{"type":"Point","coordinates":[9.6046498,51.3478594]},"properties":{"hgv":"yes"}},{"type":"Feature","geometry":{"type":"Point","coordinates":[9.6046882,51.3478972]},"properties":{"hgv":"yes"}},{"type":"Feature","geometry":{"type":"Point","coordinates":[9.6047265,51.3479349]},"properties":{"hgv":"yes"}},{"type":"Feature","geometry":{"type":"Point","coordinates":[9.6047648,51.3479727]},"properties":{"hgv":"yes"}},{"type":"Feature","geometry":{"type":"Point","coordinates":[9.6048031,51.3480104]},"properties":{"hgv":"yes"}},{"type":"Feature","geometry":{"type":"Point","coordinates":[9.6048414,51.3480482]},"properties":{"hgv":"yes"}},{"type":"Feature","geometry":{"type":"Point","coordinates":[9.6049181,51.3481237]},"properties":{"hgv":"yes"}},{"type":"Feature","geometry":{"type":"Point","coordinates":[9.604969,51.3481781]},"properties":{"hgv":"yes"}},{"type":"Feature","geometry":{"type":"Point","coordinates":[9.6050071,51.3482166]},"properties":{"hgv":"yes"}},{"type":"Feature","geometry":{"type":"Point","coordinates":[9.6050453,51.3482551]},"properties":{"hgv":"yes"}},{"type":"Feature","geometry":{"type":"Point","coordinates":[9.6050834,51.3482935]},"properties":{"hgv":"yes"}},{"type":"Feature","geometry":{"type":"Point","coordinates":[9.6051215,51.348332]},"properties":{"hgv":"yes"}},{"type":"Feature","geometry":{"type":"Point","coordinates":[9.6051597,51.3483705]},"properties":{"hgv":"yes"}},{"type":"Feature","geometry":{"type":"Point","coordinates":[9.6052359,51.3484474]},"properties":{"hgv":"yes"}},{"type":"Feature","geometry":{"type":"Point","coordinates":[9.605592,51.3488433]},"properties":{"hgv":"yes"}},{"type":"Feature","geometry":{"type":"Point","coordinates":[9.6056416,51.3488503]},"properties":{"hgv":"yes"}},{"type":"Feature","geometry":{"type":"Point","coordinates":[9.6056791,51.3488884]},"properties":{"hgv":"yes"}},{"type":"Feature","geometry":{"type":"Point","coordinates":[9.6057167,51.3489265]},"properties":{"hgv":"yes"}},{"type":"Feature","geometry":{"type":"Point","coordinates":[9.6057542,51.3489647]},"properties":{"hgv":"yes"}},{"type":"Feature","geometry":{"type":"Point","coordinates":[9.6057918,51.3490028]},"properties":{"hgv":"yes"}},{"type":"Feature","geometry":{"type":"Point","coordinates":[9.6058669,51.349079]},"properties":{"hgv":"yes"}},{"type":"Feature","geometry":{"type":"Point","coordinates":[9.6052889,51.3484956]},"properties":{"hgv":"yes"}},{"type":"Feature","geometry":{"type":"Point","coordinates":[9.6053272,51.3485337]},"properties":{"hgv":"yes"}},{"type":"Feature","geometry":{"type":"Point","coordinates":[9.6053655,51.3485718]},"properties":{"hgv":"yes"}},{"type":"Feature","geometry":{"type":"Point","coordinates":[9.6054038,51.3486099]},"properties":{"hgv":"yes"}},{"type":"Feature","geometry":{"type":"Point","coordinates":[9.6054421,51.348648]},"properties":{"hgv":"yes"}},{"type":"Feature","geometry":{"type":"Point","coordinates":[9.6054805,51.3486861]},"properties":{"hgv":"yes"}},{"type":"Feature","geometry":{"type":"Point","coordinates":[9.6055571,51.3487624]},"properties":{"hgv":"yes"}},{"type":"Feature","geometry":{"type":"Point","coordinates":[9.6058973,51.3491396]},"properties":{"hgv":"yes"}},{"type":"Feature","geometry":{"type":"Point","coordinates":[9.6058979,51.3494184]},"properties":{"hgv":"yes"}},{"type":"Feature","geometry":{"type":"Point","coordinates":[9.6059437,51.3494681]},"properties":{"hgv":"yes"}},{"type":"Feature","geometry":{"type":"Point","coordinates":[9.6059909,51.3495095]},"properties":{"hgv":"yes"}},{"type":"Feature","geometry":{"type":"Point","coordinates":[9.6061419,51.3493893]},"properties":{"hgv":"yes"}},{"type":"Feature","geometry":{"type":"Point","coordinates":[9.6061616,51.3496333]},"properties":{"hgv":"yes"}},{"type":"Feature","geometry":{"type":"Point","coordinates":[9.6062062,51.3496657]},"properties":{"hgv":"yes"}},{"type":"Feature","geometry":{"type":"Point","coordinates":[9.6062508,51.3496982]},"properties":{"hgv":"yes"}},{"type":"Feature","geometry":{"type":"Point","coordinates":[9.6065361,51.3499794]},"properties":{"hgv":"yes"}},{"type":"Feature","geometry":{"type":"Point","coordinates":[9.606496,51.3499342]},"properties":{"hgv":"yes"}},{"type":"Feature","geometry":{"type":"Point","coordinates":[9.606456,51.349889]},"properties":{"hgv":"yes"}},{"type":"Feature","geometry":{"type":"Point","coordinates":[9.6064159,51.3498437]},"properties":{"hgv":"yes"}},{"type":"Feature","geometry":{"type":"Point","coordinates":[9.4706172,51.0022107]},"properties":{"maxweight":"3.5"}},{"type":"Feature","geometry":{"type":"Point","coordinates":[9.4748206,51.0002019]},"properties":{"maxweight":"3.5"}},{"type":"Feature","geometry":{"type":"Point","coordinates":[9.7819814,51.7094963]},"properties":{"maxweight":"3.5 t"}},{"type":"Feature","geometry":{"type":"Point","coordinates":[9.7621042,51.7090488]},"properties":{"maxweight":"3.5 t"}},{"type":"Feature","geometry":{"type":"Point","coordinates":[9.7563233,51.7089834]},"properties":{"maxweight":"3.5 t"}},{"type":"Feature","geometry":{"type":"Point","coordinates":[9.5493611,51.1519533]},"properties":{"maxheight":"2"}},{"type":"Feature","geometry":{"type":"Point","coordinates":[9.9508549,51.7379481]},"properties":{"maxheight":"default"}},{"type":"Feature","geometry":{"type":"Point","coordinates":[9.9517743,51.7374595]},"properties":{"maxheight":"default"}},{"type":"Feature","geometry":{"type":"Point","coordinates":[9.5426433,51.1337649]},"properties":{"maxheight":"2.1"}},{"type":"Feature","geometry":{"type":"Point","coordinates":[9.5426782,51.1337468]},"properties":{"maxweight":"3.5"}},{"type":"Feature","geometry":{"type":"Point","coordinates":[9.4007635,51.6438711]},"properties":{"maxweight":"3"}},{"type":"Feature","geometry":{"type":"Point","coordinates":[9.144694,51.3808708]},"properties":{"hgv":"agricultural"}},{"type":"Feature","geometry":{"type":"Point","coordinates":[9.1220045,51.3715729]},"properties":{"hgv":"agricultural"}},{"type":"Feature","geometry":{"type":"Point","coordinates":[9.1229794,51.37214]},"properties":{"hgv":"agricultural"}},{"type":"Feature","geometry":{"type":"Point","coordinates":[9.1427633,51.3802627]},"properties":{"hgv":"agricultural"}},{"type":"Feature","geometry":{"type":"Point","coordinates":[9.1441069,51.3807318]},"properties":{"hgv":"agricultural"}},{"type":"Feature","geometry":{"type":"Point","coordinates":[9.6256924,51.8853298]},"properties":{"hgv":"delivery"}},{"type":"Feature","geometry":{"type":"Point","coordinates":[9.6045935,51.8862944]},"properties":{"hgv":"no"}},{"type":"Feature","geometry":{"type":"Point","coordinates":[9.6036556,51.8892624]},"properties":{"hgv":"no"}},{"type":"Feature","geometry":{"type":"Point","coordinates":[9.5941919,51.8957133]},"properties":{"hgv":"no"}},{"type":"Feature","geometry":{"type":"Point","coordinates":[9.542272,51.7698531]},"properties":{"maxweight":"7.5"}},{"type":"Feature","geometry":{"type":"Point","coordinates":[9.6873146,51.2568526]},"properties":{"maxweightrating:hgv":"7.5"}},{"type":"Feature","geometry":{"type":"Point","coordinates":[9.4245209,51.1352077]},"properties":{"hgv":"delivery;motorhome"}},{"type":"Feature","geometry":{"type":"Point","coordinates":[9.0054365,51.7913277]},"properties":{"maxweight":"7.5"}},{"type":"Feature","geometry":{"type":"Point","coordinates":[9.0236725,51.7976843]},"properties":{"maxweight":"7.5"}},{"type":"Feature","geometry":{"type":"Point","coordinates":[9.0223428,51.7977358]},"properties":{"maxweight":"7.5"}},{"type":"Feature","geometry":{"type":"Point","coordinates":[9.0225795,51.7977113]},"properties":{"maxweight":"7.5"}},{"type":"Feature","geometry":{"type":"Point","coordinates":[9.0242115,51.7420451]},"properties":{"maxheight":"default"}},{"type":"Feature","geometry":{"type":"Point","coordinates":[9.082254,51.8948719]},"properties":{"hgv":"no"}},{"type":"Feature","geometry":{"type":"Point","coordinates":[9.0832986,51.8943019]},"properties":{"hgv":"no"}},{"type":"Feature","geometry":{"type":"Point","coordinates":[9.0844144,51.8948439]},"properties":{"hgv":"no"}},{"type":"Feature","geometry":{"type":"Point","coordinates":[9.0854568,51.8948423]},"properties":{"hgv":"no"}},{"type":"Feature","geometry":{"type":"Point","coordinates":[9.5801837,51.0072974]},"properties":{"maxweight":"12"}},{"type":"Feature","geometry":{"type":"Point","coordinates":[9.9255719,51.5663434]},"properties":{"hgv":"no"}},{"type":"Feature","geometry":{"type":"Point","coordinates":[9.5422287,51.2727915]},"properties":{"hgv":"no"}},{"type":"Feature","geometry":{"type":"Point","coordinates":[9.9852056,51.71482]},"properties":{"maxheight":"default"}},{"type":"Feature","geometry":{"type":"Point","coordinates":[9.9837001,51.6890791]},"properties":{"hgv":"no"}},{"type":"Feature","geometry":{"type":"Point","coordinates":[9.5787665,51.8907931]},"properties":{"hgv":"no"}},{"type":"Feature","geometry":{"type":"Point","coordinates":[9.479,51.1984305]},"properties":{"maxheight":"default"}},{"type":"Feature","geometry":{"type":"Point","coordinates":[9.6783299,51.3686071]},"properties":{"maxweight":"7.5 t"}},{"type":"Feature","geometry":{"type":"Point","coordinates":[9.6676851,51.3626521]},"properties":{"maxweight":"7.5 t"}},{"type":"Feature","geometry":{"type":"Point","coordinates":[9.593979,51.3575184]},"properties":{"hgv":"delivery"}},{"type":"Feature","geometry":{"type":"Point","coordinates":[9.5435091,51.5476026]},"properties":{"maxweight":"7.5"}},{"type":"Feature","geometry":{"type":"Point","coordinates":[9.0362838,51.5784259]},"properties":{"maxheight":"4"}},{"type":"Feature","geometry":{"type":"Point","coordinates":[9.5138901,51.172735]},"properties":{"hgv":"delivery;agricultural;forestry"}},{"type":"Feature","geometry":{"type":"Point","coordinates":[9.6013765,51.345737]},"properties":{"maxheight":"default"}},{"type":"Feature","geometry":{"type":"Point","coordinates":[9.6024102,51.3466939]},"properties":{"maxheight":"default"}},{"type":"Feature","geometry":{"type":"Point","coordinates":[9.6077113,51.3520286]},"properties":{"maxheight":"default"}},{"type":"Feature","geometry":{"type":"Point","coordinates":[9.6105792,51.35492]},"properties":{"maxheight":"default"}},{"type":"Feature","geometry":{"type":"Point","coordinates":[9.5912694,51.4019504]},"properties":{"hgv":"no"}},{"type":"Feature","geometry":{"type":"Point","coordinates":[9.0319867,51.6268938]},"properties":{"maxweight":"3.5"}},{"type":"Feature","geometry":{"type":"Point","coordinates":[9.0294623,51.6199769]},"properties":{"hgv":"no"}},{"type":"Feature","geometry":{"type":"Point","coordinates":[9.4643502,51.3561811]},"properties":{"maxheight":"4"}},{"type":"Feature","geometry":{"type":"Point","coordinates":[9.4647213,51.3554308]},"properties":{"maxheight":"4"}},{"type":"Feature","geometry":{"type":"Point","coordinates":[9.4821331,51.3124844]},"properties":{"maxheight":"2.25"}},{"type":"Feature","geometry":{"type":"Point","coordinates":[9.0854613,51.8943234]},"properties":{"hgv":"no"}},{"type":"Feature","geometry":{"type":"Point","coordinates":[9.0844144,51.8943051]},"properties":{"hgv":"no"}},{"type":"Feature","geometry":{"type":"Point","coordinates":[9.0832993,51.8948417]},"properties":{"hgv":"no"}},{"type":"Feature","geometry":{"type":"Point","coordinates":[9.0822519,51.8942988]},"properties":{"hgv":"no"}},{"type":"Feature","geometry":{"type":"Point","coordinates":[9.0814894,51.8924106]},"properties":{"hgv":"designated"}},{"type":"Feature","geometry":{"type":"Point","coordinates":[9.0809106,51.8924752]},"properties":{"hgv":"designated"}},{"type":"Feature","geometry":{"type":"Point","coordinates":[9.081246,51.8932832]},"properties":{"hgv":"designated"}},{"type":"Feature","geometry":{"type":"Point","coordinates":[9.0808123,51.8940608]},"properties":{"hgv":"designated"}},{"type":"Feature","geometry":{"type":"Point","coordinates":[9.4801346,51.3123707]},"properties":{"maxheight":"2.8"}},{"type":"Feature","geometry":{"type":"Point","coordinates":[9.4801212,51.3125164]},"properties":{"maxheight":"2.3"}},{"type":"Feature","geometry":{"type":"Point","coordinates":[9.4791931,51.3130242]},"properties":{"maxheight":"1.2"}},{"type":"Feature","geometry":{"type":"Point","coordinates":[9.479134,51.3130014]},"properties":{"maxheight":"1.2"}},{"type":"Feature","geometry":{"type":"Point","coordinates":[9.4793874,51.3128038]},"properties":{"maxheight":"3"}},{"type":"Feature","geometry":{"type":"Point","coordinates":[9.1458528,51.4181543]},"properties":{"maxweight":"4"}},{"type":"Feature","geometry":{"type":"Point","coordinates":[9.4761847,51.3132694]},"properties":{"maxheight":"3.2"}},{"type":"Feature","geometry":{"type":"Point","coordinates":[9.4756828,51.3131881]},"properties":{"maxheight":"3"}},{"type":"Feature","geometry":{"type":"Point","coordinates":[9.4781707,51.312099]},"properties":{"maxheight":"1","maxwidth":"2"}},{"type":"Feature","geometry":{"type":"Point","coordinates":[9.4807863,51.3121104]},"properties":{"maxheight":"3"}},{"type":"Feature","geometry":{"type":"Point","coordinates":[9.6855849,51.3632332]},"properties":{"maxweight":"7.5 t"}},{"type":"Feature","geometry":{"type":"Point","coordinates":[9.4832311,51.3139284]},"properties":{"maxheight":"2"}},{"type":"Feature","geometry":{"type":"Point","coordinates":[9.3480062,51.7360077]},"properties":{"hgv":"no"}},{"type":"Feature","geometry":{"type":"Point","coordinates":[9.7576565,51.5825396]},"properties":{"maxheight":"3.8 m"}},{"type":"Feature","geometry":{"type":"Point","coordinates":[9.0894933,51.8917793]},"properties":{"maxheight":"default"}},{"type":"Feature","geometry":{"type":"Point","coordinates":[9.0899414,51.8903559]},"properties":{"maxheight":"default"}},{"type":"Feature","geometry":{"type":"Point","coordinates":[9.2147018,51.5147014]},"properties":{"hgv":"destination"}},{"type":"Feature","geometry":{"type":"Point","coordinates":[9.9399537,51.5503284]},"properties":{"maxheight":"2 m","maxweight":"2 t"}},{"type":"Feature","geometry":{"type":"Point","coordinates":[9.9400674,51.5502781]},"properties":{"maxheight":"2 m","maxweight":"2 t"}},{"type":"Feature","geometry":{"type":"Point","coordinates":[9.0157558,51.5059352]},"properties":{"maxheight":"default"}},{"type":"Feature","geometry":{"type":"Point","coordinates":[9.0178532,51.5019708]},"properties":{"maxheight":"default"}},{"type":"Feature","geometry":{"type":"Point","coordinates":[9.4383336,51.6490832]},"properties":{"maxwidth":"2"}},{"type":"Feature","geometry":{"type":"Point","coordinates":[9.00937,51.4849496]},"properties":{"maxheight":"default"}},{"type":"Feature","geometry":{"type":"Point","coordinates":[9.0915642,51.9526249]},"properties":{"hgv":"destination"}},{"type":"Feature","geometry":{"type":"Point","coordinates":[9.0908202,51.9533106]},"properties":{"hgv":"destination"}},{"type":"Feature","geometry":{"type":"Point","coordinates":[9.4643029,51.426616]},"properties":{"maxweight":"5"}},{"type":"Feature","geometry":{"type":"Point","coordinates":[9.9923577,51.7081321]},"properties":{"maxheight":"default"}},{"type":"Feature","geometry":{"type":"Point","coordinates":[9.9923913,51.7079332]},"properties":{"maxheight":"default"}},{"type":"Feature","geometry":{"type":"Point","coordinates":[9.9924808,51.7074869]},"properties":{"maxheight":"default"}},{"type":"Feature","geometry":{"type":"Point","coordinates":[9.4236516,51.1355585]},"properties":{"hgv":"delivery;motorhome"}},{"type":"Feature","geometry":{"type":"Point","coordinates":[9.4320678,51.2034827]},"properties":{"hgv":"delivery"}},{"type":"Feature","geometry":{"type":"Point","coordinates":[9.4392508,51.2084473]},"properties":{"hgv":"delivery"}},{"type":"Feature","geometry":{"type":"Point","coordinates":[9.4796786,51.3136361]},"properties":{"maxheight":"2.3"}},{"type":"Feature","geometry":{"type":"Point","coordinates":[9.479361,51.3136523]},"properties":{"maxheight":"2.3"}},{"type":"Feature","geometry":{"type":"Point","coordinates":[9.4794949,51.2966498]},"properties":{"maxheight":"default"}},{"type":"Feature","geometry":{"type":"Point","coordinates":[9.9426032,51.555708]},"properties":{"maxheight":"default"}},{"type":"Feature","geometry":{"type":"Point","coordinates":[9.5282583,51.2952738]},"properties":{"hgv":"destination"}},{"type":"Feature","geometry":{"type":"Point","coordinates":[9.4354148,51.2143468]},"properties":{"hgv":"no","maxheight":"2.8","maxwidth":"2.2"}},{"type":"Feature","geometry":{"type":"Point","coordinates":[9.5415816,51.8871365]},"properties":{"hgv":"no"}},{"type":"Feature","geometry":{"type":"Point","coordinates":[9.4915392,51.3181716]},"properties":{"hgv":"no"}},{"type":"Feature","geometry":{"type":"Point","coordinates":[9.4804556,51.3278183]},"properties":{"maxheight":"5"}},{"type":"Feature","geometry":{"type":"Point","coordinates":[9.4805013,51.3278244]},"properties":{"maxheight":"5"}},{"type":"Feature","geometry":{"type":"Point","coordinates":[9.4435124,51.210255]},"properties":{"hgv":"delivery"}},{"type":"Feature","geometry":{"type":"Point","coordinates":[9.4432328,51.2101366]},"properties":{"hgv":"delivery"}},{"type":"Feature","geometry":{"type":"Point","coordinates":[9.9084519,51.5467574]},"properties":{"hgv":"no"}},{"type":"Feature","geometry":{"type":"Point","coordinates":[9.9097977,51.5096465]},"properties":{"maxheight":"2.1"}},{"type":"Feature","geometry":{"type":"Point","coordinates":[9.9185855,51.6292814]},"properties":{"maxheight":"default"}},{"type":"Feature","geometry":{"type":"Point","coordinates":[9.4616526,51.3118212]},"properties":{"maxweight":"2.8"}},{"type":"Feature","geometry":{"type":"Point","coordinates":[9.272678,51.0709494]},"properties":{"hgv":"no","maxheight":"default"}},{"type":"Feature","geometry":{"type":"Point","coordinates":[9.9540787,51.9937542]},"properties":{"maxweight":"3.5"}},{"type":"Feature","geometry":{"type":"Point","coordinates":[9.9510935,51.9955782]},"properties":{"maxweight":"3.5"}},{"type":"Feature","geometry":{"type":"Point","coordinates":[9.4818081,51.3302955]},"properties":{"hgv":"no"}},{"type":"Feature","geometry":{"type":"Point","coordinates":[9.485074,51.3262473]},"properties":{"hgv":"no"}},{"type":"Feature","geometry":{"type":"Point","coordinates":[9.9700364,51.9890097]},"properties":{"maxheight":"4.2"}},{"type":"Feature","geometry":{"type":"Point","coordinates":[9.1692325,51.7054101]},"properties":{"maxheight":"default"}},{"type":"Feature","geometry":{"type":"Point","coordinates":[9.1680336,51.711244]},"properties":{"maxheight":"default"}},{"type":"Feature","geometry":{"type":"Point","coordinates":[9.1694331,51.725548]},"properties":{"maxheight":"default"}},{"type":"Feature","geometry":{"type":"Point","coordinates":[9.1691953,51.7260425]},"properties":{"maxheight":"default"}},{"type":"Feature","geometry":{"type":"Point","coordinates":[9.9324849,51.5397094]},"properties":{"maxheight":"2.0"}},{"type":"Feature","geometry":{"type":"Point","coordinates":[9.4515181,51.315004]},"properties":{"maxweight":"3.5"}},{"type":"Feature","geometry":{"type":"Point","coordinates":[9.1772753,51.3260013]},"properties":{"maxheight":"default"}},{"type":"Feature","geometry":{"type":"Point","coordinates":[9.9423428,51.5519377]},"properties":{"maxheight":"3.6"}},{"type":"Feature","geometry":{"type":"Point","coordinates":[9.9102738,51.6341095]},"properties":{"maxweight":"7.5 t"}},{"type":"Feature","geometry":{"type":"Point","coordinates":[9.8789442,51.6705026]},"properties":{"maxweight":"20 t"}},{"type":"Feature","geometry":{"type":"Point","coordinates":[9.8817149,51.6731625]},"properties":{"maxweight":"20 t"}},{"type":"Feature","geometry":{"type":"Point","coordinates":[9.5149101,51.2856277]},"properties":{"maxheight":"default"}},{"type":"Feature","geometry":{"type":"Point","coordinates":[9.5136952,51.285966]},"properties":{"maxheight":"default"}},{"type":"Feature","geometry":{"type":"Point","coordinates":[9.8619788,51.7064672]},"properties":{"maxweight":"16 t"}},{"type":"Feature","geometry":{"type":"Point","coordinates":[9.8506398,51.6637162]},"properties":{"maxheight":"3.8 m"}},{"type":"Feature","geometry":{"type":"Point","coordinates":[9.3066502,51.1294624]},"properties":{"maxheight":"3.9"}},{"type":"Feature","geometry":{"type":"Point","coordinates":[9.768646,51.5091442]},"properties":{"maxweight":"7.5 t"}},{"type":"Feature","geometry":{"type":"Point","coordinates":[9.7676867,51.5075874]},"properties":{"maxweight":"7.5 t"}},{"type":"Feature","geometry":{"type":"Point","coordinates":[9.7682883,51.5067363]},"properties":{"maxheight":"3 m","maxweight":"7.5 t"}},{"type":"Feature","geometry":{"type":"Point","coordinates":[9.7683032,51.5067263]},"properties":{"maxheight":"3 m","maxweight":"7.5 t"}},{"type":"Feature","geometry":{"type":"Point","coordinates":[9.8068256,51.6413681]},"properties":{"maxweight":"2.8"}},{"type":"Feature","geometry":{"type":"Point","coordinates":[9.541312,51.6960607]},"properties":{"hgv":"no"}},{"type":"Feature","geometry":{"type":"Point","coordinates":[9.6705658,51.5321591]},"properties":{"hgv":"destination"}},{"type":"Feature","geometry":{"type":"Point","coordinates":[9.6738223,51.5302185]},"properties":{"hgv":"destination"}},{"type":"Feature","geometry":{"type":"Point","coordinates":[9.3762412,51.7592541]},"properties":{"maxwidth":"3"}},{"type":"Feature","geometry":{"type":"Point","coordinates":[9.0162628,51.5386586]},"properties":{"maxheight":"default"}},{"type":"Feature","geometry":{"type":"Point","coordinates":[9.0196501,51.5377381]},"properties":{"maxheight":"default"}},{"type":"Feature","geometry":{"type":"Point","coordinates":[9.5183089,51.2605886]},"properties":{"maxweight":"44"}},{"type":"Feature","geometry":{"type":"Point","coordinates":[9.4819849,51.2602669]},"properties":{"maxweight":"44"}},{"type":"Feature","geometry":{"type":"Point","coordinates":[9.4757793,51.260986]},"properties":{"maxweight":"44"}},{"type":"Feature","geometry":{"type":"Point","coordinates":[9.2734169,51.1348052]},"properties":{"maxheight":"3.65"}},{"type":"Feature","geometry":{"type":"Point","coordinates":[9.7612879,51.4954668]},"properties":{"hgv":"destination"}},{"type":"Feature","geometry":{"type":"Point","coordinates":[9.4836229,51.309934]},"properties":{"hgv":"no"}},{"type":"Feature","geometry":{"type":"Point","coordinates":[9.4833008,51.3099305]},"properties":{"hgv":"no"}},{"type":"Feature","geometry":{"type":"Point","coordinates":[9.4737121,51.3159532]},"properties":{"hgv":"no"}},{"type":"Feature","geometry":{"type":"Point","coordinates":[9.4741964,51.3166613]},"properties":{"hgv":"no"}},{"type":"Feature","geometry":{"type":"Point","coordinates":[9.474629,51.3172919]},"properties":{"hgv":"no"}},{"type":"Feature","geometry":{"type":"Point","coordinates":[9.4747639,51.3174884]},"properties":{"hgv":"no"}},{"type":"Feature","geometry":{"type":"Point","coordinates":[9.4746568,51.3173323]},"properties":{"hgv":"no"}},{"type":"Feature","geometry":{"type":"Point","coordinates":[9.5160938,51.1707306]},"properties":{"hgv":"delivery;agricultural;forestry"}},{"type":"Feature","geometry":{"type":"Point","coordinates":[9.516439,51.1705345]},"properties":{"hgv":"delivery;agricultural;forestry"}},{"type":"Feature","geometry":{"type":"Point","coordinates":[9.424168,51.2245424]},"properties":{"hgv":"designated"}},{"type":"Feature","geometry":{"type":"Point","coordinates":[9.8591335,51.340433]},"properties":{"maxweight":"12"}},{"type":"Feature","geometry":{"type":"Point","coordinates":[9.8592764,51.3405438]},"properties":{"maxweight":"12"}},{"type":"Feature","geometry":{"type":"Point","coordinates":[9.859223,51.3406683]},"properties":{"maxweight":"12"}},{"type":"Feature","geometry":{"type":"Point","coordinates":[9.8551467,51.1621252]},"properties":{"maxheight":"4"}},{"type":"Feature","geometry":{"type":"Point","coordinates":[9.1257985,51.494451]},"properties":{"maxheight":"default"}},{"type":"Feature","geometry":{"type":"Point","coordinates":[9.0793189,51.1130433]},"properties":{"maxweight":"7.5"}},{"type":"Feature","geometry":{"type":"Point","coordinates":[9.3088315,51.2878812]},"properties":{"maxweight":"7.5"}},{"type":"Feature","geometry":{"type":"Point","coordinates":[9.3048203,51.2955929]},"properties":{"maxweight":"7.5"}},{"type":"Feature","geometry":{"type":"Point","coordinates":[9.9200599,51.0462612]},"properties":{"maxwidth":"3"}},{"type":"Feature","geometry":{"type":"Point","coordinates":[9.4806755,51.298148]},"properties":{"maxheight":"default"}},{"type":"Feature","geometry":{"type":"Point","coordinates":[9.9037027,51.829592]},"properties":{"hgv":"no","goods":"no"}},{"type":"Feature","geometry":{"type":"Point","coordinates":[9.9427271,51.8378295]},"properties":{"hgv":"no","goods":"no"}},{"type":"Feature","geometry":{"type":"Point","coordinates":[9.9403103,51.8380053]},"properties":{"hgv":"no","goods":"no"}},{"type":"Feature","geometry":{"type":"Point","coordinates":[9.9345677,51.8416522]},"properties":{"hgv":"no","goods":"no"}},{"type":"Feature","geometry":{"type":"Point","coordinates":[9.6378348,51.2865017]},"properties":{"maxheight":"3.6"}},{"type":"Feature","geometry":{"type":"Point","coordinates":[9.4900051,51.3225651]},"properties":{"maxheight":"2.8"}},{"type":"Feature","geometry":{"type":"Point","coordinates":[9.9409483,51.8517211]},"properties":{"maxheight":"3.8"}},{"type":"Feature","geometry":{"type":"Point","coordinates":[9.8266688,51.9861186]},"properties":{"maxweight":"7.5"}},{"type":"Feature","geometry":{"type":"Point","coordinates":[9.6647459,51.4115359]},"properties":{"maxweight":"2.8"}},{"type":"Feature","geometry":{"type":"Point","coordinates":[9.6662413,51.4136766]},"properties":{"maxweight":"2.8"}},{"type":"Feature","geometry":{"type":"Point","coordinates":[9.6672613,51.4149426]},"properties":{"maxweight":"2.8"}},{"type":"Feature","geometry":{"type":"Point","coordinates":[9.6665058,51.415089]},"properties":{"maxweight":"2.8"}},{"type":"Feature","geometry":{"type":"Point","coordinates":[9.2275708,51.1726189]},"properties":{"maxweight":"16"}},{"type":"Feature","geometry":{"type":"Point","coordinates":[9.0118099,51.7205863]},"properties":{"maxheight":"4.0 m","maxweight":"7.5 t"}},{"type":"Feature","geometry":{"type":"Point","coordinates":[9.6664441,51.3586822]},"properties":{"maxweight":"7.5 t"}},{"type":"Feature","geometry":{"type":"Point","coordinates":[9.5287182,51.2756114]},"properties":{"maxheight":"default"}},{"type":"Feature","geometry":{"type":"Point","coordinates":[9.2321759,51.7050583]},"properties":{"hgv":"agricultural"}},{"type":"Feature","geometry":{"type":"Point","coordinates":[9.811141,51.8695887]},"properties":{"maxweight":"5"}},{"type":"Feature","geometry":{"type":"Point","coordinates":[9.9009527,51.5579907]},"properties":{"maxheight":"default"}},{"type":"Feature","geometry":{"type":"Point","coordinates":[9.501651,51.3219956]},"properties":{"maxheight":"4.5"}},{"type":"Feature","geometry":{"type":"Point","coordinates":[9.4955688,51.3135503]},"properties":{"maxheight":"2.1"}},{"type":"Feature","geometry":{"type":"Point","coordinates":[9.4974608,51.3125413]},"properties":{"maxheight":"2.1"}},{"type":"Feature","geometry":{"type":"Point","coordinates":[9.4975325,51.3123985]},"properties":{"maxheight":"2.1"}},{"type":"Feature","geometry":{"type":"Point","coordinates":[9.4981773,51.3128566]},"properties":{"maxheight":"2.1"}},{"type":"Feature","geometry":{"type":"Point","coordinates":[9.4955417,51.313674]},"properties":{"maxheight":"2.1"}},{"type":"Feature","geometry":{"type":"Point","coordinates":[9.4955667,51.3135498]},"properties":{"maxheight":"2.1"}},{"type":"Feature","geometry":{"type":"Point","coordinates":[9.5888094,51.4880508]},"properties":{"maxheight:physical":"3"}},{"type":"Feature","geometry":{"type":"Point","coordinates":[9.6818652,51.647519]},"properties":{"maxheight":"5"}},{"type":"Feature","geometry":{"type":"Point","coordinates":[9.6749582,51.6506234]},"properties":{"maxheight":"5"}},{"type":"Feature","geometry":{"type":"Point","coordinates":[9.1768994,51.7000928]},"properties":{"maxheight":"default"}},{"type":"Feature","geometry":{"type":"Point","coordinates":[9.8735816,51.4321222]},"properties":{"maxwidth":"2.0"}},{"type":"Feature","geometry":{"type":"Point","coordinates":[9.0841923,51.8919061]},"properties":{"hgv":"designated"}},{"type":"Feature","geometry":{"type":"Point","coordinates":[9.0860484,51.891908]},"properties":{"hgv":"designated"}},{"type":"Feature","geometry":{"type":"Point","coordinates":[9.0865833,51.8919095]},"properties":{"hgv":"designated"}},{"type":"Feature","geometry":{"type":"Point","coordinates":[9.0870344,51.8920821]},"properties":{"hgv":"designated"}},{"type":"Feature","geometry":{"type":"Point","coordinates":[9.0870264,51.8937338]},"properties":{"hgv":"designated"}},{"type":"Feature","geometry":{"type":"Point","coordinates":[9.58615,51.286884]},"properties":{"maxheight":"default"}},{"type":"Feature","geometry":{"type":"Point","coordinates":[9.5867241,51.2868435]},"properties":{"maxheight":"default"}},{"type":"Feature","geometry":{"type":"Point","coordinates":[9.5864817,51.2868639]},"properties":{"maxheight":"default"}},{"type":"Feature","geometry":{"type":"Point","coordinates":[9.611262,51.4997934]},"properties":{"hgv":"destination"}},{"type":"Feature","geometry":{"type":"Point","coordinates":[9.425947,51.9132002]},"properties":{"hgv":"no"}},{"type":"Feature","geometry":{"type":"Point","coordinates":[9.4990063,51.7902414]},"properties":{"hgv":"no","goods":"no"}},{"type":"Feature","geometry":{"type":"Point","coordinates":[9.4949958,51.7893444]},"properties":{"hgv":"no","goods":"no"}},{"type":"Feature","geometry":{"type":"Point","coordinates":[9.4877036,51.8034768]},"properties":{"hgv":"no","goods":"no"}},{"type":"Feature","geometry":{"type":"Point","coordinates":[9.9028927,51.5226152]},"properties":{"hgv":"designated"}},{"type":"Feature","geometry":{"type":"Point","coordinates":[9.9020696,51.5223193]},"properties":{"hgv":"designated"}},{"type":"Feature","geometry":{"type":"Point","coordinates":[9.9018559,51.5222425]},"properties":{"hgv":"designated"}},{"type":"Feature","geometry":{"type":"Point","coordinates":[9.9004778,51.5216013]},"properties":{"hgv":"designated"}},{"type":"Feature","geometry":{"type":"Point","coordinates":[9.9001971,51.5220702]},"properties":{"hgv":"designated"}},{"type":"Feature","geometry":{"type":"Point","coordinates":[9.89564,51.5206758]},"properties":{"hgv":"designated"}},{"type":"Feature","geometry":{"type":"Point","coordinates":[9.8946502,51.519761]},"properties":{"hgv":"designated"}},{"type":"Feature","geometry":{"type":"Point","coordinates":[9.8959877,51.5206625]},"properties":{"hgv":"designated"}},{"type":"Feature","geometry":{"type":"Point","coordinates":[9.8966241,51.517109]},"properties":{"hgv":"designated"}},{"type":"Feature","geometry":{"type":"Point","coordinates":[9.8975362,51.5171885]},"properties":{"hgv":"designated"}},{"type":"Feature","geometry":{"type":"Point","coordinates":[9.8991569,51.5173296]},"properties":{"hgv":"designated"}},{"type":"Feature","geometry":{"type":"Point","coordinates":[9.9014183,51.5175265]},"properties":{"hgv":"designated"}},{"type":"Feature","geometry":{"type":"Point","coordinates":[9.9014928,51.5189878]},"properties":{"hgv":"designated"}},{"type":"Feature","geometry":{"type":"Point","coordinates":[9.900738,51.5189221]},"properties":{"hgv":"designated"}},{"type":"Feature","geometry":{"type":"Point","coordinates":[9.8998363,51.5188436]},"properties":{"hgv":"designated"}},{"type":"Feature","geometry":{"type":"Point","coordinates":[9.8989856,51.5188559]},"properties":{"hgv":"designated"}},{"type":"Feature","geometry":{"type":"Point","coordinates":[9.8981216,51.5186943]},"properties":{"hgv":"designated"}},{"type":"Feature","geometry":{"type":"Point","coordinates":[9.8972395,51.5186175]},"properties":{"hgv":"designated"}},{"type":"Feature","geometry":{"type":"Point","coordinates":[9.8965016,51.5185533]},"properties":{"hgv":"designated"}},{"type":"Feature","geometry":{"type":"Point","coordinates":[9.895578,51.5185553]},"properties":{"hgv":"designated"}},{"type":"Feature","geometry":{"type":"Point","coordinates":[9.8856013,51.5247343]},"properties":{"hgv":"destination"}},{"type":"Feature","geometry":{"type":"Point","coordinates":[9.3852171,51.7086895]},"properties":{"maxheight":"3.8"}},{"type":"Feature","geometry":{"type":"Point","coordinates":[9.9157602,51.5493509]},"properties":{"hgv":"designated"}},{"type":"Feature","geometry":{"type":"Point","coordinates":[9.9159059,51.5492581]},"properties":{"hgv":"designated"}},{"type":"Feature","geometry":{"type":"Point","coordinates":[9.9158369,51.5492478]},"properties":{"hgv":"designated"}},{"type":"Feature","geometry":{"type":"Point","coordinates":[9.3930118,51.6608023]},"properties":{"maxheight":"4 m"}},{"type":"Feature","geometry":{"type":"Point","coordinates":[9.9861117,51.5664515]},"properties":{"maxheight":"2 m"}},{"type":"Feature","geometry":{"type":"Point","coordinates":[9.9329423,51.6054344]},"properties":{"maxheight":"4.3"}},{"type":"Feature","geometry":{"type":"Point","coordinates":[9.932927,51.6055584]},"properties":{"maxheight":"4.3"}},{"type":"Feature","geometry":{"type":"Point","coordinates":[9.0587166,51.8670548]},"properties":{"maxweight":"12 t"}},{"type":"Feature","geometry":{"type":"Point","coordinates":[9.5122431,51.3692938]},"properties":{"goods":"yes"}},{"type":"Feature","geometry":{"type":"Point","coordinates":[9.514336,51.3684877]},"properties":{"goods":"yes"}},{"type":"Feature","geometry":{"type":"Point","coordinates":[9.4963518,51.0526082]},"properties":{"maxheight":"default"}},{"type":"Feature","geometry":{"type":"Point","coordinates":[9.4961875,51.0533822]},"properties":{"maxheight":"default"}},{"type":"Feature","geometry":{"type":"Point","coordinates":[9.4869019,51.0874292]},"properties":{"hgv":"designated"}},{"type":"Feature","geometry":{"type":"Point","coordinates":[9.7803135,51.395879]},"properties":{"hgv":"yes"}},{"type":"Feature","geometry":{"type":"Point","coordinates":[9.7773532,51.394614]},"properties":{"hgv":"yes"}},{"type":"Feature","geometry":{"type":"Point","coordinates":[9.6603712,51.3846655]},"properties":{"maxheight":"default"}},{"type":"Feature","geometry":{"type":"Point","coordinates":[9.662817,51.3888041]},"properties":{"maxheight":"default"}},{"type":"Feature","geometry":{"type":"Point","coordinates":[9.6641099,51.3905261]},"properties":{"maxheight":"default"}},{"type":"Feature","geometry":{"type":"Point","coordinates":[9.6631202,51.3888743]},"properties":{"maxheight":"default"}},{"type":"Feature","geometry":{"type":"Point","coordinates":[9.660316,51.384572]},"properties":{"maxheight":"default"}},{"type":"Feature","geometry":{"type":"Point","coordinates":[9.6649749,51.3923116]},"properties":{"maxheight":"default"}},{"type":"Feature","geometry":{"type":"Point","coordinates":[9.6630478,51.3887518]},"properties":{"maxheight":"default"}},{"type":"Feature","geometry":{"type":"Point","coordinates":[9.660602,51.3846102]},"properties":{"maxheight":"default"}},{"type":"Feature","geometry":{"type":"Point","coordinates":[9.6702043,51.3967982]},"properties":{"hgv":"designated"}},{"type":"Feature","geometry":{"type":"Point","coordinates":[9.6694859,51.3963844]},"properties":{"hgv":"designated"}},{"type":"Feature","geometry":{"type":"Point","coordinates":[9.669725,51.3965107]},"properties":{"hgv":"designated"}},{"type":"Feature","geometry":{"type":"Point","coordinates":[9.6699421,51.3967709]},"properties":{"hgv":"yes"}},{"type":"Feature","geometry":{"type":"Point","coordinates":[9.6694601,51.3964787]},"properties":{"hgv":"yes"}},{"type":"Feature","geometry":{"type":"Point","coordinates":[9.4875817,51.0362469]},"properties":{"hgv":"yes"}},{"type":"Feature","geometry":{"type":"Point","coordinates":[9.2586264,51.3137974]},"properties":{"maxheight":"default"}},{"type":"Feature","geometry":{"type":"Point","coordinates":[9.8300085,51.8605742]},"properties":{"maxweight":"5"}},{"type":"Feature","geometry":{"type":"Point","coordinates":[9.5211657,51.2676997]},"properties":{"hgv":"no"}},{"type":"Feature","geometry":{"type":"Point","coordinates":[9.5210237,51.2677944]},"properties":{"hgv":"no"}},{"type":"Feature","geometry":{"type":"Point","coordinates":[9.9399529,51.5502792]},"properties":{"maxheight":"2 m","maxweight":"2 t"}},{"type":"Feature","geometry":{"type":"Point","coordinates":[9.9400413,51.5503278]},"properties":{"maxheight":"2 m","maxweight":"2 t"}},{"type":"Feature","geometry":{"type":"Point","coordinates":[9.9420869,51.5501138]},"properties":{"maxweight":"12 t"}},{"type":"Feature","geometry":{"type":"Point","coordinates":[9.9417425,51.5501168]},"properties":{"maxweight":"12 t"}},{"type":"Feature","geometry":{"type":"Point","coordinates":[9.9408886,51.5501304]},"properties":{"maxheight":"1.9 m","maxweight":"2 t"}},{"type":"Feature","geometry":{"type":"Point","coordinates":[9.9408886,51.5501304]},"properties":{"maxheight":"2 m","maxweight":"2 t"}},{"type":"Feature","geometry":{"type":"Point","coordinates":[9.8456443,51.3327823]},"properties":{"maxheight:physical":"2.6 m"}},{"type":"Feature","geometry":{"type":"Point","coordinates":[9.5274629,51.2732238]},"properties":{"hgv":"designated","maxlength":"19 m"}},{"type":"Feature","geometry":{"type":"Point","coordinates":[9.8568897,51.3438355]},"properties":{"maxweight":"12"}},{"type":"Feature","geometry":{"type":"Point","coordinates":[9.8590607,51.3384602]},"properties":{"maxweight":"12"}},{"type":"Feature","geometry":{"type":"Point","coordinates":[9.5113662,51.3304408]},"properties":{"hgv":"destination"}},{"type":"Feature","geometry":{"type":"Point","coordinates":[9.5106,51.3290845]},"properties":{"hgv":"destination"}},{"type":"Feature","geometry":{"type":"Point","coordinates":[9.6646529,51.3782701]},"properties":{"maxweight":"7.5 t"}},{"type":"Feature","geometry":{"type":"Point","coordinates":[9.4852989,51.3213459]},"properties":{"maxheight":"2.5","maxwidth":"2"}},{"type":"Feature","geometry":{"type":"Point","coordinates":[9.4275749,51.2646343]},"properties":{"maxheight":"default"}},{"type":"Feature","geometry":{"type":"Point","coordinates":[9.4789626,51.8079549]},"properties":{"hgv":"no"}},{"type":"Feature","geometry":{"type":"Point","coordinates":[9.4650325,51.4313459]},"properties":{"maxweight":"2.8"}},{"type":"Feature","geometry":{"type":"Point","coordinates":[9.4651118,51.4314505]},"properties":{"maxweight":"2.8"}},{"type":"Feature","geometry":{"type":"Point","coordinates":[9.464843,51.4314856]},"properties":{"maxweight":"2.8"}},{"type":"Feature","geometry":{"type":"Point","coordinates":[9.4650748,51.4314962]},"properties":{"maxweight":"2.8"}},{"type":"Feature","geometry":{"type":"Point","coordinates":[9.4652002,51.431486]},"properties":{"maxweight":"2.8"}},{"type":"Feature","geometry":{"type":"Point","coordinates":[9.3213674,51.7083196]},"properties":{"maxheight":"3.30 m"}},{"type":"Feature","geometry":{"type":"Point","coordinates":[9.3214553,51.708455]},"properties":{"maxheight":"3.30 m"}},{"type":"Feature","geometry":{"type":"Point","coordinates":[9.860066,51.3364338]},"properties":{"hgv":"no"}},{"type":"Feature","geometry":{"type":"Point","coordinates":[9.3977292,51.8191276]},"properties":{"hgv":"no"}},{"type":"Feature","geometry":{"type":"Point","coordinates":[9.4457088,51.8259145]},"properties":{"maxweight":"5.5"}},{"type":"Feature","geometry":{"type":"Point","coordinates":[9.2711969,51.1226345]},"properties":{"maxweight":"2.8"}},{"type":"Feature","geometry":{"type":"Point","coordinates":[9.2713926,51.1227761]},"properties":{"maxweight":"2.8"}},{"type":"Feature","geometry":{"type":"Point","coordinates":[9.0776511,51.9411111]},"properties":{"maxheight":"default"}},{"type":"Feature","geometry":{"type":"Point","coordinates":[9.6070435,51.4984646]},"properties":{"maxweight":"16 t"}},{"type":"Feature","geometry":{"type":"Point","coordinates":[9.4835162,51.8088306]},"properties":{"hgv":"no","goods":"no"}},{"type":"Feature","geometry":{"type":"Point","coordinates":[9.4847648,51.8072495]},"properties":{"hgv":"no","goods":"no"}},{"type":"Feature","geometry":{"type":"Point","coordinates":[9.7377186,51.7010496]},"properties":{"maxweight":"3.5 t"}},{"type":"Feature","geometry":{"type":"Point","coordinates":[9.735439,51.7045598]},"properties":{"maxweight":"3.5 t"}},{"type":"Feature","geometry":{"type":"Point","coordinates":[9.485428,51.3265548]},"properties":{"hgv":"no"}},{"type":"Feature","geometry":{"type":"Point","coordinates":[9.4849427,51.3261553]},"properties":{"hgv":"destination"}},{"type":"Feature","geometry":{"type":"Point","coordinates":[9.4639083,51.3567459]},"properties":{"maxheight":"4"}},{"type":"Feature","geometry":{"type":"Point","coordinates":[9.4638676,51.3568702]},"properties":{"maxheight":"4"}},{"type":"Feature","geometry":{"type":"Point","coordinates":[9.4640102,51.3569296]},"properties":{"maxheight":"4"}},{"type":"Feature","geometry":{"type":"Point","coordinates":[9.4640517,51.3568147]},"properties":{"maxheight":"4"}},{"type":"Feature","geometry":{"type":"Point","coordinates":[9.9208609,51.5405626]},"properties":{"hgv":"destination"}},{"type":"Feature","geometry":{"type":"Point","coordinates":[9.921273,51.538065]},"properties":{"hgv":"no"}},{"type":"Feature","geometry":{"type":"Point","coordinates":[9.4438707,51.2104263]},"properties":{"hgv":"delivery"}},{"type":"Feature","geometry":{"type":"Point","coordinates":[9.4417589,51.2095123]},"properties":{"hgv":"delivery"}},{"type":"Feature","geometry":{"type":"Point","coordinates":[9.7625987,51.7684048]},"properties":{"maxweight":"2.8"}},{"type":"Feature","geometry":{"type":"Point","coordinates":[9.1185621,51.1217702]},"properties":{"maxlength":"10"}},{"type":"Feature","geometry":{"type":"Point","coordinates":[9.121572,51.1218564]},"properties":{"maxlength":"10"}},{"type":"Feature","geometry":{"type":"Point","coordinates":[9.1220699,51.1225315]},"properties":{"maxlength":"10"}},{"type":"Feature","geometry":{"type":"Point","coordinates":[9.8597364,51.7564398]},"properties":{"maxweight":"7.5"}},{"type":"Feature","geometry":{"type":"Point","coordinates":[9.8396304,51.7673405]},"properties":{"maxweight":"7.5"}},{"type":"Feature","geometry":{"type":"Point","coordinates":[9.9627809,51.5431673]},"properties":{"maxweight":"3.5 t"}},{"type":"Feature","geometry":{"type":"Point","coordinates":[9.9625691,51.5390843]},"properties":{"hgv":"destination","maxweight":"3.5"}},{"type":"Feature","geometry":{"type":"Point","coordinates":[9.9795646,51.5183988]},"properties":{"maxweight":"7.5 t"}},{"type":"Feature","geometry":{"type":"Point","coordinates":[9.886942,51.0940178]},"properties":{"hgv":"no"}}]}