{"type":"FeatureCollection","features":[{"type":"Feature","geometry":{"type":"Point","coordinates":[9.5901036,54.3932242]},"properties":{"maxheight":"default"}},{"type":"Feature","geometry":{"type":"Point","coordinates":[9.3753068,54.6199017]},"properties":{"maxheight":"default"}},{"type":"Feature","geometry":{"type":"Point","coordinates":[9.8106078,54.5801994]},"properties":{"maxheight":"1.6"}},{"type":"Feature","geometry":{"type":"Point","coordinates":[9.9030206,54.3474346]},"properties":{"maxweight":"2.5"}},{"type":"Feature","geometry":{"type":"Point","coordinates":[9.8516273,54.1673782]},"properties":{"maxheight":"default"}},{"type":"Feature","geometry":{"type":"Point","coordinates":[9.8488191,54.1694409]},"properties":{"maxheight":"default"}},{"type":"Feature","geometry":{"type":"Point","coordinates":[9.8453402,54.1722095]},"properties":{"maxheight":"default"}},{"type":"Feature","geometry":{"type":"Point","coordinates":[9.7701961,54.3050317]},"properties":{"maxwidth":"0.6"}},{"type":"Feature","geometry":{"type":"Point","coordinates":[9.997488,54.1288624]},"properties":{"maxheight":"default"}},{"type":"Feature","geometry":{"type":"Point","coordinates":[9.7236574,54.3857316]},"properties":{"maxwidth":"4 m"}},{"type":"Feature","geometry":{"type":"Point","coordinates":[9.6667928,54.3178279]},"properties":{"maxwidth":"5.2"}},{"type":"Feature","geometry":{"type":"Point","coordinates":[9.5373334,54.5277694]},"properties":{"maxwidth":"6.5"}},{"type":"Feature","geometry":{"type":"Point","coordinates":[9.3989855,54.6655426]},"properties":{"maxheight":"default"}},{"type":"Feature","geometry":{"type":"Point","coordinates":[9.313497,54.0779821]},"properties":{"maxwidth":"1"}},{"type":"Feature","geometry":{"type":"Point","coordinates":[9.8816901,54.5059866]},"properties":{"maxwidth":"1.7"}},{"type":"Feature","geometry":{"type":"Point","coordinates":[9.4379209,54.7836431]},"properties":{"maxheight":"2"}},{"type":"Feature","geometry":{"type":"Point","coordinates":[9.0652905,54.0914477]},"properties":{"maxwidth":"4"}},{"type":"Feature","geometry":{"type":"Point","coordinates":[9.065373,54.0909035]},"properties":{"maxwidth":"4.5"}},{"type":"Feature","geometry":{"type":"Point","coordinates":[9.0655583,54.0908072]},"properties":{"maxwidth":"6"}},{"type":"Feature","geometry":{"type":"Point","coordinates":[9.0654699,54.0907124]},"properties":{"maxwidth":"4"}},{"type":"Feature","geometry":{"type":"Point","coordinates":[9.9975514,54.1288419]},"properties":{"maxheight":"default"}},{"type":"Feature","geometry":{"type":"Point","coordinates":[9.8487862,54.1694049]},"properties":{"maxheight":"default"}},{"type":"Feature","geometry":{"type":"Point","coordinates":[9.8452042,54.1722595]},"properties":{"maxheight":"default"}},{"type":"Feature","geometry":{"type":"Point","coordinates":[9.8515827,54.1673434]},"properties":{"maxheight":"default"}},{"type":"Feature","geometry":{"type":"Point","coordinates":[9.8375199,54.4634139]},"properties":{"maxwidth":"0.5"}},{"type":"Feature","geometry":{"type":"Point","coordinates":[9.5900066,54.3932327]},"properties":{"maxheight":"default"}},{"type":"Feature","geometry":{"type":"Point","coordinates":[9.5899235,54.3932399]},"properties":{"maxheight":"default"}},{"type":"Feature","geometry":{"type":"Point","coordinates":[9.3989239,54.6655963]},"properties":{"maxheight":"default"}},{"type":"Feature","geometry":{"type":"Point","coordinates":[9.3752162,54.6198933]},"properties":{"maxheight":"default"}},{"type":"Feature","geometry":{"type":"Point","coordinates":[9.9992561,54.1344351]},"properties":{"maxlength":"8,5"}},{"type":"Feature","geometry":{"type":"Point","coordinates":[9.0893353,54.081727]},"properties":{"maxheight":"2.5"}},{"type":"Feature","geometry":{"type":"Point","coordinates":[9.987291,54.7160543]},"properties":{"maxwidth":"0.75"}},{"type":"Feature","geometry":{"type":"Point","coordinates":[9.4644129,54.816887]},"properties":{"maxheight":"2","maxwidth":"1"}},{"type":"Feature","geometry":{"type":"Point","coordinates":[9.4729782,54.5393434]},"properties":{"maxheight":"3.4"}},{"type":"Feature","geometry":{"type":"Point","coordinates":[9.9876232,54.0725488]},"properties":{"maxheight":"2.1"}},{"type":"Feature","geometry":{"type":"Point","coordinates":[9.5095967,54.8054709]},"properties":{"maxwidth":"1"}},{"type":"Feature","geometry":{"type":"Point","coordinates":[9.8545552,54.6467864]},"properties":{"maxwidth":"4"}},{"type":"Feature","geometry":{"type":"Point","coordinates":[9.5294686,54.7490058]},"properties":{"maxwidth":"1.2"}},{"type":"Feature","geometry":{"type":"Point","coordinates":[9.5251504,54.7805781]},"properties":{"maxwidth":"2.5"}},{"type":"Feature","geometry":{"type":"Point","coordinates":[9.962744,54.1828314]},"properties":{"maxwidth":"5"}},{"type":"Feature","geometry":{"type":"Point","coordinates":[9.7698217,54.1785396]},"properties":{"maxwidth":"3"}},{"type":"Feature","geometry":{"type":"Point","coordinates":[9.1150041,54.8444271]},"properties":{"maxheight":"2","maxwidth":"5"}},{"type":"Feature","geometry":{"type":"Point","coordinates":[9.1139986,54.8444588]},"properties":{"maxheight":"2","maxwidth":"5"}},{"type":"Feature","geometry":{"type":"Point","coordinates":[9.8785696,54.7557622]},"properties":{"maxheight":"2"}},{"type":"Feature","geometry":{"type":"Point","coordinates":[9.2969978,54.0765381]},"properties":{"maxweight":"9"}},{"type":"Feature","geometry":{"type":"Point","coordinates":[9.4646273,54.8168975]},"properties":{"maxheight":"2","maxwidth":"1"}},{"type":"Feature","geometry":{"type":"Point","coordinates":[9.0821548,54.3765322]},"properties":{"maxwidth":"0.9"}},{"type":"Feature","geometry":{"type":"Point","coordinates":[9.0305243,54.4969959]},"properties":{"maxwidth":"1"}},{"type":"Feature","geometry":{"type":"Point","coordinates":[9.4740289,54.5373106]},"properties":{"maxheight":"3.4"}},{"type":"Feature","geometry":{"type":"Point","coordinates":[9.4396127,54.6367426]},"properties":{"maxheight":"3.4"}},{"type":"Feature","geometry":{"type":"Point","coordinates":[9.4401365,54.6341278]},"properties":{"maxheight":"3.4"}},{"type":"Feature","geometry":{"type":"Point","coordinates":[9.4133627,54.8350173]},"properties":{"maxheight":"1.95"}},{"type":"Feature","geometry":{"type":"Point","coordinates":[9.5405971,54.8483279]},"properties":{"maxwidth":"1"}},{"type":"Feature","geometry":{"type":"Point","coordinates":[9.9989814,54.0750459]},"properties":{"maxwidth":"2"}},{"type":"Feature","geometry":{"type":"Point","coordinates":[9.834291,54.4732682]},"properties":{"maxweight":"630 kg"}},{"type":"Feature","geometry":{"type":"Point","coordinates":[9.5976135,54.4284288]},"properties":{"maxheight":"2.8"}},{"type":"Feature","geometry":{"type":"Point","coordinates":[9.5888302,54.4452498]},"properties":{"maxheight":"3.4"}},{"type":"Feature","geometry":{"type":"Point","coordinates":[9.5895249,54.4436121]},"properties":{"maxheight":"3.4"}},{"type":"Feature","geometry":{"type":"Point","coordinates":[9.3952863,54.6695606]},"properties":{"hgv":"no"}},{"type":"Feature","geometry":{"type":"Point","coordinates":[9.626473,54.4256691]},"properties":{"maxwidth":"1"}},{"type":"Feature","geometry":{"type":"Point","coordinates":[9.1122969,54.2019944]},"properties":{"maxwidth":"4"}},{"type":"Feature","geometry":{"type":"Point","coordinates":[9.3119535,54.0732438]},"properties":{"maxwidth":"1"}},{"type":"Feature","geometry":{"type":"Point","coordinates":[9.3124931,54.7273199]},"properties":{"maxheight":"4"}},{"type":"Feature","geometry":{"type":"Point","coordinates":[9.387797,54.6718255]},"properties":{"hgv":"no"}},{"type":"Feature","geometry":{"type":"Point","coordinates":[9.3841757,54.6833002]},"properties":{"maxweight":"7.5"}},{"type":"Feature","geometry":{"type":"Point","coordinates":[9.4161362,54.7781596]},"properties":{"hgv":"no"}},{"type":"Feature","geometry":{"type":"Point","coordinates":[9.3992289,54.6624201]},"properties":{"hgv":"no"}},{"type":"Feature","geometry":{"type":"Point","coordinates":[9.6664796,54.3048844]},"properties":{"maxheight":"2"}},{"type":"Feature","geometry":{"type":"Point","coordinates":[9.0490674,54.4834637]},"properties":{"maxheight":"2"}},{"type":"Feature","geometry":{"type":"Point","coordinates":[9.538938,54.5286548]},"properties":{"maxwidth":"6.5"}},{"type":"Feature","geometry":{"type":"Point","coordinates":[9.5418608,54.5299937]},"properties":{"maxwidth":"6.5"}},{"type":"Feature","geometry":{"type":"Point","coordinates":[9.5408553,54.5295321]},"properties":{"maxwidth":"6.5"}},{"type":"Feature","geometry":{"type":"Point","coordinates":[9.9318346,54.1555406]},"properties":{"maxwidth":"4"}},{"type":"Feature","geometry":{"type":"Point","coordinates":[9.8157753,54.5865625]},"properties":{"maxheight":"2","maxwidth":"1"}},{"type":"Feature","geometry":{"type":"Point","coordinates":[9.6432415,54.683534]},"properties":{"maxheight":"3"}},{"type":"Feature","geometry":{"type":"Point","coordinates":[9.43403,54.7849081]},"properties":{"maxheight":"2.10","maxweight":"2.8"}},{"type":"Feature","geometry":{"type":"Point","coordinates":[9.0499167,54.4731496]},"properties":{"maxheight":"2.2"}},{"type":"Feature","geometry":{"type":"Point","coordinates":[9.3355559,54.7783323]},"properties":{"maxheight":"3.25"}},{"type":"Feature","geometry":{"type":"Point","coordinates":[9.3352649,54.7786286]},"properties":{"maxheight":"3.25"}},{"type":"Feature","geometry":{"type":"Point","coordinates":[9.4875243,54.801703]},"properties":{"maxwidth":"4"}},{"type":"Feature","geometry":{"type":"Point","coordinates":[9.996131,54.12083]},"properties":{"hgv":"no"}},{"type":"Feature","geometry":{"type":"Point","coordinates":[9.6528494,54.2950349]},"properties":{"maxheight":"4.2"}},{"type":"Feature","geometry":{"type":"Point","coordinates":[9.6526102,54.297494]},"properties":{"maxheight":"4.2"}},{"type":"Feature","geometry":{"type":"Point","coordinates":[9.661242,54.2778936]},"properties":{"maxheight":"4.2"}},{"type":"Feature","geometry":{"type":"Point","coordinates":[9.6612781,54.2779046]},"properties":{"maxheight":"4.2"}},{"type":"Feature","geometry":{"type":"Point","coordinates":[9.090182,54.0788776]},"properties":{"maxheight":"2.5"}},{"type":"Feature","geometry":{"type":"Point","coordinates":[9.8331432,54.4650038]},"properties":{"maxwidth":"2"}},{"type":"Feature","geometry":{"type":"Point","coordinates":[9.3369077,54.7885728]},"properties":{"maxheight":"default"}},{"type":"Feature","geometry":{"type":"Point","coordinates":[9.7014055,54.346317]},"properties":{"maxheight":"4"}},{"type":"Feature","geometry":{"type":"Point","coordinates":[9.5188408,54.495251]},"properties":{"maxheight":"default"}},{"type":"Feature","geometry":{"type":"Point","coordinates":[9.9408124,54.0496208]},"properties":{"maxweight":"7.5"}},{"type":"Feature","geometry":{"type":"Point","coordinates":[9.9419023,54.0329675]},"properties":{"maxweight":"7.5"}},{"type":"Feature","geometry":{"type":"Point","coordinates":[9.9859598,54.3446604]},"properties":{"maxweight":"38"}},{"type":"Feature","geometry":{"type":"Point","coordinates":[9.9858726,54.3447691]},"properties":{"maxweight":"38"}},{"type":"Feature","geometry":{"type":"Point","coordinates":[9.9736837,54.1009886]},"properties":{"maxheight":"4"}},{"type":"Feature","geometry":{"type":"Point","coordinates":[9.9323519,54.033065]},"properties":{"maxheight":"default"}},{"type":"Feature","geometry":{"type":"Point","coordinates":[9.4376481,54.7868734]},"properties":{"maxheight":"4"}},{"type":"Feature","geometry":{"type":"Point","coordinates":[9.0985388,54.0215643]},"properties":{"maxweight":"5.5"}},{"type":"Feature","geometry":{"type":"Point","coordinates":[9.1046841,54.0056899]},"properties":{"maxweight":"7.5"}},{"type":"Feature","geometry":{"type":"Point","coordinates":[9.9616202,54.3199536]},"properties":{"maxheight":"default"}},{"type":"Feature","geometry":{"type":"Point","coordinates":[9.0593119,54.0167979]},"properties":{"maxweight":"7.5"}},{"type":"Feature","geometry":{"type":"Point","coordinates":[9.0504869,54.0077631]},"properties":{"maxweight":"5.5"}},{"type":"Feature","geometry":{"type":"Point","coordinates":[9.040679,54.4705769]},"properties":{"maxweight":"16"}},{"type":"Feature","geometry":{"type":"Point","coordinates":[9.9768025,54.0293079]},"properties":{"maxweight":"6"}},{"type":"Feature","geometry":{"type":"Point","coordinates":[9.6560187,54.2892155]},"properties":{"maxheight":"4"}},{"type":"Feature","geometry":{"type":"Point","coordinates":[9.6532702,54.2961697]},"properties":{"maxheight":"4","maxwidth":"2.8"}},{"type":"Feature","geometry":{"type":"Point","coordinates":[9.8259876,54.4624807]},"properties":{"hgv":"destination"}},{"type":"Feature","geometry":{"type":"Point","coordinates":[9.8280482,54.4619158]},"properties":{"hgv":"destination"}},{"type":"Feature","geometry":{"type":"Point","coordinates":[9.829978,54.46372]},"properties":{"hgv":"destination"}},{"type":"Feature","geometry":{"type":"Point","coordinates":[9.8251806,54.4620781]},"properties":{"hgv":"destination"}},{"type":"Feature","geometry":{"type":"Point","coordinates":[9.0518022,54.4728786]},"properties":{"maxweight":"9"}},{"type":"Feature","geometry":{"type":"Point","coordinates":[9.0502386,54.4759618]},"properties":{"maxweight":"9"}},{"type":"Feature","geometry":{"type":"Point","coordinates":[9.0618901,54.4666371]},"properties":{"hgv":"no"}},{"type":"Feature","geometry":{"type":"Point","coordinates":[9.5402088,54.5114413]},"properties":{"maxweight":"11"}},{"type":"Feature","geometry":{"type":"Point","coordinates":[9.5413617,54.507297]},"properties":{"maxheight":"default"}},{"type":"Feature","geometry":{"type":"Point","coordinates":[9.5416038,54.5109725]},"properties":{"maxweight":"7.5"}},{"type":"Feature","geometry":{"type":"Point","coordinates":[9.5682785,54.5149894]},"properties":{"maxweight":"3.5"}},{"type":"Feature","geometry":{"type":"Point","coordinates":[9.1011449,54.195746]},"properties":{"maxheight":"none"}},{"type":"Feature","geometry":{"type":"Point","coordinates":[9.5691435,54.5131941]},"properties":{"hgv":"no"}},{"type":"Feature","geometry":{"type":"Point","coordinates":[9.5706458,54.208589]},"properties":{"maxweight":"38"}},{"type":"Feature","geometry":{"type":"Point","coordinates":[9.1039518,54.1898759]},"properties":{"hgv":"delivery"}},{"type":"Feature","geometry":{"type":"Point","coordinates":[9.1028284,54.189621]},"properties":{"hgv":"delivery","maxheight":"3.8"}},{"type":"Feature","geometry":{"type":"Point","coordinates":[9.6471531,54.3016861]},"properties":{"maxweight":"1.5"}},{"type":"Feature","geometry":{"type":"Point","coordinates":[9.5762874,54.5390436]},"properties":{"hgv":"no"}},{"type":"Feature","geometry":{"type":"Point","coordinates":[9.2955595,54.0546948]},"properties":{"maxweight":"12"}},{"type":"Feature","geometry":{"type":"Point","coordinates":[9.3125682,54.0624784]},"properties":{"maxweight":"30"}},{"type":"Feature","geometry":{"type":"Point","coordinates":[9.3109211,54.062708]},"properties":{"hgv":"yes","maxweight":"38"}},{"type":"Feature","geometry":{"type":"Point","coordinates":[9.6266439,54.3101574]},"properties":{"maxheight":"default"}},{"type":"Feature","geometry":{"type":"Point","coordinates":[9.5518873,54.5198125]},"properties":{"hgv":"no"}},{"type":"Feature","geometry":{"type":"Point","coordinates":[9.5516502,54.5198779]},"properties":{"hgv":"no"}},{"type":"Feature","geometry":{"type":"Point","coordinates":[9.5744192,54.5122401]},"properties":{"maxweight":"2.5"}},{"type":"Feature","geometry":{"type":"Point","coordinates":[9.574538,54.5127222]},"properties":{"maxweight":"2.5"}},{"type":"Feature","geometry":{"type":"Point","coordinates":[9.5769855,54.5128214]},"properties":{"maxweight":"2.5"}},{"type":"Feature","geometry":{"type":"Point","coordinates":[9.4095648,54.7984301]},"properties":{"maxheight":"default"}},{"type":"Feature","geometry":{"type":"Point","coordinates":[9.4130785,54.7468238]},"properties":{"maxweightrating:hgv":"12"}},{"type":"Feature","geometry":{"type":"Point","coordinates":[9.3890808,54.7339993]},"properties":{"maxheight":"default"}},{"type":"Feature","geometry":{"type":"Point","coordinates":[9.0762505,54.1920837]},"properties":{"maxweight":"9"}},{"type":"Feature","geometry":{"type":"Point","coordinates":[9.7471402,54.3141299]},"properties":{"maxheight":"4"}},{"type":"Feature","geometry":{"type":"Point","coordinates":[9.4052519,54.7891386]},"properties":{"maxheight":"default"}},{"type":"Feature","geometry":{"type":"Point","coordinates":[9.4682927,54.5625416]},"properties":{"maxheight":"default"}},{"type":"Feature","geometry":{"type":"Point","coordinates":[9.5676622,54.7237714]},"properties":{"maxweight":"7.5 t"}},{"type":"Feature","geometry":{"type":"Point","coordinates":[9.4232381,54.7673156]},"properties":{"maxheight":"default"}},{"type":"Feature","geometry":{"type":"Point","coordinates":[9.4051551,54.7886742]},"properties":{"maxheight":"default"}},{"type":"Feature","geometry":{"type":"Point","coordinates":[9.4048695,54.8063554]},"properties":{"maxheight":"default"}},{"type":"Feature","geometry":{"type":"Point","coordinates":[9.7131981,54.3078294]},"properties":{"maxweight":"38"}},{"type":"Feature","geometry":{"type":"Point","coordinates":[9.7102234,54.3084685]},"properties":{"maxweight":"38"}},{"type":"Feature","geometry":{"type":"Point","coordinates":[9.679572,54.3018552]},"properties":{"maxheight":"default"}},{"type":"Feature","geometry":{"type":"Point","coordinates":[9.0286061,54.4908735]},"properties":{"hgv":"no","maxweight":"1.5"}},{"type":"Feature","geometry":{"type":"Point","coordinates":[9.0353279,54.4905372]},"properties":{"maxweight":"1.5"}},{"type":"Feature","geometry":{"type":"Point","coordinates":[9.41699,54.8197611]},"properties":{"maxheight":"default"}},{"type":"Feature","geometry":{"type":"Point","coordinates":[9.4385564,54.783972]},"properties":{"maxheight":"default"}},{"type":"Feature","geometry":{"type":"Point","coordinates":[9.6988279,54.3439156]},"properties":{"maxweight":"3.5"}},{"type":"Feature","geometry":{"type":"Point","coordinates":[9.6980474,54.3429173]},"properties":{"maxweight":"3.5"}},{"type":"Feature","geometry":{"type":"Point","coordinates":[9.6990574,54.3437843]},"properties":{"maxweight":"3.5"}},{"type":"Feature","geometry":{"type":"Point","coordinates":[9.9793097,54.0738621]},"properties":{"maxheight":"3.8"}},{"type":"Feature","geometry":{"type":"Point","coordinates":[9.0680997,54.4661006]},"properties":{"hgv":"no"}},{"type":"Feature","geometry":{"type":"Point","coordinates":[9.0776194,54.4310377]},"properties":{"maxweight":"6"}},{"type":"Feature","geometry":{"type":"Point","coordinates":[9.4598734,54.7769156]},"properties":{"hgv":"no"}},{"type":"Feature","geometry":{"type":"Point","coordinates":[9.6971664,54.3181951]},"properties":{"hgv":"destination"}},{"type":"Feature","geometry":{"type":"Point","coordinates":[9.6620049,54.2793202]},"properties":{"maxheight":"4.0"}},{"type":"Feature","geometry":{"type":"Point","coordinates":[9.6929267,54.1322739]},"properties":{"hgv":"destination"}},{"type":"Feature","geometry":{"type":"Point","coordinates":[9.6018759,54.0785158]},"properties":{"maxweight":"16"}},{"type":"Feature","geometry":{"type":"Point","coordinates":[9.6115929,54.0416738]},"properties":{"maxweight":"5.5"}},{"type":"Feature","geometry":{"type":"Point","coordinates":[9.6823637,54.2941471]},"properties":{"hgv":"no","maxweight":"3.5"}},{"type":"Feature","geometry":{"type":"Point","coordinates":[9.7475117,54.3134801]},"properties":{"maxheight":"default"}},{"type":"Feature","geometry":{"type":"Point","coordinates":[9.7099994,54.3084999]},"properties":{"maxweight":"38"}},{"type":"Feature","geometry":{"type":"Point","coordinates":[9.4115201,54.813472]},"properties":{"maxheight":"default"}},{"type":"Feature","geometry":{"type":"Point","coordinates":[9.8971834,54.419724]},"properties":{"hgv":"destination"}},{"type":"Feature","geometry":{"type":"Point","coordinates":[9.5761032,54.3986932]},"properties":{"maxweight":"3.5"}},{"type":"Feature","geometry":{"type":"Point","coordinates":[9.9758904,54.0496861]},"properties":{"hgv":"no"}},{"type":"Feature","geometry":{"type":"Point","coordinates":[9.1819843,54.0295497]},"properties":{"maxweight":"9"}},{"type":"Feature","geometry":{"type":"Point","coordinates":[9.1818564,54.0288194]},"properties":{"maxweight":"9"}},{"type":"Feature","geometry":{"type":"Point","coordinates":[9.7547127,54.6494523]},"properties":{"maxweight":"6"}},{"type":"Feature","geometry":{"type":"Point","coordinates":[9.9654925,54.1656979]},"properties":{"hgv":"agricultural"}},{"type":"Feature","geometry":{"type":"Point","coordinates":[9.4581885,54.8058303]},"properties":{"maxheight":"default"}},{"type":"Feature","geometry":{"type":"Point","coordinates":[9.7194704,54.0517653]},"properties":{"hgv":"destination"}},{"type":"Feature","geometry":{"type":"Point","coordinates":[9.0433851,54.1803987]},"properties":{"maxweight":"9"}},{"type":"Feature","geometry":{"type":"Point","coordinates":[9.7155489,54.3303967]},"properties":{"maxweight":"30"}},{"type":"Feature","geometry":{"type":"Point","coordinates":[9.9339683,54.6305699]},"properties":{"maxweight":"2.5"}},{"type":"Feature","geometry":{"type":"Point","coordinates":[9.715137,54.5241482]},"properties":{"maxweight":"7.5"}},{"type":"Feature","geometry":{"type":"Point","coordinates":[9.7547994,54.5055551]},"properties":{"maxweight":"7.5"}},{"type":"Feature","geometry":{"type":"Point","coordinates":[9.4363749,54.6474848]},"properties":{"maxheight":"default"}},{"type":"Feature","geometry":{"type":"Point","coordinates":[9.4261404,54.8051285]},"properties":{"hgv":"no"}},{"type":"Feature","geometry":{"type":"Point","coordinates":[9.4506151,54.7753061]},"properties":{"hgv":"no"}},{"type":"Feature","geometry":{"type":"Point","coordinates":[9.0559834,54.0985685]},"properties":{"maxweight":"12"}},{"type":"Feature","geometry":{"type":"Point","coordinates":[9.7742717,54.4984195]},"properties":{"maxweight":"7.5"}},{"type":"Feature","geometry":{"type":"Point","coordinates":[9.7672926,54.5019213]},"properties":{"maxweight":"7.5"}},{"type":"Feature","geometry":{"type":"Point","coordinates":[9.7591596,54.504836]},"properties":{"maxweight":"7.5"}},{"type":"Feature","geometry":{"type":"Point","coordinates":[9.7120918,54.2913189]},"properties":{"maxheight":"default"}},{"type":"Feature","geometry":{"type":"Point","coordinates":[9.8515651,54.1671452]},"properties":{"maxweight":"3.5"}},{"type":"Feature","geometry":{"type":"Point","coordinates":[9.8311899,54.3372174]},"properties":{"hgv":"no","goods":"no"}},{"type":"Feature","geometry":{"type":"Point","coordinates":[9.4270778,54.8088674]},"properties":{"maxlength":"10"}},{"type":"Feature","geometry":{"type":"Point","coordinates":[9.4314922,54.7941892]},"properties":{"hgv":"no"}},{"type":"Feature","geometry":{"type":"Point","coordinates":[9.8826881,54.5217253]},"properties":{"maxheight":"default"}},{"type":"Feature","geometry":{"type":"Point","coordinates":[9.4111313,54.7881517]},"properties":{"maxheight":"3.3 m"}},{"type":"Feature","geometry":{"type":"Point","coordinates":[9.4074989,54.766871]},"properties":{"maxweight":"7.5"}},{"type":"Feature","geometry":{"type":"Point","coordinates":[9.4220472,54.7735265]},"properties":{"maxheight":"3.9"}},{"type":"Feature","geometry":{"type":"Point","coordinates":[9.6540007,54.4889438]},"properties":{"maxweight":"3.5"}},{"type":"Feature","geometry":{"type":"Point","coordinates":[9.8540651,54.1518556]},"properties":{"maxweight":"7.5"}},{"type":"Feature","geometry":{"type":"Point","coordinates":[9.6441684,54.4956794]},"properties":{"maxweight":"3.5"}},{"type":"Feature","geometry":{"type":"Point","coordinates":[9.4162569,54.7916223]},"properties":{"hgv":"no"}},{"type":"Feature","geometry":{"type":"Point","coordinates":[9.7191197,54.3124137]},"properties":{"maxweight":"30"}},{"type":"Feature","geometry":{"type":"Point","coordinates":[9.4352405,54.7829349]},"properties":{"maxweight":"7.5"}},{"type":"Feature","geometry":{"type":"Point","coordinates":[9.4211099,54.7785973]},"properties":{"hgv":"no"}},{"type":"Feature","geometry":{"type":"Point","coordinates":[9.4371001,54.7844524]},"properties":{"maxheight":"3.8"}},{"type":"Feature","geometry":{"type":"Point","coordinates":[9.0216488,54.0600986]},"properties":{"maxweight":"5.5"}},{"type":"Feature","geometry":{"type":"Point","coordinates":[9.4301383,54.7937636]},"properties":{"hgv":"no"}},{"type":"Feature","geometry":{"type":"Point","coordinates":[9.0528643,54.0367828]},"properties":{"maxweight":"12.5"}},{"type":"Feature","geometry":{"type":"Point","coordinates":[9.1051039,54.0245585]},"properties":{"maxweight":"9"}},{"type":"Feature","geometry":{"type":"Point","coordinates":[9.0567737,54.1565621]},"properties":{"maxweight":"9"}},{"type":"Feature","geometry":{"type":"Point","coordinates":[9.0166113,54.1478815]},"properties":{"hgv":"no","goods":"no"}},{"type":"Feature","geometry":{"type":"Point","coordinates":[9.0462876,54.1050172]},"properties":{"maxweight":"9.0"}},{"type":"Feature","geometry":{"type":"Point","coordinates":[9.0458442,54.1562514]},"properties":{"maxweight":"25"}},{"type":"Feature","geometry":{"type":"Point","coordinates":[9.0548849,54.1827044]},"properties":{"maxweight":"9"}},{"type":"Feature","geometry":{"type":"Point","coordinates":[9.4404848,54.7924483]},"properties":{"hgv":"destination"}},{"type":"Feature","geometry":{"type":"Point","coordinates":[9.0587911,54.1833271]},"properties":{"maxweight":"9"}},{"type":"Feature","geometry":{"type":"Point","coordinates":[9.0486922,54.0707685]},"properties":{"maxweight":"12"}},{"type":"Feature","geometry":{"type":"Point","coordinates":[9.068395,54.0807508]},"properties":{"maxweight":"5.5"}},{"type":"Feature","geometry":{"type":"Point","coordinates":[9.8538254,54.1655697]},"properties":{"maxweight":"3.5"}},{"type":"Feature","geometry":{"type":"Point","coordinates":[9.6873412,54.3214534]},"properties":{"maxweight":"7.5"}},{"type":"Feature","geometry":{"type":"Point","coordinates":[9.2809018,54.2205541]},"properties":{"hgv":"no"}},{"type":"Feature","geometry":{"type":"Point","coordinates":[9.4336672,54.75833]},"properties":{"hgv":"no"}},{"type":"Feature","geometry":{"type":"Point","coordinates":[9.4347515,54.7601639]},"properties":{"maxheight":"1.9"}},{"type":"Feature","geometry":{"type":"Point","coordinates":[9.4239977,54.7797816]},"properties":{"hgv":"no"}},{"type":"Feature","geometry":{"type":"Point","coordinates":[9.9305121,54.3946273]},"properties":{"maxweight":"7.5"}},{"type":"Feature","geometry":{"type":"Point","coordinates":[9.8259556,54.577683]},"properties":{"maxwidth":"2.55"}},{"type":"Feature","geometry":{"type":"Point","coordinates":[9.0881785,54.194029]},"properties":{"hgv":"destination"}},{"type":"Feature","geometry":{"type":"Point","coordinates":[9.2963223,54.019149]},"properties":{"maxweight":"38"}},{"type":"Feature","geometry":{"type":"Point","coordinates":[9.2964813,54.0191335]},"properties":{"maxweight":"30"}},{"type":"Feature","geometry":{"type":"Point","coordinates":[9.5116292,54.403026]},"properties":{"maxweight":"7.5"}},{"type":"Feature","geometry":{"type":"Point","coordinates":[9.6562096,54.2892409]},"properties":{"maxheight":"4","maxwidth":"2.8"}},{"type":"Feature","geometry":{"type":"Point","coordinates":[9.6547748,54.2940565]},"properties":{"maxwidth":"2.8"}},{"type":"Feature","geometry":{"type":"Point","coordinates":[9.9106624,54.5566957]},"properties":{"maxweight":"3.5"}},{"type":"Feature","geometry":{"type":"Point","coordinates":[9.9332272,54.5384867]},"properties":{"maxweight":"3.5"}},{"type":"Feature","geometry":{"type":"Point","coordinates":[9.8236593,54.4758034]},"properties":{"maxweight":"7.5"}},{"type":"Feature","geometry":{"type":"Point","coordinates":[9.4086301,54.7911652]},"properties":{"maxweight":"3"}},{"type":"Feature","geometry":{"type":"Point","coordinates":[9.7998229,54.5415406]},"properties":{"maxweight":"3.5"}},{"type":"Feature","geometry":{"type":"Point","coordinates":[9.802813,54.5280958]},"properties":{"hgv":"destination"}},{"type":"Feature","geometry":{"type":"Point","coordinates":[9.4048228,54.8048805]},"properties":{"maxheight":"default"}},{"type":"Feature","geometry":{"type":"Point","coordinates":[9.0960287,54.1979227]},"properties":{"maxweight":"5"}},{"type":"Feature","geometry":{"type":"Point","coordinates":[9.0958755,54.1974945]},"properties":{"maxweight":"5"}},{"type":"Feature","geometry":{"type":"Point","coordinates":[9.478816,54.0057636]},"properties":{"maxheight":"default"}},{"type":"Feature","geometry":{"type":"Point","coordinates":[9.8417494,54.3947077]},"properties":{"maxweight":"7.5"}},{"type":"Feature","geometry":{"type":"Point","coordinates":[9.2185436,54.0010778]},"properties":{"maxweight":"9"}},{"type":"Feature","geometry":{"type":"Point","coordinates":[9.3155504,54.069383]},"properties":{"maxheight":"50"}},{"type":"Feature","geometry":{"type":"Point","coordinates":[9.4646798,54.0285329]},"properties":{"maxweight":"5.5"}},{"type":"Feature","geometry":{"type":"Point","coordinates":[9.9818794,54.04185]},"properties":{"maxheight":"none"}},{"type":"Feature","geometry":{"type":"Point","coordinates":[9.9995235,54.2289173]},"properties":{"maxweight":"7.5"}},{"type":"Feature","geometry":{"type":"Point","coordinates":[9.5645682,54.5198493]},"properties":{"hgv":"destination"}},{"type":"Feature","geometry":{"type":"Point","coordinates":[9.5198022,54.5028404]},"properties":{"hgv":"destination"}},{"type":"Feature","geometry":{"type":"Point","coordinates":[9.7138108,54.3081473]},"properties":{"maxweight":"38"}},{"type":"Feature","geometry":{"type":"Point","coordinates":[9.7130255,54.3078473]},"properties":{"maxweight":"38"}},{"type":"Feature","geometry":{"type":"Point","coordinates":[9.4494429,54.1760323]},"properties":{"maxweight":"38"}},{"type":"Feature","geometry":{"type":"Point","coordinates":[9.45102,54.1741514]},"properties":{"maxweight":"38"}},{"type":"Feature","geometry":{"type":"Point","coordinates":[9.0913384,54.4965701]},"properties":{"maxheight":"default"}},{"type":"Feature","geometry":{"type":"Point","coordinates":[9.090913,54.4969116]},"properties":{"maxheight":"default"}},{"type":"Feature","geometry":{"type":"Point","coordinates":[9.6622042,54.2787512]},"properties":{"maxheight":"4.0"}},{"type":"Feature","geometry":{"type":"Point","coordinates":[9.4999964,54.585564]},"properties":{"maxweight":"7.5"}},{"type":"Feature","geometry":{"type":"Point","coordinates":[9.9332861,54.6640997]},"properties":{"hgv":"no"}},{"type":"Feature","geometry":{"type":"Point","coordinates":[9.0328996,54.1046813]},"properties":{"maxweight":"5.5"}},{"type":"Feature","geometry":{"type":"Point","coordinates":[9.0921332,54.3770003]},"properties":{"maxweight":"12"}},{"type":"Feature","geometry":{"type":"Point","coordinates":[9.0872621,54.3740522]},"properties":{"maxweight":"7.5"}},{"type":"Feature","geometry":{"type":"Point","coordinates":[9.8532858,54.4038362]},"properties":{"hgv":"destination"}},{"type":"Feature","geometry":{"type":"Point","coordinates":[9.8232686,54.4185906]},"properties":{"hgv":"destination"}},{"type":"Feature","geometry":{"type":"Point","coordinates":[9.8155169,54.4221805]},"properties":{"hgv":"destination"}},{"type":"Feature","geometry":{"type":"Point","coordinates":[9.8126168,54.0699531]},"properties":{"maxweight":"16"}},{"type":"Feature","geometry":{"type":"Point","coordinates":[9.4694865,54.3295023]},"properties":{"hgv":"no"}},{"type":"Feature","geometry":{"type":"Point","coordinates":[9.9730978,54.6312136]},"properties":{"maxweight":"7.5"}},{"type":"Feature","geometry":{"type":"Point","coordinates":[9.8249021,54.3944404]},"properties":{"maxweight":"7.5"}},{"type":"Feature","geometry":{"type":"Point","coordinates":[9.9308064,54.6566453]},"properties":{"hgv":"no"}},{"type":"Feature","geometry":{"type":"Point","coordinates":[9.2725707,54.1465034]},"properties":{"maxweight":"5"}},{"type":"Feature","geometry":{"type":"Point","coordinates":[9.2839102,54.1456343]},"properties":{"hgv":"no","goods":"no"}},{"type":"Feature","geometry":{"type":"Point","coordinates":[9.288939,54.1432211]},"properties":{"hgv":"no"}},{"type":"Feature","geometry":{"type":"Point","coordinates":[9.2830386,54.1473044]},"properties":{"maxweight":"3.5"}},{"type":"Feature","geometry":{"type":"Point","coordinates":[9.2673886,54.141969]},"properties":{"maxweight":"5"}},{"type":"Feature","geometry":{"type":"Point","coordinates":[9.8015677,54.5938359]},"properties":{"maxlength":"8"}},{"type":"Feature","geometry":{"type":"Point","coordinates":[9.9090877,54.5571212]},"properties":{"maxweight":"3.5"}},{"type":"Feature","geometry":{"type":"Point","coordinates":[9.4423817,54.1830302]},"properties":{"maxweight":"5"}},{"type":"Feature","geometry":{"type":"Point","coordinates":[9.2389436,54.3599608]},"properties":{"maxweight":"3.5"}},{"type":"Feature","geometry":{"type":"Point","coordinates":[9.7991195,54.5957563]},"properties":{"maxlength":"8"}},{"type":"Feature","geometry":{"type":"Point","coordinates":[9.7999588,54.5966639]},"properties":{"maxlength":"8"}},{"type":"Feature","geometry":{"type":"Point","coordinates":[9.7465548,54.6602465]},"properties":{"maxweight":"6"}},{"type":"Feature","geometry":{"type":"Point","coordinates":[9.7382781,54.7240431]},"properties":{"hgv":"no"}},{"type":"Feature","geometry":{"type":"Point","coordinates":[9.7351933,54.727642]},"properties":{"hgv":"no"}},{"type":"Feature","geometry":{"type":"Point","coordinates":[9.7288469,54.7241348]},"properties":{"hgv":"no"}},{"type":"Feature","geometry":{"type":"Point","coordinates":[9.1328244,54.428286]},"properties":{"maxweight":"7.5"}},{"type":"Feature","geometry":{"type":"Point","coordinates":[9.985189,54.0722157]},"properties":{"maxheight":"4.05"}},{"type":"Feature","geometry":{"type":"Point","coordinates":[9.7911619,54.5778628]},"properties":{"maxweight":"7.5"}},{"type":"Feature","geometry":{"type":"Point","coordinates":[9.6616951,54.3086657]},"properties":{"maxheight":"4.8"}},{"type":"Feature","geometry":{"type":"Point","coordinates":[9.4707872,54.6173691]},"properties":{"maxweight":"16"}},{"type":"Feature","geometry":{"type":"Point","coordinates":[9.4691186,54.6292716]},"properties":{"maxheight":"4"}},{"type":"Feature","geometry":{"type":"Point","coordinates":[9.0091713,54.4355195]},"properties":{"maxweight":"18"}},{"type":"Feature","geometry":{"type":"Point","coordinates":[9.0283359,54.4222656]},"properties":{"maxweight":"10"}},{"type":"Feature","geometry":{"type":"Point","coordinates":[9.7452438,54.1675523]},"properties":{"maxweight":"3.5"}},{"type":"Feature","geometry":{"type":"Point","coordinates":[9.4510812,54.174066]},"properties":{"maxweight":"38"}},{"type":"Feature","geometry":{"type":"Point","coordinates":[9.0959175,54.1916424]},"properties":{"maxweight":"3.5"}},{"type":"Feature","geometry":{"type":"Point","coordinates":[9.087645,54.2014017]},"properties":{"hgv":"no"}},{"type":"Feature","geometry":{"type":"Point","coordinates":[9.2808643,54.2148652]},"properties":{"hgv":"no"}},{"type":"Feature","geometry":{"type":"Point","coordinates":[9.0947347,54.368494]},"properties":{"maxheight":"3.9"}},{"type":"Feature","geometry":{"type":"Point","coordinates":[9.7076962,54.3826611]},"properties":{"maxweight":"3.5"}},{"type":"Feature","geometry":{"type":"Point","coordinates":[9.0907468,54.3753659]},"properties":{"maxweight":"30"}},{"type":"Feature","geometry":{"type":"Point","coordinates":[9.5034259,54.5055078]},"properties":{"maxheight":"default"}},{"type":"Feature","geometry":{"type":"Point","coordinates":[9.0897776,54.497821]},"properties":{"maxheight":"default"}},{"type":"Feature","geometry":{"type":"Point","coordinates":[9.726358,54.3934531]},"properties":{"maxweight":"5"}},{"type":"Feature","geometry":{"type":"Point","coordinates":[9.9334793,54.0027087]},"properties":{"maxheight":"default"}},{"type":"Feature","geometry":{"type":"Point","coordinates":[9.9342303,54.0020704]},"properties":{"maxheight":"default"}},{"type":"Feature","geometry":{"type":"Point","coordinates":[9.8171408,54.4163365]},"properties":{"hgv":"destination"}},{"type":"Feature","geometry":{"type":"Point","coordinates":[9.8394038,54.1590524]},"properties":{"maxweight":"16"}},{"type":"Feature","geometry":{"type":"Point","coordinates":[9.8706733,54.150518]},"properties":{"maxweight":"16"}},{"type":"Feature","geometry":{"type":"Point","coordinates":[9.6888633,54.2858504]},"properties":{"maxheight":"default"}},{"type":"Feature","geometry":{"type":"Point","coordinates":[9.9093088,54.0693198]},"properties":{"maxweight":"7.5"}},{"type":"Feature","geometry":{"type":"Point","coordinates":[9.8027376,54.1431623]},"properties":{"maxweight":"7.5"}},{"type":"Feature","geometry":{"type":"Point","coordinates":[9.8151112,54.1439968]},"properties":{"maxweight":"7.5"}},{"type":"Feature","geometry":{"type":"Point","coordinates":[9.4648109,54.6398826]},"properties":{"maxweight":"12"}},{"type":"Feature","geometry":{"type":"Point","coordinates":[9.7670338,54.3204611]},"properties":{"maxweight":"7.5"}},{"type":"Feature","geometry":{"type":"Point","coordinates":[9.4750632,54.7875146]},"properties":{"maxweight":"3.5 t"}},{"type":"Feature","geometry":{"type":"Point","coordinates":[9.4789538,54.5206262]},"properties":{"maxheight":"none"}},{"type":"Feature","geometry":{"type":"Point","coordinates":[9.6368308,54.3979322]},"properties":{"maxweight":"10"}},{"type":"Feature","geometry":{"type":"Point","coordinates":[9.9186294,54.1834866]},"properties":{"hgv":"no"}},{"type":"Feature","geometry":{"type":"Point","coordinates":[9.6684017,54.2925188]},"properties":{"maxweight":"2.8"}},{"type":"Feature","geometry":{"type":"Point","coordinates":[9.5235952,54.8125876]},"properties":{"maxwidth":"3"}},{"type":"Feature","geometry":{"type":"Point","coordinates":[9.9336871,54.01413]},"properties":{"hgv":"no"}},{"type":"Feature","geometry":{"type":"Point","coordinates":[9.523309,54.4499209]},"properties":{"hgv":"no"}},{"type":"Feature","geometry":{"type":"Point","coordinates":[9.8716714,54.1540655]},"properties":{"maxweight":"7.5"}},{"type":"Feature","geometry":{"type":"Point","coordinates":[9.8536984,54.1497186]},"properties":{"maxweight":"7.5"}},{"type":"Feature","geometry":{"type":"Point","coordinates":[9.8817351,54.5214953]},"properties":{"maxheight":"default"}},{"type":"Feature","geometry":{"type":"Point","coordinates":[9.8221595,54.5813693]},"properties":{"maxwidth":"2.55"}},{"type":"Feature","geometry":{"type":"Point","coordinates":[9.5212071,54.4371421]},"properties":{"hgv":"destination"}},{"type":"Feature","geometry":{"type":"Point","coordinates":[9.6445633,54.2999179]},"properties":{"maxweight":"1.5"}},{"type":"Feature","geometry":{"type":"Point","coordinates":[9.660544,54.3100464]},"properties":{"maxheight":"2"}},{"type":"Feature","geometry":{"type":"Point","coordinates":[9.7231077,54.7272161]},"properties":{"hgv":"no"}},{"type":"Feature","geometry":{"type":"Point","coordinates":[9.7184215,54.7248704]},"properties":{"hgv":"no"}},{"type":"Feature","geometry":{"type":"Point","coordinates":[9.9773475,54.0544538]},"properties":{"maxweight":"30"}},{"type":"Feature","geometry":{"type":"Point","coordinates":[9.9239836,54.0573828]},"properties":{"maxheight":"default"}},{"type":"Feature","geometry":{"type":"Point","coordinates":[9.8588691,54.0415756]},"properties":{"maxwidth":"3","maxweight":"15"}},{"type":"Feature","geometry":{"type":"Point","coordinates":[9.9795418,54.0671088]},"properties":{"maxweight":"3.5"}},{"type":"Feature","geometry":{"type":"Point","coordinates":[9.9898889,54.0747348]},"properties":{"maxweight":"16"}},{"type":"Feature","geometry":{"type":"Point","coordinates":[9.9926676,54.0763058]},"properties":{"maxweight":"16"}},{"type":"Feature","geometry":{"type":"Point","coordinates":[9.8312759,54.4639377]},"properties":{"hgv":"destination"}},{"type":"Feature","geometry":{"type":"Point","coordinates":[9.8245242,54.4613795]},"properties":{"hgv":"destination"}},{"type":"Feature","geometry":{"type":"Point","coordinates":[9.8258969,54.4753272]},"properties":{"maxweight":"7.5"}},{"type":"Feature","geometry":{"type":"Point","coordinates":[9.0820115,54.1635034]},"properties":{"maxweight":"5.5"}},{"type":"Feature","geometry":{"type":"Point","coordinates":[9.4664554,54.7880061]},"properties":{"maxweight":"16"}},{"type":"Feature","geometry":{"type":"Point","coordinates":[9.8561742,54.1643465]},"properties":{"maxheight":"default"}},{"type":"Feature","geometry":{"type":"Point","coordinates":[9.5309409,54.1078981]},"properties":{"maxweight":"10"}},{"type":"Feature","geometry":{"type":"Point","coordinates":[9.5730503,54.0044426]},"properties":{"maxweight":"5.5"}},{"type":"Feature","geometry":{"type":"Point","coordinates":[9.4879885,54.0623644]},"properties":{"maxweight":"5.5"}},{"type":"Feature","geometry":{"type":"Point","coordinates":[9.4641653,54.0426944]},"properties":{"maxweight":"5.5"}},{"type":"Feature","geometry":{"type":"Point","coordinates":[9.6508863,54.7854903]},"properties":{"hgv":"no"}},{"type":"Feature","geometry":{"type":"Point","coordinates":[9.7216605,54.7377076]},"properties":{"hgv":"no"}},{"type":"Feature","geometry":{"type":"Point","coordinates":[9.0317599,54.0896331]},"properties":{"maxweight":"12"}},{"type":"Feature","geometry":{"type":"Point","coordinates":[9.0336932,54.0916186]},"properties":{"maxweight":"12"}},{"type":"Feature","geometry":{"type":"Point","coordinates":[9.5063791,54.0635616]},"properties":{"maxweight":"5.5"}},{"type":"Feature","geometry":{"type":"Point","coordinates":[9.8138677,54.7034648]},"properties":{"maxweight":"3.5"}},{"type":"Feature","geometry":{"type":"Point","coordinates":[9.4984885,54.7094654]},"properties":{"maxweight":"3.5"}},{"type":"Feature","geometry":{"type":"Point","coordinates":[9.8794582,54.1081556]},"properties":{"maxweight":"7.5"}},{"type":"Feature","geometry":{"type":"Point","coordinates":[9.883029,54.1109524]},"properties":{"maxweight":"7.5"}},{"type":"Feature","geometry":{"type":"Point","coordinates":[9.9026056,54.3466299]},"properties":{"maxweight":"2.5"}},{"type":"Feature","geometry":{"type":"Point","coordinates":[9.5986159,54.3076362]},"properties":{"hgv":"no"}},{"type":"Feature","geometry":{"type":"Point","coordinates":[9.8706218,54.5087806]},"properties":{"maxheight":"default"}},{"type":"Feature","geometry":{"type":"Point","coordinates":[9.8876253,54.5166711]},"properties":{"maxheight":"default"}},{"type":"Feature","geometry":{"type":"Point","coordinates":[9.0349149,54.4669836]},"properties":{"maxweight":"16"}},{"type":"Feature","geometry":{"type":"Point","coordinates":[9.9467567,54.6267004]},"properties":{"hgv":"agricultural"}},{"type":"Feature","geometry":{"type":"Point","coordinates":[9.7374986,54.3670574]},"properties":{"maxweight":"16"}},{"type":"Feature","geometry":{"type":"Point","coordinates":[9.7364756,54.3675045]},"properties":{"maxweight":"16"}},{"type":"Feature","geometry":{"type":"Point","coordinates":[9.8408486,54.1773357]},"properties":{"maxheight":"2.8"}},{"type":"Feature","geometry":{"type":"Point","coordinates":[9.9276954,54.0722205]},"properties":{"maxweight":"7.5"}},{"type":"Feature","geometry":{"type":"Point","coordinates":[9.9276954,54.0722205]},"properties":{"maxweight":"7.5"}},{"type":"Feature","geometry":{"type":"Point","coordinates":[9.2929996,54.1279476]},"properties":{"maxweight":"12"}},{"type":"Feature","geometry":{"type":"Point","coordinates":[9.307519,54.1222012]},"properties":{"maxweight":"12"}},{"type":"Feature","geometry":{"type":"Point","coordinates":[9.2206966,54.1588275]},"properties":{"maxweight":"20"}},{"type":"Feature","geometry":{"type":"Point","coordinates":[9.2467641,54.1554305]},"properties":{"maxheight":"3"}},{"type":"Feature","geometry":{"type":"Point","coordinates":[9.9780396,54.1292196]},"properties":{"maxweight":"3.5"}},{"type":"Feature","geometry":{"type":"Point","coordinates":[9.7063608,54.3439527]},"properties":{"maxheight":"4"}},{"type":"Feature","geometry":{"type":"Point","coordinates":[9.8199334,54.4347354]},"properties":{"hgv":"destination"}},{"type":"Feature","geometry":{"type":"Point","coordinates":[9.8233556,54.4332425]},"properties":{"hgv":"destination"}},{"type":"Feature","geometry":{"type":"Point","coordinates":[9.8219058,54.4335297]},"properties":{"hgv":"destination"}},{"type":"Feature","geometry":{"type":"Point","coordinates":[9.8245914,54.4338963]},"properties":{"hgv":"destination"}},{"type":"Feature","geometry":{"type":"Point","coordinates":[9.8299778,54.4305521]},"properties":{"hgv":"agricultural"}},{"type":"Feature","geometry":{"type":"Point","coordinates":[9.4787869,54.2520624]},"properties":{"maxweight":"12"}},{"type":"Feature","geometry":{"type":"Point","coordinates":[9.9123692,54.061424]},"properties":{"maxweight":"7.5"}},{"type":"Feature","geometry":{"type":"Point","coordinates":[9.7812555,54.6194179]},"properties":{"maxweight":"12"}},{"type":"Feature","geometry":{"type":"Point","coordinates":[9.7642855,54.4776199]},"properties":{"maxweight":"7.5"}},{"type":"Feature","geometry":{"type":"Point","coordinates":[9.8349509,54.4531698]},"properties":{"maxheight":"2.6"}},{"type":"Feature","geometry":{"type":"Point","coordinates":[9.8825007,54.1996647]},"properties":{"maxheight":"default"}},{"type":"Feature","geometry":{"type":"Point","coordinates":[9.9531419,54.1211527]},"properties":{"maxheight":"4"}},{"type":"Feature","geometry":{"type":"Point","coordinates":[9.8536789,54.2099583]},"properties":{"hgv":"no"}},{"type":"Feature","geometry":{"type":"Point","coordinates":[9.9304435,54.1300214]},"properties":{"maxweight":"7.5"}},{"type":"Feature","geometry":{"type":"Point","coordinates":[9.8267657,54.5762039]},"properties":{"maxwidth":"2.55"}},{"type":"Feature","geometry":{"type":"Point","coordinates":[9.8845034,54.5212965]},"properties":{"maxheight":"default"}},{"type":"Feature","geometry":{"type":"Point","coordinates":[9.885431,54.5206319]},"properties":{"maxheight":"default"}},{"type":"Feature","geometry":{"type":"Point","coordinates":[9.8967947,54.5207141]},"properties":{"maxheight":"default"}},{"type":"Feature","geometry":{"type":"Point","coordinates":[9.8951814,54.5236627]},"properties":{"maxheight":"default"}},{"type":"Feature","geometry":{"type":"Point","coordinates":[9.8229829,54.4138377]},"properties":{"hgv":"destination"}},{"type":"Feature","geometry":{"type":"Point","coordinates":[9.2378807,54.6884155]},"properties":{"maxweight":"16"}},{"type":"Feature","geometry":{"type":"Point","coordinates":[9.2322687,54.6846576]},"properties":{"maxweight":"16"}},{"type":"Feature","geometry":{"type":"Point","coordinates":[9.2254108,54.679273]},"properties":{"maxweight":"16"}},{"type":"Feature","geometry":{"type":"Point","coordinates":[9.0462885,54.2202046]},"properties":{"maxweight":"12"}},{"type":"Feature","geometry":{"type":"Point","coordinates":[9.1144466,54.1656355]},"properties":{"maxweight":"5.5"}},{"type":"Feature","geometry":{"type":"Point","coordinates":[9.549338,54.0279971]},"properties":{"maxweight":"5.5"}},{"type":"Feature","geometry":{"type":"Point","coordinates":[9.202864,54.7566166]},"properties":{"maxweight":"5.5"}},{"type":"Feature","geometry":{"type":"Point","coordinates":[9.291921,54.1674442]},"properties":{"maxweight":"9"}},{"type":"Feature","geometry":{"type":"Point","coordinates":[9.9804108,54.0714318]},"properties":{"maxweight":"42"}},{"type":"Feature","geometry":{"type":"Point","coordinates":[9.2912569,54.1387399]},"properties":{"goods":"yes"}},{"type":"Feature","geometry":{"type":"Point","coordinates":[9.2724723,54.1650066]},"properties":{"maxweight":"9"}},{"type":"Feature","geometry":{"type":"Point","coordinates":[9.2721669,54.1291851]},"properties":{"hgv":"agricultural"}},{"type":"Feature","geometry":{"type":"Point","coordinates":[9.4742744,54.050726]},"properties":{"maxweight":"5.5"}},{"type":"Feature","geometry":{"type":"Point","coordinates":[9.5497233,54.486497]},"properties":{"hgv":"no"}},{"type":"Feature","geometry":{"type":"Point","coordinates":[9.4827719,54.144928]},"properties":{"hgv":"agricultural"}},{"type":"Feature","geometry":{"type":"Point","coordinates":[9.5419703,54.5040816]},"properties":{"hgv":"no"}},{"type":"Feature","geometry":{"type":"Point","coordinates":[9.386725,54.3213599]},"properties":{"maxweight":"16"}},{"type":"Feature","geometry":{"type":"Point","coordinates":[9.4685196,54.6351252]},"properties":{"maxweight":"12"}},{"type":"Feature","geometry":{"type":"Point","coordinates":[9.7307213,54.3282521]},"properties":{"maxheight":"default"}},{"type":"Feature","geometry":{"type":"Point","coordinates":[9.7172255,54.3370402]},"properties":{"maxheight":"default"}},{"type":"Feature","geometry":{"type":"Point","coordinates":[9.5699573,54.7636257]},"properties":{"maxweight":"2.8"}},{"type":"Feature","geometry":{"type":"Point","coordinates":[9.7774113,54.102004]},"properties":{"maxweight":"16"}},{"type":"Feature","geometry":{"type":"Point","coordinates":[9.4348875,54.7457041]},"properties":{"hgv":"no"}},{"type":"Feature","geometry":{"type":"Point","coordinates":[9.4170067,54.8376471]},"properties":{"hgv":"no"}},{"type":"Feature","geometry":{"type":"Point","coordinates":[9.5372299,54.0344203]},"properties":{"maxweight":"5.5"}},{"type":"Feature","geometry":{"type":"Point","coordinates":[9.3898029,54.7576421]},"properties":{"hgv":"destination"}},{"type":"Feature","geometry":{"type":"Point","coordinates":[9.7987009,54.2602883]},"properties":{"maxweight":"7.5"}},{"type":"Feature","geometry":{"type":"Point","coordinates":[9.6637697,54.0774398]},"properties":{"maxweight":"7.5"}},{"type":"Feature","geometry":{"type":"Point","coordinates":[9.6791648,54.071049]},"properties":{"maxweight":"7.5"}},{"type":"Feature","geometry":{"type":"Point","coordinates":[9.6730837,54.0701559]},"properties":{"maxweight":"7.5"}},{"type":"Feature","geometry":{"type":"Point","coordinates":[9.6782925,54.0796092]},"properties":{"maxweight":"7.5"}},{"type":"Feature","geometry":{"type":"Point","coordinates":[9.5728025,54.3543086]},"properties":{"maxweight":"30"}},{"type":"Feature","geometry":{"type":"Point","coordinates":[9.8056552,54.2502462]},"properties":{"maxweight":"7.5"}},{"type":"Feature","geometry":{"type":"Point","coordinates":[9.811136,54.2499005]},"properties":{"maxweight":"7.5"}},{"type":"Feature","geometry":{"type":"Point","coordinates":[9.1092533,54.2118646]},"properties":{"hgv":"agricultural;forestry"}},{"type":"Feature","geometry":{"type":"Point","coordinates":[9.7352834,54.7693699]},"properties":{"hgv":"agricultural"}},{"type":"Feature","geometry":{"type":"Point","coordinates":[9.5262072,54.6921045]},"properties":{"hgv":"agricultural"}},{"type":"Feature","geometry":{"type":"Point","coordinates":[9.2946863,54.139162]},"properties":{"hgv":"agricultural","goods":"agricultural"}},{"type":"Feature","geometry":{"type":"Point","coordinates":[9.9150614,54.666532]},"properties":{"hgv":"no"}},{"type":"Feature","geometry":{"type":"Point","coordinates":[9.8855228,54.6035858]},"properties":{"maxweight":"3"}},{"type":"Feature","geometry":{"type":"Point","coordinates":[9.929499,54.7361181]},"properties":{"maxweight":"7.5"}},{"type":"Feature","geometry":{"type":"Point","coordinates":[9.9298137,54.7373809]},"properties":{"maxweight":"7.5"}},{"type":"Feature","geometry":{"type":"Point","coordinates":[9.5117268,54.5271874]},"properties":{"maxheight":"none"}},{"type":"Feature","geometry":{"type":"Point","coordinates":[9.4230759,54.7758285]},"properties":{"hgv":"no"}},{"type":"Feature","geometry":{"type":"Point","coordinates":[9.4231396,54.7767457]},"properties":{"hgv":"destination","maxweight":"7.5"}},{"type":"Feature","geometry":{"type":"Point","coordinates":[9.419843,54.7769404]},"properties":{"maxweight":"7.5"}},{"type":"Feature","geometry":{"type":"Point","coordinates":[9.4193928,54.7767715]},"properties":{"maxweight":"7.5"}},{"type":"Feature","geometry":{"type":"Point","coordinates":[9.3993698,54.758203]},"properties":{"maxheight":"3.8"}},{"type":"Feature","geometry":{"type":"Point","coordinates":[9.4183068,54.7654919]},"properties":{"maxheight":"4"}},{"type":"Feature","geometry":{"type":"Point","coordinates":[9.3186242,54.3075453]},"properties":{"goods":"yes"}},{"type":"Feature","geometry":{"type":"Point","coordinates":[9.4387954,54.1787109]},"properties":{"maxweight":"2.8"}},{"type":"Feature","geometry":{"type":"Point","coordinates":[9.4407752,54.1837495]},"properties":{"maxweight":"12"}},{"type":"Feature","geometry":{"type":"Point","coordinates":[9.4161369,54.2046784]},"properties":{"maxweight":"9"}},{"type":"Feature","geometry":{"type":"Point","coordinates":[9.2772866,54.2204812]},"properties":{"maxweight":"3.5"}},{"type":"Feature","geometry":{"type":"Point","coordinates":[9.0751042,54.0810073]},"properties":{"maxweight":"5.5"}},{"type":"Feature","geometry":{"type":"Point","coordinates":[9.0177575,54.1932792]},"properties":{"maxweight":"12"}},{"type":"Feature","geometry":{"type":"Point","coordinates":[9.9810589,54.1260354]},"properties":{"maxweight":"3.5"}},{"type":"Feature","geometry":{"type":"Point","coordinates":[9.9701751,54.1213461]},"properties":{"maxweight":"3.5"}},{"type":"Feature","geometry":{"type":"Point","coordinates":[9.9653158,54.1191613]},"properties":{"maxweight":"3.5"}},{"type":"Feature","geometry":{"type":"Point","coordinates":[9.533515,54.2697361]},"properties":{"hgv":"no"}},{"type":"Feature","geometry":{"type":"Point","coordinates":[9.2714009,54.0800422]},"properties":{"maxweight":"12"}},{"type":"Feature","geometry":{"type":"Point","coordinates":[9.5816824,54.211276]},"properties":{"maxweight":"16"}},{"type":"Feature","geometry":{"type":"Point","coordinates":[9.6965097,54.2991223]},"properties":{"maxheight":"default"}},{"type":"Feature","geometry":{"type":"Point","coordinates":[9.1721536,54.2543768]},"properties":{"hgv":"agricultural"}},{"type":"Feature","geometry":{"type":"Point","coordinates":[9.2268435,54.2565173]},"properties":{"maxweight":"15"}},{"type":"Feature","geometry":{"type":"Point","coordinates":[9.2274265,54.2583838]},"properties":{"maxweight":"15"}},{"type":"Feature","geometry":{"type":"Point","coordinates":[9.1504777,54.259046]},"properties":{"hgv":"agricultural"}},{"type":"Feature","geometry":{"type":"Point","coordinates":[9.1172258,54.2655468]},"properties":{"hgv":"destination"}},{"type":"Feature","geometry":{"type":"Point","coordinates":[9.0743807,54.0816566]},"properties":{"maxweight":"5.5"}},{"type":"Feature","geometry":{"type":"Point","coordinates":[9.534042,54.5530936]},"properties":{"maxweight":"5"}},{"type":"Feature","geometry":{"type":"Point","coordinates":[9.1513345,54.2420398]},"properties":{"maxweight":"6.5"}},{"type":"Feature","geometry":{"type":"Point","coordinates":[9.1527798,54.24053]},"properties":{"maxweight":"6.5"}},{"type":"Feature","geometry":{"type":"Point","coordinates":[9.8559624,54.4859554]},"properties":{"maxheight":"default"}},{"type":"Feature","geometry":{"type":"Point","coordinates":[9.5342737,54.4060967]},"properties":{"maxweight":"3.5"}},{"type":"Feature","geometry":{"type":"Point","coordinates":[9.4515818,54.6693855]},"properties":{"maxweight":"3.5"}},{"type":"Feature","geometry":{"type":"Point","coordinates":[9.5563298,54.4069775]},"properties":{"maxweight":"3.5"}},{"type":"Feature","geometry":{"type":"Point","coordinates":[9.3729907,54.1541943]},"properties":{"maxweight":"38"}},{"type":"Feature","geometry":{"type":"Point","coordinates":[9.1165357,54.1670834]},"properties":{"maxweight":"5.5"}},{"type":"Feature","geometry":{"type":"Point","coordinates":[9.7176674,54.0245465]},"properties":{"maxweight":"5.5"}},{"type":"Feature","geometry":{"type":"Point","coordinates":[9.708715,54.0123354]},"properties":{"maxweight":"5.5"}},{"type":"Feature","geometry":{"type":"Point","coordinates":[9.8243245,54.2914601]},"properties":{"hgv":"agricultural"}},{"type":"Feature","geometry":{"type":"Point","coordinates":[9.2029576,54.7577674]},"properties":{"maxweight":"5.5"}},{"type":"Feature","geometry":{"type":"Point","coordinates":[9.5922873,54.0003217]},"properties":{"maxweight":"5.5"}},{"type":"Feature","geometry":{"type":"Point","coordinates":[9.2030138,54.758118]},"properties":{"maxweight":"5.5"}},{"type":"Feature","geometry":{"type":"Point","coordinates":[9.4918367,54.0518023]},"properties":{"maxweight":"5.5"}},{"type":"Feature","geometry":{"type":"Point","coordinates":[9.4975692,54.3218414]},"properties":{"maxweight":"7.5"}},{"type":"Feature","geometry":{"type":"Point","coordinates":[9.4858487,54.0487812]},"properties":{"hgv":"no"}},{"type":"Feature","geometry":{"type":"Point","coordinates":[9.2326636,54.6592039]},"properties":{"hgv":"no"}},{"type":"Feature","geometry":{"type":"Point","coordinates":[9.5975676,54.0006816]},"properties":{"maxweight":"5.5"}},{"type":"Feature","geometry":{"type":"Point","coordinates":[9.5958064,54.0050254]},"properties":{"maxweight":"5.5"}},{"type":"Feature","geometry":{"type":"Point","coordinates":[9.6003518,54.0199005]},"properties":{"maxweight":"5.5"}},{"type":"Feature","geometry":{"type":"Point","coordinates":[9.6063048,54.0425834]},"properties":{"maxweight":"5.5"}},{"type":"Feature","geometry":{"type":"Point","coordinates":[9.6032367,54.0560559]},"properties":{"maxweight":"5"}},{"type":"Feature","geometry":{"type":"Point","coordinates":[9.2737709,54.026622]},"properties":{"maxweight":"12"}},{"type":"Feature","geometry":{"type":"Point","coordinates":[9.3086263,54.0664532]},"properties":{"maxweight":"9"}},{"type":"Feature","geometry":{"type":"Point","coordinates":[9.2966353,54.0194685]},"properties":{"maxweight":"7.5"}},{"type":"Feature","geometry":{"type":"Point","coordinates":[9.3126545,54.0708395]},"properties":{"maxheight":"none"}},{"type":"Feature","geometry":{"type":"Point","coordinates":[9.4467934,54.7926582]},"properties":{"maxheight":"none"}},{"type":"Feature","geometry":{"type":"Point","coordinates":[9.7646956,54.4752938]},"properties":{"maxweight":"7.5"}},{"type":"Feature","geometry":{"type":"Point","coordinates":[9.6047214,54.0233568]},"properties":{"maxweight":"8.5"}},{"type":"Feature","geometry":{"type":"Point","coordinates":[9.6034699,54.02327]},"properties":{"maxweight":"8.5"}},{"type":"Feature","geometry":{"type":"Point","coordinates":[9.5785553,54.4706279]},"properties":{"hgv":"no"}},{"type":"Feature","geometry":{"type":"Point","coordinates":[9.4030704,54.7758044]},"properties":{"maxheight":"30"}},{"type":"Feature","geometry":{"type":"Point","coordinates":[9.5590189,54.7534766]},"properties":{"hgv":"no"}},{"type":"Feature","geometry":{"type":"Point","coordinates":[9.5446993,54.752939]},"properties":{"maxweight":"3.5"}},{"type":"Feature","geometry":{"type":"Point","coordinates":[9.8813237,54.5211271]},"properties":{"maxheight":"default"}},{"type":"Feature","geometry":{"type":"Point","coordinates":[9.8842346,54.5222554]},"properties":{"maxheight":"default"}},{"type":"Feature","geometry":{"type":"Point","coordinates":[9.8838239,54.5221457]},"properties":{"maxheight":"default"}},{"type":"Feature","geometry":{"type":"Point","coordinates":[9.881604,54.5219796]},"properties":{"maxheight":"default"}},{"type":"Feature","geometry":{"type":"Point","coordinates":[9.8848572,54.5213169]},"properties":{"maxheight":"default"}},{"type":"Feature","geometry":{"type":"Point","coordinates":[9.8966409,54.5211165]},"properties":{"maxheight":"default"}},{"type":"Feature","geometry":{"type":"Point","coordinates":[9.1001778,54.195341]},"properties":{"maxheight":"none"}},{"type":"Feature","geometry":{"type":"Point","coordinates":[9.9783675,54.5493957]},"properties":{"hgv":"destination"}},{"type":"Feature","geometry":{"type":"Point","coordinates":[9.4179186,54.6818611]},"properties":{"maxheight":"default"}},{"type":"Feature","geometry":{"type":"Point","coordinates":[9.6553704,54.7730729]},"properties":{"maxweight":"7.5"}},{"type":"Feature","geometry":{"type":"Point","coordinates":[9.6711973,54.772283]},"properties":{"hgv":"no"}},{"type":"Feature","geometry":{"type":"Point","coordinates":[9.1091674,54.191622]},"properties":{"hgv":"destination"}},{"type":"Feature","geometry":{"type":"Point","coordinates":[9.6050715,54.3317389]},"properties":{"maxweight":"3.5"}},{"type":"Feature","geometry":{"type":"Point","coordinates":[9.5116997,54.0840543]},"properties":{"maxweight":"5.5"}},{"type":"Feature","geometry":{"type":"Point","coordinates":[9.5001473,54.0569472]},"properties":{"maxweight":"5.5"}},{"type":"Feature","geometry":{"type":"Point","coordinates":[9.4892214,54.0512713]},"properties":{"maxweight":"5.5"}},{"type":"Feature","geometry":{"type":"Point","coordinates":[9.6261173,54.577911]},"properties":{"maxheight":"below_default"}},{"type":"Feature","geometry":{"type":"Point","coordinates":[9.1440409,54.1887601]},"properties":{"hgv":"agricultural"}},{"type":"Feature","geometry":{"type":"Point","coordinates":[9.1388339,54.1961673]},"properties":{"hgv":"agricultural"}},{"type":"Feature","geometry":{"type":"Point","coordinates":[9.1264975,54.1929519]},"properties":{"hgv":"agricultural"}},{"type":"Feature","geometry":{"type":"Point","coordinates":[9.1318292,54.1891053]},"properties":{"hgv":"agricultural"}},{"type":"Feature","geometry":{"type":"Point","coordinates":[9.1348975,54.1904069]},"properties":{"hgv":"agricultural"}},{"type":"Feature","geometry":{"type":"Point","coordinates":[9.1250639,54.1906789]},"properties":{"hgv":"agricultural"}},{"type":"Feature","geometry":{"type":"Point","coordinates":[9.5940761,54.0825511]},"properties":{"hgv":"agricultural","maxweight":"7.5"}},{"type":"Feature","geometry":{"type":"Point","coordinates":[9.542316,54.5118753]},"properties":{"maxweight":"11"}},{"type":"Feature","geometry":{"type":"Point","coordinates":[9.1398623,54.1871879]},"properties":{"hgv":"agricultural"}},{"type":"Feature","geometry":{"type":"Point","coordinates":[9.1170613,54.1840895]},"properties":{"maxweight":"5.5"}},{"type":"Feature","geometry":{"type":"Point","coordinates":[9.1088635,54.1882943]},"properties":{"hgv":"destination"}},{"type":"Feature","geometry":{"type":"Point","coordinates":[9.1082357,54.188972]},"properties":{"hgv":"destination"}},{"type":"Feature","geometry":{"type":"Point","coordinates":[9.1236832,54.1882799]},"properties":{"hgv":"agricultural"}},{"type":"Feature","geometry":{"type":"Point","coordinates":[9.1614333,54.1846863]},"properties":{"hgv":"agricultural"}},{"type":"Feature","geometry":{"type":"Point","coordinates":[9.1471238,54.187807]},"properties":{"hgv":"agricultural"}},{"type":"Feature","geometry":{"type":"Point","coordinates":[9.1581876,54.1877083]},"properties":{"hgv":"agricultural"}},{"type":"Feature","geometry":{"type":"Point","coordinates":[9.1816714,54.1742456]},"properties":{"hgv":"no"}},{"type":"Feature","geometry":{"type":"Point","coordinates":[9.4200205,54.8070859]},"properties":{"maxweight":"1.5 t"}},{"type":"Feature","geometry":{"type":"Point","coordinates":[9.4200489,54.8068931]},"properties":{"maxweight":"1.5 t"}},{"type":"Feature","geometry":{"type":"Point","coordinates":[9.8184194,54.5853483]},"properties":{"maxwidth":"2.55"}},{"type":"Feature","geometry":{"type":"Point","coordinates":[9.9303756,54.179206]},"properties":{"hgv":"no"}},{"type":"Feature","geometry":{"type":"Point","coordinates":[9.930489,54.1783852]},"properties":{"hgv":"no"}},{"type":"Feature","geometry":{"type":"Point","coordinates":[9.9265132,54.1231953]},"properties":{"maxheight":"3.90"}},{"type":"Feature","geometry":{"type":"Point","coordinates":[9.844782,54.4587471]},"properties":{"hgv":"no"}},{"type":"Feature","geometry":{"type":"Point","coordinates":[9.023276,54.0626891]},"properties":{"maxweight":"5.5"}},{"type":"Feature","geometry":{"type":"Point","coordinates":[9.5876096,54.4033766]},"properties":{"maxweight":"7.5"}},{"type":"Feature","geometry":{"type":"Point","coordinates":[9.1143367,54.17841]},"properties":{"maxweight":"5.5"}},{"type":"Feature","geometry":{"type":"Point","coordinates":[9.7056282,54.1028207]},"properties":{"hgv":"destination"}},{"type":"Feature","geometry":{"type":"Point","coordinates":[9.722531,54.1278281]},"properties":{"hgv":"no"}},{"type":"Feature","geometry":{"type":"Point","coordinates":[9.717124,54.129836]},"properties":{"hgv":"agricultural"}},{"type":"Feature","geometry":{"type":"Point","coordinates":[9.7915858,54.1409395]},"properties":{"maxweight":"7.5"}},{"type":"Feature","geometry":{"type":"Point","coordinates":[9.7967701,54.1468758]},"properties":{"maxweight":"7.5"}},{"type":"Feature","geometry":{"type":"Point","coordinates":[9.7321209,54.1432569]},"properties":{"hgv":"no"}},{"type":"Feature","geometry":{"type":"Point","coordinates":[9.6883449,54.1337562]},"properties":{"maxweight":"3.5"}},{"type":"Feature","geometry":{"type":"Point","coordinates":[9.0941673,54.1924255]},"properties":{"hgv":"destination"}},{"type":"Feature","geometry":{"type":"Point","coordinates":[9.5600365,54.3654509]},"properties":{"hgv":"no","maxweight":"7.5"}},{"type":"Feature","geometry":{"type":"Point","coordinates":[9.7535436,54.6170362]},"properties":{"hgv":"no"}},{"type":"Feature","geometry":{"type":"Point","coordinates":[9.5574375,54.0047952]},"properties":{"maxweight":"5.5"}},{"type":"Feature","geometry":{"type":"Point","coordinates":[9.5991261,54.0715842]},"properties":{"maxweight":"5.5"}},{"type":"Feature","geometry":{"type":"Point","coordinates":[9.5529771,54.7623986]},"properties":{"hgv":"destination","maxweight":"3.5"}},{"type":"Feature","geometry":{"type":"Point","coordinates":[9.5299349,54.7645405]},"properties":{"hgv":"agricultural"}},{"type":"Feature","geometry":{"type":"Point","coordinates":[9.7892883,54.2596637]},"properties":{"maxweight":"5"}},{"type":"Feature","geometry":{"type":"Point","coordinates":[9.5135711,54.0016557]},"properties":{"maxweight":"5.5"}},{"type":"Feature","geometry":{"type":"Point","coordinates":[9.6378668,54.0001248]},"properties":{"maxweight":"5.5"}},{"type":"Feature","geometry":{"type":"Point","coordinates":[9.6451983,54.0113857]},"properties":{"maxweight":"5.5"}},{"type":"Feature","geometry":{"type":"Point","coordinates":[9.687818,54.0168075]},"properties":{"maxweight":"5.5"}},{"type":"Feature","geometry":{"type":"Point","coordinates":[9.6774871,54.0080549]},"properties":{"maxweight":"5.5"}},{"type":"Feature","geometry":{"type":"Point","coordinates":[9.8097322,54.7088889]},"properties":{"maxweight":"3.5"}},{"type":"Feature","geometry":{"type":"Point","coordinates":[9.7795273,54.112792]},"properties":{"maxweight":"10"}},{"type":"Feature","geometry":{"type":"Point","coordinates":[9.7851201,54.1151189]},"properties":{"maxweight":"10"}},{"type":"Feature","geometry":{"type":"Point","coordinates":[9.8281618,54.4725314]},"properties":{"maxheight":"2.8"}},{"type":"Feature","geometry":{"type":"Point","coordinates":[9.4818,54.7801787]},"properties":{"maxheight":"4"}},{"type":"Feature","geometry":{"type":"Point","coordinates":[9.5134719,54.2558863]},"properties":{"hgv":"no"}},{"type":"Feature","geometry":{"type":"Point","coordinates":[9.8395985,54.4845833]},"properties":{"maxweight":"30"}},{"type":"Feature","geometry":{"type":"Point","coordinates":[9.1535399,54.1953607]},"properties":{"hgv":"agricultural"}},{"type":"Feature","geometry":{"type":"Point","coordinates":[9.2498902,54.1927154]},"properties":{"maxweight":"9"}},{"type":"Feature","geometry":{"type":"Point","coordinates":[9.7678091,54.4049579]},"properties":{"hgv":"agricultural"}},{"type":"Feature","geometry":{"type":"Point","coordinates":[9.6238614,54.6105498]},"properties":{"maxweight":"5"}},{"type":"Feature","geometry":{"type":"Point","coordinates":[9.6261452,54.608018]},"properties":{"maxweight":"5"}},{"type":"Feature","geometry":{"type":"Point","coordinates":[9.6632709,54.311489]},"properties":{"hgv":"delivery"}},{"type":"Feature","geometry":{"type":"Point","coordinates":[9.6617881,54.3096029]},"properties":{"hgv":"no"}},{"type":"Feature","geometry":{"type":"Point","coordinates":[9.6622017,54.3103176]},"properties":{"hgv":"delivery"}},{"type":"Feature","geometry":{"type":"Point","coordinates":[9.2088249,54.0026497]},"properties":{"maxheight":"none"}},{"type":"Feature","geometry":{"type":"Point","coordinates":[9.7877872,54.7206027]},"properties":{"maxweight":"3.5"}},{"type":"Feature","geometry":{"type":"Point","coordinates":[9.4631782,54.7543479]},"properties":{"hgv":"no"}},{"type":"Feature","geometry":{"type":"Point","coordinates":[9.7429346,54.7235446]},"properties":{"hgv":"no"}},{"type":"Feature","geometry":{"type":"Point","coordinates":[9.8295536,54.4728276]},"properties":{"maxheight":"default"}},{"type":"Feature","geometry":{"type":"Point","coordinates":[9.9649597,54.1691951]},"properties":{"hgv":"agricultural"}},{"type":"Feature","geometry":{"type":"Point","coordinates":[9.5247549,54.7072238]},"properties":{"hgv":"destination"}},{"type":"Feature","geometry":{"type":"Point","coordinates":[9.5251515,54.7058321]},"properties":{"hgv":"destination"}},{"type":"Feature","geometry":{"type":"Point","coordinates":[9.2085602,54.1416485]},"properties":{"maxweight":"7.5"}},{"type":"Feature","geometry":{"type":"Point","coordinates":[9.2730153,54.0344933]},"properties":{"maxweight":"12"}},{"type":"Feature","geometry":{"type":"Point","coordinates":[9.3071613,54.0866833]},"properties":{"maxweight":"12"}},{"type":"Feature","geometry":{"type":"Point","coordinates":[9.8440975,54.4593861]},"properties":{"hgv":"no"}},{"type":"Feature","geometry":{"type":"Point","coordinates":[9.4364961,54.0283194]},"properties":{"maxweight":"5.5"}},{"type":"Feature","geometry":{"type":"Point","coordinates":[9.4367221,54.031677]},"properties":{"maxweight":"5.5"}},{"type":"Feature","geometry":{"type":"Point","coordinates":[9.4101439,54.0393059]},"properties":{"maxweight":"5.5"}},{"type":"Feature","geometry":{"type":"Point","coordinates":[9.4330461,54.0493605]},"properties":{"maxweight":"5.5"}},{"type":"Feature","geometry":{"type":"Point","coordinates":[9.9227373,54.0702401]},"properties":{"maxheight":"default"}},{"type":"Feature","geometry":{"type":"Point","coordinates":[9.4042937,54.7384569]},"properties":{"maxheight":"default"}},{"type":"Feature","geometry":{"type":"Point","coordinates":[9.0903623,54.4973876]},"properties":{"maxheight":"default"}},{"type":"Feature","geometry":{"type":"Point","coordinates":[9.0912037,54.4961207]},"properties":{"maxheight":"default"}},{"type":"Feature","geometry":{"type":"Point","coordinates":[9.525768,54.5315669]},"properties":{"maxheight":"none"}},{"type":"Feature","geometry":{"type":"Point","coordinates":[9.5172695,54.5306808]},"properties":{"maxheight":"none"}},{"type":"Feature","geometry":{"type":"Point","coordinates":[9.6574597,54.2842464]},"properties":{"maxheight":"default"}},{"type":"Feature","geometry":{"type":"Point","coordinates":[9.956914,54.1516415]},"properties":{"maxweight":"5"}},{"type":"Feature","geometry":{"type":"Point","coordinates":[9.9683269,54.1785992]},"properties":{"maxweight":"7.5"}},{"type":"Feature","geometry":{"type":"Point","coordinates":[9.9718301,54.1652132]},"properties":{"hgv":"agricultural"}},{"type":"Feature","geometry":{"type":"Point","coordinates":[9.9603997,54.6424152]},"properties":{"maxheight":"default"}},{"type":"Feature","geometry":{"type":"Point","coordinates":[9.8845138,54.5216734]},"properties":{"maxheight":"default"}},{"type":"Feature","geometry":{"type":"Point","coordinates":[9.8848266,54.5212619]},"properties":{"maxheight":"default"}},{"type":"Feature","geometry":{"type":"Point","coordinates":[9.8848222,54.5227522]},"properties":{"maxheight":"default"}},{"type":"Feature","geometry":{"type":"Point","coordinates":[9.8839987,54.5223552]},"properties":{"maxheight":"default"}},{"type":"Feature","geometry":{"type":"Point","coordinates":[9.8816719,54.5212062]},"properties":{"maxheight":"default"}},{"type":"Feature","geometry":{"type":"Point","coordinates":[9.847711,54.4998409]},"properties":{"maxheight":"none"}},{"type":"Feature","geometry":{"type":"Point","coordinates":[9.8375637,54.4936379]},"properties":{"maxheight":"none"}},{"type":"Feature","geometry":{"type":"Point","coordinates":[9.9826622,54.0417607]},"properties":{"maxheight":"none"}},{"type":"Feature","geometry":{"type":"Point","coordinates":[9.0806183,54.4725661]},"properties":{"maxheight":"default"}},{"type":"Feature","geometry":{"type":"Point","coordinates":[9.3249218,54.1638453]},"properties":{"maxweight":"7.5"}},{"type":"Feature","geometry":{"type":"Point","coordinates":[9.4454581,54.6512757]},"properties":{"maxweight":"12"}},{"type":"Feature","geometry":{"type":"Point","coordinates":[9.4422513,54.6552445]},"properties":{"maxweight":"12"}},{"type":"Feature","geometry":{"type":"Point","coordinates":[9.8193466,54.3645956]},"properties":{"maxweight":"38"}},{"type":"Feature","geometry":{"type":"Point","coordinates":[9.7326589,54.3316794]},"properties":{"maxheight":"default"}},{"type":"Feature","geometry":{"type":"Point","coordinates":[9.6638949,54.2286975]},"properties":{"maxweight":"12"}},{"type":"Feature","geometry":{"type":"Point","coordinates":[9.1682082,54.2828599]},"properties":{"maxweight":"5.5"}},{"type":"Feature","geometry":{"type":"Point","coordinates":[9.0884451,54.1961469]},"properties":{"maxweight":"1.5"}},{"type":"Feature","geometry":{"type":"Point","coordinates":[9.0883444,54.195881]},"properties":{"maxweight":"1.5"}},{"type":"Feature","geometry":{"type":"Point","coordinates":[9.0901058,54.1944366]},"properties":{"hgv":"no"}},{"type":"Feature","geometry":{"type":"Point","coordinates":[9.3511179,54.3663433]},"properties":{"maxweight":"16"}},{"type":"Feature","geometry":{"type":"Point","coordinates":[9.4144096,54.3526656]},"properties":{"maxweight":"16"}},{"type":"Feature","geometry":{"type":"Point","coordinates":[9.3491046,54.3686918]},"properties":{"maxweight":"30"}},{"type":"Feature","geometry":{"type":"Point","coordinates":[9.8225959,54.5809251]},"properties":{"maxwidth":"2.55"}},{"type":"Feature","geometry":{"type":"Point","coordinates":[9.9700644,54.0807562]},"properties":{"maxweight":"3.5"}},{"type":"Feature","geometry":{"type":"Point","coordinates":[9.9704869,54.0811419]},"properties":{"maxweight":"3.5"}},{"type":"Feature","geometry":{"type":"Point","coordinates":[9.9131519,54.4427289]},"properties":{"maxheight":"default"}},{"type":"Feature","geometry":{"type":"Point","coordinates":[9.1025075,54.1579596]},"properties":{"maxweight":"9"}},{"type":"Feature","geometry":{"type":"Point","coordinates":[9.1166623,54.1721088]},"properties":{"maxweight":"5.5"}},{"type":"Feature","geometry":{"type":"Point","coordinates":[9.1956439,54.1607397]},"properties":{"maxweight":"3.5"}},{"type":"Feature","geometry":{"type":"Point","coordinates":[9.6663152,54.3048731]},"properties":{"maxheight":"2.0"}},{"type":"Feature","geometry":{"type":"Point","coordinates":[9.0673982,54.1563372]},"properties":{"hgv":"agricultural"}},{"type":"Feature","geometry":{"type":"Point","coordinates":[9.0852748,54.1612749]},"properties":{"maxweight":"9"}},{"type":"Feature","geometry":{"type":"Point","coordinates":[9.0908401,54.0906444]},"properties":{"hgv":"no"}},{"type":"Feature","geometry":{"type":"Point","coordinates":[9.0745701,54.0851925]},"properties":{"maxweight":"3.5"}},{"type":"Feature","geometry":{"type":"Point","coordinates":[9.0766109,54.0898568]},"properties":{"hgv":"no"}},{"type":"Feature","geometry":{"type":"Point","coordinates":[9.0712258,54.0885767]},"properties":{"hgv":"no"}},{"type":"Feature","geometry":{"type":"Point","coordinates":[9.9818967,54.4067646]},"properties":{"maxweight":"3"}},{"type":"Feature","geometry":{"type":"Point","coordinates":[9.0715717,54.085851]},"properties":{"maxweight":"7.5"}},{"type":"Feature","geometry":{"type":"Point","coordinates":[9.6048791,54.0131836]},"properties":{"maxweight":"5.5"}},{"type":"Feature","geometry":{"type":"Point","coordinates":[9.6145146,54.0071373]},"properties":{"maxweight":"5.5"}},{"type":"Feature","geometry":{"type":"Point","coordinates":[9.6090551,54.0106925]},"properties":{"maxweight":"5.5"}},{"type":"Feature","geometry":{"type":"Point","coordinates":[9.6092969,54.0101309]},"properties":{"maxweight":"5.5"}},{"type":"Feature","geometry":{"type":"Point","coordinates":[9.6099089,54.0087826]},"properties":{"maxweight":"5.5"}},{"type":"Feature","geometry":{"type":"Point","coordinates":[9.4190061,54.7457012]},"properties":{"maxheight":"default"}},{"type":"Feature","geometry":{"type":"Point","coordinates":[9.6653374,54.3029935]},"properties":{"maxweight":"16"}},{"type":"Feature","geometry":{"type":"Point","coordinates":[9.6657741,54.3031909]},"properties":{"maxheight":"1.9"}},{"type":"Feature","geometry":{"type":"Point","coordinates":[9.2976734,54.0275108]},"properties":{"maxweight":"9"}},{"type":"Feature","geometry":{"type":"Point","coordinates":[9.5354012,54.4801606]},"properties":{"maxweight":"7.5"}},{"type":"Feature","geometry":{"type":"Point","coordinates":[9.5146224,54.4853953]},"properties":{"maxheight":"3.9"}},{"type":"Feature","geometry":{"type":"Point","coordinates":[9.513003,54.6614696]},"properties":{"maxweight":"9"}},{"type":"Feature","geometry":{"type":"Point","coordinates":[9.5118266,54.6638742]},"properties":{"maxweight":"9"}},{"type":"Feature","geometry":{"type":"Point","coordinates":[9.4161981,54.6441761]},"properties":{"hgv":"no"}},{"type":"Feature","geometry":{"type":"Point","coordinates":[9.2924065,54.0801218]},"properties":{"maxweight":"9"}},{"type":"Feature","geometry":{"type":"Point","coordinates":[9.31337,54.104826]},"properties":{"maxweight":"5.5"}},{"type":"Feature","geometry":{"type":"Point","coordinates":[9.5785711,54.4568756]},"properties":{"maxheight":"default"}},{"type":"Feature","geometry":{"type":"Point","coordinates":[9.4631383,54.6411632]},"properties":{"maxweight":"12"}},{"type":"Feature","geometry":{"type":"Point","coordinates":[9.4613833,54.6422603]},"properties":{"maxweight":"12"}},{"type":"Feature","geometry":{"type":"Point","coordinates":[9.4643811,54.6402433]},"properties":{"maxweight":"12"}},{"type":"Feature","geometry":{"type":"Point","coordinates":[9.4627688,54.6414178]},"properties":{"maxweight":"12"}},{"type":"Feature","geometry":{"type":"Point","coordinates":[9.4637443,54.6407215]},"properties":{"maxweight":"12"}},{"type":"Feature","geometry":{"type":"Point","coordinates":[9.3460036,54.7726146]},"properties":{"maxheight":"default"}},{"type":"Feature","geometry":{"type":"Point","coordinates":[9.5604311,54.3905164]},"properties":{"maxweight":"6"}},{"type":"Feature","geometry":{"type":"Point","coordinates":[9.5675715,54.5167754]},"properties":{"maxheight":"3.5"}},{"type":"Feature","geometry":{"type":"Point","coordinates":[9.9630908,54.1629545]},"properties":{"maxheight":"default"}},{"type":"Feature","geometry":{"type":"Point","coordinates":[9.95763,54.172602]},"properties":{"maxheight":"default"}},{"type":"Feature","geometry":{"type":"Point","coordinates":[9.568006,54.5179889]},"properties":{"maxweight":"2.5"}},{"type":"Feature","geometry":{"type":"Point","coordinates":[9.5674259,54.5194072]},"properties":{"maxwidth":"2"}},{"type":"Feature","geometry":{"type":"Point","coordinates":[9.5652604,54.5170721]},"properties":{"maxweight":"3.5"}},{"type":"Feature","geometry":{"type":"Point","coordinates":[9.5904535,54.8399493]},"properties":{"maxweight":"3.5"}},{"type":"Feature","geometry":{"type":"Point","coordinates":[9.0831432,54.5044445]},"properties":{"maxheight":"default"}},{"type":"Feature","geometry":{"type":"Point","coordinates":[9.7200622,54.7458448]},"properties":{"hgv":"destination"}},{"type":"Feature","geometry":{"type":"Point","coordinates":[9.1370419,54.2192305]},"properties":{"maxweight":"7.5"}},{"type":"Feature","geometry":{"type":"Point","coordinates":[9.703846,54.3782321]},"properties":{"maxweight":"3.5"}},{"type":"Feature","geometry":{"type":"Point","coordinates":[9.8072891,54.2071827]},"properties":{"hgv":"no"}},{"type":"Feature","geometry":{"type":"Point","coordinates":[9.4697106,54.009515]},"properties":{"maxweight":"5.5"}},{"type":"Feature","geometry":{"type":"Point","coordinates":[9.4787225,54.0050246]},"properties":{"maxweight":"12.5"}},{"type":"Feature","geometry":{"type":"Point","coordinates":[9.4807629,54.0052315]},"properties":{"maxweight":"12.5"}},{"type":"Feature","geometry":{"type":"Point","coordinates":[9.4715909,54.0000381]},"properties":{"maxweight":"12.5"}},{"type":"Feature","geometry":{"type":"Point","coordinates":[9.4736281,54.0037788]},"properties":{"maxweight":"12.5"}},{"type":"Feature","geometry":{"type":"Point","coordinates":[9.4684129,54.011541]},"properties":{"maxweight":"5.5"}},{"type":"Feature","geometry":{"type":"Point","coordinates":[9.4637707,54.0188862]},"properties":{"maxweight":"5.5"}},{"type":"Feature","geometry":{"type":"Point","coordinates":[9.5437727,54.4687391]},"properties":{"maxweight":"6"}},{"type":"Feature","geometry":{"type":"Point","coordinates":[9.5417407,54.5096532]},"properties":{"maxweight":"7.5"}},{"type":"Feature","geometry":{"type":"Point","coordinates":[9.5412768,54.5109533]},"properties":{"maxweight":"11"}},{"type":"Feature","geometry":{"type":"Point","coordinates":[9.7341797,54.0526435]},"properties":{"hgv":"destination"}},{"type":"Feature","geometry":{"type":"Point","coordinates":[9.6863642,54.0101309]},"properties":{"maxweight":"5.5"}},{"type":"Feature","geometry":{"type":"Point","coordinates":[9.6832702,54.0044482]},"properties":{"maxweight":"5.5"}},{"type":"Feature","geometry":{"type":"Point","coordinates":[9.6841085,54.0405797]},"properties":{"maxweight":"5.5"}},{"type":"Feature","geometry":{"type":"Point","coordinates":[9.7272737,54.0520369]},"properties":{"hgv":"destination"}},{"type":"Feature","geometry":{"type":"Point","coordinates":[9.9337183,54.187873]},"properties":{"hgv":"no"}},{"type":"Feature","geometry":{"type":"Point","coordinates":[9.9638413,54.0403872]},"properties":{"maxheight":"3.9"}},{"type":"Feature","geometry":{"type":"Point","coordinates":[9.075083,54.069883]},"properties":{"maxweight":"9"}},{"type":"Feature","geometry":{"type":"Point","coordinates":[9.2237696,54.0099242]},"properties":{"maxweight":"9"}},{"type":"Feature","geometry":{"type":"Point","coordinates":[9.264071,54.0249615]},"properties":{"maxweight":"9"}},{"type":"Feature","geometry":{"type":"Point","coordinates":[9.2771393,54.0194207]},"properties":{"maxweight":"9"}},{"type":"Feature","geometry":{"type":"Point","coordinates":[9.7838925,54.2456844]},"properties":{"maxweight":"7.5"}},{"type":"Feature","geometry":{"type":"Point","coordinates":[9.652173,54.0022071]},"properties":{"maxweight":"5.5"}},{"type":"Feature","geometry":{"type":"Point","coordinates":[9.6128896,54.0180065]},"properties":{"maxweight":"5.5"}},{"type":"Feature","geometry":{"type":"Point","coordinates":[9.6229562,54.0007206]},"properties":{"maxweight":"5.5"}},{"type":"Feature","geometry":{"type":"Point","coordinates":[9.6100736,54.0154374]},"properties":{"maxweight":"5.5"}},{"type":"Feature","geometry":{"type":"Point","coordinates":[9.6284282,54.0058527]},"properties":{"maxweight":"5.5"}},{"type":"Feature","geometry":{"type":"Point","coordinates":[9.6197611,54.0140764]},"properties":{"maxweight":"5.5"}},{"type":"Feature","geometry":{"type":"Point","coordinates":[9.6137935,54.0154989]},"properties":{"maxweight":"5.5"}},{"type":"Feature","geometry":{"type":"Point","coordinates":[9.3026364,54.0673733]},"properties":{"maxweight":"9"}},{"type":"Feature","geometry":{"type":"Point","coordinates":[9.3159494,54.07064]},"properties":{"maxheight":"50"}},{"type":"Feature","geometry":{"type":"Point","coordinates":[9.4398266,54.7827489]},"properties":{"maxheight":"3.8"}},{"type":"Feature","geometry":{"type":"Point","coordinates":[9.4755465,54.7655094]},"properties":{"hgv":"no"}},{"type":"Feature","geometry":{"type":"Point","coordinates":[9.6979429,54.3435907]},"properties":{"maxweight":"3.5"}},{"type":"Feature","geometry":{"type":"Point","coordinates":[9.9745695,54.0687137]},"properties":{"maxheight":"default"}},{"type":"Feature","geometry":{"type":"Point","coordinates":[9.7164465,54.4023475]},"properties":{"maxweight":"5"}},{"type":"Feature","geometry":{"type":"Point","coordinates":[9.7222845,54.3963656]},"properties":{"maxweight":"5"}},{"type":"Feature","geometry":{"type":"Point","coordinates":[9.5409907,54.5112996]},"properties":{"maxweight":"11"}},{"type":"Feature","geometry":{"type":"Point","coordinates":[9.542691,54.5118204]},"properties":{"maxweight":"11"}},{"type":"Feature","geometry":{"type":"Point","coordinates":[9.5425237,54.5121827]},"properties":{"maxweight":"11"}},{"type":"Feature","geometry":{"type":"Point","coordinates":[9.5402106,54.5113018]},"properties":{"maxweight":"11"}},{"type":"Feature","geometry":{"type":"Point","coordinates":[9.5416407,54.5106407]},"properties":{"maxweight":"7.5"}},{"type":"Feature","geometry":{"type":"Point","coordinates":[9.6583923,54.2815351]},"properties":{"maxheight":"default"}},{"type":"Feature","geometry":{"type":"Point","coordinates":[9.4445096,54.3643428]},"properties":{"maxweight":"3.5"}},{"type":"Feature","geometry":{"type":"Point","coordinates":[9.0495888,54.4735898]},"properties":{"maxheight":"2.2"}},{"type":"Feature","geometry":{"type":"Point","coordinates":[9.1337024,54.1020539]},"properties":{"hgv":"no"}},{"type":"Feature","geometry":{"type":"Point","coordinates":[9.1241936,54.1116568]},"properties":{"hgv":"no"}},{"type":"Feature","geometry":{"type":"Point","coordinates":[9.1233904,54.1082492]},"properties":{"hgv":"no"}},{"type":"Feature","geometry":{"type":"Point","coordinates":[9.1241936,54.1116568]},"properties":{"hgv":"no"}},{"type":"Feature","geometry":{"type":"Point","coordinates":[9.0614084,54.0164142]},"properties":{"maxweight":"7.5"}},{"type":"Feature","geometry":{"type":"Point","coordinates":[9.0853071,54.0138559]},"properties":{"maxweight":"7.5"}},{"type":"Feature","geometry":{"type":"Point","coordinates":[9.1010477,54.0122588]},"properties":{"maxweight":"7.5"}},{"type":"Feature","geometry":{"type":"Point","coordinates":[9.8956468,54.5237675]},"properties":{"maxheight":"default"}},{"type":"Feature","geometry":{"type":"Point","coordinates":[9.088576,54.0374981]},"properties":{"maxweight":"12.5"}},{"type":"Feature","geometry":{"type":"Point","coordinates":[9.0672827,54.0594502]},"properties":{"maxweight":"7.5"}},{"type":"Feature","geometry":{"type":"Point","coordinates":[9.0312229,54.0873606]},"properties":{"maxweight":"5.5"}},{"type":"Feature","geometry":{"type":"Point","coordinates":[9.0767096,54.0350929]},"properties":{"maxweight":"12.5"}},{"type":"Feature","geometry":{"type":"Point","coordinates":[9.1158026,54.1229753]},"properties":{"maxweight":"5.5"}},{"type":"Feature","geometry":{"type":"Point","coordinates":[9.5499999,54.481037]},"properties":{"hgv":"agricultural"}},{"type":"Feature","geometry":{"type":"Point","coordinates":[9.3893663,54.7379755]},"properties":{"maxheight":"4"}},{"type":"Feature","geometry":{"type":"Point","coordinates":[9.9718344,54.0818878]},"properties":{"maxweight":"3.5"}},{"type":"Feature","geometry":{"type":"Point","coordinates":[9.7743923,54.0231808]},"properties":{"maxweight":"12"}},{"type":"Feature","geometry":{"type":"Point","coordinates":[9.7786997,54.0348243]},"properties":{"maxweight":"5.5"}},{"type":"Feature","geometry":{"type":"Point","coordinates":[9.7470759,54.5732684]},"properties":{"hgv":"no"}},{"type":"Feature","geometry":{"type":"Point","coordinates":[9.38605,54.1807292]},"properties":{"maxweight":"9"}},{"type":"Feature","geometry":{"type":"Point","coordinates":[9.3210941,54.068707]},"properties":{"hgv":"no","goods":"no"}},{"type":"Feature","geometry":{"type":"Point","coordinates":[9.3266445,54.067647]},"properties":{"hgv":"no","goods":"no"}},{"type":"Feature","geometry":{"type":"Point","coordinates":[9.3230366,54.0683332]},"properties":{"hgv":"no","goods":"no"}},{"type":"Feature","geometry":{"type":"Point","coordinates":[9.3163068,54.0692246]},"properties":{"maxheight":"30"}},{"type":"Feature","geometry":{"type":"Point","coordinates":[9.0696138,54.1469362]},"properties":{"maxweight":"5.5"}},{"type":"Feature","geometry":{"type":"Point","coordinates":[9.1162849,54.1607785]},"properties":{"maxweight":"5.5"}},{"type":"Feature","geometry":{"type":"Point","coordinates":[9.6819351,54.2946155]},"properties":{"maxheight":"default"}},{"type":"Feature","geometry":{"type":"Point","coordinates":[9.7318973,54.3309268]},"properties":{"maxheight":"none"}},{"type":"Feature","geometry":{"type":"Point","coordinates":[9.6616639,54.3103982]},"properties":{"hgv":"no"}},{"type":"Feature","geometry":{"type":"Point","coordinates":[9.662767,54.309815]},"properties":{"hgv":"no"}},{"type":"Feature","geometry":{"type":"Point","coordinates":[9.6626256,54.310066]},"properties":{"hgv":"no"}},{"type":"Feature","geometry":{"type":"Point","coordinates":[9.6621885,54.3102948]},"properties":{"hgv":"no"}},{"type":"Feature","geometry":{"type":"Point","coordinates":[9.9634081,54.161066]},"properties":{"maxheight":"default"}},{"type":"Feature","geometry":{"type":"Point","coordinates":[9.8238226,54.4874065]},"properties":{"hgv":"no"}},{"type":"Feature","geometry":{"type":"Point","coordinates":[9.6583869,54.2977215]},"properties":{"maxheight":"3.1"}},{"type":"Feature","geometry":{"type":"Point","coordinates":[9.6592881,54.2978127]},"properties":{"maxheight":"2.65"}},{"type":"Feature","geometry":{"type":"Point","coordinates":[9.8242826,54.487333]},"properties":{"hgv":"no"}},{"type":"Feature","geometry":{"type":"Point","coordinates":[9.8236919,54.4871314]},"properties":{"hgv":"no"}},{"type":"Feature","geometry":{"type":"Point","coordinates":[9.4348443,54.0190988]},"properties":{"maxweight":"3.5"}},{"type":"Feature","geometry":{"type":"Point","coordinates":[9.8171841,54.4828669]},"properties":{"maxheight":"4"}},{"type":"Feature","geometry":{"type":"Point","coordinates":[9.9577177,54.1195601]},"properties":{"maxheight":"4"}},{"type":"Feature","geometry":{"type":"Point","coordinates":[9.9731587,54.1023962]},"properties":{"maxheight":"4"}},{"type":"Feature","geometry":{"type":"Point","coordinates":[9.9600959,54.1182569]},"properties":{"maxheight":"4"}},{"type":"Feature","geometry":{"type":"Point","coordinates":[9.9633942,54.1155051]},"properties":{"maxheight":"4"}},{"type":"Feature","geometry":{"type":"Point","coordinates":[9.5199563,54.5777245]},"properties":{"maxweight":"7.5"}},{"type":"Feature","geometry":{"type":"Point","coordinates":[9.4564935,54.8079689]},"properties":{"hgv":"no"}},{"type":"Feature","geometry":{"type":"Point","coordinates":[9.3544892,54.0793919]},"properties":{"maxweight":"5.5"}},{"type":"Feature","geometry":{"type":"Point","coordinates":[9.3540558,54.0792777]},"properties":{"maxweight":"5.5"}},{"type":"Feature","geometry":{"type":"Point","coordinates":[9.6306361,54.016156]},"properties":{"maxweight":"5.5"}},{"type":"Feature","geometry":{"type":"Point","coordinates":[9.6273876,54.0108565]},"properties":{"maxweight":"5.5"}},{"type":"Feature","geometry":{"type":"Point","coordinates":[9.4630347,54.8087902]},"properties":{"hgv":"no"}},{"type":"Feature","geometry":{"type":"Point","coordinates":[9.462416,54.8079201]},"properties":{"hgv":"no"}},{"type":"Feature","geometry":{"type":"Point","coordinates":[9.4138617,54.7917888]},"properties":{"hgv":"no"}},{"type":"Feature","geometry":{"type":"Point","coordinates":[9.2900617,54.0609001]},"properties":{"maxweight":"7.5"}},{"type":"Feature","geometry":{"type":"Point","coordinates":[9.3058305,54.0618689]},"properties":{"maxweight":"9"}},{"type":"Feature","geometry":{"type":"Point","coordinates":[9.9649692,54.1933285]},"properties":{"maxheight":"default"}},{"type":"Feature","geometry":{"type":"Point","coordinates":[9.2832381,54.0876234]},"properties":{"maxweight":"12"}},{"type":"Feature","geometry":{"type":"Point","coordinates":[9.4559832,54.7595929]},"properties":{"hgv":"no"}},{"type":"Feature","geometry":{"type":"Point","coordinates":[9.3109189,54.0681752]},"properties":{"maxweight":"9"}},{"type":"Feature","geometry":{"type":"Point","coordinates":[9.2994532,54.0852848]},"properties":{"maxweight":"12"}},{"type":"Feature","geometry":{"type":"Point","coordinates":[9.4238696,54.7896894]},"properties":{"maxheight":"2"}},{"type":"Feature","geometry":{"type":"Point","coordinates":[9.7827271,54.3168987]},"properties":{"maxweight":"3.5"}},{"type":"Feature","geometry":{"type":"Point","coordinates":[9.7747979,54.3161523]},"properties":{"maxweight":"7.5"}},{"type":"Feature","geometry":{"type":"Point","coordinates":[9.6755473,54.2821342]},"properties":{"maxheight":"default"}},{"type":"Feature","geometry":{"type":"Point","coordinates":[9.2964076,54.0902403]},"properties":{"maxweight":"9"}},{"type":"Feature","geometry":{"type":"Point","coordinates":[9.2908617,54.0721341]},"properties":{"maxweight":"9"}},{"type":"Feature","geometry":{"type":"Point","coordinates":[9.2982742,54.0465959]},"properties":{"maxweight":"5.5"}},{"type":"Feature","geometry":{"type":"Point","coordinates":[9.6733249,54.3643649]},"properties":{"hgv":"yes"}},{"type":"Feature","geometry":{"type":"Point","coordinates":[9.670171,54.3653195]},"properties":{"hgv":"yes"}},{"type":"Feature","geometry":{"type":"Point","coordinates":[9.5332736,54.2661859]},"properties":{"hgv":"no"}},{"type":"Feature","geometry":{"type":"Point","coordinates":[9.2489673,54.0890288]},"properties":{"maxweight":"9"}},{"type":"Feature","geometry":{"type":"Point","coordinates":[9.5644289,54.5159794]},"properties":{"maxheight":"2"}},{"type":"Feature","geometry":{"type":"Point","coordinates":[9.5651259,54.5160715]},"properties":{"maxheight":"2"}},{"type":"Feature","geometry":{"type":"Point","coordinates":[9.5539358,54.4075386]},"properties":{"maxweight":"3.5"}},{"type":"Feature","geometry":{"type":"Point","coordinates":[9.5470465,54.4068051]},"properties":{"maxweight":"3.5"}},{"type":"Feature","geometry":{"type":"Point","coordinates":[9.5396574,54.405985]},"properties":{"maxweight":"3.5"}},{"type":"Feature","geometry":{"type":"Point","coordinates":[9.2699062,54.3417023]},"properties":{"maxweight":"12"}},{"type":"Feature","geometry":{"type":"Point","coordinates":[9.2693535,54.3413615]},"properties":{"maxweight":"12"}},{"type":"Feature","geometry":{"type":"Point","coordinates":[9.26877,54.3409681]},"properties":{"maxweight":"12"}},{"type":"Feature","geometry":{"type":"Point","coordinates":[9.062902,54.0935753]},"properties":{"maxweight":"5"}},{"type":"Feature","geometry":{"type":"Point","coordinates":[9.2554913,54.012391]},"properties":{"maxweight":"9"}},{"type":"Feature","geometry":{"type":"Point","coordinates":[9.5372111,54.4968145]},"properties":{"hgv":"no"}},{"type":"Feature","geometry":{"type":"Point","coordinates":[9.5430257,54.5109841]},"properties":{"maxweight":"11"}},{"type":"Feature","geometry":{"type":"Point","coordinates":[9.2869745,54.2889295]},"properties":{"maxweight":"12"}},{"type":"Feature","geometry":{"type":"Point","coordinates":[9.3021494,54.2747183]},"properties":{"maxweight":"12"}},{"type":"Feature","geometry":{"type":"Point","coordinates":[9.2959993,54.2763901]},"properties":{"maxweight":"12"}},{"type":"Feature","geometry":{"type":"Point","coordinates":[9.3027328,54.2747102]},"properties":{"maxweight":"12"}},{"type":"Feature","geometry":{"type":"Point","coordinates":[9.2836954,54.1695841]},"properties":{"maxweight":"9"}},{"type":"Feature","geometry":{"type":"Point","coordinates":[9.4814267,54.0119904]},"properties":{"maxweight":"5.5"}},{"type":"Feature","geometry":{"type":"Point","coordinates":[9.0641845,54.0933382]},"properties":{"maxweight":"5"}},{"type":"Feature","geometry":{"type":"Point","coordinates":[9.5686896,54.5150206]},"properties":{"maxweight":"3.5"}},{"type":"Feature","geometry":{"type":"Point","coordinates":[9.2902072,54.0155222]},"properties":{"maxheight":"none","maxweight":"5"}},{"type":"Feature","geometry":{"type":"Point","coordinates":[9.4467548,54.23831]},"properties":{"maxweight":"12"}},{"type":"Feature","geometry":{"type":"Point","coordinates":[9.4233651,54.542611]},"properties":{"maxweight":"4.5"}},{"type":"Feature","geometry":{"type":"Point","coordinates":[9.429445,54.5372836]},"properties":{"maxweight":"4.5"}},{"type":"Feature","geometry":{"type":"Point","coordinates":[9.425327,54.5402274]},"properties":{"maxweight":"4.5"}},{"type":"Feature","geometry":{"type":"Point","coordinates":[9.5084907,54.525527]},"properties":{"hgv":"destination"}},{"type":"Feature","geometry":{"type":"Point","coordinates":[9.0688506,54.0931499]},"properties":{"maxweight":"7.5"}},{"type":"Feature","geometry":{"type":"Point","coordinates":[9.6801051,54.6266026]},"properties":{"maxweight":"1.5"}},{"type":"Feature","geometry":{"type":"Point","coordinates":[9.0714617,54.1512288]},"properties":{"hgv":"agricultural"}},{"type":"Feature","geometry":{"type":"Point","coordinates":[9.0679978,54.1525908]},"properties":{"hgv":"agricultural"}},{"type":"Feature","geometry":{"type":"Point","coordinates":[9.1461245,54.1964543]},"properties":{"maxwidth":"3.5"}},{"type":"Feature","geometry":{"type":"Point","coordinates":[9.5014497,54.7491223]},"properties":{"hgv":"no"}},{"type":"Feature","geometry":{"type":"Point","coordinates":[9.5053933,54.7475916]},"properties":{"hgv":"no"}},{"type":"Feature","geometry":{"type":"Point","coordinates":[9.4896092,54.5127021]},"properties":{"maxweight":"5"}},{"type":"Feature","geometry":{"type":"Point","coordinates":[9.3590359,54.0194762]},"properties":{"hgv":"agricultural"}},{"type":"Feature","geometry":{"type":"Point","coordinates":[9.3575179,54.0147925]},"properties":{"hgv":"agricultural"}},{"type":"Feature","geometry":{"type":"Point","coordinates":[9.8360432,54.4731062]},"properties":{"maxheight":"default"}},{"type":"Feature","geometry":{"type":"Point","coordinates":[9.6412708,54.0032727]},"properties":{"maxweight":"5.5"}},{"type":"Feature","geometry":{"type":"Point","coordinates":[9.6383161,54.0073086]},"properties":{"maxweight":"5.5"}},{"type":"Feature","geometry":{"type":"Point","coordinates":[9.48282,54.5971652]},"properties":{"maxheight":"4"}},{"type":"Feature","geometry":{"type":"Point","coordinates":[9.5109689,54.5857943]},"properties":{"maxheight":"30"}},{"type":"Feature","geometry":{"type":"Point","coordinates":[9.8344611,54.4527288]},"properties":{"maxheight":"2.6"}},{"type":"Feature","geometry":{"type":"Point","coordinates":[9.8342039,54.4527659]},"properties":{"maxheight":"2.6"}},{"type":"Feature","geometry":{"type":"Point","coordinates":[9.835182,54.4531287]},"properties":{"maxheight":"2.6"}},{"type":"Feature","geometry":{"type":"Point","coordinates":[9.3641395,54.0144283]},"properties":{"hgv":"agricultural"}},{"type":"Feature","geometry":{"type":"Point","coordinates":[9.3621952,54.0200634]},"properties":{"hgv":"agricultural"}},{"type":"Feature","geometry":{"type":"Point","coordinates":[9.4570098,54.0346878]},"properties":{"maxweight":"5.5"}},{"type":"Feature","geometry":{"type":"Point","coordinates":[9.7097875,54.3082452]},"properties":{"maxweight":"38"}},{"type":"Feature","geometry":{"type":"Point","coordinates":[9.6627691,54.3101408]},"properties":{"hgv":"delivery"}},{"type":"Feature","geometry":{"type":"Point","coordinates":[9.835326,54.4548576]},"properties":{"maxheight":"2.8","maxwidth":"2.0"}},{"type":"Feature","geometry":{"type":"Point","coordinates":[9.8355627,54.4547742]},"properties":{"maxheight":"3.8"}},{"type":"Feature","geometry":{"type":"Point","coordinates":[9.8194218,54.3624761]},"properties":{"maxweight":"38"}},{"type":"Feature","geometry":{"type":"Point","coordinates":[9.8333382,54.4519745]},"properties":{"maxheight":"2.6"}},{"type":"Feature","geometry":{"type":"Point","coordinates":[9.8334751,54.4519344]},"properties":{"maxheight":"2.6"}},{"type":"Feature","geometry":{"type":"Point","coordinates":[9.5726976,54.4704267]},"properties":{"maxweightrating:hgv":"7.5"}},{"type":"Feature","geometry":{"type":"Point","coordinates":[9.7232714,54.3857272]},"properties":{"maxweight":"7.5"}},{"type":"Feature","geometry":{"type":"Point","coordinates":[9.7232827,54.3817366]},"properties":{"maxweight":"7.5"}},{"type":"Feature","geometry":{"type":"Point","coordinates":[9.2614183,54.0419751]},"properties":{"maxweight":"12"}},{"type":"Feature","geometry":{"type":"Point","coordinates":[9.3915835,54.6686157]},"properties":{"hgv":"no"}},{"type":"Feature","geometry":{"type":"Point","coordinates":[9.4296395,54.7016401]},"properties":{"maxweight":"12"}},{"type":"Feature","geometry":{"type":"Point","coordinates":[9.420829,54.7043165]},"properties":{"maxweight":"12"}},{"type":"Feature","geometry":{"type":"Point","coordinates":[9.433977,54.7620446]},"properties":{"maxheight":"1.9"}},{"type":"Feature","geometry":{"type":"Point","coordinates":[9.4241331,54.7024101]},"properties":{"maxweight":"12"}},{"type":"Feature","geometry":{"type":"Point","coordinates":[9.277369,54.1384349]},"properties":{"maxweight":"7.5"}},{"type":"Feature","geometry":{"type":"Point","coordinates":[9.7709164,54.6380464]},"properties":{"hgv":"no"}},{"type":"Feature","geometry":{"type":"Point","coordinates":[9.7712027,54.6374717]},"properties":{"hgv":"no"}},{"type":"Feature","geometry":{"type":"Point","coordinates":[9.4150646,54.2058699]},"properties":{"maxweight":"9"}},{"type":"Feature","geometry":{"type":"Point","coordinates":[9.4155055,54.2053674]},"properties":{"maxweight":"9"}},{"type":"Feature","geometry":{"type":"Point","coordinates":[9.4146655,54.2102217]},"properties":{"maxweight":"9"}},{"type":"Feature","geometry":{"type":"Point","coordinates":[9.4140433,54.207285]},"properties":{"maxweight":"9"}},{"type":"Feature","geometry":{"type":"Point","coordinates":[9.5238092,54.5279293]},"properties":{"hgv":"agricultural"}},{"type":"Feature","geometry":{"type":"Point","coordinates":[9.2762419,54.0270435]},"properties":{"maxweight":"9"}},{"type":"Feature","geometry":{"type":"Point","coordinates":[9.2767753,54.0285525]},"properties":{"maxweight":"9"}},{"type":"Feature","geometry":{"type":"Point","coordinates":[9.5451772,54.4767352]},"properties":{"hgv":"no"}},{"type":"Feature","geometry":{"type":"Point","coordinates":[9.0730203,54.085193]},"properties":{"hgv":"no"}},{"type":"Feature","geometry":{"type":"Point","coordinates":[9.0489516,54.1133906]},"properties":{"maxweight":"5.5"}},{"type":"Feature","geometry":{"type":"Point","coordinates":[9.4628807,54.1223457]},"properties":{"maxlength":"10"}},{"type":"Feature","geometry":{"type":"Point","coordinates":[9.4955665,54.0618377]},"properties":{"maxweight":"5.5"}},{"type":"Feature","geometry":{"type":"Point","coordinates":[9.5533216,54.51329]},"properties":{"hgv":"no"}},{"type":"Feature","geometry":{"type":"Point","coordinates":[9.55267,54.5131599]},"properties":{"hgv":"no"}},{"type":"Feature","geometry":{"type":"Point","coordinates":[9.431799,54.7600533]},"properties":{"maxheight":"1.9"}},{"type":"Feature","geometry":{"type":"Point","coordinates":[9.3355559,54.7783323]},"properties":{"hgv":"no","maxheight":"3.25"}},{"type":"Feature","geometry":{"type":"Point","coordinates":[9.0595321,54.3731031]},"properties":{"maxweight":"15"}},{"type":"Feature","geometry":{"type":"Point","coordinates":[9.7417491,54.7672097]},"properties":{"hgv":"agricultural"}},{"type":"Feature","geometry":{"type":"Point","coordinates":[9.7191965,54.7479329]},"properties":{"hgv":"destination"}},{"type":"Feature","geometry":{"type":"Point","coordinates":[9.6829616,54.7105808]},"properties":{"maxheight":"2.6"}},{"type":"Feature","geometry":{"type":"Point","coordinates":[9.2653876,54.0006719]},"properties":{"maxweight":"7.5"}},{"type":"Feature","geometry":{"type":"Point","coordinates":[9.7074207,54.7602223]},"properties":{"hgv":"no"}},{"type":"Feature","geometry":{"type":"Point","coordinates":[9.6738384,54.7754696]},"properties":{"hgv":"agricultural"}},{"type":"Feature","geometry":{"type":"Point","coordinates":[9.270468,54.0226094]},"properties":{"maxweight":"9"}},{"type":"Feature","geometry":{"type":"Point","coordinates":[9.5005471,54.1604511]},"properties":{"hgv":"no"}},{"type":"Feature","geometry":{"type":"Point","coordinates":[9.9786396,54.0720626]},"properties":{"maxheight":"3.6"}},{"type":"Feature","geometry":{"type":"Point","coordinates":[9.9780676,54.0717004]},"properties":{"maxheight":"3.6"}},{"type":"Feature","geometry":{"type":"Point","coordinates":[9.1886474,54.2074552]},"properties":{"maxweight":"12"}},{"type":"Feature","geometry":{"type":"Point","coordinates":[9.7930924,54.72458]},"properties":{"maxweight":"5 t"}},{"type":"Feature","geometry":{"type":"Point","coordinates":[9.3301257,54.0241626]},"properties":{"maxweight":"5.5"}},{"type":"Feature","geometry":{"type":"Point","coordinates":[9.3210309,54.021425]},"properties":{"maxweight":"5.5"}},{"type":"Feature","geometry":{"type":"Point","coordinates":[9.3457514,54.0295841]},"properties":{"maxweight":"5.5"}},{"type":"Feature","geometry":{"type":"Point","coordinates":[9.3739942,54.0562452]},"properties":{"maxheight":"default"}},{"type":"Feature","geometry":{"type":"Point","coordinates":[9.1071603,54.0027387]},"properties":{"maxweight":"7.5"}},{"type":"Feature","geometry":{"type":"Point","coordinates":[9.5648794,54.5157559]},"properties":{"maxheight":"2"}},{"type":"Feature","geometry":{"type":"Point","coordinates":[9.5648794,54.5157559]},"properties":{"maxheight":"2"}},{"type":"Feature","geometry":{"type":"Point","coordinates":[9.5645809,54.5152467]},"properties":{"maxheight":"2"}},{"type":"Feature","geometry":{"type":"Point","coordinates":[9.5652088,54.5155945]},"properties":{"maxheight":"2"}},{"type":"Feature","geometry":{"type":"Point","coordinates":[9.8877218,54.523999]},"properties":{"maxheight":"4"}},{"type":"Feature","geometry":{"type":"Point","coordinates":[9.8173387,54.4831084]},"properties":{"maxheight":"2.1"}},{"type":"Feature","geometry":{"type":"Point","coordinates":[9.9841376,54.3296221]},"properties":{"maxweight":"16"}},{"type":"Feature","geometry":{"type":"Point","coordinates":[9.1232541,54.1057536]},"properties":{"hgv":"no"}},{"type":"Feature","geometry":{"type":"Point","coordinates":[9.1782451,54.5610442]},"properties":{"maxweight":"5.5"}},{"type":"Feature","geometry":{"type":"Point","coordinates":[9.4514213,54.6028514]},"properties":{"maxheight":"default"}},{"type":"Feature","geometry":{"type":"Point","coordinates":[9.1131001,54.8375258]},"properties":{"maxweight":"12"}},{"type":"Feature","geometry":{"type":"Point","coordinates":[9.0993529,54.1587912]},"properties":{"maxweight":"9"}},{"type":"Feature","geometry":{"type":"Point","coordinates":[9.1017656,54.1580323]},"properties":{"maxweight":"9"}},{"type":"Feature","geometry":{"type":"Point","coordinates":[9.423853,54.7775168]},"properties":{"maxweight":"7.5"}},{"type":"Feature","geometry":{"type":"Point","coordinates":[9.3257789,54.7777957]},"properties":{"maxheight":"3.9"}},{"type":"Feature","geometry":{"type":"Point","coordinates":[9.7614478,54.0159719]},"properties":{"maxweight":"5.5"}},{"type":"Feature","geometry":{"type":"Point","coordinates":[9.4376008,54.7840194]},"properties":{"maxheight":"default"}},{"type":"Feature","geometry":{"type":"Point","coordinates":[9.7991318,54.1346095]},"properties":{"maxweight":"7.5"}},{"type":"Feature","geometry":{"type":"Point","coordinates":[9.2658273,54.6173392]},"properties":{"maxweight":"5.5"}},{"type":"Feature","geometry":{"type":"Point","coordinates":[9.2517282,54.6221865]},"properties":{"maxweight":"5.5"}},{"type":"Feature","geometry":{"type":"Point","coordinates":[9.2977099,54.6065653]},"properties":{"hgv":"no"}},{"type":"Feature","geometry":{"type":"Point","coordinates":[9.5004988,54.041878]},"properties":{"maxweight":"5.5"}},{"type":"Feature","geometry":{"type":"Point","coordinates":[9.5433075,54.5224635]},"properties":{"maxweight":"3.5"}},{"type":"Feature","geometry":{"type":"Point","coordinates":[9.4317571,54.762038]},"properties":{"maxheight":"1.9"}},{"type":"Feature","geometry":{"type":"Point","coordinates":[9.4317826,54.7611051]},"properties":{"maxheight":"1.9"}},{"type":"Feature","geometry":{"type":"Point","coordinates":[9.4328375,54.7600703]},"properties":{"maxheight":"1.9"}},{"type":"Feature","geometry":{"type":"Point","coordinates":[9.0693229,54.0795948]},"properties":{"maxweight":"5.5"}},{"type":"Feature","geometry":{"type":"Point","coordinates":[9.0689629,54.0803921]},"properties":{"maxweight":"5.5"}},{"type":"Feature","geometry":{"type":"Point","coordinates":[9.4959791,54.7093113]},"properties":{"maxweight":"3.5"}},{"type":"Feature","geometry":{"type":"Point","coordinates":[9.4936731,54.7088441]},"properties":{"maxweight":"3.5"}},{"type":"Feature","geometry":{"type":"Point","coordinates":[9.8954457,54.517925]},"properties":{"maxheight":"default"}},{"type":"Feature","geometry":{"type":"Point","coordinates":[9.4925417,54.5132811]},"properties":{"maxweight":"5"}},{"type":"Feature","geometry":{"type":"Point","coordinates":[9.8262086,54.3405869]},"properties":{"hgv":"no","goods":"no"}},{"type":"Feature","geometry":{"type":"Point","coordinates":[9.4727745,54.1508742]},"properties":{"hgv":"agricultural"}},{"type":"Feature","geometry":{"type":"Point","coordinates":[9.4603363,54.1695941]},"properties":{"hgv":"agricultural"}},{"type":"Feature","geometry":{"type":"Point","coordinates":[9.2953422,54.0140388]},"properties":{"maxheight":"42"}},{"type":"Feature","geometry":{"type":"Point","coordinates":[9.076291,54.0493019]},"properties":{"maxweight":"7.5"}},{"type":"Feature","geometry":{"type":"Point","coordinates":[9.1112549,54.0254588]},"properties":{"maxweight":"9"}},{"type":"Feature","geometry":{"type":"Point","coordinates":[9.0925556,54.0385429]},"properties":{"maxweight":"12.5"}},{"type":"Feature","geometry":{"type":"Point","coordinates":[9.3496313,54.0300419]},"properties":{"maxweight":"5.5"}},{"type":"Feature","geometry":{"type":"Point","coordinates":[9.3473709,54.0296449]},"properties":{"maxweight":"5.5"}},{"type":"Feature","geometry":{"type":"Point","coordinates":[9.0019538,54.4459169]},"properties":{"maxweight":"16"}},{"type":"Feature","geometry":{"type":"Point","coordinates":[9.0451202,54.4712602]},"properties":{"maxweight":"16"}},{"type":"Feature","geometry":{"type":"Point","coordinates":[9.0467575,54.4797956]},"properties":{"maxweight":"3.5"}},{"type":"Feature","geometry":{"type":"Point","coordinates":[9.0378293,54.4856381]},"properties":{"maxweight":"3.5"}},{"type":"Feature","geometry":{"type":"Point","coordinates":[9.0498344,54.47354]},"properties":{"maxheight":"2.2"}},{"type":"Feature","geometry":{"type":"Point","coordinates":[9.0714624,54.470211]},"properties":{"hgv":"no","goods":"no"}},{"type":"Feature","geometry":{"type":"Point","coordinates":[9.0568314,54.4678959]},"properties":{"hgv":"no"}},{"type":"Feature","geometry":{"type":"Point","coordinates":[9.298581,54.0877082]},"properties":{"maxweight":"2.8"}},{"type":"Feature","geometry":{"type":"Point","coordinates":[9.713317,54.3081022]},"properties":{"maxweight":"38"}},{"type":"Feature","geometry":{"type":"Point","coordinates":[9.8660873,54.4732728]},"properties":{"maxweight":"12"}},{"type":"Feature","geometry":{"type":"Point","coordinates":[9.863229,54.4729027]},"properties":{"maxweight":"12"}},{"type":"Feature","geometry":{"type":"Point","coordinates":[9.8597161,54.4735585]},"properties":{"maxweight":"12"}},{"type":"Feature","geometry":{"type":"Point","coordinates":[9.860488,54.4732136]},"properties":{"maxweight":"12"}},{"type":"Feature","geometry":{"type":"Point","coordinates":[9.8646556,54.4730507]},"properties":{"maxweight":"12"}},{"type":"Feature","geometry":{"type":"Point","coordinates":[9.8675164,54.4734904]},"properties":{"maxweight":"12"}},{"type":"Feature","geometry":{"type":"Point","coordinates":[9.8589213,54.4739049]},"properties":{"maxweight":"12"}},{"type":"Feature","geometry":{"type":"Point","coordinates":[9.0711727,54.0844372]},"properties":{"maxweight":"7.5"}},{"type":"Feature","geometry":{"type":"Point","coordinates":[9.9849019,54.3459713]},"properties":{"maxweight":"38"}},{"type":"Feature","geometry":{"type":"Point","coordinates":[9.5752316,54.398923]},"properties":{"maxweight":"3.5"}},{"type":"Feature","geometry":{"type":"Point","coordinates":[9.5658061,54.4037248]},"properties":{"maxweight":"3.5"}},{"type":"Feature","geometry":{"type":"Point","coordinates":[9.4845444,54.0488158]},"properties":{"hgv":"no"}},{"type":"Feature","geometry":{"type":"Point","coordinates":[9.8193495,54.3645152]},"properties":{"goods":"yes","maxweight":"38"}},{"type":"Feature","geometry":{"type":"Point","coordinates":[9.8193466,54.3645956]},"properties":{"maxweight":"38"}},{"type":"Feature","geometry":{"type":"Point","coordinates":[9.7825897,54.1348495]},"properties":{"maxweight":"7.5"}},{"type":"Feature","geometry":{"type":"Point","coordinates":[9.7653622,54.1325583]},"properties":{"maxweight":"7.5"}},{"type":"Feature","geometry":{"type":"Point","coordinates":[9.7643283,54.4772844]},"properties":{"maxweight":"7.5"}},{"type":"Feature","geometry":{"type":"Point","coordinates":[9.684901,54.2875213]},"properties":{"maxheight":"default"}},{"type":"Feature","geometry":{"type":"Point","coordinates":[9.6685027,54.0707854]},"properties":{"maxweight":"7.5"}},{"type":"Feature","geometry":{"type":"Point","coordinates":[9.6681859,54.0567784]},"properties":{"maxweight":"7.5"}},{"type":"Feature","geometry":{"type":"Point","coordinates":[9.3661005,54.5784991]},"properties":{"maxweight":"12"}},{"type":"Feature","geometry":{"type":"Point","coordinates":[9.3653455,54.5787941]},"properties":{"maxweight":"12"}},{"type":"Feature","geometry":{"type":"Point","coordinates":[9.368175,54.5766785]},"properties":{"maxweight":"12"}},{"type":"Feature","geometry":{"type":"Point","coordinates":[9.8840483,54.1047741]},"properties":{"maxweight":"7.5"}},{"type":"Feature","geometry":{"type":"Point","coordinates":[9.0718236,54.0861994]},"properties":{"maxweight":"7.5"}},{"type":"Feature","geometry":{"type":"Point","coordinates":[9.4179367,54.5377313]},"properties":{"maxweight":"4.5"}},{"type":"Feature","geometry":{"type":"Point","coordinates":[9.0778827,54.4699779]},"properties":{"maxheight":"default"}},{"type":"Feature","geometry":{"type":"Point","coordinates":[9.9479861,54.7317779]},"properties":{"maxweight":"3.5"}},{"type":"Feature","geometry":{"type":"Point","coordinates":[9.7434276,54.0520212]},"properties":{"hgv":"destination"}},{"type":"Feature","geometry":{"type":"Point","coordinates":[9.7380079,54.0534181]},"properties":{"hgv":"destination"}},{"type":"Feature","geometry":{"type":"Point","coordinates":[9.9212795,54.0728862]},"properties":{"hgv":"no"}},{"type":"Feature","geometry":{"type":"Point","coordinates":[9.2719532,54.0129072]},"properties":{"maxheight":"4.5"}},{"type":"Feature","geometry":{"type":"Point","coordinates":[9.2779509,54.0023783]},"properties":{"maxweight":"9"}},{"type":"Feature","geometry":{"type":"Point","coordinates":[9.2750509,54.0020953]},"properties":{"maxweight":"5"}},{"type":"Feature","geometry":{"type":"Point","coordinates":[9.3592786,54.0031047]},"properties":{"maxweight":"5.5"}},{"type":"Feature","geometry":{"type":"Point","coordinates":[9.3198682,54.0017733]},"properties":{"maxweight":"5"}},{"type":"Feature","geometry":{"type":"Point","coordinates":[9.3283982,54.0009602]},"properties":{"maxweight":"5"}},{"type":"Feature","geometry":{"type":"Point","coordinates":[9.9257942,54.6591792]},"properties":{"maxheight":"3.9"}},{"type":"Feature","geometry":{"type":"Point","coordinates":[9.2101542,54.7790173]},"properties":{"maxweight":"15"}},{"type":"Feature","geometry":{"type":"Point","coordinates":[9.9992616,54.0860554]},"properties":{"maxheight":"2.2"}},{"type":"Feature","geometry":{"type":"Point","coordinates":[9.7340258,54.136523]},"properties":{"maxweight":"3.5"}},{"type":"Feature","geometry":{"type":"Point","coordinates":[9.4376815,54.78699]},"properties":{"maxheight":"4"}},{"type":"Feature","geometry":{"type":"Point","coordinates":[9.4397447,54.7817533]},"properties":{"maxheight":"3.9"}},{"type":"Feature","geometry":{"type":"Point","coordinates":[9.5413627,54.5115574]},"properties":{"maxheight":"below_default"}},{"type":"Feature","geometry":{"type":"Point","coordinates":[9.1412393,54.2760494]},"properties":{"hgv":"agricultural"}},{"type":"Feature","geometry":{"type":"Point","coordinates":[9.1511285,54.1920089]},"properties":{"hgv":"agricultural"}},{"type":"Feature","geometry":{"type":"Point","coordinates":[9.1561214,54.1884223]},"properties":{"hgv":"agricultural"}},{"type":"Feature","geometry":{"type":"Point","coordinates":[9.6405803,54.1916669]},"properties":{"maxweight":"7.5"}},{"type":"Feature","geometry":{"type":"Point","coordinates":[9.4380886,54.786987]},"properties":{"maxheight":"4"}},{"type":"Feature","geometry":{"type":"Point","coordinates":[9.104054,54.2229294]},"properties":{"hgv":"agricultural;forestry"}},{"type":"Feature","geometry":{"type":"Point","coordinates":[9.0331938,54.0914356]},"properties":{"maxweight":"12"}},{"type":"Feature","geometry":{"type":"Point","coordinates":[9.0997135,54.0784854]},"properties":{"maxweight":"3.5"}},{"type":"Feature","geometry":{"type":"Point","coordinates":[9.6890766,54.2854555]},"properties":{"maxheight":"default"}},{"type":"Feature","geometry":{"type":"Point","coordinates":[9.6815479,54.2961284]},"properties":{"maxheight":"default"}},{"type":"Feature","geometry":{"type":"Point","coordinates":[9.2531352,54.1924263]},"properties":{"maxweight":"9"}},{"type":"Feature","geometry":{"type":"Point","coordinates":[9.276596,54.1718558]},"properties":{"maxweight":"9"}},{"type":"Feature","geometry":{"type":"Point","coordinates":[9.2971598,54.0755275]},"properties":{"maxweight":"9"}},{"type":"Feature","geometry":{"type":"Point","coordinates":[9.0498191,54.4717262]},"properties":{"maxweight":"16"}},{"type":"Feature","geometry":{"type":"Point","coordinates":[9.281825,54.0177441]},"properties":{"maxheight":"none"}},{"type":"Feature","geometry":{"type":"Point","coordinates":[9.2891019,54.0166706]},"properties":{"maxheight":"none"}},{"type":"Feature","geometry":{"type":"Point","coordinates":[9.3040898,54.0161511]},"properties":{"maxweight":"6"}},{"type":"Feature","geometry":{"type":"Point","coordinates":[9.2604121,54.0256562]},"properties":{"maxweight":"12"}},{"type":"Feature","geometry":{"type":"Point","coordinates":[9.2505175,54.007893]},"properties":{"maxheight":"1.8"}},{"type":"Feature","geometry":{"type":"Point","coordinates":[9.2947601,54.0780945]},"properties":{"hgv":"no"}},{"type":"Feature","geometry":{"type":"Point","coordinates":[9.2864161,54.017339]},"properties":{"maxheight":"none"}},{"type":"Feature","geometry":{"type":"Point","coordinates":[9.2709591,54.0261586]},"properties":{"maxweight":"12"}},{"type":"Feature","geometry":{"type":"Point","coordinates":[9.0744249,54.0141532]},"properties":{"maxweight":"7.5"}},{"type":"Feature","geometry":{"type":"Point","coordinates":[9.0154624,54.112288]},"properties":{"maxweight":"1.5"}},{"type":"Feature","geometry":{"type":"Point","coordinates":[9.0551031,54.059049]},"properties":{"maxweight":"7.5"}},{"type":"Feature","geometry":{"type":"Point","coordinates":[9.0778381,54.0409215]},"properties":{"maxweight":"7.5"}},{"type":"Feature","geometry":{"type":"Point","coordinates":[9.0918247,54.0378807]},"properties":{"maxweight":"12.5"}},{"type":"Feature","geometry":{"type":"Point","coordinates":[9.0809051,54.0375313]},"properties":{"maxweight":"12.5"}},{"type":"Feature","geometry":{"type":"Point","coordinates":[9.8278495,54.4723069]},"properties":{"maxheight":"2.8"}},{"type":"Feature","geometry":{"type":"Point","coordinates":[9.275288,54.1106314]},"properties":{"maxweight":"12"}},{"type":"Feature","geometry":{"type":"Point","coordinates":[9.3079417,54.0593254]},"properties":{"maxweight":"12"}},{"type":"Feature","geometry":{"type":"Point","coordinates":[9.9546917,54.1207612]},"properties":{"maxheight":"4"}},{"type":"Feature","geometry":{"type":"Point","coordinates":[9.0628254,54.1608183]},"properties":{"maxweight":"5.5"}},{"type":"Feature","geometry":{"type":"Point","coordinates":[9.3460603,54.7726972]},"properties":{"maxheight":"default"}},{"type":"Feature","geometry":{"type":"Point","coordinates":[9.4208629,54.7693741]},"properties":{"maxheight":"default"}},{"type":"Feature","geometry":{"type":"Point","coordinates":[9.8145257,54.4841547]},"properties":{"maxheight":"default"}},{"type":"Feature","geometry":{"type":"Point","coordinates":[9.5706458,54.208589]},"properties":{"maxweight":"38"}},{"type":"Feature","geometry":{"type":"Point","coordinates":[9.1084995,54.1141655]},"properties":{"maxweight":"5.5"}},{"type":"Feature","geometry":{"type":"Point","coordinates":[9.3880466,54.0060267]},"properties":{"maxweight":"5.5"}},{"type":"Feature","geometry":{"type":"Point","coordinates":[9.6017476,54.0789173]},"properties":{"maxweight":"16"}},{"type":"Feature","geometry":{"type":"Point","coordinates":[9.0821782,54.1579284]},"properties":{"maxweight":"9"}},{"type":"Feature","geometry":{"type":"Point","coordinates":[9.9737188,54.1002531]},"properties":{"maxheight":"4"}},{"type":"Feature","geometry":{"type":"Point","coordinates":[9.9678094,54.1110425]},"properties":{"maxheight":"4"}},{"type":"Feature","geometry":{"type":"Point","coordinates":[9.5648251,54.5197752]},"properties":{"hgv":"no"}},{"type":"Feature","geometry":{"type":"Point","coordinates":[9.9626692,54.1578309]},"properties":{"maxheight":"default"}},{"type":"Feature","geometry":{"type":"Point","coordinates":[9.5388265,54.5080006]},"properties":{"maxheight":"default"}},{"type":"Feature","geometry":{"type":"Point","coordinates":[9.5358183,54.5066162]},"properties":{"maxheight":"default"}},{"type":"Feature","geometry":{"type":"Point","coordinates":[9.4928437,54.0015835]},"properties":{"maxweight":"5.5"}},{"type":"Feature","geometry":{"type":"Point","coordinates":[9.7585128,54.505042]},"properties":{"maxweight":"7.5"}},{"type":"Feature","geometry":{"type":"Point","coordinates":[9.6580952,54.2976175]},"properties":{"maxheight":"2.65"}},{"type":"Feature","geometry":{"type":"Point","coordinates":[9.6828006,54.3568113]},"properties":{"maxheight":"default"}},{"type":"Feature","geometry":{"type":"Point","coordinates":[9.8132434,54.2473746]},"properties":{"maxheight":"default"}},{"type":"Feature","geometry":{"type":"Point","coordinates":[9.7265445,54.331403]},"properties":{"maxheight":"default"}},{"type":"Feature","geometry":{"type":"Point","coordinates":[9.0372927,54.469554]},"properties":{"maxwidth":"25","maxlength":"130"}},{"type":"Feature","geometry":{"type":"Point","coordinates":[9.0368156,54.4692765]},"properties":{"maxwidth":"25","maxlength":"150"}},{"type":"Feature","geometry":{"type":"Point","coordinates":[9.2961887,54.0191514]},"properties":{"maxweight":"38"}},{"type":"Feature","geometry":{"type":"Point","coordinates":[9.3092223,54.0629427]},"properties":{"maxweight":"30"}},{"type":"Feature","geometry":{"type":"Point","coordinates":[9.7101145,54.3082044]},"properties":{"maxweight":"38"}},{"type":"Feature","geometry":{"type":"Point","coordinates":[9.7099349,54.3085055]},"properties":{"maxweight":"38"}},{"type":"Feature","geometry":{"type":"Point","coordinates":[9.7133536,54.3078214]},"properties":{"maxweight":"38"}},{"type":"Feature","geometry":{"type":"Point","coordinates":[9.713147,54.3081228]},"properties":{"maxweight":"38"}},{"type":"Feature","geometry":{"type":"Point","coordinates":[9.1081109,54.184927]},"properties":{"maxheight":"2.8"}},{"type":"Feature","geometry":{"type":"Point","coordinates":[9.2071473,54.7336011]},"properties":{"maxweight":"11"}},{"type":"Feature","geometry":{"type":"Point","coordinates":[9.171669,54.8116308]},"properties":{"hgv":"no","maxwidth":"2.2 m"}},{"type":"Feature","geometry":{"type":"Point","coordinates":[9.8304984,54.4510769]},"properties":{"maxheight":"2.8"}},{"type":"Feature","geometry":{"type":"Point","coordinates":[9.8301413,54.4507296]},"properties":{"maxheight":"2.8"}},{"type":"Feature","geometry":{"type":"Point","coordinates":[9.0063127,54.4354521]},"properties":{"maxweight":"18"}},{"type":"Feature","geometry":{"type":"Point","coordinates":[9.2257707,54.7776743]},"properties":{"maxweight":"15"}},{"type":"Feature","geometry":{"type":"Point","coordinates":[9.8344817,54.4747542]},"properties":{"hgv":"no"}},{"type":"Feature","geometry":{"type":"Point","coordinates":[9.8342755,54.4746149]},"properties":{"hgv":"no"}},{"type":"Feature","geometry":{"type":"Point","coordinates":[9.8101976,54.4843929]},"properties":{"maxheight":"3.2"}},{"type":"Feature","geometry":{"type":"Point","coordinates":[9.0831569,54.2375849]},"properties":{"hgv":"agricultural;forestry"}},{"type":"Feature","geometry":{"type":"Point","coordinates":[9.5442842,54.8382197]},"properties":{"maxweight":"7.5"}},{"type":"Feature","geometry":{"type":"Point","coordinates":[9.9666133,54.041557]},"properties":{"maxheight":"default"}},{"type":"Feature","geometry":{"type":"Point","coordinates":[9.2654763,54.0171123]},"properties":{"maxweight":"9"}},{"type":"Feature","geometry":{"type":"Point","coordinates":[9.2201424,54.0047464]},"properties":{"maxheight":"none","maxweight":"9"}},{"type":"Feature","geometry":{"type":"Point","coordinates":[9.2191083,54.0025445]},"properties":{"maxweight":"9"}},{"type":"Feature","geometry":{"type":"Point","coordinates":[9.4339675,54.7432889]},"properties":{"hgv":"no"}},{"type":"Feature","geometry":{"type":"Point","coordinates":[9.0835818,54.1594236]},"properties":{"maxheight":"2.7"}},{"type":"Feature","geometry":{"type":"Point","coordinates":[9.7008175,54.3793176]},"properties":{"maxweight":"3.5"}},{"type":"Feature","geometry":{"type":"Point","coordinates":[9.9982505,54.0643728]},"properties":{"maxheight":"3.6"}},{"type":"Feature","geometry":{"type":"Point","coordinates":[9.9293983,54.0794587]},"properties":{"maxlength":"6"}},{"type":"Feature","geometry":{"type":"Point","coordinates":[9.763153,54.503342]},"properties":{"maxweight":"7.5"}},{"type":"Feature","geometry":{"type":"Point","coordinates":[9.9869135,54.088975]},"properties":{"maxheight":"3.5"}},{"type":"Feature","geometry":{"type":"Point","coordinates":[9.9869664,54.0888614]},"properties":{"maxheight":"3.5"}},{"type":"Feature","geometry":{"type":"Point","coordinates":[9.5476657,54.4657132]},"properties":{"hgv":"no"}},{"type":"Feature","geometry":{"type":"Point","coordinates":[9.4360205,54.7877491]},"properties":{"maxheight":"3.8"}},{"type":"Feature","geometry":{"type":"Point","coordinates":[9.0610459,54.0710805]},"properties":{"maxweight":"12"}},{"type":"Feature","geometry":{"type":"Point","coordinates":[9.0366664,54.0913225]},"properties":{"maxweight":"12"}},{"type":"Feature","geometry":{"type":"Point","coordinates":[9.0211037,54.0829735]},"properties":{"maxweight":"5.5"}},{"type":"Feature","geometry":{"type":"Point","coordinates":[9.0303957,54.07674]},"properties":{"maxweight":"5.5"}},{"type":"Feature","geometry":{"type":"Point","coordinates":[9.0201043,54.074632]},"properties":{"maxweight":"5.5"}},{"type":"Feature","geometry":{"type":"Point","coordinates":[9.0148767,54.0676444]},"properties":{"maxweight":"5.5"}},{"type":"Feature","geometry":{"type":"Point","coordinates":[9.0267287,54.0697387]},"properties":{"maxweight":"5.5"}},{"type":"Feature","geometry":{"type":"Point","coordinates":[9.0372806,54.0731552]},"properties":{"maxweight":"5.5"}},{"type":"Feature","geometry":{"type":"Point","coordinates":[9.2677172,54.0228971]},"properties":{"maxweight":"9"}},{"type":"Feature","geometry":{"type":"Point","coordinates":[9.2304283,54.0210697]},"properties":{"maxweight":"12"}},{"type":"Feature","geometry":{"type":"Point","coordinates":[9.8257337,54.4757201]},"properties":{"maxweight":"7.5"}},{"type":"Feature","geometry":{"type":"Point","coordinates":[9.433035,54.7914734]},"properties":{"maxheight":"2.0"}},{"type":"Feature","geometry":{"type":"Point","coordinates":[9.4333556,54.7917648]},"properties":{"maxheight":"3.9"}},{"type":"Feature","geometry":{"type":"Point","coordinates":[9.0508942,54.1817028]},"properties":{"maxweight":"9"}},{"type":"Feature","geometry":{"type":"Point","coordinates":[9.0503126,54.1816733]},"properties":{"maxweight":"9"}},{"type":"Feature","geometry":{"type":"Point","coordinates":[9.4704738,54.7739464]},"properties":{"maxheight":"3.7"}},{"type":"Feature","geometry":{"type":"Point","coordinates":[9.8897761,54.4160398]},"properties":{"maxheight":"below_default"}},{"type":"Feature","geometry":{"type":"Point","coordinates":[9.2748221,54.0546318]},"properties":{"maxweight":"9"}},{"type":"Feature","geometry":{"type":"Point","coordinates":[9.2605976,54.0478483]},"properties":{"maxweight":"12"}},{"type":"Feature","geometry":{"type":"Point","coordinates":[9.1280897,54.184609]},"properties":{"hgv":"agricultural"}},{"type":"Feature","geometry":{"type":"Point","coordinates":[9.2737868,54.0339045]},"properties":{"maxweight":"9"}},{"type":"Feature","geometry":{"type":"Point","coordinates":[9.2765238,54.0354356]},"properties":{"maxweight":"9"}},{"type":"Feature","geometry":{"type":"Point","coordinates":[9.3004437,54.0604155]},"properties":{"maxweight":"12"}},{"type":"Feature","geometry":{"type":"Point","coordinates":[9.2749369,54.0268285]},"properties":{"maxweight":"12"}},{"type":"Feature","geometry":{"type":"Point","coordinates":[9.2775891,54.0269802]},"properties":{"maxweight":"9"}},{"type":"Feature","geometry":{"type":"Point","coordinates":[9.6831299,54.2944941]},"properties":{"maxheight":"default"}},{"type":"Feature","geometry":{"type":"Point","coordinates":[9.4113532,54.7769395]},"properties":{"maxheight":"default"}},{"type":"Feature","geometry":{"type":"Point","coordinates":[9.0983708,54.1886965]},"properties":{"hgv":"delivery"}},{"type":"Feature","geometry":{"type":"Point","coordinates":[9.090412,54.1862039]},"properties":{"hgv":"delivery"}},{"type":"Feature","geometry":{"type":"Point","coordinates":[9.0904319,54.1862702]},"properties":{"hgv":"delivery"}},{"type":"Feature","geometry":{"type":"Point","coordinates":[9.6556741,54.1496609]},"properties":{"maxweight":"3.5"}},{"type":"Feature","geometry":{"type":"Point","coordinates":[9.7031592,54.3810716]},"properties":{"maxweight":"3.5"}},{"type":"Feature","geometry":{"type":"Point","coordinates":[9.4352934,54.7813375]},"properties":{"maxheight":"2.1","maxweight":"1.8"}},{"type":"Feature","geometry":{"type":"Point","coordinates":[9.4379001,54.7837222]},"properties":{"maxheight":"2"}},{"type":"Feature","geometry":{"type":"Point","coordinates":[9.7137521,54.3095507]},"properties":{"maxweight":"38"}},{"type":"Feature","geometry":{"type":"Point","coordinates":[9.0012697,54.4349955]},"properties":{"maxweight":"18"}},{"type":"Feature","geometry":{"type":"Point","coordinates":[9.6590168,54.082848]},"properties":{"maxheight":"default"}},{"type":"Feature","geometry":{"type":"Point","coordinates":[9.6170799,54.0187326]},"properties":{"maxweight":"5.5"}},{"type":"Feature","geometry":{"type":"Point","coordinates":[9.6171131,54.0187009]},"properties":{"maxweight":"5.5"}},{"type":"Feature","geometry":{"type":"Point","coordinates":[9.6182894,54.0196822]},"properties":{"maxweight":"5.5"}},{"type":"Feature","geometry":{"type":"Point","coordinates":[9.6157714,54.0193283]},"properties":{"maxweight":"5.5"}},{"type":"Feature","geometry":{"type":"Point","coordinates":[9.6169804,54.0177209]},"properties":{"maxweight":"5.5"}},{"type":"Feature","geometry":{"type":"Point","coordinates":[9.3826093,54.7421365]},"properties":{"maxheight":"4"}},{"type":"Feature","geometry":{"type":"Point","coordinates":[9.2092542,54.6706903]},"properties":{"hgv":"no"}},{"type":"Feature","geometry":{"type":"Point","coordinates":[9.4341099,54.7807722]},"properties":{"maxheight":"1.8"}},{"type":"Feature","geometry":{"type":"Point","coordinates":[9.0478638,54.2081847]},"properties":{"maxheight":"default"}},{"type":"Feature","geometry":{"type":"Point","coordinates":[9.5936973,54.0226689]},"properties":{"maxweight":"8.5"}},{"type":"Feature","geometry":{"type":"Point","coordinates":[9.6060175,54.0235799]},"properties":{"maxweight":"8.5"}},{"type":"Feature","geometry":{"type":"Point","coordinates":[9.5973426,54.0197846]},"properties":{"maxweight":"5.5"}},{"type":"Feature","geometry":{"type":"Point","coordinates":[9.5940525,54.0186599]},"properties":{"maxweight":"5.5"}},{"type":"Feature","geometry":{"type":"Point","coordinates":[9.5921001,54.0194731]},"properties":{"maxweight":"5.5"}},{"type":"Feature","geometry":{"type":"Point","coordinates":[9.7677566,54.2537455]},"properties":{"maxweight":"7.5"}},{"type":"Feature","geometry":{"type":"Point","coordinates":[9.2962214,54.0839476]},"properties":{"maxweight":"12"}},{"type":"Feature","geometry":{"type":"Point","coordinates":[9.3036172,54.0861739]},"properties":{"maxweight":"12"}},{"type":"Feature","geometry":{"type":"Point","coordinates":[9.2871798,54.0678484]},"properties":{"maxweight":"9"}},{"type":"Feature","geometry":{"type":"Point","coordinates":[9.7804389,54.0005073]},"properties":{"maxweight":"5.5"}},{"type":"Feature","geometry":{"type":"Point","coordinates":[9.7729865,54.0011918]},"properties":{"maxweight":"5.5"}},{"type":"Feature","geometry":{"type":"Point","coordinates":[9.4720881,54.7887867]},"properties":{"maxweight":"7.5"}},{"type":"Feature","geometry":{"type":"Point","coordinates":[9.4721458,54.7888928]},"properties":{"maxweight":"7.5"}},{"type":"Feature","geometry":{"type":"Point","coordinates":[9.7156353,54.0200712]},"properties":{"maxweight":"5.5"}},{"type":"Feature","geometry":{"type":"Point","coordinates":[9.7174948,54.0245313]},"properties":{"maxweight":"5.5"}},{"type":"Feature","geometry":{"type":"Point","coordinates":[9.7131314,54.0157163]},"properties":{"maxweight":"5.5"}},{"type":"Feature","geometry":{"type":"Point","coordinates":[9.440979,54.1837199]},"properties":{"maxheight":"5","maxweight":"12"}},{"type":"Feature","geometry":{"type":"Point","coordinates":[9.661925,54.3103467]},"properties":{"hgv":"no"}},{"type":"Feature","geometry":{"type":"Point","coordinates":[9.3046579,54.071598]},"properties":{"maxheight":"none"}},{"type":"Feature","geometry":{"type":"Point","coordinates":[9.2582117,54.0086062]},"properties":{"maxheight":"none","maxweight":"9"}},{"type":"Feature","geometry":{"type":"Point","coordinates":[9.9318358,54.0321588]},"properties":{"maxweight":"7.5"}},{"type":"Feature","geometry":{"type":"Point","coordinates":[9.9287358,54.0434079]},"properties":{"maxheight":"default"}},{"type":"Feature","geometry":{"type":"Point","coordinates":[9.7854583,54.6374195]},"properties":{"maxheight":"4"}},{"type":"Feature","geometry":{"type":"Point","coordinates":[9.3994119,54.3437525]},"properties":{"maxweight":"16"}},{"type":"Feature","geometry":{"type":"Point","coordinates":[9.0727498,54.0839872]},"properties":{"hgv":"agricultural","maxweight":"3.5"}},{"type":"Feature","geometry":{"type":"Point","coordinates":[9.0763634,54.0896624]},"properties":{"hgv":"destination"}},{"type":"Feature","geometry":{"type":"Point","coordinates":[9.0080661,54.4355806]},"properties":{"maxweight":"18"}},{"type":"Feature","geometry":{"type":"Point","coordinates":[9.0050833,54.4512333]},"properties":{"maxweight":"16"}},{"type":"Feature","geometry":{"type":"Point","coordinates":[9.0274343,54.4633491]},"properties":{"maxweight":"16"}},{"type":"Feature","geometry":{"type":"Point","coordinates":[9.0211984,54.4622112]},"properties":{"maxweight":"16"}},{"type":"Feature","geometry":{"type":"Point","coordinates":[9.1156639,54.4298134]},"properties":{"maxweight":"16"}},{"type":"Feature","geometry":{"type":"Point","coordinates":[9.3242201,54.1328704]},"properties":{"maxweight":"3"}},{"type":"Feature","geometry":{"type":"Point","coordinates":[9.0524862,54.0703399]},"properties":{"maxweight":"12"}},{"type":"Feature","geometry":{"type":"Point","coordinates":[9.0473602,54.1112043]},"properties":{"maxweight":"9.0"}},{"type":"Feature","geometry":{"type":"Point","coordinates":[9.9822821,54.0417826]},"properties":{"maxheight":"none"}},{"type":"Feature","geometry":{"type":"Point","coordinates":[9.9428963,54.0436087]},"properties":{"maxheight":"default"}},{"type":"Feature","geometry":{"type":"Point","coordinates":[9.8829853,54.0690708]},"properties":{"maxheight":"none"}},{"type":"Feature","geometry":{"type":"Point","coordinates":[9.818672,54.0707976]},"properties":{"maxheight":"default"}},{"type":"Feature","geometry":{"type":"Point","coordinates":[9.7708999,54.0684793]},"properties":{"maxheight":"none"}},{"type":"Feature","geometry":{"type":"Point","coordinates":[9.5670506,54.0693052]},"properties":{"maxheight":"none"}},{"type":"Feature","geometry":{"type":"Point","coordinates":[9.3315898,54.1241238]},"properties":{"maxheight":"none"}},{"type":"Feature","geometry":{"type":"Point","coordinates":[9.9742021,54.0967814]},"properties":{"maxheight":"3.5"}},{"type":"Feature","geometry":{"type":"Point","coordinates":[9.5672523,54.5191865]},"properties":{"maxweight":"7.5"}},{"type":"Feature","geometry":{"type":"Point","coordinates":[9.9747427,54.0687776]},"properties":{"maxheight":"default"}},{"type":"Feature","geometry":{"type":"Point","coordinates":[9.8246634,54.4873278]},"properties":{"hgv":"no"}},{"type":"Feature","geometry":{"type":"Point","coordinates":[9.7764219,54.2608107]},"properties":{"maxweight":"7.5"}},{"type":"Feature","geometry":{"type":"Point","coordinates":[9.578486,54.7647504]},"properties":{"maxheight":"3.6"}},{"type":"Feature","geometry":{"type":"Point","coordinates":[9.7785686,54.249372]},"properties":{"maxweight":"5"}},{"type":"Feature","geometry":{"type":"Point","coordinates":[9.8817554,54.5223413]},"properties":{"maxheight":"default"}},{"type":"Feature","geometry":{"type":"Point","coordinates":[9.8819384,54.522364]},"properties":{"maxheight":"default"}},{"type":"Feature","geometry":{"type":"Point","coordinates":[9.8816915,54.5224077]},"properties":{"maxheight":"default"}},{"type":"Feature","geometry":{"type":"Point","coordinates":[9.4329677,54.7915912]},"properties":{"maxheight":"2"}},{"type":"Feature","geometry":{"type":"Point","coordinates":[9.1001283,54.0160958]},"properties":{"maxweight":"5.5"}},{"type":"Feature","geometry":{"type":"Point","coordinates":[9.5710925,54.5155808]},"properties":{"maxweight":"12"}},{"type":"Feature","geometry":{"type":"Point","coordinates":[9.6588202,54.280423]},"properties":{"maxheight":"default"}},{"type":"Feature","geometry":{"type":"Point","coordinates":[9.8312468,54.4523319]},"properties":{"hgv":"no"}},{"type":"Feature","geometry":{"type":"Point","coordinates":[9.831645,54.4518388]},"properties":{"hgv":"no"}},{"type":"Feature","geometry":{"type":"Point","coordinates":[9.7616324,54.6395307]},"properties":{"maxheight":"4.2"}},{"type":"Feature","geometry":{"type":"Point","coordinates":[9.7613927,54.6395991]},"properties":{"maxheight":"4.9"}},{"type":"Feature","geometry":{"type":"Point","coordinates":[9.2707278,54.0707282]},"properties":{"hgv":"destination"}},{"type":"Feature","geometry":{"type":"Point","coordinates":[9.4379124,54.7798102]},"properties":{"maxheight":"4"}},{"type":"Feature","geometry":{"type":"Point","coordinates":[9.4494785,54.7924792]},"properties":{"maxheight":"none"}},{"type":"Feature","geometry":{"type":"Point","coordinates":[9.0545408,54.4775024]},"properties":{"maxheight":"2.8"}},{"type":"Feature","geometry":{"type":"Point","coordinates":[9.5859415,54.5118778]},"properties":{"maxweight":"2.8 t"}},{"type":"Feature","geometry":{"type":"Point","coordinates":[9.7033851,54.3296047]},"properties":{"maxweight":"7.5"}},{"type":"Feature","geometry":{"type":"Point","coordinates":[9.6961212,54.3311433]},"properties":{"maxweight":"7.5"}},{"type":"Feature","geometry":{"type":"Point","coordinates":[9.6797481,54.073233]},"properties":{"maxweight":"7.5"}},{"type":"Feature","geometry":{"type":"Point","coordinates":[9.6708474,54.0818654]},"properties":{"maxweight":"7.5"}},{"type":"Feature","geometry":{"type":"Point","coordinates":[9.4011059,54.3356485]},"properties":{"maxweight":"16"}},{"type":"Feature","geometry":{"type":"Point","coordinates":[9.2872843,54.282242]},"properties":{"maxweight":"12"}},{"type":"Feature","geometry":{"type":"Point","coordinates":[9.1052078,54.2196136]},"properties":{"hgv":"agricultural;forestry"}},{"type":"Feature","geometry":{"type":"Point","coordinates":[9.4423681,54.6632406]},"properties":{"maxweight":"12"}},{"type":"Feature","geometry":{"type":"Point","coordinates":[9.4410539,54.6588291]},"properties":{"maxweight":"12"}},{"type":"Feature","geometry":{"type":"Point","coordinates":[9.9865465,54.0694997]},"properties":{"maxheight":"below_default"}},{"type":"Feature","geometry":{"type":"Point","coordinates":[9.5645092,54.7493514]},"properties":{"maxweight":"5.5"}},{"type":"Feature","geometry":{"type":"Point","coordinates":[9.8406289,54.4841679]},"properties":{"maxweight":"2.5"}},{"type":"Feature","geometry":{"type":"Point","coordinates":[9.8399723,54.4843257]},"properties":{"maxweight":"2.5"}},{"type":"Feature","geometry":{"type":"Point","coordinates":[9.8394993,54.484436]},"properties":{"maxweight":"2.5"}},{"type":"Feature","geometry":{"type":"Point","coordinates":[9.8397349,54.4843863]},"properties":{"maxweight":"2.5"}},{"type":"Feature","geometry":{"type":"Point","coordinates":[9.8408899,54.4841217]},"properties":{"maxweight":"2.5"}},{"type":"Feature","geometry":{"type":"Point","coordinates":[9.8411119,54.4840786]},"properties":{"maxweight":"2.5"}},{"type":"Feature","geometry":{"type":"Point","coordinates":[9.5731747,54.5134024]},"properties":{"maxwidth":"2"}},{"type":"Feature","geometry":{"type":"Point","coordinates":[9.5714026,54.5119173]},"properties":{"hgv":"destination"}},{"type":"Feature","geometry":{"type":"Point","coordinates":[9.8013133,54.5989107]},"properties":{"maxlength":"8"}},{"type":"Feature","geometry":{"type":"Point","coordinates":[9.8004099,54.5971557]},"properties":{"maxlength":"8"}},{"type":"Feature","geometry":{"type":"Point","coordinates":[9.6713336,54.363621]},"properties":{"hgv":"designated"}},{"type":"Feature","geometry":{"type":"Point","coordinates":[9.670548,54.3659866]},"properties":{"hgv":"designated"}},{"type":"Feature","geometry":{"type":"Point","coordinates":[9.6716323,54.3656693]},"properties":{"hgv":"no"}},{"type":"Feature","geometry":{"type":"Point","coordinates":[9.2461875,54.0235178]},"properties":{"maxweight":"12"}},{"type":"Feature","geometry":{"type":"Point","coordinates":[9.3256312,54.4425834]},"properties":{"maxweight":"6"}},{"type":"Feature","geometry":{"type":"Point","coordinates":[9.833539,54.4748388]},"properties":{"maxheight":"default"}},{"type":"Feature","geometry":{"type":"Point","coordinates":[9.0514577,54.1817812]},"properties":{"maxweight":"9"}},{"type":"Feature","geometry":{"type":"Point","coordinates":[9.0519355,54.1818733]},"properties":{"maxweight":"9"}},{"type":"Feature","geometry":{"type":"Point","coordinates":[9.8336684,54.4742499]},"properties":{"hgv":"no"}},{"type":"Feature","geometry":{"type":"Point","coordinates":[9.0692328,54.0940904]},"properties":{"maxweight":"7.5"}},{"type":"Feature","geometry":{"type":"Point","coordinates":[9.5751424,54.5124322]},"properties":{"maxweight":"2.5"}},{"type":"Feature","geometry":{"type":"Point","coordinates":[9.835173,54.4734362]},"properties":{"maxheight":"2.1"}},{"type":"Feature","geometry":{"type":"Point","coordinates":[9.0911612,54.0897713]},"properties":{"hgv":"no"}},{"type":"Feature","geometry":{"type":"Point","coordinates":[9.621171,54.3035187]},"properties":{"maxweight":"1.5"}},{"type":"Feature","geometry":{"type":"Point","coordinates":[9.4015174,54.7064449]},"properties":{"maxheight":"default"}},{"type":"Feature","geometry":{"type":"Point","coordinates":[9.4166679,54.6830465]},"properties":{"maxheight":"default"}},{"type":"Feature","geometry":{"type":"Point","coordinates":[9.3251618,54.7780691]},"properties":{"maxheight":"2.45","maxwidth":"2.4"}},{"type":"Feature","geometry":{"type":"Point","coordinates":[9.7930275,54.2129723]},"properties":{"maxweight":"12"}},{"type":"Feature","geometry":{"type":"Point","coordinates":[9.0476507,54.0624383]},"properties":{"maxweight":"7.5"}},{"type":"Feature","geometry":{"type":"Point","coordinates":[9.0543665,54.4774782]},"properties":{"maxheight":"2.8"}},{"type":"Feature","geometry":{"type":"Point","coordinates":[9.5447641,54.8325812]},"properties":{"maxheight":"3.6","maxwidth":"2.7"}},{"type":"Feature","geometry":{"type":"Point","coordinates":[9.051029,54.4771852]},"properties":{"maxheight":"3"}},{"type":"Feature","geometry":{"type":"Point","coordinates":[9.7137428,54.3079391]},"properties":{"maxweight":"38"}},{"type":"Feature","geometry":{"type":"Point","coordinates":[9.0547536,54.1568654]},"properties":{"maxweight":"25"}},{"type":"Feature","geometry":{"type":"Point","coordinates":[9.0551359,54.1461901]},"properties":{"maxweight":"25"}},{"type":"Feature","geometry":{"type":"Point","coordinates":[9.0300297,54.1486003]},"properties":{"maxweight":"9"}},{"type":"Feature","geometry":{"type":"Point","coordinates":[9.0435461,54.1048925]},"properties":{"maxweight":"12"}},{"type":"Feature","geometry":{"type":"Point","coordinates":[9.4923578,54.1495056]},"properties":{"maxweight":"2.8"}},{"type":"Feature","geometry":{"type":"Point","coordinates":[9.133696,54.2801113]},"properties":{"hgv":"agricultural"}},{"type":"Feature","geometry":{"type":"Point","coordinates":[9.0848367,54.2070329]},"properties":{"maxweight":"2.8"}},{"type":"Feature","geometry":{"type":"Point","coordinates":[9.108941,54.2139107]},"properties":{"hgv":"agricultural;forestry"}},{"type":"Feature","geometry":{"type":"Point","coordinates":[9.2306336,54.6833284]},"properties":{"maxweight":"16"}},{"type":"Feature","geometry":{"type":"Point","coordinates":[9.3028299,54.0801995]},"properties":{"maxweight":"12"}},{"type":"Feature","geometry":{"type":"Point","coordinates":[9.023584,54.096761]},"properties":{"maxweight":"12"}},{"type":"Feature","geometry":{"type":"Point","coordinates":[9.7220601,54.2362312]},"properties":{"maxweight":"12"}},{"type":"Feature","geometry":{"type":"Point","coordinates":[9.4288608,54.7528031]},"properties":{"maxheight":"default"}},{"type":"Feature","geometry":{"type":"Point","coordinates":[9.4306908,54.7575861]},"properties":{"maxheight":"default"}},{"type":"Feature","geometry":{"type":"Point","coordinates":[9.4505083,54.795849]},"properties":{"maxheight":"3"}},{"type":"Feature","geometry":{"type":"Point","coordinates":[9.4148799,54.0262182]},"properties":{"maxweight":"5.5"}},{"type":"Feature","geometry":{"type":"Point","coordinates":[9.5788778,54.4563703]},"properties":{"maxheight":"default"}},{"type":"Feature","geometry":{"type":"Point","coordinates":[9.3878396,54.7564938]},"properties":{"hgv":"destination"}},{"type":"Feature","geometry":{"type":"Point","coordinates":[9.3155909,54.01811]},"properties":{"maxweight":"5.5"}},{"type":"Feature","geometry":{"type":"Point","coordinates":[9.9730217,54.0657052]},"properties":{"maxheight":"4"}},{"type":"Feature","geometry":{"type":"Point","coordinates":[9.3346722,54.7782906]},"properties":{"hgv":"designated"}},{"type":"Feature","geometry":{"type":"Point","coordinates":[9.4006886,54.709172]},"properties":{"maxheight":"default"}},{"type":"Feature","geometry":{"type":"Point","coordinates":[9.3888985,54.7339568]},"properties":{"maxheight":"default"}},{"type":"Feature","geometry":{"type":"Point","coordinates":[9.5184396,54.4953487]},"properties":{"maxheight":"default"}},{"type":"Feature","geometry":{"type":"Point","coordinates":[9.4693542,54.5720053]},"properties":{"maxheight":"default"}},{"type":"Feature","geometry":{"type":"Point","coordinates":[9.4843581,54.5276898]},"properties":{"maxheight":"default"}},{"type":"Feature","geometry":{"type":"Point","coordinates":[9.4890524,54.523589]},"properties":{"maxheight":"default"}},{"type":"Feature","geometry":{"type":"Point","coordinates":[9.4883852,54.5240284]},"properties":{"maxheight":"default"}},{"type":"Feature","geometry":{"type":"Point","coordinates":[9.504446,54.5050291]},"properties":{"maxheight":"default"}},{"type":"Feature","geometry":{"type":"Point","coordinates":[9.5331713,54.4833226]},"properties":{"maxheight":"default"}},{"type":"Feature","geometry":{"type":"Point","coordinates":[9.5475523,54.4743792]},"properties":{"maxheight":"default"}},{"type":"Feature","geometry":{"type":"Point","coordinates":[9.5341443,54.4823652]},"properties":{"maxheight":"default"}},{"type":"Feature","geometry":{"type":"Point","coordinates":[9.6137166,54.4146214]},"properties":{"maxheight":"default"}},{"type":"Feature","geometry":{"type":"Point","coordinates":[9.6401006,54.4006889]},"properties":{"maxheight":"default"}},{"type":"Feature","geometry":{"type":"Point","coordinates":[9.6397077,54.4007552]},"properties":{"maxheight":"default"}},{"type":"Feature","geometry":{"type":"Point","coordinates":[9.7001923,54.3471181]},"properties":{"maxheight":"4"}},{"type":"Feature","geometry":{"type":"Point","coordinates":[9.7535627,54.3052479]},"properties":{"maxheight":"default"}},{"type":"Feature","geometry":{"type":"Point","coordinates":[9.735449,54.2991656]},"properties":{"maxheight":"default"}},{"type":"Feature","geometry":{"type":"Point","coordinates":[9.7550932,54.3055235]},"properties":{"maxheight":"default"}},{"type":"Feature","geometry":{"type":"Point","coordinates":[9.8092747,54.2512849]},"properties":{"maxheight":"default"}},{"type":"Feature","geometry":{"type":"Point","coordinates":[9.9495783,54.1796829]},"properties":{"maxheight":"default"}},{"type":"Feature","geometry":{"type":"Point","coordinates":[9.9497003,54.1797712]},"properties":{"maxheight":"default"}},{"type":"Feature","geometry":{"type":"Point","coordinates":[9.8941461,54.1955506]},"properties":{"maxheight":"default"}},{"type":"Feature","geometry":{"type":"Point","coordinates":[9.9554504,54.1747596]},"properties":{"maxheight":"default"}},{"type":"Feature","geometry":{"type":"Point","coordinates":[9.9617565,54.13826]},"properties":{"maxheight":"default"}},{"type":"Feature","geometry":{"type":"Point","coordinates":[9.9529606,54.1218212]},"properties":{"maxheight":"default"}},{"type":"Feature","geometry":{"type":"Point","coordinates":[9.9521305,54.1210108]},"properties":{"maxheight":"default"}},{"type":"Feature","geometry":{"type":"Point","coordinates":[9.9540889,54.1208345]},"properties":{"maxheight":"4"}},{"type":"Feature","geometry":{"type":"Point","coordinates":[9.9568399,54.1199567]},"properties":{"maxheight":"4"}},{"type":"Feature","geometry":{"type":"Point","coordinates":[9.9334299,54.0033507]},"properties":{"maxheight":"default"}},{"type":"Feature","geometry":{"type":"Point","coordinates":[9.7382357,54.3001272]},"properties":{"maxheight":"default"}},{"type":"Feature","geometry":{"type":"Point","coordinates":[9.8526361,54.3177654]},"properties":{"maxheight":"default"}},{"type":"Feature","geometry":{"type":"Point","coordinates":[9.950425,54.3194552]},"properties":{"maxheight":"default"}},{"type":"Feature","geometry":{"type":"Point","coordinates":[9.036849,54.240916]},"properties":{"maxheight":"default"}},{"type":"Feature","geometry":{"type":"Point","coordinates":[9.0449734,54.1978419]},"properties":{"maxheight":"default"}},{"type":"Feature","geometry":{"type":"Point","coordinates":[9.6871032,54.0037514]},"properties":{"maxweight":"5.5"}},{"type":"Feature","geometry":{"type":"Point","coordinates":[9.0887103,54.3766288]},"properties":{"maxweight":"24"}},{"type":"Feature","geometry":{"type":"Point","coordinates":[9.4365894,54.7853543]},"properties":{"maxheight":"3.4"}},{"type":"Feature","geometry":{"type":"Point","coordinates":[9.0431761,54.4559722]},"properties":{"maxweight":"1"}},{"type":"Feature","geometry":{"type":"Point","coordinates":[9.052363,54.4695469]},"properties":{"hgv":"no"}},{"type":"Feature","geometry":{"type":"Point","coordinates":[9.0523266,54.4696454]},"properties":{"hgv":"no"}},{"type":"Feature","geometry":{"type":"Point","coordinates":[9.0523777,54.4694954]},"properties":{"hgv":"no"}},{"type":"Feature","geometry":{"type":"Point","coordinates":[9.0319758,54.0905434]},"properties":{"maxweight":"12"}},{"type":"Feature","geometry":{"type":"Point","coordinates":[9.7996611,54.5382272]},"properties":{"maxweight":"3.5"}},{"type":"Feature","geometry":{"type":"Point","coordinates":[9.7221517,54.0754576]},"properties":{"maxheight":"below_default"}},{"type":"Feature","geometry":{"type":"Point","coordinates":[9.8895956,54.5193185]},"properties":{"maxheight":"default"}},{"type":"Feature","geometry":{"type":"Point","coordinates":[9.2809752,54.2148035]},"properties":{"hgv":"no"}},{"type":"Feature","geometry":{"type":"Point","coordinates":[9.9877258,54.0887858]},"properties":{"maxheight":"3.5"}},{"type":"Feature","geometry":{"type":"Point","coordinates":[9.9662726,54.1949173]},"properties":{"maxheight":"default"}},{"type":"Feature","geometry":{"type":"Point","coordinates":[9.2174668,54.6741498]},"properties":{"hgv":"no"}},{"type":"Feature","geometry":{"type":"Point","coordinates":[9.2166569,54.6748624]},"properties":{"hgv":"no"}},{"type":"Feature","geometry":{"type":"Point","coordinates":[9.7701971,54.2837526]},"properties":{"hgv":"designated"}},{"type":"Feature","geometry":{"type":"Point","coordinates":[9.6708627,54.0704745]},"properties":{"maxweight":"7.5"}},{"type":"Feature","geometry":{"type":"Point","coordinates":[9.6614403,54.1693047]},"properties":{"maxweight":"3.5"}},{"type":"Feature","geometry":{"type":"Point","coordinates":[9.9292108,54.6633322]},"properties":{"maxheight":"default"}},{"type":"Feature","geometry":{"type":"Point","coordinates":[9.1060366,54.1583473]},"properties":{"maxweight":"9"}},{"type":"Feature","geometry":{"type":"Point","coordinates":[9.116347,54.1597276]},"properties":{"maxweight":"9"}},{"type":"Feature","geometry":{"type":"Point","coordinates":[9.5699548,54.5174082]},"properties":{"maxheight":"default"}},{"type":"Feature","geometry":{"type":"Point","coordinates":[9.5705323,54.5170483]},"properties":{"maxweight":"7.5"}},{"type":"Feature","geometry":{"type":"Point","coordinates":[9.8035043,54.5867473]},"properties":{"maxlength":"8"}},{"type":"Feature","geometry":{"type":"Point","coordinates":[9.4132679,54.8168995]},"properties":{"maxweight":"7.5"}},{"type":"Feature","geometry":{"type":"Point","coordinates":[9.9328381,54.0140456]},"properties":{"hgv":"no"}},{"type":"Feature","geometry":{"type":"Point","coordinates":[9.8295716,54.7094919]},"properties":{"maxweight":"5"}},{"type":"Feature","geometry":{"type":"Point","coordinates":[9.9918311,54.6624845]},"properties":{"maxheight":"below_default"}},{"type":"Feature","geometry":{"type":"Point","coordinates":[9.5191658,54.4417896]},"properties":{"hgv":"no"}},{"type":"Feature","geometry":{"type":"Point","coordinates":[9.6101453,54.0352687]},"properties":{"maxweight":"5.5"}},{"type":"Feature","geometry":{"type":"Point","coordinates":[9.6061233,54.0286273]},"properties":{"maxweight":"5.5"}},{"type":"Feature","geometry":{"type":"Point","coordinates":[9.6123035,54.0302983]},"properties":{"maxweight":"5.5"}},{"type":"Feature","geometry":{"type":"Point","coordinates":[9.0066319,54.0037334]},"properties":{"maxweight":"9"}},{"type":"Feature","geometry":{"type":"Point","coordinates":[9.8897764,54.1479708]},"properties":{"maxheight":"4"}},{"type":"Feature","geometry":{"type":"Point","coordinates":[9.4063657,54.8092554]},"properties":{"maxheight":"3"}},{"type":"Feature","geometry":{"type":"Point","coordinates":[9.5582236,54.5213215]},"properties":{"maxheight":"default"}},{"type":"Feature","geometry":{"type":"Point","coordinates":[9.0674995,54.4661038]},"properties":{"hgv":"no"}},{"type":"Feature","geometry":{"type":"Point","coordinates":[9.0796841,54.4946984]},"properties":{"maxweight":"7.5"}},{"type":"Feature","geometry":{"type":"Point","coordinates":[9.0785617,54.4984872]},"properties":{"maxweight":"7.5"}},{"type":"Feature","geometry":{"type":"Point","coordinates":[9.9332515,54.1881935]},"properties":{"hgv":"designated"}},{"type":"Feature","geometry":{"type":"Point","coordinates":[9.6547879,54.2936088]},"properties":{"maxheight":"default"}},{"type":"Feature","geometry":{"type":"Point","coordinates":[9.4757205,54.7989828]},"properties":{"maxheight":"3.7"}},{"type":"Feature","geometry":{"type":"Point","coordinates":[9.6706708,54.3641067]},"properties":{"hgv":"no"}},{"type":"Feature","geometry":{"type":"Point","coordinates":[9.6727224,54.3643898]},"properties":{"hgv":"no"}},{"type":"Feature","geometry":{"type":"Point","coordinates":[9.7998121,54.5325346]},"properties":{"maxweight":"3.5"}},{"type":"Feature","geometry":{"type":"Point","coordinates":[9.6604202,54.3045618]},"properties":{"maxweight":"2.8"}},{"type":"Feature","geometry":{"type":"Point","coordinates":[9.1267485,54.1961347]},"properties":{"hgv":"agricultural"}},{"type":"Feature","geometry":{"type":"Point","coordinates":[9.3971704,54.7732769]},"properties":{"maxweight":"2.5"}},{"type":"Feature","geometry":{"type":"Point","coordinates":[9.9708881,54.0812427]},"properties":{"maxweight":"3.5"}},{"type":"Feature","geometry":{"type":"Point","coordinates":[9.0931802,54.1565642]},"properties":{"maxweight":"9.5"}},{"type":"Feature","geometry":{"type":"Point","coordinates":[9.1038087,54.1669271]},"properties":{"maxheight":"3.0"}},{"type":"Feature","geometry":{"type":"Point","coordinates":[9.542465,54.5070493]},"properties":{"maxheight":"default"}},{"type":"Feature","geometry":{"type":"Point","coordinates":[9.6417334,54.5770149]},"properties":{"maxheight":"3.7"}},{"type":"Feature","geometry":{"type":"Point","coordinates":[9.8396994,54.4727082]},"properties":{"maxheight":"2.55"}},{"type":"Feature","geometry":{"type":"Point","coordinates":[9.9658011,54.5963107]},"properties":{"maxheight":"default"}},{"type":"Feature","geometry":{"type":"Point","coordinates":[9.120867,54.1147744]},"properties":{"hgv":"no"}},{"type":"Feature","geometry":{"type":"Point","coordinates":[9.2915205,54.0279045]},"properties":{"maxweight":"9"}},{"type":"Feature","geometry":{"type":"Point","coordinates":[9.4360886,54.7853355]},"properties":{"maxheight":"2.1"}},{"type":"Feature","geometry":{"type":"Point","coordinates":[9.2210494,54.1443096]},"properties":{"maxweight":"7.5"}},{"type":"Feature","geometry":{"type":"Point","coordinates":[9.1075327,54.1923701]},"properties":{"hgv":"delivery"}},{"type":"Feature","geometry":{"type":"Point","coordinates":[9.0704762,54.1494186]},"properties":{"maxweight":"5.5"}},{"type":"Feature","geometry":{"type":"Point","coordinates":[9.0724857,54.1624852]},"properties":{"maxheight":"5.2","maxweight":"5.5"}},{"type":"Feature","geometry":{"type":"Point","coordinates":[9.2348348,54.2687645]},"properties":{"hgv":"no"}},{"type":"Feature","geometry":{"type":"Point","coordinates":[9.0369379,54.1056288]},"properties":{"maxweight":"12"}},{"type":"Feature","geometry":{"type":"Point","coordinates":[9.0340414,54.1070227]},"properties":{"maxweight":"12"}},{"type":"Feature","geometry":{"type":"Point","coordinates":[9.0521668,54.1663682]},"properties":{"maxweight":"25"}},{"type":"Feature","geometry":{"type":"Point","coordinates":[9.0519519,54.1665395]},"properties":{"maxweight":"25"}},{"type":"Feature","geometry":{"type":"Point","coordinates":[9.0786294,54.0387675]},"properties":{"maxweight":"7.5"}},{"type":"Feature","geometry":{"type":"Point","coordinates":[9.2370739,54.0131204]},"properties":{"maxweight":"9"}},{"type":"Feature","geometry":{"type":"Point","coordinates":[9.5521778,54.4699666]},"properties":{"maxweight":"6"}},{"type":"Feature","geometry":{"type":"Point","coordinates":[9.048263,54.4714567]},"properties":{"maxweight":"16"}},{"type":"Feature","geometry":{"type":"Point","coordinates":[9.8811192,54.5209279]},"properties":{"maxheight":"default"}},{"type":"Feature","geometry":{"type":"Point","coordinates":[9.8833637,54.5220562]},"properties":{"maxheight":"default"}},{"type":"Feature","geometry":{"type":"Point","coordinates":[9.8487221,54.5005991]},"properties":{"maxheight":"none"}},{"type":"Feature","geometry":{"type":"Point","coordinates":[9.8481348,54.5001587]},"properties":{"maxheight":"none"}},{"type":"Feature","geometry":{"type":"Point","coordinates":[9.5445562,54.7481858]},"properties":{"hgv":"no"}},{"type":"Feature","geometry":{"type":"Point","coordinates":[9.9544404,54.1207174]},"properties":{"maxheight":"4"}},{"type":"Feature","geometry":{"type":"Point","coordinates":[9.9548662,54.1205661]},"properties":{"maxheight":"4"}},{"type":"Feature","geometry":{"type":"Point","coordinates":[9.5243819,54.5314308]},"properties":{"maxheight":"none"}},{"type":"Feature","geometry":{"type":"Point","coordinates":[9.4620068,54.6418966]},"properties":{"maxweight":"12"}},{"type":"Feature","geometry":{"type":"Point","coordinates":[9.0928441,54.4915811]},"properties":{"maxheight":"default"}},{"type":"Feature","geometry":{"type":"Point","coordinates":[9.9137203,54.5580577]},"properties":{"maxheight":"default"}},{"type":"Feature","geometry":{"type":"Point","coordinates":[9.9810492,54.0750561]},"properties":{"maxheight":"2.1"}},{"type":"Feature","geometry":{"type":"Point","coordinates":[9.1680304,54.8116806]},"properties":{"hgv":"destination"}},{"type":"Feature","geometry":{"type":"Point","coordinates":[9.9230293,54.0705774]},"properties":{"maxheight":"default"}},{"type":"Feature","geometry":{"type":"Point","coordinates":[9.8340341,54.4627311]},"properties":{"hgv":"no"}},{"type":"Feature","geometry":{"type":"Point","coordinates":[9.914689,54.3151637]},"properties":{"hgv":"designated"}},{"type":"Feature","geometry":{"type":"Point","coordinates":[9.912648,54.3142405]},"properties":{"hgv":"designated"}},{"type":"Feature","geometry":{"type":"Point","coordinates":[9.0667151,54.173546]},"properties":{"maxheight":"default"}},{"type":"Feature","geometry":{"type":"Point","coordinates":[9.090623,54.1684489]},"properties":{"maxheight":"none"}},{"type":"Feature","geometry":{"type":"Point","coordinates":[9.0618198,54.1754642]},"properties":{"maxheight":"default"}},{"type":"Feature","geometry":{"type":"Point","coordinates":[9.0464455,54.1898404]},"properties":{"maxheight":"default"}},{"type":"Feature","geometry":{"type":"Point","coordinates":[9.0462593,54.1898143]},"properties":{"maxheight":"default"}},{"type":"Feature","geometry":{"type":"Point","coordinates":[9.9573775,54.573745]},"properties":{"maxheight":"default"}},{"type":"Feature","geometry":{"type":"Point","coordinates":[9.4360757,54.7572883]},"properties":{"maxheight":"default"}},{"type":"Feature","geometry":{"type":"Point","coordinates":[9.4357721,54.6504891]},"properties":{"maxheight":"default"}},{"type":"Feature","geometry":{"type":"Point","coordinates":[9.4386795,54.6381635]},"properties":{"maxheight":"default"}},{"type":"Feature","geometry":{"type":"Point","coordinates":[9.4487305,54.6061197]},"properties":{"maxheight":"default"}},{"type":"Feature","geometry":{"type":"Point","coordinates":[9.1446891,54.1953563]},"properties":{"hgv":"agricultural"}},{"type":"Feature","geometry":{"type":"Point","coordinates":[9.1603087,54.1891659]},"properties":{"hgv":"agricultural"}},{"type":"Feature","geometry":{"type":"Point","coordinates":[9.6773266,54.3362397]},"properties":{"maxweightrating:hgv":"7.5"}},{"type":"Feature","geometry":{"type":"Point","coordinates":[9.8176252,54.4834013]},"properties":{"maxheight":"2.1"}},{"type":"Feature","geometry":{"type":"Point","coordinates":[9.9490261,54.6334156]},"properties":{"hgv":"agricultural"}},{"type":"Feature","geometry":{"type":"Point","coordinates":[9.9487765,54.6296598]},"properties":{"hgv":"agricultural"}},{"type":"Feature","geometry":{"type":"Point","coordinates":[9.0767341,54.0071637]},"properties":{"maxweight":"2.8"}},{"type":"Feature","geometry":{"type":"Point","coordinates":[9.1822032,54.1732502]},"properties":{"maxweight":"12"}},{"type":"Feature","geometry":{"type":"Point","coordinates":[9.072072,54.0860017]},"properties":{"hgv":"no"}},{"type":"Feature","geometry":{"type":"Point","coordinates":[9.4347036,54.784599]},"properties":{"maxheight":"2.15"}},{"type":"Feature","geometry":{"type":"Point","coordinates":[9.7773926,54.2746089]},"properties":{"hgv":"designated"}},{"type":"Feature","geometry":{"type":"Point","coordinates":[9.7770353,54.2748519]},"properties":{"hgv":"designated"}},{"type":"Feature","geometry":{"type":"Point","coordinates":[9.4115959,54.6930422]},"properties":{"hgv":"no"}},{"type":"Feature","geometry":{"type":"Point","coordinates":[9.861814,54.3152837]},"properties":{"hgv":"no"}},{"type":"Feature","geometry":{"type":"Point","coordinates":[9.0977033,54.4226519]},"properties":{"maxweight":"6"}},{"type":"Feature","geometry":{"type":"Point","coordinates":[9.1100291,54.4250605]},"properties":{"maxweight":"6"}},{"type":"Feature","geometry":{"type":"Point","coordinates":[9.0835541,54.0379844]},"properties":{"maxweight":"12.5"}},{"type":"Feature","geometry":{"type":"Point","coordinates":[9.8980226,54.5208052]},"properties":{"maxheight":"default"}},{"type":"Feature","geometry":{"type":"Point","coordinates":[9.8335209,54.3968702]},"properties":{"maxweight":"7.5"}},{"type":"Feature","geometry":{"type":"Point","coordinates":[9.0659342,54.1625486]},"properties":{"maxweight":"5.5"}},{"type":"Feature","geometry":{"type":"Point","coordinates":[9.0792849,54.163569]},"properties":{"maxweight":"5.5"}},{"type":"Feature","geometry":{"type":"Point","coordinates":[9.0743002,54.1624564]},"properties":{"maxweight":"5.5"}},{"type":"Feature","geometry":{"type":"Point","coordinates":[9.2514463,54.1378275]},"properties":{"hgv":"designated"}},{"type":"Feature","geometry":{"type":"Point","coordinates":[9.2492407,54.1385529]},"properties":{"hgv":"designated"}},{"type":"Feature","geometry":{"type":"Point","coordinates":[9.24907,54.1387337]},"properties":{"hgv":"designated"}},{"type":"Feature","geometry":{"type":"Point","coordinates":[9.2516141,54.1366797]},"properties":{"hgv":"designated"}},{"type":"Feature","geometry":{"type":"Point","coordinates":[9.2495007,54.1383589]},"properties":{"hgv":"designated"}},{"type":"Feature","geometry":{"type":"Point","coordinates":[9.2477892,54.1389956]},"properties":{"hgv":"no"}},{"type":"Feature","geometry":{"type":"Point","coordinates":[9.8193215,54.5843521]},"properties":{"maxwidth":"2.55"}},{"type":"Feature","geometry":{"type":"Point","coordinates":[9.8208357,54.5827018]},"properties":{"maxwidth":"2.55"}},{"type":"Feature","geometry":{"type":"Point","coordinates":[9.195694,54.1612938]},"properties":{"maxweight":"3.5"}},{"type":"Feature","geometry":{"type":"Point","coordinates":[9.1956832,54.1613376]},"properties":{"maxweight":"3.5"}},{"type":"Feature","geometry":{"type":"Point","coordinates":[9.2262893,54.1545161]},"properties":{"maxweight":"20"}},{"type":"Feature","geometry":{"type":"Point","coordinates":[9.4582956,54.8078157]},"properties":{"maxheight":"3.5"}},{"type":"Feature","geometry":{"type":"Point","coordinates":[9.072968,54.0898578]},"properties":{"hgv":"no"}},{"type":"Feature","geometry":{"type":"Point","coordinates":[9.298376,54.0895818]},"properties":{"maxweight":"9"}},{"type":"Feature","geometry":{"type":"Point","coordinates":[9.0973223,54.1915781]},"properties":{"hgv":"destination"}},{"type":"Feature","geometry":{"type":"Point","coordinates":[9.9316809,54.1889565]},"properties":{"hgv":"no"}},{"type":"Feature","geometry":{"type":"Point","coordinates":[9.9302513,54.1889215]},"properties":{"hgv":"no"}},{"type":"Feature","geometry":{"type":"Point","coordinates":[9.7561423,54.5055429]},"properties":{"maxweight":"7.5"}},{"type":"Feature","geometry":{"type":"Point","coordinates":[9.7596286,54.50655]},"properties":{"maxweight":"7.5"}},{"type":"Feature","geometry":{"type":"Point","coordinates":[9.7596601,54.5074563]},"properties":{"maxweight":"7.5"}},{"type":"Feature","geometry":{"type":"Point","coordinates":[9.7584387,54.5081152]},"properties":{"maxweight":"7.5"}},{"type":"Feature","geometry":{"type":"Point","coordinates":[9.4171131,54.7645201]},"properties":{"maxheight":"4"}},{"type":"Feature","geometry":{"type":"Point","coordinates":[9.9162211,54.0742131]},"properties":{"hgv":"no"}},{"type":"Feature","geometry":{"type":"Point","coordinates":[9.9159321,54.0744047]},"properties":{"hgv":"no"}},{"type":"Feature","geometry":{"type":"Point","coordinates":[9.3489473,54.079]},"properties":{"maxweight":"5.5"}},{"type":"Feature","geometry":{"type":"Point","coordinates":[9.6996188,54.319673]},"properties":{"maxweight":"7.5"}},{"type":"Feature","geometry":{"type":"Point","coordinates":[9.9847593,54.0437499]},"properties":{"maxheight":"2.0"}},{"type":"Feature","geometry":{"type":"Point","coordinates":[9.9847392,54.0434685]},"properties":{"maxheight":"2.0"}},{"type":"Feature","geometry":{"type":"Point","coordinates":[9.6131759,54.0777486]},"properties":{"maxheight":"default"}},{"type":"Feature","geometry":{"type":"Point","coordinates":[9.9323306,54.0292846]},"properties":{"maxheight":"default"}},{"type":"Feature","geometry":{"type":"Point","coordinates":[9.6587943,54.2977624]},"properties":{"maxheight":"2.65"}},{"type":"Feature","geometry":{"type":"Point","coordinates":[9.6586108,54.2977213]},"properties":{"maxheight":"2.65"}},{"type":"Feature","geometry":{"type":"Point","coordinates":[9.0317573,54.0896135]},"properties":{"maxweight":"12"}},{"type":"Feature","geometry":{"type":"Point","coordinates":[9.4338155,54.7808605]},"properties":{"maxheight":"1.8"}},{"type":"Feature","geometry":{"type":"Point","coordinates":[9.2662241,54.0256448]},"properties":{"maxweight":"12"}},{"type":"Feature","geometry":{"type":"Point","coordinates":[9.666678,54.3049705]},"properties":{"maxheight":"2"}},{"type":"Feature","geometry":{"type":"Point","coordinates":[9.1575813,54.2565555]},"properties":{"hgv":"agricultural"}},{"type":"Feature","geometry":{"type":"Point","coordinates":[9.4850703,54.0011993]},"properties":{"maxweight":"5.5"}},{"type":"Feature","geometry":{"type":"Point","coordinates":[9.0186989,54.1741048]},"properties":{"maxweight":"5.5"}},{"type":"Feature","geometry":{"type":"Point","coordinates":[9.6609445,54.3043353]},"properties":{"maxheight":"3.1"}},{"type":"Feature","geometry":{"type":"Point","coordinates":[9.0897568,54.4981694]},"properties":{"maxheight":"default"}},{"type":"Feature","geometry":{"type":"Point","coordinates":[9.0647814,54.5172078]},"properties":{"maxheight":"default"}},{"type":"Feature","geometry":{"type":"Point","coordinates":[9.088468,54.4996367]},"properties":{"maxheight":"default"}},{"type":"Feature","geometry":{"type":"Point","coordinates":[9.0401856,54.0724321]},"properties":{"maxweight":"5.5"}},{"type":"Feature","geometry":{"type":"Point","coordinates":[9.2697664,54.1736085]},"properties":{"maxweight":"9"}},{"type":"Feature","geometry":{"type":"Point","coordinates":[9.4426643,54.7890881]},"properties":{"maxheight":"3.5"}},{"type":"Feature","geometry":{"type":"Point","coordinates":[9.4772053,54.0117375]},"properties":{"maxweight":"5.5"}},{"type":"Feature","geometry":{"type":"Point","coordinates":[9.0773136,54.4866072]},"properties":{"maxheight":"3"}},{"type":"Feature","geometry":{"type":"Point","coordinates":[9.6111937,54.0055244]},"properties":{"maxweight":"5.5"}},{"type":"Feature","geometry":{"type":"Point","coordinates":[9.9282481,54.1894017]},"properties":{"maxheight":"default"}},{"type":"Feature","geometry":{"type":"Point","coordinates":[9.9405724,54.1849827]},"properties":{"maxheight":"default"}},{"type":"Feature","geometry":{"type":"Point","coordinates":[9.58616,54.0207206]},"properties":{"maxweight":"5.5"}},{"type":"Feature","geometry":{"type":"Point","coordinates":[9.5883841,54.0204802]},"properties":{"maxweight":"5.5"}},{"type":"Feature","geometry":{"type":"Point","coordinates":[9.924235,54.1902726]},"properties":{"maxheight":"default"}},{"type":"Feature","geometry":{"type":"Point","coordinates":[9.5035863,54.0693009]},"properties":{"maxweight":"5.5"}},{"type":"Feature","geometry":{"type":"Point","coordinates":[9.4808081,54.0564953]},"properties":{"maxweight":"5.5"}},{"type":"Feature","geometry":{"type":"Point","coordinates":[9.5688677,54.0236426]},"properties":{"maxweight":"5.5"}},{"type":"Feature","geometry":{"type":"Point","coordinates":[9.4203887,54.0327531]},"properties":{"maxweight":"5.5"}},{"type":"Feature","geometry":{"type":"Point","coordinates":[9.3347741,54.7783366]},"properties":{"hgv":"designated"}},{"type":"Feature","geometry":{"type":"Point","coordinates":[9.3231049,54.7856009]},"properties":{"maxweight":"1"}},{"type":"Feature","geometry":{"type":"Point","coordinates":[9.4094665,54.7958337]},"properties":{"maxheight":"default"}},{"type":"Feature","geometry":{"type":"Point","coordinates":[9.4061397,54.8027596]},"properties":{"maxheight":"default"}},{"type":"Feature","geometry":{"type":"Point","coordinates":[9.4096453,54.795964]},"properties":{"maxheight":"default"}},{"type":"Feature","geometry":{"type":"Point","coordinates":[9.4095232,54.7971396]},"properties":{"maxheight":"default"}},{"type":"Feature","geometry":{"type":"Point","coordinates":[9.4082977,54.8003798]},"properties":{"maxheight":"default"}},{"type":"Feature","geometry":{"type":"Point","coordinates":[9.4096707,54.7971472]},"properties":{"maxheight":"default"}},{"type":"Feature","geometry":{"type":"Point","coordinates":[9.0981347,54.2073]},"properties":{"maxweight":"2.5"}},{"type":"Feature","geometry":{"type":"Point","coordinates":[9.0987457,54.2079904]},"properties":{"maxweight":"2.5"}},{"type":"Feature","geometry":{"type":"Point","coordinates":[9.1782886,54.6838778]},"properties":{"hgv":"no"}},{"type":"Feature","geometry":{"type":"Point","coordinates":[9.1228362,54.1951559]},"properties":{"maxheight":"6"}},{"type":"Feature","geometry":{"type":"Point","coordinates":[9.6629335,54.3069038]},"properties":{"maxheight":"default"}},{"type":"Feature","geometry":{"type":"Point","coordinates":[9.0951646,54.1969771]},"properties":{"maxweight":"5"}},{"type":"Feature","geometry":{"type":"Point","coordinates":[9.0880787,54.1960367]},"properties":{"maxweight":"1.5"}},{"type":"Feature","geometry":{"type":"Point","coordinates":[9.4386282,54.7917001]},"properties":{"maxheight":"none"}},{"type":"Feature","geometry":{"type":"Point","coordinates":[9.4495048,54.7925351]},"properties":{"maxheight":"none"}},{"type":"Feature","geometry":{"type":"Point","coordinates":[9.4237789,54.7821745]},"properties":{"maxheight":"below_default"}},{"type":"Feature","geometry":{"type":"Point","coordinates":[9.9466285,54.344602]},"properties":{"maxheight":"default"}},{"type":"Feature","geometry":{"type":"Point","coordinates":[9.1821875,54.1750203]},"properties":{"hgv":"no"}},{"type":"Feature","geometry":{"type":"Point","coordinates":[9.9269577,54.0488984]},"properties":{"maxheight":"4"}},{"type":"Feature","geometry":{"type":"Point","coordinates":[9.5435197,54.5119418]},"properties":{"maxweight":"11"}},{"type":"Feature","geometry":{"type":"Point","coordinates":[9.619632,54.3763442]},"properties":{"maxweight":"3.5"}},{"type":"Feature","geometry":{"type":"Point","coordinates":[9.6152465,54.3749022]},"properties":{"maxweight":"3.5"}},{"type":"Feature","geometry":{"type":"Point","coordinates":[9.616329,54.3752355]},"properties":{"maxweight":"3.5"}},{"type":"Feature","geometry":{"type":"Point","coordinates":[9.6192015,54.3761402]},"properties":{"maxweight":"3.5"}},{"type":"Feature","geometry":{"type":"Point","coordinates":[9.6749517,54.0709585]},"properties":{"maxweight":"7.5"}},{"type":"Feature","geometry":{"type":"Point","coordinates":[9.0938461,54.1540823]},"properties":{"maxweight":"9"}},{"type":"Feature","geometry":{"type":"Point","coordinates":[9.0335308,54.1782333]},"properties":{"maxweight":"5.5"}},{"type":"Feature","geometry":{"type":"Point","coordinates":[9.0945178,54.1528603]},"properties":{"maxweight":"12"}},{"type":"Feature","geometry":{"type":"Point","coordinates":[9.5490293,54.1745511]},"properties":{"maxweight":"2.8"}},{"type":"Feature","geometry":{"type":"Point","coordinates":[9.094746,54.2031708]},"properties":{"maxweight":"7.5"}},{"type":"Feature","geometry":{"type":"Point","coordinates":[9.8444771,54.4590261]},"properties":{"hgv":"no"}},{"type":"Feature","geometry":{"type":"Point","coordinates":[9.2989129,54.2190052]},"properties":{"hgv":"no"}},{"type":"Feature","geometry":{"type":"Point","coordinates":[9.6278582,54.3101453]},"properties":{"maxheight":"default"}},{"type":"Feature","geometry":{"type":"Point","coordinates":[9.9091588,54.0700431]},"properties":{"maxweight":"7.5"}},{"type":"Feature","geometry":{"type":"Point","coordinates":[9.9099196,54.0685842]},"properties":{"maxweight":"7.5"}},{"type":"Feature","geometry":{"type":"Point","coordinates":[9.9035564,54.4206507]},"properties":{"hgv":"destination"}},{"type":"Feature","geometry":{"type":"Point","coordinates":[9.6991552,54.3790189]},"properties":{"maxweight":"3.5"}},{"type":"Feature","geometry":{"type":"Point","coordinates":[9.6815408,54.3363247]},"properties":{"maxweightrating:hgv":"7.5"}},{"type":"Feature","geometry":{"type":"Point","coordinates":[9.3149895,54.1246774]},"properties":{"maxweight":"12"}},{"type":"Feature","geometry":{"type":"Point","coordinates":[9.9137718,54.0641547]},"properties":{"maxweight":"7.5"}},{"type":"Feature","geometry":{"type":"Point","coordinates":[9.6815606,54.0759162]},"properties":{"maxweight":"7.5"}},{"type":"Feature","geometry":{"type":"Point","coordinates":[9.7109965,54.05065]},"properties":{"maxweight":"7.5"}},{"type":"Feature","geometry":{"type":"Point","coordinates":[9.7130505,54.1056334]},"properties":{"hgv":"destination"}},{"type":"Feature","geometry":{"type":"Point","coordinates":[9.409347,54.7947053]},"properties":{"maxheight":"default"}},{"type":"Feature","geometry":{"type":"Point","coordinates":[9.4034405,54.8401997]},"properties":{"hgv":"no"}},{"type":"Feature","geometry":{"type":"Point","coordinates":[9.0327773,54.465942]},"properties":{"maxweight":"16"}},{"type":"Feature","geometry":{"type":"Point","coordinates":[9.0439039,54.4711452]},"properties":{"maxweight":"16"}},{"type":"Feature","geometry":{"type":"Point","coordinates":[9.011016,54.4599282]},"properties":{"maxweight":"16"}},{"type":"Feature","geometry":{"type":"Point","coordinates":[9.6738045,54.1455761]},"properties":{"maxweight":"3.5"}},{"type":"Feature","geometry":{"type":"Point","coordinates":[9.6873929,54.1414773]},"properties":{"maxweight":"3.5"}},{"type":"Feature","geometry":{"type":"Point","coordinates":[9.6828452,54.139754]},"properties":{"hgv":"no"}},{"type":"Feature","geometry":{"type":"Point","coordinates":[9.7051086,54.1314]},"properties":{"hgv":"agricultural"}},{"type":"Feature","geometry":{"type":"Point","coordinates":[9.9812274,54.0587515]},"properties":{"maxheight":"default"}},{"type":"Feature","geometry":{"type":"Point","coordinates":[9.9491019,54.6354954]},"properties":{"hgv":"agricultural"}},{"type":"Feature","geometry":{"type":"Point","coordinates":[9.9600748,54.1346824]},"properties":{"maxheight":"default"}},{"type":"Feature","geometry":{"type":"Point","coordinates":[9.547221,54.4691001]},"properties":{"maxweight":"6"}},{"type":"Feature","geometry":{"type":"Point","coordinates":[9.881604,54.5219796]},"properties":{"maxheight":"default"}},{"type":"Feature","geometry":{"type":"Point","coordinates":[9.881706,54.5221292]},"properties":{"maxheight":"default"}},{"type":"Feature","geometry":{"type":"Point","coordinates":[9.9061977,54.558823]},"properties":{"maxweight":"3.5"}},{"type":"Feature","geometry":{"type":"Point","coordinates":[9.3285258,54.8055578]},"properties":{"hgv":"no"}},{"type":"Feature","geometry":{"type":"Point","coordinates":[9.9327838,54.0056138]},"properties":{"maxheight":"default"}},{"type":"Feature","geometry":{"type":"Point","coordinates":[9.6628234,54.3102323]},"properties":{"hgv":"delivery"}},{"type":"Feature","geometry":{"type":"Point","coordinates":[9.2720653,54.0353583]},"properties":{"maxweight":"12"}},{"type":"Feature","geometry":{"type":"Point","coordinates":[9.6987925,54.3446354]},"properties":{"maxweight":"3.5"}},{"type":"Feature","geometry":{"type":"Point","coordinates":[9.6986616,54.3435091]},"properties":{"maxweight":"3.5"}},{"type":"Feature","geometry":{"type":"Point","coordinates":[9.9261403,54.0317419]},"properties":{"maxweight":"7.5"}},{"type":"Feature","geometry":{"type":"Point","coordinates":[9.6663998,54.2934764]},"properties":{"maxweight":"2.8"}},{"type":"Feature","geometry":{"type":"Point","coordinates":[9.6699022,54.2905155]},"properties":{"maxheight":"2.1"}},{"type":"Feature","geometry":{"type":"Point","coordinates":[9.4341416,54.7878639]},"properties":{"maxheight":"4"}},{"type":"Feature","geometry":{"type":"Point","coordinates":[9.0757135,54.0889576]},"properties":{"hgv":"destination"}},{"type":"Feature","geometry":{"type":"Point","coordinates":[9.5698316,54.7509132]},"properties":{"maxweight":"5.5"}},{"type":"Feature","geometry":{"type":"Point","coordinates":[9.8310805,54.4732554]},"properties":{"maxheight":"2.05"}},{"type":"Feature","geometry":{"type":"Point","coordinates":[9.0527073,54.4695217]},"properties":{"hgv":"no"}},{"type":"Feature","geometry":{"type":"Point","coordinates":[9.9802352,54.0751628]},"properties":{"maxheight":"default"}},{"type":"Feature","geometry":{"type":"Point","coordinates":[9.9537827,54.1209375]},"properties":{"maxheight":"4"}},{"type":"Feature","geometry":{"type":"Point","coordinates":[9.2589185,54.1650235]},"properties":{"maxweight":"9"}},{"type":"Feature","geometry":{"type":"Point","coordinates":[9.255091,54.1639877]},"properties":{"maxweight":"9"}},{"type":"Feature","geometry":{"type":"Point","coordinates":[9.4391402,54.7917694]},"properties":{"maxheight":"none"}},{"type":"Feature","geometry":{"type":"Point","coordinates":[9.4384714,54.7916963]},"properties":{"maxheight":"none"}},{"type":"Feature","geometry":{"type":"Point","coordinates":[9.6700595,54.2904523]},"properties":{"maxheight":"2.1"}},{"type":"Feature","geometry":{"type":"Point","coordinates":[9.4920059,54.5130002]},"properties":{"maxweight":"5"}},{"type":"Feature","geometry":{"type":"Point","coordinates":[9.9327053,54.0070043]},"properties":{"maxheight":"default"}},{"type":"Feature","geometry":{"type":"Point","coordinates":[9.665681,54.2806016]},"properties":{"maxheight":"4.0"}},{"type":"Feature","geometry":{"type":"Point","coordinates":[9.4728388,54.5388805]},"properties":{"hgv":"designated"}},{"type":"Feature","geometry":{"type":"Point","coordinates":[9.2327689,54.7767564]},"properties":{"maxweight":"15"}},{"type":"Feature","geometry":{"type":"Point","coordinates":[9.1080409,54.1907502]},"properties":{"hgv":"delivery"}},{"type":"Feature","geometry":{"type":"Point","coordinates":[9.0493892,54.1133404]},"properties":{"hgv":"no"}},{"type":"Feature","geometry":{"type":"Point","coordinates":[9.0527602,54.1814795]},"properties":{"maxheight":"default"}},{"type":"Feature","geometry":{"type":"Point","coordinates":[9.0351141,54.4908093]},"properties":{"maxweight":"1.5"}},{"type":"Feature","geometry":{"type":"Point","coordinates":[9.0355813,54.4909155]},"properties":{"maxweight":"1.5"}},{"type":"Feature","geometry":{"type":"Point","coordinates":[9.9550391,54.1206498]},"properties":{"maxheight":"4"}},{"type":"Feature","geometry":{"type":"Point","coordinates":[9.7539676,54.3054927]},"properties":{"maxheight":"default"}},{"type":"Feature","geometry":{"type":"Point","coordinates":[9.7553895,54.3054831]},"properties":{"maxheight":"default"}},{"type":"Feature","geometry":{"type":"Point","coordinates":[9.3287154,54.8041703]},"properties":{"hgv":"designated"}},{"type":"Feature","geometry":{"type":"Point","coordinates":[9.3779573,54.7483897]},"properties":{"hgv":"designated"}},{"type":"Feature","geometry":{"type":"Point","coordinates":[9.5045434,54.5045361]},"properties":{"hgv":"designated"}},{"type":"Feature","geometry":{"type":"Point","coordinates":[9.6117407,54.4156236]},"properties":{"maxheight":"default"}},{"type":"Feature","geometry":{"type":"Point","coordinates":[9.4403458,54.6343622]},"properties":{"hgv":"no","maxheight":"3.4"}},{"type":"Feature","geometry":{"type":"Point","coordinates":[9.4427367,54.6155947]},"properties":{"hgv":"designated"}},{"type":"Feature","geometry":{"type":"Point","coordinates":[9.4730392,54.5393258]},"properties":{"hgv":"no","maxheight":"3.4"}},{"type":"Feature","geometry":{"type":"Point","coordinates":[9.673662,54.3625641]},"properties":{"hgv":"yes"}},{"type":"Feature","geometry":{"type":"Point","coordinates":[9.6711097,54.3633638]},"properties":{"hgv":"yes"}},{"type":"Feature","geometry":{"type":"Point","coordinates":[9.7717071,54.282135]},"properties":{"hgv":"designated"}},{"type":"Feature","geometry":{"type":"Point","coordinates":[9.7717461,54.283126]},"properties":{"hgv":"no"}},{"type":"Feature","geometry":{"type":"Point","coordinates":[9.7719481,54.2831963]},"properties":{"hgv":"no"}},{"type":"Feature","geometry":{"type":"Point","coordinates":[9.772293,54.282763]},"properties":{"hgv":"no"}},{"type":"Feature","geometry":{"type":"Point","coordinates":[9.739078,54.3662926]},"properties":{"maxweight":"16"}},{"type":"Feature","geometry":{"type":"Point","coordinates":[9.0746596,54.0821661]},"properties":{"maxweight":"5.5"}},{"type":"Feature","geometry":{"type":"Point","coordinates":[9.0726891,54.0805734]},"properties":{"maxweight":"5.5"}},{"type":"Feature","geometry":{"type":"Point","coordinates":[9.0731851,54.078806]},"properties":{"maxweight":"5.5"}},{"type":"Feature","geometry":{"type":"Point","coordinates":[9.0712221,54.0785416]},"properties":{"maxweight":"5.5"}},{"type":"Feature","geometry":{"type":"Point","coordinates":[9.4789281,54.5319086]},"properties":{"maxheight":"default"}},{"type":"Feature","geometry":{"type":"Point","coordinates":[9.6826556,54.3567279]},"properties":{"maxheight":"default"}},{"type":"Feature","geometry":{"type":"Point","coordinates":[9.7674679,54.2867469]},"properties":{"maxheight":"default"}},{"type":"Feature","geometry":{"type":"Point","coordinates":[9.7678537,54.285923]},"properties":{"maxheight":"default"}},{"type":"Feature","geometry":{"type":"Point","coordinates":[9.7578773,54.1320675]},"properties":{"maxweight":"7.5"}},{"type":"Feature","geometry":{"type":"Point","coordinates":[9.934269,54.0016087]},"properties":{"maxheight":"default"}},{"type":"Feature","geometry":{"type":"Point","coordinates":[9.6689728,54.0823669]},"properties":{"maxweight":"7.5"}},{"type":"Feature","geometry":{"type":"Point","coordinates":[9.0986109,54.1938097]},"properties":{"maxheight":"none"}},{"type":"Feature","geometry":{"type":"Point","coordinates":[9.0517004,54.4825568]},"properties":{"maxheight":"4"}},{"type":"Feature","geometry":{"type":"Point","coordinates":[9.8295795,54.4624082]},"properties":{"hgv":"destination"}},{"type":"Feature","geometry":{"type":"Point","coordinates":[9.5574297,54.521098]},"properties":{"maxheight":"default"}},{"type":"Feature","geometry":{"type":"Point","coordinates":[9.7721154,54.6356571]},"properties":{"maxheight":"below_default"}},{"type":"Feature","geometry":{"type":"Point","coordinates":[9.4738629,54.5374754]},"properties":{"hgv":"designated"}},{"type":"Feature","geometry":{"type":"Point","coordinates":[9.4738692,54.5383181]},"properties":{"hgv":"no","maxheight":"3.4"}},{"type":"Feature","geometry":{"type":"Point","coordinates":[9.4742355,54.5377168]},"properties":{"hgv":"no","maxheight":"3.4"}},{"type":"Feature","geometry":{"type":"Point","coordinates":[9.4397771,54.6364456]},"properties":{"hgv":"designated"}},{"type":"Feature","geometry":{"type":"Point","coordinates":[9.0821782,54.1579284]},"properties":{"maxweight":"9"}},{"type":"Feature","geometry":{"type":"Point","coordinates":[9.624595,54.058224]},"properties":{"maxweight":"5"}},{"type":"Feature","geometry":{"type":"Point","coordinates":[9.0301736,54.4641797]},"properties":{"maxweight":"16"}},{"type":"Feature","geometry":{"type":"Point","coordinates":[9.3973428,54.7724231]},"properties":{"maxweight":"2.5"}},{"type":"Feature","geometry":{"type":"Point","coordinates":[9.4139344,54.8351836]},"properties":{"maxheight":"1.95"}},{"type":"Feature","geometry":{"type":"Point","coordinates":[9.4133936,54.8350745]},"properties":{"maxheight":"1.95"}},{"type":"Feature","geometry":{"type":"Point","coordinates":[9.2827389,54.0266419]},"properties":{"maxweight":"9"}},{"type":"Feature","geometry":{"type":"Point","coordinates":[9.8400589,54.1594917]},"properties":{"maxweight":"16"}},{"type":"Feature","geometry":{"type":"Point","coordinates":[9.7999382,54.1414916]},"properties":{"maxweight":"7.5"}},{"type":"Feature","geometry":{"type":"Point","coordinates":[9.7895524,54.1367642]},"properties":{"maxweight":"7.5"}},{"type":"Feature","geometry":{"type":"Point","coordinates":[9.8350997,54.4548165]},"properties":{"maxheight":"3.8"}},{"type":"Feature","geometry":{"type":"Point","coordinates":[9.8351843,54.4547889]},"properties":{"maxheight":"3.8"}},{"type":"Feature","geometry":{"type":"Point","coordinates":[9.84129,54.1600446]},"properties":{"maxweight":"16"}},{"type":"Feature","geometry":{"type":"Point","coordinates":[9.9225828,54.0623538]},"properties":{"maxheight":"default"}},{"type":"Feature","geometry":{"type":"Point","coordinates":[9.0061654,54.1706664]},"properties":{"maxweight":"5.5"}},{"type":"Feature","geometry":{"type":"Point","coordinates":[9.1528688,54.1838691]},"properties":{"hgv":"agricultural"}},{"type":"Feature","geometry":{"type":"Point","coordinates":[9.1412661,54.1860448]},"properties":{"hgv":"agricultural"}},{"type":"Feature","geometry":{"type":"Point","coordinates":[9.1388584,54.1971741]},"properties":{"hgv":"agricultural"}},{"type":"Feature","geometry":{"type":"Point","coordinates":[9.1133648,54.1873727]},"properties":{"maxweight":"5.5"}},{"type":"Feature","geometry":{"type":"Point","coordinates":[9.151608,54.1930352]},"properties":{"hgv":"agricultural"}},{"type":"Feature","geometry":{"type":"Point","coordinates":[9.117916,54.1700058]},"properties":{"maxweight":"5.5"}},{"type":"Feature","geometry":{"type":"Point","coordinates":[9.8588431,54.0416133]},"properties":{"maxwidth":"3","maxweight":"15"}},{"type":"Feature","geometry":{"type":"Point","coordinates":[9.8589793,54.0414147]},"properties":{"maxwidth":"3"}},{"type":"Feature","geometry":{"type":"Point","coordinates":[9.7997838,54.5945272]},"properties":{"maxlength":"8"}},{"type":"Feature","geometry":{"type":"Point","coordinates":[9.1604412,54.188631]},"properties":{"hgv":"agricultural"}},{"type":"Feature","geometry":{"type":"Point","coordinates":[9.1580892,54.1838236]},"properties":{"hgv":"agricultural"}},{"type":"Feature","geometry":{"type":"Point","coordinates":[9.1446995,54.1957371]},"properties":{"hgv":"agricultural"}},{"type":"Feature","geometry":{"type":"Point","coordinates":[9.0462339,54.4728334]},"properties":{"maxweight":"20"}},{"type":"Feature","geometry":{"type":"Point","coordinates":[9.9304089,54.0909841]},"properties":{"maxheight":"default"}},{"type":"Feature","geometry":{"type":"Point","coordinates":[9.9926503,54.0764283]},"properties":{"maxweight":"16"}},{"type":"Feature","geometry":{"type":"Point","coordinates":[9.8399383,54.4629866]},"properties":{"maxheight":"default"}},{"type":"Feature","geometry":{"type":"Point","coordinates":[9.3354143,54.7919445]},"properties":{"maxheight":"default"}},{"type":"Feature","geometry":{"type":"Point","coordinates":[9.5852772,54.0608693]},"properties":{"maxweight":"5"}},{"type":"Feature","geometry":{"type":"Point","coordinates":[9.4786161,54.0052856]},"properties":{"maxheight":"default"}},{"type":"Feature","geometry":{"type":"Point","coordinates":[9.4776447,54.0073921]},"properties":{"hgv":"designated"}},{"type":"Feature","geometry":{"type":"Point","coordinates":[9.4775155,54.0057431]},"properties":{"hgv":"designated"}},{"type":"Feature","geometry":{"type":"Point","coordinates":[9.8882336,54.5186487]},"properties":{"maxheight":"default"}},{"type":"Feature","geometry":{"type":"Point","coordinates":[9.8902432,54.5194066]},"properties":{"maxheight":"default","maxwidth":"3"}},{"type":"Feature","geometry":{"type":"Point","coordinates":[9.8896113,54.5187449]},"properties":{"maxheight":"default"}},{"type":"Feature","geometry":{"type":"Point","coordinates":[9.8842918,54.5218858]},"properties":{"maxheight":"default"}},{"type":"Feature","geometry":{"type":"Point","coordinates":[9.8820172,54.5222521]},"properties":{"maxheight":"default"}},{"type":"Feature","geometry":{"type":"Point","coordinates":[9.9093085,54.5169291]},"properties":{"maxheight":"default"}},{"type":"Feature","geometry":{"type":"Point","coordinates":[9.8964243,54.5221248]},"properties":{"maxheight":"default"}},{"type":"Feature","geometry":{"type":"Point","coordinates":[9.8956098,54.5236102]},"properties":{"maxheight":"default"}},{"type":"Feature","geometry":{"type":"Point","coordinates":[9.8898172,54.5235169]},"properties":{"maxheight":"default"}},{"type":"Feature","geometry":{"type":"Point","coordinates":[9.9015945,54.5258034]},"properties":{"maxheight":"default"}},{"type":"Feature","geometry":{"type":"Point","coordinates":[9.8816524,54.5221961]},"properties":{"maxheight":"default"}},{"type":"Feature","geometry":{"type":"Point","coordinates":[9.8623558,54.5081119]},"properties":{"maxheight":"default"}},{"type":"Feature","geometry":{"type":"Point","coordinates":[9.685897,54.2830525]},"properties":{"maxweight":"7.5"}},{"type":"Feature","geometry":{"type":"Point","coordinates":[9.8334014,54.451847]},"properties":{"maxheight":"2.6"}},{"type":"Feature","geometry":{"type":"Point","coordinates":[9.8332976,54.4519267]},"properties":{"maxheight":"2.6"}},{"type":"Feature","geometry":{"type":"Point","coordinates":[9.8332603,54.4518829]},"properties":{"maxheight":"2.6"}},{"type":"Feature","geometry":{"type":"Point","coordinates":[9.8334347,54.4518866]},"properties":{"maxheight":"2.6"}},{"type":"Feature","geometry":{"type":"Point","coordinates":[9.2905719,54.0753223]},"properties":{"maxweight":"9"}},{"type":"Feature","geometry":{"type":"Point","coordinates":[9.4301151,54.0309869]},"properties":{"maxweight":"5.5"}},{"type":"Feature","geometry":{"type":"Point","coordinates":[9.6712564,54.3658028]},"properties":{"hgv":"no","maxheight":"3.4"}},{"type":"Feature","geometry":{"type":"Point","coordinates":[9.816959,54.4827541]},"properties":{"maxheight":"4"}},{"type":"Feature","geometry":{"type":"Point","coordinates":[9.8169742,54.4827715]},"properties":{"maxheight":"4"}},{"type":"Feature","geometry":{"type":"Point","coordinates":[9.0381673,54.469058]},"properties":{"maxweight":"16"}},{"type":"Feature","geometry":{"type":"Point","coordinates":[9.0366364,54.4679187]},"properties":{"maxweight":"16"}},{"type":"Feature","geometry":{"type":"Point","coordinates":[9.7994472,54.593492]},"properties":{"maxlength":"8"}},{"type":"Feature","geometry":{"type":"Point","coordinates":[9.9722796,54.1039287]},"properties":{"maxheight":"4"}},{"type":"Feature","geometry":{"type":"Point","coordinates":[9.9749589,54.7486274]},"properties":{"maxheight":"2.35"}},{"type":"Feature","geometry":{"type":"Point","coordinates":[9.9226506,54.0646008]},"properties":{"maxheight":"default"}},{"type":"Feature","geometry":{"type":"Point","coordinates":[9.3613185,54.8162355]},"properties":{"maxheight":"4"}},{"type":"Feature","geometry":{"type":"Point","coordinates":[9.403623,54.8405313]},"properties":{"hgv":"no","maxheight":"4"}},{"type":"Feature","geometry":{"type":"Point","coordinates":[9.4039823,54.8399521]},"properties":{"hgv":"no"}},{"type":"Feature","geometry":{"type":"Point","coordinates":[9.4117732,54.7474348]},"properties":{"maxweightrating:hgv":"12"}},{"type":"Feature","geometry":{"type":"Point","coordinates":[9.4099531,54.7482802]},"properties":{"maxweightrating:hgv":"12"}},{"type":"Feature","geometry":{"type":"Point","coordinates":[9.4165304,54.745431]},"properties":{"maxweightrating:hgv":"12"}},{"type":"Feature","geometry":{"type":"Point","coordinates":[9.4256047,54.8033565]},"properties":{"maxheight":"below_default"}},{"type":"Feature","geometry":{"type":"Point","coordinates":[9.43568,54.7813301]},"properties":{"maxheight":"2.1","maxweight":"1.8"}},{"type":"Feature","geometry":{"type":"Point","coordinates":[9.4358363,54.7813313]},"properties":{"maxheight":"2.1","maxweight":"1.8"}},{"type":"Feature","geometry":{"type":"Point","coordinates":[9.4309853,54.7914405]},"properties":{"maxheight":"2.5"}},{"type":"Feature","geometry":{"type":"Point","coordinates":[9.440587,54.7795782]},"properties":{"maxheight":"3.8"}},{"type":"Feature","geometry":{"type":"Point","coordinates":[9.4239414,54.7897682]},"properties":{"maxheight":"2"}},{"type":"Feature","geometry":{"type":"Point","coordinates":[9.4338498,54.7848945]},"properties":{"maxheight":"2.15"}},{"type":"Feature","geometry":{"type":"Point","coordinates":[9.4336856,54.7848567]},"properties":{"maxheight":"2.15"}},{"type":"Feature","geometry":{"type":"Point","coordinates":[9.5671996,54.5181298]},"properties":{"maxheight":"2.5"}},{"type":"Feature","geometry":{"type":"Point","coordinates":[9.7973847,54.5802934]},"properties":{"maxheight":"3.6 m"}},{"type":"Feature","geometry":{"type":"Point","coordinates":[9.4529016,54.8022541]},"properties":{"maxheight":"below_default"}},{"type":"Feature","geometry":{"type":"Point","coordinates":[9.4227011,54.806351]},"properties":{"maxheight":"5"}},{"type":"Feature","geometry":{"type":"Point","coordinates":[9.4515398,54.7985063]},"properties":{"maxheight":"2.8"}},{"type":"Feature","geometry":{"type":"Point","coordinates":[9.4402116,54.6354124]},"properties":{"hgv":"no","maxheight":"3.4"}},{"type":"Feature","geometry":{"type":"Point","coordinates":[9.4402084,54.6354279]},"properties":{"hgv":"no","maxheight":"3.4"}},{"type":"Feature","geometry":{"type":"Point","coordinates":[9.4401291,54.6357977]},"properties":{"hgv":"no","maxheight":"3.4"}},{"type":"Feature","geometry":{"type":"Point","coordinates":[9.4401193,54.6358435]},"properties":{"hgv":"no","maxheight":"3.4"}},{"type":"Feature","geometry":{"type":"Point","coordinates":[9.4400398,54.6362079]},"properties":{"hgv":"no","maxheight":"3.4"}},{"type":"Feature","geometry":{"type":"Point","coordinates":[9.4400372,54.6362169]},"properties":{"hgv":"no","maxheight":"3.4"}},{"type":"Feature","geometry":{"type":"Point","coordinates":[9.4399639,54.6365637]},"properties":{"hgv":"no","maxheight":"3.4"}},{"type":"Feature","geometry":{"type":"Point","coordinates":[9.4397986,54.6366784]},"properties":{"hgv":"no","maxheight":"3.4"}},{"type":"Feature","geometry":{"type":"Point","coordinates":[9.5892164,54.4447128]},"properties":{"maxheight":"3.4"}},{"type":"Feature","geometry":{"type":"Point","coordinates":[9.5893089,54.4445612]},"properties":{"maxheight":"3.4"}},{"type":"Feature","geometry":{"type":"Point","coordinates":[9.5893316,54.4445255]},"properties":{"maxheight":"3.4"}},{"type":"Feature","geometry":{"type":"Point","coordinates":[9.589406,54.4444081]},"properties":{"maxheight":"3.4"}},{"type":"Feature","geometry":{"type":"Point","coordinates":[9.5894947,54.4442589]},"properties":{"maxheight":"3.4"}},{"type":"Feature","geometry":{"type":"Point","coordinates":[9.5897126,54.4438398]},"properties":{"maxheight":"3.4"}},{"type":"Feature","geometry":{"type":"Point","coordinates":[9.5887994,54.4445377]},"properties":{"hgv":"designated"}},{"type":"Feature","geometry":{"type":"Point","coordinates":[9.589439,54.443988]},"properties":{"hgv":"designated"}},{"type":"Feature","geometry":{"type":"Point","coordinates":[9.5885593,54.4449472]},"properties":{"hgv":"designated"}},{"type":"Feature","geometry":{"type":"Point","coordinates":[9.5889187,54.445203]},"properties":{"maxheight":"3.4"}},{"type":"Feature","geometry":{"type":"Point","coordinates":[9.6998239,54.3303609]},"properties":{"maxweight":"7.5"}},{"type":"Feature","geometry":{"type":"Point","coordinates":[9.6786399,54.0038881]},"properties":{"maxweight":"5.5"}},{"type":"Feature","geometry":{"type":"Point","coordinates":[9.9316225,54.0162992]},"properties":{"maxheight":"default"}},{"type":"Feature","geometry":{"type":"Point","coordinates":[9.9318802,54.0168314]},"properties":{"maxheight":"default"}},{"type":"Feature","geometry":{"type":"Point","coordinates":[9.9248426,54.0543841]},"properties":{"maxheight":"default"}},{"type":"Feature","geometry":{"type":"Point","coordinates":[9.9388181,54.1035677]},"properties":{"maxheight":"default"}},{"type":"Feature","geometry":{"type":"Point","coordinates":[9.068958,54.0901168]},"properties":{"maxheight":"2.6"}},{"type":"Feature","geometry":{"type":"Point","coordinates":[9.6676871,54.8162586]},"properties":{"maxweight":"3.5 t"}},{"type":"Feature","geometry":{"type":"Point","coordinates":[9.4121366,54.799012]},"properties":{"maxheight":"default"}},{"type":"Feature","geometry":{"type":"Point","coordinates":[9.4499041,54.7631706]},"properties":{"maxheight":"below_default"}},{"type":"Feature","geometry":{"type":"Point","coordinates":[9.4497114,54.7632914]},"properties":{"maxheight":"below_default"}},{"type":"Feature","geometry":{"type":"Point","coordinates":[9.4348321,54.7593135]},"properties":{"maxheight":"1.9"}},{"type":"Feature","geometry":{"type":"Point","coordinates":[9.4649674,54.1180117]},"properties":{"maxlength":"10"}},{"type":"Feature","geometry":{"type":"Point","coordinates":[9.5470889,54.5133397]},"properties":{"maxheight":"default"}},{"type":"Feature","geometry":{"type":"Point","coordinates":[9.9244553,54.078856]},"properties":{"maxheight:physical":"5.5","maxlength":"6"}},{"type":"Feature","geometry":{"type":"Point","coordinates":[9.9245152,54.0800937]},"properties":{"maxlength":"6"}},{"type":"Feature","geometry":{"type":"Point","coordinates":[9.9260733,54.1229272]},"properties":{"maxheight":"3.90"}},{"type":"Feature","geometry":{"type":"Point","coordinates":[9.9262043,54.1230052]},"properties":{"maxheight":"3.90"}},{"type":"Feature","geometry":{"type":"Point","coordinates":[9.8304781,54.4752365]},"properties":{"maxheight":"below_default"}},{"type":"Feature","geometry":{"type":"Point","coordinates":[9.0541239,54.4692114]},"properties":{"hgv":"no"}},{"type":"Feature","geometry":{"type":"Point","coordinates":[9.0693319,54.4660445]},"properties":{"hgv":"no"}},{"type":"Feature","geometry":{"type":"Point","coordinates":[9.1117457,54.1950898]},"properties":{"hgv":"destination"}},{"type":"Feature","geometry":{"type":"Point","coordinates":[9.8996052,54.7003138]},"properties":{"maxweight":"12"}},{"type":"Feature","geometry":{"type":"Point","coordinates":[9.0486018,54.4738726]},"properties":{"maxheight":"2.2"}},{"type":"Feature","geometry":{"type":"Point","coordinates":[9.9964034,54.0740316]},"properties":{"maxheight":"below_default"}},{"type":"Feature","geometry":{"type":"Point","coordinates":[9.9985242,54.0642317]},"properties":{"maxheight":"3.6"}},{"type":"Feature","geometry":{"type":"Point","coordinates":[9.9986367,54.0642963]},"properties":{"maxheight":"3.6"}},{"type":"Feature","geometry":{"type":"Point","coordinates":[9.9805745,54.0756632]},"properties":{"maxheight":"default"}},{"type":"Feature","geometry":{"type":"Point","coordinates":[9.9731541,54.1020259]},"properties":{"maxheight":"4"}},{"type":"Feature","geometry":{"type":"Point","coordinates":[9.440897,54.7921156]},"properties":{"maxheight":"none"}},{"type":"Feature","geometry":{"type":"Point","coordinates":[9.8845939,54.5115551]},"properties":{"maxheight":"default"}},{"type":"Feature","geometry":{"type":"Point","coordinates":[9.1109956,54.1931485]},"properties":{"hgv":"destination"}},{"type":"Feature","geometry":{"type":"Point","coordinates":[9.6991457,54.3445293]},"properties":{"maxweight":"3.5"}},{"type":"Feature","geometry":{"type":"Point","coordinates":[9.1079686,54.0253295]},"properties":{"maxweight":"9"}},{"type":"Feature","geometry":{"type":"Point","coordinates":[9.0466288,54.0719365]},"properties":{"maxweight":"12"}},{"type":"Feature","geometry":{"type":"Point","coordinates":[9.8261866,54.4638342]},"properties":{"hgv":"destination"}},{"type":"Feature","geometry":{"type":"Point","coordinates":[9.8326309,54.4635773]},"properties":{"hgv":"destination"}},{"type":"Feature","geometry":{"type":"Point","coordinates":[9.5357275,54.0397836]},"properties":{"maxweight":"5.5"}},{"type":"Feature","geometry":{"type":"Point","coordinates":[9.8237165,54.4345592]},"properties":{"hgv":"destination"}},{"type":"Feature","geometry":{"type":"Point","coordinates":[9.8271706,54.4340752]},"properties":{"hgv":"destination"}},{"type":"Feature","geometry":{"type":"Point","coordinates":[9.5188869,54.0360377]},"properties":{"maxweight":"5.5"}},{"type":"Feature","geometry":{"type":"Point","coordinates":[9.6716605,54.3058177]},"properties":{"maxheight":"4.3"}},{"type":"Feature","geometry":{"type":"Point","coordinates":[9.5774828,54.0217204]},"properties":{"maxweight":"5.5"}},{"type":"Feature","geometry":{"type":"Point","coordinates":[9.5839503,54.0209752]},"properties":{"maxweight":"5.5"}},{"type":"Feature","geometry":{"type":"Point","coordinates":[9.7456585,54.7776336]},"properties":{"hgv":"agricultural"}},{"type":"Feature","geometry":{"type":"Point","coordinates":[9.6991632,54.3445801]},"properties":{"maxweight":"3.5"}},{"type":"Feature","geometry":{"type":"Point","coordinates":[9.6743816,54.7797612]},"properties":{"hgv":"agricultural"}},{"type":"Feature","geometry":{"type":"Point","coordinates":[9.8428516,54.460629]},"properties":{"hgv":"no"}},{"type":"Feature","geometry":{"type":"Point","coordinates":[9.7096646,54.3085152]},"properties":{"maxweight":"38"}},{"type":"Feature","geometry":{"type":"Point","coordinates":[9.6543853,54.2951355]},"properties":{"maxheight":"default","maxwidth":"2.8"}},{"type":"Feature","geometry":{"type":"Point","coordinates":[9.4056768,54.838954]},"properties":{"hgv":"no"}},{"type":"Feature","geometry":{"type":"Point","coordinates":[9.4853428,54.819532]},"properties":{"hgv":"no"}},{"type":"Feature","geometry":{"type":"Point","coordinates":[9.00615,54.45285]},"properties":{"maxweight":"16"}},{"type":"Feature","geometry":{"type":"Point","coordinates":[9.0060865,54.4527528]},"properties":{"maxweight":"16"}},{"type":"Feature","geometry":{"type":"Point","coordinates":[9.7136063,54.3080766]},"properties":{"maxweight":"38"}},{"type":"Feature","geometry":{"type":"Point","coordinates":[9.7912706,54.4933188]},"properties":{"hgv":"agricultural"}},{"type":"Feature","geometry":{"type":"Point","coordinates":[9.5091717,54.5341292]},"properties":{"maxheight":"4"}},{"type":"Feature","geometry":{"type":"Point","coordinates":[9.4671117,54.7720629]},"properties":{"maxheight":"3.8"}},{"type":"Feature","geometry":{"type":"Point","coordinates":[9.3324888,54.7977078]},"properties":{"maxheight":"default"}},{"type":"Feature","geometry":{"type":"Point","coordinates":[9.7588165,54.7514035]},"properties":{"hgv":"no"}},{"type":"Feature","geometry":{"type":"Point","coordinates":[9.7585376,54.7510784]},"properties":{"hgv":"no"}},{"type":"Feature","geometry":{"type":"Point","coordinates":[9.6657539,54.3718938]},"properties":{"maxheight":"default"}},{"type":"Feature","geometry":{"type":"Point","coordinates":[9.1016691,54.0101249]},"properties":{"maxweight":"7.5"}},{"type":"Feature","geometry":{"type":"Point","coordinates":[9.4025551,54.8411173]},"properties":{"hgv":"no"}},{"type":"Feature","geometry":{"type":"Point","coordinates":[9.6138817,54.0517197]},"properties":{"maxweight":"5.5"}},{"type":"Feature","geometry":{"type":"Point","coordinates":[9.6149453,54.0299966]},"properties":{"maxweight":"5.5"}},{"type":"Feature","geometry":{"type":"Point","coordinates":[9.6988269,54.0143813]},"properties":{"maxweight":"5.5"}},{"type":"Feature","geometry":{"type":"Point","coordinates":[9.6187486,54.013884]},"properties":{"maxweight":"5.5"}},{"type":"Feature","geometry":{"type":"Point","coordinates":[9.6202616,54.0098119]},"properties":{"maxweight":"5.5"}},{"type":"Feature","geometry":{"type":"Point","coordinates":[9.6171743,54.0093585]},"properties":{"maxweight":"5.5"}},{"type":"Feature","geometry":{"type":"Point","coordinates":[9.6234609,54.0083112]},"properties":{"maxweight":"5.5"}},{"type":"Feature","geometry":{"type":"Point","coordinates":[9.6684392,54.070594]},"properties":{"maxweight":"7.5"}},{"type":"Feature","geometry":{"type":"Point","coordinates":[9.6694604,54.0710745]},"properties":{"maxweight":"7.5"}},{"type":"Feature","geometry":{"type":"Point","coordinates":[9.6032247,54.0346676]},"properties":{"maxweight":"5.5"}},{"type":"Feature","geometry":{"type":"Point","coordinates":[9.6095004,54.0468608]},"properties":{"maxweight":"5.5"}},{"type":"Feature","geometry":{"type":"Point","coordinates":[9.652173,54.0022071]},"properties":{"maxweight":"5.5"}},{"type":"Feature","geometry":{"type":"Point","coordinates":[9.6212542,54.0113161]},"properties":{"maxweight":"5.5"}},{"type":"Feature","geometry":{"type":"Point","coordinates":[9.909047,54.0700053]},"properties":{"maxweight":"7.5"}},{"type":"Feature","geometry":{"type":"Point","coordinates":[9.2746828,54.0267826]},"properties":{"maxweight":"12"}},{"type":"Feature","geometry":{"type":"Point","coordinates":[9.8176249,54.4191351]},"properties":{"hgv":"destination"}},{"type":"Feature","geometry":{"type":"Point","coordinates":[9.616179,54.0491091]},"properties":{"maxweight":"5.5"}},{"type":"Feature","geometry":{"type":"Point","coordinates":[9.5642405,54.4666319]},"properties":{"maxheight":"default"}},{"type":"Feature","geometry":{"type":"Point","coordinates":[9.6720661,54.3648191]},"properties":{"hgv":"designated"}},{"type":"Feature","geometry":{"type":"Point","coordinates":[9.4426162,54.6176362]},"properties":{"hgv":"designated"}},{"type":"Feature","geometry":{"type":"Point","coordinates":[9.4400762,54.6366062]},"properties":{"hgv":"no"}},{"type":"Feature","geometry":{"type":"Point","coordinates":[9.4397476,54.6343669]},"properties":{"hgv":"designated"}},{"type":"Feature","geometry":{"type":"Point","coordinates":[9.3865202,54.3221672]},"properties":{"maxweight":"16"}},{"type":"Feature","geometry":{"type":"Point","coordinates":[9.3862724,54.3216233]},"properties":{"maxweight":"16"}},{"type":"Feature","geometry":{"type":"Point","coordinates":[9.6511627,54.0778356]},"properties":{"maxheight":"default"}},{"type":"Feature","geometry":{"type":"Point","coordinates":[9.5201612,54.4395549]},"properties":{"hgv":"no"}},{"type":"Feature","geometry":{"type":"Point","coordinates":[9.9324784,54.3940562]},"properties":{"maxweight":"7.5"}},{"type":"Feature","geometry":{"type":"Point","coordinates":[9.5417523,54.5082735]},"properties":{"maxheight":"default"}},{"type":"Feature","geometry":{"type":"Point","coordinates":[9.5416858,54.5081321]},"properties":{"maxheight":"default"}},{"type":"Feature","geometry":{"type":"Point","coordinates":[9.6668304,54.082184]},"properties":{"maxweight":"7.5"}},{"type":"Feature","geometry":{"type":"Point","coordinates":[9.0981227,54.0232536]},"properties":{"maxweight":"9"}},{"type":"Feature","geometry":{"type":"Point","coordinates":[9.3105192,54.0621036]},"properties":{"maxweight":"38"}},{"type":"Feature","geometry":{"type":"Point","coordinates":[9.541583,54.5071256]},"properties":{"maxheight":"default"}},{"type":"Feature","geometry":{"type":"Point","coordinates":[9.6292976,54.0045964]},"properties":{"maxweight":"5.5"}},{"type":"Feature","geometry":{"type":"Point","coordinates":[9.312343,54.7277153]},"properties":{"maxheight":"4"}},{"type":"Feature","geometry":{"type":"Point","coordinates":[9.3158269,54.7272758]},"properties":{"maxheight":"4"}},{"type":"Feature","geometry":{"type":"Point","coordinates":[9.3163668,54.727802]},"properties":{"maxheight":"4"}},{"type":"Feature","geometry":{"type":"Point","coordinates":[9.3124861,54.727353]},"properties":{"maxheight":"4"}},{"type":"Feature","geometry":{"type":"Point","coordinates":[9.3170753,54.7276814]},"properties":{"maxheight":"4"}},{"type":"Feature","geometry":{"type":"Point","coordinates":[9.3171237,54.7274549]},"properties":{"maxheight":"4"}},{"type":"Feature","geometry":{"type":"Point","coordinates":[9.3193661,54.7282247]},"properties":{"maxheight":"4"}},{"type":"Feature","geometry":{"type":"Point","coordinates":[9.3182481,54.7277678]},"properties":{"maxheight":"4"}},{"type":"Feature","geometry":{"type":"Point","coordinates":[9.6003598,54.0097769]},"properties":{"maxweight":"5.5"}},{"type":"Feature","geometry":{"type":"Point","coordinates":[9.6034583,54.0074621]},"properties":{"maxweight":"5.5"}},{"type":"Feature","geometry":{"type":"Point","coordinates":[9.6042966,54.0074703]},"properties":{"maxweight":"5.5"}},{"type":"Feature","geometry":{"type":"Point","coordinates":[9.0128253,54.461825]},"properties":{"maxweight":"16"}},{"type":"Feature","geometry":{"type":"Point","coordinates":[9.0240886,54.4623922]},"properties":{"maxweight":"16"}},{"type":"Feature","geometry":{"type":"Point","coordinates":[9.8364201,54.4728902]},"properties":{"maxheight":"2.3"}},{"type":"Feature","geometry":{"type":"Point","coordinates":[9.2504696,54.0080762]},"properties":{"maxheight":"1.8"}},{"type":"Feature","geometry":{"type":"Point","coordinates":[9.6496033,54.0890372]},"properties":{"maxheight":"2.8"}},{"type":"Feature","geometry":{"type":"Point","coordinates":[9.3979914,54.6662151]},"properties":{"hgv":"no"}},{"type":"Feature","geometry":{"type":"Point","coordinates":[9.3182943,54.7275452]},"properties":{"maxheight":"4"}},{"type":"Feature","geometry":{"type":"Point","coordinates":[9.608238,54.0243826]},"properties":{"maxweight":"8.5"}},{"type":"Feature","geometry":{"type":"Point","coordinates":[9.5202348,54.4788341]},"properties":{"maxheight":"3.9"}},{"type":"Feature","geometry":{"type":"Point","coordinates":[9.4146379,54.8254483]},"properties":{"maxheight":"default"}},{"type":"Feature","geometry":{"type":"Point","coordinates":[9.414056,54.8288771]},"properties":{"maxheight":"default"}},{"type":"Feature","geometry":{"type":"Point","coordinates":[9.5900854,54.0663213]},"properties":{"maxweight":"5.5"}},{"type":"Feature","geometry":{"type":"Point","coordinates":[9.5198776,54.4797817]},"properties":{"maxheight":"3.9"}},{"type":"Feature","geometry":{"type":"Point","coordinates":[9.7866266,54.1346986]},"properties":{"maxweight":"7.5"}},{"type":"Feature","geometry":{"type":"Point","coordinates":[9.4054645,54.7678513]},"properties":{"maxweight":"7.5"}},{"type":"Feature","geometry":{"type":"Point","coordinates":[9.4033564,54.6676181]},"properties":{"hgv":"yes"}},{"type":"Feature","geometry":{"type":"Point","coordinates":[9.4037268,54.6674448]},"properties":{"hgv":"yes"}},{"type":"Feature","geometry":{"type":"Point","coordinates":[9.5644247,54.5183028]},"properties":{"maxweight":"3.5"}},{"type":"Feature","geometry":{"type":"Point","coordinates":[9.4624355,54.1236261]},"properties":{"maxlength":"10"}},{"type":"Feature","geometry":{"type":"Point","coordinates":[9.7141332,54.0016452]},"properties":{"maxweight":"5.5"}},{"type":"Feature","geometry":{"type":"Point","coordinates":[9.5809157,54.0909558]},"properties":{"hgv":"agricultural","maxweight":"7.5"}},{"type":"Feature","geometry":{"type":"Point","coordinates":[9.5882952,54.0881621]},"properties":{"hgv":"agricultural","maxweight":"7.5"}},{"type":"Feature","geometry":{"type":"Point","coordinates":[9.5441281,54.476229]},"properties":{"maxheight":"default"}},{"type":"Feature","geometry":{"type":"Point","coordinates":[9.4436441,54.7804511]},"properties":{"maxheight":"3"}},{"type":"Feature","geometry":{"type":"Point","coordinates":[9.4436799,54.7798768]},"properties":{"maxheight":"3"}},{"type":"Feature","geometry":{"type":"Point","coordinates":[9.7711529,54.0232213]},"properties":{"maxweight":"12"}},{"type":"Feature","geometry":{"type":"Point","coordinates":[9.7624469,54.0198032]},"properties":{"maxweight":"5.5"}},{"type":"Feature","geometry":{"type":"Point","coordinates":[9.0256307,54.2158334]},"properties":{"maxweight":"12"}},{"type":"Feature","geometry":{"type":"Point","coordinates":[9.6648659,54.0534155]},"properties":{"maxweight":"7.5"}},{"type":"Feature","geometry":{"type":"Point","coordinates":[9.6044424,54.0074717]},"properties":{"maxweight":"5.5"}},{"type":"Feature","geometry":{"type":"Point","coordinates":[9.5121868,54.078862]},"properties":{"maxweight":"5.5"}},{"type":"Feature","geometry":{"type":"Point","coordinates":[9.5080908,54.0749983]},"properties":{"maxweight":"5.5"}},{"type":"Feature","geometry":{"type":"Point","coordinates":[9.4987637,54.0654674]},"properties":{"maxweight":"5.5"}},{"type":"Feature","geometry":{"type":"Point","coordinates":[9.4914913,54.0632206]},"properties":{"maxweight":"5.5"}},{"type":"Feature","geometry":{"type":"Point","coordinates":[9.4945851,54.0641668]},"properties":{"maxweight":"5.5"}},{"type":"Feature","geometry":{"type":"Point","coordinates":[9.715031,54.1050875]},"properties":{"hgv":"destination"}},{"type":"Feature","geometry":{"type":"Point","coordinates":[9.0387974,54.3082842]},"properties":{"hgv":"no"}},{"type":"Feature","geometry":{"type":"Point","coordinates":[9.1182979,54.1807744]},"properties":{"maxweight":"5.5"}},{"type":"Feature","geometry":{"type":"Point","coordinates":[9.1192478,54.1813813]},"properties":{"maxweight":"5.5"}},{"type":"Feature","geometry":{"type":"Point","coordinates":[9.5295433,54.1083038]},"properties":{"maxweight":"10"}},{"type":"Feature","geometry":{"type":"Point","coordinates":[9.2701697,54.3417935]},"properties":{"maxweight":"12"}},{"type":"Feature","geometry":{"type":"Point","coordinates":[9.5496293,54.1746542]},"properties":{"maxweight":"2.8"}},{"type":"Feature","geometry":{"type":"Point","coordinates":[9.075032,54.1933188]},"properties":{"maxweight":"9"}},{"type":"Feature","geometry":{"type":"Point","coordinates":[9.0750508,54.1932663]},"properties":{"maxweight":"9"}},{"type":"Feature","geometry":{"type":"Point","coordinates":[9.2766626,54.219823]},"properties":{"maxweight":"3.5"}},{"type":"Feature","geometry":{"type":"Point","coordinates":[9.276733,54.2199446]},"properties":{"maxweight":"3.5"}},{"type":"Feature","geometry":{"type":"Point","coordinates":[9.7268093,54.3887618]},"properties":{"maxweight":"7.5"}},{"type":"Feature","geometry":{"type":"Point","coordinates":[9.925083,54.0544069]},"properties":{"maxheight":"default"}},{"type":"Feature","geometry":{"type":"Point","coordinates":[9.9250253,54.0792479]},"properties":{"maxheight":"default"}},{"type":"Feature","geometry":{"type":"Point","coordinates":[9.9408533,54.1058738]},"properties":{"maxheight":"default"}},{"type":"Feature","geometry":{"type":"Point","coordinates":[9.9377603,54.1018202]},"properties":{"maxheight":"default"}},{"type":"Feature","geometry":{"type":"Point","coordinates":[9.9357416,54.0994396]},"properties":{"maxheight":"default"}},{"type":"Feature","geometry":{"type":"Point","coordinates":[9.9371084,54.1012991]},"properties":{"maxheight":"default"}},{"type":"Feature","geometry":{"type":"Point","coordinates":[9.9448564,54.1109819]},"properties":{"maxheight":"default"}},{"type":"Feature","geometry":{"type":"Point","coordinates":[9.9445718,54.1109175]},"properties":{"maxheight":"default"}},{"type":"Feature","geometry":{"type":"Point","coordinates":[9.9546078,54.1246694]},"properties":{"maxheight":"default"}},{"type":"Feature","geometry":{"type":"Point","coordinates":[9.9554744,54.126052]},"properties":{"maxheight":"default"}},{"type":"Feature","geometry":{"type":"Point","coordinates":[9.8005815,54.1367663]},"properties":{"maxweight":"7.5"}},{"type":"Feature","geometry":{"type":"Point","coordinates":[9.7947691,54.1383622]},"properties":{"maxweight":"7.5"}},{"type":"Feature","geometry":{"type":"Point","coordinates":[9.8071926,54.1442278]},"properties":{"maxweight":"7.5"}},{"type":"Feature","geometry":{"type":"Point","coordinates":[9.3305286,54.8015593]},"properties":{"maxheight":"default"}},{"type":"Feature","geometry":{"type":"Point","coordinates":[9.3433904,54.7767717]},"properties":{"maxheight":"default"}},{"type":"Feature","geometry":{"type":"Point","coordinates":[9.3987995,54.7367212]},"properties":{"maxheight":"default"}},{"type":"Feature","geometry":{"type":"Point","coordinates":[9.3945258,54.7275402]},"properties":{"maxheight":"default"}},{"type":"Feature","geometry":{"type":"Point","coordinates":[9.432254,54.6604837]},"properties":{"maxheight":"default"}},{"type":"Feature","geometry":{"type":"Point","coordinates":[9.4861225,54.5260757]},"properties":{"maxheight":"default"}},{"type":"Feature","geometry":{"type":"Point","coordinates":[9.490949,54.5214967]},"properties":{"maxheight":"default"}},{"type":"Feature","geometry":{"type":"Point","coordinates":[9.5589093,54.469418]},"properties":{"maxheight":"default"}},{"type":"Feature","geometry":{"type":"Point","coordinates":[9.5281721,54.4874629]},"properties":{"maxheight":"default"}},{"type":"Feature","geometry":{"type":"Point","coordinates":[9.6323759,54.4048951]},"properties":{"maxheight":"default"}},{"type":"Feature","geometry":{"type":"Point","coordinates":[9.7247365,54.2952488]},"properties":{"maxheight":"default"}},{"type":"Feature","geometry":{"type":"Point","coordinates":[9.8548986,54.2190664]},"properties":{"maxheight":"default"}},{"type":"Feature","geometry":{"type":"Point","coordinates":[9.865117,54.21139]},"properties":{"maxheight":"default"}},{"type":"Feature","geometry":{"type":"Point","coordinates":[9.9404985,54.1848735]},"properties":{"maxheight":"default"}},{"type":"Feature","geometry":{"type":"Point","coordinates":[9.953133,54.1770988]},"properties":{"maxheight":"default"}},{"type":"Feature","geometry":{"type":"Point","coordinates":[9.931421,54.0383673]},"properties":{"maxheight":"default"}},{"type":"Feature","geometry":{"type":"Point","coordinates":[9.9656952,54.5486807]},"properties":{"hgv":"destination"}},{"type":"Feature","geometry":{"type":"Point","coordinates":[9.9873704,54.5527601]},"properties":{"hgv":"destination"}},{"type":"Feature","geometry":{"type":"Point","coordinates":[9.9903885,54.5531172]},"properties":{"hgv":"destination"}},{"type":"Feature","geometry":{"type":"Point","coordinates":[9.9516179,54.3196206]},"properties":{"maxheight":"default"}},{"type":"Feature","geometry":{"type":"Point","coordinates":[9.7241971,54.3270742]},"properties":{"maxheight":"default"}},{"type":"Feature","geometry":{"type":"Point","coordinates":[9.9284458,54.092485]},"properties":{"hgv":"no"}},{"type":"Feature","geometry":{"type":"Point","coordinates":[9.9299771,54.0925524]},"properties":{"hgv":"no"}},{"type":"Feature","geometry":{"type":"Point","coordinates":[9.9300653,54.0924698]},"properties":{"hgv":"no"}},{"type":"Feature","geometry":{"type":"Point","coordinates":[9.9284439,54.0921034]},"properties":{"hgv":"no"}},{"type":"Feature","geometry":{"type":"Point","coordinates":[9.92821,54.0919833]},"properties":{"hgv":"no"}},{"type":"Feature","geometry":{"type":"Point","coordinates":[9.9291108,54.0913774]},"properties":{"hgv":"designated"}},{"type":"Feature","geometry":{"type":"Point","coordinates":[9.9289446,54.0917976]},"properties":{"hgv":"designated"}},{"type":"Feature","geometry":{"type":"Point","coordinates":[9.9286512,54.0902757]},"properties":{"hgv":"designated"}},{"type":"Feature","geometry":{"type":"Point","coordinates":[9.9306824,54.0924811]},"properties":{"hgv":"designated"}},{"type":"Feature","geometry":{"type":"Point","coordinates":[9.9303066,54.0927631]},"properties":{"hgv":"no"}},{"type":"Feature","geometry":{"type":"Point","coordinates":[9.9293618,54.0901028]},"properties":{"hgv":"designated"}},{"type":"Feature","geometry":{"type":"Point","coordinates":[9.9324171,54.0121634]},"properties":{"maxheight":"default"}},{"type":"Feature","geometry":{"type":"Point","coordinates":[9.9348781,54.0152961]},"properties":{"hgv":"designated"}},{"type":"Feature","geometry":{"type":"Point","coordinates":[9.9350813,54.0151039]},"properties":{"hgv":"designated"}},{"type":"Feature","geometry":{"type":"Point","coordinates":[9.9322421,54.0144739]},"properties":{"hgv":"designated"}},{"type":"Feature","geometry":{"type":"Point","coordinates":[9.9329836,54.014149]},"properties":{"hgv":"no"}},{"type":"Feature","geometry":{"type":"Point","coordinates":[9.9332516,54.0140316]},"properties":{"hgv":"no"}},{"type":"Feature","geometry":{"type":"Point","coordinates":[9.9334905,54.0139434]},"properties":{"hgv":"no"}},{"type":"Feature","geometry":{"type":"Point","coordinates":[9.9328995,54.0132356]},"properties":{"hgv":"no"}},{"type":"Feature","geometry":{"type":"Point","coordinates":[9.9328085,54.0140248]},"properties":{"hgv":"no"}},{"type":"Feature","geometry":{"type":"Point","coordinates":[9.932823,54.0136642]},"properties":{"hgv":"no"}},{"type":"Feature","geometry":{"type":"Point","coordinates":[9.9328434,54.0129963]},"properties":{"hgv":"no"}},{"type":"Feature","geometry":{"type":"Point","coordinates":[9.9321142,54.0135853]},"properties":{"hgv":"designated"}},{"type":"Feature","geometry":{"type":"Point","coordinates":[9.9321138,54.0129153]},"properties":{"hgv":"designated"}},{"type":"Feature","geometry":{"type":"Point","coordinates":[9.2839035,54.1454322]},"properties":{"hgv":"no","goods":"no"}},{"type":"Feature","geometry":{"type":"Point","coordinates":[9.9329819,54.0132446]},"properties":{"hgv":"no"}},{"type":"Feature","geometry":{"type":"Point","coordinates":[9.9329619,54.013747]},"properties":{"hgv":"no"}},{"type":"Feature","geometry":{"type":"Point","coordinates":[9.2800149,54.0261783]},"properties":{"maxweight":"9"}},{"type":"Feature","geometry":{"type":"Point","coordinates":[9.2756903,54.0320315]},"properties":{"maxweight":"9"}},{"type":"Feature","geometry":{"type":"Point","coordinates":[9.2830089,54.0144383]},"properties":{"maxheight":"none"}},{"type":"Feature","geometry":{"type":"Point","coordinates":[9.2897824,54.0202302]},"properties":{"maxheight":"none"}},{"type":"Feature","geometry":{"type":"Point","coordinates":[9.4078401,54.7398734]},"properties":{"maxheight":"default"}},{"type":"Feature","geometry":{"type":"Point","coordinates":[9.8854284,54.1133167]},"properties":{"maxweight":"7.5"}},{"type":"Feature","geometry":{"type":"Point","coordinates":[9.8669484,54.3157387]},"properties":{"maxheight":"default"}},{"type":"Feature","geometry":{"type":"Point","coordinates":[9.5528483,54.513195]},"properties":{"hgv":"no"}},{"type":"Feature","geometry":{"type":"Point","coordinates":[9.5534705,54.5131701]},"properties":{"hgv":"no"}},{"type":"Feature","geometry":{"type":"Point","coordinates":[9.5536503,54.5132603]},"properties":{"hgv":"no"}},{"type":"Feature","geometry":{"type":"Point","coordinates":[9.5536852,54.5134752]},"properties":{"hgv":"no"}},{"type":"Feature","geometry":{"type":"Point","coordinates":[9.0469011,54.0718263]},"properties":{"maxweight":"12"}},{"type":"Feature","geometry":{"type":"Point","coordinates":[9.9329229,54.0029171]},"properties":{"maxheight":"default"}},{"type":"Feature","geometry":{"type":"Point","coordinates":[9.9349573,54.0018183]},"properties":{"maxheight":"default"}},{"type":"Feature","geometry":{"type":"Point","coordinates":[9.9317033,54.0181171]},"properties":{"maxheight":"default"}},{"type":"Feature","geometry":{"type":"Point","coordinates":[9.4370947,54.7856005]},"properties":{"maxheight":"3.4"}},{"type":"Feature","geometry":{"type":"Point","coordinates":[9.4194137,54.7453329]},"properties":{"maxheight":"default"}},{"type":"Feature","geometry":{"type":"Point","coordinates":[9.4256841,54.7494167]},"properties":{"maxheight":"default"}},{"type":"Feature","geometry":{"type":"Point","coordinates":[9.4358134,54.7789996]},"properties":{"maxheight":"3.9"}},{"type":"Feature","geometry":{"type":"Point","coordinates":[9.8333377,54.4637032]},"properties":{"hgv":"destination"}},{"type":"Feature","geometry":{"type":"Point","coordinates":[9.390516,54.7590484]},"properties":{"hgv":"destination"}},{"type":"Feature","geometry":{"type":"Point","coordinates":[9.5031932,54.1148411]},"properties":{"maxlength":"10"}},{"type":"Feature","geometry":{"type":"Point","coordinates":[9.4398597,54.7817546]},"properties":{"maxheight":"3.9"}},{"type":"Feature","geometry":{"type":"Point","coordinates":[9.4380538,54.7795736]},"properties":{"maxheight":"4"}},{"type":"Feature","geometry":{"type":"Point","coordinates":[9.4213966,54.7735539]},"properties":{"maxweight":"7.5"}},{"type":"Feature","geometry":{"type":"Point","coordinates":[9.4184238,54.7705028]},"properties":{"maxweight":"7.5"}},{"type":"Feature","geometry":{"type":"Point","coordinates":[9.4429076,54.7922055]},"properties":{"maxheight":"none"}},{"type":"Feature","geometry":{"type":"Point","coordinates":[9.4482033,54.7927106]},"properties":{"maxheight":"none"}},{"type":"Feature","geometry":{"type":"Point","coordinates":[9.6419549,54.1941445]},"properties":{"maxweight":"7.5"}},{"type":"Feature","geometry":{"type":"Point","coordinates":[9.6835878,54.2945639]},"properties":{"maxheight":"default"}},{"type":"Feature","geometry":{"type":"Point","coordinates":[9.6830602,54.2945644]},"properties":{"maxheight":"default"}},{"type":"Feature","geometry":{"type":"Point","coordinates":[9.7598957,54.5042956]},"properties":{"maxweight":"7.5"}},{"type":"Feature","geometry":{"type":"Point","coordinates":[9.7785464,54.4970047]},"properties":{"hgv":"agricultural"}},{"type":"Feature","geometry":{"type":"Point","coordinates":[9.4515157,54.7743396]},"properties":{"hgv":"no"}},{"type":"Feature","geometry":{"type":"Point","coordinates":[9.451264,54.7745031]},"properties":{"hgv":"no"}},{"type":"Feature","geometry":{"type":"Point","coordinates":[9.458707,54.4020466]},"properties":{"maxweight":"7.5"}},{"type":"Feature","geometry":{"type":"Point","coordinates":[9.6552679,54.1640942]},"properties":{"maxweight":"3.5"}},{"type":"Feature","geometry":{"type":"Point","coordinates":[9.4054019,54.8389324]},"properties":{"hgv":"no"}},{"type":"Feature","geometry":{"type":"Point","coordinates":[9.4030409,54.8411978]},"properties":{"hgv":"no"}},{"type":"Feature","geometry":{"type":"Point","coordinates":[9.8900886,54.5190229]},"properties":{"maxheight":"default"}},{"type":"Feature","geometry":{"type":"Point","coordinates":[9.8877706,54.5239678]},"properties":{"maxheight":"4"}},{"type":"Feature","geometry":{"type":"Point","coordinates":[9.6430834,54.0140454]},"properties":{"maxweight":"5.5"}},{"type":"Feature","geometry":{"type":"Point","coordinates":[9.7117233,54.0036701]},"properties":{"maxweight":"5.5"}},{"type":"Feature","geometry":{"type":"Point","coordinates":[9.7096808,54.0053285]},"properties":{"maxweight":"5.5"}},{"type":"Feature","geometry":{"type":"Point","coordinates":[9.8196753,54.5838284]},"properties":{"maxwidth":"2.55"}},{"type":"Feature","geometry":{"type":"Point","coordinates":[9.5400749,54.4824349]},"properties":{"maxheight":"2.1"}},{"type":"Feature","geometry":{"type":"Point","coordinates":[9.4539057,54.6460264]},"properties":{"maxweight":"12"}},{"type":"Feature","geometry":{"type":"Point","coordinates":[9.4429301,54.6647512]},"properties":{"maxweight":"12"}},{"type":"Feature","geometry":{"type":"Point","coordinates":[9.4430669,54.6647628]},"properties":{"maxweight":"12"}},{"type":"Feature","geometry":{"type":"Point","coordinates":[9.7709164,54.6380464]},"properties":{"hgv":"no"}},{"type":"Feature","geometry":{"type":"Point","coordinates":[9.0453014,54.1998852]},"properties":{"maxheight":"default"}},{"type":"Feature","geometry":{"type":"Point","coordinates":[9.8946223,54.7463267]},"properties":{"maxheight":"default"}},{"type":"Feature","geometry":{"type":"Point","coordinates":[9.7971223,54.5794716]},"properties":{"maxweight":"7.5"}},{"type":"Feature","geometry":{"type":"Point","coordinates":[9.4309966,54.7947785]},"properties":{"maxheight":"2.5"}},{"type":"Feature","geometry":{"type":"Point","coordinates":[9.1359424,54.2156633]},"properties":{"maxweight":"7.5"}},{"type":"Feature","geometry":{"type":"Point","coordinates":[9.0594615,54.1565497]},"properties":{"maxweight":"9"}},{"type":"Feature","geometry":{"type":"Point","coordinates":[9.2943472,54.2195197]},"properties":{"hgv":"destination"}},{"type":"Feature","geometry":{"type":"Point","coordinates":[9.133696,54.2801113]},"properties":{"hgv":"agricultural"}},{"type":"Feature","geometry":{"type":"Point","coordinates":[9.1510334,54.2562885]},"properties":{"hgv":"agricultural"}},{"type":"Feature","geometry":{"type":"Point","coordinates":[9.0685165,54.00827]},"properties":{"maxweight":"2.8"}},{"type":"Feature","geometry":{"type":"Point","coordinates":[9.2998482,54.018645]},"properties":{"maxweight":"30"}},{"type":"Feature","geometry":{"type":"Point","coordinates":[9.2962334,54.019155]},"properties":{"maxweight":"38"}},{"type":"Feature","geometry":{"type":"Point","coordinates":[9.4254581,54.7906673]},"properties":{"maxweight":"6"}},{"type":"Feature","geometry":{"type":"Point","coordinates":[9.9563303,54.1482243]},"properties":{"maxweight":"5"}},{"type":"Feature","geometry":{"type":"Point","coordinates":[9.836603,54.4729298]},"properties":{"maxheight":"2.3"}},{"type":"Feature","geometry":{"type":"Point","coordinates":[9.7907331,54.2511362]},"properties":{"maxweight":"7.5"}},{"type":"Feature","geometry":{"type":"Point","coordinates":[9.8135227,54.2504867]},"properties":{"maxweight":"7.5"}},{"type":"Feature","geometry":{"type":"Point","coordinates":[9.4166056,54.7436612]},"properties":{"maxheight":"default"}},{"type":"Feature","geometry":{"type":"Point","coordinates":[9.5936747,54.3885368]},"properties":{"maxheight":"3.8"}},{"type":"Feature","geometry":{"type":"Point","coordinates":[9.4375517,54.0316639]},"properties":{"maxweight":"5.5"}},{"type":"Feature","geometry":{"type":"Point","coordinates":[9.348639,54.0131364]},"properties":{"hgv":"agricultural"}},{"type":"Feature","geometry":{"type":"Point","coordinates":[9.3714775,54.0144625]},"properties":{"hgv":"agricultural"}},{"type":"Feature","geometry":{"type":"Point","coordinates":[9.4708143,54.8145702]},"properties":{"hgv":"no"}},{"type":"Feature","geometry":{"type":"Point","coordinates":[9.3013524,54.0619901]},"properties":{"maxweight":"9"}},{"type":"Feature","geometry":{"type":"Point","coordinates":[9.0943284,54.3682501]},"properties":{"maxheight":"3.9"}},{"type":"Feature","geometry":{"type":"Point","coordinates":[9.0946443,54.3684388]},"properties":{"maxheight":"3.9"}},{"type":"Feature","geometry":{"type":"Point","coordinates":[9.0487089,54.4714836]},"properties":{"maxweight":"16"}},{"type":"Feature","geometry":{"type":"Point","coordinates":[9.0710387,54.0841378]},"properties":{"maxweight":"7.5"}},{"type":"Feature","geometry":{"type":"Point","coordinates":[9.0675296,54.4631927]},"properties":{"maxheight":"default"}},{"type":"Feature","geometry":{"type":"Point","coordinates":[9.6668248,54.8171666]},"properties":{"maxweight":"2.8 t"}},{"type":"Feature","geometry":{"type":"Point","coordinates":[9.038684,54.0751153]},"properties":{"maxweight":"5.5"}},{"type":"Feature","geometry":{"type":"Point","coordinates":[9.0311539,54.1078807]},"properties":{"maxweight":"12"}},{"type":"Feature","geometry":{"type":"Point","coordinates":[9.0392777,54.0750509]},"properties":{"maxweight":"5.5"}},{"type":"Feature","geometry":{"type":"Point","coordinates":[9.2688897,54.1228525]},"properties":{"hgv":"agricultural"}},{"type":"Feature","geometry":{"type":"Point","coordinates":[9.098575,54.023314]},"properties":{"maxweight":"9"}},{"type":"Feature","geometry":{"type":"Point","coordinates":[9.1086796,54.0257233]},"properties":{"maxweight":"9"}},{"type":"Feature","geometry":{"type":"Point","coordinates":[9.4172168,54.7453157]},"properties":{"maxheight":"default"}},{"type":"Feature","geometry":{"type":"Point","coordinates":[9.4172193,54.7452693]},"properties":{"maxheight":"default"}},{"type":"Feature","geometry":{"type":"Point","coordinates":[9.04648,54.4816256]},"properties":{"maxweight":"3.5"}},{"type":"Feature","geometry":{"type":"Point","coordinates":[9.0464994,54.4814799]},"properties":{"maxweight":"3.5"}},{"type":"Feature","geometry":{"type":"Point","coordinates":[9.0465863,54.4808271]},"properties":{"maxweight":"3.5"}},{"type":"Feature","geometry":{"type":"Point","coordinates":[9.0466289,54.4805706]},"properties":{"maxweight":"3.5"}},{"type":"Feature","geometry":{"type":"Point","coordinates":[9.4293225,54.0444129]},"properties":{"maxweight":"5.5"}},{"type":"Feature","geometry":{"type":"Point","coordinates":[9.9772233,54.0716298]},"properties":{"maxheight":"3.6"}},{"type":"Feature","geometry":{"type":"Point","coordinates":[9.5279574,54.8385146]},"properties":{"maxweight":"7.5"}},{"type":"Feature","geometry":{"type":"Point","coordinates":[9.7738887,54.1083415]},"properties":{"maxweight":"10"}},{"type":"Feature","geometry":{"type":"Point","coordinates":[9.6859458,54.0121981]},"properties":{"maxweight":"5.5"}},{"type":"Feature","geometry":{"type":"Point","coordinates":[9.7692748,54.3045927]},"properties":{"hgv":"no"}},{"type":"Feature","geometry":{"type":"Point","coordinates":[9.7708089,54.3041012]},"properties":{"hgv":"no"}},{"type":"Feature","geometry":{"type":"Point","coordinates":[9.0705995,54.0083198]},"properties":{"maxweight":"2.8"}},{"type":"Feature","geometry":{"type":"Point","coordinates":[9.3307659,54.8010957]},"properties":{"maxheight":"default"}},{"type":"Feature","geometry":{"type":"Point","coordinates":[9.4000543,54.7646468]},"properties":{"maxweight":"7.5"}},{"type":"Feature","geometry":{"type":"Point","coordinates":[9.4130184,54.7687055]},"properties":{"maxweight":"7.5"}},{"type":"Feature","geometry":{"type":"Point","coordinates":[9.4020009,54.7651259]},"properties":{"maxweight":"7.5"}},{"type":"Feature","geometry":{"type":"Point","coordinates":[9.4166646,54.7699604]},"properties":{"maxweight":"7.5"}},{"type":"Feature","geometry":{"type":"Point","coordinates":[9.5294985,54.5292442]},"properties":{"maxheight":"2.2"}},{"type":"Feature","geometry":{"type":"Point","coordinates":[9.5292711,54.529296]},"properties":{"maxheight":"3.9"}},{"type":"Feature","geometry":{"type":"Point","coordinates":[9.3941437,54.7410473]},"properties":{"maxheight":"4"}},{"type":"Feature","geometry":{"type":"Point","coordinates":[9.2972017,54.16719]},"properties":{"maxweight":"9"}},{"type":"Feature","geometry":{"type":"Point","coordinates":[9.0618746,54.0590787]},"properties":{"maxweight":"7.5"}},{"type":"Feature","geometry":{"type":"Point","coordinates":[9.2988006,54.0281377]},"properties":{"maxweight":"9"}},{"type":"Feature","geometry":{"type":"Point","coordinates":[9.2636135,54.0255728]},"properties":{"maxweight":"12"}},{"type":"Feature","geometry":{"type":"Point","coordinates":[9.3292862,54.80394]},"properties":{"hgv":"no"}},{"type":"Feature","geometry":{"type":"Point","coordinates":[9.3315853,54.7994789]},"properties":{"maxheight":"default"}},{"type":"Feature","geometry":{"type":"Point","coordinates":[9.4575801,54.1665336]},"properties":{"hgv":"agricultural"}},{"type":"Feature","geometry":{"type":"Point","coordinates":[9.4551742,54.167475]},"properties":{"hgv":"agricultural"}},{"type":"Feature","geometry":{"type":"Point","coordinates":[9.1187672,54.1175777]},"properties":{"maxweight":"5.5"}},{"type":"Feature","geometry":{"type":"Point","coordinates":[9.118828,54.1179272]},"properties":{"maxweight":"5.5"}},{"type":"Feature","geometry":{"type":"Point","coordinates":[9.1106863,54.1589705]},"properties":{"maxweight":"9"}},{"type":"Feature","geometry":{"type":"Point","coordinates":[9.1433654,54.1854487]},"properties":{"hgv":"agricultural"}},{"type":"Feature","geometry":{"type":"Point","coordinates":[9.0740652,54.0341618]},"properties":{"maxweight":"12.5"}},{"type":"Feature","geometry":{"type":"Point","coordinates":[9.6805388,54.1440032]},"properties":{"maxweight":"3.5"}},{"type":"Feature","geometry":{"type":"Point","coordinates":[9.7224727,54.1197752]},"properties":{"hgv":"no"}},{"type":"Feature","geometry":{"type":"Point","coordinates":[9.723021,54.1150549]},"properties":{"hgv":"no"}},{"type":"Feature","geometry":{"type":"Point","coordinates":[9.0885388,54.157372]},"properties":{"maxweight":"9"}},{"type":"Feature","geometry":{"type":"Point","coordinates":[9.0859593,54.1571072]},"properties":{"maxweight":"9"}},{"type":"Feature","geometry":{"type":"Point","coordinates":[9.2764631,54.0295705]},"properties":{"maxweight":"9"}},{"type":"Feature","geometry":{"type":"Point","coordinates":[9.3472628,54.029629]},"properties":{"maxweight":"5.5"}},{"type":"Feature","geometry":{"type":"Point","coordinates":[9.5555446,54.7678438]},"properties":{"hgv":"destination","maxweight":"3.5"}},{"type":"Feature","geometry":{"type":"Point","coordinates":[9.5557028,54.768249]},"properties":{"hgv":"destination","maxweight":"3.5"}},{"type":"Feature","geometry":{"type":"Point","coordinates":[9.9449877,54.6259698]},"properties":{"hgv":"agricultural"}},{"type":"Feature","geometry":{"type":"Point","coordinates":[9.0925566,54.0388471]},"properties":{"maxweight":"12.5"}},{"type":"Feature","geometry":{"type":"Point","coordinates":[9.6551887,54.2926838]},"properties":{"maxwidth":"2.8"}},{"type":"Feature","geometry":{"type":"Point","coordinates":[9.6552137,54.2919523]},"properties":{"maxheight":"default"}},{"type":"Feature","geometry":{"type":"Point","coordinates":[9.4660064,54.7675281]},"properties":{"maxwidth":"1.4"}},{"type":"Feature","geometry":{"type":"Point","coordinates":[9.6752593,54.2833846]},"properties":{"maxheight":"default"}},{"type":"Feature","geometry":{"type":"Point","coordinates":[9.0215121,54.0584984]},"properties":{"maxweight":"5.5"}},{"type":"Feature","geometry":{"type":"Point","coordinates":[9.0216181,54.0585086]},"properties":{"maxweight":"5.5"}},{"type":"Feature","geometry":{"type":"Point","coordinates":[9.0213498,54.0584504]},"properties":{"maxweight":"5.5"}},{"type":"Feature","geometry":{"type":"Point","coordinates":[9.0215403,54.0586975]},"properties":{"maxweight":"5.5"}},{"type":"Feature","geometry":{"type":"Point","coordinates":[9.0464835,54.482076]},"properties":{"maxweight":"3.5"}},{"type":"Feature","geometry":{"type":"Point","coordinates":[9.5626095,54.5152589]},"properties":{"maxheight":"2.1","maxweight":"2.5 t"}},{"type":"Feature","geometry":{"type":"Point","coordinates":[9.4329662,54.794322]},"properties":{"hgv":"no"}},{"type":"Feature","geometry":{"type":"Point","coordinates":[9.1508725,54.2650932]},"properties":{"hgv":"agricultural"}},{"type":"Feature","geometry":{"type":"Point","coordinates":[9.2350584,54.277894]},"properties":{"hgv":"no"}},{"type":"Feature","geometry":{"type":"Point","coordinates":[9.0937986,54.1580668]},"properties":{"maxweight":"9"}},{"type":"Feature","geometry":{"type":"Point","coordinates":[9.0667904,54.4662108]},"properties":{"hgv":"no"}},{"type":"Feature","geometry":{"type":"Point","coordinates":[9.7736918,54.0012826]},"properties":{"maxweight":"5.5"}},{"type":"Feature","geometry":{"type":"Point","coordinates":[9.684075,54.0415301]},"properties":{"maxweight":"5.5"}},{"type":"Feature","geometry":{"type":"Point","coordinates":[9.6841024,54.0411871]},"properties":{"maxweight":"5.5"}},{"type":"Feature","geometry":{"type":"Point","coordinates":[9.6845467,54.0396164]},"properties":{"maxweight":"5.5"}},{"type":"Feature","geometry":{"type":"Point","coordinates":[9.2618291,54.6183238]},"properties":{"maxweight":"5.5"}},{"type":"Feature","geometry":{"type":"Point","coordinates":[9.2196607,54.6787562]},"properties":{"maxweight":"16"}},{"type":"Feature","geometry":{"type":"Point","coordinates":[9.2207508,54.6788868]},"properties":{"maxweight":"16"}},{"type":"Feature","geometry":{"type":"Point","coordinates":[9.1140087,54.8409421]},"properties":{"maxweight":"12"}},{"type":"Feature","geometry":{"type":"Point","coordinates":[9.1058743,54.2173491]},"properties":{"hgv":"agricultural;forestry"}},{"type":"Feature","geometry":{"type":"Point","coordinates":[9.3289119,54.8037641]},"properties":{"hgv":"designated"}},{"type":"Feature","geometry":{"type":"Point","coordinates":[9.3280596,54.8054488]},"properties":{"hgv":"designated"}},{"type":"Feature","geometry":{"type":"Point","coordinates":[9.328218,54.8051353]},"properties":{"hgv":"designated"}},{"type":"Feature","geometry":{"type":"Point","coordinates":[9.5182251,54.4820335]},"properties":{"maxheight":"3.9"}},{"type":"Feature","geometry":{"type":"Point","coordinates":[9.5764388,54.0219405]},"properties":{"maxweight":"5.5"}},{"type":"Feature","geometry":{"type":"Point","coordinates":[9.5500898,54.4874862]},"properties":{"hgv":"no"}},{"type":"Feature","geometry":{"type":"Point","coordinates":[9.5498011,54.4868034]},"properties":{"hgv":"no"}},{"type":"Feature","geometry":{"type":"Point","coordinates":[9.5497828,54.4854939]},"properties":{"hgv":"no"}},{"type":"Feature","geometry":{"type":"Point","coordinates":[9.3808894,54.7958063]},"properties":{"hgv":"no"}},{"type":"Feature","geometry":{"type":"Point","coordinates":[9.0559141,54.4340335]},"properties":{"maxweight":"6"}},{"type":"Feature","geometry":{"type":"Point","coordinates":[9.1260734,54.4348582]},"properties":{"maxweight":"7.5"}},{"type":"Feature","geometry":{"type":"Point","coordinates":[9.3822377,54.0062433]},"properties":{"maxweight":"5.5"}},{"type":"Feature","geometry":{"type":"Point","coordinates":[9.3973116,54.7725083]},"properties":{"maxweight":"2.5"}},{"type":"Feature","geometry":{"type":"Point","coordinates":[9.3722921,54.0201922]},"properties":{"hgv":"agricultural"}},{"type":"Feature","geometry":{"type":"Point","coordinates":[9.9292314,54.1891299]},"properties":{"maxheight":"default"}},{"type":"Feature","geometry":{"type":"Point","coordinates":[9.4285113,54.7624878]},"properties":{"maxheight":"default"}},{"type":"Feature","geometry":{"type":"Point","coordinates":[9.4253856,54.7655855]},"properties":{"maxheight":"default"}},{"type":"Feature","geometry":{"type":"Point","coordinates":[9.4233368,54.7673996]},"properties":{"maxheight":"default"}},{"type":"Feature","geometry":{"type":"Point","coordinates":[9.4196519,54.7702851]},"properties":{"maxheight":"default"}},{"type":"Feature","geometry":{"type":"Point","coordinates":[9.4857101,54.5266158]},"properties":{"maxheight":"default"}},{"type":"Feature","geometry":{"type":"Point","coordinates":[9.4383876,54.6394948]},"properties":{"maxheight":"default"}},{"type":"Feature","geometry":{"type":"Point","coordinates":[9.4923619,54.5197096]},"properties":{"maxheight":"default"}},{"type":"Feature","geometry":{"type":"Point","coordinates":[9.4990768,54.5106089]},"properties":{"maxheight":"default"}},{"type":"Feature","geometry":{"type":"Point","coordinates":[9.4130355,54.7419451]},"properties":{"maxheight":"default"}},{"type":"Feature","geometry":{"type":"Point","coordinates":[9.393851,54.7351528]},"properties":{"maxheight":"default"}},{"type":"Feature","geometry":{"type":"Point","coordinates":[9.416463,54.7437204]},"properties":{"maxheight":"default"}},{"type":"Feature","geometry":{"type":"Point","coordinates":[9.4180553,54.7445756]},"properties":{"maxheight":"default"}},{"type":"Feature","geometry":{"type":"Point","coordinates":[9.3124138,54.0624998]},"properties":{"hgv":"yes","maxweight":"38"}},{"type":"Feature","geometry":{"type":"Point","coordinates":[9.3947514,54.7575169]},"properties":{"hgv":"destination"}},{"type":"Feature","geometry":{"type":"Point","coordinates":[9.08867,54.1574696]},"properties":{"maxweight":"9"}},{"type":"Feature","geometry":{"type":"Point","coordinates":[9.4829467,54.5286041]},"properties":{"maxheight":"default"}},{"type":"Feature","geometry":{"type":"Point","coordinates":[9.5337581,54.4826669]},"properties":{"maxheight":"default"}},{"type":"Feature","geometry":{"type":"Point","coordinates":[9.6775793,54.3599783]},"properties":{"maxheight":"default"}},{"type":"Feature","geometry":{"type":"Point","coordinates":[9.9515011,54.1782595]},"properties":{"maxheight":"default"}},{"type":"Feature","geometry":{"type":"Point","coordinates":[9.7765332,54.1345351]},"properties":{"maxweight":"7.5"}},{"type":"Feature","geometry":{"type":"Point","coordinates":[9.329121,54.4839359]},"properties":{"maxweight":"12"}},{"type":"Feature","geometry":{"type":"Point","coordinates":[9.2947929,54.0467471]},"properties":{"maxweight":"5.5"}},{"type":"Feature","geometry":{"type":"Point","coordinates":[9.2888593,54.0469614]},"properties":{"maxweight":"5.5"}},{"type":"Feature","geometry":{"type":"Point","coordinates":[9.6687677,54.0718654]},"properties":{"maxweight":"7.5"}},{"type":"Feature","geometry":{"type":"Point","coordinates":[9.6738554,54.0706944]},"properties":{"maxweight":"7.5"}},{"type":"Feature","geometry":{"type":"Point","coordinates":[9.666882,54.073572]},"properties":{"maxweight":"7.5"}},{"type":"Feature","geometry":{"type":"Point","coordinates":[9.6659276,54.0663983]},"properties":{"maxweight":"7.5"}},{"type":"Feature","geometry":{"type":"Point","coordinates":[9.673777,54.0706692]},"properties":{"maxweight":"7.5"}},{"type":"Feature","geometry":{"type":"Point","coordinates":[9.6595235,54.2978601]},"properties":{"maxheight":"3.1"}},{"type":"Feature","geometry":{"type":"Point","coordinates":[9.6596911,54.2977521]},"properties":{"maxheight":"2.65"}}]}